ufs_serial,run_id,wafer_no,date,die_x,die_y,health,split,position,pred
S00254,58,13,2025-11-30,35,27,0.0,test,1,0.0025039855932941
S00255,58,13,2025-11-30,37,22,0.0,test,1,0.0027978446002567
S00256,58,16,2025-11-30,36,25,0.0,test,1,0.0024334465328554
S00304,58,13,2025-11-30,40,20,0.0044337985699438,test,1,0.0027472107974104
S00807,58,14,2025-11-30,58,27,0.0,test,1,0.0029811625743315
S00953,58,23,2025-11-30,34,28,0.0,test,1,0.0028343500071335
S00955,58,23,2025-11-30,62,26,0.0,test,1,0.0029553773840864
S01007,58,8,2025-11-30,34,13,0.0,test,1,0.0024843794481044
S01078,58,7,2025-11-30,24,18,0.0,test,1,0.0020670787724693
S01315,58,21,2025-11-30,50,16,0.0042792443732672,test,1,0.0014443747412741
S01375,58,19,2025-11-30,43,15,0.0,test,1,0.001872820878007
S01442,58,7,2025-11-30,38,17,0.0101851119952455,test,1,0.0015175862171016
S01629,58,23,2025-11-30,38,21,0.0130685154832545,test,1,0.0028516059258434
S01633,58,3,2025-11-30,22,21,0.0058765278824694,test,1,0.0032650206383232
S01635,58,2,2025-11-30,38,27,0.0029003775743039,test,1,0.0028353985218081
S01642,58,17,2025-11-30,17,24,0.0059215836959856,test,1,0.0029650137735923
S01645,58,5,2025-11-30,20,18,0.0087629593060159,test,1,0.0030870028477111
S01646,58,17,2025-11-30,35,25,0.0014599912459277,test,1,0.0029773829170211
S01653,58,1,2025-11-30,49,14,0.0029470188858252,test,1,0.0029742618524677
S01663,58,14,2025-11-30,47,24,0.0,test,1,0.003173200628252
S01667,58,4,2025-11-30,47,15,0.0,test,1,0.0024819355091703
S02049,58,10,2025-11-30,53,27,0.0,test,1,0.0016408749834789
S02342,58,11,2025-11-30,36,18,0.0,test,1,0.0018196620064934
S02451,58,19,2025-11-30,60,21,0.0,test,1,0.0019907136703001
S02596,58,22,2025-11-30,23,20,0.0056916434763688,test,1,0.0031677786512396
S02597,58,23,2025-11-30,55,17,0.0,test,1,0.0029451518235696
S02620,58,23,2025-11-30,48,29,0.0,test,1,0.0028737651078665
S02656,58,10,2025-11-30,40,14,0.0,test,1,0.0015637273992831
S02659,58,11,2025-11-30,13,23,0.0,test,1,0.0017954241274488
S02699,58,22,2025-11-30,48,30,0.0,test,1,0.0029943751121903
S02703,58,9,2025-11-30,59,26,0.0,test,1,0.0018366156874974
S02713,58,2,2025-11-30,50,27,0.0,test,1,0.0028756208513222
S02790,58,8,2025-11-30,52,19,0.0,test,1,0.0027312050048733
S02871,58,19,2025-11-30,29,15,0.0,test,1,0.0018132392564429
S02872,58,21,2025-11-30,16,19,0.0,test,1,0.0017098461735469
S03134,58,4,2025-11-30,44,32,0.0,test,1,0.0029548709285852
S04357,58,3,2025-11-30,37,16,0.0,test,1,0.0031958834787544
S04360,58,17,2025-11-30,49,24,0.0,test,1,0.0030127705393292
S04706,58,9,2025-11-30,24,27,0.0,test,1,0.0016966864892794
S04988,58,23,2025-11-30,32,31,0.0,test,1,0.0028335249057504
S04992,58,1,2025-11-30,44,24,0.0,test,1,0.0030162443112708
S04994,58,23,2025-11-30,63,19,0.0,test,1,0.0029631318881753
S04997,58,5,2025-11-30,43,28,0.0,test,1,0.0032216660189193
S04999,58,1,2025-11-30,37,26,0.0,test,1,0.0029533164897678
S05012,58,4,2025-11-30,58,23,0.0,test,1,0.0032280320307161
S05155,58,21,2025-11-30,16,26,0.0,test,1,0.0018836300373554
S05299,58,21,2025-11-30,34,26,0.0,test,1,0.0013058905577844
S05449,58,22,2025-11-30,35,12,0.0193123571532024,test,1,0.0022302143145292
S05455,58,3,2025-11-30,50,24,0.0051647632210664,test,1,0.0031946622862202
S05474,58,8,2025-11-30,31,16,0.0,test,1,0.002444742928332
S05477,58,14,2025-11-30,48,25,0.0,test,1,0.0031304697786512
S05877,58,7,2025-11-30,63,25,0.0,test,1,0.002386909318685
S05882,58,9,2025-11-30,31,13,0.0,test,1,0.001604484417135
S06140,58,13,2025-11-30,51,12,0.0,test,1,0.0015576100698878
S06190,58,15,2025-11-30,58,18,0.0136161896586363,test,1,0.0025254225479887
S06262,58,22,2025-11-30,16,22,0.0090415419740396,test,1,0.0030558759060616
S06264,58,1,2025-11-30,43,17,0.0045115375537844,test,1,0.0029518757356734
S06266,58,5,2025-11-30,54,20,0.0106575255180188,test,1,0.0031780160889159
S06272,58,3,2025-11-30,33,13,0.0089623024281167,test,1,0.0031196480466998
S06418,58,5,2025-11-30,60,21,0.0,test,1,0.0032412865508772
S06421,58,7,2025-11-30,18,24,0.0,test,1,0.0018800085583783
S06695,58,11,2025-11-30,29,25,0.0,test,1,0.0017212631709546
S06740,58,19,2025-11-30,43,18,0.0022494693153375,test,1,0.0019178963341687
S06741,58,21,2025-11-30,30,25,0.0,test,1,0.0014450904376275
S06743,58,21,2025-11-30,32,21,0.0,test,1,0.0019218275771259
S06769,58,19,2025-11-30,21,27,0.0022622786653921,test,1,0.0018075268210504
S06774,58,15,2025-11-30,30,16,0.0044881520011559,test,1,0.0024655386525608
S06779,58,13,2025-11-30,21,17,0.0,test,1,0.0027505233835562
S06945,58,16,2025-11-30,49,20,0.0,test,1,0.0023894054785087
S07435,58,7,2025-11-30,55,21,0.0,test,1,0.0018667934453611
S07439,58,11,2025-11-30,47,24,0.0,test,1,0.0019414503443997
S07442,58,16,2025-11-30,36,30,0.0,test,1,0.0021876695794669
S07541,58,14,2025-11-30,47,12,0.0,test,1,0.0019478207057172
S08068,58,20,2025-11-30,28,28,0.0170206645250994,test,1,0.0025392530525828
S08072,58,4,2025-11-30,33,31,0.0262451693430306,test,1,0.0028600581979267
S08073,58,20,2025-11-30,46,25,0.0156682069158087,test,1,0.0030140940500821
S08120,58,3,2025-11-30,38,15,0.0,test,1,0.0031616529048066
S08125,58,17,2025-11-30,32,17,0.0,test,1,0.0030320261736788
S08132,58,15,2025-11-30,27,15,0.0,test,1,0.0024955402874265
S08143,58,23,2025-11-30,46,28,0.0,test,1,0.0028264137649684
S08293,58,19,2025-11-30,41,27,0.0062100935887343,test,1,0.0019603661329479
S08860,58,20,2025-11-30,25,18,0.0,test,1,0.0027075431102336
S08861,58,14,2025-11-30,25,16,0.0,test,1,0.0028407984789649
S08863,58,4,2025-11-30,38,19,0.0,test,1,0.0028755889925001
S08962,58,20,2025-11-30,56,27,0.0,test,1,0.003076665358212
S09171,58,7,2025-11-30,52,16,0.0,test,1,0.001573653930089
S09177,58,21,2025-11-30,44,13,0.0,test,1,0.0016229187666857
S09183,58,13,2025-11-30,14,23,0.0,test,1,0.0026345997641792
S09271,58,14,2025-11-30,36,12,0.0,test,1,0.0023800694089692
S09273,58,4,2025-11-30,32,18,0.0,test,1,0.0028540397319311
S09376,58,14,2025-11-30,53,18,0.0,test,1,0.0025949531083734
S09378,58,14,2025-11-30,58,21,0.0,test,1,0.0031748628616589
S09559,58,22,2025-11-30,24,28,0.0,test,1,0.003017290146335
S09792,58,11,2025-11-30,42,32,0.0222901117803333,test,1,0.0015384695906324
S09985,58,5,2025-11-30,46,19,0.0,test,1,0.0031153813018374
S09986,58,2,2025-11-30,25,27,0.0026772247360482,test,1,0.0026629000289266
S09995,58,22,2025-11-30,19,19,0.014336663782026,test,1,0.0030479887287542
S10010,58,10,2025-11-30,32,26,0.0,test,1,0.001609472650232
S10123,58,4,2025-11-30,39,11,0.0477738115650606,test,1,0.0028657054921961
S10124,58,20,2025-11-30,36,30,0.006411993136458,test,1,0.0024573662001316
S10237,58,5,2025-11-30,54,23,0.0,test,1,0.0032579323208334
S10444,58,15,2025-11-30,37,18,0.0,test,1,0.0024721484826956
S10448,58,11,2025-11-30,17,21,0.0,test,1,0.0016735923559687
S10449,58,10,2025-11-30,33,28,0.0,test,1,0.0015738345021298
S10670,58,5,2025-11-30,19,23,0.0,test,1,0.0031366435664749
S10821,58,10,2025-11-30,27,27,0.0238470280666976,test,1,0.0014440007130542
S10823,58,4,2025-11-30,25,15,0.0116478005109095,test,1,0.0027079996000588
S10865,58,23,2025-11-30,58,14,0.0,test,1,0.0018215291031542
S11041,58,9,2025-11-30,62,21,0.0255276871577903,test,1,0.0023764756673103
S11043,58,7,2025-11-30,61,20,0.022936520755936,test,1,0.0019646798448348
S11045,58,13,2025-11-30,48,15,0.0153504030639033,test,1,0.0025066197525732
S11401,58,2,2025-11-30,39,25,0.0201349706825976,test,1,0.0030122115106946
S11406,58,2,2025-11-30,36,16,0.0287845104494767,test,1,0.0029894252321286
S11409,58,22,2025-11-30,18,26,0.0148565944525731,test,1,0.0030233619919222
S11433,58,4,2025-11-30,41,27,0.025575162417719,test,1,0.0030316100017763
S11434,58,20,2025-11-30,47,27,0.0302370291054219,test,1,0.0027282228448128
S11436,58,8,2025-11-30,29,24,0.0163480696214428,test,1,0.0028594988996377
S11701,58,8,2025-11-30,30,25,0.0,test,1,0.0029085189858726
S11703,58,4,2025-11-30,16,23,0.0045929211717955,test,1,0.0027072709239788
S11876,58,11,2025-11-30,40,12,0.0,test,1,0.0019240940290002
S11887,58,19,2025-11-30,29,28,0.0,test,1,0.002043615555422
S11894,58,19,2025-11-30,39,15,0.0,test,1,0.0019065938011777
S11899,58,19,2025-11-30,16,21,0.0,test,1,0.0018641359732569
S11901,58,19,2025-11-30,21,22,0.0,test,1,0.0018253499611706
S11904,58,21,2025-11-30,13,23,0.0,test,1,0.0017004906926491
S11907,58,21,2025-11-30,18,23,0.0,test,1,0.0015936036815517
S11950,58,15,2025-11-30,58,26,0.0,test,1,0.0025597079590219
S11962,58,2,2025-11-30,57,19,0.0,test,1,0.0029977671351214
S11967,58,23,2025-11-30,47,19,0.0,test,1,0.0029370555654391
S12207,58,2,2025-11-30,27,18,0.0026540638684182,test,1,0.0028319523201623
S12214,58,16,2025-11-30,41,27,0.0026686856320542,test,1,0.0022689021851326
S12226,58,23,2025-11-30,50,16,0.0,test,1,0.0028662936866512
S12352,58,4,2025-11-30,59,25,0.0,test,1,0.0032284443816613
S12471,58,15,2025-11-30,47,15,0.0,test,1,0.0026127047513271
S12594,58,3,2025-11-30,60,18,0.0,test,1,0.0031265812992992
S12597,58,1,2025-11-30,38,18,0.0,test,1,0.0029682557284318
S12605,58,22,2025-11-30,32,28,0.0,test,1,0.0030623585310003
S12788,58,11,2025-11-30,57,20,0.0,test,1,0.0021007244995149
S12791,58,15,2025-11-30,37,25,0.0,test,1,0.0025322690263138
S12792,58,10,2025-11-30,34,15,0.0,test,1,0.0014844518733383
S12795,58,13,2025-11-30,45,17,0.0,test,1,0.0027098106594036
S12941,58,8,2025-11-30,28,20,0.0,test,1,0.0027786471503791
S13059,58,2,2025-11-30,60,15,0.0,test,1,0.0015062501250006
S13260,58,1,2025-11-30,31,17,0.0,test,1,0.0030847515631392
S13384,58,9,2025-11-30,62,19,0.0,test,1,0.002101238623356
S13644,58,13,2025-11-30,47,31,0.0,test,1,0.0023820184790348
S13747,58,11,2025-11-30,45,17,0.0092269908711403,test,1,0.0019070613215094
S13756,58,11,2025-11-30,40,16,0.0265855726462808,test,1,0.0018516520574227
S14044,58,10,2025-11-30,31,19,0.0,test,1,0.001374763164518
S14046,58,7,2025-11-30,34,24,0.0074410944547377,test,1,0.0018533164190389
S14136,58,20,2025-11-30,58,21,0.0,test,1,0.0030766036496053
S14137,58,14,2025-11-30,59,20,0.0,test,1,0.0031189701218752
S14776,58,16,2025-11-30,51,13,0.0,test,1,0.0025200397170842
S15197,58,22,2025-11-30,42,25,0.0020980821755887,test,1,0.0030832592539561
S15200,58,23,2025-11-30,42,21,0.0,test,1,0.0028929295333725
S15212,58,17,2025-11-30,45,28,0.0020638677795772,test,1,0.0029929079171759
S15340,58,10,2025-11-30,22,20,0.0,test,1,0.0014215678398626
S15423,58,5,2025-11-30,48,29,0.0,test,1,0.0031317867467915
S15750,58,4,2025-11-30,24,19,0.0,test,1,0.0029810117260026
S16003,58,1,2025-11-30,26,20,0.0112299888152022,test,1,0.003135333627489
S16108,58,21,2025-11-30,16,18,0.0,test,1,0.0016714826749972
S16109,58,19,2025-11-30,50,14,0.0,test,1,0.0021683901349636
S16110,58,21,2025-11-30,49,15,0.0,test,1,0.0014317788974122
S16126,58,13,2025-11-30,56,24,0.0,test,1,0.0027155729092471
S16217,58,5,2025-11-30,24,22,0.0,test,1,0.0032709249197864
S16222,58,10,2025-11-30,20,23,0.0,test,1,0.0012732522409627
S16224,58,7,2025-11-30,22,19,0.0,test,1,0.0020923853927678
S16226,58,9,2025-11-30,43,15,0.0,test,1,0.001758161522035
S16570,58,19,2025-11-30,25,14,0.0,test,1,0.0022476635988185
S16572,58,19,2025-11-30,46,14,0.0,test,1,0.001901600149568
S16576,58,7,2025-11-30,58,17,0.0,test,1,0.0018583203220149
S16679,58,21,2025-11-30,53,28,0.0,test,1,0.001451195970411
S16825,58,20,2025-11-30,60,19,0.0026717844509671,test,1,0.002888494459593
S17028,58,9,2025-11-30,30,29,0.0,test,1,0.0017251012002868
S17546,58,2,2025-11-30,63,22,0.017013189990239,test,1,0.0029828254008866
S17554,58,5,2025-11-30,50,15,0.0308412501721051,test,1,0.0031223494287315
S17720,58,16,2025-11-30,23,13,0.0244777139525884,test,1,0.0016541734986429
S18003,58,15,2025-11-30,28,19,0.0,test,1,0.0026680962273433
S18011,58,3,2025-11-30,35,29,0.0,test,1,0.0026376315656321
S18144,58,21,2025-11-30,41,24,0.0,test,1,0.0014287417913535
S18792,58,8,2025-11-30,32,30,0.0072102431462276,test,1,0.0023847178330607
S18874,58,22,2025-11-30,18,24,0.0109681790395229,test,1,0.0030799505615492
S18879,58,5,2025-11-30,47,17,0.0146988613558104,test,1,0.0030806693883811
S18880,58,1,2025-11-30,17,22,0.0032759438936933,test,1,0.0029714443116107
S18881,58,1,2025-11-30,53,19,0.0126147734988229,test,1,0.0029947474211395
S18882,58,5,2025-11-30,43,26,0.003315145612935,test,1,0.0032192018936905
S18883,58,17,2025-11-30,44,25,0.0119835951662293,test,1,0.0029999650033855
S18890,58,3,2025-11-30,29,24,0.0132782965308112,test,1,0.0032773494058841
S18895,58,22,2025-11-30,61,18,0.0153088277679869,test,1,0.0030584995546099
S19044,58,21,2025-11-30,27,17,0.0,test,1,0.0017092898080542
S19052,58,7,2025-11-30,24,16,0.0,test,1,0.0018944701626577
S19209,58,2,2025-11-30,21,26,0.0,test,1,0.0029394725093389
S19215,58,22,2025-11-30,49,20,0.0,test,1,0.0030441646477645
S19555,58,16,2025-11-30,30,23,0.0034231125529049,test,1,0.0023480388853062
S19556,58,16,2025-11-30,15,22,0.0017354382068768,test,1,0.0021749566677121
S19778,58,5,2025-11-30,28,22,0.0,test,1,0.0032926806576915
S19781,58,17,2025-11-30,22,15,0.0,test,1,0.0029570805850555
S19923,58,15,2025-11-30,39,15,0.0,test,1,0.0025111036929363
S19937,58,19,2025-11-30,52,21,0.0,test,1,0.0021282461527491
S20219,58,23,2025-11-30,23,24,0.0,test,1,0.0029337964747071
S20246,58,1,2025-11-30,40,21,0.0,test,1,0.0029881052258335
S20256,58,5,2025-11-30,34,19,0.0,test,1,0.0031338579146816
S20259,58,5,2025-11-30,41,18,0.0,test,1,0.0031383715374277
S20260,58,17,2025-11-30,36,17,0.0,test,1,0.0030129612617931
S20266,58,1,2025-11-30,37,27,0.0057204682266548,test,1,0.0029700932618424
S20285,58,20,2025-11-30,42,15,0.0,test,1,0.0024892891931904
S20293,58,8,2025-11-30,53,27,0.0,test,1,0.003049805228095
S20540,58,4,2025-11-30,46,22,0.0,test,1,0.0030267893546372
S20733,58,2,2025-11-30,50,17,0.0,test,1,0.002979845811086
S20736,58,22,2025-11-30,50,26,0.0,test,1,0.0030749469664444
S20854,58,2,2025-11-30,59,29,0.0,test,1,0.0015670821342846
S20860,58,16,2025-11-30,29,12,0.0,test,1,0.0015417453146989
S21088,58,23,2025-11-30,32,23,0.0,test,1,0.0028986580710557
S21090,58,23,2025-11-30,35,13,0.0,test,1,0.0028814990424136
S21094,58,1,2025-11-30,34,18,0.0,test,1,0.0029999720817222
S21157,58,20,2025-11-30,27,19,0.0,test,1,0.0028182640800266
S21347,58,9,2025-11-30,36,11,0.0,test,1,0.0012585160433141
S21442,58,11,2025-11-30,51,28,0.0,test,1,0.0016441749162506
S21444,58,9,2025-11-30,28,18,0.0,test,1,0.001631839021235
S21573,58,22,2025-11-30,56,19,0.0,test,1,0.003082390513996
S21580,58,3,2025-11-30,51,16,0.0040994424098452,test,1,0.0030127624215458
S21755,58,20,2025-11-30,53,16,0.0,test,1,0.0026753796268063
S21756,58,8,2025-11-30,44,27,0.0,test,1,0.0025674480522695
S21808,58,19,2025-11-30,30,31,0.0,test,1,0.0024014356888211
S22111,58,19,2025-11-30,45,26,0.0,test,1,0.00204704451878
S22119,58,13,2025-11-30,57,18,0.0,test,1,0.0027914862643811
S22120,58,13,2025-11-30,22,21,0.0,test,1,0.0027698192997514
S22121,58,13,2025-11-30,38,21,0.0,test,1,0.0026550070909121
S22317,58,10,2025-11-30,49,26,0.0,test,1,0.0015496580878111
S22375,58,17,2025-11-30,61,21,0.0,test,1,0.0030699048088936
S22376,58,5,2025-11-30,34,31,0.0,test,1,0.0030374788410703
S22377,58,5,2025-11-30,35,17,0.0,test,1,0.0031334669578725
S22795,58,10,2025-11-30,37,31,0.0016236736187339,test,1,0.0015761829177413
S22808,58,9,2025-11-30,30,30,0.0031351917387382,test,1,0.0017136191769274
S23272,58,17,2025-11-30,59,26,0.0,test,1,0.0031016376915942
S23336,58,4,2025-11-30,33,17,0.0,test,1,0.0029968528277656
S23338,58,20,2025-11-30,54,14,0.0,test,1,0.0026192589981681
S23340,58,20,2025-11-30,33,31,0.0,test,1,0.0025191087832813
S23445,58,4,2025-11-30,49,17,0.0,test,1,0.0024748495398764
S23714,58,11,2025-11-30,50,22,0.0,test,1,0.0020507784288661
S23747,58,7,2025-11-30,37,32,0.0,test,1,0.002167512052754
S23841,58,21,2025-11-30,50,29,0.0,test,1,0.0016853761176496
S24148,58,17,2025-11-30,17,18,0.0,test,1,0.0029907174081425
S24447,58,11,2025-11-30,50,26,0.0,test,1,0.0015592507044618
S24449,58,7,2025-11-30,54,22,0.0,test,1,0.0017389614047274
S24450,58,16,2025-11-30,20,20,0.0,test,1,0.0020501676127076
S24478,58,22,2025-11-30,57,17,0.0,test,1,0.0030304840582513
S24509,58,5,2025-11-30,31,23,0.0,test,1,0.0032417782511189
S24517,58,14,2025-11-30,44,27,0.0,test,1,0.0024378129727567
S24696,58,13,2025-11-30,18,28,0.0,test,1,0.0019974318566443
S24697,58,16,2025-11-30,22,14,0.0,test,1,0.0016753517619998
S24721,58,16,2025-11-30,25,18,0.0,test,1,0.0021231336715122
S24728,58,13,2025-11-30,43,16,0.0041074719625782,test,1,0.0027147024356819
S24735,58,21,2025-11-30,33,20,0.0020918300777386,test,1,0.0013175839017779
S24736,58,21,2025-11-30,31,17,0.0020892974999894,test,1,0.0014376523029057
S24759,58,4,2025-11-30,39,14,0.0,test,1,0.0027112140397575
S25018,58,11,2025-11-30,52,16,0.0,test,1,0.0018456664876639
S25024,58,21,2025-11-30,18,25,0.0,test,1,0.0015739897373995
S25228,58,8,2025-11-30,47,12,0.0,test,1,0.0024503899019797
S25327,58,8,2025-11-30,45,32,0.0,test,1,0.0028482036232758
S25392,58,5,2025-11-30,41,15,0.0,test,1,0.0030362227282866
S25393,58,17,2025-11-30,35,23,0.021345260664961,test,1,0.0030352804934445
S25394,58,1,2025-11-30,51,30,0.0,test,1,0.0027258879890066
S25402,58,11,2025-11-30,33,27,0.0,test,1,0.0015992496474717
S25527,58,5,2025-11-30,50,31,0.0,test,1,0.0018968477588248
S25798,58,9,2025-11-30,55,22,0.0,test,1,0.0021706676069922
S25975,58,10,2025-11-30,40,23,0.0,test,1,0.0017353676583857
S25980,58,19,2025-11-30,33,27,0.0,test,1,0.0020340899290053
S26033,58,21,2025-11-30,34,29,0.0,test,1,0.0014807023556837
S26037,58,16,2025-11-30,18,25,0.0,test,1,0.0021862420474867
S26101,58,5,2025-11-30,32,22,0.0,test,1,0.003195894493155
S26104,58,2,2025-11-30,37,24,0.0,test,1,0.0030798760991693
S26119,58,8,2025-11-30,47,20,0.0,test,1,0.0027610317059227
S26820,58,21,2025-11-30,57,15,0.0012316857986875,test,1,0.0015846520707713
S27014,58,3,2025-11-30,53,25,0.0061780419709072,test,1,0.0032759680929453
S27066,58,4,2025-11-30,27,21,0.0025156277680763,test,1,0.0030137618051776
S27273,58,8,2025-11-30,21,19,0.0,test,1,0.0023523027718861
S27284,58,14,2025-11-30,49,14,0.0,test,1,0.0022392469856145
S27826,58,17,2025-11-30,35,27,0.0,test,1,0.0030372685817408
S27831,58,5,2025-11-30,61,18,0.0,test,1,0.0031684258959078
S27832,58,5,2025-11-30,18,21,0.0,test,1,0.0030729487951266
S27834,58,17,2025-11-30,50,13,0.0023598231794462,test,1,0.0030162933023542
S27840,58,7,2025-11-30,45,12,0.0023351093319801,test,1,0.0026077101588292
S27849,58,23,2025-11-30,34,25,0.0,test,1,0.0028321753234812
S28063,58,14,2025-11-30,40,27,0.0,test,1,0.0030321108563177
S28067,58,20,2025-11-30,52,22,0.0,test,1,0.0028872231707417
S28369,58,21,2025-11-30,41,22,0.0,test,1,0.0014856060647637
S28518,58,17,2025-11-30,59,28,0.0,test,1,0.0018957425250044
S28522,58,11,2025-11-30,36,32,0.0,test,1,0.0016156871004667
S28747,58,10,2025-11-30,39,18,0.0,test,1,0.0015470546113067
S28772,58,7,2025-11-30,52,23,0.0,test,1,0.0017468948026463
S28853,58,17,2025-11-30,46,31,0.0,test,1,0.0029385643522733
S28958,58,17,2025-11-30,39,21,0.0,test,1,0.0030478394826135
S28960,58,5,2025-11-30,47,28,0.0,test,1,0.0032087587808403
S28968,58,4,2025-11-30,53,21,0.0,test,1,0.0030186143464939
S29039,58,2,2025-11-30,27,25,0.0,test,1,0.0030260149840604
S29219,58,11,2025-11-30,21,26,0.0,test,1,0.0016195428671229
S29222,58,9,2025-11-30,53,18,0.0,test,1,0.0019856354838782
S29327,58,8,2025-11-30,21,24,0.0,test,1,0.0022491357558534
S29414,58,5,2025-11-30,32,16,0.0,test,1,0.0031924114303075
S29417,58,5,2025-11-30,23,28,0.0,test,1,0.0031099267983753
S29422,58,2,2025-11-30,56,15,0.0,test,1,0.0029994834371158
S29614,58,9,2025-11-30,33,22,0.0,test,1,0.0017788201316074
S29704,58,10,2025-11-30,55,18,0.0,test,1,0.0016786357351734
S29706,58,11,2025-11-30,26,14,0.0,test,1,0.001815275846074
S29710,58,13,2025-11-30,56,20,0.0,test,1,0.0028370943135981
S29918,58,7,2025-11-30,54,19,0.0,test,1,0.0018949708414605
S29922,58,15,2025-11-30,45,13,0.0,test,1,0.0025437180065007
S29934,58,19,2025-11-30,31,20,0.0,test,1,0.0020260487423152
S30408,58,16,2025-11-30,43,21,0.010020666364232,test,1,0.0024120321493823
S30523,58,17,2025-11-30,40,29,0.0,test,1,0.0030280331040517
S30524,58,1,2025-11-30,50,28,0.0,test,1,0.0028594627017541
S30528,58,1,2025-11-30,57,20,0.0,test,1,0.0031189812972852
S30530,58,17,2025-11-30,19,25,0.0238416803200047,test,1,0.0029667772389614
S30548,58,3,2025-11-30,29,28,0.0,test,1,0.0029683573762661
S30554,58,3,2025-11-30,44,23,0.0117422982627359,test,1,0.0032456618650407
S30558,58,3,2025-11-30,56,19,0.0024629687445797,test,1,0.003297703423921
S31359,58,20,2025-11-30,21,14,0.0,test,1,0.0022963677117838
S31527,58,23,2025-11-30,17,21,0.0109361247328052,test,1,0.0029445140159451
S31528,58,22,2025-11-30,42,15,0.0,test,1,0.0029338882576421
S31529,58,23,2025-11-30,42,14,0.0064099463795732,test,1,0.0028414745574595
S31540,58,17,2025-11-30,33,20,0.0032575318133703,test,1,0.0030111886093476
S31544,58,5,2025-11-30,28,27,0.0,test,1,0.0032788041399823
S31976,58,3,2025-11-30,42,26,0.0022155947556827,test,1,0.0029778624585205
S31979,58,22,2025-11-30,31,30,0.0021912710694901,test,1,0.0029551069988163
S31984,58,7,2025-11-30,21,28,0.0044571192839911,test,1,0.0019160211475248
S32001,58,20,2025-11-30,38,25,0.0,test,1,0.0029876675930903
S32294,58,4,2025-11-30,34,25,0.0,test,1,0.0029572935367328
S32295,58,14,2025-11-30,30,13,0.0,test,1,0.0021533505782975
S32372,58,17,2025-11-30,45,17,0.0,test,1,0.0030398102184988
S32384,58,11,2025-11-30,16,18,0.002709495227036,test,1,0.0017302135861211
S32969,58,1,2025-11-30,45,14,0.0,test,1,0.0028351620942256
S32979,58,5,2025-11-30,57,18,0.0,test,1,0.0031699672184412
S32982,58,3,2025-11-30,48,19,0.0,test,1,0.003247660799159
S33087,58,20,2025-11-30,17,23,0.0,test,1,0.0025539738748208
S33326,58,3,2025-11-30,21,16,0.0125231276502307,test,1,0.0031370941380883
S33332,58,3,2025-11-30,25,20,0.0018280863209854,test,1,0.003260080563251
S33335,58,1,2025-11-30,50,18,0.0,test,1,0.0030371260733741
S33343,58,17,2025-11-30,28,30,0.0090846942095584,test,1,0.0029118869894512
S33575,58,3,2025-11-30,62,20,0.0,test,1,0.0032315525082339
S33588,58,15,2025-11-30,31,29,0.0,test,1,0.002564771268022
S33603,58,15,2025-11-30,44,32,0.0,test,1,0.0024233896171281
S33842,58,13,2025-11-30,29,31,0.0,test,1,0.0018673564853957
S33898,58,8,2025-11-30,53,24,0.0,test,1,0.0029952376518533
S34029,58,7,2025-11-30,23,25,0.0,test,1,0.0020263612337448
S34352,58,19,2025-11-30,32,21,0.0,test,1,0.001965500556621
S34357,58,13,2025-11-30,35,15,0.0,test,1,0.0027294924588894
S34359,58,11,2025-11-30,17,25,0.0,test,1,0.0016087982550336
S34527,58,11,2025-11-30,35,24,0.0,test,1,0.0016209381631904
S34701,58,17,2025-11-30,13,20,0.0,test,1,0.0028894358431738
S34717,58,14,2025-11-30,44,23,0.0,test,1,0.0032396546110378
S34950,58,21,2025-11-30,49,14,0.0,test,1,0.0016102352889429
S34977,58,19,2025-11-30,50,29,0.0,test,1,0.0022936410633427
S35321,58,11,2025-11-30,48,31,0.0,test,1,0.001644047171181
S35408,58,9,2025-11-30,40,23,0.0247762430303634,test,1,0.0016476231560116
S35607,58,13,2025-11-30,53,18,0.0,test,1,0.0027510847314869
S35708,58,2,2025-11-30,34,15,0.0019773067252299,test,1,0.0030045641826486
S35711,58,10,2025-11-30,23,21,0.0119880360847122,test,1,0.0016037326775179
S35719,58,23,2025-11-30,59,16,0.0019782511781938,test,1,0.0029307456762891
S36042,58,20,2025-11-30,32,28,0.0020325701993309,test,1,0.0027646180923593
S36210,58,9,2025-11-30,15,20,0.0,test,1,0.0015063447498995
S36333,58,1,2025-11-30,27,17,0.0,test,1,0.0030755233619295
S36338,58,1,2025-11-30,18,18,0.0,test,1,0.0030599708242704
S36495,58,4,2025-11-30,25,13,0.0,test,1,0.0027886263381227
S36542,58,21,2025-11-30,62,26,0.0,test,1,0.0014725425366703
S36814,58,22,2025-11-30,41,27,0.0,test,1,0.0030054537774218
S36817,58,22,2025-11-30,63,23,0.0,test,1,0.0030779310175705
S36827,58,21,2025-11-30,51,17,0.0,test,1,0.0013852596948265
S36877,58,10,2025-11-30,58,29,0.0,test,1,0.0017709250661155
S37225,58,5,2025-11-30,23,24,0.0,test,1,0.0032167878437678
S37521,58,7,2025-11-30,40,16,0.0,test,1,0.0018232900427066
S37524,58,19,2025-11-30,55,22,0.0027991326631184,test,1,0.0021612960125055
S37535,58,13,2025-11-30,49,25,0.0,test,1,0.0026795519714188
S37591,58,2,2025-11-30,22,22,0.0,test,1,0.0030163230069345
S37599,58,22,2025-11-30,20,22,0.0027756369444537,test,1,0.0030075755158881
S37610,58,4,2025-11-30,63,24,0.0,test,1,0.0032175611890781
S37616,58,4,2025-11-30,56,17,0.0027887194335027,test,1,0.0029888132967664
S37637,58,3,2025-11-30,29,14,0.0,test,1,0.003149226406484
S37879,58,7,2025-11-30,39,25,0.0,test,1,0.0017783064147831
S37880,58,15,2025-11-30,44,23,0.0,test,1,0.0026754561994763
S37928,58,11,2025-11-30,37,26,0.0123488487659433,test,1,0.0015821677628414
S37929,58,9,2025-11-30,35,17,0.0121915321591522,test,1,0.00165042844193
S38412,58,23,2025-11-30,26,18,0.0084293007242075,test,1,0.0028644526822587
S38428,58,1,2025-11-30,31,30,0.0168598882226726,test,1,0.0028674721876802
S38455,58,4,2025-11-30,25,18,0.0,test,1,0.0028997401733081
S38746,58,7,2025-11-30,25,23,0.0,test,1,0.0018779380631262
S39285,58,1,2025-11-30,59,28,0.0,test,1,0.0014419572547951
S39289,58,21,2025-11-30,23,30,0.0,test,1,0.0018117610570148
S39317,58,4,2025-11-30,35,13,0.0,test,1,0.0028311914980123
S39363,58,10,2025-11-30,41,30,0.0,test,1,0.0015817558256053
S39629,58,10,2025-11-30,54,25,0.0,test,1,0.0017241751543898
S39851,58,19,2025-11-30,29,22,0.0,test,1,0.0018314446592473
S39923,58,13,2025-11-30,36,11,0.0,test,1,0.001405240804958
S40132,58,1,2025-11-30,45,28,0.0081585081585081,test,1,0.0028498104432152
S40151,58,2,2025-11-30,37,26,0.003299606968345,test,1,0.0028896873533758
S40158,58,23,2025-11-30,30,25,0.0016915118099516,test,1,0.0028746992201661
S40422,58,11,2025-11-30,43,28,0.0,test,1,0.0016489073024204
S40443,58,4,2025-11-30,37,16,0.0049817070114769,test,1,0.0027072943882294
S40831,58,22,2025-11-30,44,30,0.0063166456959113,test,1,0.0029678328733001
S40834,58,5,2025-11-30,56,21,0.0021295010883164,test,1,0.0032381297035324
S40837,58,1,2025-11-30,55,17,0.0021634845595981,test,1,0.0029602870706172
S40847,58,2,2025-11-30,25,21,0.0021370553355434,test,1,0.0028005916450567
S40853,58,23,2025-11-30,42,26,0.0,test,1,0.0028532378747073
S40903,58,15,2025-11-30,24,21,0.0086428770172509,test,1,0.0025938212234252
S41039,58,20,2025-11-30,52,16,0.004242532886032,test,1,0.0026552469721186
S41040,58,14,2025-11-30,54,14,0.0021657755175854,test,1,0.0022860774013124
S41042,58,8,2025-11-30,46,18,0.0021256212202862,test,1,0.0027329090185343
S41151,58,10,2025-11-30,39,19,0.0,test,1,0.001506850702977
S41152,58,11,2025-11-30,29,17,0.0,test,1,0.0017316275633229
S41158,58,23,2025-11-30,23,16,0.0,test,1,0.0029389543604006
S41180,58,4,2025-11-30,25,29,0.0,test,1,0.0028970203931353
S41190,58,21,2025-11-30,49,26,0.0,test,1,0.0013699216048659
S41412,58,4,2025-11-30,40,17,0.0,test,1,0.002503321743483
S41586,58,16,2025-11-30,34,16,0.0036466759851344,test,1,0.0023403658639438
S41692,58,16,2025-11-30,23,30,0.0036368292995261,test,1,0.0022752091385046
S41853,58,3,2025-11-30,25,17,0.0,test,1,0.0031819025763847
S41871,58,17,2025-11-30,34,14,0.0,test,1,0.0029849962724269
S41881,58,8,2025-11-30,35,13,0.0092089476878037,test,1,0.0027945105215686
S41883,58,20,2025-11-30,42,16,0.0,test,1,0.0027317141810657
S41889,58,8,2025-11-30,61,27,0.0,test,1,0.0030391733608455
S42137,58,7,2025-11-30,29,17,0.0043410738960832,test,1,0.0018872044561636
S42153,58,13,2025-11-30,35,19,0.0200028904853637,test,1,0.0027771126599222
S42401,58,1,2025-11-30,30,13,0.0,test,1,0.0029959164898399
S42404,58,9,2025-11-30,27,15,0.0,test,1,0.0016439161486836
S42410,58,2,2025-11-30,29,23,0.0,test,1,0.0030499247040566
S42798,58,13,2025-11-30,49,18,0.0,test,1,0.0027476877734986
S42893,58,15,2025-11-30,52,31,0.0,test,1,0.0022922207682902
S43001,58,19,2025-11-30,40,12,0.0,test,1,0.0022542958966523
S43004,58,13,2025-11-30,33,18,0.0,test,1,0.0026130262625541
S43234,58,10,2025-11-30,28,26,0.0149305575113734,test,1,0.0014404958916719
S43481,58,20,2025-11-30,17,20,0.000944437793474,test,1,0.0024834137168993
S43570,58,5,2025-11-30,28,24,0.0180725082120216,test,1,0.0032762470943296
S43572,58,3,2025-11-30,13,20,0.0112831689462093,test,1,0.0028068187815278
S43574,58,5,2025-11-30,26,14,0.0183101814148653,test,1,0.0030768427616549
S43591,58,2,2025-11-30,21,23,0.0167570065469142,test,1,0.0029773950668956
S00254,58,13,2025-11-30,36,27,0.0,test,2,0.002565128595255
S00255,58,13,2025-11-30,36,22,0.0,test,2,0.0027983183248767
S00256,58,16,2025-11-30,37,25,0.0,test,2,0.0023954538857762
S00304,58,13,2025-11-30,39,20,0.0044337985699438,test,2,0.0027283570968568
S00807,58,14,2025-11-30,61,27,0.0,test,2,0.0030435280120756
S00953,58,23,2025-11-30,33,28,0.0,test,2,0.002812977621364
S00955,58,23,2025-11-30,61,26,0.0,test,2,0.0029706138923958
S01007,58,8,2025-11-30,36,13,0.0,test,2,0.002450357611638
S01078,58,7,2025-11-30,23,18,0.0,test,2,0.0017561820360515
S01315,58,21,2025-11-30,48,16,0.0042792443732672,test,2,0.0014509963284144
S01375,58,19,2025-11-30,44,15,0.0,test,2,0.0018807065071554
S01442,58,7,2025-11-30,39,17,0.0101851119952455,test,2,0.0016519476333258
S01629,58,23,2025-11-30,39,21,0.0130685154832545,test,2,0.0028810889367009
S01633,58,3,2025-11-30,23,21,0.0058765278824694,test,2,0.0031799154267554
S01635,58,2,2025-11-30,39,27,0.0029003775743039,test,2,0.0028664150283274
S01642,58,17,2025-11-30,16,24,0.0059215836959856,test,2,0.0030172935927937
S01645,58,5,2025-11-30,19,18,0.0087629593060159,test,2,0.0031099479958176
S01646,58,17,2025-11-30,36,25,0.0014599912459277,test,2,0.0029714976722259
S01653,58,1,2025-11-30,48,14,0.0029470188858252,test,2,0.0029597663338303
S01663,58,14,2025-11-30,45,24,0.0,test,2,0.0032001918481102
S01667,58,4,2025-11-30,49,15,0.0,test,2,0.0024975596170039
S02049,58,10,2025-11-30,54,27,0.0,test,2,0.0013901089536957
S02342,58,11,2025-11-30,35,18,0.0,test,2,0.0018898214904789
S02451,58,19,2025-11-30,61,21,0.0,test,2,0.0019701946631043
S02596,58,22,2025-11-30,21,20,0.0056916434763688,test,2,0.0031079625965811
S02597,58,23,2025-11-30,56,17,0.0,test,2,0.00294163412636
S02620,58,23,2025-11-30,49,29,0.0,test,2,0.0028385241348042
S02656,58,10,2025-11-30,39,14,0.0,test,2,0.0014539804708283
S02659,58,11,2025-11-30,14,23,0.0,test,2,0.0016689611241669
S02699,58,22,2025-11-30,47,30,0.0,test,2,0.0030059469588448
S02703,58,9,2025-11-30,58,26,0.0,test,2,0.0019377673418068
S02713,58,2,2025-11-30,51,27,0.0,test,2,0.0029203029666117
S02790,58,8,2025-11-30,54,19,0.0,test,2,0.0032733531028247
S02871,58,19,2025-11-30,30,15,0.0,test,2,0.0021033317781018
S02872,58,21,2025-11-30,17,19,0.0,test,2,0.0017135050944268
S03134,58,4,2025-11-30,43,32,0.0,test,2,0.0030036763824519
S04357,58,3,2025-11-30,36,16,0.0,test,2,0.0032410694961286
S04360,58,17,2025-11-30,48,24,0.0,test,2,0.0029943748642374
S04706,58,9,2025-11-30,25,27,0.0,test,2,0.0016831572563388
S04988,58,23,2025-11-30,33,31,0.0,test,2,0.0027951703867172
S04992,58,1,2025-11-30,43,24,0.0,test,2,0.0029223967945924
S04994,58,23,2025-11-30,64,19,0.0,test,2,0.0029298635162721
S04997,58,5,2025-11-30,42,28,0.0,test,2,0.0031781362627958
S04999,58,1,2025-11-30,36,26,0.0,test,2,0.0029148041722054
S05012,58,4,2025-11-30,60,23,0.0,test,2,0.0031664834721525
S05155,58,21,2025-11-30,17,27,0.0,test,2,0.0018383149780491
S05299,58,21,2025-11-30,33,26,0.0,test,2,0.001383372205988
S05449,58,22,2025-11-30,34,12,0.0193123571532024,test,2,0.0022846060147907
S05455,58,3,2025-11-30,49,24,0.0051647632210664,test,2,0.0032213111078066
S05474,58,8,2025-11-30,29,16,0.0,test,2,0.0023781067263807
S05477,58,14,2025-11-30,50,25,0.0,test,2,0.0030875871543257
S05877,58,7,2025-11-30,64,25,0.0,test,2,0.0024261664285541
S05882,58,9,2025-11-30,32,13,0.0,test,2,0.0017308647033586
S06140,58,13,2025-11-30,50,12,0.0,test,2,0.0015369074983782
S06190,58,15,2025-11-30,57,18,0.0136161896586363,test,2,0.0025308407394958
S06262,58,22,2025-11-30,15,22,0.0090415419740396,test,2,0.0030125662652583
S06264,58,1,2025-11-30,44,17,0.0045115375537844,test,2,0.0030479218048158
S06266,58,5,2025-11-30,53,20,0.0106575255180188,test,2,0.0033075701435627
S06272,58,3,2025-11-30,31,13,0.0089623024281167,test,2,0.0030896367993542
S06418,58,5,2025-11-30,61,21,0.0,test,2,0.0032389842124662
S06421,58,7,2025-11-30,17,24,0.0,test,2,0.0018970921586155
S06695,58,11,2025-11-30,30,25,0.0,test,2,0.0016082829841116
S06740,58,19,2025-11-30,42,18,0.0022494693153375,test,2,0.0019316439442853
S06741,58,21,2025-11-30,31,25,0.0,test,2,0.001469207413432
S06743,58,21,2025-11-30,33,21,0.0,test,2,0.001430473016042
S06769,58,19,2025-11-30,22,27,0.0022622786653921,test,2,0.001977810357353
S06774,58,15,2025-11-30,29,16,0.0044881520011559,test,2,0.002569909139697
S06779,58,13,2025-11-30,22,17,0.0,test,2,0.002842368864839
S06945,58,16,2025-11-30,48,20,0.0,test,2,0.0023242322864457
S07435,58,7,2025-11-30,56,21,0.0,test,2,0.0019592834097909
S07439,58,11,2025-11-30,46,24,0.0,test,2,0.0018642794550933
S07442,58,16,2025-11-30,35,30,0.0,test,2,0.002307834998318
S07541,58,14,2025-11-30,46,12,0.0,test,2,0.0019149383493704
S08068,58,20,2025-11-30,27,28,0.0170206645250994,test,2,0.0024475792904244
S08072,58,4,2025-11-30,34,31,0.0262451693430306,test,2,0.0029236971355795
S08073,58,20,2025-11-30,48,25,0.0156682069158087,test,2,0.0029598879659034
S08120,58,3,2025-11-30,39,15,0.0,test,2,0.0031882285399048
S08125,58,17,2025-11-30,33,17,0.0,test,2,0.0030157504387843
S08132,58,15,2025-11-30,28,15,0.0,test,2,0.00246194848025
S08143,58,23,2025-11-30,45,28,0.0,test,2,0.0028409776663925
S08293,58,19,2025-11-30,42,27,0.0062100935887343,test,2,0.0020209745020808
S08860,58,20,2025-11-30,23,18,0.0,test,2,0.0025465746394054
S08861,58,14,2025-11-30,23,16,0.0,test,2,0.0026046710611511
S08863,58,4,2025-11-30,40,19,0.0,test,2,0.0028677793535159
S08962,58,20,2025-11-30,58,27,0.0,test,2,0.0029383761650681
S09171,58,7,2025-11-30,51,16,0.0,test,2,0.0016545607926094
S09177,58,21,2025-11-30,45,13,0.0,test,2,0.0016921409367343
S09183,58,13,2025-11-30,15,23,0.0,test,2,0.0026484611533082
S09271,58,14,2025-11-30,34,12,0.0,test,2,0.0020470651382028
S09273,58,4,2025-11-30,30,18,0.0,test,2,0.0030360930723608
S09376,58,14,2025-11-30,51,18,0.0,test,2,0.0026648746317681
S09378,58,14,2025-11-30,60,21,0.0,test,2,0.0031561958224447
S09559,58,22,2025-11-30,23,28,0.0,test,2,0.0030346793750113
S09792,58,11,2025-11-30,41,32,0.0222901117803333,test,2,0.0015823276308306
S09985,58,5,2025-11-30,47,19,0.0,test,2,0.0031686234776371
S09986,58,2,2025-11-30,26,27,0.0026772247360482,test,2,0.0029109909333117
S09995,58,22,2025-11-30,20,19,0.014336663782026,test,2,0.0030777209230209
S10010,58,10,2025-11-30,31,26,0.0,test,2,0.001564799904353
S10123,58,4,2025-11-30,41,11,0.0477738115650606,test,2,0.0028708244164804
S10124,58,20,2025-11-30,34,30,0.006411993136458,test,2,0.0025188475384937
S10237,58,5,2025-11-30,55,23,0.0,test,2,0.0032610579915619
S10444,58,15,2025-11-30,35,18,0.0,test,2,0.0024683438197603
S10448,58,11,2025-11-30,18,21,0.0,test,2,0.0016349110152254
S10449,58,10,2025-11-30,32,28,0.0,test,2,0.0015893171894281
S10670,58,5,2025-11-30,20,23,0.0,test,2,0.0031984557969118
S10821,58,10,2025-11-30,28,27,0.0238470280666976,test,2,0.0015244464272321
S10823,58,4,2025-11-30,26,15,0.0116478005109095,test,2,0.0027044839577272
S10865,58,23,2025-11-30,57,14,0.0,test,2,0.0016151573350676
S11041,58,9,2025-11-30,63,21,0.0255276871577903,test,2,0.0020808135760845
S11043,58,7,2025-11-30,60,20,0.022936520755936,test,2,0.0018786018537038
S11045,58,13,2025-11-30,49,15,0.0153504030639033,test,2,0.0027642205579426
S11401,58,2,2025-11-30,40,25,0.0201349706825976,test,2,0.0030182137639895
S11406,58,2,2025-11-30,35,16,0.0287845104494767,test,2,0.002986462354054
S11409,58,22,2025-11-30,17,26,0.0148565944525731,test,2,0.0030150845969747
S11433,58,4,2025-11-30,42,27,0.025575162417719,test,2,0.0030369528349408
S11434,58,20,2025-11-30,49,27,0.0302370291054219,test,2,0.0026398520813417
S11436,58,8,2025-11-30,27,24,0.0163480696214428,test,2,0.0026713738556507
S11701,58,8,2025-11-30,32,25,0.0,test,2,0.002868363126174
S11703,58,4,2025-11-30,20,23,0.0045929211717955,test,2,0.0028311976260241
S11876,58,11,2025-11-30,39,12,0.0,test,2,0.0018868658648056
S11887,58,19,2025-11-30,28,28,0.0,test,2,0.0020319687972241
S11894,58,19,2025-11-30,40,15,0.0,test,2,0.0018463435471554
S11899,58,19,2025-11-30,17,21,0.0,test,2,0.0019430615309862
S11901,58,19,2025-11-30,20,22,0.0,test,2,0.0017580537058534
S11904,58,21,2025-11-30,14,23,0.0,test,2,0.001717829876138
S11907,58,21,2025-11-30,19,23,0.0,test,2,0.0017231192396299
S11950,58,15,2025-11-30,57,26,0.0,test,2,0.0025580058001771
S11962,58,2,2025-11-30,58,19,0.0,test,2,0.0029906603714761
S11967,58,23,2025-11-30,48,19,0.0,test,2,0.0029385717782503
S12207,58,2,2025-11-30,26,18,0.0026540638684182,test,2,0.0030211602119499
S12214,58,16,2025-11-30,42,27,0.0026686856320542,test,2,0.0023282037554456
S12226,58,23,2025-11-30,49,16,0.0,test,2,0.002820098744076
S12352,58,4,2025-11-30,60,25,0.0,test,2,0.0032099845311626
S12471,58,15,2025-11-30,48,15,0.0,test,2,0.0026022483703523
S12594,58,3,2025-11-30,59,18,0.0,test,2,0.0031856572561193
S12597,58,1,2025-11-30,37,18,0.0,test,2,0.0029553038372398
S12605,58,22,2025-11-30,31,28,0.0,test,2,0.003052954223263
S12788,58,11,2025-11-30,56,20,0.0,test,2,0.0019404487431293
S12791,58,15,2025-11-30,38,25,0.0,test,2,0.0025831840538405
S12792,58,10,2025-11-30,35,15,0.0,test,2,0.0015113261426497
S12795,58,13,2025-11-30,46,17,0.0,test,2,0.0027421672396911
S12941,58,8,2025-11-30,26,20,0.0,test,2,0.0027014849862433
S13059,58,2,2025-11-30,62,16,0.0,test,2,0.0015899001872111
S13260,58,1,2025-11-30,32,17,0.0,test,2,0.0029706852942398
S13384,58,9,2025-11-30,63,19,0.0,test,2,0.0021622971212678
S13644,58,13,2025-11-30,48,31,0.0,test,2,0.0017907605625031
S13747,58,11,2025-11-30,46,17,0.0092269908711403,test,2,0.0017086129830986
S13756,58,11,2025-11-30,39,16,0.0265855726462808,test,2,0.0017940107695078
S14044,58,10,2025-11-30,32,19,0.0,test,2,0.0015953059206641
S14046,58,7,2025-11-30,33,24,0.0074410944547377,test,2,0.0019461294291267
S14136,58,20,2025-11-30,61,21,0.0,test,2,0.0028659257243683
S14137,58,14,2025-11-30,57,20,0.0,test,2,0.0031308989508128
S14776,58,16,2025-11-30,52,13,0.0,test,2,0.0025338176389582
S15197,58,22,2025-11-30,43,25,0.0020980821755887,test,2,0.0030530950783817
S15200,58,23,2025-11-30,43,21,0.0,test,2,0.0027728397021292
S15212,58,17,2025-11-30,44,28,0.0020638677795772,test,2,0.0030085034265644
S15340,58,10,2025-11-30,21,20,0.0,test,2,0.0014709182135742
S15423,58,5,2025-11-30,49,29,0.0,test,2,0.0031558226150089
S15750,58,4,2025-11-30,26,19,0.0,test,2,0.0029472588470485
S16003,58,1,2025-11-30,25,20,0.0112299888152022,test,2,0.0030462245091029
S16108,58,21,2025-11-30,15,18,0.0,test,2,0.0016515368126985
S16109,58,19,2025-11-30,49,14,0.0,test,2,0.0020946258668622
S16110,58,21,2025-11-30,50,15,0.0,test,2,0.0014186268669506
S16126,58,13,2025-11-30,55,24,0.0,test,2,0.0028029397109926
S16217,58,5,2025-11-30,23,22,0.0,test,2,0.003266101739336
S16222,58,10,2025-11-30,21,23,0.0,test,2,0.0013593605108403
S16224,58,7,2025-11-30,23,19,0.0,test,2,0.0019325379691448
S16226,58,9,2025-11-30,44,15,0.0,test,2,0.001798971620655
S16570,58,19,2025-11-30,24,14,0.0,test,2,0.0022208763961674
S16572,58,19,2025-11-30,45,14,0.0,test,2,0.0019188952944468
S16576,58,7,2025-11-30,59,17,0.0,test,2,0.0022591315564623
S16679,58,21,2025-11-30,52,28,0.0,test,2,0.0014636063947604
S16825,58,20,2025-11-30,61,19,0.0026717844509671,test,2,0.0028716975079884
S17028,58,9,2025-11-30,31,29,0.0,test,2,0.0030103957751825
S17546,58,2,2025-11-30,62,22,0.017013189990239,test,2,0.0030313582784425
S17554,58,5,2025-11-30,51,15,0.0308412501721051,test,2,0.0030604368512906
S17720,58,16,2025-11-30,24,13,0.0244777139525884,test,2,0.0015208626863115
S18003,58,15,2025-11-30,30,19,0.0,test,2,0.002582926478336
S18011,58,3,2025-11-30,36,29,0.0,test,2,0.0027829339072861
S18144,58,21,2025-11-30,40,24,0.0,test,2,0.0013716333908724
S18792,58,8,2025-11-30,29,30,0.0072102431462276,test,2,0.0022821259108018
S18874,58,22,2025-11-30,17,24,0.0109681790395229,test,2,0.0030045635453796
S18879,58,5,2025-11-30,48,17,0.0146988613558104,test,2,0.0030746536260663
S18880,58,1,2025-11-30,16,22,0.0032759438936933,test,2,0.0029483137010925
S18881,58,1,2025-11-30,54,19,0.0126147734988229,test,2,0.0029819580713232
S18882,58,5,2025-11-30,42,26,0.003315145612935,test,2,0.0032141624527551
S18883,58,17,2025-11-30,45,25,0.0119835951662293,test,2,0.003021283485309
S18890,58,3,2025-11-30,28,24,0.0132782965308112,test,2,0.0032845823371705
S18895,58,22,2025-11-30,60,18,0.0153088277679869,test,2,0.0030257652254358
S19044,58,21,2025-11-30,28,17,0.0,test,2,0.0014418163513958
S19052,58,7,2025-11-30,23,16,0.0,test,2,0.0021407842964819
S19209,58,2,2025-11-30,20,26,0.0,test,2,0.0028996526731786
S19215,58,22,2025-11-30,48,20,0.0,test,2,0.0030318196260464
S19555,58,16,2025-11-30,32,23,0.0034231125529049,test,2,0.0023521368573426
S19556,58,16,2025-11-30,14,22,0.0017354382068768,test,2,0.0024124095073158
S19778,58,5,2025-11-30,27,22,0.0,test,2,0.0032879104480922
S19781,58,17,2025-11-30,23,15,0.0,test,2,0.0030005426556194
S19923,58,15,2025-11-30,40,15,0.0,test,2,0.0025005346268351
S19937,58,19,2025-11-30,53,21,0.0,test,2,0.0020577246951893
S20219,58,23,2025-11-30,22,24,0.0,test,2,0.0029556967338827
S20246,58,1,2025-11-30,41,21,0.0,test,2,0.0030063030528455
S20256,58,5,2025-11-30,35,19,0.0,test,2,0.0031984020238857
S20259,58,5,2025-11-30,39,18,0.0,test,2,0.0031237799589801
S20260,58,17,2025-11-30,37,17,0.0,test,2,0.002987859523681
S20266,58,1,2025-11-30,38,27,0.0057204682266548,test,2,0.0028826527607642
S20285,58,20,2025-11-30,45,15,0.0,test,2,0.0026372926052169
S20293,58,8,2025-11-30,55,27,0.0,test,2,0.0031406877030246
S20540,58,4,2025-11-30,44,22,0.0,test,2,0.0029815822730173
S20733,58,2,2025-11-30,51,17,0.0,test,2,0.0030173537135845
S20736,58,22,2025-11-30,49,26,0.0,test,2,0.0030885907609195
S20854,58,2,2025-11-30,56,30,0.0,test,2,0.0015166934604275
S20860,58,16,2025-11-30,28,12,0.0,test,2,0.0015557748448795
S21088,58,23,2025-11-30,33,23,0.0,test,2,0.002868375818559
S21090,58,23,2025-11-30,37,13,0.0,test,2,0.0027925362424127
S21094,58,1,2025-11-30,33,18,0.0,test,2,0.0031045318692383
S21157,58,20,2025-11-30,29,19,0.0,test,2,0.0027665648053079
S21347,58,9,2025-11-30,37,11,0.0,test,2,0.0012135730274687
S21442,58,11,2025-11-30,50,28,0.0,test,2,0.0016406078679334
S21444,58,9,2025-11-30,27,18,0.0,test,2,0.0016216549882546
S21573,58,22,2025-11-30,57,19,0.0,test,2,0.003094516201038
S21580,58,3,2025-11-30,50,16,0.0040994424098452,test,2,0.0028226675666305
S21755,58,20,2025-11-30,51,16,0.0,test,2,0.0027219232048925
S21756,58,8,2025-11-30,45,27,0.0,test,2,0.0026714832840292
S21808,58,19,2025-11-30,31,31,0.0,test,2,0.0022826799973942
S22111,58,19,2025-11-30,44,26,0.0,test,2,0.0019810531739753
S22119,58,13,2025-11-30,56,18,0.0,test,2,0.0028280841397714
S22120,58,13,2025-11-30,23,21,0.0,test,2,0.0027333906247753
S22121,58,13,2025-11-30,39,21,0.0,test,2,0.0027641127666551
S22317,58,10,2025-11-30,48,26,0.0,test,2,0.0016607598910341
S22375,58,17,2025-11-30,62,21,0.0,test,2,0.0030981034311637
S22376,58,5,2025-11-30,35,31,0.0,test,2,0.0030452005998911
S22377,58,5,2025-11-30,36,17,0.0,test,2,0.0031653078054466
S22795,58,10,2025-11-30,38,31,0.0016236736187339,test,2,0.0016025972978165
S22808,58,9,2025-11-30,29,30,0.0031351917387382,test,2,0.0016620364099041
S23272,58,17,2025-11-30,58,26,0.0,test,2,0.0030595279738233
S23336,58,4,2025-11-30,35,17,0.0,test,2,0.0029613363065939
S23338,58,20,2025-11-30,53,14,0.0,test,2,0.0027414146415498
S23340,58,20,2025-11-30,36,31,0.0,test,2,0.0024668694303269
S23445,58,4,2025-11-30,51,17,0.0,test,2,0.0030675593099905
S23714,58,11,2025-11-30,49,22,0.0,test,2,0.0020212181043004
S23747,58,7,2025-11-30,38,32,0.0,test,2,0.0024315014443247
S23841,58,21,2025-11-30,51,29,0.0,test,2,0.0014612092603684
S24148,58,17,2025-11-30,16,18,0.0,test,2,0.0029513569800569
S24447,58,11,2025-11-30,49,26,0.0,test,2,0.0016002491885783
S24449,58,7,2025-11-30,53,22,0.0,test,2,0.0017425670061747
S24450,58,16,2025-11-30,19,20,0.0,test,2,0.0020501305353931
S24478,58,22,2025-11-30,58,17,0.0,test,2,0.003074185733053
S24509,58,5,2025-11-30,32,23,0.0,test,2,0.0032229918313748
S24517,58,14,2025-11-30,45,27,0.0,test,2,0.0025227106887319
S24696,58,13,2025-11-30,19,28,0.0,test,2,0.002058141217388
S24697,58,16,2025-11-30,21,14,0.0,test,2,0.0016138401548859
S24721,58,16,2025-11-30,24,18,0.0,test,2,0.002007943607692
S24728,58,13,2025-11-30,41,16,0.0041074719625782,test,2,0.0027267931213888
S24735,58,21,2025-11-30,32,20,0.0020918300777386,test,2,0.0013146897713727
S24736,58,21,2025-11-30,32,17,0.0020892974999894,test,2,0.0014053162196628
S24759,58,4,2025-11-30,37,14,0.0,test,2,0.0027236109882047
S25018,58,11,2025-11-30,51,16,0.0,test,2,0.0017747471796527
S25024,58,21,2025-11-30,19,25,0.0,test,2,0.0017041802873232
S25228,58,8,2025-11-30,46,12,0.0,test,2,0.0024406345463682
S25327,58,8,2025-11-30,43,32,0.0,test,2,0.0028463353009576
S25392,58,5,2025-11-30,42,15,0.0,test,2,0.0026192048384577
S25393,58,17,2025-11-30,36,23,0.021345260664961,test,2,0.0030162811604626
S25394,58,1,2025-11-30,50,30,0.0,test,2,0.0028209313006337
S25402,58,11,2025-11-30,34,27,0.0,test,2,0.0016043855251203
S25527,58,5,2025-11-30,51,31,0.0,test,2,0.0021954106641521
S25798,58,9,2025-11-30,54,22,0.0,test,2,0.002197277541638
S25975,58,10,2025-11-30,41,23,0.0,test,2,0.0016187353627514
S25980,58,19,2025-11-30,34,27,0.0,test,2,0.0019853839323019
S26033,58,21,2025-11-30,35,29,0.0,test,2,0.0014553388065118
S26037,58,16,2025-11-30,21,25,0.0,test,2,0.0020749674290966
S26101,58,5,2025-11-30,31,22,0.0,test,2,0.0031882659795488
S26104,58,2,2025-11-30,36,24,0.0,test,2,0.0030624766407158
S26119,58,8,2025-11-30,44,20,0.0,test,2,0.0026594762967584
S26820,58,21,2025-11-30,61,16,0.0012316857986875,test,2,0.0015679429693481
S27014,58,3,2025-11-30,54,25,0.0061780419709072,test,2,0.0032412612555094
S27066,58,4,2025-11-30,29,21,0.0025156277680763,test,2,0.0029959471013776
S27273,58,8,2025-11-30,25,19,0.0,test,2,0.0024899162984714
S27284,58,14,2025-11-30,47,14,0.0,test,2,0.0022329452885704
S27826,58,17,2025-11-30,36,27,0.0,test,2,0.0030327015111551
S27831,58,5,2025-11-30,60,18,0.0,test,2,0.0031340816697314
S27832,58,5,2025-11-30,19,21,0.0,test,2,0.0030166455781673
S27834,58,17,2025-11-30,51,13,0.0023598231794462,test,2,0.0029615965246319
S27840,58,7,2025-11-30,44,12,0.0023351093319801,test,2,0.0024597834581418
S27849,58,23,2025-11-30,35,25,0.0,test,2,0.0028061057283736
S28063,58,14,2025-11-30,41,27,0.0,test,2,0.0031169410911256
S28067,58,20,2025-11-30,50,22,0.0,test,2,0.002980229721601
S28369,58,21,2025-11-30,40,22,0.0,test,2,0.0015258159255503
S28518,58,17,2025-11-30,58,29,0.0,test,2,0.0022031388775386
S28522,58,11,2025-11-30,37,32,0.0,test,2,0.0015493013238233
S28747,58,10,2025-11-30,38,18,0.0,test,2,0.0016049739612074
S28772,58,7,2025-11-30,53,23,0.0,test,2,0.0016591080876701
S28853,58,17,2025-11-30,49,31,0.0,test,2,0.0018501003176266
S28958,58,17,2025-11-30,40,21,0.0,test,2,0.0029785637065908
S28960,58,5,2025-11-30,46,28,0.0,test,2,0.003133818325185
S28968,58,4,2025-11-30,55,21,0.0,test,2,0.0029872443525125
S29039,58,2,2025-11-30,28,25,0.0,test,2,0.0028456342189018
S29219,58,11,2025-11-30,20,26,0.0,test,2,0.0015755696232207
S29222,58,9,2025-11-30,52,18,0.0,test,2,0.0020404898497393
S29327,58,8,2025-11-30,19,24,0.0,test,2,0.0022907030517516
S29414,58,5,2025-11-30,31,16,0.0,test,2,0.0032005895211127
S29417,58,5,2025-11-30,22,28,0.0,test,2,0.0030667071801078
S29422,58,2,2025-11-30,57,15,0.0,test,2,0.0029088669642715
S29614,58,9,2025-11-30,32,22,0.0,test,2,0.0016998435931368
S29704,58,10,2025-11-30,54,18,0.0,test,2,0.0015950680976739
S29706,58,11,2025-11-30,25,14,0.0,test,2,0.0016978894931742
S29710,58,13,2025-11-30,55,20,0.0,test,2,0.0027122311474019
S29918,58,7,2025-11-30,55,19,0.0,test,2,0.0015967706521667
S29922,58,15,2025-11-30,46,13,0.0,test,2,0.0025681150724437
S29934,58,19,2025-11-30,30,20,0.0,test,2,0.0019427701641
S30408,58,16,2025-11-30,44,21,0.010020666364232,test,2,0.0023784240811567
S30523,58,17,2025-11-30,41,29,0.0,test,2,0.003006529769884
S30524,58,1,2025-11-30,49,28,0.0,test,2,0.0029522820023632
S30528,58,1,2025-11-30,56,20,0.0,test,2,0.002969043023133
S30530,58,17,2025-11-30,20,25,0.0238416803200047,test,2,0.0030455938350563
S30548,58,3,2025-11-30,28,28,0.0,test,2,0.0029993711144835
S30554,58,3,2025-11-30,45,23,0.0117422982627359,test,2,0.0032432124736631
S30558,58,3,2025-11-30,57,19,0.0024629687445797,test,2,0.0033078033123859
S31359,58,20,2025-11-30,19,15,0.0,test,2,0.0023048489443298
S31527,58,23,2025-11-30,18,21,0.0109361247328052,test,2,0.0029705527803
S31528,58,22,2025-11-30,43,15,0.0,test,2,0.0029883680226411
S31529,58,23,2025-11-30,41,14,0.0064099463795732,test,2,0.002771945236775
S31540,58,17,2025-11-30,32,20,0.0032575318133703,test,2,0.0030503706729973
S31544,58,5,2025-11-30,29,27,0.0,test,2,0.0032291383758905
S31976,58,3,2025-11-30,41,26,0.0022155947556827,test,2,0.0027573016807036
S31979,58,22,2025-11-30,30,30,0.0021912710694901,test,2,0.0021588019198223
S31984,58,7,2025-11-30,20,28,0.0044571192839911,test,2,0.0020903996026817
S32001,58,20,2025-11-30,40,25,0.0,test,2,0.0029599686333214
S32294,58,4,2025-11-30,35,25,0.0,test,2,0.0029596840780376
S32295,58,14,2025-11-30,32,13,0.0,test,2,0.002248144037176
S32372,58,17,2025-11-30,46,17,0.0,test,2,0.0030613250491583
S32384,58,11,2025-11-30,14,19,0.002709495227036,test,2,0.0017452449900567
S32969,58,1,2025-11-30,43,14,0.0,test,2,0.0028028210719353
S32979,58,5,2025-11-30,56,18,0.0,test,2,0.0031650833834622
S32982,58,3,2025-11-30,49,19,0.0,test,2,0.0032081757616199
S33087,58,20,2025-11-30,19,23,0.0,test,2,0.0025580657307261
S33326,58,3,2025-11-30,20,16,0.0125231276502307,test,2,0.0030342133638819
S33332,58,3,2025-11-30,24,20,0.0018280863209854,test,2,0.0033115870464801
S33335,58,1,2025-11-30,49,18,0.0,test,2,0.0029753298551106
S33343,58,17,2025-11-30,27,30,0.0090846942095584,test,2,0.0028708622927181
S33575,58,3,2025-11-30,61,20,0.0,test,2,0.0031539698892938
S33588,58,15,2025-11-30,32,29,0.0,test,2,0.0024504465147333
S33603,58,15,2025-11-30,43,32,0.0,test,2,0.0020965715226621
S33842,58,13,2025-11-30,36,32,0.0,test,2,0.0017051816419287
S33898,58,8,2025-11-30,51,24,0.0,test,2,0.0028338404252583
S34029,58,7,2025-11-30,24,25,0.0,test,2,0.0020258830755952
S34352,58,19,2025-11-30,33,21,0.0,test,2,0.0018151792524197
S34357,58,13,2025-11-30,36,15,0.0,test,2,0.0026606135632708
S34359,58,11,2025-11-30,18,25,0.0,test,2,0.0016686246462974
S34527,58,11,2025-11-30,34,24,0.0,test,2,0.0016948518317098
S34701,58,17,2025-11-30,13,21,0.0,test,2,0.003024278393344
S34717,58,14,2025-11-30,46,23,0.0,test,2,0.0032174856842653
S34950,58,21,2025-11-30,48,14,0.0,test,2,0.0015342230405965
S34977,58,19,2025-11-30,51,29,0.0,test,2,0.0023027893103667
S35321,58,11,2025-11-30,49,31,0.0,test,2,0.0014623558888802
S35408,58,9,2025-11-30,41,23,0.0247762430303634,test,2,0.0017264306287484
S35607,58,13,2025-11-30,52,18,0.0,test,2,0.0027266000590248
S35708,58,2,2025-11-30,35,15,0.0019773067252299,test,2,0.0030387957825096
S35711,58,10,2025-11-30,24,21,0.0119880360847122,test,2,0.0014044569314962
S35719,58,23,2025-11-30,57,16,0.0019782511781938,test,2,0.0029128034251619
S36042,58,20,2025-11-30,31,28,0.0020325701993309,test,2,0.0026568322803604
S36210,58,9,2025-11-30,14,20,0.0,test,2,0.0016350690915727
S36333,58,1,2025-11-30,28,17,0.0,test,2,0.0029926161457689
S36338,58,1,2025-11-30,17,18,0.0,test,2,0.003115340375361
S36495,58,4,2025-11-30,22,14,0.0,test,2,0.0027066629180113
S36542,58,21,2025-11-30,61,26,0.0,test,2,0.0014655539776178
S36814,58,22,2025-11-30,42,27,0.0,test,2,0.0030338640411642
S36817,58,22,2025-11-30,64,23,0.0,test,2,0.0030969763570912
S36827,58,21,2025-11-30,52,17,0.0,test,2,0.0013756554675404
S36877,58,10,2025-11-30,57,29,0.0,test,2,0.0022646452542478
S37225,58,5,2025-11-30,22,24,0.0,test,2,0.0032372286567072
S37521,58,7,2025-11-30,39,16,0.0,test,2,0.0019109884523346
S37524,58,19,2025-11-30,54,22,0.0027991326631184,test,2,0.0021733378207631
S37535,58,13,2025-11-30,50,25,0.0,test,2,0.0026023656068424
S37591,58,2,2025-11-30,21,22,0.0,test,2,0.0027747547458967
S37599,58,22,2025-11-30,19,22,0.0027756369444537,test,2,0.0031245023247846
S37610,58,4,2025-11-30,62,24,0.0,test,2,0.0031828021498238
S37616,58,4,2025-11-30,58,17,0.0027887194335027,test,2,0.0024829802080195
S37637,58,3,2025-11-30,28,14,0.0,test,2,0.0031403105728736
S37879,58,7,2025-11-30,40,25,0.0,test,2,0.0018793546939328
S37880,58,15,2025-11-30,45,23,0.0,test,2,0.0026816138292675
S37928,58,11,2025-11-30,36,26,0.0123488487659433,test,2,0.001662764117486
S37929,58,9,2025-11-30,36,17,0.0121915321591522,test,2,0.0017678813382702
S38412,58,23,2025-11-30,25,18,0.0084293007242075,test,2,0.0028546617820311
S38428,58,1,2025-11-30,30,30,0.0168598882226726,test,2,0.0028220786601177
S38455,58,4,2025-11-30,22,18,0.0,test,2,0.002782035431724
S38746,58,7,2025-11-30,26,23,0.0,test,2,0.0019755102124538
S39285,58,1,2025-11-30,58,29,0.0,test,2,0.0018471813064047
S39289,58,21,2025-11-30,24,30,0.0,test,2,0.0017466450201532
S39317,58,4,2025-11-30,37,13,0.0,test,2,0.0027287309511834
S39363,58,10,2025-11-30,40,30,0.0,test,2,0.001634768358685
S39629,58,10,2025-11-30,55,25,0.0,test,2,0.0014953493516721
S39851,58,19,2025-11-30,28,22,0.0,test,2,0.0020267189518175
S39923,58,13,2025-11-30,37,11,0.0,test,2,0.0013818350440669
S40132,58,1,2025-11-30,44,28,0.0081585081585081,test,2,0.0028125606014206
S40151,58,2,2025-11-30,36,26,0.003299606968345,test,2,0.0029640073039359
S40158,58,23,2025-11-30,31,25,0.0016915118099516,test,2,0.0029023763257133
S40422,58,11,2025-11-30,42,28,0.0,test,2,0.001450696691645
S40443,58,4,2025-11-30,35,16,0.0049817070114769,test,2,0.0028226018356201
S40831,58,22,2025-11-30,43,30,0.0063166456959113,test,2,0.0029967850534742
S40834,58,5,2025-11-30,57,21,0.0021295010883164,test,2,0.0031990668693163
S40837,58,1,2025-11-30,56,17,0.0021634845595981,test,2,0.0030045239703468
S40847,58,2,2025-11-30,26,21,0.0021370553355434,test,2,0.0027921547468077
S40853,58,23,2025-11-30,41,26,0.0,test,2,0.0027901909892368
S40903,58,15,2025-11-30,25,21,0.0086428770172509,test,2,0.0025313328552577
S41039,58,20,2025-11-30,50,16,0.004242532886032,test,2,0.0027199807878105
S41040,58,14,2025-11-30,52,14,0.0021657755175854,test,2,0.0022719979401817
S41042,58,8,2025-11-30,44,18,0.0021256212202862,test,2,0.0026635992035786
S41151,58,10,2025-11-30,40,19,0.0,test,2,0.0015068048105182
S41152,58,11,2025-11-30,30,17,0.0,test,2,0.001783510825064
S41158,58,23,2025-11-30,22,16,0.0,test,2,0.0029536433766198
S41180,58,4,2025-11-30,26,29,0.0,test,2,0.0029374010512199
S41190,58,21,2025-11-30,48,26,0.0,test,2,0.0014690588500136
S41412,58,4,2025-11-30,42,17,0.0,test,2,0.0025621674936506
S41586,58,16,2025-11-30,33,16,0.0036466759851344,test,2,0.0021728814558402
S41692,58,16,2025-11-30,25,30,0.0036368292995261,test,2,0.0023515065623343
S41853,58,3,2025-11-30,26,17,0.0,test,2,0.0031311441389164
S41871,58,17,2025-11-30,33,14,0.0,test,2,0.0030089432252604
S41881,58,8,2025-11-30,37,13,0.0092089476878037,test,2,0.0025069006878084
S41883,58,20,2025-11-30,40,16,0.0,test,2,0.0026652582688392
S41889,58,8,2025-11-30,57,28,0.0,test,2,0.0029817936457252
S42137,58,7,2025-11-30,30,17,0.0043410738960832,test,2,0.0016725589530667
S42153,58,13,2025-11-30,36,19,0.0200028904853637,test,2,0.0027390254339609
S42401,58,1,2025-11-30,31,13,0.0,test,2,0.0029847177861642
S42404,58,9,2025-11-30,28,15,0.0,test,2,0.0016246891257081
S42410,58,2,2025-11-30,30,23,0.0,test,2,0.0029757225507432
S42798,58,13,2025-11-30,48,18,0.0,test,2,0.0027260054033594
S42893,58,15,2025-11-30,51,31,0.0,test,2,0.0022633980251618
S43001,58,19,2025-11-30,39,12,0.0,test,2,0.0020888012512548
S43004,58,13,2025-11-30,32,18,0.0,test,2,0.0026562485294873
S43234,58,10,2025-11-30,26,26,0.0149305575113734,test,2,0.0014466465482266
S43481,58,20,2025-11-30,15,21,0.000944437793474,test,2,0.002433177528897
S43570,58,5,2025-11-30,26,24,0.0180725082120216,test,2,0.003280708427211
S43572,58,3,2025-11-30,14,21,0.0112831689462093,test,2,0.0028940683569936
S43574,58,5,2025-11-30,25,14,0.0183101814148653,test,2,0.0030793221037379
S43591,58,2,2025-11-30,22,23,0.0167570065469142,test,2,0.002834999920345
S00254,58,13,2025-11-30,33,27,0.0,test,3,0.0023382206929361
S00255,58,13,2025-11-30,39,22,0.0,test,3,0.0027764910856758
S00256,58,16,2025-11-30,34,25,0.0,test,3,0.0023062461758901
S00304,58,13,2025-11-30,42,20,0.0044337985699438,test,3,0.0028078601674917
S00807,58,14,2025-11-30,52,27,0.0,test,3,0.0026674262959227
S00953,58,23,2025-11-30,36,28,0.0,test,3,0.0028210151020613
S00955,58,23,2025-11-30,63,25,0.0,test,3,0.0029581594552939
S01007,58,8,2025-11-30,30,13,0.0,test,3,0.0023715009065524
S01078,58,7,2025-11-30,26,18,0.0,test,3,0.0019411294413585
S01315,58,21,2025-11-30,52,16,0.0042792443732672,test,3,0.0013815135121886
S01375,58,19,2025-11-30,41,15,0.0,test,3,0.0018118228512664
S01442,58,7,2025-11-30,35,17,0.0101851119952455,test,3,0.0015937278618887
S01629,58,23,2025-11-30,35,21,0.0130685154832545,test,3,0.0028453229954769
S01633,58,3,2025-11-30,20,21,0.0058765278824694,test,3,0.0032677337550876
S01635,58,2,2025-11-30,36,27,0.0029003775743039,test,3,0.00290529502411
S01642,58,17,2025-11-30,20,24,0.0059215836959856,test,3,0.0029217507908599
S01645,58,5,2025-11-30,22,18,0.0087629593060159,test,3,0.0031742226982996
S01646,58,17,2025-11-30,33,25,0.0014599912459277,test,3,0.0030474417714621
S01653,58,1,2025-11-30,51,14,0.0029470188858252,test,3,0.0028807582805774
S01663,58,14,2025-11-30,51,24,0.0,test,3,0.0028992310377691
S01667,58,4,2025-11-30,43,15,0.0,test,3,0.0023963644867701
S02049,58,10,2025-11-30,51,27,0.0,test,3,0.0017893287089396
S02342,58,11,2025-11-30,38,18,0.0,test,3,0.0017890776172164
S02451,58,19,2025-11-30,58,21,0.0,test,3,0.0020540200910966
S02596,58,22,2025-11-30,25,20,0.0056916434763688,test,3,0.0031313664926826
S02597,58,23,2025-11-30,53,17,0.0,test,3,0.0029129977149675
S02620,58,23,2025-11-30,46,29,0.0,test,3,0.0028089041404943
S02656,58,10,2025-11-30,42,14,0.0,test,3,0.0013714571357441
S02659,58,11,2025-11-30,14,22,0.0,test,3,0.0016936926288379
S02699,58,22,2025-11-30,52,30,0.0,test,3,0.0029149617720523
S02703,58,9,2025-11-30,61,26,0.0,test,3,0.0019982688255689
S02713,58,2,2025-11-30,48,27,0.0,test,3,0.0029231396011929
S02790,58,8,2025-11-30,48,19,0.0,test,3,0.0027006084453879
S02871,58,19,2025-11-30,27,15,0.0,test,3,0.001929670966669
S02872,58,21,2025-11-30,14,19,0.0,test,3,0.0017466601017037
S03134,58,4,2025-11-30,51,31,0.0,test,3,0.0029546294786602
S04357,58,3,2025-11-30,39,16,0.0,test,3,0.0032198350777595
S04360,58,17,2025-11-30,51,24,0.0,test,3,0.0025522451030144
S04706,58,9,2025-11-30,22,27,0.0,test,3,0.001574514626389
S04988,58,23,2025-11-30,28,30,0.0,test,3,0.0028676244039609
S04992,58,1,2025-11-30,46,24,0.0,test,3,0.0030471813330426
S04994,58,23,2025-11-30,61,19,0.0,test,3,0.0030097821630706
S04997,58,5,2025-11-30,45,28,0.0,test,3,0.0032424636737693
S04999,58,1,2025-11-30,39,26,0.0,test,3,0.0028496763360223
S05012,58,4,2025-11-30,54,23,0.0,test,3,0.0031138796106953
S05155,58,21,2025-11-30,13,19,0.0,test,3,0.001486126595838
S05299,58,21,2025-11-30,37,26,0.0,test,3,0.0014119181161981
S05449,58,22,2025-11-30,37,12,0.0193123571532024,test,3,0.0029500721911365
S05455,58,3,2025-11-30,52,24,0.0051647632210664,test,3,0.0032362189488054
S05474,58,8,2025-11-30,35,16,0.0,test,3,0.0024845537761865
S05477,58,14,2025-11-30,44,25,0.0,test,3,0.0032227922695833
S05877,58,7,2025-11-30,61,25,0.0,test,3,0.00217758637893
S05882,58,9,2025-11-30,33,12,0.0,test,3,0.0017964945291332
S06140,58,13,2025-11-30,47,11,0.0,test,3,0.0014912522795836
S06190,58,15,2025-11-30,60,18,0.0136161896586363,test,3,0.0026365890710599
S06262,58,22,2025-11-30,18,22,0.0090415419740396,test,3,0.0030302112448478
S06264,58,1,2025-11-30,41,17,0.0045115375537844,test,3,0.0029839505238207
S06266,58,5,2025-11-30,56,20,0.0106575255180188,test,3,0.003217633484129
S06272,58,3,2025-11-30,33,12,0.0089623024281167,test,3,0.0031023898266423
S06418,58,5,2025-11-30,58,21,0.0,test,3,0.0032412827663282
S06421,58,7,2025-11-30,20,24,0.0,test,3,0.0020916906958855
S06695,58,11,2025-11-30,27,25,0.0,test,3,0.0016343176457561
S06740,58,19,2025-11-30,45,18,0.0022494693153375,test,3,0.0017722099796067
S06741,58,21,2025-11-30,28,25,0.0,test,3,0.0019001873116496
S06743,58,21,2025-11-30,30,21,0.0,test,3,0.0014391249405741
S06769,58,19,2025-11-30,19,27,0.0022622786653921,test,3,0.0023631463267674
S06774,58,15,2025-11-30,32,16,0.0044881520011559,test,3,0.0025445220244988
S06779,58,13,2025-11-30,19,17,0.0,test,3,0.0028230960820212
S06945,58,16,2025-11-30,51,20,0.0,test,3,0.0025489302637465
S07435,58,7,2025-11-30,53,21,0.0,test,3,0.0017352754244356
S07439,58,11,2025-11-30,49,24,0.0,test,3,0.0018549835812087
S07442,58,16,2025-11-30,38,30,0.0,test,3,0.0022421797783222
S07541,58,14,2025-11-30,46,31,0.0,test,3,0.0025970071589894
S08068,58,20,2025-11-30,30,28,0.0170206645250994,test,3,0.0025031423483517
S08072,58,4,2025-11-30,27,30,0.0262451693430306,test,3,0.0029322066835796
S08073,58,20,2025-11-30,42,25,0.0156682069158087,test,3,0.0029172573995612
S08120,58,3,2025-11-30,36,15,0.0,test,3,0.0031876537190512
S08125,58,17,2025-11-30,30,17,0.0,test,3,0.0030302014942933
S08132,58,15,2025-11-30,25,15,0.0,test,3,0.0025364588599097
S08143,58,23,2025-11-30,48,28,0.0,test,3,0.0028187315749139
S08293,58,19,2025-11-30,39,27,0.0062100935887343,test,3,0.0020338255081172
S08860,58,20,2025-11-30,29,18,0.0,test,3,0.0027678646526909
S08861,58,14,2025-11-30,29,16,0.0,test,3,0.0022156303840179
S08863,58,4,2025-11-30,34,19,0.0,test,3,0.0029685313621695
S08962,58,20,2025-11-30,52,27,0.0,test,3,0.0027243662156865
S09171,58,7,2025-11-30,54,16,0.0,test,3,0.0021639907162446
S09177,58,21,2025-11-30,42,13,0.0,test,3,0.001596495970206
S09183,58,13,2025-11-30,13,22,0.0,test,3,0.0026865344027818
S09271,58,14,2025-11-30,40,12,0.0,test,3,0.002419022027989
S09273,58,4,2025-11-30,36,18,0.0,test,3,0.0028939099785497
S09376,58,14,2025-11-30,57,18,0.0,test,3,0.0030599578537751
S09378,58,14,2025-11-30,54,21,0.0,test,3,0.0028057139059849
S09559,58,22,2025-11-30,26,28,0.0,test,3,0.0030165122388259
S09792,58,11,2025-11-30,44,32,0.0222901117803333,test,3,0.0016191213148872
S09985,58,5,2025-11-30,44,19,0.0,test,3,0.0031862397776004
S09986,58,2,2025-11-30,23,27,0.0026772247360482,test,3,0.0026822435925181
S09995,58,22,2025-11-30,17,19,0.014336663782026,test,3,0.0030534289191799
S10010,58,10,2025-11-30,34,26,0.0,test,3,0.0016803666103015
S10123,58,4,2025-11-30,33,11,0.0477738115650606,test,3,0.0025255499820896
S10124,58,20,2025-11-30,40,30,0.006411993136458,test,3,0.0025475452914304
S10237,58,5,2025-11-30,52,23,0.0,test,3,0.0032825871797285
S10444,58,15,2025-11-30,39,18,0.0,test,3,0.0024870516707577
S10448,58,11,2025-11-30,15,21,0.0,test,3,0.0017419715407008
S10449,58,10,2025-11-30,35,28,0.0,test,3,0.0016182735637401
S10670,58,5,2025-11-30,17,23,0.0,test,3,0.0031305560527122
S10821,58,10,2025-11-30,25,27,0.0238470280666976,test,3,0.001325007210863
S10823,58,4,2025-11-30,23,15,0.0116478005109095,test,3,0.0028182920391659
S10865,58,23,2025-11-30,53,13,0.0,test,3,0.0016664277629686
S11041,58,9,2025-11-30,60,21,0.0255276871577903,test,3,0.002029370870223
S11043,58,7,2025-11-30,63,20,0.022936520755936,test,3,0.0021902564520546
S11045,58,13,2025-11-30,46,15,0.0153504030639033,test,3,0.0024217110591021
S11401,58,2,2025-11-30,37,25,0.0201349706825976,test,3,0.0030737640607872
S11406,58,2,2025-11-30,39,16,0.0287845104494767,test,3,0.0029874851726291
S11409,58,22,2025-11-30,20,26,0.0148565944525731,test,3,0.0030358385824908
S11433,58,4,2025-11-30,39,27,0.025575162417719,test,3,0.00284567654799
S11434,58,20,2025-11-30,43,27,0.0302370291054219,test,3,0.002824503918162
S11436,58,8,2025-11-30,33,24,0.0163480696214428,test,3,0.0026869904588345
S11701,58,8,2025-11-30,26,25,0.0,test,3,0.0025422106314031
S11703,58,4,2025-11-30,17,22,0.0045929211717955,test,3,0.0025945032328675
S11876,58,11,2025-11-30,43,12,0.0,test,3,0.0018770585558911
S11887,58,19,2025-11-30,31,28,0.0,test,3,0.0020841521702212
S11894,58,19,2025-11-30,36,15,0.0,test,3,0.0019021687271874
S11899,58,19,2025-11-30,13,21,0.0,test,3,0.0023933880629676
S11901,58,19,2025-11-30,23,22,0.0,test,3,0.001925991371354
S11904,58,21,2025-11-30,14,22,0.0,test,3,0.0017006487121971
S11907,58,21,2025-11-30,15,23,0.0,test,3,0.0016152260305009
S11950,58,15,2025-11-30,60,26,0.0,test,3,0.0025752739707926
S11962,58,2,2025-11-30,55,19,0.0,test,3,0.0029983403021351
S11967,58,23,2025-11-30,45,19,0.0,test,3,0.0028717660206067
S12207,58,2,2025-11-30,29,18,0.0026540638684182,test,3,0.0032528373231205
S12214,58,16,2025-11-30,39,27,0.0026686856320542,test,3,0.0022905617298142
S12226,58,23,2025-11-30,52,16,0.0,test,3,0.002901871647023
S12352,58,4,2025-11-30,57,25,0.0,test,3,0.0031959674900229
S12471,58,15,2025-11-30,45,15,0.0,test,3,0.00259646390229
S12594,58,3,2025-11-30,62,18,0.0,test,3,0.003181533434471
S12597,58,1,2025-11-30,40,18,0.0,test,3,0.0029948156891812
S12605,58,22,2025-11-30,35,28,0.0,test,3,0.0030609060982437
S12788,58,11,2025-11-30,59,20,0.0,test,3,0.0019893857717446
S12791,58,15,2025-11-30,35,25,0.0,test,3,0.0026006024632667
S12792,58,10,2025-11-30,32,15,0.0,test,3,0.0014470533684934
S12795,58,13,2025-11-30,43,17,0.0,test,3,0.0027109359126249
S12941,58,8,2025-11-30,33,20,0.0,test,3,0.0030465378765315
S13059,58,2,2025-11-30,57,14,0.0,test,3,0.0015864108910619
S13260,58,1,2025-11-30,29,17,0.0,test,3,0.003092856061056
S13384,58,9,2025-11-30,60,19,0.0,test,3,0.0021247072955353
S13644,58,13,2025-11-30,44,31,0.0,test,3,0.0025451142503375
S13747,58,11,2025-11-30,43,17,0.0092269908711403,test,3,0.0017832612985598
S13756,58,11,2025-11-30,42,16,0.0265855726462808,test,3,0.0018631110646992
S14044,58,10,2025-11-30,29,19,0.0,test,3,0.0014434260960694
S14046,58,7,2025-11-30,37,24,0.0074410944547377,test,3,0.0015299297125614
S14136,58,20,2025-11-30,54,21,0.0,test,3,0.0028529244867621
S14137,58,14,2025-11-30,63,20,0.0,test,3,0.0031448217225778
S14776,58,16,2025-11-30,49,13,0.0,test,3,0.0025680851489902
S15197,58,22,2025-11-30,40,25,0.0020980821755887,test,3,0.0030494700461102
S15200,58,23,2025-11-30,40,21,0.0,test,3,0.0029191571063344
S15212,58,17,2025-11-30,47,28,0.0020638677795772,test,3,0.0030074607776172
S15340,58,10,2025-11-30,24,20,0.0,test,3,0.0014713065964512
S15423,58,5,2025-11-30,46,29,0.0,test,3,0.0031794005982288
S15750,58,4,2025-11-30,20,19,0.0,test,3,0.0027634919594454
S16003,58,1,2025-11-30,28,20,0.0112299888152022,test,3,0.0031001668702232
S16108,58,21,2025-11-30,18,18,0.0,test,3,0.0017479860129161
S16109,58,19,2025-11-30,52,14,0.0,test,3,0.0022867764277187
S16110,58,21,2025-11-30,47,15,0.0,test,3,0.0014260659641735
S16126,58,13,2025-11-30,58,24,0.0,test,3,0.0028199279493499
S16217,58,5,2025-11-30,26,22,0.0,test,3,0.0032967018747892
S16222,58,10,2025-11-30,18,23,0.0,test,3,0.0013795758556358
S16224,58,7,2025-11-30,20,19,0.0,test,3,0.0019425893801013
S16226,58,9,2025-11-30,41,15,0.0,test,3,0.0017707012780626
S16570,58,19,2025-11-30,27,14,0.0,test,3,0.001930768362276
S16572,58,19,2025-11-30,48,14,0.0,test,3,0.0019887715144264
S16576,58,7,2025-11-30,56,17,0.0,test,3,0.0020199151124173
S16679,58,21,2025-11-30,55,28,0.0,test,3,0.0014911169884818
S16825,58,20,2025-11-30,58,19,0.0026717844509671,test,3,0.0028132619659374
S17028,58,9,2025-11-30,28,29,0.0,test,3,0.0016714300467194
S17546,58,2,2025-11-30,65,22,0.017013189990239,test,3,0.0029834559015825
S17554,58,5,2025-11-30,48,15,0.0308412501721051,test,3,0.0030265815646123
S17720,58,16,2025-11-30,27,12,0.0244777139525884,test,3,0.001562956722101
S18003,58,15,2025-11-30,26,19,0.0,test,3,0.0025388036801245
S18011,58,3,2025-11-30,32,29,0.0,test,3,0.002625717059681
S18144,58,21,2025-11-30,43,24,0.0,test,3,0.0013722476008982
S18792,58,8,2025-11-30,36,30,0.0072102431462276,test,3,0.0024133881882717
S18874,58,22,2025-11-30,20,24,0.0109681790395229,test,3,0.00306513516003
S18879,58,5,2025-11-30,45,17,0.0146988613558104,test,3,0.0031285407529812
S18880,58,1,2025-11-30,19,22,0.0032759438936933,test,3,0.0030576080592761
S18881,58,1,2025-11-30,51,19,0.0126147734988229,test,3,0.0030008641416457
S18882,58,5,2025-11-30,45,26,0.003315145612935,test,3,0.0032100092950722
S18883,58,17,2025-11-30,42,25,0.0119835951662293,test,3,0.0029831894300615
S18890,58,3,2025-11-30,31,24,0.0132782965308112,test,3,0.0032678739964726
S18895,58,22,2025-11-30,64,18,0.0153088277679869,test,3,0.0024945028382518
S19044,58,21,2025-11-30,25,17,0.0,test,3,0.0016281552383192
S19052,58,7,2025-11-30,26,16,0.0,test,3,0.0019065443972853
S19209,58,2,2025-11-30,23,26,0.0,test,3,0.0029214287616166
S19215,58,22,2025-11-30,51,20,0.0,test,3,0.0030496215587375
S19555,58,16,2025-11-30,28,23,0.0034231125529049,test,3,0.002145784392557
S19556,58,16,2025-11-30,17,22,0.0017354382068768,test,3,0.0022645581685889
S19778,58,5,2025-11-30,30,22,0.0,test,3,0.0032490943039377
S19781,58,17,2025-11-30,20,15,0.0,test,3,0.0028731284540049
S19923,58,15,2025-11-30,37,15,0.0,test,3,0.0025451470555918
S19937,58,19,2025-11-30,50,21,0.0,test,3,0.0021667930248278
S20219,58,23,2025-11-30,25,24,0.0,test,3,0.0029070932185818
S20246,58,1,2025-11-30,37,21,0.0,test,3,0.00295351889724
S20256,58,5,2025-11-30,31,19,0.0,test,3,0.003229736321352
S20259,58,5,2025-11-30,43,18,0.0,test,3,0.0031416605853433
S20260,58,17,2025-11-30,34,17,0.0,test,3,0.0030295481296364
S20266,58,1,2025-11-30,35,27,0.0057204682266548,test,3,0.0029724075722666
S20285,58,20,2025-11-30,38,15,0.0,test,3,0.0025824139607549
S20293,58,8,2025-11-30,49,27,0.0,test,3,0.0032060276320252
S20540,58,4,2025-11-30,50,22,0.0,test,3,0.0030352523855891
S20733,58,2,2025-11-30,48,17,0.0,test,3,0.0029750905513254
S20736,58,22,2025-11-30,52,26,0.0,test,3,0.0030973384995886
S20854,58,2,2025-11-30,57,29,0.0,test,3,0.0018957543348197
S20860,58,16,2025-11-30,31,12,0.0,test,3,0.0016169871998127
S21088,58,23,2025-11-30,30,23,0.0,test,3,0.0029512317064765
S21090,58,23,2025-11-30,33,13,0.0,test,3,0.0028034921778095
S21094,58,1,2025-11-30,36,18,0.0,test,3,0.0029392622283244
S21157,58,20,2025-11-30,23,19,0.0,test,3,0.0026456782560996
S21347,58,9,2025-11-30,36,32,0.0,test,3,0.0015086626733653
S21442,58,11,2025-11-30,53,28,0.0,test,3,0.0018036478382488
S21444,58,9,2025-11-30,30,18,0.0,test,3,0.0016702219450616
S21573,58,22,2025-11-30,54,19,0.0,test,3,0.0030097103245021
S21580,58,3,2025-11-30,53,16,0.0040994424098452,test,3,0.00304027013859
S21755,58,20,2025-11-30,60,16,0.0,test,3,0.0023200557715148
S21756,58,8,2025-11-30,42,27,0.0,test,3,0.0027650355295266
S21808,58,19,2025-11-30,28,31,0.0,test,3,0.0022885780373973
S22111,58,19,2025-11-30,48,26,0.0,test,3,0.0019268914890853
S22119,58,13,2025-11-30,59,18,0.0,test,3,0.002810632796877
S22120,58,13,2025-11-30,20,21,0.0,test,3,0.0027532357896042
S22121,58,13,2025-11-30,36,21,0.0,test,3,0.0027487953361421
S22317,58,10,2025-11-30,51,26,0.0,test,3,0.0013959729144062
S22375,58,17,2025-11-30,59,21,0.0,test,3,0.0031037951915489
S22376,58,5,2025-11-30,32,31,0.0,test,3,0.0030628443013697
S22377,58,5,2025-11-30,33,17,0.0,test,3,0.0031113737178936
S22795,58,10,2025-11-30,35,31,0.0016236736187339,test,3,0.0015418285512111
S22808,58,9,2025-11-30,32,30,0.0031351917387382,test,3,0.0016974760720985
S23272,58,17,2025-11-30,61,26,0.0,test,3,0.0030678895123279
S23336,58,4,2025-11-30,29,17,0.0,test,3,0.0029188898057924
S23338,58,20,2025-11-30,56,14,0.0,test,3,0.0026493512214678
S23340,58,20,2025-11-30,30,30,0.0,test,3,0.0024222325038915
S23445,58,4,2025-11-30,45,17,0.0,test,3,0.0025605632629897
S23714,58,11,2025-11-30,52,22,0.0,test,3,0.0019523303828671
S23747,58,7,2025-11-30,31,31,0.0,test,3,0.0021621337899542
S23841,58,21,2025-11-30,48,29,0.0,test,3,0.0014763184303429
S24148,58,17,2025-11-30,19,18,0.0,test,3,0.0029937661896704
S24447,58,11,2025-11-30,52,26,0.0,test,3,0.0017122953866665
S24449,58,7,2025-11-30,56,22,0.0,test,3,0.0018386843818267
S24450,58,16,2025-11-30,22,20,0.0,test,3,0.002018327326224
S24478,58,22,2025-11-30,55,17,0.0,test,3,0.0030421243473201
S24509,58,5,2025-11-30,29,23,0.0,test,3,0.0032304053906265
S24517,58,14,2025-11-30,42,27,0.0,test,3,0.0030856018883313
S24696,58,13,2025-11-30,16,26,0.0,test,3,0.0020430561231655
S24697,58,16,2025-11-30,25,13,0.0,test,3,0.0016308023419594
S24721,58,16,2025-11-30,27,18,0.0,test,3,0.0020619731198549
S24728,58,13,2025-11-30,45,16,0.0041074719625782,test,3,0.0026811924094438
S24735,58,21,2025-11-30,35,20,0.0020918300777386,test,3,0.0013732673370464
S24736,58,21,2025-11-30,29,17,0.0020892974999894,test,3,0.0013871278179494
S24759,58,4,2025-11-30,43,14,0.0,test,3,0.0025802530804122
S25018,58,11,2025-11-30,54,16,0.0,test,3,0.0019268178777522
S25024,58,21,2025-11-30,16,25,0.0,test,3,0.001602637671082
S25228,58,8,2025-11-30,45,31,0.0,test,3,0.0023517816224316
S25327,58,8,2025-11-30,58,29,0.0,test,3,0.003080693253587
S25392,58,5,2025-11-30,39,15,0.0,test,3,0.0030890440783616
S25393,58,17,2025-11-30,33,23,0.021345260664961,test,3,0.0029789509503053
S25394,58,1,2025-11-30,56,29,0.0,test,3,0.0027626125581341
S25402,58,11,2025-11-30,31,27,0.0,test,3,0.0016123857432672
S25527,58,5,2025-11-30,48,31,0.0,test,3,0.0021791708997782
S25798,58,9,2025-11-30,57,22,0.0,test,3,0.002038586194147
S25975,58,10,2025-11-30,38,23,0.0,test,3,0.0018003105842057
S25980,58,19,2025-11-30,31,27,0.0,test,3,0.001706295817007
S26033,58,21,2025-11-30,32,29,0.0,test,3,0.00140857374297
S26037,58,16,2025-11-30,16,25,0.0,test,3,0.002201575219013
S26101,58,5,2025-11-30,34,22,0.0,test,3,0.0032337196919247
S26104,58,2,2025-11-30,39,24,0.0,test,3,0.0029790302277279
S26119,58,8,2025-11-30,51,20,0.0,test,3,0.0028211241125549
S26820,58,21,2025-11-30,55,15,0.0012316857986875,test,3,0.0015858109728752
S27014,58,3,2025-11-30,51,25,0.0061780419709072,test,3,0.00322674625306
S27066,58,4,2025-11-30,23,21,0.0025156277680763,test,3,0.0030531907736312
S27273,58,8,2025-11-30,15,19,0.0,test,3,0.002310686480814
S27284,58,14,2025-11-30,53,14,0.0,test,3,0.0022396769031455
S27826,58,17,2025-11-30,33,27,0.0,test,3,0.0030364352041733
S27831,58,5,2025-11-30,63,18,0.0,test,3,0.0032465918279614
S27832,58,5,2025-11-30,15,20,0.0,test,3,0.0031596957135542
S27834,58,17,2025-11-30,47,13,0.0023598231794462,test,3,0.0029576882717694
S27840,58,7,2025-11-30,47,12,0.0023351093319801,test,3,0.002398942871884
S27849,58,23,2025-11-30,32,25,0.0,test,3,0.0029155936141603
S28063,58,14,2025-11-30,38,27,0.0,test,3,0.0029718143822108
S28067,58,20,2025-11-30,56,22,0.0,test,3,0.0029268070113367
S28369,58,21,2025-11-30,43,22,0.0,test,3,0.0015067725777186
S28518,58,17,2025-11-30,63,26,0.0,test,3,0.0020547407086787
S28522,58,11,2025-11-30,31,31,0.0,test,3,0.0014067968660034
S28747,58,10,2025-11-30,41,18,0.0,test,3,0.0013799759611694
S28772,58,7,2025-11-30,50,23,0.0,test,3,0.0017964075315326
S28853,58,17,2025-11-30,44,31,0.0,test,3,0.0029566386638826
S28958,58,17,2025-11-30,37,21,0.0,test,3,0.0030673433073266
S28960,58,5,2025-11-30,49,28,0.0,test,3,0.0031898724370305
S28968,58,4,2025-11-30,49,21,0.0,test,3,0.0029139408154383
S29039,58,2,2025-11-30,25,25,0.0,test,3,0.0028092586365773
S29219,58,11,2025-11-30,23,26,0.0,test,3,0.0015876962887689
S29222,58,9,2025-11-30,56,18,0.0,test,3,0.0019551747672986
S29327,58,8,2025-11-30,25,24,0.0,test,3,0.0026793869520375
S29414,58,5,2025-11-30,34,16,0.0,test,3,0.0031246727768845
S29417,58,5,2025-11-30,25,28,0.0,test,3,0.0031430256865888
S29422,58,2,2025-11-30,54,15,0.0,test,3,0.0029765503348371
S29614,58,9,2025-11-30,35,22,0.0,test,3,0.0015973793974921
S29704,58,10,2025-11-30,57,18,0.0,test,3,0.0017929473314498
S29706,58,11,2025-11-30,28,14,0.0,test,3,0.0018312050484373
S29710,58,13,2025-11-30,58,20,0.0,test,3,0.0026963249583317
S29918,58,7,2025-11-30,52,19,0.0,test,3,0.0017869756412456
S29922,58,15,2025-11-30,43,13,0.0,test,3,0.0025355533260398
S29934,58,19,2025-11-30,33,20,0.0,test,3,0.0019024685856805
S30408,58,16,2025-11-30,41,21,0.010020666364232,test,3,0.0025870808449179
S30523,58,17,2025-11-30,38,29,0.0,test,3,0.003014225723679
S30524,58,1,2025-11-30,52,28,0.0,test,3,0.0027911100433263
S30528,58,1,2025-11-30,59,20,0.0,test,3,0.002929940191832
S30530,58,17,2025-11-30,17,25,0.0238416803200047,test,3,0.0029403645726252
S30548,58,3,2025-11-30,31,28,0.0,test,3,0.0025942063820444
S30554,58,3,2025-11-30,42,23,0.0117422982627359,test,3,0.0030537910201005
S30558,58,3,2025-11-30,54,19,0.0024629687445797,test,3,0.0032617755263322
S31359,58,20,2025-11-30,23,13,0.0,test,3,0.0023197562307665
S31527,58,23,2025-11-30,15,21,0.0109361247328052,test,3,0.002846755435038
S31528,58,22,2025-11-30,40,15,0.0,test,3,0.0029174913518475
S31529,58,23,2025-11-30,44,14,0.0064099463795732,test,3,0.0027961681877921
S31540,58,17,2025-11-30,36,20,0.0032575318133703,test,3,0.0029849277435926
S31544,58,5,2025-11-30,26,27,0.0,test,3,0.003221415243051
S31976,58,3,2025-11-30,44,26,0.0022155947556827,test,3,0.0030552761006251
S31979,58,22,2025-11-30,33,30,0.0021912710694901,test,3,0.0030081252398353
S31984,58,7,2025-11-30,23,28,0.0044571192839911,test,3,0.0020817039628178
S32001,58,20,2025-11-30,34,25,0.0,test,3,0.0029349610688061
S32294,58,4,2025-11-30,32,25,0.0,test,3,0.0030237418866076
S32295,58,14,2025-11-30,32,12,0.0,test,3,0.0021680892047575
S32372,58,17,2025-11-30,42,17,0.0,test,3,0.003016757302365
S32384,58,11,2025-11-30,18,18,0.002709495227036,test,3,0.0015662824124953
S32969,58,1,2025-11-30,47,14,0.0,test,3,0.0029549013932232
S32979,58,5,2025-11-30,59,18,0.0,test,3,0.0031432762719211
S32982,58,3,2025-11-30,46,19,0.0,test,3,0.0030345152653101
S33087,58,20,2025-11-30,16,22,0.0,test,3,0.0026079677116755
S33326,58,3,2025-11-30,23,16,0.0125231276502307,test,3,0.0031293445058079
S33332,58,3,2025-11-30,27,20,0.0018280863209854,test,3,0.0032718609235385
S33335,58,1,2025-11-30,52,18,0.0,test,3,0.002999296640794
S33343,58,17,2025-11-30,30,30,0.0090846942095584,test,3,0.0029336869767682
S33575,58,3,2025-11-30,64,20,0.0,test,3,0.0031688972845334
S33588,58,15,2025-11-30,29,29,0.0,test,3,0.0024601821139445
S33603,58,15,2025-11-30,47,32,0.0,test,3,0.0021453788126645
S33842,58,13,2025-11-30,25,30,0.0,test,3,0.0017214758388575
S33898,58,8,2025-11-30,57,24,0.0,test,3,0.0031489830944451
S34029,58,7,2025-11-30,21,25,0.0,test,3,0.0020535129812303
S34352,58,19,2025-11-30,30,21,0.0,test,3,0.0021132868679031
S34357,58,13,2025-11-30,33,15,0.0,test,3,0.0027186914982259
S34359,58,11,2025-11-30,15,25,0.0,test,3,0.0016808962361381
S34527,58,11,2025-11-30,37,24,0.0,test,3,0.0016938760551722
S34701,58,17,2025-11-30,15,20,0.0,test,3,0.0029727705024311
S34717,58,14,2025-11-30,40,23,0.0,test,3,0.0031352012506561
S34950,58,21,2025-11-30,52,14,0.0,test,3,0.0016558080011117
S34977,58,19,2025-11-30,48,29,0.0,test,3,0.0020507268311913
S35321,58,11,2025-11-30,46,31,0.0,test,3,0.0017486779912014
S35408,58,9,2025-11-30,38,23,0.0247762430303634,test,3,0.0016164727906915
S35607,58,13,2025-11-30,55,18,0.0,test,3,0.0027353207897495
S35708,58,2,2025-11-30,32,15,0.0019773067252299,test,3,0.0028078055981929
S35711,58,10,2025-11-30,21,21,0.0119880360847122,test,3,0.001360284418633
S35719,58,23,2025-11-30,61,16,0.0019782511781938,test,3,0.0028896037702086
S36042,58,20,2025-11-30,34,28,0.0020325701993309,test,3,0.002701478188568
S36210,58,9,2025-11-30,17,20,0.0,test,3,0.0016971427984652
S36333,58,1,2025-11-30,25,17,0.0,test,3,0.0031471451692116
S36338,58,1,2025-11-30,20,18,0.0,test,3,0.0031112065529007
S36495,58,4,2025-11-30,30,12,0.0,test,3,0.0026165206026389
S36542,58,21,2025-11-30,63,25,0.0,test,3,0.0015474898890636
S36814,58,22,2025-11-30,38,27,0.0,test,3,0.0030469481725481
S36817,58,22,2025-11-30,61,23,0.0,test,3,0.0030512979964397
S36827,58,21,2025-11-30,49,17,0.0,test,3,0.0014030817050357
S36877,58,10,2025-11-30,61,28,0.0,test,3,0.0018272720810994
S37225,58,5,2025-11-30,25,24,0.0,test,3,0.0032248024675337
S37521,58,7,2025-11-30,42,16,0.0,test,3,0.0018286966065446
S37524,58,19,2025-11-30,57,22,0.0027991326631184,test,3,0.0020687243114937
S37535,58,13,2025-11-30,47,25,0.0,test,3,0.0026738928738445
S37591,58,2,2025-11-30,24,22,0.0,test,3,0.0028560978064422
S37599,58,22,2025-11-30,22,22,0.0027756369444537,test,3,0.0031149415175641
S37610,58,4,2025-11-30,65,23,0.0,test,3,0.0031142541630976
S37616,58,4,2025-11-30,52,17,0.0027887194335027,test,3,0.0030979440684568
S37637,58,3,2025-11-30,31,14,0.0,test,3,0.0030935409201553
S37879,58,7,2025-11-30,37,25,0.0,test,3,0.0017153117505286
S37880,58,15,2025-11-30,41,23,0.0,test,3,0.0026607129225278
S37928,58,11,2025-11-30,39,26,0.0123488487659433,test,3,0.0015024220436743
S37929,58,9,2025-11-30,33,17,0.0121915321591522,test,3,0.0018086673238104
S38412,58,23,2025-11-30,28,18,0.0084293007242075,test,3,0.0028216846310005
S38428,58,1,2025-11-30,33,30,0.0168598882226726,test,3,0.0027444847585369
S38455,58,4,2025-11-30,29,18,0.0,test,3,0.0030179194784769
S38746,58,7,2025-11-30,23,23,0.0,test,3,0.0017199021672667
S39285,58,1,2025-11-30,63,26,0.0,test,3,0.0019686093292825
S39289,58,21,2025-11-30,19,28,0.0,test,3,0.0018632323414651
S39317,58,4,2025-11-30,31,13,0.0,test,3,0.0025746998311778
S39363,58,10,2025-11-30,43,30,0.0,test,3,0.0016098914765455
S39629,58,10,2025-11-30,52,25,0.0,test,3,0.0015512407949373
S39851,58,19,2025-11-30,31,22,0.0,test,3,0.0018518395996434
S39923,58,13,2025-11-30,34,11,0.0,test,3,0.0013549178793392
S40132,58,1,2025-11-30,47,28,0.0081585081585081,test,3,0.0028005575871532
S40151,58,2,2025-11-30,39,26,0.003299606968345,test,3,0.0029801457460107
S40158,58,23,2025-11-30,28,25,0.0016915118099516,test,3,0.002897672657541
S40422,58,11,2025-11-30,45,28,0.0,test,3,0.0017281069037701
S40443,58,4,2025-11-30,41,16,0.0049817070114769,test,3,0.002858642129572
S40831,58,22,2025-11-30,46,30,0.0063166456959113,test,3,0.0030620499535672
S40834,58,5,2025-11-30,54,21,0.0021295010883164,test,3,0.0032461056936601
S40837,58,1,2025-11-30,53,17,0.0021634845595981,test,3,0.0030623590916654
S40847,58,2,2025-11-30,23,21,0.0021370553355434,test,3,0.0029816249939378
S40853,58,23,2025-11-30,45,26,0.0,test,3,0.0028385639590587
S40903,58,15,2025-11-30,22,21,0.0086428770172509,test,3,0.0024441838628623
S41039,58,20,2025-11-30,59,16,0.004242532886032,test,3,0.0024051663940589
S41040,58,14,2025-11-30,51,13,0.0021657755175854,test,3,0.0022186838033877
S41042,58,8,2025-11-30,50,18,0.0021256212202862,test,3,0.0028042712055542
S41151,58,10,2025-11-30,37,19,0.0,test,3,0.0015314367238002
S41152,58,11,2025-11-30,27,17,0.0,test,3,0.001698664585239
S41158,58,23,2025-11-30,25,16,0.0,test,3,0.0028760145435936
S41180,58,4,2025-11-30,21,28,0.0,test,3,0.0027994199821652
S41190,58,21,2025-11-30,52,26,0.0,test,3,0.0013328445292309
S41412,58,4,2025-11-30,36,17,0.0,test,3,0.0025628256267985
S41586,58,16,2025-11-30,36,16,0.0036466759851344,test,3,0.0023276929679292
S41692,58,16,2025-11-30,21,29,0.0036368292995261,test,3,0.0023156370077755
S41853,58,3,2025-11-30,23,17,0.0,test,3,0.003228163775329
S41871,58,17,2025-11-30,36,14,0.0,test,3,0.0030058828215561
S41881,58,8,2025-11-30,31,13,0.0092089476878037,test,3,0.002321145446817
S41883,58,20,2025-11-30,49,16,0.0,test,3,0.0025916163029583
S41889,58,8,2025-11-30,57,27,0.0,test,3,0.0031633277289345
S42137,58,7,2025-11-30,27,17,0.0043410738960832,test,3,0.0016717123535649
S42153,58,13,2025-11-30,33,19,0.0200028904853637,test,3,0.0027494771906338
S42401,58,1,2025-11-30,27,13,0.0,test,3,0.0029457473561944
S42404,58,9,2025-11-30,25,15,0.0,test,3,0.0014881746685969
S42410,58,2,2025-11-30,27,23,0.0,test,3,0.0030285358471201
S42798,58,13,2025-11-30,51,18,0.0,test,3,0.0027300653756641
S42893,58,15,2025-11-30,54,30,0.0,test,3,0.0022483452128853
S43001,58,19,2025-11-30,43,12,0.0,test,3,0.0022169021052782
S43004,58,13,2025-11-30,35,18,0.0,test,3,0.0027109039811928
S43234,58,10,2025-11-30,30,26,0.0149305575113734,test,3,0.0014511067172568
S43481,58,20,2025-11-30,22,20,0.000944437793474,test,3,0.0025132470383054
S43570,58,5,2025-11-30,30,24,0.0180725082120216,test,3,0.003275185180775
S43572,58,3,2025-11-30,15,20,0.0112831689462093,test,3,0.0029833512537073
S43574,58,5,2025-11-30,28,14,0.0183101814148653,test,3,0.0030441837489286
S43591,58,2,2025-11-30,19,23,0.0167570065469142,test,3,0.0029644122325924
S00254,58,13,2025-11-30,34,27,0.0,test,4,0.0024862707896295
S00255,58,13,2025-11-30,38,22,0.0,test,4,0.0027865416728649
S00256,58,16,2025-11-30,35,25,0.0,test,4,0.0023931557240849
S00304,58,13,2025-11-30,41,20,0.0044337985699438,test,4,0.002752877251675
S00807,58,14,2025-11-30,55,27,0.0,test,4,0.0029624765177863
S00953,58,23,2025-11-30,35,28,0.0,test,4,0.0027930025863392
S00955,58,23,2025-11-30,64,25,0.0,test,4,0.0028838754856022
S01007,58,8,2025-11-30,32,13,0.0,test,4,0.0023341547316216
S01078,58,7,2025-11-30,25,18,0.0,test,4,0.0017890430150221
S01315,58,21,2025-11-30,51,16,0.0042792443732672,test,4,0.0015496724376741
S01375,58,19,2025-11-30,42,15,0.0,test,4,0.001772278272406
S01442,58,7,2025-11-30,36,17,0.0101851119952455,test,4,0.0015854124840484
S01629,58,23,2025-11-30,37,21,0.0130685154832545,test,4,0.0022751820858334
S01633,58,3,2025-11-30,21,21,0.0058765278824694,test,4,0.0032346273296244
S01635,58,2,2025-11-30,37,27,0.0029003775743039,test,4,0.0028731085775453
S01642,58,17,2025-11-30,18,24,0.0059215836959856,test,4,0.002916965594472
S01645,58,5,2025-11-30,21,18,0.0087629593060159,test,4,0.0031628442674778
S01646,58,17,2025-11-30,34,25,0.0014599912459277,test,4,0.0030348556498818
S01653,58,1,2025-11-30,50,14,0.0029470188858252,test,4,0.0028872959137046
S01663,58,14,2025-11-30,49,24,0.0,test,4,0.0031378327031096
S01667,58,4,2025-11-30,45,15,0.0,test,4,0.0029370362606986
S02049,58,10,2025-11-30,52,27,0.0,test,4,0.0016247135621693
S02342,58,11,2025-11-30,37,18,0.0,test,4,0.0019754507496468
S02451,58,19,2025-11-30,59,21,0.0,test,4,0.0019930769434023
S02596,58,22,2025-11-30,24,20,0.0056916434763688,test,4,0.0030803722136305
S02597,58,23,2025-11-30,54,17,0.0,test,4,0.0028921680842355
S02620,58,23,2025-11-30,47,29,0.0,test,4,0.0028402952110355
S02656,58,10,2025-11-30,41,14,0.0,test,4,0.001636758941859
S02659,58,11,2025-11-30,13,22,0.0,test,4,0.0018359863716581
S02699,58,22,2025-11-30,49,30,0.0,test,4,0.0030160755131496
S02703,58,9,2025-11-30,60,26,0.0,test,4,0.0021459587478012
S02713,58,2,2025-11-30,49,27,0.0,test,4,0.0028851771415878
S02790,58,8,2025-11-30,50,19,0.0,test,4,0.0027573342499717
S02871,58,19,2025-11-30,28,15,0.0,test,4,0.0018764169414863
S02872,58,21,2025-11-30,15,19,0.0,test,4,0.0016927228633855
S03134,58,4,2025-11-30,53,31,0.0,test,4,0.0028048053962013
S04357,58,3,2025-11-30,38,16,0.0,test,4,0.0030972794279383
S04360,58,17,2025-11-30,50,24,0.0,test,4,0.0024276761236688
S04706,58,9,2025-11-30,23,27,0.0,test,4,0.0015470129120139
S04988,58,23,2025-11-30,27,30,0.0,test,4,0.0027799385547416
S04992,58,1,2025-11-30,45,24,0.0,test,4,0.0030181787666203
S04994,58,23,2025-11-30,62,19,0.0,test,4,0.0030135291545402
S04997,58,5,2025-11-30,44,28,0.0,test,4,0.0031631733914486
S04999,58,1,2025-11-30,38,26,0.0,test,4,0.0028801207664227
S05012,58,4,2025-11-30,56,23,0.0,test,4,0.0032356429751465
S05155,58,21,2025-11-30,14,25,0.0,test,4,0.0019227313242749
S05299,58,21,2025-11-30,36,26,0.0,test,4,0.0014169697697379
S05449,58,22,2025-11-30,36,12,0.0193123571532024,test,4,0.0029763818197582
S05455,58,3,2025-11-30,51,24,0.0051647632210664,test,4,0.0031724348537915
S05474,58,8,2025-11-30,33,16,0.0,test,4,0.002493964447409
S05477,58,14,2025-11-30,46,25,0.0,test,4,0.0031561269617458
S05877,58,7,2025-11-30,62,25,0.0,test,4,0.0022593095105117
S05882,58,9,2025-11-30,32,12,0.0,test,4,0.0017216088257252
S06140,58,13,2025-11-30,52,12,0.0,test,4,0.001384304062276
S06190,58,15,2025-11-30,59,18,0.0136161896586363,test,4,0.0026226553577433
S06262,58,22,2025-11-30,17,22,0.0090415419740396,test,4,0.0029862101657421
S06264,58,1,2025-11-30,42,17,0.0045115375537844,test,4,0.0029399775678736
S06266,58,5,2025-11-30,55,20,0.0106575255180188,test,4,0.0032709082774429
S06272,58,3,2025-11-30,32,12,0.0089623024281167,test,4,0.0030579782763403
S06418,58,5,2025-11-30,59,21,0.0,test,4,0.0032086001358574
S06421,58,7,2025-11-30,19,24,0.0,test,4,0.0021183883298069
S06695,58,11,2025-11-30,28,25,0.0,test,4,0.0015206866012756
S06740,58,19,2025-11-30,44,18,0.0022494693153375,test,4,0.0017653601282248
S06741,58,21,2025-11-30,29,25,0.0,test,4,0.0014507617506077
S06743,58,21,2025-11-30,31,21,0.0,test,4,0.0013962562337495
S06769,58,19,2025-11-30,20,27,0.0022622786653921,test,4,0.0018663927895668
S06774,58,15,2025-11-30,31,16,0.0044881520011559,test,4,0.0025063642510491
S06779,58,13,2025-11-30,20,17,0.0,test,4,0.0027695180146157
S06945,58,16,2025-11-30,50,20,0.0,test,4,0.002404873711303
S07435,58,7,2025-11-30,54,21,0.0,test,4,0.001716695447116
S07439,58,11,2025-11-30,48,24,0.0,test,4,0.0018098413563594
S07442,58,16,2025-11-30,37,30,0.0,test,4,0.0021107448380485
S07541,58,14,2025-11-30,47,31,0.0,test,4,0.0025544773621249
S08068,58,20,2025-11-30,29,28,0.0170206645250994,test,4,0.0025106955903543
S08072,58,4,2025-11-30,32,31,0.0262451693430306,test,4,0.0027069170600128
S08073,58,20,2025-11-30,44,25,0.0156682069158087,test,4,0.0030144824346142
S08120,58,3,2025-11-30,37,15,0.0,test,4,0.0031952372733785
S08125,58,17,2025-11-30,31,17,0.0,test,4,0.0030287767113211
S08132,58,15,2025-11-30,26,15,0.0,test,4,0.0024872033498102
S08143,58,23,2025-11-30,47,28,0.0,test,4,0.0028656737001648
S08293,58,19,2025-11-30,40,27,0.0062100935887343,test,4,0.0020668626009848
S08860,58,20,2025-11-30,27,18,0.0,test,4,0.002579103218521
S08861,58,14,2025-11-30,27,16,0.0,test,4,0.0023744658238613
S08863,58,4,2025-11-30,36,19,0.0,test,4,0.0028064161418074
S08962,58,20,2025-11-30,54,27,0.0,test,4,0.0028070453885937
S09171,58,7,2025-11-30,53,16,0.0,test,4,0.001877379449483
S09177,58,21,2025-11-30,43,13,0.0,test,4,0.0017867433046421
S09183,58,13,2025-11-30,13,23,0.0,test,4,0.0026281187600544
S09271,58,14,2025-11-30,38,12,0.0,test,4,0.0024304110620884
S09273,58,4,2025-11-30,34,18,0.0,test,4,0.0028206381285141
S09376,58,14,2025-11-30,55,18,0.0,test,4,0.0031206983491264
S09378,58,14,2025-11-30,56,21,0.0,test,4,0.0028588180428352
S09559,58,22,2025-11-30,25,28,0.0,test,4,0.0030280479650005
S09792,58,11,2025-11-30,43,32,0.0222901117803333,test,4,0.0015123565489373
S09985,58,5,2025-11-30,45,19,0.0,test,4,0.0026969589291953
S09986,58,2,2025-11-30,24,27,0.0026772247360482,test,4,0.0028807543829998
S09995,58,22,2025-11-30,18,19,0.014336663782026,test,4,0.0030074595423946
S10010,58,10,2025-11-30,33,26,0.0,test,4,0.0014314517589869
S10123,58,4,2025-11-30,37,11,0.0477738115650606,test,4,0.0028127944865891
S10124,58,20,2025-11-30,38,30,0.006411993136458,test,4,0.0024463715499048
S10237,58,5,2025-11-30,53,23,0.0,test,4,0.0032158191933
S10444,58,15,2025-11-30,38,18,0.0,test,4,0.0025243355229517
S10448,58,11,2025-11-30,16,21,0.0,test,4,0.0017692711514015
S10449,58,10,2025-11-30,34,28,0.0,test,4,0.001501249038529
S10670,58,5,2025-11-30,18,23,0.0,test,4,0.0031434530039722
S10821,58,10,2025-11-30,26,27,0.0238470280666976,test,4,0.0015832395128669
S10823,58,4,2025-11-30,24,15,0.0116478005109095,test,4,0.0027877730932971
S10865,58,23,2025-11-30,54,13,0.0,test,4,0.0015935117175945
S11041,58,9,2025-11-30,61,21,0.0255276871577903,test,4,0.0022730524483717
S11043,58,7,2025-11-30,62,20,0.022936520755936,test,4,0.0019574488196574
S11045,58,13,2025-11-30,47,15,0.0153504030639033,test,4,0.0027278947135272
S11401,58,2,2025-11-30,38,25,0.0201349706825976,test,4,0.0028537677798408
S11406,58,2,2025-11-30,37,16,0.0287845104494767,test,4,0.0030287326872195
S11409,58,22,2025-11-30,19,26,0.0148565944525731,test,4,0.0030837384074923
S11433,58,4,2025-11-30,40,27,0.025575162417719,test,4,0.0029449294797391
S11434,58,20,2025-11-30,45,27,0.0302370291054219,test,4,0.0028110760833648
S11436,58,8,2025-11-30,31,24,0.0163480696214428,test,4,0.0028734904330099
S11701,58,8,2025-11-30,28,25,0.0,test,4,0.0027903920051861
S11703,58,4,2025-11-30,15,22,0.0045929211717955,test,4,0.0026080926019479
S11876,58,11,2025-11-30,42,12,0.0,test,4,0.0019612815858925
S11887,58,19,2025-11-30,30,28,0.0,test,4,0.0019725683655765
S11894,58,19,2025-11-30,37,15,0.0,test,4,0.0017413030131241
S11899,58,19,2025-11-30,14,21,0.0,test,4,0.0021942516914699
S11901,58,19,2025-11-30,22,22,0.0,test,4,0.0017498865823577
S11904,58,21,2025-11-30,13,22,0.0,test,4,0.0017617794169627
S11907,58,21,2025-11-30,16,23,0.0,test,4,0.0016616089614746
S11950,58,15,2025-11-30,59,26,0.0,test,4,0.0026402658447027
S11962,58,2,2025-11-30,56,19,0.0,test,4,0.0030317655571859
S11967,58,23,2025-11-30,46,19,0.0,test,4,0.0028835815734821
S12207,58,2,2025-11-30,28,18,0.0026540638684182,test,4,0.0030463462013343
S12214,58,16,2025-11-30,40,27,0.0026686856320542,test,4,0.0023118520255484
S12226,58,23,2025-11-30,51,16,0.0,test,4,0.0028582630306707
S12352,58,4,2025-11-30,58,25,0.0,test,4,0.0031679183308056
S12471,58,15,2025-11-30,46,15,0.0,test,4,0.0025817450054593
S12594,58,3,2025-11-30,61,18,0.0,test,4,0.0031496081639735
S12597,58,1,2025-11-30,39,18,0.0,test,4,0.0029357994639989
S12605,58,22,2025-11-30,34,28,0.0,test,4,0.0030572047083181
S12788,58,11,2025-11-30,58,20,0.0,test,4,0.0019146123750821
S12791,58,15,2025-11-30,36,25,0.0,test,4,0.0026579239799749
S12792,58,10,2025-11-30,33,15,0.0,test,4,0.0014447756622886
S12795,58,13,2025-11-30,44,17,0.0,test,4,0.0027335593088335
S12941,58,8,2025-11-30,30,20,0.0,test,4,0.0028050008004975
S13059,58,2,2025-11-30,59,15,0.0,test,4,0.0016965478619306
S13260,58,1,2025-11-30,30,17,0.0,test,4,0.0031515398406181
S13384,58,9,2025-11-30,61,19,0.0,test,4,0.0020503539226991
S13644,58,13,2025-11-30,46,31,0.0,test,4,0.0024942863848664
S13747,58,11,2025-11-30,44,17,0.0092269908711403,test,4,0.0019458341683751
S13756,58,11,2025-11-30,41,16,0.0265855726462808,test,4,0.0018332876937695
S14044,58,10,2025-11-30,30,19,0.0,test,4,0.001543515468832
S14046,58,7,2025-11-30,35,24,0.0074410944547377,test,4,0.0016002681711164
S14136,58,20,2025-11-30,56,21,0.0,test,4,0.0028385699607767
S14137,58,14,2025-11-30,61,20,0.0,test,4,0.0030299772641542
S14776,58,16,2025-11-30,50,13,0.0,test,4,0.0026258920573795
S15197,58,22,2025-11-30,41,25,0.0020980821755887,test,4,0.0030221799882679
S15200,58,23,2025-11-30,41,21,0.0,test,4,0.0028835463793712
S15212,58,17,2025-11-30,46,28,0.0020638677795772,test,4,0.003012604802671
S15340,58,10,2025-11-30,23,20,0.0,test,4,0.0013666894204797
S15423,58,5,2025-11-30,47,29,0.0,test,4,0.0032121959083755
S15750,58,4,2025-11-30,22,19,0.0,test,4,0.0028192977009244
S16003,58,1,2025-11-30,27,20,0.0112299888152022,test,4,0.0030656774006324
S16108,58,21,2025-11-30,17,18,0.0,test,4,0.0017165536801392
S16109,58,19,2025-11-30,51,14,0.0,test,4,0.0022628906850095
S16110,58,21,2025-11-30,48,15,0.0,test,4,0.0015359400998905
S16126,58,13,2025-11-30,57,24,0.0,test,4,0.0028011177201265
S16217,58,5,2025-11-30,25,22,0.0,test,4,0.0033032723840507
S16222,58,10,2025-11-30,19,23,0.0,test,4,0.0014845690511699
S16224,58,7,2025-11-30,21,19,0.0,test,4,0.0018382020522768
S16226,58,9,2025-11-30,42,15,0.0,test,4,0.0016976480112612
S16570,58,19,2025-11-30,26,14,0.0,test,4,0.0022788636520879
S16572,58,19,2025-11-30,47,14,0.0,test,4,0.0020051261347053
S16576,58,7,2025-11-30,57,17,0.0,test,4,0.0018933760372599
S16679,58,21,2025-11-30,54,28,0.0,test,4,0.0015800632675814
S16825,58,20,2025-11-30,59,19,0.0026717844509671,test,4,0.0027414443585073
S17028,58,9,2025-11-30,29,29,0.0,test,4,0.001742805564714
S17546,58,2,2025-11-30,64,22,0.017013189990239,test,4,0.0029447250512984
S17554,58,5,2025-11-30,49,15,0.0308412501721051,test,4,0.002684014459434
S17720,58,16,2025-11-30,26,12,0.0244777139525884,test,4,0.0015144259968251
S18003,58,15,2025-11-30,27,19,0.0,test,4,0.0027303897924413
S18011,58,3,2025-11-30,33,29,0.0,test,4,0.0025840408663489
S18144,58,21,2025-11-30,42,24,0.0,test,4,0.0015025399678954
S18792,58,8,2025-11-30,34,30,0.0072102431462276,test,4,0.0024354416044485
S18874,58,22,2025-11-30,19,24,0.0109681790395229,test,4,0.0030398668356391
S18879,58,5,2025-11-30,46,17,0.0146988613558104,test,4,0.0031475567195401
S18880,58,1,2025-11-30,18,22,0.0032759438936933,test,4,0.0030896463078279
S18881,58,1,2025-11-30,52,19,0.0126147734988229,test,4,0.0029669788405104
S18882,58,5,2025-11-30,44,26,0.003315145612935,test,4,0.0032483872262319
S18883,58,17,2025-11-30,43,25,0.0119835951662293,test,4,0.00303305511512
S18890,58,3,2025-11-30,30,24,0.0132782965308112,test,4,0.0032304801145842
S18895,58,22,2025-11-30,63,18,0.0153088277679869,test,4,0.0030982861553333
S19044,58,21,2025-11-30,26,17,0.0,test,4,0.0019735067761805
S19052,58,7,2025-11-30,25,16,0.0,test,4,0.0019135614970709
S19209,58,2,2025-11-30,22,26,0.0,test,4,0.002738137535475
S19215,58,22,2025-11-30,50,20,0.0,test,4,0.0030070726827432
S19555,58,16,2025-11-30,29,23,0.0034231125529049,test,4,0.0024171080665109
S19556,58,16,2025-11-30,16,22,0.0017354382068768,test,4,0.0020742308475044
S19778,58,5,2025-11-30,29,22,0.0,test,4,0.0033137701091708
S19781,58,17,2025-11-30,21,15,0.0,test,4,0.0029902162034589
S19923,58,15,2025-11-30,38,15,0.0,test,4,0.0025992038528153
S19937,58,19,2025-11-30,51,21,0.0,test,4,0.0022099876368331
S20219,58,23,2025-11-30,24,24,0.0,test,4,0.0029485769994098
S20246,58,1,2025-11-30,38,21,0.0,test,4,0.00290312475969
S20256,58,5,2025-11-30,33,19,0.0,test,4,0.0032045605645887
S20259,58,5,2025-11-30,42,18,0.0,test,4,0.0031252275090609
S20260,58,17,2025-11-30,35,17,0.0,test,4,0.0030141331066697
S20266,58,1,2025-11-30,36,27,0.0057204682266548,test,4,0.0029476161193941
S20285,58,20,2025-11-30,40,15,0.0,test,4,0.0026703649088661
S20293,58,8,2025-11-30,51,27,0.0,test,4,0.0031757457862158
S20540,58,4,2025-11-30,48,22,0.0,test,4,0.0029834050454049
S20733,58,2,2025-11-30,49,17,0.0,test,4,0.0029920706687119
S20736,58,22,2025-11-30,51,26,0.0,test,4,0.0030578946205142
S20854,58,2,2025-11-30,58,29,0.0,test,4,0.0019410860651918
S20860,58,16,2025-11-30,30,12,0.0,test,4,0.0016328863119857
S21088,58,23,2025-11-30,31,23,0.0,test,4,0.0029201376074401
S21090,58,23,2025-11-30,34,13,0.0,test,4,0.0028892342700143
S21094,58,1,2025-11-30,35,18,0.0,test,4,0.0029616640325367
S21157,58,20,2025-11-30,25,19,0.0,test,4,0.0027714198014307
S21347,58,9,2025-11-30,33,11,0.0,test,4,0.0012511288111422
S21442,58,11,2025-11-30,52,28,0.0,test,4,0.0017270608708087
S21444,58,9,2025-11-30,29,18,0.0,test,4,0.001749293572076
S21573,58,22,2025-11-30,55,19,0.0,test,4,0.0030633319698811
S21580,58,3,2025-11-30,52,16,0.0040994424098452,test,4,0.0031733370790778
S21755,58,20,2025-11-30,58,16,0.0,test,4,0.0024137193884611
S21756,58,8,2025-11-30,43,27,0.0,test,4,0.0026451991388114
S21808,58,19,2025-11-30,29,31,0.0,test,4,0.0023553467181943
S22111,58,19,2025-11-30,46,26,0.0,test,4,0.0019518042387556
S22119,58,13,2025-11-30,58,18,0.0,test,4,0.002730324023062
S22120,58,13,2025-11-30,21,21,0.0,test,4,0.0028121609499969
S22121,58,13,2025-11-30,37,21,0.0,test,4,0.0027803256894388
S22317,58,10,2025-11-30,50,26,0.0,test,4,0.0015410584646417
S22375,58,17,2025-11-30,60,21,0.0,test,4,0.0031007229158795
S22376,58,5,2025-11-30,33,31,0.0,test,4,0.0031129327471089
S22377,58,5,2025-11-30,34,17,0.0,test,4,0.0032090607585382
S22795,58,10,2025-11-30,36,31,0.0016236736187339,test,4,0.001526777708995
S22808,58,9,2025-11-30,31,30,0.0031351917387382,test,4,0.0016405374025388
S23272,58,17,2025-11-30,60,26,0.0,test,4,0.0030680612146044
S23336,58,4,2025-11-30,31,17,0.0,test,4,0.0029249121412354
S23338,58,20,2025-11-30,55,14,0.0,test,4,0.0022163261635781
S23340,58,20,2025-11-30,28,30,0.0,test,4,0.0024204741318861
S23445,58,4,2025-11-30,47,17,0.0,test,4,0.0028553224790109
S23714,58,11,2025-11-30,51,22,0.0,test,4,0.0019858471728062
S23747,58,7,2025-11-30,36,32,0.0,test,4,0.0022563446324911
S23841,58,21,2025-11-30,49,29,0.0,test,4,0.0014822269175177
S24148,58,17,2025-11-30,18,18,0.0,test,4,0.0030396381005035
S24447,58,11,2025-11-30,51,26,0.0,test,4,0.0017296880314262
S24449,58,7,2025-11-30,55,22,0.0,test,4,0.0017527142628374
S24450,58,16,2025-11-30,21,20,0.0,test,4,0.0018869730315117
S24478,58,22,2025-11-30,56,17,0.0,test,4,0.0030398723887267
S24509,58,5,2025-11-30,30,23,0.0,test,4,0.0031854869099022
S24517,58,14,2025-11-30,43,27,0.0,test,4,0.0024836210814664
S24696,58,13,2025-11-30,17,27,0.0,test,4,0.0020213406288678
S24697,58,16,2025-11-30,26,13,0.0,test,4,0.0015545991039051
S24721,58,16,2025-11-30,26,18,0.0,test,4,0.0021273856409598
S24728,58,13,2025-11-30,44,16,0.0041074719625782,test,4,0.0027363642673949
S24735,58,21,2025-11-30,34,20,0.0020918300777386,test,4,0.0013630862156072
S24736,58,21,2025-11-30,30,17,0.0020892974999894,test,4,0.0017472558156732
S24759,58,4,2025-11-30,41,14,0.0,test,4,0.0027205948074292
S25018,58,11,2025-11-30,53,16,0.0,test,4,0.0019351071092012
S25024,58,21,2025-11-30,17,25,0.0,test,4,0.0016965558588129
S25228,58,8,2025-11-30,47,31,0.0,test,4,0.0026134781066771
S25327,58,8,2025-11-30,49,31,0.0,test,4,0.0028996304587447
S25392,58,5,2025-11-30,40,15,0.0,test,4,0.0025782235843046
S25393,58,17,2025-11-30,34,23,0.021345260664961,test,4,0.0029546807915219
S25394,58,1,2025-11-30,52,30,0.0,test,4,0.0027579401140607
S25402,58,11,2025-11-30,32,27,0.0,test,4,0.0015090347448857
S25527,58,5,2025-11-30,49,31,0.0,test,4,0.0018953700196294
S25798,58,9,2025-11-30,56,22,0.0,test,4,0.0021668885710313
S25975,58,10,2025-11-30,39,23,0.0,test,4,0.0016493782207802
S25980,58,19,2025-11-30,32,27,0.0,test,4,0.001944221472558
S26033,58,21,2025-11-30,33,29,0.0,test,4,0.0014532394437971
S26037,58,16,2025-11-30,17,25,0.0,test,4,0.002032354789089
S26101,58,5,2025-11-30,33,22,0.0,test,4,0.0031423253735502
S26104,58,2,2025-11-30,38,24,0.0,test,4,0.0030207680889519
S26119,58,8,2025-11-30,49,20,0.0,test,4,0.0027280512486074
S26820,58,21,2025-11-30,56,15,0.0012316857986875,test,4,0.0014622014229883
S27014,58,3,2025-11-30,52,25,0.0061780419709072,test,4,0.0032214005205914
S27066,58,4,2025-11-30,25,21,0.0025156277680763,test,4,0.002946777406994
S27273,58,8,2025-11-30,18,19,0.0,test,4,0.0027074911594678
S27284,58,14,2025-11-30,51,14,0.0,test,4,0.0022411927303642
S27826,58,17,2025-11-30,34,27,0.0,test,4,0.0030414155981184
S27831,58,5,2025-11-30,62,18,0.0,test,4,0.0031416533621688
S27832,58,5,2025-11-30,17,21,0.0,test,4,0.0030591279938353
S27834,58,17,2025-11-30,49,13,0.0023598231794462,test,4,0.0029589704794507
S27840,58,7,2025-11-30,46,12,0.0023351093319801,test,4,0.0024315200064197
S27849,58,23,2025-11-30,33,25,0.0,test,4,0.0028613997482586
S28063,58,14,2025-11-30,39,27,0.0,test,4,0.0031288262395996
S28067,58,20,2025-11-30,54,22,0.0,test,4,0.0029158260914564
S28369,58,21,2025-11-30,42,22,0.0,test,4,0.0013932624809143
S28518,58,17,2025-11-30,60,28,0.0,test,4,0.0019558817471463
S28522,58,11,2025-11-30,35,32,0.0,test,4,0.0014700715906265
S28747,58,10,2025-11-30,40,18,0.0,test,4,0.0015893710817585
S28772,58,7,2025-11-30,51,23,0.0,test,4,0.0016920141307879
S28853,58,17,2025-11-30,45,31,0.0,test,4,0.0029591844973526
S28958,58,17,2025-11-30,38,21,0.0,test,4,0.003053694873678
S28960,58,5,2025-11-30,48,28,0.0,test,4,0.0031675079260927
S28968,58,4,2025-11-30,51,21,0.0,test,4,0.0031616976579574
S29039,58,2,2025-11-30,26,25,0.0,test,4,0.0028263902590062
S29219,58,11,2025-11-30,22,26,0.0,test,4,0.0016012205691612
S29222,58,9,2025-11-30,54,18,0.0,test,4,0.0020712010374188
S29327,58,8,2025-11-30,23,24,0.0,test,4,0.0026154332270501
S29414,58,5,2025-11-30,33,16,0.0,test,4,0.0032029391695426
S29417,58,5,2025-11-30,24,28,0.0,test,4,0.0031058090709083
S29422,58,2,2025-11-30,55,15,0.0,test,4,0.0028590424797077
S29614,58,9,2025-11-30,34,22,0.0,test,4,0.0017039400595274
S29704,58,10,2025-11-30,56,18,0.0,test,4,0.0014161365288985
S29706,58,11,2025-11-30,27,14,0.0,test,4,0.0017923225166101
S29710,58,13,2025-11-30,57,20,0.0,test,4,0.0028119100972144
S29918,58,7,2025-11-30,53,19,0.0,test,4,0.0017318273333599
S29922,58,15,2025-11-30,44,13,0.0,test,4,0.0025205692149433
S29934,58,19,2025-11-30,32,20,0.0,test,4,0.0019097592870435
S30408,58,16,2025-11-30,42,21,0.010020666364232,test,4,0.0025035962039931
S30523,58,17,2025-11-30,39,29,0.0,test,4,0.0029865063036122
S30524,58,1,2025-11-30,51,28,0.0,test,4,0.0027574973524555
S30528,58,1,2025-11-30,58,20,0.0,test,4,0.0031529655739701
S30530,58,17,2025-11-30,18,25,0.0238416803200047,test,4,0.0030224065820349
S30548,58,3,2025-11-30,30,28,0.0,test,4,0.0028403867777469
S30554,58,3,2025-11-30,43,23,0.0117422982627359,test,4,0.0031766548243842
S30558,58,3,2025-11-30,55,19,0.0024629687445797,test,4,0.0032029560686135
S31359,58,20,2025-11-30,22,14,0.0,test,4,0.0022914111116391
S31527,58,23,2025-11-30,16,21,0.0109361247328052,test,4,0.0029903641181031
S31528,58,22,2025-11-30,41,15,0.0,test,4,0.0029429327695731
S31529,58,23,2025-11-30,43,14,0.0064099463795732,test,4,0.0027196750831479
S31540,58,17,2025-11-30,35,20,0.0032575318133703,test,4,0.0030417285089039
S31544,58,5,2025-11-30,27,27,0.0,test,4,0.0032572542880314
S31976,58,3,2025-11-30,43,26,0.0022155947556827,test,4,0.0027685394644504
S31979,58,22,2025-11-30,32,30,0.0021912710694901,test,4,0.0030648557076936
S31984,58,7,2025-11-30,22,28,0.0044571192839911,test,4,0.0019926764568975
S32001,58,20,2025-11-30,36,25,0.0,test,4,0.0027879361016914
S32294,58,4,2025-11-30,33,25,0.0,test,4,0.002896490469844
S32295,58,14,2025-11-30,28,13,0.0,test,4,0.0024032144925082
S32372,58,17,2025-11-30,43,17,0.0,test,4,0.0030047096902258
S32384,58,11,2025-11-30,17,18,0.002709495227036,test,4,0.0016462714551668
S32969,58,1,2025-11-30,46,14,0.0,test,4,0.0028660897767363
S32979,58,5,2025-11-30,58,18,0.0,test,4,0.003184666032473
S32982,58,3,2025-11-30,47,19,0.0,test,4,0.0027212027973918
S33087,58,20,2025-11-30,14,22,0.0,test,4,0.002572134773527
S33326,58,3,2025-11-30,22,16,0.0125231276502307,test,4,0.0032946395037817
S33332,58,3,2025-11-30,26,20,0.0018280863209854,test,4,0.0032483511890394
S33335,58,1,2025-11-30,51,18,0.0,test,4,0.0029860802916696
S33343,58,17,2025-11-30,29,30,0.0090846942095584,test,4,0.0029360671372872
S33575,58,3,2025-11-30,63,20,0.0,test,4,0.0032093055588491
S33588,58,15,2025-11-30,30,29,0.0,test,4,0.0023995519906159
S33603,58,15,2025-11-30,46,32,0.0,test,4,0.0022500076639961
S33842,58,13,2025-11-30,28,31,0.0,test,4,0.0014523422094334
S33898,58,8,2025-11-30,55,24,0.0,test,4,0.003238433636794
S34029,58,7,2025-11-30,22,25,0.0,test,4,0.0021021227203598
S34352,58,19,2025-11-30,31,21,0.0,test,4,0.0018752803560873
S34357,58,13,2025-11-30,34,15,0.0,test,4,0.0027363384828872
S34359,58,11,2025-11-30,16,25,0.0,test,4,0.0015903411348341
S34527,58,11,2025-11-30,36,24,0.0,test,4,0.0017534548713914
S34701,58,17,2025-11-30,14,20,0.0,test,4,0.0028451123631965
S34717,58,14,2025-11-30,42,23,0.0,test,4,0.0031246877973102
S34950,58,21,2025-11-30,50,14,0.0,test,4,0.0016862614949436
S34977,58,19,2025-11-30,49,29,0.0,test,4,0.0021201947756355
S35321,58,11,2025-11-30,47,31,0.0,test,4,0.0017345144092755
S35408,58,9,2025-11-30,39,23,0.0247762430303634,test,4,0.0017914497059676
S35607,58,13,2025-11-30,54,18,0.0,test,4,0.0027550865437421
S35708,58,2,2025-11-30,33,15,0.0019773067252299,test,4,0.0029674502262775
S35711,58,10,2025-11-30,22,21,0.0119880360847122,test,4,0.0014023261073393
S35719,58,23,2025-11-30,60,16,0.0019782511781938,test,4,0.0029415507038823
S36042,58,20,2025-11-30,33,28,0.0020325701993309,test,4,0.0027293911530571
S36210,58,9,2025-11-30,16,20,0.0,test,4,0.001579211315701
S36333,58,1,2025-11-30,26,17,0.0,test,4,0.003062804457905
S36338,58,1,2025-11-30,19,18,0.0,test,4,0.0030417666745263
S36495,58,4,2025-11-30,27,12,0.0,test,4,0.0026717322034387
S36542,58,21,2025-11-30,64,25,0.0,test,4,0.001613423955022
S36814,58,22,2025-11-30,40,27,0.0,test,4,0.0030763137372897
S36817,58,22,2025-11-30,62,23,0.0,test,4,0.0031044593693474
S36827,58,21,2025-11-30,50,17,0.0,test,4,0.001774677706798
S36877,58,10,2025-11-30,60,28,0.0,test,4,0.001795113047319
S37225,58,5,2025-11-30,24,24,0.0,test,4,0.003262494315217
S37521,58,7,2025-11-30,41,16,0.0,test,4,0.0017506277037962
S37524,58,19,2025-11-30,56,22,0.0027991326631184,test,4,0.0021686841584704
S37535,58,13,2025-11-30,48,25,0.0,test,4,0.0026548020867671
S37591,58,2,2025-11-30,23,22,0.0,test,4,0.0029289518412776
S37599,58,22,2025-11-30,21,22,0.0027756369444537,test,4,0.0031837130710722
S37610,58,4,2025-11-30,64,24,0.0,test,4,0.0031162301904969
S37616,58,4,2025-11-30,54,17,0.0027887194335027,test,4,0.0025353750080654
S37637,58,3,2025-11-30,30,14,0.0,test,4,0.0031948172657667
S37879,58,7,2025-11-30,38,25,0.0,test,4,0.0017519206332405
S37880,58,15,2025-11-30,42,23,0.0,test,4,0.0025080334263996
S37928,58,11,2025-11-30,38,26,0.0123488487659433,test,4,0.0016405534258148
S37929,58,9,2025-11-30,34,17,0.0121915321591522,test,4,0.0017537093228102
S38412,58,23,2025-11-30,27,18,0.0084293007242075,test,4,0.0028308619786738
S38428,58,1,2025-11-30,32,30,0.0168598882226726,test,4,0.0028362094880014
S38455,58,4,2025-11-30,27,18,0.0,test,4,0.0029301623468156
S38746,58,7,2025-11-30,24,23,0.0,test,4,0.0018569108019718
S39285,58,1,2025-11-30,60,28,0.0,test,4,0.0018421000369329
S39289,58,21,2025-11-30,22,29,0.0,test,4,0.0017968672734002
S39317,58,4,2025-11-30,33,13,0.0,test,4,0.0026262029519477
S39363,58,10,2025-11-30,42,30,0.0,test,4,0.0014355452619847
S39629,58,10,2025-11-30,53,25,0.0,test,4,0.0014811865969809
S39851,58,19,2025-11-30,30,22,0.0,test,4,0.0018051286593477
S39923,58,13,2025-11-30,35,11,0.0,test,4,0.0013944109115739
S40132,58,1,2025-11-30,46,28,0.0081585081585081,test,4,0.0028019779553826
S40151,58,2,2025-11-30,38,26,0.003299606968345,test,4,0.0028975129675694
S40158,58,23,2025-11-30,29,25,0.0016915118099516,test,4,0.0029135802588589
S40422,58,11,2025-11-30,44,28,0.0,test,4,0.0016442436197932
S40443,58,4,2025-11-30,39,16,0.0049817070114769,test,4,0.0024732153547576
S40831,58,22,2025-11-30,45,30,0.0063166456959113,test,4,0.0029824846300044
S40834,58,5,2025-11-30,55,21,0.0021295010883164,test,4,0.0032866067904576
S40837,58,1,2025-11-30,54,17,0.0021634845595981,test,4,0.0030130437807784
S40847,58,2,2025-11-30,24,21,0.0021370553355434,test,4,0.0029947258197995
S40853,58,23,2025-11-30,43,26,0.0,test,4,0.002764024892009
S40903,58,15,2025-11-30,23,21,0.0086428770172509,test,4,0.0027239163678524
S41039,58,20,2025-11-30,54,16,0.004242532886032,test,4,0.0027826259072796
S41040,58,14,2025-11-30,56,14,0.0021657755175854,test,4,0.002349381158701
S41042,58,8,2025-11-30,48,18,0.0021256212202862,test,4,0.0027828147112856
S41151,58,10,2025-11-30,38,19,0.0,test,4,0.0013662226736309
S41152,58,11,2025-11-30,28,17,0.0,test,4,0.0017202334656564
S41158,58,23,2025-11-30,24,16,0.0,test,4,0.0028978906838789
S41180,58,4,2025-11-30,24,29,0.0,test,4,0.0028660115100139
S41190,58,21,2025-11-30,51,26,0.0,test,4,0.0014396742281682
S41412,58,4,2025-11-30,38,17,0.0,test,4,0.0030429254374844
S41586,58,16,2025-11-30,35,16,0.0036466759851344,test,4,0.0021436343485246
S41692,58,16,2025-11-30,22,29,0.0036368292995261,test,4,0.0025444558167859
S41853,58,3,2025-11-30,24,17,0.0,test,4,0.0032579897432495
S41871,58,17,2025-11-30,35,14,0.0,test,4,0.0029739454913093
S41881,58,8,2025-11-30,33,13,0.0092089476878037,test,4,0.0025110645656943
S41883,58,20,2025-11-30,44,16,0.0,test,4,0.0025394482554353
S41889,58,8,2025-11-30,59,27,0.0,test,4,0.0030500961124031
S42137,58,7,2025-11-30,28,17,0.0043410738960832,test,4,0.0019244980518839
S42153,58,13,2025-11-30,34,19,0.0200028904853637,test,4,0.0027505250886546
S42401,58,1,2025-11-30,29,13,0.0,test,4,0.0029713507855815
S42404,58,9,2025-11-30,26,15,0.0,test,4,0.0014547741306384
S42410,58,2,2025-11-30,28,23,0.0,test,4,0.0028446758024695
S42798,58,13,2025-11-30,50,18,0.0,test,4,0.002775221795981
S42893,58,15,2025-11-30,53,30,0.0,test,4,0.0022433039588136
S43001,58,19,2025-11-30,42,12,0.0,test,4,0.0020273255759164
S43004,58,13,2025-11-30,34,18,0.0,test,4,0.0027377550859575
S43234,58,10,2025-11-30,29,26,0.0149305575113734,test,4,0.0014295677209967
S43481,58,20,2025-11-30,20,20,0.000944437793474,test,4,0.0024873545468857
S43570,58,5,2025-11-30,29,24,0.0180725082120216,test,4,0.003281616052737
S43572,58,3,2025-11-30,14,20,0.0112831689462093,test,4,0.0028470159735678
S43574,58,5,2025-11-30,27,14,0.0183101814148653,test,4,0.0030457495095513
S43591,58,2,2025-11-30,20,23,0.0167570065469142,test,4,0.0029104373660434
