ufs_serial,run_id,wafer_no,date,die_x,die_y,health,split,position,pred
S00054,42,1,2025-11-21,47,31,0.0,val,1,0.003241337220501
S00533,42,12,2025-11-21,51,22,0.0044184258135637,val,1,0.002921933788198
S00535,42,16,2025-11-21,15,23,0.0,val,1,0.0032095947556279
S00542,42,13,2025-11-21,27,28,0.0,val,1,0.0033018143463189
S00544,42,7,2025-11-21,59,27,0.0,val,1,0.0032586249653235
S00546,42,5,2025-11-21,39,28,0.0,val,1,0.0034215245339326
S00556,42,6,2025-11-21,59,27,0.0,val,1,0.003294852190172
S00563,42,1,2025-11-21,49,30,0.0,val,1,0.0031822110175746
S00850,42,23,2025-11-21,34,27,0.0,val,1,0.0009963053470603
S00854,42,18,2025-11-21,40,13,0.0,val,1,0.0007386041858928
S01334,42,23,2025-11-21,31,30,0.0,val,1,0.0008354792863622
S01338,42,20,2025-11-21,23,25,0.0,val,1,0.0014261506241349
S02023,42,1,2025-11-21,31,22,0.0,val,1,0.0034091443672927
S02026,42,1,2025-11-21,43,19,0.0,val,1,0.0033086814409677
S02229,42,24,2025-11-21,35,13,0.0,val,1,0.000522602367428
S02365,42,8,2025-11-21,29,12,0.0,val,1,0.0029819302320819
S02625,42,2,2025-11-21,44,24,0.0,val,1,0.0033247969639479
S02630,42,16,2025-11-21,50,27,0.0,val,1,0.0031434706317446
S03164,42,18,2025-11-21,21,29,0.0123332712947453,val,1,0.002208476604832
S03172,42,13,2025-11-21,36,11,0.0046235998958062,val,1,0.0028698128881082
S03391,42,25,2025-11-21,41,16,0.0,val,1,0.0013083911630876
S03622,42,25,2025-11-21,40,32,0.0,val,1,0.0027129534257225
S03809,42,10,2025-11-21,58,28,0.0,val,1,0.0033100620057365
S03981,42,25,2025-11-21,30,29,0.0,val,1,0.002178866435276
S04025,42,10,2025-11-21,57,29,0.0,val,1,0.0032282617661141
S04117,42,18,2025-11-21,45,31,0.0,val,1,0.0007526794302089
S04478,42,14,2025-11-21,53,16,0.0,val,1,0.0032583577630151
S04481,42,8,2025-11-21,41,26,0.0,val,1,0.0032586448672068
S04485,42,6,2025-11-21,53,26,0.0,val,1,0.0033320188492409
S04889,42,17,2025-11-21,45,26,0.0,val,1,0.0031328678416687
S04894,42,16,2025-11-21,33,16,0.0,val,1,0.0024201852185166
S04908,42,5,2025-11-21,43,17,0.0069838191795066,val,1,0.0033605150634949
S04910,42,1,2025-11-21,43,20,0.0,val,1,0.0031853606789999
S05225,42,2,2025-11-21,58,20,0.0,val,1,0.0033703143682811
S05621,42,23,2025-11-21,20,26,0.0,val,1,0.0009936293540444
S05627,42,25,2025-11-21,28,13,0.0,val,1,0.0019145494698603
S05779,42,12,2025-11-21,42,14,0.0035166296960627,val,1,0.0029130833615191
S05780,42,16,2025-11-21,46,31,0.0068025115913018,val,1,0.0032226313363252
S05796,42,7,2025-11-21,37,23,0.0017583148480313,val,1,0.0032947752398695
S05809,42,2,2025-11-21,37,12,0.0,val,1,0.0032317214046332
S06018,42,23,2025-11-21,48,14,0.0,val,1,0.0007415303401446
S06032,42,25,2025-11-21,47,29,0.0,val,1,0.0013361620292918
S06064,42,8,2025-11-21,46,16,0.0,val,1,0.003093691625826
S06067,42,2,2025-11-21,62,18,0.0,val,1,0.0032753254123129
S06068,42,1,2025-11-21,35,29,0.0,val,1,0.0032968915883599
S06336,42,16,2025-11-21,25,28,0.029144791869211,val,1,0.0030420735367216
S06337,42,13,2025-11-21,37,13,0.0210031272261865,val,1,0.0032463179139815
S06356,42,12,2025-11-21,35,16,0.00921044097071,val,1,0.0029888154628434
S06357,42,8,2025-11-21,34,25,0.0120899203026128,val,1,0.0033261919926429
S06358,42,5,2025-11-21,21,27,0.0,val,1,0.0027822244259075
S06362,42,4,2025-11-21,45,22,0.0,val,1,0.003094529319169
S06366,42,7,2025-11-21,35,20,0.0106471535161007,val,1,0.0032064215200089
S06592,42,23,2025-11-21,31,16,0.0,val,1,0.000807121173222
S06919,42,25,2025-11-21,41,20,0.0,val,1,0.0009442266037481
S07020,42,14,2025-11-21,54,18,0.0,val,1,0.003288027687086
S07021,42,17,2025-11-21,33,17,0.0022573465958123,val,1,0.0031378258471269
S07023,42,17,2025-11-21,46,13,0.0045776285673496,val,1,0.0029193352916092
S07033,42,13,2025-11-21,55,14,0.004622718288571,val,1,0.0028864674873337
S07362,42,14,2025-11-21,49,23,0.0043826774014338,val,1,0.0031917316085301
S07372,42,2,2025-11-21,47,29,0.0132705555654449,val,1,0.0033165225595612
S07378,42,6,2025-11-21,24,28,0.0071179168134647,val,1,0.0019654478303023
S07381,42,10,2025-11-21,52,23,0.0044673354186891,val,1,0.0034155344698164
S07385,42,13,2025-11-21,32,29,0.0043249358221294,val,1,0.0032685408524701
S07390,42,7,2025-11-21,20,28,0.001491135693348,val,1,0.0031789020245723
S07456,42,17,2025-11-21,56,27,0.0,val,1,0.0030303099700238
S07581,42,13,2025-11-21,17,20,0.0082954135292853,val,1,0.0032405045454821
S07591,42,2,2025-11-21,36,31,0.0195891661794556,val,1,0.0030439216225269
S07594,42,2,2025-11-21,55,23,0.0116757112317053,val,1,0.0033528442890836
S07596,42,1,2025-11-21,39,22,0.0227946955530121,val,1,0.0032672584000096
S08364,42,14,2025-11-21,62,16,0.0170014504255493,val,1,0.0032299692643719
S08365,42,12,2025-11-21,19,15,0.0,val,1,0.003103360996678
S08418,42,12,2025-11-21,36,18,0.0081871923037097,val,1,0.0029678669896825
S08435,42,2,2025-11-21,19,22,0.0104704320896622,val,1,0.0032492891353564
S08444,42,1,2025-11-21,54,21,0.0059066675223609,val,1,0.0033375121721123
S08451,42,6,2025-11-21,30,14,0.0023516997773692,val,1,0.0032189646105392
S08454,42,12,2025-11-21,46,28,0.0023601089354104,val,1,0.0028742211798783
S08455,42,16,2025-11-21,43,25,0.0093637324930466,val,1,0.0028901368491412
S08694,42,18,2025-11-21,26,19,0.0,val,1,0.0018504981896469
S08695,42,18,2025-11-21,46,24,0.0,val,1,0.0012746631895678
S08700,42,18,2025-11-21,21,26,0.0,val,1,0.0008316856777728
S08701,42,23,2025-11-21,53,29,0.0,val,1,0.0010004783891744
S08929,42,16,2025-11-21,53,31,0.0,val,1,0.003077189177258
S08936,42,5,2025-11-21,21,21,0.0,val,1,0.0033840256637048
S09008,42,23,2025-11-21,56,22,0.0,val,1,0.0008612319081101
S09029,42,25,2025-11-21,54,17,0.0,val,1,0.0007785288499444
S09184,42,5,2025-11-21,59,20,0.0,val,1,0.0031931273461397
S09185,42,6,2025-11-21,50,23,0.0,val,1,0.0032301005025516
S09194,42,13,2025-11-21,18,22,0.0,val,1,0.0032145972537518
S09197,42,10,2025-11-21,14,24,0.0,val,1,0.0031831624917171
S09402,42,12,2025-11-21,50,31,0.0,val,1,0.0028134133166842
S09437,42,19,2025-11-21,39,12,0.0,val,1,0.0007113029979469
S09439,42,24,2025-11-21,61,25,0.0,val,1,0.000543770594688
S09448,42,19,2025-11-21,44,13,0.0,val,1,0.0007009119169714
S09461,42,18,2025-11-21,51,23,0.0,val,1,0.0010029768245526
S09462,42,23,2025-11-21,16,22,0.0,val,1,0.0008699646573187
S09530,42,7,2025-11-21,36,31,0.0,val,1,0.0031584397123049
S09673,42,10,2025-11-21,24,19,0.0,val,1,0.0029504034616653
S09755,42,25,2025-11-21,40,11,0.0,val,1,0.0028980089147271
S09855,42,13,2025-11-21,56,15,0.0,val,1,0.0031392991892223
S09859,42,17,2025-11-21,39,24,0.0092198017702867,val,1,0.0032761496379479
S09875,42,8,2025-11-21,50,25,0.0089785279240218,val,1,0.0032888483590637
S09878,42,6,2025-11-21,23,18,0.0134680682129201,val,1,0.0032792700161678
S09882,42,6,2025-11-21,50,21,0.0107777841027684,val,1,0.0032827526905373
S10267,42,22,2025-11-21,47,31,0.0,val,1,0.0011221340881964
S10369,42,23,2025-11-21,35,13,0.0,val,1,0.0007205965342315
S10471,42,8,2025-11-21,22,24,0.0,val,1,0.0033062042333751
S10476,42,14,2025-11-21,23,14,0.0,val,1,0.0031266169498109
S10481,42,2,2025-11-21,24,16,0.0,val,1,0.0033288344548706
S10552,42,18,2025-11-21,23,18,0.0,val,1,0.0014918885494328
S11120,42,19,2025-11-21,60,25,0.0,val,1,0.0010328053838465
S11138,42,24,2025-11-21,42,12,0.0,val,1,0.000540359099982
S11143,42,20,2025-11-21,25,18,0.0,val,1,0.0010598337621754
S11622,42,6,2025-11-21,18,15,0.0,val,1,0.0030063994928153
S12702,42,19,2025-11-21,26,22,0.0,val,1,0.0010501487406189
S12703,42,23,2025-11-21,36,13,0.0,val,1,0.0007291458762975
S12910,42,2,2025-11-21,58,27,0.0,val,1,0.0032575859824852
S12913,42,5,2025-11-21,36,27,0.0,val,1,0.0033904706984205
S13095,42,23,2025-11-21,48,16,0.0,val,1,0.0007539268761637
S13109,42,22,2025-11-21,34,16,0.0,val,1,0.0011645597135875
S13211,42,8,2025-11-21,48,22,0.0,val,1,0.0032996364584992
S13225,42,13,2025-11-21,15,23,0.0,val,1,0.0030988314317034
S13226,42,17,2025-11-21,50,13,0.0,val,1,0.003164333558614
S13270,42,4,2025-11-21,18,16,0.0,val,1,0.0032122498760081
S13272,42,1,2025-11-21,30,20,0.0,val,1,0.0034369717275917
S13337,42,19,2025-11-21,35,22,0.0,val,1,0.0018518467913738
S13536,42,19,2025-11-21,16,17,0.0040161616161616,val,1,0.0019769597755444
S13541,42,10,2025-11-21,43,32,0.0026667954455211,val,1,0.0029445659998001
S13615,42,24,2025-11-21,33,19,0.0066706932420642,val,1,0.0009478315931709
S13617,42,22,2025-11-21,29,25,0.0079949167129149,val,1,0.001275201880048
S13903,42,17,2025-11-21,59,16,0.0093006370094241,val,1,0.0031119173014473
S13904,42,8,2025-11-21,33,26,0.0,val,1,0.0032389117917033
S13905,42,13,2025-11-21,19,21,0.0092876017057792,val,1,0.0031215726604759
S13911,42,8,2025-11-21,30,24,0.0074420972638687,val,1,0.0032867562598046
S13919,42,5,2025-11-21,57,27,0.0018671084613448,val,1,0.0033850274111843
S13920,42,6,2025-11-21,53,20,0.0036863966770508,val,1,0.003243769634235
S13925,42,13,2025-11-21,33,31,0.0037767392378129,val,1,0.0030292464507503
S13928,42,7,2025-11-21,32,24,0.0,val,1,0.0033330842025061
S13930,42,10,2025-11-21,15,21,0.0,val,1,0.0021363216650064
S14145,42,16,2025-11-21,56,21,0.0,val,1,0.0029005334264608
S14151,42,6,2025-11-21,43,27,0.0,val,1,0.0032624000735336
S14254,42,19,2025-11-21,17,19,0.0,val,1,0.0005373949072772
S14257,42,18,2025-11-21,29,24,0.0,val,1,0.0012263717106158
S14259,42,25,2025-11-21,60,22,0.0,val,1,0.0010974722105218
S14406,42,5,2025-11-21,19,15,0.0,val,1,0.003175594426324
S14409,42,14,2025-11-21,45,32,0.0,val,1,0.00317742486433
S14410,42,7,2025-11-21,27,12,0.0,val,1,0.0030552953711141
S14441,42,16,2025-11-21,25,16,0.0,val,1,0.0026829734343285
S14509,42,1,2025-11-21,33,11,0.0,val,1,0.0029745590976314
S14635,42,20,2025-11-21,25,23,0.0,val,1,0.0012393834154787
S14648,42,24,2025-11-21,43,27,0.0,val,1,0.0005412102650723
S14669,42,20,2025-11-21,43,21,0.0,val,1,0.0019972755778678
S14833,42,2,2025-11-21,28,16,0.0020573320914829,val,1,0.0033443860048569
S14835,42,6,2025-11-21,46,23,0.0041277355591545,val,1,0.0032277561088035
S14836,42,6,2025-11-21,37,25,0.0,val,1,0.0032995186091157
S14839,42,5,2025-11-21,42,22,0.0,val,1,0.0030868401301621
S14847,42,13,2025-11-21,54,27,0.0,val,1,0.0033371616450348
S15054,42,19,2025-11-21,47,14,0.0,val,1,0.0010441391385534
S16151,42,6,2025-11-21,45,11,0.0,val,1,0.0028884242067269
S16176,42,24,2025-11-21,35,27,0.0,val,1,0.00056835302217
S16490,42,22,2025-11-21,17,17,0.0,val,1,0.0010472889441441
S16498,42,24,2025-11-21,24,19,0.0,val,1,0.0005518910963902
S16708,42,23,2025-11-21,40,12,0.0,val,1,0.0007983767007114
S17119,42,1,2025-11-21,44,17,0.0,val,1,0.0033515661556651
S17122,42,2,2025-11-21,50,19,0.0,val,1,0.003288067106435
S17283,42,20,2025-11-21,16,18,0.0,val,1,0.0008555287876174
S17291,42,25,2025-11-21,39,14,0.0,val,1,0.000842407814639
S17391,42,20,2025-11-21,40,23,0.0,val,1,0.001967508522898
S17610,42,22,2025-11-21,30,14,0.0,val,1,0.0011257726332251
S17936,42,24,2025-11-21,60,25,0.0,val,1,0.0005312061464474
S17945,42,20,2025-11-21,55,28,0.0,val,1,0.0008525692919625
S18312,42,19,2025-11-21,43,29,0.0,val,1,0.0009476876804752
S18488,42,8,2025-11-21,19,15,0.0,val,1,0.0030852081202766
S18598,42,18,2025-11-21,51,20,0.0,val,1,0.000964496857087
S18605,42,19,2025-11-21,48,18,0.0,val,1,0.0011466739853382
S18606,42,19,2025-11-21,63,24,0.0,val,1,0.0006274020610024
S18636,42,12,2025-11-21,35,20,0.0,val,1,0.0028255297977625
S18737,42,5,2025-11-21,29,12,0.0,val,1,0.003235730379385
S19230,42,19,2025-11-21,63,19,0.0,val,1,0.0007465353848599
S19637,42,5,2025-11-21,51,31,0.0,val,1,0.0032977382082918
S19638,42,17,2025-11-21,39,32,0.0,val,1,0.0031928083690712
S19640,42,19,2025-11-21,47,31,0.0,val,1,0.0011189155382293
S19814,42,16,2025-11-21,26,22,0.0,val,1,0.003154432192232
S19816,42,16,2025-11-21,21,27,0.0,val,1,0.0030805542167352
S19817,42,12,2025-11-21,45,23,0.0,val,1,0.0030032960111408
S19818,42,12,2025-11-21,18,21,0.0,val,1,0.0029366926968841
S20153,42,2,2025-11-21,26,23,0.0019301045829304,val,1,0.0033751879509562
S20157,42,1,2025-11-21,31,19,0.0038487301900746,val,1,0.0034310572669111
S20160,42,6,2025-11-21,46,19,0.0252712523370334,val,1,0.0031785373254799
S20161,42,8,2025-11-21,25,15,0.0,val,1,0.0030211665451574
S20165,42,12,2025-11-21,50,27,0.0,val,1,0.0029090756212434
S20179,42,12,2025-11-21,48,18,0.0,val,1,0.0029151025393804
S20181,42,6,2025-11-21,58,16,0.0,val,1,0.0032320203699507
S20620,42,8,2025-11-21,47,18,0.0,val,1,0.0032156823629776
S20622,42,13,2025-11-21,37,12,0.0,val,1,0.0028980594686799
S20624,42,13,2025-11-21,22,24,0.0,val,1,0.0032765728137419
S20630,42,4,2025-11-21,52,25,0.0,val,1,0.0031704548637217
S20633,42,6,2025-11-21,58,23,0.0,val,1,0.0032469875026259
S20634,42,4,2025-11-21,37,17,0.0,val,1,0.0030463809118982
S20638,42,2,2025-11-21,31,22,0.0,val,1,0.003386191778271
S20827,42,19,2025-11-21,37,30,0.0,val,1,0.0007105091780771
S20831,42,20,2025-11-21,26,24,0.0,val,1,0.001172916689131
S20842,42,25,2025-11-21,54,18,0.0,val,1,0.0007806074117871
S20843,42,25,2025-11-21,35,23,0.0,val,1,0.0010653849894705
S20844,42,25,2025-11-21,45,19,0.0,val,1,0.0008544679663292
S20885,42,8,2025-11-21,46,15,0.0,val,1,0.0031294074053836
S21295,42,22,2025-11-21,37,32,0.0,val,1,0.0018548664515841
S21296,42,22,2025-11-21,49,12,0.0,val,1,0.0023812873404766
S21419,42,1,2025-11-21,33,24,0.0,val,1,0.0033925380015663
S21424,42,14,2025-11-21,47,15,0.0,val,1,0.003203677246618
S21635,42,24,2025-11-21,50,26,0.0,val,1,0.0007506050987347
S21638,42,19,2025-11-21,22,16,0.0,val,1,0.000598454944416
S21667,42,24,2025-11-21,27,22,0.0,val,1,0.0006521522254112
S21949,42,10,2025-11-21,39,11,0.0,val,1,0.0026859701228011
S21954,42,19,2025-11-21,49,20,0.0,val,1,0.0009104384586637
S21964,42,25,2025-11-21,20,27,0.0,val,1,0.0017318337519474
S22393,42,13,2025-11-21,22,18,0.0,val,1,0.0029202378629796
S22400,42,10,2025-11-21,44,28,0.0,val,1,0.0032668798857737
S22401,42,5,2025-11-21,19,17,0.0,val,1,0.0028161917107952
S22447,42,23,2025-11-21,21,26,0.0,val,1,0.0008714996439484
S22564,42,4,2025-11-21,44,20,0.0111688978779415,val,1,0.0029208481821275
S22612,42,16,2025-11-21,25,26,0.0,val,1,0.003023584986941
S22613,42,13,2025-11-21,62,18,0.0113357184284438,val,1,0.0031049264785563
S22625,42,16,2025-11-21,33,29,0.0015656847271707,val,1,0.0031495066624237
S22640,42,4,2025-11-21,26,16,0.0,val,1,0.0030867084656896
S22641,42,4,2025-11-21,34,13,0.0113378241415158,val,1,0.0029704259023631
S22645,42,2,2025-11-21,47,23,0.0079268623341658,val,1,0.0033058823387321
S23050,42,22,2025-11-21,31,13,0.0,val,1,0.0011850066408733
S23053,42,23,2025-11-21,32,15,0.0,val,1,0.0008388328805553
S23057,42,19,2025-11-21,20,22,0.0,val,1,0.0006164062505874
S23693,42,13,2025-11-21,26,26,0.0,val,1,0.0032398323626413
S23694,42,6,2025-11-21,47,16,0.0,val,1,0.0031835570810426
S23695,42,17,2025-11-21,34,13,0.0,val,1,0.003183611972878
S24042,42,14,2025-11-21,41,23,0.0,val,1,0.0032805999991093
S24537,42,25,2025-11-21,62,20,0.0,val,1,0.0015197793972071
S24545,42,20,2025-11-21,61,18,0.0,val,1,0.0011492055720104
S24565,42,25,2025-11-21,42,21,0.0,val,1,0.0010002835605228
S25080,42,14,2025-11-21,40,12,0.0,val,1,0.0031361764061325
S25088,42,20,2025-11-21,26,13,0.0,val,1,0.0019534548848612
S25118,42,18,2025-11-21,47,18,0.0,val,1,0.0013476307092604
S25119,42,22,2025-11-21,26,16,0.0,val,1,0.0011587217473781
S25139,42,25,2025-11-21,63,21,0.0,val,1,0.0028626608433931
S25140,42,20,2025-11-21,30,25,0.0,val,1,0.0013132796078961
S25187,42,17,2025-11-21,31,23,0.0,val,1,0.0033197091465064
S25276,42,22,2025-11-21,50,12,0.0,val,1,0.0020802076762678
S25460,42,12,2025-11-21,44,21,0.0893770070648683,val,1,0.0029025740438047
S25462,42,17,2025-11-21,23,24,0.0,val,1,0.003158133239046
S25476,42,4,2025-11-21,28,29,0.0,val,1,0.0032129014714122
S25478,42,14,2025-11-21,54,26,0.0,val,1,0.0032416354695894
S25488,42,2,2025-11-21,45,26,0.0,val,1,0.0033424483609902
S25490,42,5,2025-11-21,42,16,0.0030630797201935,val,1,0.0033723618914789
S25491,42,4,2025-11-21,36,28,0.0,val,1,0.0031252334358393
S25494,42,5,2025-11-21,22,20,0.0,val,1,0.0034452781061758
S25500,42,10,2025-11-21,24,18,0.0,val,1,0.0031940038104522
S25654,42,18,2025-11-21,22,28,0.0,val,1,0.0010035115293209
S25749,42,12,2025-11-21,29,23,0.0,val,1,0.0031491213487545
S25752,42,8,2025-11-21,42,27,0.0,val,1,0.0032681251968563
S25921,42,23,2025-11-21,35,19,0.0,val,1,0.0011712690114431
S26297,42,18,2025-11-21,40,17,0.0,val,1,0.0009867189242337
S26299,42,25,2025-11-21,53,14,0.0,val,1,0.0008566141100402
S26312,42,10,2025-11-21,54,27,0.0,val,1,0.0033016086206208
S26476,42,13,2025-11-21,39,26,0.0,val,1,0.0032597019398005
S26552,42,23,2025-11-21,36,18,0.0,val,1,0.0011217579090702
S26558,42,19,2025-11-21,20,18,0.0,val,1,0.0011023622130357
S26732,42,25,2025-11-21,29,28,0.01814080476552,val,1,0.0009519915567898
S26842,42,18,2025-11-21,39,24,0.0,val,1,0.0016126113936364
S27189,42,2,2025-11-21,46,27,0.0074930082845232,val,1,0.0033491203402733
S27191,42,7,2025-11-21,48,16,0.0048615033979169,val,1,0.0030874530387023
S27200,42,13,2025-11-21,35,16,0.010936376839233,val,1,0.0032323080287812
S27202,42,4,2025-11-21,52,13,0.0024930463069556,val,1,0.0029973234620525
S27203,42,12,2025-11-21,33,29,0.0098774265031028,val,1,0.0028410971780639
S27204,42,6,2025-11-21,29,25,0.0101016260162601,val,1,0.0031634937050708
S27214,42,12,2025-11-21,21,16,0.0049035930905709,val,1,0.0028836491754517
S27267,42,14,2025-11-21,50,12,0.0,val,1,0.0030761512849191
S27605,42,7,2025-11-21,19,16,0.0,val,1,0.0030907535878717
S27609,42,17,2025-11-21,28,17,0.0,val,1,0.0031779969135685
S27679,42,19,2025-11-21,56,19,0.0,val,1,0.0020031542161379
S27683,42,18,2025-11-21,45,16,0.0,val,1,0.0011626198456827
S27930,42,14,2025-11-21,23,24,0.0023254072971936,val,1,0.0029541232334514
S27971,42,2,2025-11-21,33,11,0.0023318225750452,val,1,0.0032650840096164
S28024,42,4,2025-11-21,55,15,0.0,val,1,0.0029338119874067
S28562,42,25,2025-11-21,56,29,0.0,val,1,0.0023087229044499
S28563,42,20,2025-11-21,52,22,0.0,val,1,0.0013514255591619
S28564,42,25,2025-11-21,46,26,0.0,val,1,0.0010984031611423
S28570,42,4,2025-11-21,26,25,0.0,val,1,0.0032055035145484
S28573,42,1,2025-11-21,41,27,0.0,val,1,0.0032525757415454
S28793,42,19,2025-11-21,54,13,0.0,val,1,0.0017872088377593
S28886,42,23,2025-11-21,54,19,0.0,val,1,0.0009407233667749
S28890,42,24,2025-11-21,58,22,0.0,val,1,0.0005941379116116
S29046,42,2,2025-11-21,42,21,0.0,val,1,0.0031153728519775
S29380,42,4,2025-11-21,58,28,0.0,val,1,0.0031003166677131
S29440,42,22,2025-11-21,26,21,0.0,val,1,0.0012107624159655
S29449,42,24,2025-11-21,53,29,0.0,val,1,0.0005640325436871
S29880,42,8,2025-11-21,19,23,0.0,val,1,0.0032461740485239
S29884,42,2,2025-11-21,56,24,0.0,val,1,0.0034292923285769
S29885,42,2,2025-11-21,44,17,0.0,val,1,0.0033560194458085
S30683,42,19,2025-11-21,53,30,0.0036316074064331,val,1,0.0023229607212677
S30746,42,6,2025-11-21,20,22,0.0127595040700947,val,1,0.0026933939928432
S30776,42,14,2025-11-21,62,18,0.0,val,1,0.0031406865141941
S30777,42,8,2025-11-21,35,22,0.0,val,1,0.0033387654892921
S30778,42,16,2025-11-21,20,21,0.0,val,1,0.0026621459997333
S30779,42,7,2025-11-21,21,27,0.0,val,1,0.0033118233005706
S30781,42,5,2025-11-21,31,17,0.0049208164396853,val,1,0.0033760877138976
S30935,42,16,2025-11-21,59,28,0.0,val,1,0.003274818648956
S31683,42,1,2025-11-21,35,22,0.0,val,1,0.0033118358967216
S32576,42,16,2025-11-21,59,25,0.0027029084818029,val,1,0.0030383468832217
S32583,42,2,2025-11-21,50,13,0.0027264398839205,val,1,0.0033688371019278
S32591,42,7,2025-11-21,26,29,0.0,val,1,0.0033012891429624
S32751,42,10,2025-11-21,33,11,0.0,val,1,0.0028488843322845
S32849,42,10,2025-11-21,19,23,0.0025917813934084,val,1,0.0033575028069938
S32853,42,4,2025-11-21,25,15,0.0,val,1,0.0030096355857539
S32858,42,1,2025-11-21,33,27,0.0,val,1,0.0033742993858409
S32883,42,22,2025-11-21,54,21,0.0,val,1,0.001326875207947
S32884,42,24,2025-11-21,28,17,0.0,val,1,0.0005324824056403
S33738,42,25,2025-11-21,23,30,0.0,val,1,0.0026385376456614
S33803,42,22,2025-11-21,25,24,0.0,val,1,0.0011356603757572
S33805,42,19,2025-11-21,52,29,0.0,val,1,0.0014787217548307
S33806,42,19,2025-11-21,37,29,0.0,val,1,0.0019785601254347
S34059,42,17,2025-11-21,45,12,0.0100987839569852,val,1,0.0031332583612102
S34064,42,12,2025-11-21,43,16,0.0134164777021919,val,1,0.0029144218128876
S34065,42,17,2025-11-21,34,20,0.0035817806278277,val,1,0.0030640436625555
S34072,42,14,2025-11-21,24,26,0.0119794397141324,val,1,0.0031622366335282
S34079,42,7,2025-11-21,57,22,0.0083847892836656,val,1,0.0032964599412226
S34087,42,4,2025-11-21,56,20,0.0186460072408036,val,1,0.0031808849699862
S34089,42,6,2025-11-21,25,25,0.0200160772999157,val,1,0.0030485537341662
S34090,42,4,2025-11-21,19,18,0.0093978045122843,val,1,0.0027140993709104
S34091,42,4,2025-11-21,36,31,0.0014365947213092,val,1,0.0032126594837848
S34138,42,13,2025-11-21,44,14,0.0,val,1,0.0030778411618309
S34141,42,16,2025-11-21,16,21,0.0,val,1,0.0028926519049005
S34581,42,14,2025-11-21,41,32,0.0,val,1,0.0032075617298004
S34619,42,24,2025-11-21,25,26,0.0,val,1,0.0005240724157425
S34634,42,24,2025-11-21,51,13,0.0,val,1,0.0010563590444795
S34642,42,16,2025-11-21,22,15,0.0035548498308406,val,1,0.0031630403167887
S34653,42,10,2025-11-21,49,20,0.0,val,1,0.0033038145974405
S34735,42,2,2025-11-21,62,21,0.0,val,1,0.0032585663158262
S34736,42,6,2025-11-21,48,22,0.0,val,1,0.0032806271021593
S34738,42,13,2025-11-21,52,29,0.0,val,1,0.003288393177834
S34739,42,7,2025-11-21,39,21,0.0,val,1,0.0031008396528306
S34758,42,12,2025-11-21,31,22,0.0,val,1,0.0029627794172836
S34761,42,16,2025-11-21,22,19,0.0,val,1,0.0026956374496069
S34770,42,18,2025-11-21,55,24,0.0,val,1,0.0010650730475703
S35299,42,17,2025-11-21,13,24,0.020362983698511,val,1,0.003257910014166
S35439,42,8,2025-11-21,61,22,0.0105690149231513,val,1,0.0027819049638037
S35448,42,13,2025-11-21,39,24,0.0256994205280708,val,1,0.0033103485403074
S35459,42,12,2025-11-21,40,18,0.0197071290638518,val,1,0.002953671880309
S35469,42,12,2025-11-21,21,22,0.0235306776852389,val,1,0.0028444791262676
S35470,42,17,2025-11-21,19,26,0.0112652028941419,val,1,0.00304923783507
S35481,42,7,2025-11-21,36,24,0.0048642154739796,val,1,0.0032752786874578
S35483,42,10,2025-11-21,46,18,0.0213320140601986,val,1,0.0033552963759495
S35492,42,7,2025-11-21,22,24,0.0177052019478188,val,1,0.0023151449690725
S35497,42,7,2025-11-21,33,26,0.0142786198291819,val,1,0.0032915356001438
S35506,42,6,2025-11-21,29,20,0.0227821340396253,val,1,0.0031323801480626
S35508,42,5,2025-11-21,59,22,0.0221983183768875,val,1,0.0032750161523755
S35512,42,1,2025-11-21,58,27,0.0252818578898198,val,1,0.0033383401819877
S35623,42,17,2025-11-21,35,15,0.0,val,1,0.0031338122277953
S35630,42,10,2025-11-21,28,20,0.0,val,1,0.003314439055608
S35632,42,10,2025-11-21,25,27,0.0,val,1,0.0031356584203959
S35633,42,12,2025-11-21,38,26,0.0019691980965739,val,1,0.003003719044591
S35841,42,23,2025-11-21,22,14,0.0060276763732065,val,1,0.0019323428624003
S36596,42,18,2025-11-21,36,28,0.0,val,1,0.0008875610495152
S36677,42,23,2025-11-21,37,29,0.0,val,1,0.000936011591278
S36686,42,20,2025-11-21,33,13,0.0,val,1,0.0008374270757871
S36846,42,8,2025-11-21,23,19,0.0,val,1,0.0033280733751046
S36996,42,20,2025-11-21,42,32,0.0,val,1,0.0019901772877225
S37113,42,18,2025-11-21,41,31,0.0,val,1,0.0007349562151399
S37127,42,24,2025-11-21,52,17,0.0,val,1,0.0008270329925668
S37135,42,25,2025-11-21,25,16,0.0,val,1,0.0007814828443304
S37266,42,17,2025-11-21,21,14,0.0,val,1,0.0032600823827997
S37431,42,12,2025-11-21,59,16,0.0,val,1,0.0027914513029672
S37436,42,12,2025-11-21,15,24,0.0,val,1,0.0028609601114616
S37749,42,13,2025-11-21,31,18,0.0,val,1,0.0032872142554334
S37758,42,12,2025-11-21,28,18,0.0028366608449482,val,1,0.0029567817901526
S37768,42,12,2025-11-21,31,24,0.0,val,1,0.0030514420927016
S37772,42,5,2025-11-21,51,28,0.0027676612427188,val,1,0.0032919809847015
S37774,42,1,2025-11-21,49,13,0.0,val,1,0.0033333738681876
S37776,42,1,2025-11-21,40,28,0.0,val,1,0.0033712844020992
S37785,42,20,2025-11-21,48,29,0.0,val,1,0.0010911350543436
S37790,42,14,2025-11-21,35,15,0.0,val,1,0.0031325659385519
S37798,42,2,2025-11-21,34,14,0.0,val,1,0.0033620856052069
S37957,42,17,2025-11-21,36,12,0.0041660379889017,val,1,0.0030904940439569
S37973,42,12,2025-11-21,44,18,0.0122157042668938,val,1,0.0030411646012065
S37977,42,14,2025-11-21,20,26,0.0098108057043109,val,1,0.0028362380214477
S37979,42,5,2025-11-21,38,22,0.0013702331326231,val,1,0.0033010912515953
S37982,42,4,2025-11-21,34,19,0.0097062729474259,val,1,0.0030911595294948
S37983,42,2,2025-11-21,40,22,0.0,val,1,0.0032031173622498
S38038,42,22,2025-11-21,48,22,0.0014008089178257,val,1,0.0020043300216078
S38207,42,25,2025-11-21,48,31,0.0096317829457364,val,1,0.0025487480387803
S38211,42,18,2025-11-21,50,31,0.0041081849592487,val,1,0.0021996277611286
S38214,42,12,2025-11-21,62,27,0.0054900596229312,val,1,0.0027939707147645
S38867,42,19,2025-11-21,49,30,0.0,val,1,0.0009173353071536
S38868,42,20,2025-11-21,35,28,0.0,val,1,0.0009738012412666
S38871,42,25,2025-11-21,26,16,0.0,val,1,0.0008019950148031
S38954,42,2,2025-11-21,63,19,0.0,val,1,0.0033482702207542
S38957,42,10,2025-11-21,39,15,0.0,val,1,0.0032622303237435
S38958,42,4,2025-11-21,20,23,0.0,val,1,0.0031743799080508
S39190,42,22,2025-11-21,21,14,0.0,val,1,0.0024057004987106
S39258,42,12,2025-11-21,24,13,0.0,val,1,0.0027180904350466
S39438,42,5,2025-11-21,46,18,0.0,val,1,0.003302302970573
S39478,42,16,2025-11-21,56,13,0.0,val,1,0.0031896998768208
S39499,42,23,2025-11-21,19,27,0.0,val,1,0.0009015646723729
S39517,42,22,2025-11-21,38,25,0.0,val,1,0.001262710501565
S39810,42,17,2025-11-21,42,20,0.0,val,1,0.0031331048858237
S39817,42,1,2025-11-21,63,20,0.0,val,1,0.0033177128379969
S39824,42,22,2025-11-21,38,19,0.0,val,1,0.0011049743175534
S39904,42,20,2025-11-21,16,26,0.0133442073856294,val,1,0.0015298325290388
S40048,42,16,2025-11-21,19,25,0.0016433554872201,val,1,0.002611801637531
S40049,42,12,2025-11-21,30,15,0.0016460332916029,val,1,0.0029495585664519
S40050,42,13,2025-11-21,21,19,0.0033585733158984,val,1,0.0032965130490053
S40082,42,1,2025-11-21,27,29,0.0050692043287129,val,1,0.0033763473933614
S40382,42,24,2025-11-21,55,30,0.0,val,1,0.0019258970702111
S40391,42,6,2025-11-21,25,13,0.0019453349146518,val,1,0.0031441131919605
S40474,42,23,2025-11-21,35,31,0.0,val,1,0.0011179071274974
S40483,42,13,2025-11-21,14,24,0.0,val,1,0.0030896843019708
S40499,42,1,2025-11-21,31,14,0.0085037941979142,val,1,0.0033416689452231
S40500,42,1,2025-11-21,38,20,0.0064656293906437,val,1,0.0032803370923392
S40501,42,2,2025-11-21,31,29,0.0,val,1,0.0033242006342948
S40505,42,4,2025-11-21,23,18,0.0105491949075194,val,1,0.0029765934511302
S40507,42,7,2025-11-21,33,14,0.0,val,1,0.0028866597359728
S40669,42,19,2025-11-21,52,31,0.0,val,1,0.0016171295834868
S40674,42,13,2025-11-21,26,12,0.0,val,1,0.0029810402019327
S41311,42,1,2025-11-21,23,14,0.0,val,1,0.0032509233323071
S41903,42,8,2025-11-21,28,18,0.0158649355187731,val,1,0.0032707742253397
S41904,42,7,2025-11-21,43,13,0.0098495985932748,val,1,0.0025836363503565
S41915,42,10,2025-11-21,19,21,0.0075392892538581,val,1,0.0032511867032051
S41919,42,10,2025-11-21,54,14,0.0109610793465255,val,1,0.0027098823684736
S41929,42,5,2025-11-21,28,18,0.0043976774600006,val,1,0.0034222212790401
S41933,42,6,2025-11-21,37,17,0.0079178371718823,val,1,0.0031794482888836
S41935,42,24,2025-11-21,61,17,0.0,val,1,0.0005289590082207
S41936,42,22,2025-11-21,35,20,0.0074443174045245,val,1,0.0011480691728518
S42728,42,19,2025-11-21,35,15,0.0,val,1,0.0005529778272017
S42743,42,23,2025-11-21,40,28,0.0,val,1,0.0007740975088729
S42766,42,24,2025-11-21,51,21,0.0,val,1,0.0005387766278958
S42856,42,22,2025-11-21,60,20,0.0,val,1,0.0010852181795818
S43696,42,14,2025-11-21,48,13,0.0088174243185863,val,1,0.0031662365005242
S43697,42,14,2025-11-21,57,15,0.0087904961235739,val,1,0.0031973838279432
S43716,42,1,2025-11-21,55,16,0.0089805752145761,val,1,0.0033427396537015
S43718,42,5,2025-11-21,50,16,0.0080168725325332,val,1,0.0031676468266717
S43722,42,5,2025-11-21,38,13,0.0109411993091454,val,1,0.0033228636656014
S43723,42,5,2025-11-21,33,29,0.0142141329092926,val,1,0.0033935262484015
S43728,42,12,2025-11-21,61,26,0.0101471645106494,val,1,0.0029042009471515
S43730,42,10,2025-11-21,27,21,0.0075599845605949,val,1,0.0033551405878247
S00054,42,1,2025-11-21,47,32,0.0,val,2,0.0031892425188882
S00533,42,12,2025-11-21,50,22,0.0044184258135637,val,2,0.0028073418027362
S00535,42,16,2025-11-21,16,23,0.0,val,2,0.0029389030953918
S00542,42,13,2025-11-21,25,28,0.0,val,2,0.0030170315949696
S00544,42,7,2025-11-21,60,27,0.0,val,2,0.0031601395027384
S00546,42,5,2025-11-21,38,28,0.0,val,2,0.0034423943830903
S00556,42,6,2025-11-21,60,27,0.0,val,2,0.0030436063890398
S00563,42,1,2025-11-21,47,30,0.0,val,2,0.0033469072539626
S00850,42,23,2025-11-21,36,27,0.0,val,2,0.0010674283999539
S00854,42,18,2025-11-21,42,13,0.0,val,2,0.0008255551765656
S01334,42,23,2025-11-21,29,30,0.0,val,2,0.0008555486505752
S01338,42,20,2025-11-21,25,25,0.0,val,2,0.0010687795065234
S02023,42,1,2025-11-21,30,22,0.0,val,2,0.0034037059280887
S02026,42,1,2025-11-21,44,19,0.0,val,2,0.0032740779889346
S02229,42,24,2025-11-21,36,13,0.0,val,2,0.0005678240345542
S02365,42,8,2025-11-21,28,12,0.0,val,2,0.0030186525287362
S02625,42,2,2025-11-21,43,24,0.0,val,2,0.0033476249549312
S02630,42,16,2025-11-21,51,27,0.0,val,2,0.0032053873780929
S03164,42,18,2025-11-21,22,29,0.0123332712947453,val,2,0.002112874748608
S03172,42,13,2025-11-21,37,11,0.0046235998958062,val,2,0.0028581755976183
S03391,42,25,2025-11-21,39,16,0.0,val,2,0.0011457475839565
S03622,42,25,2025-11-21,31,12,0.0,val,2,0.001587848726551
S03809,42,10,2025-11-21,57,28,0.0,val,2,0.0032645837835676
S03981,42,25,2025-11-21,32,29,0.0,val,2,0.0015349271278957
S04025,42,10,2025-11-21,53,30,0.0,val,2,0.0032404964436602
S04117,42,18,2025-11-21,46,31,0.0,val,2,0.0007603577846846
S04478,42,14,2025-11-21,52,16,0.0,val,2,0.0032934764218879
S04481,42,8,2025-11-21,40,26,0.0,val,2,0.0033118902627395
S04485,42,6,2025-11-21,52,26,0.0,val,2,0.0033107081500801
S04889,42,17,2025-11-21,44,26,0.0,val,2,0.0032044470898407
S04894,42,16,2025-11-21,32,16,0.0,val,2,0.0028956003907964
S04908,42,5,2025-11-21,44,17,0.0069838191795066,val,2,0.0033969786508432
S04910,42,1,2025-11-21,42,20,0.0,val,2,0.0031528984701463
S05225,42,2,2025-11-21,57,20,0.0,val,2,0.0033153376946184
S05621,42,23,2025-11-21,18,26,0.0,val,2,0.0008452109952429
S05627,42,25,2025-11-21,29,13,0.0,val,2,0.0011446095440009
S05779,42,12,2025-11-21,41,14,0.0035166296960627,val,2,0.0028857488387161
S05780,42,16,2025-11-21,47,31,0.0068025115913018,val,2,0.0032142148894136
S05796,42,7,2025-11-21,39,23,0.0017583148480313,val,2,0.0032495640860393
S05809,42,2,2025-11-21,36,12,0.0,val,2,0.0033503151706569
S06018,42,23,2025-11-21,46,14,0.0,val,2,0.0007685700222321
S06032,42,25,2025-11-21,49,29,0.0,val,2,0.0009057628527665
S06064,42,8,2025-11-21,45,16,0.0,val,2,0.0032341314451964
S06067,42,2,2025-11-21,61,18,0.0,val,2,0.0033578989396783
S06068,42,1,2025-11-21,36,29,0.0,val,2,0.0033138460241727
S06336,42,16,2025-11-21,24,28,0.029144791869211,val,2,0.0031745454440143
S06337,42,13,2025-11-21,38,13,0.0210031272261865,val,2,0.0030869057251897
S06356,42,12,2025-11-21,32,16,0.00921044097071,val,2,0.0030036956059219
S06357,42,8,2025-11-21,35,25,0.0120899203026128,val,2,0.0033048418053225
S06358,42,5,2025-11-21,22,27,0.0,val,2,0.0033325699355969
S06362,42,4,2025-11-21,44,22,0.0,val,2,0.0031679082652206
S06366,42,7,2025-11-21,34,20,0.0106471535161007,val,2,0.0032688862533928
S06592,42,23,2025-11-21,29,16,0.0,val,2,0.0012018714896951
S06919,42,25,2025-11-21,39,20,0.0,val,2,0.0009834359193319
S07020,42,14,2025-11-21,53,18,0.0,val,2,0.003265075672088
S07021,42,17,2025-11-21,34,17,0.0022573465958123,val,2,0.0031768367425273
S07023,42,17,2025-11-21,47,13,0.0045776285673496,val,2,0.0030113429220393
S07033,42,13,2025-11-21,56,14,0.004622718288571,val,2,0.0028211313607962
S07362,42,14,2025-11-21,50,23,0.0043826774014338,val,2,0.0031401591676251
S07372,42,2,2025-11-21,48,29,0.0132705555654449,val,2,0.0031448170350477
S07378,42,6,2025-11-21,23,28,0.0071179168134647,val,2,0.0019294462673714
S07381,42,10,2025-11-21,53,23,0.0044673354186891,val,2,0.0033668584282628
S07385,42,13,2025-11-21,33,29,0.0043249358221294,val,2,0.0033103488844954
S07390,42,7,2025-11-21,23,29,0.001491135693348,val,2,0.0032565095080392
S07456,42,17,2025-11-21,58,27,0.0,val,2,0.0030145951757531
S07581,42,13,2025-11-21,16,20,0.0082954135292853,val,2,0.0032107131503338
S07591,42,2,2025-11-21,37,31,0.0195891661794556,val,2,0.0029970946365814
S07594,42,2,2025-11-21,56,23,0.0116757112317053,val,2,0.0033903720101973
S07596,42,1,2025-11-21,38,22,0.0227946955530121,val,2,0.0032068418448711
S08364,42,14,2025-11-21,63,17,0.0170014504255493,val,2,0.0032355320360204
S08365,42,12,2025-11-21,18,15,0.0,val,2,0.003078206543712
S08418,42,12,2025-11-21,35,18,0.0081871923037097,val,2,0.002993184513458
S08435,42,2,2025-11-21,18,22,0.0104704320896622,val,2,0.0033161185148858
S08444,42,1,2025-11-21,55,21,0.0059066675223609,val,2,0.0033665182546597
S08451,42,6,2025-11-21,29,14,0.0023516997773692,val,2,0.0030410753368537
S08454,42,12,2025-11-21,45,28,0.0023601089354104,val,2,0.0029370617198534
S08455,42,16,2025-11-21,44,25,0.0093637324930466,val,2,0.0026817555597207
S08694,42,18,2025-11-21,28,19,0.0,val,2,0.0010026517502071
S08695,42,18,2025-11-21,44,24,0.0,val,2,0.0021931345063611
S08700,42,18,2025-11-21,19,26,0.0,val,2,0.0009960952597138
S08701,42,23,2025-11-21,55,29,0.0,val,2,0.0013441406110386
S08929,42,16,2025-11-21,50,31,0.0,val,2,0.0032217861906107
S08936,42,5,2025-11-21,22,21,0.0,val,2,0.0033993525863551
S09008,42,23,2025-11-21,54,22,0.0,val,2,0.0008296292710848
S09029,42,25,2025-11-21,56,17,0.0,val,2,0.0010593168355513
S09184,42,5,2025-11-21,58,20,0.0,val,2,0.0032932112524733
S09185,42,6,2025-11-21,51,23,0.0,val,2,0.0032490066909807
S09194,42,13,2025-11-21,17,22,0.0,val,2,0.0031733003043733
S09197,42,10,2025-11-21,15,25,0.0,val,2,0.0032928087263573
S09402,42,12,2025-11-21,51,31,0.0,val,2,0.0026621643608725
S09437,42,19,2025-11-21,36,12,0.0,val,2,0.0012869587871712
S09439,42,24,2025-11-21,63,25,0.0,val,2,0.0006451090755634
S09448,42,19,2025-11-21,46,13,0.0,val,2,0.0013855491792679
S09461,42,18,2025-11-21,53,23,0.0,val,2,0.0019680454308827
S09462,42,23,2025-11-21,14,22,0.0,val,2,0.0016293611526147
S09530,42,7,2025-11-21,37,31,0.0,val,2,0.0031357342822377
S09673,42,10,2025-11-21,25,19,0.0,val,2,0.0033082617494629
S09755,42,25,2025-11-21,41,11,0.0,val,2,0.0031352750214851
S09855,42,13,2025-11-21,57,15,0.0,val,2,0.0031948864029132
S09859,42,17,2025-11-21,38,24,0.0092198017702867,val,2,0.0030175819828517
S09875,42,8,2025-11-21,51,25,0.0089785279240218,val,2,0.0032275688431394
S09878,42,6,2025-11-21,22,18,0.0134680682129201,val,2,0.0028412262749588
S09882,42,6,2025-11-21,51,21,0.0107777841027684,val,2,0.0032043314859651
S10267,42,22,2025-11-21,43,32,0.0,val,2,0.0026665444064344
S10369,42,23,2025-11-21,37,13,0.0,val,2,0.0007985840220285
S10471,42,8,2025-11-21,21,24,0.0,val,2,0.0033207220365034
S10476,42,14,2025-11-21,23,15,0.0,val,2,0.0032819761120596
S10481,42,2,2025-11-21,23,16,0.0,val,2,0.0033151160332978
S10552,42,18,2025-11-21,21,18,0.0,val,2,0.0008396768859174
S11120,42,19,2025-11-21,62,25,0.0,val,2,0.0005977176366945
S11138,42,24,2025-11-21,40,12,0.0,val,2,0.0006061705042652
S11143,42,20,2025-11-21,23,18,0.0,val,2,0.0012498976703856
S11622,42,6,2025-11-21,19,15,0.0,val,2,0.0030417762697385
S12702,42,19,2025-11-21,25,22,0.0,val,2,0.0013523584735443
S12703,42,23,2025-11-21,38,13,0.0,val,2,0.0007526157745042
S12910,42,2,2025-11-21,59,27,0.0,val,2,0.0033038928877161
S12913,42,5,2025-11-21,37,27,0.0,val,2,0.0032706279885937
S13095,42,23,2025-11-21,46,16,0.0,val,2,0.0012587855396543
S13109,42,22,2025-11-21,32,16,0.0,val,2,0.0011575840149884
S13211,42,8,2025-11-21,47,22,0.0,val,2,0.0033241417342656
S13225,42,13,2025-11-21,16,23,0.0,val,2,0.0032521386116062
S13226,42,17,2025-11-21,51,13,0.0,val,2,0.0031420624559362
S13270,42,4,2025-11-21,15,18,0.0,val,2,0.0031323356978212
S13272,42,1,2025-11-21,29,20,0.0,val,2,0.0034918293383651
S13337,42,19,2025-11-21,33,22,0.0,val,2,0.0016154163888114
S13536,42,19,2025-11-21,16,26,0.0040161616161616,val,2,0.0013913671791967
S13541,42,10,2025-11-21,42,32,0.0026667954455211,val,2,0.0029945649681485
S13615,42,24,2025-11-21,35,19,0.0066706932420642,val,2,0.0006563826308533
S13617,42,22,2025-11-21,31,25,0.0079949167129149,val,2,0.0023788634926142
S13903,42,17,2025-11-21,58,16,0.0093006370094241,val,2,0.0030276721895093
S13904,42,8,2025-11-21,32,26,0.0,val,2,0.003264138266132
S13905,42,13,2025-11-21,20,21,0.0092876017057792,val,2,0.0032262509634632
S13911,42,8,2025-11-21,29,24,0.0074420972638687,val,2,0.0031519779823399
S13919,42,5,2025-11-21,58,27,0.0018671084613448,val,2,0.0033599469953744
S13920,42,6,2025-11-21,52,20,0.0036863966770508,val,2,0.0031761862281466
S13925,42,13,2025-11-21,34,31,0.0037767392378129,val,2,0.0031811522642118
S13928,42,7,2025-11-21,30,24,0.0,val,2,0.003314140396015
S13930,42,10,2025-11-21,16,21,0.0,val,2,0.0031890829157653
S14145,42,16,2025-11-21,59,21,0.0,val,2,0.0030695712029672
S14151,42,6,2025-11-21,44,27,0.0,val,2,0.0033012101455988
S14254,42,19,2025-11-21,19,19,0.0,val,2,0.0005405537764682
S14257,42,18,2025-11-21,27,24,0.0,val,2,0.0015738881163726
S14259,42,25,2025-11-21,58,22,0.0,val,2,0.0010349867762234
S14406,42,5,2025-11-21,17,16,0.0,val,2,0.0030281096932541
S14409,42,14,2025-11-21,44,32,0.0,val,2,0.0031681866156464
S14410,42,7,2025-11-21,26,12,0.0,val,2,0.0030385633849619
S14441,42,16,2025-11-21,24,16,0.0,val,2,0.0027600431407621
S14509,42,1,2025-11-21,34,11,0.0,val,2,0.0030256959953364
S14635,42,20,2025-11-21,27,23,0.0,val,2,0.0013699701931672
S14648,42,24,2025-11-21,46,27,0.0,val,2,0.000602132202651
S14669,42,20,2025-11-21,45,21,0.0,val,2,0.0021618726158542
S14833,42,2,2025-11-21,27,16,0.0020573320914829,val,2,0.0033568358422399
S14835,42,6,2025-11-21,47,23,0.0041277355591545,val,2,0.0031387758867246
S14836,42,6,2025-11-21,38,25,0.0,val,2,0.0033005665598838
S14839,42,5,2025-11-21,41,22,0.0,val,2,0.0031529696423942
S14847,42,13,2025-11-21,55,27,0.0,val,2,0.003297874985746
S15054,42,19,2025-11-21,44,14,0.0,val,2,0.0005744871731376
S16151,42,6,2025-11-21,46,11,0.0,val,2,0.0027443096302417
S16176,42,24,2025-11-21,37,27,0.0,val,2,0.000556234430039
S16490,42,22,2025-11-21,19,17,0.0,val,2,0.0010176111730465
S16498,42,24,2025-11-21,27,19,0.0,val,2,0.0008874421558646
S16708,42,23,2025-11-21,38,12,0.0,val,2,0.0009898536530192
S17119,42,1,2025-11-21,45,17,0.0,val,2,0.0032870362550713
S17122,42,2,2025-11-21,51,19,0.0,val,2,0.0033550979025363
S17283,42,20,2025-11-21,14,19,0.0,val,2,0.0011325176707793
S17291,42,25,2025-11-21,37,14,0.0,val,2,0.0008132852894929
S17391,42,20,2025-11-21,41,23,0.0,val,2,0.001891477524198
S17610,42,22,2025-11-21,28,14,0.0,val,2,0.0010061625026425
S17936,42,24,2025-11-21,62,25,0.0,val,2,0.0005555191067927
S17945,42,20,2025-11-21,53,28,0.0,val,2,0.000895126462631
S18312,42,19,2025-11-21,45,29,0.0,val,2,0.0011164433579272
S18488,42,8,2025-11-21,16,17,0.0,val,2,0.0031544187452849
S18598,42,18,2025-11-21,49,20,0.0,val,2,0.0009624623445894
S18605,42,19,2025-11-21,46,18,0.0,val,2,0.0014927346986467
S18606,42,19,2025-11-21,60,24,0.0,val,2,0.0010019960979435
S18636,42,12,2025-11-21,34,20,0.0,val,2,0.0029954724055864
S18737,42,5,2025-11-21,28,12,0.0,val,2,0.0031272046594307
S19230,42,19,2025-11-21,65,20,0.0,val,2,0.0012873843512857
S19637,42,5,2025-11-21,50,31,0.0,val,2,0.0031692391258763
S19638,42,17,2025-11-21,40,32,0.0,val,2,0.0032070553233825
S19640,42,19,2025-11-21,48,31,0.0,val,2,0.0018039328564986
S19814,42,16,2025-11-21,25,22,0.0,val,2,0.002883814871336
S19816,42,16,2025-11-21,22,27,0.0,val,2,0.0030145836713583
S19817,42,12,2025-11-21,46,23,0.0,val,2,0.0032484334880597
S19818,42,12,2025-11-21,19,21,0.0,val,2,0.0028969622384993
S20153,42,2,2025-11-21,27,23,0.0019301045829304,val,2,0.0033912530901775
S20157,42,1,2025-11-21,32,19,0.0038487301900746,val,2,0.0034183717840108
S20160,42,6,2025-11-21,47,19,0.0252712523370334,val,2,0.0031366413936966
S20161,42,8,2025-11-21,26,15,0.0,val,2,0.0031699141529178
S20165,42,12,2025-11-21,51,27,0.0,val,2,0.0028800387866558
S20179,42,12,2025-11-21,47,18,0.0,val,2,0.0028356250259881
S20181,42,6,2025-11-21,59,16,0.0,val,2,0.0028743656123964
S20620,42,8,2025-11-21,46,18,0.0,val,2,0.0030946129036231
S20622,42,13,2025-11-21,36,12,0.0,val,2,0.0029654719436014
S20624,42,13,2025-11-21,21,24,0.0,val,2,0.0031658645496781
S20630,42,4,2025-11-21,53,25,0.0,val,2,0.0032320152853323
S20633,42,6,2025-11-21,59,23,0.0,val,2,0.0033366787658055
S20634,42,4,2025-11-21,38,17,0.0,val,2,0.0031279625869704
S20638,42,2,2025-11-21,30,22,0.0,val,2,0.0032668568368004
S20827,42,19,2025-11-21,35,30,0.0,val,2,0.0007094234563331
S20831,42,20,2025-11-21,25,24,0.0,val,2,0.001234601351203
S20842,42,25,2025-11-21,52,18,0.0,val,2,0.000846536382436
S20843,42,25,2025-11-21,37,23,0.0,val,2,0.0022477977566305
S20844,42,25,2025-11-21,46,19,0.0,val,2,0.0008214467176279
S20885,42,8,2025-11-21,47,15,0.0,val,2,0.0031462553656117
S21295,42,22,2025-11-21,32,32,0.0,val,2,0.0028818535182923
S21296,42,22,2025-11-21,53,13,0.0,val,2,0.0021410485198961
S21419,42,1,2025-11-21,32,24,0.0,val,2,0.0033610188897031
S21424,42,14,2025-11-21,48,15,0.0,val,2,0.0031151051093854
S21635,42,24,2025-11-21,43,26,0.0,val,2,0.0006336054055567
S21638,42,19,2025-11-21,20,16,0.0,val,2,0.0009734144608771
S21667,42,24,2025-11-21,25,22,0.0,val,2,0.0007452495482381
S21949,42,10,2025-11-21,40,11,0.0,val,2,0.0026094097139439
S21954,42,19,2025-11-21,47,20,0.0,val,2,0.0010929401109306
S21964,42,25,2025-11-21,22,27,0.0,val,2,0.0009874267537978
S22393,42,13,2025-11-21,21,18,0.0,val,2,0.0032885973218976
S22400,42,10,2025-11-21,43,28,0.0,val,2,0.0032225979577541
S22401,42,5,2025-11-21,20,17,0.0,val,2,0.003345349976519
S22447,42,23,2025-11-21,19,26,0.0,val,2,0.0008684645133644
S22564,42,4,2025-11-21,43,20,0.0111688978779415,val,2,0.0029500208635046
S22612,42,16,2025-11-21,24,26,0.0,val,2,0.0030551604895361
S22613,42,13,2025-11-21,61,18,0.0113357184284438,val,2,0.0031065448731843
S22625,42,16,2025-11-21,34,29,0.0015656847271707,val,2,0.0031975616606692
S22640,42,4,2025-11-21,25,16,0.0,val,2,0.0032061660007546
S22641,42,4,2025-11-21,35,13,0.0113378241415158,val,2,0.0027997940319332
S22645,42,2,2025-11-21,48,23,0.0079268623341658,val,2,0.0033454444950462
S23050,42,22,2025-11-21,33,13,0.0,val,2,0.0011240555884719
S23053,42,23,2025-11-21,34,15,0.0,val,2,0.0008383932568466
S23057,42,19,2025-11-21,18,22,0.0,val,2,0.0006086848846283
S23693,42,13,2025-11-21,25,26,0.0,val,2,0.0032762974268622
S23694,42,6,2025-11-21,46,16,0.0,val,2,0.0032112527684198
S23695,42,17,2025-11-21,35,13,0.0,val,2,0.0031822431673912
S24042,42,14,2025-11-21,42,23,0.0,val,2,0.0032531865382815
S24537,42,25,2025-11-21,60,20,0.0,val,2,0.0009268623634564
S24545,42,20,2025-11-21,59,18,0.0,val,2,0.0009491388289727
S24565,42,25,2025-11-21,49,21,0.0,val,2,0.0009897527404276
S25080,42,14,2025-11-21,39,12,0.0,val,2,0.0031267956155299
S25088,42,20,2025-11-21,24,13,0.0,val,2,0.0026686500038548
S25118,42,18,2025-11-21,46,18,0.0,val,2,0.0021983465883129
S25119,42,22,2025-11-21,24,16,0.0,val,2,0.0011326906190717
S25139,42,25,2025-11-21,65,21,0.0,val,2,0.0021677717344405
S25140,42,20,2025-11-21,32,25,0.0,val,2,0.0014360406547704
S25187,42,17,2025-11-21,32,23,0.0,val,2,0.0027368201943235
S25276,42,22,2025-11-21,54,13,0.0,val,2,0.0021843560703249
S25460,42,12,2025-11-21,45,21,0.0893770070648683,val,2,0.0029458628451036
S25462,42,17,2025-11-21,22,24,0.0,val,2,0.0030037290883817
S25476,42,4,2025-11-21,29,29,0.0,val,2,0.0031507175396812
S25478,42,14,2025-11-21,53,26,0.0,val,2,0.0032491585998583
S25488,42,2,2025-11-21,43,26,0.0,val,2,0.0032524733362483
S25490,42,5,2025-11-21,41,16,0.0030630797201935,val,2,0.0032229400570277
S25491,42,4,2025-11-21,35,28,0.0,val,2,0.0031715162432002
S25494,42,5,2025-11-21,21,20,0.0,val,2,0.0033392755191958
S25500,42,10,2025-11-21,23,18,0.0,val,2,0.0031780640982393
S25654,42,18,2025-11-21,21,28,0.0,val,2,0.0008340251464257
S25749,42,12,2025-11-21,30,23,0.0,val,2,0.0032965328934445
S25752,42,8,2025-11-21,43,27,0.0,val,2,0.0032508611254602
S25921,42,23,2025-11-21,37,19,0.0,val,2,0.0012010091090982
S26297,42,18,2025-11-21,42,17,0.0,val,2,0.0009690762774974
S26299,42,25,2025-11-21,51,14,0.0,val,2,0.0014262779792874
S26312,42,10,2025-11-21,55,27,0.0,val,2,0.0033519474346002
S26476,42,13,2025-11-21,38,26,0.0,val,2,0.0033565723342503
S26552,42,23,2025-11-21,34,18,0.0,val,2,0.0010016618615028
S26558,42,19,2025-11-21,18,18,0.0,val,2,0.0010470254395557
S26732,42,25,2025-11-21,27,28,0.01814080476552,val,2,0.0015022003366354
S26842,42,18,2025-11-21,37,24,0.0,val,2,0.0025334073903014
S27189,42,2,2025-11-21,47,27,0.0074930082845232,val,2,0.0033087661796
S27191,42,7,2025-11-21,47,16,0.0048615033979169,val,2,0.003162614937933
S27200,42,13,2025-11-21,34,16,0.010936376839233,val,2,0.0033604868691449
S27202,42,4,2025-11-21,53,14,0.0024930463069556,val,2,0.0028231214530066
S27203,42,12,2025-11-21,34,29,0.0098774265031028,val,2,0.0029711741684938
S27204,42,6,2025-11-21,30,25,0.0101016260162601,val,2,0.0029648306013236
S27214,42,12,2025-11-21,20,16,0.0049035930905709,val,2,0.0029012840941008
S27267,42,14,2025-11-21,49,12,0.0,val,2,0.0030999358741725
S27605,42,7,2025-11-21,18,16,0.0,val,2,0.0029453102613359
S27609,42,17,2025-11-21,29,17,0.0,val,2,0.0031408213537608
S27679,42,19,2025-11-21,58,19,0.0,val,2,0.0007143483521811
S27683,42,18,2025-11-21,43,16,0.0,val,2,0.0008828391336192
S27930,42,14,2025-11-21,22,24,0.0023254072971936,val,2,0.0032677023240126
S27971,42,2,2025-11-21,34,11,0.0023318225750452,val,2,0.0029072537046681
S28024,42,4,2025-11-21,56,15,0.0,val,2,0.0029377301444975
S28562,42,25,2025-11-21,51,30,0.0,val,2,0.0021296037236527
S28563,42,20,2025-11-21,50,22,0.0,val,2,0.0017161200064624
S28564,42,25,2025-11-21,44,26,0.0,val,2,0.0010333065523537
S28570,42,4,2025-11-21,27,25,0.0,val,2,0.003232995197196
S28573,42,1,2025-11-21,42,27,0.0,val,2,0.0033012864649801
S28793,42,19,2025-11-21,56,13,0.0,val,2,0.0022440269845861
S28886,42,23,2025-11-21,56,19,0.0,val,2,0.0008249607188352
S28890,42,24,2025-11-21,56,22,0.0,val,2,0.0005801147990981
S29046,42,2,2025-11-21,43,21,0.0,val,2,0.0033317980586118
S29380,42,4,2025-11-21,57,28,0.0,val,2,0.0031365005524381
S29440,42,22,2025-11-21,28,21,0.0,val,2,0.0011031662053445
S29449,42,24,2025-11-21,55,29,0.0,val,2,0.0006054084038018
S29880,42,8,2025-11-21,20,23,0.0,val,2,0.0033201179437537
S29884,42,2,2025-11-21,55,24,0.0,val,2,0.0034110687913045
S29885,42,2,2025-11-21,45,17,0.0,val,2,0.0032193750427075
S30683,42,19,2025-11-21,53,31,0.0036316074064331,val,2,0.0017847939520124
S30746,42,6,2025-11-21,19,22,0.0127595040700947,val,2,0.002887595898224
S30776,42,14,2025-11-21,61,18,0.0,val,2,0.0030544204276137
S30777,42,8,2025-11-21,34,22,0.0,val,2,0.0033510865869396
S30778,42,16,2025-11-21,21,21,0.0,val,2,0.002559692312471
S30779,42,7,2025-11-21,22,27,0.0,val,2,0.003339546260366
S30781,42,5,2025-11-21,32,17,0.0049208164396853,val,2,0.0033499331277369
S30935,42,16,2025-11-21,60,28,0.0,val,2,0.003181513934679
S31683,42,1,2025-11-21,34,22,0.0,val,2,0.0032677204441604
S32576,42,16,2025-11-21,60,25,0.0027029084818029,val,2,0.0030024356278796
S32583,42,2,2025-11-21,51,13,0.0027264398839205,val,2,0.0032860976282989
S32591,42,7,2025-11-21,27,29,0.0,val,2,0.00318076550408
S32751,42,10,2025-11-21,36,11,0.0,val,2,0.0026743895320814
S32849,42,10,2025-11-21,20,23,0.0025917813934084,val,2,0.0031162754049773
S32853,42,4,2025-11-21,26,15,0.0,val,2,0.0029288747635931
S32858,42,1,2025-11-21,34,27,0.0,val,2,0.0033279602936834
S32883,42,22,2025-11-21,56,21,0.0,val,2,0.0014342132826941
S32884,42,24,2025-11-21,30,17,0.0,val,2,0.0007042799138614
S33738,42,25,2025-11-21,24,30,0.0,val,2,0.0025880687429332
S33803,42,22,2025-11-21,23,24,0.0,val,2,0.0011236685384713
S33805,42,19,2025-11-21,54,29,0.0,val,2,0.0006478766768595
S33806,42,19,2025-11-21,38,29,0.0,val,2,0.000766622011941
S34059,42,17,2025-11-21,44,12,0.0100987839569852,val,2,0.00312206919301
S34064,42,12,2025-11-21,42,16,0.0134164777021919,val,2,0.0029867445823196
S34065,42,17,2025-11-21,33,20,0.0035817806278277,val,2,0.0031946264906059
S34072,42,14,2025-11-21,23,26,0.0119794397141324,val,2,0.0031762698359022
S34079,42,7,2025-11-21,56,22,0.0083847892836656,val,2,0.0032826568790478
S34087,42,4,2025-11-21,55,20,0.0186460072408036,val,2,0.0031300772875472
S34089,42,6,2025-11-21,26,25,0.0200160772999157,val,2,0.0031097790391508
S34090,42,4,2025-11-21,18,18,0.0093978045122843,val,2,0.0024406275438641
S34091,42,4,2025-11-21,37,31,0.0014365947213092,val,2,0.0031923296977616
S34138,42,13,2025-11-21,43,14,0.0,val,2,0.0023106078918259
S34141,42,16,2025-11-21,17,21,0.0,val,2,0.0029090657411669
S34581,42,14,2025-11-21,40,32,0.0,val,2,0.0031693166642321
S34619,42,24,2025-11-21,23,26,0.0,val,2,0.0005416421050968
S34634,42,24,2025-11-21,56,14,0.0,val,2,0.0005632301551702
S34642,42,16,2025-11-21,23,15,0.0035548498308406,val,2,0.0029839466919038
S34653,42,10,2025-11-21,48,20,0.0,val,2,0.0033051836668477
S34735,42,2,2025-11-21,63,21,0.0,val,2,0.002634750661147
S34736,42,6,2025-11-21,47,22,0.0,val,2,0.0029657853988879
S34738,42,13,2025-11-21,53,29,0.0,val,2,0.003210848946149
S34739,42,7,2025-11-21,40,21,0.0,val,2,0.0032181544185397
S34758,42,12,2025-11-21,30,22,0.0,val,2,0.003039036480682
S34761,42,16,2025-11-21,23,19,0.0,val,2,0.0030713706196798
S34770,42,18,2025-11-21,53,24,0.0,val,2,0.00081893617719
S35299,42,17,2025-11-21,14,25,0.020362983698511,val,2,0.0032109376902716
S35439,42,8,2025-11-21,60,22,0.0105690149231513,val,2,0.0032651895797424
S35448,42,13,2025-11-21,38,24,0.0256994205280708,val,2,0.003247243446252
S35459,42,12,2025-11-21,39,18,0.0197071290638518,val,2,0.0029491830473491
S35469,42,12,2025-11-21,20,22,0.0235306776852389,val,2,0.0029774713138328
S35470,42,17,2025-11-21,18,26,0.0112652028941419,val,2,0.0029969804171518
S35481,42,7,2025-11-21,35,24,0.0048642154739796,val,2,0.0031450106294687
S35483,42,10,2025-11-21,44,18,0.0213320140601986,val,2,0.0032625961414016
S35492,42,7,2025-11-21,20,24,0.0177052019478188,val,2,0.0029392324800905
S35497,42,7,2025-11-21,32,26,0.0142786198291819,val,2,0.0032815320669946
S35506,42,6,2025-11-21,28,20,0.0227821340396253,val,2,0.0028885512076942
S35508,42,5,2025-11-21,58,22,0.0221983183768875,val,2,0.0034372438210063
S35512,42,1,2025-11-21,59,27,0.0252818578898198,val,2,0.0033299754812213
S35623,42,17,2025-11-21,36,15,0.0,val,2,0.0028563880082989
S35630,42,10,2025-11-21,27,20,0.0,val,2,0.0032886530603156
S35632,42,10,2025-11-21,26,27,0.0,val,2,0.0033981305942374
S35633,42,12,2025-11-21,37,26,0.0019691980965739,val,2,0.0029281787682071
S35841,42,23,2025-11-21,19,15,0.0060276763732065,val,2,0.0026656883915974
S36596,42,18,2025-11-21,34,28,0.0,val,2,0.0007931263473056
S36677,42,23,2025-11-21,39,29,0.0,val,2,0.0008122375943626
S36686,42,20,2025-11-21,35,13,0.0,val,2,0.0008014626201151
S36846,42,8,2025-11-21,24,19,0.0,val,2,0.0032369679399333
S36996,42,20,2025-11-21,40,32,0.0,val,2,0.0019034756743563
S37113,42,18,2025-11-21,42,31,0.0,val,2,0.0015004403207885
S37127,42,24,2025-11-21,54,17,0.0,val,2,0.0006145194854144
S37135,42,25,2025-11-21,23,16,0.0,val,2,0.0012990922003483
S37266,42,17,2025-11-21,19,15,0.0,val,2,0.0031792080887329
S37431,42,12,2025-11-21,57,16,0.0,val,2,0.0027575019317762
S37436,42,12,2025-11-21,14,24,0.0,val,2,0.0028971268333807
S37749,42,13,2025-11-21,30,18,0.0,val,2,0.0032273898507629
S37758,42,12,2025-11-21,27,18,0.0028366608449482,val,2,0.0033023593139467
S37768,42,12,2025-11-21,30,24,0.0,val,2,0.0030921262038949
S37772,42,5,2025-11-21,50,28,0.0027676612427188,val,2,0.0033035527522099
S37774,42,1,2025-11-21,50,13,0.0,val,2,0.0031126408062656
S37776,42,1,2025-11-21,39,28,0.0,val,2,0.0033316388890034
S37785,42,20,2025-11-21,50,29,0.0,val,2,0.0010394893464522
S37790,42,14,2025-11-21,36,15,0.0,val,2,0.0027242041885429
S37798,42,2,2025-11-21,33,14,0.0,val,2,0.0033170351031048
S37957,42,17,2025-11-21,35,12,0.0041660379889017,val,2,0.0030056565568002
S37973,42,12,2025-11-21,43,18,0.0122157042668938,val,2,0.0028562691394832
S37977,42,14,2025-11-21,17,26,0.0098108057043109,val,2,0.0024089820087628
S37979,42,5,2025-11-21,37,22,0.0013702331326231,val,2,0.0032844294001893
S37982,42,4,2025-11-21,35,19,0.0097062729474259,val,2,0.0033347532545204
S37983,42,2,2025-11-21,39,22,0.0,val,2,0.003119616713108
S38038,42,22,2025-11-21,46,22,0.0014008089178257,val,2,0.0011971451984544
S38207,42,25,2025-11-21,51,31,0.0096317829457364,val,2,0.0026555411859653
S38211,42,18,2025-11-21,48,31,0.0041081849592487,val,2,0.0022350738703985
S38214,42,12,2025-11-21,60,28,0.0054900596229312,val,2,0.0027664094450739
S38867,42,19,2025-11-21,47,30,0.0,val,2,0.0007371810041261
S38868,42,20,2025-11-21,33,28,0.0,val,2,0.0011280494160315
S38871,42,25,2025-11-21,24,16,0.0,val,2,0.0009120369021211
S38954,42,2,2025-11-21,64,19,0.0,val,2,0.0032541262735994
S38957,42,10,2025-11-21,40,15,0.0,val,2,0.003256321065743
S38958,42,4,2025-11-21,21,23,0.0,val,2,0.0031263053030953
S39190,42,22,2025-11-21,18,15,0.0,val,2,0.0014294777047665
S39258,42,12,2025-11-21,25,13,0.0,val,2,0.0030437732579729
S39438,42,5,2025-11-21,45,18,0.0,val,2,0.0034145809798445
S39478,42,16,2025-11-21,58,14,0.0,val,2,0.0032320005523062
S39499,42,23,2025-11-21,20,27,0.0,val,2,0.0008691245415422
S39517,42,22,2025-11-21,40,25,0.0,val,2,0.0010704409545808
S39810,42,17,2025-11-21,41,20,0.0,val,2,0.0030082907761886
S39817,42,1,2025-11-21,62,20,0.0,val,2,0.0032608178016677
S39824,42,22,2025-11-21,40,19,0.0,val,2,0.00148886485488
S39904,42,20,2025-11-21,18,28,0.0133442073856294,val,2,0.0019780790353385
S40048,42,16,2025-11-21,20,25,0.0016433554872201,val,2,0.0026137508367049
S40049,42,12,2025-11-21,31,15,0.0016460332916029,val,2,0.0031771712819043
S40050,42,13,2025-11-21,22,19,0.0033585733158984,val,2,0.0032649874282351
S40082,42,1,2025-11-21,28,29,0.0050692043287129,val,2,0.0032579487876821
S40382,42,24,2025-11-21,53,30,0.0,val,2,0.0017008832023601
S40391,42,6,2025-11-21,26,13,0.0019453349146518,val,2,0.0030434334268039
S40474,42,23,2025-11-21,37,31,0.0,val,2,0.0010302508746992
S40483,42,13,2025-11-21,16,25,0.0,val,2,0.0030432211434529
S40499,42,1,2025-11-21,30,14,0.0085037941979142,val,2,0.003322022580914
S40500,42,1,2025-11-21,37,20,0.0064656293906437,val,2,0.0032187696266401
S40501,42,2,2025-11-21,32,29,0.0,val,2,0.0033111977530396
S40505,42,4,2025-11-21,22,18,0.0105491949075194,val,2,0.0030066132123104
S40507,42,7,2025-11-21,32,14,0.0,val,2,0.0031728893151212
S40669,42,19,2025-11-21,51,31,0.0,val,2,0.0014991735154015
S40674,42,13,2025-11-21,23,13,0.0,val,2,0.0031323264183805
S41311,42,1,2025-11-21,20,15,0.0,val,2,0.0031946802764951
S41903,42,8,2025-11-21,27,18,0.0158649355187731,val,2,0.0033125183211238
S41904,42,7,2025-11-21,44,13,0.0098495985932748,val,2,0.0028448417779498
S41915,42,10,2025-11-21,20,21,0.0075392892538581,val,2,0.0030189043977922
S41919,42,10,2025-11-21,53,14,0.0109610793465255,val,2,0.0031286358185034
S41929,42,5,2025-11-21,27,18,0.0043976774600006,val,2,0.003403866382024
S41933,42,6,2025-11-21,38,17,0.0079178371718823,val,2,0.0032790789686465
S41935,42,24,2025-11-21,64,18,0.0,val,2,0.0007684519918235
S41936,42,22,2025-11-21,33,20,0.0074443174045245,val,2,0.0015205414517128
S42728,42,19,2025-11-21,37,15,0.0,val,2,0.0005334246333153
S42743,42,23,2025-11-21,39,28,0.0,val,2,0.0009049128853332
S42766,42,24,2025-11-21,53,21,0.0,val,2,0.000565861706174
S42856,42,22,2025-11-21,58,20,0.0,val,2,0.0011175958345742
S43696,42,14,2025-11-21,49,13,0.0088174243185863,val,2,0.0030531682544086
S43697,42,14,2025-11-21,58,15,0.0087904961235739,val,2,0.0031243684199322
S43716,42,1,2025-11-21,54,16,0.0089805752145761,val,2,0.0032481592151592
S43718,42,5,2025-11-21,49,16,0.0080168725325332,val,2,0.0032885644527445
S43722,42,5,2025-11-21,39,13,0.0109411993091454,val,2,0.0032739127528004
S43723,42,5,2025-11-21,34,29,0.0142141329092926,val,2,0.003326687088301
S43728,42,12,2025-11-21,61,27,0.0101471645106494,val,2,0.0028359196439138
S43730,42,10,2025-11-21,28,21,0.0075599845605949,val,2,0.0033554295770679
S00054,42,1,2025-11-21,45,31,0.0,val,3,0.0031566303002503
S00533,42,12,2025-11-21,53,22,0.0044184258135637,val,3,0.0028987685377834
S00535,42,16,2025-11-21,14,22,0.0,val,3,0.0031748725816814
S00542,42,13,2025-11-21,29,28,0.0,val,3,0.0032549818649731
S00544,42,7,2025-11-21,56,27,0.0,val,3,0.0032548516558522
S00546,42,5,2025-11-21,41,28,0.0,val,3,0.0033528953420166
S00556,42,6,2025-11-21,57,27,0.0,val,3,0.0032609084443104
S00563,42,1,2025-11-21,52,30,0.0,val,3,0.003299331916957
S00850,42,23,2025-11-21,30,27,0.0,val,3,0.0008551897222651
S00854,42,18,2025-11-21,36,13,0.0,val,3,0.000751986318302
S01334,42,23,2025-11-21,36,30,0.0,val,3,0.0008872195942172
S01338,42,20,2025-11-21,19,25,0.0,val,3,0.0008650778122869
S02023,42,1,2025-11-21,33,22,0.0,val,3,0.0031800228082451
S02026,42,1,2025-11-21,41,19,0.0,val,3,0.0033761000300659
S02229,42,24,2025-11-21,33,13,0.0,val,3,0.0006210627150375
S02365,42,8,2025-11-21,31,12,0.0,val,3,0.0031316444098079
S02625,42,2,2025-11-21,46,24,0.0,val,3,0.0033390733957019
S02630,42,16,2025-11-21,48,27,0.0,val,3,0.0028406796285231
S03164,42,18,2025-11-21,16,26,0.0123332712947453,val,3,0.0020248733757445
S03172,42,13,2025-11-21,34,11,0.0046235998958062,val,3,0.0031205896353719
S03391,42,25,2025-11-21,46,16,0.0,val,3,0.0007865049673366
S03622,42,25,2025-11-21,44,32,0.0,val,3,0.0030640480444403
S03809,42,10,2025-11-21,60,27,0.0,val,3,0.003248538162409
S03981,42,25,2025-11-21,26,29,0.0,val,3,0.0012654767070055
S04025,42,10,2025-11-21,60,28,0.0,val,3,0.0032050385719728
S04117,42,18,2025-11-21,43,31,0.0,val,3,0.0007345701703628
S04478,42,14,2025-11-21,55,16,0.0,val,3,0.0025547768367206
S04481,42,8,2025-11-21,44,26,0.0,val,3,0.0032465259844067
S04485,42,6,2025-11-21,55,26,0.0,val,3,0.0033058176060893
S04889,42,17,2025-11-21,47,26,0.0,val,3,0.0031614282040026
S04894,42,16,2025-11-21,35,16,0.0,val,3,0.0026855619550446
S04908,42,5,2025-11-21,41,17,0.0069838191795066,val,3,0.0033685622764179
S04910,42,1,2025-11-21,45,20,0.0,val,3,0.0033170325825179
S05225,42,2,2025-11-21,60,20,0.0,val,3,0.0033897652073757
S05621,42,23,2025-11-21,24,26,0.0,val,3,0.0009741086620778
S05627,42,25,2025-11-21,32,12,0.0,val,3,0.003025895525073
S05779,42,12,2025-11-21,44,14,0.0035166296960627,val,3,0.0029372915043397
S05780,42,16,2025-11-21,44,31,0.0068025115913018,val,3,0.0032483867263472
S05796,42,7,2025-11-21,35,23,0.0017583148480313,val,3,0.0032782310335054
S05809,42,2,2025-11-21,39,12,0.0,val,3,0.0032903816805854
S06018,42,23,2025-11-21,52,14,0.0,val,3,0.0007187021681058
S06032,42,25,2025-11-21,43,29,0.0,val,3,0.0010528534801705
S06064,42,8,2025-11-21,48,16,0.0,val,3,0.0032318925547458
S06067,42,2,2025-11-21,64,18,0.0,val,3,0.0031295187571407
S06068,42,1,2025-11-21,33,29,0.0,val,3,0.0033630037038069
S06336,42,16,2025-11-21,29,28,0.029144791869211,val,3,0.0031939219145566
S06337,42,13,2025-11-21,35,13,0.0210031272261865,val,3,0.0029772607458593
S06356,42,12,2025-11-21,37,16,0.00921044097071,val,3,0.0029804123831894
S06357,42,8,2025-11-21,32,25,0.0120899203026128,val,3,0.0032696568569059
S06358,42,5,2025-11-21,19,27,0.0,val,3,0.0033104302097782
S06362,42,4,2025-11-21,47,22,0.0,val,3,0.0030753077694351
S06366,42,7,2025-11-21,38,20,0.0106471535161007,val,3,0.0032040073744107
S06592,42,23,2025-11-21,35,16,0.0,val,3,0.0008041471727012
S06919,42,25,2025-11-21,46,20,0.0,val,3,0.0009669381274262
S07020,42,14,2025-11-21,56,18,0.0,val,3,0.0032432443799855
S07021,42,17,2025-11-21,31,17,0.0022573465958123,val,3,0.0031457948674863
S07023,42,17,2025-11-21,44,13,0.0045776285673496,val,3,0.0030947410693782
S07033,42,13,2025-11-21,51,13,0.004622718288571,val,3,0.0031403468891785
S07362,42,14,2025-11-21,47,23,0.0043826774014338,val,3,0.00315616126548
S07372,42,2,2025-11-21,45,29,0.0132705555654449,val,3,0.0032211640413831
S07378,42,6,2025-11-21,26,28,0.0071179168134647,val,3,0.0032025783830802
S07381,42,10,2025-11-21,50,23,0.0044673354186891,val,3,0.0031613234765835
S07385,42,13,2025-11-21,30,29,0.0043249358221294,val,3,0.0032312239957514
S07390,42,7,2025-11-21,22,28,0.001491135693348,val,3,0.0033145967359428
S07456,42,17,2025-11-21,54,27,0.0,val,3,0.0030471982255373
S07581,42,13,2025-11-21,20,20,0.0082954135292853,val,3,0.0032215352607635
S07591,42,2,2025-11-21,34,31,0.0195891661794556,val,3,0.0032052836034317
S07594,42,2,2025-11-21,53,23,0.0116757112317053,val,3,0.0033902533390524
S07596,42,1,2025-11-21,41,22,0.0227946955530121,val,3,0.0031448490986642
S08364,42,14,2025-11-21,59,15,0.0170014504255493,val,3,0.0031034963684943
S08365,42,12,2025-11-21,26,13,0.0,val,3,0.002779011550571
S08418,42,12,2025-11-21,38,18,0.0081871923037097,val,3,0.0028952934872098
S08435,42,2,2025-11-21,21,22,0.0104704320896622,val,3,0.0033443632417296
S08444,42,1,2025-11-21,52,21,0.0059066675223609,val,3,0.0033799905607652
S08451,42,6,2025-11-21,32,14,0.0023516997773692,val,3,0.0032088131324366
S08454,42,12,2025-11-21,51,28,0.0023601089354104,val,3,0.0027673794765854
S08455,42,16,2025-11-21,41,25,0.0093637324930466,val,3,0.0029740310278495
S08694,42,18,2025-11-21,22,19,0.0,val,3,0.0007711194192252
S08695,42,18,2025-11-21,50,24,0.0,val,3,0.0017621536431955
S08700,42,18,2025-11-21,25,26,0.0,val,3,0.0008030005652787
S08701,42,23,2025-11-21,49,29,0.0,val,3,0.0008786320472482
S08929,42,16,2025-11-21,55,30,0.0,val,3,0.0032006597980716
S08936,42,5,2025-11-21,19,21,0.0,val,3,0.0035037693053818
S09008,42,23,2025-11-21,60,22,0.0,val,3,0.0008412130612332
S09029,42,25,2025-11-21,50,17,0.0,val,3,0.0014312945709717
S09184,42,5,2025-11-21,61,20,0.0,val,3,0.0032178608359676
S09185,42,6,2025-11-21,48,23,0.0,val,3,0.0031990372058536
S09194,42,13,2025-11-21,20,22,0.0,val,3,0.0031552911744805
S09197,42,10,2025-11-21,16,24,0.0,val,3,0.0030803545024627
S09402,42,12,2025-11-21,48,31,0.0,val,3,0.0028514442970081
S09437,42,19,2025-11-21,43,12,0.0,val,3,0.0011763312205172
S09439,42,24,2025-11-21,57,25,0.0,val,3,0.0006260852469808
S09448,42,19,2025-11-21,40,13,0.0,val,3,0.0007805714884339
S09461,42,18,2025-11-21,47,23,0.0,val,3,0.0010671560743297
S09462,42,23,2025-11-21,20,22,0.0,val,3,0.0007184768095421
S09530,42,7,2025-11-21,34,31,0.0,val,3,0.003022633189781
S09673,42,10,2025-11-21,22,19,0.0,val,3,0.0032939904451046
S09755,42,25,2025-11-21,38,11,0.0,val,3,0.0030279948801764
S09855,42,13,2025-11-21,54,15,0.0,val,3,0.003264793022609
S09859,42,17,2025-11-21,41,24,0.0092198017702867,val,3,0.0032129251555895
S09875,42,8,2025-11-21,48,25,0.0089785279240218,val,3,0.0032522558328312
S09878,42,6,2025-11-21,25,18,0.0134680682129201,val,3,0.0027471035939965
S09882,42,6,2025-11-21,48,21,0.0107777841027684,val,3,0.0031651633543104
S10267,42,22,2025-11-21,43,31,0.0,val,3,0.0016388999747741
S10369,42,23,2025-11-21,31,13,0.0,val,3,0.0010208475863964
S10471,42,8,2025-11-21,24,24,0.0,val,3,0.0031463344957156
S10476,42,14,2025-11-21,26,14,0.0,val,3,0.0032044879157009
S10481,42,2,2025-11-21,26,16,0.0,val,3,0.0033346740219407
S10552,42,18,2025-11-21,27,18,0.0,val,3,0.0015699199470192
S11120,42,19,2025-11-21,56,25,0.0,val,3,0.0019480572562192
S11138,42,24,2025-11-21,47,12,0.0,val,3,0.0013842161052878
S11143,42,20,2025-11-21,29,18,0.0,val,3,0.0018391934468321
S11622,42,6,2025-11-21,22,14,0.0,val,3,0.0030918896910455
S12702,42,19,2025-11-21,28,22,0.0,val,3,0.0010353021044916
S12703,42,23,2025-11-21,32,13,0.0,val,3,0.000816930552788
S12910,42,2,2025-11-21,56,27,0.0,val,3,0.0033268042871816
S12913,42,5,2025-11-21,33,27,0.0,val,3,0.0033459955221631
S13095,42,23,2025-11-21,52,16,0.0,val,3,0.0008536417152762
S13109,42,22,2025-11-21,38,16,0.0,val,3,0.001144182545406
S13211,42,8,2025-11-21,50,22,0.0,val,3,0.0033160917102114
S13225,42,13,2025-11-21,13,23,0.0,val,3,0.0030254893726213
S13226,42,17,2025-11-21,48,13,0.0,val,3,0.0029476446619372
S13270,42,4,2025-11-21,20,16,0.0,val,3,0.0023581187676701
S13272,42,1,2025-11-21,32,20,0.0,val,3,0.0034126731705834
S13337,42,19,2025-11-21,39,22,0.0,val,3,0.001421665042375
S13536,42,19,2025-11-21,18,15,0.0040161616161616,val,3,0.0015870587686558
S13541,42,10,2025-11-21,47,32,0.0026667954455211,val,3,0.003133737226214
S13615,42,24,2025-11-21,29,19,0.0066706932420642,val,3,0.0006133210763242
S13617,42,22,2025-11-21,25,25,0.0079949167129149,val,3,0.0010878584123605
S13903,42,17,2025-11-21,61,16,0.0093006370094241,val,3,0.0029974761374242
S13904,42,8,2025-11-21,35,26,0.0,val,3,0.0033127868503808
S13905,42,13,2025-11-21,17,21,0.0092876017057792,val,3,0.0032468080530977
S13911,42,8,2025-11-21,32,24,0.0074420972638687,val,3,0.0028977284715538
S13919,42,5,2025-11-21,55,27,0.0018671084613448,val,3,0.0033382681487749
S13920,42,6,2025-11-21,57,20,0.0036863966770508,val,3,0.0028374899780476
S13925,42,13,2025-11-21,28,30,0.0037767392378129,val,3,0.0032727365379326
S13928,42,7,2025-11-21,34,24,0.0,val,3,0.0033109178830343
S13930,42,10,2025-11-21,13,21,0.0,val,3,0.0030847006640635
S14145,42,16,2025-11-21,53,21,0.0,val,3,0.0030451744292958
S14151,42,6,2025-11-21,41,27,0.0,val,3,0.0032670589195366
S14254,42,19,2025-11-21,16,18,0.0,val,3,0.0006351550445619
S14257,42,18,2025-11-21,33,24,0.0,val,3,0.0021342476194688
S14259,42,25,2025-11-21,64,22,0.0,val,3,0.0021820439407416
S14406,42,5,2025-11-21,20,14,0.0,val,3,0.003090212376876
S14409,42,14,2025-11-21,50,31,0.0,val,3,0.002730260551092
S14410,42,7,2025-11-21,31,12,0.0,val,3,0.0030328929363577
S14441,42,16,2025-11-21,27,16,0.0,val,3,0.0026838208360011
S14509,42,1,2025-11-21,38,32,0.0,val,3,0.0029637024896094
S14635,42,20,2025-11-21,20,23,0.0,val,3,0.0008912275199921
S14648,42,24,2025-11-21,39,27,0.0,val,3,0.0007257337714765
S14669,42,20,2025-11-21,39,21,0.0,val,3,0.0021828768460684
S14833,42,2,2025-11-21,30,16,0.0020573320914829,val,3,0.0033054402110385
S14835,42,6,2025-11-21,44,23,0.0041277355591545,val,3,0.0032142350562641
S14836,42,6,2025-11-21,35,25,0.0,val,3,0.0032520888814418
S14839,42,5,2025-11-21,44,22,0.0,val,3,0.0033343303356432
S14847,42,13,2025-11-21,52,27,0.0,val,3,0.0032924955039288
S15054,42,19,2025-11-21,52,14,0.0,val,3,0.0007393092340966
S16151,42,6,2025-11-21,39,11,0.0,val,3,0.0029570234317981
S16176,42,24,2025-11-21,31,27,0.0,val,3,0.0005498296131926
S16490,42,22,2025-11-21,21,16,0.0,val,3,0.0010542199577236
S16498,42,24,2025-11-21,19,19,0.0,val,3,0.0005720773307747
S16708,42,23,2025-11-21,44,12,0.0,val,3,0.0009278232334232
S17119,42,1,2025-11-21,42,17,0.0,val,3,0.0033728325262573
S17122,42,2,2025-11-21,48,19,0.0,val,3,0.0032857165203401
S17283,42,20,2025-11-21,20,18,0.0,val,3,0.0009083839141016
S17291,42,25,2025-11-21,44,14,0.0,val,3,0.0009497334673899
S17391,42,20,2025-11-21,37,23,0.0,val,3,0.0021285345031543
S17610,42,22,2025-11-21,34,14,0.0,val,3,0.0010227329901692
S17936,42,24,2025-11-21,56,25,0.0,val,3,0.0005376478328699
S17945,42,20,2025-11-21,60,27,0.0,val,3,0.0009439807828751
S18312,42,19,2025-11-21,39,29,0.0,val,3,0.0014940410551828
S18488,42,8,2025-11-21,26,13,0.0,val,3,0.003248467984024
S18598,42,18,2025-11-21,56,20,0.0,val,3,0.0008598008866053
S18605,42,19,2025-11-21,52,18,0.0,val,3,0.0009126590163399
S18606,42,19,2025-11-21,63,23,0.0,val,3,0.001812394565497
S18636,42,12,2025-11-21,37,20,0.0,val,3,0.0029549930042162
S18737,42,5,2025-11-21,31,12,0.0,val,3,0.0031935816831264
S19230,42,19,2025-11-21,59,19,0.0,val,3,0.0010829856513108
S19637,42,5,2025-11-21,54,30,0.0,val,3,0.0031699976051016
S19638,42,17,2025-11-21,30,31,0.0,val,3,0.0031218092019559
S19640,42,19,2025-11-21,45,31,0.0,val,3,0.0010540197034035
S19814,42,16,2025-11-21,28,22,0.0,val,3,0.0030652253010847
S19816,42,16,2025-11-21,19,27,0.0,val,3,0.0031434827883181
S19817,42,12,2025-11-21,43,23,0.0,val,3,0.0032636953603423
S19818,42,12,2025-11-21,16,21,0.0,val,3,0.0027632937043922
S20153,42,2,2025-11-21,24,23,0.0019301045829304,val,3,0.0033475770033875
S20157,42,1,2025-11-21,29,19,0.0038487301900746,val,3,0.0033806048245503
S20160,42,6,2025-11-21,44,19,0.0252712523370334,val,3,0.0032388705479376
S20161,42,8,2025-11-21,23,15,0.0,val,3,0.0030660556024141
S20165,42,12,2025-11-21,45,27,0.0,val,3,0.0029530921214189
S20179,42,12,2025-11-21,50,18,0.0,val,3,0.0029180768662209
S20181,42,6,2025-11-21,52,13,0.0,val,3,0.0032226484044101
S20620,42,8,2025-11-21,49,18,0.0,val,3,0.0032932635383135
S20622,42,13,2025-11-21,39,12,0.0,val,3,0.0029404372188295
S20624,42,13,2025-11-21,24,24,0.0,val,3,0.0032688656621113
S20630,42,4,2025-11-21,50,25,0.0,val,3,0.0031831847943086
S20633,42,6,2025-11-21,56,23,0.0,val,3,0.0031904424926579
S20634,42,4,2025-11-21,34,17,0.0,val,3,0.0030853540433548
S20638,42,2,2025-11-21,34,22,0.0,val,3,0.0032872076264668
S20827,42,19,2025-11-21,41,30,0.0,val,3,0.0007962810236985
S20831,42,20,2025-11-21,28,24,0.0,val,3,0.0012778453340031
S20842,42,25,2025-11-21,59,18,0.0,val,3,0.0007878282379
S20843,42,25,2025-11-21,31,23,0.0,val,3,0.0019793478013531
S20844,42,25,2025-11-21,43,19,0.0,val,3,0.0010489037819702
S20885,42,8,2025-11-21,44,15,0.0,val,3,0.003179545148449
S21295,42,22,2025-11-21,41,32,0.0,val,3,0.0023576650488391
S21296,42,22,2025-11-21,37,11,0.0,val,3,0.0013346339304956
S21419,42,1,2025-11-21,35,24,0.0,val,3,0.0033448645891658
S21424,42,14,2025-11-21,45,15,0.0,val,3,0.0031868171762484
S21635,42,24,2025-11-21,54,26,0.0,val,3,0.0005144632769476
S21638,42,19,2025-11-21,26,16,0.0,val,3,0.0011233991721889
S21667,42,24,2025-11-21,31,22,0.0,val,3,0.0006074226218224
S21949,42,10,2025-11-21,37,11,0.0,val,3,0.0024304464214366
S21954,42,19,2025-11-21,54,20,0.0,val,3,0.0008257114853346
S21964,42,25,2025-11-21,18,26,0.0,val,3,0.0017783459587748
S22393,42,13,2025-11-21,24,18,0.0,val,3,0.0031738248544798
S22400,42,10,2025-11-21,46,28,0.0,val,3,0.0032654769095255
S22401,42,5,2025-11-21,17,17,0.0,val,3,0.0032716092657966
S22447,42,23,2025-11-21,25,26,0.0,val,3,0.000910117333621
S22564,42,4,2025-11-21,46,20,0.0111688978779415,val,3,0.002954343335063
S22612,42,16,2025-11-21,27,26,0.0,val,3,0.0027416507593018
S22613,42,13,2025-11-21,64,18,0.0113357184284438,val,3,0.0030499216421127
S22625,42,16,2025-11-21,31,29,0.0015656847271707,val,3,0.0030744469456722
S22640,42,4,2025-11-21,28,16,0.0,val,3,0.003137436265623
S22641,42,4,2025-11-21,31,13,0.0113378241415158,val,3,0.0030666097424296
S22645,42,2,2025-11-21,45,23,0.0079268623341658,val,3,0.0033287845839367
S23050,42,22,2025-11-21,27,13,0.0,val,3,0.0011280701298305
S23053,42,23,2025-11-21,26,15,0.0,val,3,0.0009030052557509
S23057,42,19,2025-11-21,24,22,0.0,val,3,0.0007117360686181
S23693,42,13,2025-11-21,28,26,0.0,val,3,0.0033605318932037
S23694,42,6,2025-11-21,49,16,0.0,val,3,0.0032036845315304
S23695,42,17,2025-11-21,31,13,0.0,val,3,0.0030383471912597
S24042,42,14,2025-11-21,39,23,0.0,val,3,0.0031903291682835
S24537,42,25,2025-11-21,64,19,0.0,val,3,0.0030307607565671
S24545,42,20,2025-11-21,62,17,0.0,val,3,0.0009110151719188
S24565,42,25,2025-11-21,37,21,0.0,val,3,0.0009619916019259
S25080,42,14,2025-11-21,42,12,0.0,val,3,0.0031337757304405
S25088,42,20,2025-11-21,30,12,0.0,val,3,0.0025316561926565
S25118,42,18,2025-11-21,49,18,0.0,val,3,0.0008898471838341
S25119,42,22,2025-11-21,31,16,0.0,val,3,0.0012254779840859
S25139,42,25,2025-11-21,58,21,0.0,val,3,0.0008972323854696
S25140,42,20,2025-11-21,26,25,0.0,val,3,0.0013366983679441
S25187,42,17,2025-11-21,29,23,0.0,val,3,0.0031601529009786
S25276,42,22,2025-11-21,45,11,0.0,val,3,0.002017636784938
S25460,42,12,2025-11-21,42,21,0.0893770070648683,val,3,0.002928803534791
S25462,42,17,2025-11-21,25,24,0.0,val,3,0.0030753929804487
S25476,42,4,2025-11-21,26,29,0.0,val,3,0.0031492621910273
S25478,42,14,2025-11-21,56,26,0.0,val,3,0.0033011249573438
S25488,42,2,2025-11-21,47,26,0.0,val,3,0.0032141338649085
S25490,42,5,2025-11-21,44,16,0.0030630797201935,val,3,0.0033336885096864
S25491,42,4,2025-11-21,38,28,0.0,val,3,0.0031489200033997
S25494,42,5,2025-11-21,24,20,0.0,val,3,0.0033989117183962
S25500,42,10,2025-11-21,26,18,0.0,val,3,0.0030891321086097
S25654,42,18,2025-11-21,24,28,0.0,val,3,0.0007429181230901
S25749,42,12,2025-11-21,27,23,0.0,val,3,0.0031679055349513
S25752,42,8,2025-11-21,40,27,0.0,val,3,0.0033048072652833
S25921,42,23,2025-11-21,31,19,0.0,val,3,0.0009411217428887
S26297,42,18,2025-11-21,36,17,0.0,val,3,0.0011432867376545
S26299,42,25,2025-11-21,55,14,0.0,val,3,0.0014024213065805
S26312,42,10,2025-11-21,52,27,0.0,val,3,0.0033454932166774
S26476,42,13,2025-11-21,41,26,0.0,val,3,0.0033422999868007
S26552,42,23,2025-11-21,40,18,0.0,val,3,0.001085301836886
S26558,42,19,2025-11-21,23,18,0.0,val,3,0.0005796866899959
S26732,42,25,2025-11-21,33,28,0.01814080476552,val,3,0.0022286616012675
S26842,42,18,2025-11-21,43,24,0.0,val,3,0.001572653515421
S27189,42,2,2025-11-21,44,27,0.0074930082845232,val,3,0.0033381724560663
S27191,42,7,2025-11-21,50,16,0.0048615033979169,val,3,0.0032328895836373
S27200,42,13,2025-11-21,37,16,0.010936376839233,val,3,0.0030489578944894
S27202,42,4,2025-11-21,50,13,0.0024930463069556,val,3,0.0028824001340439
S27203,42,12,2025-11-21,31,29,0.0098774265031028,val,3,0.0028810112322909
S27204,42,6,2025-11-21,27,25,0.0101016260162601,val,3,0.0033452559291388
S27214,42,12,2025-11-21,23,16,0.0049035930905709,val,3,0.0030317520868407
S27267,42,14,2025-11-21,43,11,0.0,val,3,0.0027340180106404
S27605,42,7,2025-11-21,21,16,0.0,val,3,0.0031108977765573
S27609,42,17,2025-11-21,26,17,0.0,val,3,0.0031284729709659
S27679,42,19,2025-11-21,52,19,0.0,val,3,0.0007968294439543
S27683,42,18,2025-11-21,49,16,0.0,val,3,0.000857821340286
S27930,42,14,2025-11-21,26,24,0.0023254072971936,val,3,0.0031509654535906
S27971,42,2,2025-11-21,39,32,0.0023318225750452,val,3,0.0031689687766931
S28024,42,4,2025-11-21,52,15,0.0,val,3,0.0029353149036858
S28562,42,25,2025-11-21,52,29,0.0,val,3,0.0014630036107951
S28563,42,20,2025-11-21,56,22,0.0,val,3,0.0012182406093779
S28564,42,25,2025-11-21,50,26,0.0,val,3,0.0011760059500994
S28570,42,4,2025-11-21,24,25,0.0,val,3,0.0031557692716266
S28573,42,1,2025-11-21,39,27,0.0,val,3,0.0033474090253722
S28793,42,19,2025-11-21,53,12,0.0,val,3,0.0022390718086772
S28886,42,23,2025-11-21,50,19,0.0,val,3,0.001155796350826
S28890,42,24,2025-11-21,60,22,0.0,val,3,0.000515497355311
S29046,42,2,2025-11-21,40,21,0.0,val,3,0.0031696197440238
S29380,42,4,2025-11-21,60,27,0.0,val,3,0.0031308513021909
S29440,42,22,2025-11-21,22,21,0.0,val,3,0.0012512286875934
S29449,42,24,2025-11-21,49,29,0.0,val,3,0.0005469841059488
S29880,42,8,2025-11-21,17,23,0.0,val,3,0.0032637826561963
S29884,42,2,2025-11-21,58,24,0.0,val,3,0.0033013689175296
S29885,42,2,2025-11-21,42,17,0.0,val,3,0.0033702997005386
S30683,42,19,2025-11-21,57,29,0.0036316074064331,val,3,0.0023027712463012
S30746,42,6,2025-11-21,24,22,0.0127595040700947,val,3,0.0032097544498127
S30776,42,14,2025-11-21,64,18,0.0,val,3,0.0032394889529919
S30777,42,8,2025-11-21,37,22,0.0,val,3,0.0033085070141005
S30778,42,16,2025-11-21,18,21,0.0,val,3,0.0024474215410082
S30779,42,7,2025-11-21,19,27,0.0,val,3,0.0032287576029252
S30781,42,5,2025-11-21,29,17,0.0049208164396853,val,3,0.0034623969894291
S30935,42,16,2025-11-21,63,17,0.0,val,3,0.0032376187952351
S31683,42,1,2025-11-21,37,22,0.0,val,3,0.0032328548517454
S32576,42,16,2025-11-21,57,25,0.0027029084818029,val,3,0.0031732905721037
S32583,42,2,2025-11-21,48,13,0.0027264398839205,val,3,0.0032850242079719
S32591,42,7,2025-11-21,24,29,0.0,val,3,0.0032195458155813
S32751,42,10,2025-11-21,33,32,0.0,val,3,0.0030973988492664
S32849,42,10,2025-11-21,17,23,0.0025917813934084,val,3,0.0030981370169947
S32853,42,4,2025-11-21,20,15,0.0,val,3,0.0031701431628582
S32858,42,1,2025-11-21,31,27,0.0,val,3,0.0033482998488818
S32883,42,22,2025-11-21,50,21,0.0,val,3,0.0008879557075864
S32884,42,24,2025-11-21,24,17,0.0,val,3,0.0006287050025301
S33738,42,25,2025-11-21,21,29,0.0,val,3,0.0030755621561804
S33803,42,22,2025-11-21,30,24,0.0,val,3,0.0012822899882898
S33805,42,19,2025-11-21,48,29,0.0,val,3,0.0014815683485258
S33806,42,19,2025-11-21,35,29,0.0,val,3,0.0017974159792503
S34059,42,17,2025-11-21,47,12,0.0100987839569852,val,3,0.003080682143144
S34064,42,12,2025-11-21,45,16,0.0134164777021919,val,3,0.0029135836420538
S34065,42,17,2025-11-21,36,20,0.0035817806278277,val,3,0.00299328834801
S34072,42,14,2025-11-21,26,26,0.0119794397141324,val,3,0.0031821876710884
S34079,42,7,2025-11-21,59,22,0.0083847892836656,val,3,0.0032361450837914
S34087,42,4,2025-11-21,58,20,0.0186460072408036,val,3,0.0031576504052834
S34089,42,6,2025-11-21,23,25,0.0200160772999157,val,3,0.0031290534025277
S34090,42,4,2025-11-21,21,18,0.0093978045122843,val,3,0.002956523616509
S34091,42,4,2025-11-21,34,31,0.0014365947213092,val,3,0.0031894867570828
S34138,42,13,2025-11-21,46,14,0.0,val,3,0.0029192636020423
S34141,42,16,2025-11-21,14,21,0.0,val,3,0.0030635935050484
S34581,42,14,2025-11-21,43,32,0.0,val,3,0.0031579751823919
S34619,42,24,2025-11-21,29,26,0.0,val,3,0.0005293330585339
S34634,42,24,2025-11-21,47,13,0.0,val,3,0.0006778437273724
S34642,42,16,2025-11-21,20,15,0.0035548498308406,val,3,0.0031651597003273
S34653,42,10,2025-11-21,51,20,0.0,val,3,0.0031244923027039
S34735,42,2,2025-11-21,60,21,0.0,val,3,0.0033275452006362
S34736,42,6,2025-11-21,50,22,0.0,val,3,0.0031880591681462
S34738,42,13,2025-11-21,50,29,0.0,val,3,0.0031751952374224
S34739,42,7,2025-11-21,37,21,0.0,val,3,0.0030935098090251
S34758,42,12,2025-11-21,33,22,0.0,val,3,0.003251751703129
S34761,42,16,2025-11-21,20,19,0.0,val,3,0.0030324937917707
S34770,42,18,2025-11-21,59,24,0.0,val,3,0.0008550193137396
S35299,42,17,2025-11-21,14,18,0.020362983698511,val,3,0.0033114532946266
S35439,42,8,2025-11-21,64,22,0.0105690149231513,val,3,0.0028695258308325
S35448,42,13,2025-11-21,42,24,0.0256994205280708,val,3,0.0032883907841628
S35459,42,12,2025-11-21,42,18,0.0197071290638518,val,3,0.0029011030604363
S35469,42,12,2025-11-21,25,22,0.0235306776852389,val,3,0.0031267371384775
S35470,42,17,2025-11-21,21,26,0.0112652028941419,val,3,0.0031819957185701
S35481,42,7,2025-11-21,38,24,0.0048642154739796,val,3,0.0032417688147372
S35483,42,10,2025-11-21,48,18,0.0213320140601986,val,3,0.0032973922579989
S35492,42,7,2025-11-21,24,24,0.0177052019478188,val,3,0.0033546996672666
S35497,42,7,2025-11-21,35,26,0.0142786198291819,val,3,0.0033381040025505
S35506,42,6,2025-11-21,31,20,0.0227821340396253,val,3,0.0032800880172268
S35508,42,5,2025-11-21,61,22,0.0221983183768875,val,3,0.0031214811459997
S35512,42,1,2025-11-21,56,27,0.0252818578898198,val,3,0.0033544211875514
S35623,42,17,2025-11-21,33,15,0.0,val,3,0.0029831653215042
S35630,42,10,2025-11-21,30,20,0.0,val,3,0.0031110292913213
S35632,42,10,2025-11-21,22,27,0.0,val,3,0.0033507600694656
S35633,42,12,2025-11-21,40,26,0.0019691980965739,val,3,0.0030217355269038
S35841,42,23,2025-11-21,30,12,0.0060276763732065,val,3,0.0020703292698933
S36596,42,18,2025-11-21,40,28,0.0,val,3,0.0018852988589457
S36677,42,23,2025-11-21,33,29,0.0,val,3,0.0007844409873717
S36686,42,20,2025-11-21,29,13,0.0,val,3,0.0008999533846786
S36846,42,8,2025-11-21,21,19,0.0,val,3,0.0033222132678804
S36996,42,20,2025-11-21,50,31,0.0,val,3,0.0019567316962746
S37113,42,18,2025-11-21,39,31,0.0,val,3,0.0015052644078343
S37127,42,24,2025-11-21,48,17,0.0,val,3,0.0006476300033144
S37135,42,25,2025-11-21,29,16,0.0,val,3,0.0008012601698107
S37266,42,17,2025-11-21,26,13,0.0,val,3,0.003213906580701
S37431,42,12,2025-11-21,58,15,0.0,val,3,0.0028566165954347
S37436,42,12,2025-11-21,17,24,0.0,val,3,0.0029054770332384
S37749,42,13,2025-11-21,33,18,0.0,val,3,0.0033536756555873
S37758,42,12,2025-11-21,30,18,0.0028366608449482,val,3,0.0030254956090615
S37768,42,12,2025-11-21,33,24,0.0,val,3,0.0032358784254296
S37772,42,5,2025-11-21,53,28,0.0027676612427188,val,3,0.0033122466329075
S37774,42,1,2025-11-21,47,13,0.0,val,3,0.0032719985016834
S37776,42,1,2025-11-21,42,28,0.0,val,3,0.0033072123262516
S37785,42,20,2025-11-21,44,29,0.0,val,3,0.0008865003283754
S37790,42,14,2025-11-21,33,15,0.0,val,3,0.0032063731297972
S37798,42,2,2025-11-21,36,14,0.0,val,3,0.0033415400182008
S37957,42,17,2025-11-21,38,12,0.0041660379889017,val,3,0.0031626923046583
S37973,42,12,2025-11-21,46,18,0.0122157042668938,val,3,0.0028975867202516
S37977,42,14,2025-11-21,22,26,0.0098108057043109,val,3,0.0031327601045389
S37979,42,5,2025-11-21,40,22,0.0013702331326231,val,3,0.0031754345891096
S37982,42,4,2025-11-21,32,19,0.0097062729474259,val,3,0.0029667530577446
S37983,42,2,2025-11-21,42,22,0.0,val,3,0.0033072059239217
S38038,42,22,2025-11-21,52,22,0.0014008089178257,val,3,0.0012210231064793
S38207,42,25,2025-11-21,43,31,0.0096317829457364,val,3,0.0014195270306847
S38211,42,18,2025-11-21,62,27,0.0041081849592487,val,3,0.0022447183434849
S38214,42,12,2025-11-21,64,26,0.0054900596229312,val,3,0.0027754978406829
S38867,42,19,2025-11-21,56,29,0.0,val,3,0.0011441977069254
S38868,42,20,2025-11-21,39,28,0.0,val,3,0.00112306060116
S38871,42,25,2025-11-21,30,16,0.0,val,3,0.0018602833962858
S38954,42,2,2025-11-21,61,19,0.0,val,3,0.0033262078471303
S38957,42,10,2025-11-21,37,15,0.0,val,3,0.0029847371471194
S38958,42,4,2025-11-21,18,23,0.0,val,3,0.0029342376511443
S39190,42,22,2025-11-21,23,13,0.0,val,3,0.0021871979789295
S39258,42,12,2025-11-21,27,12,0.0,val,3,0.0027124844214791
S39438,42,5,2025-11-21,48,18,0.0,val,3,0.0033175622469526
S39478,42,16,2025-11-21,54,13,0.0,val,3,0.0032379271834186
S39499,42,23,2025-11-21,17,26,0.0,val,3,0.0008767746065298
S39517,42,22,2025-11-21,34,25,0.0,val,3,0.0013033124208654
S39810,42,17,2025-11-21,44,20,0.0,val,3,0.0030145557130302
S39817,42,1,2025-11-21,65,20,0.0,val,3,0.0032362662020717
S39824,42,22,2025-11-21,34,19,0.0,val,3,0.0012078265939099
S39904,42,20,2025-11-21,21,14,0.0133442073856294,val,3,0.0025938956334953
S40048,42,16,2025-11-21,17,25,0.0016433554872201,val,3,0.002712518971868
S40049,42,12,2025-11-21,28,15,0.0016460332916029,val,3,0.0027885040079408
S40050,42,13,2025-11-21,19,19,0.0033585733158984,val,3,0.0032616889365079
S40082,42,1,2025-11-21,25,29,0.0050692043287129,val,3,0.0033318461248321
S40382,42,24,2025-11-21,60,28,0.0,val,3,0.0022496632454266
S40391,42,6,2025-11-21,23,13,0.0019453349146518,val,3,0.0028561952174254
S40474,42,23,2025-11-21,28,30,0.0,val,3,0.0009718360962486
S40483,42,13,2025-11-21,16,24,0.0,val,3,0.0032089977989717
S40499,42,1,2025-11-21,33,14,0.0085037941979142,val,3,0.0033175259865135
S40500,42,1,2025-11-21,41,20,0.0064656293906437,val,3,0.0032810977535399
S40501,42,2,2025-11-21,29,29,0.0,val,3,0.0033307319029601
S40505,42,4,2025-11-21,25,18,0.0105491949075194,val,3,0.0031802423529741
S40507,42,7,2025-11-21,35,14,0.0,val,3,0.0030141513005163
S40669,42,19,2025-11-21,59,29,0.0,val,3,0.0016747821284389
S40674,42,13,2025-11-21,31,12,0.0,val,3,0.0029922292021619
S41311,42,1,2025-11-21,25,14,0.0,val,3,0.0033158841828124
S41903,42,8,2025-11-21,30,18,0.0158649355187731,val,3,0.0031273033931474
S41904,42,7,2025-11-21,40,13,0.0098495985932748,val,3,0.0031229228009612
S41915,42,10,2025-11-21,17,21,0.0075392892538581,val,3,0.0031187366944055
S41919,42,10,2025-11-21,56,14,0.0109610793465255,val,3,0.0026978698801704
S41929,42,5,2025-11-21,30,18,0.0043976774600006,val,3,0.003436721001293
S41933,42,6,2025-11-21,35,17,0.0079178371718823,val,3,0.0033502953819841
S41935,42,24,2025-11-21,57,17,0.0,val,3,0.0005711364640616
S41936,42,22,2025-11-21,39,20,0.0074443174045245,val,3,0.0016593602877335
S42728,42,19,2025-11-21,31,15,0.0,val,3,0.0010071189805036
S42743,42,23,2025-11-21,42,28,0.0,val,3,0.0008529525494677
S42766,42,24,2025-11-21,47,21,0.0,val,3,0.0006057584285857
S42856,42,22,2025-11-21,64,20,0.0,val,3,0.0010043061713595
S43696,42,14,2025-11-21,46,13,0.0088174243185863,val,3,0.0029774055834137
S43697,42,14,2025-11-21,55,15,0.0087904961235739,val,3,0.0026074179681774
S43716,42,1,2025-11-21,57,16,0.0089805752145761,val,3,0.0032893159545367
S43718,42,5,2025-11-21,52,16,0.0080168725325332,val,3,0.0032455346697
S43722,42,5,2025-11-21,35,13,0.0109411993091454,val,3,0.0033405233078615
S43723,42,5,2025-11-21,31,29,0.0142141329092926,val,3,0.003375373639785
S43728,42,12,2025-11-21,64,25,0.0101471645106494,val,3,0.0028036731665714
S43730,42,10,2025-11-21,25,21,0.0075599845605949,val,3,0.0030736225592722
S00054,42,1,2025-11-21,46,31,0.0,val,4,0.0032735965939461
S00533,42,12,2025-11-21,52,22,0.0044184258135637,val,4,0.0029269265041038
S00535,42,16,2025-11-21,14,23,0.0,val,4,0.0032598744234729
S00542,42,13,2025-11-21,28,28,0.0,val,4,0.0031659171527611
S00544,42,7,2025-11-21,57,27,0.0,val,4,0.0032514797711644
S00546,42,5,2025-11-21,40,28,0.0,val,4,0.0032757405684929
S00556,42,6,2025-11-21,58,27,0.0,val,4,0.0032477131646818
S00563,42,1,2025-11-21,51,30,0.0,val,4,0.0031377286749768
S00850,42,23,2025-11-21,32,27,0.0,val,4,0.0009976201539918
S00854,42,18,2025-11-21,38,13,0.0,val,4,0.0008132751682226
S01334,42,23,2025-11-21,33,30,0.0,val,4,0.0009022605820672
S01338,42,20,2025-11-21,21,25,0.0,val,4,0.0008590756210551
S02023,42,1,2025-11-21,32,22,0.0,val,4,0.0031510279113076
S02026,42,1,2025-11-21,42,19,0.0,val,4,0.0033427597582354
S02229,42,24,2025-11-21,34,13,0.0,val,4,0.0005213235091238
S02365,42,8,2025-11-21,30,12,0.0,val,4,0.0031241808659129
S02625,42,2,2025-11-21,45,24,0.0,val,4,0.0031440400310196
S02630,42,16,2025-11-21,49,27,0.0,val,4,0.0027675041521491
S03164,42,18,2025-11-21,19,28,0.0123332712947453,val,4,0.0020859639457117
S03172,42,13,2025-11-21,35,11,0.0046235998958062,val,4,0.00308335994385
S03391,42,25,2025-11-21,43,16,0.0,val,4,0.0008523291341427
S03622,42,25,2025-11-21,42,32,0.0,val,4,0.0031272306507693
S03809,42,10,2025-11-21,61,27,0.0,val,4,0.0032730044336383
S03981,42,25,2025-11-21,28,29,0.0,val,4,0.0012446918164856
S04025,42,10,2025-11-21,59,28,0.0,val,4,0.0032649727523248
S04117,42,18,2025-11-21,44,31,0.0,val,4,0.0008850944051447
S04478,42,14,2025-11-21,54,16,0.0,val,4,0.0031361271524098
S04481,42,8,2025-11-21,42,26,0.0,val,4,0.0032516878598952
S04485,42,6,2025-11-21,54,26,0.0,val,4,0.0033242506393767
S04889,42,17,2025-11-21,46,26,0.0,val,4,0.0032011125238518
S04894,42,16,2025-11-21,34,16,0.0,val,4,0.002846010044924
S04908,42,5,2025-11-21,42,17,0.0069838191795066,val,4,0.0033968716871934
S04910,42,1,2025-11-21,44,20,0.0,val,4,0.0032759749722345
S05225,42,2,2025-11-21,59,20,0.0,val,4,0.0033456774934997
S05621,42,23,2025-11-21,22,26,0.0,val,4,0.0008222956743545
S05627,42,25,2025-11-21,27,13,0.0,val,4,0.0018928857067296
S05779,42,12,2025-11-21,43,14,0.0035166296960627,val,4,0.0027393948943396
S05780,42,16,2025-11-21,45,31,0.0068025115913018,val,4,0.0032328108737549
S05796,42,7,2025-11-21,36,23,0.0017583148480313,val,4,0.0032322601800253
S05809,42,2,2025-11-21,38,12,0.0,val,4,0.0033493645090078
S06018,42,23,2025-11-21,50,14,0.0,val,4,0.0007873252987173
S06032,42,25,2025-11-21,45,29,0.0,val,4,0.0013126354100084
S06064,42,8,2025-11-21,47,16,0.0,val,4,0.0032334396839051
S06067,42,2,2025-11-21,63,18,0.0,val,4,0.0033453251735732
S06068,42,1,2025-11-21,34,29,0.0,val,4,0.0033654166150334
S06336,42,16,2025-11-21,28,28,0.029144791869211,val,4,0.00311985961975
S06337,42,13,2025-11-21,36,13,0.0210031272261865,val,4,0.0032241574484171
S06356,42,12,2025-11-21,36,16,0.00921044097071,val,4,0.0029319845043813
S06357,42,8,2025-11-21,33,25,0.0120899203026128,val,4,0.0033053013212164
S06358,42,5,2025-11-21,20,27,0.0,val,4,0.0033444372764659
S06362,42,4,2025-11-21,46,22,0.0,val,4,0.0029983559793152
S06366,42,7,2025-11-21,37,20,0.0106471535161007,val,4,0.0029771812013113
S06592,42,23,2025-11-21,33,16,0.0,val,4,0.0011536972172002
S06919,42,25,2025-11-21,43,20,0.0,val,4,0.0010246028672685
S07020,42,14,2025-11-21,55,18,0.0,val,4,0.0031326711748742
S07021,42,17,2025-11-21,32,17,0.0022573465958123,val,4,0.0031310572057754
S07023,42,17,2025-11-21,45,13,0.0045776285673496,val,4,0.0030523099815235
S07033,42,13,2025-11-21,52,13,0.004622718288571,val,4,0.0031765237729569
S07362,42,14,2025-11-21,48,23,0.0043826774014338,val,4,0.0031692185622516
S07372,42,2,2025-11-21,46,29,0.0132705555654449,val,4,0.003338116072567
S07378,42,6,2025-11-21,25,28,0.0071179168134647,val,4,0.0029476834200429
S07381,42,10,2025-11-21,51,23,0.0044673354186891,val,4,0.0032944403197896
S07385,42,13,2025-11-21,31,29,0.0043249358221294,val,4,0.0032468292394599
S07390,42,7,2025-11-21,21,28,0.001491135693348,val,4,0.0031216935035137
S07456,42,17,2025-11-21,55,27,0.0,val,4,0.0032278367190515
S07581,42,13,2025-11-21,18,20,0.0082954135292853,val,4,0.0032212581855689
S07591,42,2,2025-11-21,35,31,0.0195891661794556,val,4,0.0027754380273317
S07594,42,2,2025-11-21,54,23,0.0116757112317053,val,4,0.0032995025168072
S07596,42,1,2025-11-21,40,22,0.0227946955530121,val,4,0.0032072068025382
S08364,42,14,2025-11-21,60,15,0.0170014504255493,val,4,0.0030064422996418
S08365,42,12,2025-11-21,22,14,0.0,val,4,0.0030807431469388
S08418,42,12,2025-11-21,37,18,0.0081871923037097,val,4,0.0029117751305021
S08435,42,2,2025-11-21,20,22,0.0104704320896622,val,4,0.0033421826711113
S08444,42,1,2025-11-21,53,21,0.0059066675223609,val,4,0.0033936914201816
S08451,42,6,2025-11-21,31,14,0.0023516997773692,val,4,0.0030293142233243
S08454,42,12,2025-11-21,50,28,0.0023601089354104,val,4,0.0028844701277023
S08455,42,16,2025-11-21,42,25,0.0093637324930466,val,4,0.0030728234067043
S08694,42,18,2025-11-21,24,19,0.0,val,4,0.0015989131952132
S08695,42,18,2025-11-21,48,24,0.0,val,4,0.0010756349763655
S08700,42,18,2025-11-21,23,26,0.0,val,4,0.0008688084391521
S08701,42,23,2025-11-21,51,29,0.0,val,4,0.0009965857616507
S08929,42,16,2025-11-21,54,30,0.0,val,4,0.0032427583847234
S08936,42,5,2025-11-21,20,21,0.0,val,4,0.0033965199218473
S09008,42,23,2025-11-21,58,22,0.0,val,4,0.0009221584265491
S09029,42,25,2025-11-21,52,17,0.0,val,4,0.0009681628557113
S09184,42,5,2025-11-21,60,20,0.0,val,4,0.0032250950727208
S09185,42,6,2025-11-21,49,23,0.0,val,4,0.0032158992185831
S09194,42,13,2025-11-21,19,22,0.0,val,4,0.0032171569867688
S09197,42,10,2025-11-21,15,24,0.0,val,4,0.0032421884404573
S09402,42,12,2025-11-21,49,31,0.0,val,4,0.0029087624291117
S09437,42,19,2025-11-21,41,12,0.0,val,4,0.0012960065414557
S09439,42,24,2025-11-21,59,25,0.0,val,4,0.0005295342095023
S09448,42,19,2025-11-21,42,13,0.0,val,4,0.0005563749513633
S09461,42,18,2025-11-21,49,23,0.0,val,4,0.0011292854751128
S09462,42,23,2025-11-21,18,22,0.0,val,4,0.0007222523742643
S09530,42,7,2025-11-21,35,31,0.0,val,4,0.0032355793681622
S09673,42,10,2025-11-21,23,19,0.0,val,4,0.0032812148090955
S09755,42,25,2025-11-21,39,11,0.0,val,4,0.0030487438939663
S09855,42,13,2025-11-21,55,15,0.0,val,4,0.0031567535582341
S09859,42,17,2025-11-21,40,24,0.0092198017702867,val,4,0.0029828129888099
S09875,42,8,2025-11-21,49,25,0.0089785279240218,val,4,0.0032756285959484
S09878,42,6,2025-11-21,24,18,0.0134680682129201,val,4,0.002995588639963
S09882,42,6,2025-11-21,49,21,0.0107777841027684,val,4,0.003136248235324
S10267,42,22,2025-11-21,45,31,0.0,val,4,0.0013599344575823
S10369,42,23,2025-11-21,33,13,0.0,val,4,0.0008399140684291
S10471,42,8,2025-11-21,23,24,0.0,val,4,0.0032980028300757
S10476,42,14,2025-11-21,25,14,0.0,val,4,0.0029736917790313
S10481,42,2,2025-11-21,25,16,0.0,val,4,0.0033518008490434
S10552,42,18,2025-11-21,25,18,0.0,val,4,0.0008465218002751
S11120,42,19,2025-11-21,58,25,0.0,val,4,0.001457367995821
S11138,42,24,2025-11-21,45,12,0.0,val,4,0.0008259460858483
S11143,42,20,2025-11-21,27,18,0.0,val,4,0.001270215105707
S11622,42,6,2025-11-21,21,14,0.0,val,4,0.0028655376651053
S12702,42,19,2025-11-21,27,22,0.0,val,4,0.0013459072553209
S12703,42,23,2025-11-21,34,13,0.0,val,4,0.0007870417413761
S12910,42,2,2025-11-21,57,27,0.0,val,4,0.0032448774290745
S12913,42,5,2025-11-21,34,27,0.0,val,4,0.0033769314590245
S13095,42,23,2025-11-21,50,16,0.0,val,4,0.0008270584346774
S13109,42,22,2025-11-21,36,16,0.0,val,4,0.0011460381308397
S13211,42,8,2025-11-21,49,22,0.0,val,4,0.003251192302379
S13225,42,13,2025-11-21,14,23,0.0,val,4,0.003094451403981
S13226,42,17,2025-11-21,49,13,0.0,val,4,0.003024307016
S13270,42,4,2025-11-21,19,16,0.0,val,4,0.0031244786594199
S13272,42,1,2025-11-21,31,20,0.0,val,4,0.0034301967850596
S13337,42,19,2025-11-21,37,22,0.0,val,4,0.0016143228544209
S13536,42,19,2025-11-21,17,16,0.0040161616161616,val,4,0.0023178320607287
S13541,42,10,2025-11-21,44,32,0.0026667954455211,val,4,0.0032291111828155
S13615,42,24,2025-11-21,31,19,0.0066706932420642,val,4,0.0005379051954324
S13617,42,22,2025-11-21,27,25,0.0079949167129149,val,4,0.0015870559356696
S13903,42,17,2025-11-21,60,16,0.0093006370094241,val,4,0.0029574400989935
S13904,42,8,2025-11-21,34,26,0.0,val,4,0.0032742702485615
S13905,42,13,2025-11-21,18,21,0.0092876017057792,val,4,0.003093272329766
S13911,42,8,2025-11-21,31,24,0.0074420972638687,val,4,0.0032497010551914
S13919,42,5,2025-11-21,56,27,0.0018671084613448,val,4,0.0033034429032218
S13920,42,6,2025-11-21,56,20,0.0036863966770508,val,4,0.003191049375873
S13925,42,13,2025-11-21,27,30,0.0037767392378129,val,4,0.0032274222961565
S13928,42,7,2025-11-21,33,24,0.0,val,4,0.0032710343119911
S13930,42,10,2025-11-21,14,21,0.0,val,4,0.0031805878389756
S14145,42,16,2025-11-21,55,21,0.0,val,4,0.0025913108433825
S14151,42,6,2025-11-21,42,27,0.0,val,4,0.0032303275408171
S14254,42,19,2025-11-21,14,19,0.0,val,4,0.00103460851964
S14257,42,18,2025-11-21,31,24,0.0,val,4,0.0010512277921225
S14259,42,25,2025-11-21,62,22,0.0,val,4,0.0020387927572331
S14406,42,5,2025-11-21,18,15,0.0,val,4,0.003021929373777
S14409,42,14,2025-11-21,46,32,0.0,val,4,0.0031898760395809
S14410,42,7,2025-11-21,28,12,0.0,val,4,0.0030811931226736
S14441,42,16,2025-11-21,26,16,0.0,val,4,0.0021869410498915
S14509,42,1,2025-11-21,32,11,0.0,val,4,0.0028865115468121
S14635,42,20,2025-11-21,22,23,0.0,val,4,0.0010465357355982
S14648,42,24,2025-11-21,41,27,0.0,val,4,0.0008825582025924
S14669,42,20,2025-11-21,41,21,0.0,val,4,0.0020249068072973
S14833,42,2,2025-11-21,29,16,0.0020573320914829,val,4,0.0032933410337682
S14835,42,6,2025-11-21,45,23,0.0041277355591545,val,4,0.0031986564829844
S14836,42,6,2025-11-21,36,25,0.0,val,4,0.0032468230479068
S14839,42,5,2025-11-21,43,22,0.0,val,4,0.0033592392472769
S14847,42,13,2025-11-21,53,27,0.0,val,4,0.0032900607967747
S15054,42,19,2025-11-21,50,14,0.0,val,4,0.0006314049059544
S16151,42,6,2025-11-21,41,11,0.0,val,4,0.0028357649204851
S16176,42,24,2025-11-21,33,27,0.0,val,4,0.0006837984290168
S16490,42,22,2025-11-21,19,16,0.0,val,4,0.0011120201980212
S16498,42,24,2025-11-21,21,19,0.0,val,4,0.000570032009942
S16708,42,23,2025-11-21,42,12,0.0,val,4,0.0008037348061823
S17119,42,1,2025-11-21,43,17,0.0,val,4,0.0032624632629637
S17122,42,2,2025-11-21,49,19,0.0,val,4,0.0032729653289879
S17283,42,20,2025-11-21,18,18,0.0,val,4,0.0019739719740324
S17291,42,25,2025-11-21,41,14,0.0,val,4,0.0008179353210109
S17391,42,20,2025-11-21,39,23,0.0,val,4,0.0022560155043495
S17610,42,22,2025-11-21,32,14,0.0,val,4,0.0011317144119111
S17936,42,24,2025-11-21,58,25,0.0,val,4,0.0005579454167591
S17945,42,20,2025-11-21,58,28,0.0,val,4,0.0008756227390546
S18312,42,19,2025-11-21,41,29,0.0,val,4,0.0011827466047045
S18488,42,8,2025-11-21,21,14,0.0,val,4,0.0030782632938
S18598,42,18,2025-11-21,54,20,0.0,val,4,0.0015341318082846
S18605,42,19,2025-11-21,50,18,0.0,val,4,0.0010665071524531
S18606,42,19,2025-11-21,65,23,0.0,val,4,0.001308503789255
S18636,42,12,2025-11-21,36,20,0.0,val,4,0.0029794264366731
S18737,42,5,2025-11-21,30,12,0.0,val,4,0.0032395885823176
S19230,42,19,2025-11-21,61,19,0.0,val,4,0.000599126564951
S19637,42,5,2025-11-21,53,30,0.0,val,4,0.0033321611869104
S19638,42,17,2025-11-21,31,31,0.0,val,4,0.0030932050552203
S19640,42,19,2025-11-21,46,31,0.0,val,4,0.0007244957932543
S19814,42,16,2025-11-21,27,22,0.0,val,4,0.0028054243381682
S19816,42,16,2025-11-21,20,27,0.0,val,4,0.0031111013524962
S19817,42,12,2025-11-21,44,23,0.0,val,4,0.0029283234017872
S19818,42,12,2025-11-21,17,21,0.0,val,4,0.0028916436610659
S20153,42,2,2025-11-21,25,23,0.0019301045829304,val,4,0.0033360448518104
S20157,42,1,2025-11-21,30,19,0.0038487301900746,val,4,0.0034033855391873
S20160,42,6,2025-11-21,45,19,0.0252712523370334,val,4,0.0032268090303855
S20161,42,8,2025-11-21,24,15,0.0,val,4,0.0030056306727332
S20165,42,12,2025-11-21,49,27,0.0,val,4,0.0028592287561147
S20179,42,12,2025-11-21,49,18,0.0,val,4,0.0029099603519761
S20181,42,6,2025-11-21,58,15,0.0,val,4,0.0030468772609398
S20620,42,8,2025-11-21,48,18,0.0,val,4,0.0031058841280742
S20622,42,13,2025-11-21,38,12,0.0,val,4,0.0029044137865408
S20624,42,13,2025-11-21,23,24,0.0,val,4,0.0032607960251344
S20630,42,4,2025-11-21,51,25,0.0,val,4,0.0031868391074701
S20633,42,6,2025-11-21,57,23,0.0,val,4,0.0032634543236931
S20634,42,4,2025-11-21,36,17,0.0,val,4,0.0026938007608943
S20638,42,2,2025-11-21,32,22,0.0,val,4,0.0030370998176041
S20827,42,19,2025-11-21,39,30,0.0,val,4,0.0018681889294508
S20831,42,20,2025-11-21,27,24,0.0,val,4,0.0014842661375039
S20842,42,25,2025-11-21,57,18,0.0,val,4,0.000888527428921
S20843,42,25,2025-11-21,33,23,0.0,val,4,0.0009111478732824
S20844,42,25,2025-11-21,44,19,0.0,val,4,0.000920022994899
S20885,42,8,2025-11-21,45,15,0.0,val,4,0.0031699743781015
S21295,42,22,2025-11-21,39,32,0.0,val,4,0.0022423602154749
S21296,42,22,2025-11-21,46,11,0.0,val,4,0.0023095610204325
S21419,42,1,2025-11-21,34,24,0.0,val,4,0.0033526549860496
S21424,42,14,2025-11-21,46,15,0.0,val,4,0.0031922056218054
S21635,42,24,2025-11-21,52,26,0.0,val,4,0.0005369619394851
S21638,42,19,2025-11-21,24,16,0.0,val,4,0.0011281626537485
S21667,42,24,2025-11-21,29,22,0.0,val,4,0.0005621933159042
S21949,42,10,2025-11-21,38,11,0.0,val,4,0.00292565020515
S21954,42,19,2025-11-21,51,20,0.0,val,4,0.0011721603076545
S21964,42,25,2025-11-21,18,27,0.0,val,4,0.0023853037185671
S22393,42,13,2025-11-21,23,18,0.0,val,4,0.0032710916532504
S22400,42,10,2025-11-21,45,28,0.0,val,4,0.0032392963326302
S22401,42,5,2025-11-21,18,17,0.0,val,4,0.0032742904414458
S22447,42,23,2025-11-21,23,26,0.0,val,4,0.0008888790616761
S22564,42,4,2025-11-21,45,20,0.0111688978779415,val,4,0.0028479261534637
S22612,42,16,2025-11-21,26,26,0.0,val,4,0.0028126481965092
S22613,42,13,2025-11-21,63,18,0.0113357184284438,val,4,0.0031156139428564
S22625,42,16,2025-11-21,32,29,0.0015656847271707,val,4,0.0030526094636177
S22640,42,4,2025-11-21,27,16,0.0,val,4,0.0031461350580634
S22641,42,4,2025-11-21,33,13,0.0113378241415158,val,4,0.0029774949021963
S22645,42,2,2025-11-21,46,23,0.0079268623341658,val,4,0.0033464804069456
S23050,42,22,2025-11-21,29,13,0.0,val,4,0.0009745618670627
S23053,42,23,2025-11-21,28,15,0.0,val,4,0.0008615132993346
S23057,42,19,2025-11-21,22,22,0.0,val,4,0.0006837651096162
S23693,42,13,2025-11-21,27,26,0.0,val,4,0.0032153710110293
S23694,42,6,2025-11-21,48,16,0.0,val,4,0.0033291376273421
S23695,42,17,2025-11-21,33,13,0.0,val,4,0.003001932167968
S24042,42,14,2025-11-21,40,23,0.0,val,4,0.0031814180359325
S24537,42,25,2025-11-21,64,20,0.0,val,4,0.0029022358309864
S24545,42,20,2025-11-21,63,18,0.0,val,4,0.0010913215838285
S24565,42,25,2025-11-21,39,21,0.0,val,4,0.0019502167941942
S25080,42,14,2025-11-21,41,12,0.0,val,4,0.0031404994640249
S25088,42,20,2025-11-21,28,12,0.0,val,4,0.0028112900865182
S25118,42,18,2025-11-21,48,18,0.0,val,4,0.0008889408124997
S25119,42,22,2025-11-21,28,16,0.0,val,4,0.0010598003556799
S25139,42,25,2025-11-21,61,21,0.0,val,4,0.0009381480366683
S25140,42,20,2025-11-21,28,25,0.0,val,4,0.0012462769587569
S25187,42,17,2025-11-21,30,23,0.0,val,4,0.0031291313239489
S25276,42,22,2025-11-21,48,12,0.0,val,4,0.0020270293106095
S25460,42,12,2025-11-21,43,21,0.0893770070648683,val,4,0.0029828308017708
S25462,42,17,2025-11-21,24,24,0.0,val,4,0.0031428530705048
S25476,42,4,2025-11-21,27,29,0.0,val,4,0.0032457270609826
S25478,42,14,2025-11-21,55,26,0.0,val,4,0.0030940381176144
S25488,42,2,2025-11-21,46,26,0.0,val,4,0.0033347703639703
S25490,42,5,2025-11-21,43,16,0.0030630797201935,val,4,0.0034221731428623
S25491,42,4,2025-11-21,37,28,0.0,val,4,0.0031584864093899
S25494,42,5,2025-11-21,23,20,0.0,val,4,0.0034364623111526
S25500,42,10,2025-11-21,25,18,0.0,val,4,0.0030193584786652
S25654,42,18,2025-11-21,23,28,0.0,val,4,0.001331568483457
S25749,42,12,2025-11-21,28,23,0.0,val,4,0.0030859672372842
S25752,42,8,2025-11-21,41,27,0.0,val,4,0.0032517738669426
S25921,42,23,2025-11-21,33,19,0.0,val,4,0.0013271551677252
S26297,42,18,2025-11-21,38,17,0.0,val,4,0.0009602800347775
S26299,42,25,2025-11-21,54,14,0.0,val,4,0.0008247235183749
S26312,42,10,2025-11-21,53,27,0.0,val,4,0.0032764513902457
S26476,42,13,2025-11-21,40,26,0.0,val,4,0.003116196200738
S26552,42,23,2025-11-21,38,18,0.0,val,4,0.0010988613917112
S26558,42,19,2025-11-21,22,18,0.0,val,4,0.00066810142891
S26732,42,25,2025-11-21,31,28,0.01814080476552,val,4,0.0008911223551162
S26842,42,18,2025-11-21,41,24,0.0,val,4,0.001543251383403
S27189,42,2,2025-11-21,45,27,0.0074930082845232,val,4,0.0033332494747636
S27191,42,7,2025-11-21,49,16,0.0048615033979169,val,4,0.0028972715024996
S27200,42,13,2025-11-21,36,16,0.010936376839233,val,4,0.0031850395762208
S27202,42,4,2025-11-21,51,13,0.0024930463069556,val,4,0.0025443134204298
S27203,42,12,2025-11-21,32,29,0.0098774265031028,val,4,0.0028235689625085
S27204,42,6,2025-11-21,28,25,0.0101016260162601,val,4,0.003120503224041
S27214,42,12,2025-11-21,22,16,0.0049035930905709,val,4,0.0031077033168285
S27267,42,14,2025-11-21,44,11,0.0,val,4,0.0028311805485121
S27605,42,7,2025-11-21,20,16,0.0,val,4,0.0030087834443362
S27609,42,17,2025-11-21,27,17,0.0,val,4,0.0031780210637841
S27679,42,19,2025-11-21,54,19,0.0,val,4,0.0009148010378821
S27683,42,18,2025-11-21,47,16,0.0,val,4,0.0008655330154857
S27930,42,14,2025-11-21,24,24,0.0023254072971936,val,4,0.0031670717037916
S27971,42,2,2025-11-21,38,32,0.0023318225750452,val,4,0.0032025690569971
S28024,42,4,2025-11-21,54,15,0.0,val,4,0.0029543294300745
S28562,42,25,2025-11-21,54,29,0.0,val,4,0.002072034058108
S28563,42,20,2025-11-21,54,22,0.0,val,4,0.0013226320979475
S28564,42,25,2025-11-21,48,26,0.0,val,4,0.0014942257081152
S28570,42,4,2025-11-21,25,25,0.0,val,4,0.0031515318659771
S28573,42,1,2025-11-21,40,27,0.0,val,4,0.0033101509517265
S28793,42,19,2025-11-21,53,13,0.0,val,4,0.0017619665590003
S28886,42,23,2025-11-21,52,19,0.0,val,4,0.0009208602604052
S28890,42,24,2025-11-21,59,22,0.0,val,4,0.0006034612493494
S29046,42,2,2025-11-21,41,21,0.0,val,4,0.0032644526702957
S29380,42,4,2025-11-21,61,27,0.0,val,4,0.0031627500366372
S29440,42,22,2025-11-21,24,21,0.0,val,4,0.0012996297898943
S29449,42,24,2025-11-21,51,29,0.0,val,4,0.0005689654471414
S29880,42,8,2025-11-21,18,23,0.0,val,4,0.0033088485947168
S29884,42,2,2025-11-21,57,24,0.0,val,4,0.0033942312149878
S29885,42,2,2025-11-21,43,17,0.0,val,4,0.0033363076259591
S30683,42,19,2025-11-21,56,30,0.0036316074064331,val,4,0.0016620908418511
S30746,42,6,2025-11-21,21,22,0.0127595040700947,val,4,0.0031418341364674
S30776,42,14,2025-11-21,63,18,0.0,val,4,0.0032292661264903
S30777,42,8,2025-11-21,36,22,0.0,val,4,0.0032960670538347
S30778,42,16,2025-11-21,19,21,0.0,val,4,0.0029766306974828
S30779,42,7,2025-11-21,20,27,0.0,val,4,0.0032065469609994
S30781,42,5,2025-11-21,30,17,0.0049208164396853,val,4,0.0034087685258132
S30935,42,16,2025-11-21,63,26,0.0,val,4,0.0032294179018627
S31683,42,1,2025-11-21,36,22,0.0,val,4,0.0032675369976803
S32576,42,16,2025-11-21,58,25,0.0027029084818029,val,4,0.0029210312955338
S32583,42,2,2025-11-21,49,13,0.0027264398839205,val,4,0.0033680471464737
S32591,42,7,2025-11-21,25,29,0.0,val,4,0.0032185383491166
S32751,42,10,2025-11-21,31,11,0.0,val,4,0.0018251669651836
S32849,42,10,2025-11-21,18,23,0.0025917813934084,val,4,0.003164285972714
S32853,42,4,2025-11-21,21,15,0.0,val,4,0.0026807412083516
S32858,42,1,2025-11-21,32,27,0.0,val,4,0.0032138971444647
S32883,42,22,2025-11-21,52,21,0.0,val,4,0.0011198935751493
S32884,42,24,2025-11-21,26,17,0.0,val,4,0.0007440712512897
S33738,42,25,2025-11-21,22,29,0.0,val,4,0.0030381582096912
S33803,42,22,2025-11-21,28,24,0.0,val,4,0.0014422701521536
S33805,42,19,2025-11-21,50,29,0.0,val,4,0.0020568809025462
S33806,42,19,2025-11-21,36,29,0.0,val,4,0.0010893165166888
S34059,42,17,2025-11-21,46,12,0.0100987839569852,val,4,0.0031616673291513
S34064,42,12,2025-11-21,44,16,0.0134164777021919,val,4,0.0029049506707743
S34065,42,17,2025-11-21,35,20,0.0035817806278277,val,4,0.0031471391031016
S34072,42,14,2025-11-21,25,26,0.0119794397141324,val,4,0.0032043466364156
S34079,42,7,2025-11-21,58,22,0.0083847892836656,val,4,0.0033059240708584
S34087,42,4,2025-11-21,57,20,0.0186460072408036,val,4,0.0032356830480792
S34089,42,6,2025-11-21,24,25,0.0200160772999157,val,4,0.0028470851449881
S34090,42,4,2025-11-21,20,18,0.0093978045122843,val,4,0.0031876973387452
S34091,42,4,2025-11-21,35,31,0.0014365947213092,val,4,0.0032425536576746
S34138,42,13,2025-11-21,45,14,0.0,val,4,0.0030834600537504
S34141,42,16,2025-11-21,15,21,0.0,val,4,0.0029979728493104
S34581,42,14,2025-11-21,42,32,0.0,val,4,0.0031982474246862
S34619,42,24,2025-11-21,27,26,0.0,val,4,0.0005460093076927
S34634,42,24,2025-11-21,49,13,0.0,val,4,0.0005109225329475
S34642,42,16,2025-11-21,21,15,0.0035548498308406,val,4,0.00306926214763
S34653,42,10,2025-11-21,50,20,0.0,val,4,0.0031110545018225
S34735,42,2,2025-11-21,61,21,0.0,val,4,0.0032434016820482
S34736,42,6,2025-11-21,49,22,0.0,val,4,0.0033297516335734
S34738,42,13,2025-11-21,51,29,0.0,val,4,0.0032675165315438
S34739,42,7,2025-11-21,38,21,0.0,val,4,0.0031214248282565
S34758,42,12,2025-11-21,32,22,0.0,val,4,0.003085727659272
S34761,42,16,2025-11-21,21,19,0.0,val,4,0.0027033450736779
S34770,42,18,2025-11-21,57,24,0.0,val,4,0.0010479651340289
S35299,42,17,2025-11-21,13,19,0.020362983698511,val,4,0.0030885814173257
S35439,42,8,2025-11-21,63,22,0.0105690149231513,val,4,0.0033012866758297
S35448,42,13,2025-11-21,40,24,0.0256994205280708,val,4,0.0031445333963594
S35459,42,12,2025-11-21,41,18,0.0197071290638518,val,4,0.0027994635582243
S35469,42,12,2025-11-21,24,22,0.0235306776852389,val,4,0.0030464908160217
S35470,42,17,2025-11-21,20,26,0.0112652028941419,val,4,0.0028807235214626
S35481,42,7,2025-11-21,37,24,0.0048642154739796,val,4,0.0032422528839252
S35483,42,10,2025-11-21,47,18,0.0213320140601986,val,4,0.0032994875515225
S35492,42,7,2025-11-21,23,24,0.0177052019478188,val,4,0.0033199998510111
S35497,42,7,2025-11-21,34,26,0.0142786198291819,val,4,0.0032977817939729
S35506,42,6,2025-11-21,30,20,0.0227821340396253,val,4,0.0033009299006725
S35508,42,5,2025-11-21,60,22,0.0221983183768875,val,4,0.0031893588488258
S35512,42,1,2025-11-21,57,27,0.0252818578898198,val,4,0.0033104323813162
S35623,42,17,2025-11-21,34,15,0.0,val,4,0.0030068002484585
S35630,42,10,2025-11-21,29,20,0.0,val,4,0.0033428002998701
S35632,42,10,2025-11-21,24,27,0.0,val,4,0.0033740726700125
S35633,42,12,2025-11-21,39,26,0.0019691980965739,val,4,0.0030119049835166
S35841,42,23,2025-11-21,26,13,0.0060276763732065,val,4,0.0019631133058948
S36596,42,18,2025-11-21,38,28,0.0,val,4,0.0030897601451665
S36677,42,23,2025-11-21,35,29,0.0,val,4,0.0008642088483331
S36686,42,20,2025-11-21,31,13,0.0,val,4,0.0010509546823071
S36846,42,8,2025-11-21,22,19,0.0,val,4,0.003339768143992
S36996,42,20,2025-11-21,45,32,0.0,val,4,0.002154171381355
S37113,42,18,2025-11-21,40,31,0.0,val,4,0.0008655233908983
S37127,42,24,2025-11-21,50,17,0.0,val,4,0.0010069601764642
S37135,42,25,2025-11-21,27,16,0.0,val,4,0.0009675487235522
S37266,42,17,2025-11-21,22,14,0.0,val,4,0.003020358576004
S37431,42,12,2025-11-21,58,16,0.0,val,4,0.0027677623693103
S37436,42,12,2025-11-21,16,24,0.0,val,4,0.0028300857706431
S37749,42,13,2025-11-21,32,18,0.0,val,4,0.0033445147313856
S37758,42,12,2025-11-21,29,18,0.0028366608449482,val,4,0.0030060444468753
S37768,42,12,2025-11-21,32,24,0.0,val,4,0.0031146430397145
S37772,42,5,2025-11-21,52,28,0.0027676612427188,val,4,0.0033937564786419
S37774,42,1,2025-11-21,48,13,0.0,val,4,0.0032699301130037
S37776,42,1,2025-11-21,41,28,0.0,val,4,0.0033572283319367
S37785,42,20,2025-11-21,46,29,0.0,val,4,0.001442909301964
S37790,42,14,2025-11-21,34,15,0.0,val,4,0.0031408978011565
S37798,42,2,2025-11-21,35,14,0.0,val,4,0.003313638927845
S37957,42,17,2025-11-21,37,12,0.0041660379889017,val,4,0.0030996017360502
S37973,42,12,2025-11-21,45,18,0.0122157042668938,val,4,0.0029417307718914
S37977,42,14,2025-11-21,21,26,0.0098108057043109,val,4,0.0032553136493339
S37979,42,5,2025-11-21,39,22,0.0013702331326231,val,4,0.0033233068477002
S37982,42,4,2025-11-21,33,19,0.0097062729474259,val,4,0.0031307916147828
S37983,42,2,2025-11-21,41,22,0.0,val,4,0.0033015446086179
S38038,42,22,2025-11-21,50,22,0.0014008089178257,val,4,0.0012955839718413
S38207,42,25,2025-11-21,45,31,0.0096317829457364,val,4,0.0018988884630198
S38211,42,18,2025-11-21,54,30,0.0041081849592487,val,4,0.0023074765968543
S38214,42,12,2025-11-21,63,26,0.0054900596229312,val,4,0.0027976656575685
S38867,42,19,2025-11-21,51,30,0.0,val,4,0.0011024855927588
S38868,42,20,2025-11-21,37,28,0.0,val,4,0.0009695264895599
S38871,42,25,2025-11-21,28,16,0.0,val,4,0.0008532205888773
S38954,42,2,2025-11-21,62,19,0.0,val,4,0.0033334825132404
S38957,42,10,2025-11-21,38,15,0.0,val,4,0.0032624340055227
S38958,42,4,2025-11-21,19,23,0.0,val,4,0.0031521774548768
S39190,42,22,2025-11-21,25,13,0.0,val,4,0.0013217701473282
S39258,42,12,2025-11-21,23,13,0.0,val,4,0.003035918884958
S39438,42,5,2025-11-21,47,18,0.0,val,4,0.0032496038693773
S39478,42,16,2025-11-21,55,13,0.0,val,4,0.0032326125308214
S39499,42,23,2025-11-21,18,27,0.0,val,4,0.0010163417976597
S39517,42,22,2025-11-21,36,25,0.0,val,4,0.0010359309948944
S39810,42,17,2025-11-21,43,20,0.0,val,4,0.0031141466549206
S39817,42,1,2025-11-21,64,20,0.0,val,4,0.0032660834020232
S39824,42,22,2025-11-21,36,19,0.0,val,4,0.0010525674664263
S39904,42,20,2025-11-21,17,16,0.0133442073856294,val,4,0.0027458279557908
S40048,42,16,2025-11-21,18,25,0.0016433554872201,val,4,0.0027457725494426
S40049,42,12,2025-11-21,29,15,0.0016460332916029,val,4,0.0029296191627435
S40050,42,13,2025-11-21,20,19,0.0033585733158984,val,4,0.0032702725108596
S40082,42,1,2025-11-21,26,29,0.0050692043287129,val,4,0.0033717421153568
S40382,42,24,2025-11-21,58,29,0.0,val,4,0.0020631126964639
S40391,42,6,2025-11-21,24,13,0.0019453349146518,val,4,0.0030242407315017
S40474,42,23,2025-11-21,33,31,0.0,val,4,0.0011270952312897
S40483,42,13,2025-11-21,15,24,0.0,val,4,0.0029994526252119
S40499,42,1,2025-11-21,32,14,0.0085037941979142,val,4,0.0032959771628307
S40500,42,1,2025-11-21,40,20,0.0064656293906437,val,4,0.0032541318707676
S40501,42,2,2025-11-21,30,29,0.0,val,4,0.0033265969137974
S40505,42,4,2025-11-21,24,18,0.0105491949075194,val,4,0.0029182439326142
S40507,42,7,2025-11-21,34,14,0.0,val,4,0.003193593314689
S40669,42,19,2025-11-21,55,30,0.0,val,4,0.0014909279406305
S40674,42,13,2025-11-21,27,12,0.0,val,4,0.0030721084753744
S41311,42,1,2025-11-21,24,14,0.0,val,4,0.0033247038216499
S41903,42,8,2025-11-21,29,18,0.0158649355187731,val,4,0.0031110273853935
S41904,42,7,2025-11-21,41,13,0.0098495985932748,val,4,0.0031510797921918
S41915,42,10,2025-11-21,18,21,0.0075392892538581,val,4,0.0031391577962468
S41919,42,10,2025-11-21,55,14,0.0109610793465255,val,4,0.0029137681229917
S41929,42,5,2025-11-21,29,18,0.0043976774600006,val,4,0.0034156910960456
S41933,42,6,2025-11-21,36,17,0.0079178371718823,val,4,0.0031629370076339
S41935,42,24,2025-11-21,59,17,0.0,val,4,0.0005452777796577
S41936,42,22,2025-11-21,37,20,0.0074443174045245,val,4,0.0011039118844023
S42728,42,19,2025-11-21,33,15,0.0,val,4,0.0006559660131699
S42743,42,23,2025-11-21,41,28,0.0,val,4,0.0010338392511925
S42766,42,24,2025-11-21,49,21,0.0,val,4,0.0005951633277197
S42856,42,22,2025-11-21,62,20,0.0,val,4,0.0011578002647434
S43696,42,14,2025-11-21,47,13,0.0088174243185863,val,4,0.0030954139318697
S43697,42,14,2025-11-21,56,15,0.0087904961235739,val,4,0.0027347487968871
S43716,42,1,2025-11-21,56,16,0.0089805752145761,val,4,0.003313767670388
S43718,42,5,2025-11-21,51,16,0.0080168725325332,val,4,0.003241711936487
S43722,42,5,2025-11-21,36,13,0.0109411993091454,val,4,0.0033389002703072
S43723,42,5,2025-11-21,32,29,0.0142141329092926,val,4,0.0034048983810473
S43728,42,12,2025-11-21,62,26,0.0101471645106494,val,4,0.0029436629005521
S43730,42,10,2025-11-21,26,21,0.0075599845605949,val,4,0.0032371491664039
