ufs_serial,run_id,wafer_no,date,die_x,die_y,pred,health,clf_proba,split,position
S05822,248,1,2026-06-10,31,30,0.0031473030813469,0.0,0.4053604147251932,val,1
S05825,248,1,2026-06-10,26,25,0.0031486819541496,0.0,0.412781752338315,val,1
S05833,248,1,2026-06-10,23,23,0.00319529074885,0.0,0.4247673527897195,val,1
S08082,248,1,2026-06-10,27,22,0.0031123021642796,0.0101588902213016,0.4086788775111947,val,1
S11464,248,1,2026-06-10,33,20,0.0031505862227394,0.0143200081282689,0.4849323089306769,val,1
S15765,248,1,2026-06-10,38,17,0.0029849668709925,0.0111264089906757,0.4019256512904562,val,1
S16773,248,1,2026-06-10,57,21,0.0031432138185478,0.0,0.423430674046308,val,1
S17325,248,1,2026-06-10,36,13,0.0032413518892396,0.0203351096740714,0.4512418859918777,val,1
S24096,248,1,2026-06-10,27,26,0.0031480625738756,0.0,0.3728488671955752,val,1
S24098,248,1,2026-06-10,14,24,0.0030716656204347,0.0,0.4381949357503256,val,1
S24223,248,1,2026-06-10,16,19,0.0030690838588595,0.0,0.4201647684108485,val,1
S26152,248,1,2026-06-10,36,29,0.003103773095591,0.0,0.4577396663830472,val,1
S31818,248,1,2026-06-10,45,25,0.0026374386075281,0.0,0.3778971515091099,val,1
S32560,248,1,2026-06-10,50,29,0.003169580832175,0.0,0.4617418051519422,val,1
S38030,248,1,2026-06-10,61,25,0.0031484944844414,0.0028265697557036,0.4234344342140474,val,1
S43337,248,1,2026-06-10,44,11,0.0029058940397656,0.0122212864317901,0.5088213386056308,val,1
S43664,248,1,2026-06-10,19,26,0.0030849252632988,0.0080229388250914,0.4086436873925251,val,1
S05822,248,1,2026-06-10,30,30,0.0031466921279732,0.0,0.4053604147251932,val,2
S05825,248,1,2026-06-10,28,25,0.0030852584142542,0.0,0.412781752338315,val,2
S05833,248,1,2026-06-10,25,23,0.0031569563112432,0.0,0.4247673527897195,val,2
S08082,248,1,2026-06-10,25,22,0.0031747576584804,0.0101588902213016,0.4086788775111947,val,2
S11464,248,1,2026-06-10,31,20,0.0031531799634556,0.0143200081282689,0.4849323089306769,val,2
S15765,248,1,2026-06-10,40,17,0.0030519424564333,0.0111264089906757,0.4019256512904562,val,2
S16773,248,1,2026-06-10,59,21,0.003252890442038,0.0,0.423430674046308,val,2
S17325,248,1,2026-06-10,38,13,0.0032297262276876,0.0203351096740714,0.4512418859918777,val,2
S24096,248,1,2026-06-10,26,26,0.0031940749071197,0.0,0.3728488671955752,val,2
S24098,248,1,2026-06-10,16,25,0.0030467737225537,0.0,0.4381949357503256,val,2
S24223,248,1,2026-06-10,17,19,0.0030747975319035,0.0,0.4201647684108485,val,2
S26152,248,1,2026-06-10,38,29,0.003086824805728,0.0,0.4577396663830472,val,2
S31818,248,1,2026-06-10,47,25,0.0030208709323845,0.0,0.3778971515091099,val,2
S32560,248,1,2026-06-10,52,29,0.0031507334429484,0.0,0.4617418051519422,val,2
S38030,248,1,2026-06-10,63,25,0.0031793168993727,0.0028265697557036,0.4234344342140474,val,2
S43337,248,1,2026-06-10,50,12,0.0028161940833123,0.0122212864317901,0.5088213386056308,val,2
S43664,248,1,2026-06-10,17,26,0.0030809450346709,0.0080229388250914,0.4086436873925251,val,2
S05822,248,1,2026-06-10,34,30,0.0031193418323291,0.0,0.4053604147251932,val,3
S05825,248,1,2026-06-10,22,25,0.0030554249109441,0.0,0.412781752338315,val,3
S05833,248,1,2026-06-10,19,23,0.0030879011782971,0.0,0.4247673527897195,val,3
S08082,248,1,2026-06-10,31,22,0.0031295732253033,0.0101588902213016,0.4086788775111947,val,3
S11464,248,1,2026-06-10,37,20,0.0024063665976391,0.0143200081282689,0.4849323089306769,val,3
S15765,248,1,2026-06-10,34,17,0.0031603050978218,0.0111264089906757,0.4019256512904562,val,3
S16773,248,1,2026-06-10,53,21,0.0031534286240777,0.0,0.423430674046308,val,3
S17325,248,1,2026-06-10,32,13,0.0032263173209594,0.0203351096740714,0.4512418859918777,val,3
S24096,248,1,2026-06-10,29,26,0.0031149388530136,0.0,0.3728488671955752,val,3
S24098,248,1,2026-06-10,18,24,0.0031349155040003,0.0,0.4381949357503256,val,3
S24223,248,1,2026-06-10,15,18,0.0029890738034325,0.0,0.4201647684108485,val,3
S26152,248,1,2026-06-10,32,29,0.0030907292827135,0.0,0.4577396663830472,val,3
S31818,248,1,2026-06-10,40,25,0.002555668784474,0.0,0.3778971515091099,val,3
S32560,248,1,2026-06-10,48,29,0.0031356271347408,0.0,0.4617418051519422,val,3
S38030,248,1,2026-06-10,57,25,0.0031482923182148,0.0028265697557036,0.4234344342140474,val,3
S43337,248,1,2026-06-10,39,11,0.003186917135216,0.0122212864317901,0.5088213386056308,val,3
S43664,248,1,2026-06-10,21,26,0.0031384683011216,0.0080229388250914,0.4086436873925251,val,3
S05822,248,1,2026-06-10,32,30,0.0029279584029608,0.0,0.4053604147251932,val,4
S05825,248,1,2026-06-10,24,25,0.0031753637284978,0.0,0.412781752338315,val,4
S05833,248,1,2026-06-10,21,23,0.0030629063321077,0.0,0.4247673527897195,val,4
S08082,248,1,2026-06-10,29,22,0.0030612323105367,0.0101588902213016,0.4086788775111947,val,4
S11464,248,1,2026-06-10,35,20,0.0028905731206259,0.0143200081282689,0.4849323089306769,val,4
S15765,248,1,2026-06-10,36,17,0.0031092371095431,0.0111264089906757,0.4019256512904562,val,4
S16773,248,1,2026-06-10,55,21,0.003164008339269,0.0,0.423430674046308,val,4
S17325,248,1,2026-06-10,34,13,0.0032233560008669,0.0203351096740714,0.4512418859918777,val,4
S24096,248,1,2026-06-10,28,26,0.0031350492660945,0.0,0.3728488671955752,val,4
S24098,248,1,2026-06-10,16,24,0.0031164883968958,0.0,0.4381949357503256,val,4
S24223,248,1,2026-06-10,15,19,0.0030955332678828,0.0,0.4201647684108485,val,4
S26152,248,1,2026-06-10,34,29,0.0031201261040932,0.0,0.4577396663830472,val,4
S31818,248,1,2026-06-10,43,25,0.0024180844925801,0.0,0.3778971515091099,val,4
S32560,248,1,2026-06-10,49,29,0.0031926394985096,0.0,0.4617418051519422,val,4
S38030,248,1,2026-06-10,59,25,0.0031681888306244,0.0028265697557036,0.4234344342140474,val,4
S43337,248,1,2026-06-10,42,11,0.0029951271556982,0.0122212864317901,0.5088213386056308,val,4
S43664,248,1,2026-06-10,20,26,0.0031164028123591,0.0080229388250914,0.4086436873925251,val,4
S04497,248,2,2026-06-10,51,29,0.0028638511868272,0.0,0.391586941039392,val,1
S05666,248,2,2026-06-10,62,26,0.0029200861660947,0.0,0.3958027313923737,val,1
S08637,248,2,2026-06-10,41,20,0.0031903614893275,0.0153477047330601,0.4096838598361145,val,1
S08642,248,2,2026-06-10,49,26,0.0032075191705919,0.0070628193012498,0.4439395569298359,val,1
S09945,248,2,2026-06-10,51,16,0.002972148377781,0.0066293714502183,0.3936730825827208,val,1
S12351,248,2,2026-06-10,54,18,0.0031139304052514,0.0,0.4095045474128569,val,1
S20799,248,2,2026-06-10,14,24,0.0032035415168599,0.0,0.4040281721766083,val,1
S26740,248,2,2026-06-10,62,21,0.0031802644421286,0.0120028304461333,0.439786505446041,val,1
S26769,248,2,2026-06-10,26,28,0.0031279861873949,0.0078952803062796,0.3970613500157164,val,1
S31280,248,2,2026-06-10,16,19,0.003018404866561,0.0097678897820404,0.3972890217071425,val,1
S33241,248,2,2026-06-10,20,19,0.003146789716705,0.0036199424596671,0.4084113558321705,val,1
S36149,248,2,2026-06-10,38,14,0.0030663037120882,0.0,0.405779222581915,val,1
S38010,248,2,2026-06-10,29,25,0.0032665108740264,0.0112544334145713,0.4607709733621856,val,1
S41070,248,2,2026-06-10,51,31,0.0030258499962181,0.0165732959850606,0.4421453662852831,val,1
S04497,248,2,2026-06-10,52,29,0.0028193197416845,0.0,0.391586941039392,val,2
S05666,248,2,2026-06-10,61,26,0.0030109558164816,0.0,0.3958027313923737,val,2
S08637,248,2,2026-06-10,40,20,0.0031346058536555,0.0153477047330601,0.4096838598361145,val,2
S08642,248,2,2026-06-10,48,26,0.0032286104466314,0.0070628193012498,0.4439395569298359,val,2
S09945,248,2,2026-06-10,50,16,0.0031039936646073,0.0066293714502183,0.3936730825827208,val,2
S12351,248,2,2026-06-10,53,18,0.0030521464147168,0.0,0.4095045474128569,val,2
S20799,248,2,2026-06-10,15,25,0.0028779601749621,0.0,0.4040281721766083,val,2
S26740,248,2,2026-06-10,63,21,0.0030680081361637,0.0120028304461333,0.439786505446041,val,2
S26769,248,2,2026-06-10,25,28,0.0029748892018994,0.0078952803062796,0.3970613500157164,val,2
S31280,248,2,2026-06-10,14,19,0.0029623072956027,0.0097678897820404,0.3972890217071425,val,2
S33241,248,2,2026-06-10,21,19,0.0031345948054762,0.0036199424596671,0.4084113558321705,val,2
S36149,248,2,2026-06-10,37,14,0.0029641762951652,0.0,0.405779222581915,val,2
S38010,248,2,2026-06-10,30,25,0.0032027939786114,0.0112544334145713,0.4607709733621856,val,2
S41070,248,2,2026-06-10,50,31,0.002999276353724,0.0165732959850606,0.4421453662852831,val,2
S04497,248,2,2026-06-10,49,29,0.0028561692158165,0.0,0.391586941039392,val,3
S05666,248,2,2026-06-10,62,25,0.0029537039526954,0.0,0.3958027313923737,val,3
S08637,248,2,2026-06-10,43,20,0.0031876982604352,0.0153477047330601,0.4096838598361145,val,3
S08642,248,2,2026-06-10,51,26,0.0030828944547457,0.0070628193012498,0.4439395569298359,val,3
S09945,248,2,2026-06-10,53,16,0.0029633734904729,0.0066293714502183,0.3936730825827208,val,3
S12351,248,2,2026-06-10,56,18,0.0030515058114271,0.0,0.4095045474128569,val,3
S20799,248,2,2026-06-10,18,24,0.0031086742231723,0.0,0.4040281721766083,val,3
S26740,248,2,2026-06-10,60,21,0.0030523158968777,0.0120028304461333,0.439786505446041,val,3
S26769,248,2,2026-06-10,28,28,0.0031153178899536,0.0078952803062796,0.3970613500157164,val,3
S31280,248,2,2026-06-10,15,18,0.0029752212142797,0.0097678897820404,0.3972890217071425,val,3
S33241,248,2,2026-06-10,17,19,0.0030466125948491,0.0036199424596671,0.4084113558321705,val,3
S36149,248,2,2026-06-10,40,14,0.0029672553408551,0.0,0.405779222581915,val,3
S38010,248,2,2026-06-10,27,25,0.0032962361555096,0.0112544334145713,0.4607709733621856,val,3
S41070,248,2,2026-06-10,53,30,0.0029210768201738,0.0165732959850606,0.4421453662852831,val,3
S04497,248,2,2026-06-10,50,29,0.0029274614186957,0.0,0.391586941039392,val,4
S05666,248,2,2026-06-10,63,25,0.0029223176542467,0.0,0.3958027313923737,val,4
S08637,248,2,2026-06-10,42,20,0.0031993702457627,0.0153477047330601,0.4096838598361145,val,4
S08642,248,2,2026-06-10,50,26,0.0032045834170572,0.0070628193012498,0.4439395569298359,val,4
S09945,248,2,2026-06-10,52,16,0.0030293870537098,0.0066293714502183,0.3936730825827208,val,4
S12351,248,2,2026-06-10,55,18,0.0030455514233718,0.0,0.4095045474128569,val,4
S20799,248,2,2026-06-10,15,24,0.0030156204601421,0.0,0.4040281721766083,val,4
S26740,248,2,2026-06-10,61,21,0.0030460248723857,0.0120028304461333,0.439786505446041,val,4
S26769,248,2,2026-06-10,27,28,0.0030027179407473,0.0078952803062796,0.3970613500157164,val,4
S31280,248,2,2026-06-10,15,19,0.0029991047733748,0.0097678897820404,0.3972890217071425,val,4
S33241,248,2,2026-06-10,19,19,0.0030877518465284,0.0036199424596671,0.4084113558321705,val,4
S36149,248,2,2026-06-10,39,14,0.002963016909252,0.0,0.405779222581915,val,4
S38010,248,2,2026-06-10,28,25,0.0032631465607879,0.0112544334145713,0.4607709733621856,val,4
S41070,248,2,2026-06-10,52,31,0.0029708582055608,0.0165732959850606,0.4421453662852831,val,4
S01849,248,3,2026-06-09,13,22,0.0031074982711168,0.0014776757973354,0.426609517336551,val,1
S01853,248,3,2026-06-09,19,27,0.003072041895593,0.0,0.3943101280589691,val,1
S02163,248,3,2026-06-09,14,21,0.0030540524319954,0.0,0.4221684183828378,val,1
S03814,248,3,2026-06-09,47,23,0.0031062915056435,0.0,0.4073415641758626,val,1
S08081,248,3,2026-06-09,27,20,0.0030312106000911,0.008974723602891,0.3979535820613309,val,1
S08084,248,3,2026-06-09,51,13,0.0031819643771452,0.0082467530928287,0.405933917530433,val,1
S08457,248,3,2026-06-09,26,13,0.003174658547555,0.0083746166548714,0.4350131401045131,val,1
S08460,248,3,2026-06-09,49,12,0.0031303484428583,0.0177809897249492,0.4284394445562374,val,1
S10144,248,3,2026-06-09,59,24,0.0032546259081833,0.0116863267625504,0.4330907934282509,val,1
S11673,248,3,2026-06-09,55,14,0.0032322232159559,0.0,0.4786621243482089,val,1
S15766,248,3,2026-06-09,19,19,0.0031148167845672,0.0037347220187036,0.3894269327839008,val,1
S15767,248,3,2026-06-09,41,15,0.0031342310717624,0.0,0.4058431221102674,val,1
S15769,248,3,2026-06-09,51,30,0.0030846994780731,0.0018787115894202,0.4002154680665322,val,1
S15770,248,3,2026-06-09,53,27,0.003172658137951,0.0055476799089153,0.435160752529588,val,1
S16944,248,3,2026-06-09,44,31,0.0030185040062816,0.0,0.3849744688751955,val,1
S18396,248,3,2026-06-09,23,30,0.0030483290811047,0.0,0.3789873739574186,val,1
S20144,248,3,2026-06-09,16,25,0.0030822518275026,0.0,0.3908418367448441,val,1
S27097,248,3,2026-06-09,36,22,0.0029689197043243,0.0073972093023255,0.4170787316013198,val,1
S31677,248,3,2026-06-09,44,27,0.0030444051034544,0.0,0.4131423634534113,val,1
S36088,248,3,2026-06-09,22,28,0.0031296186768067,0.0,0.4366412522588137,val,1
S38027,248,3,2026-06-09,58,20,0.0032268348919087,0.0054177499441328,0.4726368376204715,val,1
S38820,248,3,2026-06-09,14,25,0.0029471423076465,0.0,0.3957251566540258,val,1
S40554,248,3,2026-06-09,54,23,0.0031330168747518,0.0,0.3936913762612843,val,1
S41431,248,3,2026-06-09,32,22,0.0031530340302728,0.0024505815816852,0.4464764856320447,val,1
S01849,248,3,2026-06-09,15,23,0.0030741190624095,0.0014776757973354,0.426609517336551,val,2
S01853,248,3,2026-06-09,20,27,0.0031154737277417,0.0,0.3943101280589691,val,2
S02163,248,3,2026-06-09,16,21,0.0030841841090645,0.0,0.4221684183828378,val,2
S03814,248,3,2026-06-09,49,23,0.0030721321766705,0.0,0.4073415641758626,val,2
S08081,248,3,2026-06-09,25,20,0.0030880830362812,0.008974723602891,0.3979535820613309,val,2
S08084,248,3,2026-06-09,54,14,0.0031627301877338,0.0082467530928287,0.405933917530433,val,2
S08457,248,3,2026-06-09,24,13,0.0031542231327394,0.0083746166548714,0.4350131401045131,val,2
S08460,248,3,2026-06-09,53,13,0.0032265409067807,0.0177809897249492,0.4284394445562374,val,2
S10144,248,3,2026-06-09,57,24,0.0032468631933381,0.0116863267625504,0.4330907934282509,val,2
S11673,248,3,2026-06-09,53,14,0.0031764293036968,0.0,0.4786621243482089,val,2
S15766,248,3,2026-06-09,21,19,0.0031404590341642,0.0037347220187036,0.3894269327839008,val,2
S15767,248,3,2026-06-09,43,15,0.0030470495748557,0.0,0.4058431221102674,val,2
S15769,248,3,2026-06-09,50,30,0.0030612379628446,0.0018787115894202,0.4002154680665322,val,2
S15770,248,3,2026-06-09,54,27,0.0031277743072815,0.0055476799089153,0.435160752529588,val,2
S16944,248,3,2026-06-09,45,31,0.002976452231083,0.0,0.3849744688751955,val,2
S18396,248,3,2026-06-09,24,30,0.003006199808473,0.0,0.3789873739574186,val,2
S20144,248,3,2026-06-09,17,25,0.0031108000057666,0.0,0.3908418367448441,val,2
S27097,248,3,2026-06-09,34,22,0.0031116129945673,0.0073972093023255,0.4170787316013198,val,2
S31677,248,3,2026-06-09,45,27,0.0031007489623927,0.0,0.4131423634534113,val,2
S36088,248,3,2026-06-09,21,28,0.0030660702185149,0.0,0.4366412522588137,val,2
S38027,248,3,2026-06-09,56,20,0.0031976186429992,0.0054177499441328,0.4726368376204715,val,2
S38820,248,3,2026-06-09,16,26,0.0030031671315856,0.0,0.3957251566540258,val,2
S40554,248,3,2026-06-09,56,23,0.0031686365008105,0.0,0.3936913762612843,val,2
S41431,248,3,2026-06-09,30,22,0.0031335020017501,0.0024505815816852,0.4464764856320447,val,2
S01849,248,3,2026-06-09,18,22,0.0030620394507831,0.0014776757973354,0.426609517336551,val,3
S01853,248,3,2026-06-09,17,26,0.0030891339043394,0.0,0.3943101280589691,val,3
S02163,248,3,2026-06-09,15,20,0.0030758126883758,0.0,0.4221684183828378,val,3
S03814,248,3,2026-06-09,43,23,0.0029667685918537,0.0,0.4073415641758626,val,3
S08081,248,3,2026-06-09,31,20,0.0030907708377547,0.008974723602891,0.3979535820613309,val,3
S08084,248,3,2026-06-09,47,13,0.0031733704059918,0.0082467530928287,0.405933917530433,val,3
S08457,248,3,2026-06-09,31,12,0.0031189623295737,0.0083746166548714,0.4350131401045131,val,3
S08460,248,3,2026-06-09,38,11,0.0030106231390471,0.0177809897249492,0.4284394445562374,val,3
S10144,248,3,2026-06-09,63,24,0.0031721712468655,0.0116863267625504,0.4330907934282509,val,3
S11673,248,3,2026-06-09,48,13,0.0031468222598623,0.0,0.4786621243482089,val,3
S15766,248,3,2026-06-09,14,19,0.0030733713127462,0.0037347220187036,0.3894269327839008,val,3
S15767,248,3,2026-06-09,37,15,0.0028614133103746,0.0,0.4058431221102674,val,3
S15769,248,3,2026-06-09,56,29,0.0028730408363498,0.0018787115894202,0.4002154680665322,val,3
S15770,248,3,2026-06-09,51,27,0.0031651740709024,0.0055476799089153,0.435160752529588,val,3
S16944,248,3,2026-06-09,42,31,0.0027613760933344,0.0,0.3849744688751955,val,3
S18396,248,3,2026-06-09,21,29,0.0030738078050513,0.0,0.3789873739574186,val,3
S20144,248,3,2026-06-09,14,24,0.003040773014544,0.0,0.3908418367448441,val,3
S27097,248,3,2026-06-09,41,22,0.0029824338595523,0.0073972093023255,0.4170787316013198,val,3
S31677,248,3,2026-06-09,42,27,0.0031134134652473,0.0,0.4131423634534113,val,3
S36088,248,3,2026-06-09,24,28,0.0031707535576771,0.0,0.4366412522588137,val,3
S38027,248,3,2026-06-09,62,20,0.0032033369268182,0.0054177499441328,0.4726368376204715,val,3
S38820,248,3,2026-06-09,19,15,0.0031375859616672,0.0,0.3957251566540258,val,3
S40554,248,3,2026-06-09,50,23,0.0031113707235849,0.0,0.3936913762612843,val,3
S41431,248,3,2026-06-09,37,22,0.0028388753665408,0.0024505815816852,0.4464764856320447,val,3
S01849,248,3,2026-06-09,16,22,0.0031050583626211,0.0014776757973354,0.426609517336551,val,4
S01853,248,3,2026-06-09,18,27,0.0030868108031015,0.0,0.3943101280589691,val,4
S02163,248,3,2026-06-09,13,20,0.0030517002877266,0.0,0.4221684183828378,val,4
S03814,248,3,2026-06-09,45,23,0.0030573649728442,0.0,0.4073415641758626,val,4
S08081,248,3,2026-06-09,29,20,0.0031509074233375,0.008974723602891,0.3979535820613309,val,4
S08084,248,3,2026-06-09,49,13,0.0032064115067903,0.0082467530928287,0.405933917530433,val,4
S08457,248,3,2026-06-09,29,12,0.003198950224163,0.0083746166548714,0.4350131401045131,val,4
S08460,248,3,2026-06-09,51,12,0.0029850567172936,0.0177809897249492,0.4284394445562374,val,4
S10144,248,3,2026-06-09,61,24,0.0031848925526141,0.0116863267625504,0.4330907934282509,val,4
S11673,248,3,2026-06-09,50,13,0.0031539096597431,0.0,0.4786621243482089,val,4
S15766,248,3,2026-06-09,17,19,0.0030909005855175,0.0037347220187036,0.3894269327839008,val,4
S15767,248,3,2026-06-09,39,15,0.0031575021944032,0.0,0.4058431221102674,val,4
S15769,248,3,2026-06-09,52,30,0.003088803082575,0.0018787115894202,0.4002154680665322,val,4
S15770,248,3,2026-06-09,52,27,0.0031394664018837,0.0055476799089153,0.435160752529588,val,4
S16944,248,3,2026-06-09,43,31,0.0030670280581134,0.0,0.3849744688751955,val,4
S18396,248,3,2026-06-09,22,29,0.0030761222643698,0.0,0.3789873739574186,val,4
S20144,248,3,2026-06-09,15,25,0.0030590710988671,0.0,0.3908418367448441,val,4
S27097,248,3,2026-06-09,38,22,0.0027682521078432,0.0073972093023255,0.4170787316013198,val,4
S31677,248,3,2026-06-09,43,27,0.0030168404136717,0.0,0.4131423634534113,val,4
S36088,248,3,2026-06-09,23,28,0.0031250628297872,0.0,0.4366412522588137,val,4
S38027,248,3,2026-06-09,60,20,0.003211054647268,0.0054177499441328,0.4726368376204715,val,4
S38820,248,3,2026-06-09,16,17,0.0030474324355857,0.0,0.3957251566540258,val,4
S40554,248,3,2026-06-09,52,23,0.0030977227492859,0.0,0.3936913762612843,val,4
S41431,248,3,2026-06-09,35,22,0.0030714010613231,0.0024505815816852,0.4464764856320447,val,4
S02460,248,4,2026-06-10,49,18,0.0029837371352626,0.0,0.4656434778330924,val,1
S07835,248,4,2026-06-10,39,21,0.0029820820349444,0.0123888400730368,0.4509256102125813,val,1
S08640,248,4,2026-06-10,51,13,0.0030880589992837,0.0047592371814207,0.4422092017502577,val,1
S20442,248,4,2026-06-10,46,20,0.0029485536815236,0.0,0.3829312697109537,val,1
S20560,248,4,2026-06-10,45,31,0.0030532461155217,0.0,0.3715241905780535,val,1
S21510,248,4,2026-06-10,17,17,0.0031105445823405,0.0,0.4141324692585626,val,1
S21515,248,4,2026-06-10,54,20,0.0031028316245807,0.0,0.4639038912474427,val,1
S22089,248,4,2026-06-10,21,18,0.003053503530896,0.0,0.4709482549060006,val,1
S25517,248,4,2026-06-10,33,31,0.0029103152659409,0.0,0.4141408174526356,val,1
S28993,248,4,2026-06-10,13,21,0.0030924840298408,0.0,0.4193636990639643,val,1
S32553,248,4,2026-06-10,41,31,0.0027766850218563,0.0027393334104976,0.4076305699820968,val,1
S32559,248,4,2026-06-10,41,23,0.0029737244894636,0.0,0.4037078775315443,val,1
S33236,248,4,2026-06-10,48,19,0.0029946318523254,0.0017792001832898,0.4014996928250862,val,1
S34093,248,4,2026-06-10,40,12,0.0028817165535888,0.0,0.4066765202421744,val,1
S34105,248,4,2026-06-10,23,29,0.0030611263450981,0.0,0.3991973644771219,val,1
S02460,248,4,2026-06-10,48,18,0.003060153008404,0.0,0.4656434778330924,val,2
S07835,248,4,2026-06-10,40,21,0.0027780478025283,0.0123888400730368,0.4509256102125813,val,2
S08640,248,4,2026-06-10,52,13,0.0029901760625986,0.0047592371814207,0.4422092017502577,val,2
S20442,248,4,2026-06-10,45,20,0.0029320991866612,0.0,0.3829312697109537,val,2
S20560,248,4,2026-06-10,46,31,0.0029639311612803,0.0,0.3715241905780535,val,2
S21510,248,4,2026-06-10,18,17,0.0030310923172245,0.0,0.4141324692585626,val,2
S21515,248,4,2026-06-10,53,20,0.002884895505499,0.0,0.4639038912474427,val,2
S22089,248,4,2026-06-10,20,18,0.0029765539013637,0.0,0.4709482549060006,val,2
S25517,248,4,2026-06-10,34,31,0.0028701615082895,0.0,0.4141408174526356,val,2
S28993,248,4,2026-06-10,14,21,0.0031334814866502,0.0,0.4193636990639643,val,2
S32553,248,4,2026-06-10,42,31,0.002704122610645,0.0027393334104976,0.4076305699820968,val,2
S32559,248,4,2026-06-10,42,23,0.0028606030520312,0.0,0.4037078775315443,val,2
S33236,248,4,2026-06-10,49,19,0.0029890461165508,0.0017792001832898,0.4014996928250862,val,2
S34093,248,4,2026-06-10,39,12,0.0028157559879529,0.0,0.4066765202421744,val,2
S34105,248,4,2026-06-10,24,29,0.0030224735482344,0.0,0.3991973644771219,val,2
S02460,248,4,2026-06-10,51,18,0.0030067829889492,0.0,0.4656434778330924,val,3
S07835,248,4,2026-06-10,37,21,0.0030432451931539,0.0123888400730368,0.4509256102125813,val,3
S08640,248,4,2026-06-10,49,13,0.0029851028540619,0.0047592371814207,0.4422092017502577,val,3
S20442,248,4,2026-06-10,48,20,0.0029435418646612,0.0,0.3829312697109537,val,3
S20560,248,4,2026-06-10,43,31,0.0028786054217185,0.0,0.3715241905780535,val,3
S21510,248,4,2026-06-10,19,16,0.0030039171042536,0.0,0.4141324692585626,val,3
S21515,248,4,2026-06-10,56,20,0.0029415206042905,0.0,0.4639038912474427,val,3
S22089,248,4,2026-06-10,23,18,0.0030572588192719,0.0,0.4709482549060006,val,3
S25517,248,4,2026-06-10,27,30,0.0030632315393608,0.0,0.4141408174526356,val,3
S28993,248,4,2026-06-10,14,20,0.0031377501555665,0.0,0.4193636990639643,val,3
S32553,248,4,2026-06-10,39,31,0.0028038226346516,0.0027393334104976,0.4076305699820968,val,3
S32559,248,4,2026-06-10,39,23,0.0029699488718536,0.0,0.4037078775315443,val,3
S33236,248,4,2026-06-10,46,19,0.0029973873160084,0.0017792001832898,0.4014996928250862,val,3
S34093,248,4,2026-06-10,42,12,0.0028055397732121,0.0,0.4066765202421744,val,3
S34105,248,4,2026-06-10,22,28,0.0030070074642936,0.0,0.3991973644771219,val,3
S02460,248,4,2026-06-10,50,18,0.0029383009144663,0.0,0.4656434778330924,val,4
S07835,248,4,2026-06-10,38,21,0.0030637422835179,0.0123888400730368,0.4509256102125813,val,4
S08640,248,4,2026-06-10,50,13,0.0029598649709768,0.0047592371814207,0.4422092017502577,val,4
S20442,248,4,2026-06-10,47,20,0.0029706568503525,0.0,0.3829312697109537,val,4
S20560,248,4,2026-06-10,44,31,0.0029732004381281,0.0,0.3715241905780535,val,4
S21510,248,4,2026-06-10,18,16,0.0030904525554796,0.0,0.4141324692585626,val,4
S21515,248,4,2026-06-10,55,20,0.0030271025931575,0.0,0.4639038912474427,val,4
S22089,248,4,2026-06-10,22,18,0.003078940545995,0.0,0.4709482549060006,val,4
S25517,248,4,2026-06-10,32,31,0.0029073634835085,0.0,0.4141408174526356,val,4
S28993,248,4,2026-06-10,13,20,0.0028777585062177,0.0,0.4193636990639643,val,4
S32553,248,4,2026-06-10,40,31,0.0028688780462357,0.0027393334104976,0.4076305699820968,val,4
S32559,248,4,2026-06-10,40,23,0.0029375882021299,0.0,0.4037078775315443,val,4
S33236,248,4,2026-06-10,47,19,0.0029821730795816,0.0017792001832898,0.4014996928250862,val,4
S34093,248,4,2026-06-10,41,12,0.0027963250830707,0.0,0.4066765202421744,val,4
S34105,248,4,2026-06-10,21,28,0.0031451014700933,0.0,0.3991973644771219,val,4
S03417,248,5,2026-06-09,31,21,0.0030851201545106,0.0121115751444646,0.4363996354200643,val,1
S03436,248,5,2026-06-09,42,14,0.0031182059040266,0.0030537352958344,0.4301697033901496,val,1
S05656,248,5,2026-06-09,57,20,0.0031210303937142,0.0068966713500199,0.4414563481195555,val,1
S06944,248,5,2026-06-09,24,24,0.0030726591558398,0.0022582389371282,0.41490889367399,val,1
S08613,248,5,2026-06-09,44,21,0.0028036473122985,0.0,0.3861158604840426,val,1
S09922,248,5,2026-06-09,60,27,0.0030490876896374,0.0131534721725989,0.4155390578292475,val,1
S13456,248,5,2026-06-09,23,30,0.0029899285214637,0.0018500733328866,0.432015153055425,val,1
S14475,248,5,2026-06-09,42,30,0.0030117231686755,0.0,0.4196612719963186,val,1
S14476,248,5,2026-06-09,23,20,0.003062376511675,0.0,0.4177781794178268,val,1
S22079,248,5,2026-06-09,50,24,0.0031301507329505,0.0,0.4546086323958904,val,1
S22086,248,5,2026-06-09,43,14,0.0031344875956651,0.0,0.4159675941606184,val,1
S22355,248,5,2026-06-09,47,29,0.0030934901640421,0.0,0.4157042777673276,val,1
S23753,248,5,2026-06-09,59,18,0.0031178175601345,0.0,0.4211635596094819,val,1
S26741,248,5,2026-06-09,19,17,0.003070106857018,0.0249682245432121,0.4154673640155306,val,1
S29084,248,5,2026-06-09,35,14,0.0031282648639925,0.0,0.4272130040806464,val,1
S30134,248,5,2026-06-09,59,27,0.003136834251244,0.0,0.4201263380930639,val,1
S32999,248,5,2026-06-09,56,16,0.0032053599883352,0.0,0.4275044170653932,val,1
S33230,248,5,2026-06-09,49,17,0.0030684275271531,0.0017865102301974,0.3968347706062463,val,1
S34960,248,5,2026-06-09,19,27,0.0028430924130102,0.0,0.4203873705163302,val,1
S35050,248,5,2026-06-09,49,26,0.0030267425006049,0.0,0.3867882389525674,val,1
S35921,248,5,2026-06-09,33,30,0.0030366770305402,0.0020146987883431,0.42086357465367,val,1
S38941,248,5,2026-06-09,38,32,0.0028237594617609,0.0,0.3928475725688998,val,1
S03417,248,5,2026-06-09,33,21,0.002949924484558,0.0121115751444646,0.4363996354200643,val,2
S03436,248,5,2026-06-09,40,14,0.0031202641059887,0.0030537352958344,0.4301697033901496,val,2
S05656,248,5,2026-06-09,55,20,0.0031274608770153,0.0068966713500199,0.4414563481195555,val,2
S06944,248,5,2026-06-09,22,24,0.0030967074733519,0.0022582389371282,0.41490889367399,val,2
S08613,248,5,2026-06-09,46,21,0.0027039833320786,0.0,0.3861158604840426,val,2
S09922,248,5,2026-06-09,58,28,0.0031318309089673,0.0131534721725989,0.4155390578292475,val,2
S13456,248,5,2026-06-09,25,30,0.0027346991443265,0.0018500733328866,0.432015153055425,val,2
S14475,248,5,2026-06-09,40,30,0.003108551581512,0.0,0.4196612719963186,val,2
S14476,248,5,2026-06-09,21,20,0.0030521357717579,0.0,0.4177781794178268,val,2
S22079,248,5,2026-06-09,48,24,0.0030193302907549,0.0,0.4546086323958904,val,2
S22086,248,5,2026-06-09,41,14,0.0030712711176224,0.0,0.4159675941606184,val,2
S22355,248,5,2026-06-09,49,29,0.003034122972203,0.0,0.4157042777673276,val,2
S23753,248,5,2026-06-09,57,18,0.003155441305047,0.0,0.4211635596094819,val,2
S26741,248,5,2026-06-09,21,17,0.0031868486231974,0.0249682245432121,0.4154673640155306,val,2
S29084,248,5,2026-06-09,33,14,0.0031666403158283,0.0,0.4272130040806464,val,2
S30134,248,5,2026-06-09,61,27,0.0030122763613557,0.0,0.4201263380930639,val,2
S32999,248,5,2026-06-09,54,16,0.0032122913511579,0.0,0.4275044170653932,val,2
S33230,248,5,2026-06-09,51,17,0.0031699652585587,0.0017865102301974,0.3968347706062463,val,2
S34960,248,5,2026-06-09,21,27,0.0030744954561168,0.0,0.4203873705163302,val,2
S35050,248,5,2026-06-09,47,26,0.0029978202709959,0.0,0.3867882389525674,val,2
S35921,248,5,2026-06-09,31,30,0.0031368047267752,0.0020146987883431,0.42086357465367,val,2
S38941,248,5,2026-06-10,49,12,0.0024342528748471,0.0,0.3928475725688998,val,2
S03417,248,5,2026-06-09,29,21,0.0031117846749552,0.0121115751444646,0.4363996354200643,val,3
S03436,248,5,2026-06-09,46,14,0.0031703608874123,0.0030537352958344,0.4301697033901496,val,3
S05656,248,5,2026-06-09,61,20,0.003144323019931,0.0068966713500199,0.4414563481195555,val,3
S06944,248,5,2026-06-09,28,24,0.0030319845454302,0.0022582389371282,0.41490889367399,val,3
S08613,248,5,2026-06-09,40,21,0.0028663677537507,0.0,0.3861158604840426,val,3
S09922,248,5,2026-06-09,56,27,0.0031106399459309,0.0131534721725989,0.4155390578292475,val,3
S13456,248,5,2026-06-09,18,28,0.002636254178715,0.0018500733328866,0.432015153055425,val,3
S14475,248,5,2026-06-09,46,30,0.003052979454275,0.0,0.4196612719963186,val,3
S14476,248,5,2026-06-09,27,20,0.0030415860578324,0.0,0.4177781794178268,val,3
S22079,248,5,2026-06-09,54,24,0.0031057209075723,0.0,0.4546086323958904,val,3
S22086,248,5,2026-06-09,47,14,0.003258360005199,0.0,0.4159675941606184,val,3
S22355,248,5,2026-06-09,43,29,0.0030187365811649,0.0,0.4157042777673276,val,3
S23753,248,5,2026-06-09,62,17,0.00316673932808,0.0,0.4211635596094819,val,3
S26741,248,5,2026-06-09,19,16,0.0030281143499035,0.0249682245432121,0.4154673640155306,val,3
S29084,248,5,2026-06-09,39,14,0.0030671628655971,0.0,0.4272130040806464,val,3
S30134,248,5,2026-06-09,55,27,0.0030801821116639,0.0,0.4201263380930639,val,3
S32999,248,5,2026-06-09,60,16,0.0031926896811135,0.0,0.4275044170653932,val,3
S33230,248,5,2026-06-09,45,17,0.002590909176217,0.0017865102301974,0.3968347706062463,val,3
S34960,248,5,2026-06-09,20,26,0.0030245765327641,0.0,0.4203873705163302,val,3
S35050,248,5,2026-06-09,53,26,0.0030837134623396,0.0,0.3867882389525674,val,3
S35921,248,5,2026-06-09,37,30,0.003105836862813,0.0020146987883431,0.42086357465367,val,3
S38941,248,5,2026-06-09,53,31,0.0030180427981212,0.0,0.3928475725688998,val,3
S03417,248,5,2026-06-09,30,21,0.0030467330717922,0.0121115751444646,0.4363996354200643,val,4
S03436,248,5,2026-06-09,44,14,0.0031511398459483,0.0030537352958344,0.4301697033901496,val,4
S05656,248,5,2026-06-09,59,20,0.003079053021588,0.0068966713500199,0.4414563481195555,val,4
S06944,248,5,2026-06-09,26,24,0.0030244753919487,0.0022582389371282,0.41490889367399,val,4
S08613,248,5,2026-06-09,42,21,0.0028563947251586,0.0,0.3861158604840426,val,4
S09922,248,5,2026-06-09,58,27,0.0030953923937711,0.0131534721725989,0.4155390578292475,val,4
S13456,248,5,2026-06-09,21,29,0.0030083170590553,0.0018500733328866,0.432015153055425,val,4
S14475,248,5,2026-06-09,44,30,0.0030768663311507,0.0,0.4196612719963186,val,4
S14476,248,5,2026-06-09,25,20,0.0030116809218778,0.0,0.4177781794178268,val,4
S22079,248,5,2026-06-09,52,24,0.0030988779558911,0.0,0.4546086323958904,val,4
S22086,248,5,2026-06-09,45,14,0.0031161746967253,0.0,0.4159675941606184,val,4
S22355,248,5,2026-06-09,45,29,0.0030804248956144,0.0,0.4157042777673276,val,4
S23753,248,5,2026-06-09,62,18,0.0031040514344622,0.0,0.4211635596094819,val,4
S26741,248,5,2026-06-09,17,17,0.0029709087960665,0.0249682245432121,0.4154673640155306,val,4
S29084,248,5,2026-06-09,37,14,0.003088481041116,0.0,0.4272130040806464,val,4
S30134,248,5,2026-06-09,57,27,0.0030889544484994,0.0,0.4201263380930639,val,4
S32999,248,5,2026-06-09,58,16,0.0031123470468556,0.0,0.4275044170653932,val,4
S33230,248,5,2026-06-09,47,17,0.0030419236249896,0.0017865102301974,0.3968347706062463,val,4
S34960,248,5,2026-06-09,17,26,0.0030594471625357,0.0,0.4203873705163302,val,4
S35050,248,5,2026-06-09,51,26,0.003040357719297,0.0,0.3867882389525674,val,4
S35921,248,5,2026-06-09,35,30,0.0029805400457991,0.0020146987883431,0.42086357465367,val,4
S38941,248,5,2026-06-09,42,32,0.002807417740236,0.0,0.3928475725688998,val,4
S00338,248,6,2026-06-10,47,29,0.0031651248097527,0.0,0.4888648563469962,val,1
S02295,248,6,2026-06-10,60,21,0.00325324682983,0.0056698267109301,0.4558486180896254,val,1
S03419,248,6,2026-06-10,37,19,0.0030262567432152,0.0029933177343535,0.3879122343675945,val,1
S08624,248,6,2026-06-10,55,28,0.0031566501321903,0.0,0.4672131193496566,val,1
S09917,248,6,2026-06-10,32,16,0.0032025886449829,0.0066591098498551,0.4775339773076582,val,1
S10802,248,6,2026-06-10,49,27,0.0031795219815055,0.0125982256020278,0.4431476473775503,val,1
S11544,248,6,2026-06-10,34,30,0.0032103983668602,0.0,0.4749599737979923,val,1
S14479,248,6,2026-06-10,23,29,0.002723727237729,0.0,0.3823664269245552,val,1
S17791,248,6,2026-06-10,51,25,0.0032155396897892,0.0241711285590519,0.4370261598952896,val,1
S21005,248,6,2026-06-10,53,30,0.0031665977700567,0.0112787926926131,0.4898728609637239,val,1
S23757,248,6,2026-06-10,60,18,0.0032393840152537,0.0,0.4548482403389478,val,1
S24497,248,6,2026-06-10,27,18,0.0031609333079808,0.0,0.460783502544156,val,1
S26750,248,6,2026-06-10,59,16,0.0032162609700183,0.0085854809374683,0.4703821324507953,val,1
S26754,248,6,2026-06-10,24,25,0.0030900195033065,0.0096793354951165,0.4052726065512564,val,1
S26755,248,6,2026-06-10,42,14,0.0026359082177309,0.0,0.4555288285062859,val,1
S35927,248,6,2026-06-10,41,13,0.00317730218586,0.0,0.4422655953437297,val,1
S37033,248,6,2026-06-10,15,23,0.0030774253062338,0.0,0.4543417836727363,val,1
S38998,248,6,2026-06-10,60,22,0.0032611037566633,0.0,0.4175783392031311,val,1
S39944,248,6,2026-06-10,26,24,0.0031802437371079,0.005729370806723,0.4231606289411944,val,1
S39947,248,6,2026-06-10,46,20,0.0022144940057375,0.0019319052005955,0.4004916559222851,val,1
S39965,248,6,2026-06-10,58,25,0.0031809919049608,0.0196316595072334,0.424949507080463,val,1
S00338,248,6,2026-06-10,49,29,0.0031999439420328,0.0,0.4888648563469962,val,2
S02295,248,6,2026-06-10,62,21,0.0032605473833143,0.0056698267109301,0.4558486180896254,val,2
S03419,248,6,2026-06-10,39,19,0.0024694102188058,0.0029933177343535,0.3879122343675945,val,2
S08624,248,6,2026-06-10,53,28,0.0031279767614202,0.0,0.4672131193496566,val,2
S09917,248,6,2026-06-10,30,16,0.003147830067575,0.0066591098498551,0.4775339773076582,val,2
S10802,248,6,2026-06-10,51,27,0.0032002914674258,0.0125982256020278,0.4431476473775503,val,2
S11544,248,6,2026-06-10,31,30,0.0032013113800328,0.0,0.4749599737979923,val,2
S14479,248,6,2026-06-10,26,29,0.003127911606869,0.0,0.3823664269245552,val,2
S17791,248,6,2026-06-10,53,25,0.0032307583800669,0.0241711285590519,0.4370261598952896,val,2
S21005,248,6,2026-06-10,53,31,0.0032208507304496,0.0112787926926131,0.4898728609637239,val,2
S23757,248,6,2026-06-10,58,18,0.0031985476559175,0.0,0.4548482403389478,val,2
S24497,248,6,2026-06-10,25,18,0.003138678295779,0.0,0.460783502544156,val,2
S26750,248,6,2026-06-10,57,16,0.0031862527028289,0.0085854809374683,0.4703821324507953,val,2
S26754,248,6,2026-06-10,26,25,0.0031915160375874,0.0096793354951165,0.4052726065512564,val,2
S26755,248,6,2026-06-10,40,14,0.0031431683385063,0.0,0.4555288285062859,val,2
S35927,248,6,2026-06-10,43,13,0.0031635922743958,0.0,0.4422655953437297,val,2
S37033,248,6,2026-06-10,17,23,0.0031081492102208,0.0,0.4543417836727363,val,2
S38998,248,6,2026-06-10,58,22,0.0032468772437604,0.0,0.4175783392031311,val,2
S39944,248,6,2026-06-10,24,24,0.0031439615629159,0.005729370806723,0.4231606289411944,val,2
S39947,248,6,2026-06-10,44,20,0.0021599881721799,0.0019319052005955,0.4004916559222851,val,2
S39965,248,6,2026-06-10,60,25,0.0031892598947285,0.0196316595072334,0.424949507080463,val,2
S00338,248,6,2026-06-10,43,29,0.0031848476001116,0.0,0.4888648563469962,val,3
S02295,248,6,2026-06-10,56,21,0.0031744396283156,0.0056698267109301,0.4558486180896254,val,3
S03419,248,6,2026-06-10,33,19,0.0030763732394361,0.0029933177343535,0.3879122343675945,val,3
S08624,248,6,2026-06-10,61,27,0.0032219328459071,0.0,0.4672131193496566,val,3
S09917,248,6,2026-06-10,36,16,0.0032410910759271,0.0066591098498551,0.4775339773076582,val,3
S10802,248,6,2026-06-10,45,27,0.0031155726267714,0.0125982256020278,0.4431476473775503,val,3
S11544,248,6,2026-06-10,38,30,0.0026983220038705,0.0,0.4749599737979923,val,3
S14479,248,6,2026-06-10,23,28,0.0032150209673335,0.0,0.3823664269245552,val,3
S17791,248,6,2026-06-10,46,25,0.0032151385590493,0.0241711285590519,0.4370261598952896,val,3
S21005,248,6,2026-06-10,58,29,0.0031569750069315,0.0112787926926131,0.4898728609637239,val,3
S23757,248,6,2026-06-10,64,18,0.0031961280268638,0.0,0.4548482403389478,val,3
S24497,248,6,2026-06-10,31,18,0.0031380091379982,0.0,0.460783502544156,val,3
S26750,248,6,2026-06-10,57,15,0.0031999669763605,0.0085854809374683,0.4703821324507953,val,3
S26754,248,6,2026-06-10,20,25,0.0031883615603826,0.0096793354951165,0.4052726065512564,val,3
S26755,248,6,2026-06-10,47,14,0.0031250450107321,0.0,0.4555288285062859,val,3
S35927,248,6,2026-06-10,37,13,0.003106952806338,0.0,0.4422655953437297,val,3
S37033,248,6,2026-06-10,19,22,0.0030958385055236,0.0,0.4543417836727363,val,3
S38998,248,6,2026-06-10,64,22,0.003215841413529,0.0,0.4175783392031311,val,3
S39944,248,6,2026-06-10,30,24,0.0031742071706099,0.005729370806723,0.4231606289411944,val,3
S39947,248,6,2026-06-10,50,20,0.0030017223745409,0.0019319052005955,0.4004916559222851,val,3
S39965,248,6,2026-06-10,54,25,0.0032394893831653,0.0196316595072334,0.424949507080463,val,3
S00338,248,6,2026-06-10,45,29,0.0031683510134297,0.0,0.4888648563469962,val,4
S02295,248,6,2026-06-10,58,21,0.0032763892038448,0.0056698267109301,0.4558486180896254,val,4
S03419,248,6,2026-06-10,35,19,0.00307773710456,0.0029933177343535,0.3879122343675945,val,4
S08624,248,6,2026-06-10,57,28,0.0032375615867216,0.0,0.4672131193496566,val,4
S09917,248,6,2026-06-10,34,16,0.0031545090228106,0.0066591098498551,0.4775339773076582,val,4
S10802,248,6,2026-06-10,47,27,0.0031576351017893,0.0125982256020278,0.4431476473775503,val,4
S11544,248,6,2026-06-10,36,30,0.0031742335129519,0.0,0.4749599737979923,val,4
S14479,248,6,2026-06-10,21,28,0.0031508416965698,0.0,0.3823664269245552,val,4
S17791,248,6,2026-06-10,48,25,0.0031856647721352,0.0241711285590519,0.4370261598952896,val,4
S21005,248,6,2026-06-10,55,30,0.0032450723626098,0.0112787926926131,0.4898728609637239,val,4
S23757,248,6,2026-06-10,62,18,0.0032371427745498,0.0,0.4548482403389478,val,4
S24497,248,6,2026-06-10,29,18,0.0031834387841316,0.0,0.460783502544156,val,4
S26750,248,6,2026-06-10,61,16,0.0031973764428835,0.0085854809374683,0.4703821324507953,val,4
S26754,248,6,2026-06-10,22,25,0.003111867063974,0.0096793354951165,0.4052726065512564,val,4
S26755,248,6,2026-06-10,44,14,0.0031485742772778,0.0,0.4555288285062859,val,4
S35927,248,6,2026-06-10,39,13,0.0031609719331572,0.0,0.4422655953437297,val,4
S37033,248,6,2026-06-10,16,22,0.003071615881508,0.0,0.4543417836727363,val,4
S38998,248,6,2026-06-10,62,22,0.0032625472683062,0.0,0.4175783392031311,val,4
S39944,248,6,2026-06-10,28,24,0.0031369412638429,0.005729370806723,0.4231606289411944,val,4
S39947,248,6,2026-06-10,48,20,0.0030422143586384,0.0019319052005955,0.4004916559222851,val,4
S39965,248,6,2026-06-10,56,25,0.0031630509335944,0.0196316595072334,0.424949507080463,val,4
S00330,248,7,2026-06-10,40,25,0.0018918042576798,0.0022366834080394,0.3916821587834936,val,1
S01224,248,7,2026-06-10,26,18,0.002710699360526,0.0145495210660671,0.4319285887260564,val,1
S03415,248,7,2026-06-10,28,25,0.0028695051884996,0.0044900982943047,0.4424662757638654,val,1
S03422,248,7,2026-06-10,19,17,0.0030875444484851,0.0028444047639487,0.4158963586333333,val,1
S04455,248,7,2026-06-10,45,11,0.0033258318663293,0.0,0.5124081098017311,val,1
S05648,248,7,2026-06-10,28,13,0.0032183942539786,0.0051127479219817,0.402122229253089,val,1
S09926,248,7,2026-06-10,38,12,0.0031182099533008,0.0091332472251099,0.3625769779067166,val,1
S11023,248,7,2026-06-10,54,30,0.0033142887678873,0.0156930624148715,0.4745060507741592,val,1
S12335,248,7,2026-06-10,23,26,0.0030967623709668,0.0,0.4099778720120046,val,1
S17656,248,7,2026-06-10,38,11,0.0033032915310224,0.0122567340604205,0.4464696167325057,val,1
S21269,248,7,2026-06-10,27,30,0.0031950516300448,0.0,0.459105623891249,val,1
S21270,248,7,2026-06-10,53,14,0.0032139315293927,0.0037506603275224,0.4339994107107101,val,1
S21505,248,7,2026-06-10,17,18,0.0029644429848778,0.0,0.4705309589447857,val,1
S22988,248,7,2026-06-10,63,20,0.003231793240947,0.0,0.4387504483169155,val,1
S26238,248,7,2026-06-10,54,17,0.0031305213972654,0.0,0.4397073707117282,val,1
S29625,248,7,2026-06-10,26,24,0.0029132929399587,0.0,0.4520924251592844,val,1
S30132,248,7,2026-06-10,59,25,0.0032101396288903,0.0,0.444574980839673,val,1
S31264,248,7,2026-06-10,31,16,0.0028561433889957,0.0078114440012196,0.3398892100473599,val,1
S32662,248,7,2026-06-10,32,32,0.0032767397543241,0.0,0.4756066844573235,val,1
S35930,248,7,2026-06-10,60,27,0.0032681536372002,0.0,0.5067534794423468,val,1
S37803,248,7,2026-06-10,14,25,0.0031283487985873,0.0,0.4958063025437252,val,1
S00330,248,7,2026-06-10,53,25,0.0030324427284532,0.0022366834080394,0.3916821587834936,val,2
S01224,248,7,2026-06-10,23,18,0.0029315075662526,0.0145495210660671,0.4319285887260564,val,2
S03415,248,7,2026-06-10,51,25,0.0029352361658058,0.0044900982943047,0.4424662757638654,val,2
S03422,248,7,2026-06-10,22,17,0.0030116078357715,0.0028444047639487,0.4158963586333333,val,2
S04455,248,7,2026-06-10,43,11,0.0032695700711332,0.0,0.5124081098017311,val,2
S05648,248,7,2026-06-10,30,13,0.0031397281275098,0.0051127479219817,0.402122229253089,val,2
S09926,248,7,2026-06-10,36,12,0.0031816309230383,0.0091332472251099,0.3625769779067166,val,2
S11023,248,7,2026-06-10,52,31,0.003358900338649,0.0156930624148715,0.4745060507741592,val,2
S12335,248,7,2026-06-10,21,26,0.0030291621381022,0.0,0.4099778720120046,val,2
S17656,248,7,2026-06-10,40,11,0.0032311021635885,0.0122567340604205,0.4464696167325057,val,2
S21269,248,7,2026-06-10,33,31,0.0031846771756971,0.0,0.459105623891249,val,2
S21270,248,7,2026-06-10,51,14,0.0032189544504434,0.0037506603275224,0.4339994107107101,val,2
S21505,248,7,2026-06-10,14,19,0.0029105092078937,0.0,0.4705309589447857,val,2
S22988,248,7,2026-06-10,59,20,0.0031651528962874,0.0,0.4387504483169155,val,2
S26238,248,7,2026-06-10,56,17,0.0031902311629644,0.0,0.4397073707117282,val,2
S29625,248,7,2026-06-10,22,24,0.0029037539017013,0.0,0.4520924251592844,val,2
S30132,248,7,2026-06-10,62,25,0.0031202279667666,0.0,0.444574980839673,val,2
S31264,248,7,2026-06-10,29,16,0.0028974637770082,0.0078114440012196,0.3398892100473599,val,2
S32662,248,7,2026-06-10,35,32,0.0033127914202192,0.0,0.4756066844573235,val,2
S35930,248,7,2026-06-10,57,28,0.0032199382822707,0.0,0.5067534794423468,val,2
S37803,248,7,2026-06-10,19,28,0.0031545895655275,0.0,0.4958063025437252,val,2
S00330,248,7,2026-06-10,25,25,0.0028718848521575,0.0022366834080394,0.3916821587834936,val,3
S01224,248,7,2026-06-10,54,18,0.0030779199935824,0.0145495210660671,0.4319285887260564,val,3
S03415,248,7,2026-06-10,24,25,0.0030171527405266,0.0044900982943047,0.4424662757638654,val,3
S03422,248,7,2026-06-10,19,16,0.0031141564366647,0.0028444047639487,0.4158963586333333,val,3
S04455,248,7,2026-06-09,46,31,0.002691131940682,0.0,0.5124081098017311,val,3
S05648,248,7,2026-06-10,34,12,0.0031331080759898,0.0051127479219817,0.402122229253089,val,3
S09926,248,7,2026-06-10,42,12,0.002678932690934,0.0091332472251099,0.3625769779067166,val,3
S11023,248,7,2026-06-10,58,29,0.003306114583679,0.0156930624148715,0.4745060507741592,val,3
S12335,248,7,2026-06-10,27,26,0.002918661804395,0.0,0.4099778720120046,val,3
S17656,248,7,2026-06-10,32,11,0.0032573231768942,0.0122567340604205,0.4464696167325057,val,3
S21269,248,7,2026-06-10,31,30,0.0031700091857107,0.0,0.459105623891249,val,3
S21270,248,7,2026-06-10,52,13,0.0032665772475176,0.0037506603275224,0.4339994107107101,val,3
S21505,248,7,2026-06-10,21,18,0.0028008118401236,0.0,0.4705309589447857,val,3
S22988,248,7,2026-06-10,64,19,0.0032350774022517,0.0,0.4387504483169155,val,3
S26238,248,7,2026-06-10,47,17,0.0022883739540086,0.0,0.4397073707117282,val,3
S29625,248,7,2026-06-10,58,24,0.003187635491184,0.0,0.4520924251592844,val,3
S30132,248,7,2026-06-10,54,25,0.003022356844956,0.0,0.444574980839673,val,3
S31264,248,7,2026-06-10,43,16,0.0028934864600121,0.0078114440012196,0.3398892100473599,val,3
S32662,248,7,2026-06-10,28,31,0.0032823167458001,0.0,0.4756066844573235,val,3
S35930,248,7,2026-06-10,56,27,0.003195128423741,0.0,0.5067534794423468,val,3
S37803,248,7,2026-06-10,14,18,0.0031504296003988,0.0,0.4958063025437252,val,3
S00330,248,7,2026-06-10,27,25,0.0028681392017653,0.0022366834080394,0.3916821587834936,val,4
S01224,248,7,2026-06-10,28,18,0.0026402881441318,0.0145495210660671,0.4319285887260564,val,4
S03415,248,7,2026-06-10,26,25,0.0029739671595918,0.0044900982943047,0.4424662757638654,val,4
S03422,248,7,2026-06-10,17,17,0.0030653505463211,0.0028444047639487,0.4158963586333333,val,4
S04455,248,7,2026-06-09,48,31,0.002349568027388,0.0,0.5124081098017311,val,4
S05648,248,7,2026-06-10,32,12,0.0031575238417492,0.0051127479219817,0.402122229253089,val,4
S09926,248,7,2026-06-10,40,12,0.0031217935923349,0.0091332472251099,0.3625769779067166,val,4
S11023,248,7,2026-06-10,56,30,0.0032544534208739,0.0156930624148715,0.4745060507741592,val,4
S12335,248,7,2026-06-10,25,26,0.0029417433199783,0.0,0.4099778720120046,val,4
S17656,248,7,2026-06-10,35,11,0.003353644895786,0.0122567340604205,0.4464696167325057,val,4
S21269,248,7,2026-06-10,29,30,0.0031482973785677,0.0,0.459105623891249,val,4
S21270,248,7,2026-06-10,55,14,0.0033026574941505,0.0037506603275224,0.4339994107107101,val,4
S21505,248,7,2026-06-10,19,18,0.0030121953293333,0.0,0.4705309589447857,val,4
S22988,248,7,2026-06-10,65,20,0.0032880918947747,0.0,0.4387504483169155,val,4
S26238,248,7,2026-06-10,52,17,0.0030798872639731,0.0,0.4397073707117282,val,4
S29625,248,7,2026-06-10,55,24,0.0029771450230086,0.0,0.4520924251592844,val,4
S30132,248,7,2026-06-10,57,25,0.0030931766355142,0.0,0.444574980839673,val,4
S31264,248,7,2026-06-10,34,16,0.0028630405337117,0.0078114440012196,0.3398892100473599,val,4
S32662,248,7,2026-06-10,30,31,0.0032789905110592,0.0,0.4756066844573235,val,4
S35930,248,7,2026-06-10,58,27,0.0031743665699484,0.0,0.5067534794423468,val,4
S37803,248,7,2026-06-10,13,19,0.0030772745669658,0.0,0.4958063025437252,val,4
S01230,248,8,2026-06-10,54,23,0.0023782792268633,0.0117264343204655,0.348367931163444,val,1
S04501,248,8,2026-06-10,32,16,0.0021076983342634,0.0,0.2691473818839379,val,1
S07533,248,8,2026-06-10,29,28,0.0023656389251655,0.0,0.3264764104583392,val,1
S08635,248,8,2026-06-10,50,28,0.0024891462026786,0.002336360730336,0.3079288671518437,val,1
S10408,248,8,2026-06-10,30,21,0.0019242606565161,0.0,0.282402986463582,val,1
S12108,248,8,2026-06-10,55,21,0.0025299950461855,0.0026769651725215,0.3319108103664758,val,1
S12995,248,8,2026-06-10,26,27,0.0021697645754093,0.0,0.2877996340577685,val,1
S14466,248,8,2026-06-10,35,17,0.0018663181136842,0.0,0.2617827995906048,val,1
S15717,248,8,2026-06-10,43,11,0.0025415491892482,0.0016890284518032,0.4460731087335806,val,1
S17100,248,8,2026-06-10,52,12,0.0025486020893462,0.0031604316501014,0.3857324190806177,val,1
S19341,248,8,2026-06-10,48,12,0.0026947747782338,0.0,0.3781884133545625,val,1
S24082,248,8,2026-06-10,50,22,0.0024152825648042,0.0,0.3638820150188267,val,1
S25731,248,8,2026-06-10,45,12,0.0026289600278534,0.0,0.3463152396285831,val,1
S34173,248,8,2026-06-10,27,31,0.002383543787773,0.0,0.3581876935438477,val,1
S35767,248,8,2026-06-10,63,26,0.0025528581070556,0.0,0.3617308549242815,val,1
S36286,248,8,2026-06-10,36,12,0.0024951656327954,0.0,0.2865077724004767,val,1
S36287,248,8,2026-06-10,40,16,0.0021646525617516,0.0,0.3037482441155523,val,1
S37805,248,8,2026-06-10,29,12,0.002705879157555,0.0,0.385882595039958,val,1
S40543,248,8,2026-06-10,15,20,0.0024089221872498,0.0042153831800273,0.3471572103076708,val,1
S43640,248,8,2026-06-10,19,27,0.0021581432460611,0.0085621748268614,0.2606204343745762,val,1
S43645,248,8,2026-06-10,37,28,0.0021623662981645,0.0173272360676122,0.3087740127917603,val,1
S01230,248,8,2026-06-10,55,23,0.0024646496237553,0.0117264343204655,0.348367931163444,val,2
S04501,248,8,2026-06-10,31,16,0.0022776491565672,0.0,0.2691473818839379,val,2
S07533,248,8,2026-06-10,28,28,0.0024300048558999,0.0,0.3264764104583392,val,2
S08635,248,8,2026-06-10,48,28,0.0021012040161064,0.002336360730336,0.3079288671518437,val,2
S10408,248,8,2026-06-10,31,21,0.0021775294784013,0.0,0.282402986463582,val,2
S12108,248,8,2026-06-10,56,21,0.0024162444596162,0.0026769651725215,0.3319108103664758,val,2
S12995,248,8,2026-06-10,27,27,0.002456460861907,0.0,0.2877996340577685,val,2
S14466,248,8,2026-06-10,36,17,0.0020989159882465,0.0,0.2617827995906048,val,2
S15717,248,8,2026-06-10,44,11,0.0025988835638398,0.0016890284518032,0.4460731087335806,val,2
S17100,248,8,2026-06-10,51,12,0.0027520961097141,0.0031604316501014,0.3857324190806177,val,2
S19341,248,8,2026-06-10,53,13,0.0026551649609723,0.0,0.3781884133545625,val,2
S24082,248,8,2026-06-10,49,22,0.0022919747077054,0.0,0.3638820150188267,val,2
S25731,248,8,2026-06-10,44,12,0.0025599477368191,0.0,0.3463152396285831,val,2
S34173,248,8,2026-06-10,28,31,0.0024330430943255,0.0,0.3581876935438477,val,2
S35767,248,8,2026-06-10,62,27,0.0025660469923506,0.0,0.3617308549242815,val,2
S36286,248,8,2026-06-10,35,12,0.0024255849201366,0.0,0.2865077724004767,val,2
S36287,248,8,2026-06-10,39,16,0.0022135180208967,0.0,0.3037482441155523,val,2
S37805,248,8,2026-06-10,28,12,0.0026716138908514,0.0,0.385882595039958,val,2
S40543,248,8,2026-06-10,14,20,0.0023735193788072,0.0042153831800273,0.3471572103076708,val,2
S43640,248,8,2026-06-10,20,28,0.0023993994035478,0.0085621748268614,0.2606204343745762,val,2
S43645,248,8,2026-06-10,36,28,0.0021996781402251,0.0173272360676122,0.3087740127917603,val,2
S01230,248,8,2026-06-10,52,23,0.0025464442597076,0.0117264343204655,0.348367931163444,val,3
S04501,248,8,2026-06-10,34,16,0.0022154771512545,0.0,0.2691473818839379,val,3
S07533,248,8,2026-06-10,31,28,0.0023441007516364,0.0,0.3264764104583392,val,3
S08635,248,8,2026-06-10,52,28,0.0024899053427403,0.002336360730336,0.3079288671518437,val,3
S10408,248,8,2026-06-10,28,21,0.0022868964786597,0.0,0.282402986463582,val,3
S12108,248,8,2026-06-10,53,21,0.002501357623211,0.0026769651725215,0.3319108103664758,val,3
S12995,248,8,2026-06-10,24,27,0.002224049936833,0.0,0.2877996340577685,val,3
S14466,248,8,2026-06-10,33,17,0.0020572034286919,0.0,0.2617827995906048,val,3
S15717,248,8,2026-06-10,40,11,0.0027220301863675,0.0016890284518032,0.4460731087335806,val,3
S17100,248,8,2026-06-10,45,11,0.0023862980507456,0.0031604316501014,0.3857324190806177,val,3
S19341,248,8,2026-06-10,50,12,0.0027936180395211,0.0,0.3781884133545625,val,3
S24082,248,8,2026-06-10,52,22,0.0022519657037389,0.0,0.3638820150188267,val,3
S25731,248,8,2026-06-10,47,12,0.0025114601593567,0.0,0.3463152396285831,val,3
S34173,248,8,2026-06-10,26,30,0.0024215627443505,0.0,0.3581876935438477,val,3
S35767,248,8,2026-06-10,63,17,0.0027755226436538,0.0,0.3617308549242815,val,3
S36286,248,8,2026-06-10,38,12,0.002283023110995,0.0,0.2865077724004767,val,3
S36287,248,8,2026-06-10,43,16,0.0020540052992533,0.0,0.3037482441155523,val,3
S37805,248,8,2026-06-10,31,12,0.0027381406997004,0.0,0.385882595039958,val,3
S40543,248,8,2026-06-10,17,20,0.0024142683971781,0.0042153831800273,0.3471572103076708,val,3
S43640,248,8,2026-06-10,19,26,0.0022561916697622,0.0085621748268614,0.2606204343745762,val,3
S43645,248,8,2026-06-10,39,28,0.0020870313719883,0.0173272360676122,0.3087740127917603,val,3
S01230,248,8,2026-06-10,53,23,0.0023316668572985,0.0117264343204655,0.348367931163444,val,4
S04501,248,8,2026-06-10,33,16,0.0022591919608697,0.0,0.2691473818839379,val,4
S07533,248,8,2026-06-10,30,28,0.002463889316419,0.0,0.3264764104583392,val,4
S08635,248,8,2026-06-10,51,28,0.0024488439006192,0.002336360730336,0.3079288671518437,val,4
S10408,248,8,2026-06-10,29,21,0.0020790455114649,0.0,0.282402986463582,val,4
S12108,248,8,2026-06-10,54,21,0.002301484614562,0.0026769651725215,0.3319108103664758,val,4
S12995,248,8,2026-06-10,25,27,0.0024500211757094,0.0,0.2877996340577685,val,4
S14466,248,8,2026-06-10,34,17,0.0021627742381264,0.0,0.2617827995906048,val,4
S15717,248,8,2026-06-10,42,11,0.0026987534317176,0.0016890284518032,0.4460731087335806,val,4
S17100,248,8,2026-06-10,46,11,0.0026297883260368,0.0031604316501014,0.3857324190806177,val,4
S19341,248,8,2026-06-10,49,12,0.0029258564245591,0.0,0.3781884133545625,val,4
S24082,248,8,2026-06-10,51,22,0.0023004128682882,0.0,0.3638820150188267,val,4
S25731,248,8,2026-06-10,46,12,0.0026796321669459,0.0,0.3463152396285831,val,4
S34173,248,8,2026-06-10,25,30,0.0024420280016956,0.0,0.3581876935438477,val,4
S35767,248,8,2026-06-10,66,23,0.002640487537176,0.0,0.3617308549242815,val,4
S36286,248,8,2026-06-10,37,12,0.0023294244382589,0.0,0.2865077724004767,val,4
S36287,248,8,2026-06-10,41,16,0.0022662510357439,0.0,0.3037482441155523,val,4
S37805,248,8,2026-06-10,30,12,0.0027572270399802,0.0,0.385882595039958,val,4
S40543,248,8,2026-06-10,16,20,0.00244467702836,0.0042153831800273,0.3471572103076708,val,4
S43640,248,8,2026-06-10,18,27,0.0023327311299113,0.0085621748268614,0.2606204343745762,val,4
S43645,248,8,2026-06-10,38,28,0.0019606493768412,0.0173272360676122,0.3087740127917603,val,4
S00330,248,9,2026-06-10,40,25,0.0018918042576798,0.0022366834080394,0.3916821587834936,val,1
S01224,248,9,2026-06-10,26,18,0.002710699360526,0.0145495210660671,0.4319285887260564,val,1
S03415,248,9,2026-06-10,28,25,0.0028695051884996,0.0044900982943047,0.4424662757638654,val,1
S03422,248,9,2026-06-10,19,17,0.0030875444484851,0.0028444047639487,0.4158963586333333,val,1
S04455,248,9,2026-06-10,45,11,0.0033258318663293,0.0,0.5124081098017311,val,1
S05648,248,9,2026-06-10,28,13,0.0032183942539786,0.0051127479219817,0.402122229253089,val,1
S09926,248,9,2026-06-10,38,12,0.0031182099533008,0.0091332472251099,0.3625769779067166,val,1
S11023,248,9,2026-06-10,54,30,0.0033142887678873,0.0156930624148715,0.4745060507741592,val,1
S12335,248,9,2026-06-10,23,26,0.0030967623709668,0.0,0.4099778720120046,val,1
S17656,248,9,2026-06-10,38,11,0.0033032915310224,0.0122567340604205,0.4464696167325057,val,1
S21269,248,9,2026-06-10,27,30,0.0031950516300448,0.0,0.459105623891249,val,1
S21270,248,9,2026-06-10,53,14,0.0032139315293927,0.0037506603275224,0.4339994107107101,val,1
S21505,248,9,2026-06-10,17,18,0.0029644429848778,0.0,0.4705309589447857,val,1
S22988,248,9,2026-06-10,63,20,0.003231793240947,0.0,0.4387504483169155,val,1
S26238,248,9,2026-06-10,54,17,0.0031305213972654,0.0,0.4397073707117282,val,1
S29625,248,9,2026-06-10,26,24,0.0029132929399587,0.0,0.4520924251592844,val,1
S30132,248,9,2026-06-10,59,25,0.0032101396288903,0.0,0.444574980839673,val,1
S31264,248,9,2026-06-10,31,16,0.0028561433889957,0.0078114440012196,0.3398892100473599,val,1
S32662,248,9,2026-06-10,32,32,0.0032767397543241,0.0,0.4756066844573235,val,1
S35930,248,9,2026-06-10,60,27,0.0032681536372002,0.0,0.5067534794423468,val,1
S37803,248,9,2026-06-10,14,25,0.0031283487985873,0.0,0.4958063025437252,val,1
S00330,248,9,2026-06-10,53,25,0.0030324427284532,0.0022366834080394,0.3916821587834936,val,2
S01224,248,9,2026-06-10,23,18,0.0029315075662526,0.0145495210660671,0.4319285887260564,val,2
S03415,248,9,2026-06-10,51,25,0.0029352361658058,0.0044900982943047,0.4424662757638654,val,2
S03422,248,9,2026-06-10,22,17,0.0030116078357715,0.0028444047639487,0.4158963586333333,val,2
S04455,248,9,2026-06-10,43,11,0.0032695700711332,0.0,0.5124081098017311,val,2
S05648,248,9,2026-06-10,30,13,0.0031397281275098,0.0051127479219817,0.402122229253089,val,2
S09926,248,9,2026-06-10,36,12,0.0031816309230383,0.0091332472251099,0.3625769779067166,val,2
S11023,248,9,2026-06-10,52,31,0.003358900338649,0.0156930624148715,0.4745060507741592,val,2
S12335,248,9,2026-06-10,21,26,0.0030291621381022,0.0,0.4099778720120046,val,2
S17656,248,9,2026-06-10,40,11,0.0032311021635885,0.0122567340604205,0.4464696167325057,val,2
S21269,248,9,2026-06-10,33,31,0.0031846771756971,0.0,0.459105623891249,val,2
S21270,248,9,2026-06-10,51,14,0.0032189544504434,0.0037506603275224,0.4339994107107101,val,2
S21505,248,9,2026-06-10,14,19,0.0029105092078937,0.0,0.4705309589447857,val,2
S22988,248,9,2026-06-10,59,20,0.0031651528962874,0.0,0.4387504483169155,val,2
S26238,248,9,2026-06-10,56,17,0.0031902311629644,0.0,0.4397073707117282,val,2
S29625,248,9,2026-06-10,22,24,0.0029037539017013,0.0,0.4520924251592844,val,2
S30132,248,9,2026-06-10,62,25,0.0031202279667666,0.0,0.444574980839673,val,2
S31264,248,9,2026-06-10,29,16,0.0028974637770082,0.0078114440012196,0.3398892100473599,val,2
S32662,248,9,2026-06-10,35,32,0.0033127914202192,0.0,0.4756066844573235,val,2
S35930,248,9,2026-06-10,57,28,0.0032199382822707,0.0,0.5067534794423468,val,2
S37803,248,9,2026-06-10,19,28,0.0031545895655275,0.0,0.4958063025437252,val,2
S00330,248,9,2026-06-10,25,25,0.0028718848521575,0.0022366834080394,0.3916821587834936,val,3
S01224,248,9,2026-06-10,54,18,0.0030779199935824,0.0145495210660671,0.4319285887260564,val,3
S03415,248,9,2026-06-10,24,25,0.0030171527405266,0.0044900982943047,0.4424662757638654,val,3
S03422,248,9,2026-06-10,19,16,0.0031141564366647,0.0028444047639487,0.4158963586333333,val,3
S04455,248,9,2026-06-09,46,31,0.002691131940682,0.0,0.5124081098017311,val,3
S05648,248,9,2026-06-10,34,12,0.0031331080759898,0.0051127479219817,0.402122229253089,val,3
S09926,248,9,2026-06-10,42,12,0.002678932690934,0.0091332472251099,0.3625769779067166,val,3
S11023,248,9,2026-06-10,58,29,0.003306114583679,0.0156930624148715,0.4745060507741592,val,3
S12335,248,9,2026-06-10,27,26,0.002918661804395,0.0,0.4099778720120046,val,3
S17656,248,9,2026-06-10,32,11,0.0032573231768942,0.0122567340604205,0.4464696167325057,val,3
S21269,248,9,2026-06-10,31,30,0.0031700091857107,0.0,0.459105623891249,val,3
S21270,248,9,2026-06-10,52,13,0.0032665772475176,0.0037506603275224,0.4339994107107101,val,3
S21505,248,9,2026-06-10,21,18,0.0028008118401236,0.0,0.4705309589447857,val,3
S22988,248,9,2026-06-10,64,19,0.0032350774022517,0.0,0.4387504483169155,val,3
S26238,248,9,2026-06-10,47,17,0.0022883739540086,0.0,0.4397073707117282,val,3
S29625,248,9,2026-06-10,58,24,0.003187635491184,0.0,0.4520924251592844,val,3
S30132,248,9,2026-06-10,54,25,0.003022356844956,0.0,0.444574980839673,val,3
S31264,248,9,2026-06-10,43,16,0.0028934864600121,0.0078114440012196,0.3398892100473599,val,3
S32662,248,9,2026-06-10,28,31,0.0032823167458001,0.0,0.4756066844573235,val,3
S35930,248,9,2026-06-10,56,27,0.003195128423741,0.0,0.5067534794423468,val,3
S37803,248,9,2026-06-10,14,18,0.0031504296003988,0.0,0.4958063025437252,val,3
S00330,248,9,2026-06-10,27,25,0.0028681392017653,0.0022366834080394,0.3916821587834936,val,4
S01224,248,9,2026-06-10,28,18,0.0026402881441318,0.0145495210660671,0.4319285887260564,val,4
S03415,248,9,2026-06-10,26,25,0.0029739671595918,0.0044900982943047,0.4424662757638654,val,4
S03422,248,9,2026-06-10,17,17,0.0030653505463211,0.0028444047639487,0.4158963586333333,val,4
S04455,248,9,2026-06-09,48,31,0.002349568027388,0.0,0.5124081098017311,val,4
S05648,248,9,2026-06-10,32,12,0.0031575238417492,0.0051127479219817,0.402122229253089,val,4
S09926,248,9,2026-06-10,40,12,0.0031217935923349,0.0091332472251099,0.3625769779067166,val,4
S11023,248,9,2026-06-10,56,30,0.0032544534208739,0.0156930624148715,0.4745060507741592,val,4
S12335,248,9,2026-06-10,25,26,0.0029417433199783,0.0,0.4099778720120046,val,4
S17656,248,9,2026-06-10,35,11,0.003353644895786,0.0122567340604205,0.4464696167325057,val,4
S21269,248,9,2026-06-10,29,30,0.0031482973785677,0.0,0.459105623891249,val,4
S21270,248,9,2026-06-10,55,14,0.0033026574941505,0.0037506603275224,0.4339994107107101,val,4
S21505,248,9,2026-06-10,19,18,0.0030121953293333,0.0,0.4705309589447857,val,4
S22988,248,9,2026-06-10,65,20,0.0032880918947747,0.0,0.4387504483169155,val,4
S26238,248,9,2026-06-10,52,17,0.0030798872639731,0.0,0.4397073707117282,val,4
S29625,248,9,2026-06-10,55,24,0.0029771450230086,0.0,0.4520924251592844,val,4
S30132,248,9,2026-06-10,57,25,0.0030931766355142,0.0,0.444574980839673,val,4
S31264,248,9,2026-06-10,34,16,0.0028630405337117,0.0078114440012196,0.3398892100473599,val,4
S32662,248,9,2026-06-10,30,31,0.0032789905110592,0.0,0.4756066844573235,val,4
S35930,248,9,2026-06-10,58,27,0.0031743665699484,0.0,0.5067534794423468,val,4
S37803,248,9,2026-06-10,13,19,0.0030772745669658,0.0,0.4958063025437252,val,4
S01230,248,10,2026-06-10,54,23,0.0023782792268633,0.0117264343204655,0.348367931163444,val,1
S04501,248,10,2026-06-10,32,16,0.0021076983342634,0.0,0.2691473818839379,val,1
S07533,248,10,2026-06-10,29,28,0.0023656389251655,0.0,0.3264764104583392,val,1
S08635,248,10,2026-06-10,50,28,0.0024891462026786,0.002336360730336,0.3079288671518437,val,1
S10408,248,10,2026-06-10,30,21,0.0019242606565161,0.0,0.282402986463582,val,1
S12108,248,10,2026-06-10,55,21,0.0025299950461855,0.0026769651725215,0.3319108103664758,val,1
S12995,248,10,2026-06-10,26,27,0.0021697645754093,0.0,0.2877996340577685,val,1
S14466,248,10,2026-06-10,35,17,0.0018663181136842,0.0,0.2617827995906048,val,1
S15717,248,10,2026-06-10,43,11,0.0025415491892482,0.0016890284518032,0.4460731087335806,val,1
S17100,248,10,2026-06-10,52,12,0.0025486020893462,0.0031604316501014,0.3857324190806177,val,1
S19341,248,10,2026-06-10,48,12,0.0026947747782338,0.0,0.3781884133545625,val,1
S24082,248,10,2026-06-10,50,22,0.0024152825648042,0.0,0.3638820150188267,val,1
S25731,248,10,2026-06-10,45,12,0.0026289600278534,0.0,0.3463152396285831,val,1
S34173,248,10,2026-06-10,27,31,0.002383543787773,0.0,0.3581876935438477,val,1
S35767,248,10,2026-06-10,63,26,0.0025528581070556,0.0,0.3617308549242815,val,1
S36286,248,10,2026-06-10,36,12,0.0024951656327954,0.0,0.2865077724004767,val,1
S36287,248,10,2026-06-10,40,16,0.0021646525617516,0.0,0.3037482441155523,val,1
S37805,248,10,2026-06-10,29,12,0.002705879157555,0.0,0.385882595039958,val,1
S40543,248,10,2026-06-10,15,20,0.0024089221872498,0.0042153831800273,0.3471572103076708,val,1
S43640,248,10,2026-06-10,19,27,0.0021581432460611,0.0085621748268614,0.2606204343745762,val,1
S43645,248,10,2026-06-10,37,28,0.0021623662981645,0.0173272360676122,0.3087740127917603,val,1
S01230,248,10,2026-06-10,55,23,0.0024646496237553,0.0117264343204655,0.348367931163444,val,2
S04501,248,10,2026-06-10,31,16,0.0022776491565672,0.0,0.2691473818839379,val,2
S07533,248,10,2026-06-10,28,28,0.0024300048558999,0.0,0.3264764104583392,val,2
S08635,248,10,2026-06-10,48,28,0.0021012040161064,0.002336360730336,0.3079288671518437,val,2
S10408,248,10,2026-06-10,31,21,0.0021775294784013,0.0,0.282402986463582,val,2
S12108,248,10,2026-06-10,56,21,0.0024162444596162,0.0026769651725215,0.3319108103664758,val,2
S12995,248,10,2026-06-10,27,27,0.002456460861907,0.0,0.2877996340577685,val,2
S14466,248,10,2026-06-10,36,17,0.0020989159882465,0.0,0.2617827995906048,val,2
S15717,248,10,2026-06-10,44,11,0.0025988835638398,0.0016890284518032,0.4460731087335806,val,2
S17100,248,10,2026-06-10,51,12,0.0027520961097141,0.0031604316501014,0.3857324190806177,val,2
S19341,248,10,2026-06-10,53,13,0.0026551649609723,0.0,0.3781884133545625,val,2
S24082,248,10,2026-06-10,49,22,0.0022919747077054,0.0,0.3638820150188267,val,2
S25731,248,10,2026-06-10,44,12,0.0025599477368191,0.0,0.3463152396285831,val,2
S34173,248,10,2026-06-10,28,31,0.0024330430943255,0.0,0.3581876935438477,val,2
S35767,248,10,2026-06-10,62,27,0.0025660469923506,0.0,0.3617308549242815,val,2
S36286,248,10,2026-06-10,35,12,0.0024255849201366,0.0,0.2865077724004767,val,2
S36287,248,10,2026-06-10,39,16,0.0022135180208967,0.0,0.3037482441155523,val,2
S37805,248,10,2026-06-10,28,12,0.0026716138908514,0.0,0.385882595039958,val,2
S40543,248,10,2026-06-10,14,20,0.0023735193788072,0.0042153831800273,0.3471572103076708,val,2
S43640,248,10,2026-06-10,20,28,0.0023993994035478,0.0085621748268614,0.2606204343745762,val,2
S43645,248,10,2026-06-10,36,28,0.0021996781402251,0.0173272360676122,0.3087740127917603,val,2
S01230,248,10,2026-06-10,52,23,0.0025464442597076,0.0117264343204655,0.348367931163444,val,3
S04501,248,10,2026-06-10,34,16,0.0022154771512545,0.0,0.2691473818839379,val,3
S07533,248,10,2026-06-10,31,28,0.0023441007516364,0.0,0.3264764104583392,val,3
S08635,248,10,2026-06-10,52,28,0.0024899053427403,0.002336360730336,0.3079288671518437,val,3
S10408,248,10,2026-06-10,28,21,0.0022868964786597,0.0,0.282402986463582,val,3
S12108,248,10,2026-06-10,53,21,0.002501357623211,0.0026769651725215,0.3319108103664758,val,3
S12995,248,10,2026-06-10,24,27,0.002224049936833,0.0,0.2877996340577685,val,3
S14466,248,10,2026-06-10,33,17,0.0020572034286919,0.0,0.2617827995906048,val,3
S15717,248,10,2026-06-10,40,11,0.0027220301863675,0.0016890284518032,0.4460731087335806,val,3
S17100,248,10,2026-06-10,45,11,0.0023862980507456,0.0031604316501014,0.3857324190806177,val,3
S19341,248,10,2026-06-10,50,12,0.0027936180395211,0.0,0.3781884133545625,val,3
S24082,248,10,2026-06-10,52,22,0.0022519657037389,0.0,0.3638820150188267,val,3
S25731,248,10,2026-06-10,47,12,0.0025114601593567,0.0,0.3463152396285831,val,3
S34173,248,10,2026-06-10,26,30,0.0024215627443505,0.0,0.3581876935438477,val,3
S35767,248,10,2026-06-10,63,17,0.0027755226436538,0.0,0.3617308549242815,val,3
S36286,248,10,2026-06-10,38,12,0.002283023110995,0.0,0.2865077724004767,val,3
S36287,248,10,2026-06-10,43,16,0.0020540052992533,0.0,0.3037482441155523,val,3
S37805,248,10,2026-06-10,31,12,0.0027381406997004,0.0,0.385882595039958,val,3
S40543,248,10,2026-06-10,17,20,0.0024142683971781,0.0042153831800273,0.3471572103076708,val,3
S43640,248,10,2026-06-10,19,26,0.0022561916697622,0.0085621748268614,0.2606204343745762,val,3
S43645,248,10,2026-06-10,39,28,0.0020870313719883,0.0173272360676122,0.3087740127917603,val,3
S01230,248,10,2026-06-10,53,23,0.0023316668572985,0.0117264343204655,0.348367931163444,val,4
S04501,248,10,2026-06-10,33,16,0.0022591919608697,0.0,0.2691473818839379,val,4
S07533,248,10,2026-06-10,30,28,0.002463889316419,0.0,0.3264764104583392,val,4
S08635,248,10,2026-06-10,51,28,0.0024488439006192,0.002336360730336,0.3079288671518437,val,4
S10408,248,10,2026-06-10,29,21,0.0020790455114649,0.0,0.282402986463582,val,4
S12108,248,10,2026-06-10,54,21,0.002301484614562,0.0026769651725215,0.3319108103664758,val,4
S12995,248,10,2026-06-10,25,27,0.0024500211757094,0.0,0.2877996340577685,val,4
S14466,248,10,2026-06-10,34,17,0.0021627742381264,0.0,0.2617827995906048,val,4
S15717,248,10,2026-06-10,42,11,0.0026987534317176,0.0016890284518032,0.4460731087335806,val,4
S17100,248,10,2026-06-10,46,11,0.0026297883260368,0.0031604316501014,0.3857324190806177,val,4
S19341,248,10,2026-06-10,49,12,0.0029258564245591,0.0,0.3781884133545625,val,4
S24082,248,10,2026-06-10,51,22,0.0023004128682882,0.0,0.3638820150188267,val,4
S25731,248,10,2026-06-10,46,12,0.0026796321669459,0.0,0.3463152396285831,val,4
S34173,248,10,2026-06-10,25,30,0.0024420280016956,0.0,0.3581876935438477,val,4
S35767,248,10,2026-06-10,66,23,0.002640487537176,0.0,0.3617308549242815,val,4
S36286,248,10,2026-06-10,37,12,0.0023294244382589,0.0,0.2865077724004767,val,4
S36287,248,10,2026-06-10,41,16,0.0022662510357439,0.0,0.3037482441155523,val,4
S37805,248,10,2026-06-10,30,12,0.0027572270399802,0.0,0.385882595039958,val,4
S40543,248,10,2026-06-10,16,20,0.00244467702836,0.0042153831800273,0.3471572103076708,val,4
S43640,248,10,2026-06-10,18,27,0.0023327311299113,0.0085621748268614,0.2606204343745762,val,4
S43645,248,10,2026-06-10,38,28,0.0019606493768412,0.0173272360676122,0.3087740127917603,val,4
S03427,248,11,2026-06-10,16,21,0.0030238554779567,0.0,0.479386955132882,val,1
S10591,248,11,2026-06-10,33,23,0.003015483662259,0.0,0.4126708835128987,val,1
S12330,248,11,2026-06-10,26,23,0.0030050200446314,0.0,0.4109964904209193,val,1
S12946,248,11,2026-06-10,46,25,0.0032137991929564,0.0,0.41965846907805,val,1
S14470,248,11,2026-06-10,23,22,0.0031071974353428,0.0,0.4754928027320986,val,1
S15815,248,11,2026-06-10,37,24,0.0025641198108574,0.0,0.4546414186494401,val,1
S20779,248,11,2026-06-10,36,18,0.0025332965253937,0.0,0.3675991953536081,val,1
S21502,248,11,2026-06-10,28,16,0.002955055587714,0.0,0.4308233142447076,val,1
S22354,248,11,2026-06-10,38,15,0.0028743120920241,0.0,0.3865474910300596,val,1
S26343,248,11,2026-06-10,43,14,0.0029056391039787,0.0,0.4329148322485348,val,1
S27547,248,11,2026-06-10,54,25,0.003291572437655,0.0,0.4848139961335553,val,1
S31257,248,11,2026-06-10,27,13,0.0032473364795584,0.00651199051372,0.4592552669416436,val,1
S33821,248,11,2026-06-10,32,12,0.0029885368090617,0.0,0.4531300638428948,val,1
S35924,248,11,2026-06-10,34,23,0.0024907756304908,0.0,0.4322057953161935,val,1
S36378,248,11,2026-06-10,39,16,0.0031344584054467,0.0,0.4459566061909128,val,1
S38137,248,11,2026-06-10,29,27,0.0032357539987243,0.0154259851806705,0.4519040815001978,val,1
S38140,248,11,2026-06-10,42,28,0.0032050303176601,0.0096991290577988,0.461204008398679,val,1
S42212,248,11,2026-06-10,45,24,0.003083211948934,0.0137446353229522,0.4081715275613486,val,1
S42216,248,11,2026-06-10,37,30,0.0032354636102628,0.0186340726616354,0.4264566588137175,val,1
S42703,248,11,2026-06-10,32,21,0.0029315947149112,0.0,0.3652462492974613,val,1
S42704,248,11,2026-06-10,47,27,0.0032410814490899,0.0,0.4337016186252859,val,1
S03427,248,11,2026-06-10,18,21,0.0031037420634225,0.0,0.479386955132882,val,2
S10591,248,11,2026-06-10,35,23,0.0024055364373919,0.0,0.4126708835128987,val,2
S12330,248,11,2026-06-10,28,23,0.0030627159222677,0.0,0.4109964904209193,val,2
S12946,248,11,2026-06-10,48,25,0.0032087941955963,0.0,0.41965846907805,val,2
S14470,248,11,2026-06-10,21,22,0.0031111050885811,0.0,0.4754928027320986,val,2
S15815,248,11,2026-06-10,35,24,0.0028716296645162,0.0,0.4546414186494401,val,2
S20779,248,11,2026-06-10,34,18,0.0028225113520326,0.0,0.3675991953536081,val,2
S21502,248,11,2026-06-10,26,16,0.0030632035025411,0.0,0.4308233142447076,val,2
S22354,248,11,2026-06-10,40,15,0.0028410193607421,0.0,0.3865474910300596,val,2
S26343,248,11,2026-06-10,41,14,0.002951419204712,0.0,0.4329148322485348,val,2
S27547,248,11,2026-06-10,57,25,0.0033492282010003,0.0,0.4848139961335553,val,2
S31257,248,11,2026-06-10,29,13,0.0032224312972091,0.00651199051372,0.4592552669416436,val,2
S33821,248,11,2026-06-10,28,13,0.0032350898275115,0.0,0.4531300638428948,val,2
S35924,248,11,2026-06-10,36,23,0.0029767784719234,0.0,0.4322057953161935,val,2
S36378,248,11,2026-06-10,37,16,0.003117915021074,0.0,0.4459566061909128,val,2
S38137,248,11,2026-06-10,31,27,0.0032153525811221,0.0154259851806705,0.4519040815001978,val,2
S38140,248,11,2026-06-10,40,28,0.0029772369108949,0.0096991290577988,0.461204008398679,val,2
S42212,248,11,2026-06-10,43,24,0.0022611888321085,0.0137446353229522,0.4081715275613486,val,2
S42216,248,11,2026-06-10,35,30,0.003275613039513,0.0186340726616354,0.4264566588137175,val,2
S42703,248,11,2026-06-10,34,21,0.0029415958503381,0.0,0.3652462492974613,val,2
S42704,248,11,2026-06-10,49,27,0.003229781286192,0.0,0.4337016186252859,val,2
S03427,248,11,2026-06-10,15,20,0.0029493242729801,0.0,0.479386955132882,val,3
S10591,248,11,2026-06-10,29,23,0.0030613859651469,0.0,0.4126708835128987,val,3
S12330,248,11,2026-06-10,22,23,0.0031545786897857,0.0,0.4109964904209193,val,3
S12946,248,11,2026-06-10,41,25,0.0026996261667879,0.0,0.41965846907805,val,3
S14470,248,11,2026-06-10,27,22,0.003018654024088,0.0,0.4754928027320986,val,3
S15815,248,11,2026-06-10,41,24,0.002233825282362,0.0,0.4546414186494401,val,3
S20779,248,11,2026-06-10,40,18,0.0025243585392125,0.0,0.3675991953536081,val,3
S21502,248,11,2026-06-10,32,16,0.0026688730120075,0.0,0.4308233142447076,val,3
S22354,248,11,2026-06-10,34,15,0.0026812437506468,0.0,0.3865474910300596,val,3
S26343,248,11,2026-06-10,47,14,0.0032609375201058,0.0,0.4329148322485348,val,3
S27547,248,11,2026-06-10,50,25,0.0032707500506963,0.0,0.4848139961335553,val,3
S31257,248,11,2026-06-10,36,12,0.0031730582783986,0.00651199051372,0.4592552669416436,val,3
S33821,248,11,2026-06-10,37,12,0.0029797643061047,0.0,0.4531300638428948,val,3
S35924,248,11,2026-06-10,30,23,0.0031049823387003,0.0,0.4322057953161935,val,3
S36378,248,11,2026-06-10,43,16,0.0026626102340344,0.0,0.4459566061909128,val,3
S38137,248,11,2026-06-10,25,27,0.0032077138543451,0.0154259851806705,0.4519040815001978,val,3
S38140,248,11,2026-06-10,46,28,0.0032462171672209,0.0096991290577988,0.461204008398679,val,3
S42212,248,11,2026-06-10,49,24,0.003205545844208,0.0137446353229522,0.4081715275613486,val,3
S42216,248,11,2026-06-10,41,30,0.0032038236815722,0.0186340726616354,0.4264566588137175,val,3
S42703,248,11,2026-06-10,28,21,0.003077067877216,0.0,0.3652462492974613,val,3
S42704,248,11,2026-06-10,43,27,0.0031838609427359,0.0,0.4337016186252859,val,3
S03427,248,11,2026-06-10,13,20,0.0029285146591621,0.0,0.479386955132882,val,4
S10591,248,11,2026-06-10,31,23,0.0030858531175333,0.0,0.4126708835128987,val,4
S12330,248,11,2026-06-10,24,23,0.003065509289483,0.0,0.4109964904209193,val,4
S12946,248,11,2026-06-10,43,25,0.0025984099968146,0.0,0.41965846907805,val,4
S14470,248,11,2026-06-10,25,22,0.0031154225327768,0.0,0.4754928027320986,val,4
S15815,248,11,2026-06-10,39,24,0.0025363475495512,0.0,0.4546414186494401,val,4
S20779,248,11,2026-06-10,38,18,0.0023684484457206,0.0,0.3675991953536081,val,4
S21502,248,11,2026-06-10,30,16,0.0029528687968596,0.0,0.4308233142447076,val,4
S22354,248,11,2026-06-10,36,15,0.0026148729690101,0.0,0.3865474910300596,val,4
S26343,248,11,2026-06-10,45,14,0.0030481688662202,0.0,0.4329148322485348,val,4
S27547,248,11,2026-06-10,52,25,0.0032154564344469,0.0,0.4848139961335553,val,4
S31257,248,11,2026-06-10,34,12,0.0030189400632974,0.00651199051372,0.4592552669416436,val,4
S33821,248,11,2026-06-10,35,12,0.0031928327134621,0.0,0.4531300638428948,val,4
S35924,248,11,2026-06-10,32,23,0.0030218451819927,0.0,0.4322057953161935,val,4
S36378,248,11,2026-06-10,41,16,0.0028852790292375,0.0,0.4459566061909128,val,4
S38137,248,11,2026-06-10,27,27,0.0031138399705195,0.0154259851806705,0.4519040815001978,val,4
S38140,248,11,2026-06-10,44,28,0.0032583772301764,0.0096991290577988,0.461204008398679,val,4
S42212,248,11,2026-06-10,47,24,0.0031770803233839,0.0137446353229522,0.4081715275613486,val,4
S42216,248,11,2026-06-10,39,30,0.0032126387194314,0.0186340726616354,0.4264566588137175,val,4
S42703,248,11,2026-06-10,30,21,0.0030659227531069,0.0,0.3652462492974613,val,4
S42704,248,11,2026-06-10,45,27,0.0032121114862673,0.0,0.4337016186252859,val,4
S04497,248,12,2026-06-10,51,29,0.0028638511868272,0.0,0.391586941039392,val,1
S05666,248,12,2026-06-10,62,26,0.0029200861660947,0.0,0.3958027313923737,val,1
S08637,248,12,2026-06-10,41,20,0.0031903614893275,0.0153477047330601,0.4096838598361145,val,1
S08642,248,12,2026-06-10,49,26,0.0032075191705919,0.0070628193012498,0.4439395569298359,val,1
S09945,248,12,2026-06-10,51,16,0.002972148377781,0.0066293714502183,0.3936730825827208,val,1
S12351,248,12,2026-06-10,54,18,0.0031139304052514,0.0,0.4095045474128569,val,1
S20799,248,12,2026-06-10,14,24,0.0032035415168599,0.0,0.4040281721766083,val,1
S26740,248,12,2026-06-10,62,21,0.0031802644421286,0.0120028304461333,0.439786505446041,val,1
S26769,248,12,2026-06-10,26,28,0.0031279861873949,0.0078952803062796,0.3970613500157164,val,1
S31280,248,12,2026-06-10,16,19,0.003018404866561,0.0097678897820404,0.3972890217071425,val,1
S33241,248,12,2026-06-10,20,19,0.003146789716705,0.0036199424596671,0.4084113558321705,val,1
S36149,248,12,2026-06-10,38,14,0.0030663037120882,0.0,0.405779222581915,val,1
S38010,248,12,2026-06-10,29,25,0.0032665108740264,0.0112544334145713,0.4607709733621856,val,1
S41070,248,12,2026-06-10,51,31,0.0030258499962181,0.0165732959850606,0.4421453662852831,val,1
S04497,248,12,2026-06-10,52,29,0.0028193197416845,0.0,0.391586941039392,val,2
S05666,248,12,2026-06-10,61,26,0.0030109558164816,0.0,0.3958027313923737,val,2
S08637,248,12,2026-06-10,40,20,0.0031346058536555,0.0153477047330601,0.4096838598361145,val,2
S08642,248,12,2026-06-10,48,26,0.0032286104466314,0.0070628193012498,0.4439395569298359,val,2
S09945,248,12,2026-06-10,50,16,0.0031039936646073,0.0066293714502183,0.3936730825827208,val,2
S12351,248,12,2026-06-10,53,18,0.0030521464147168,0.0,0.4095045474128569,val,2
S20799,248,12,2026-06-10,15,25,0.0028779601749621,0.0,0.4040281721766083,val,2
S26740,248,12,2026-06-10,63,21,0.0030680081361637,0.0120028304461333,0.439786505446041,val,2
S26769,248,12,2026-06-10,25,28,0.0029748892018994,0.0078952803062796,0.3970613500157164,val,2
S31280,248,12,2026-06-10,14,19,0.0029623072956027,0.0097678897820404,0.3972890217071425,val,2
S33241,248,12,2026-06-10,21,19,0.0031345948054762,0.0036199424596671,0.4084113558321705,val,2
S36149,248,12,2026-06-10,37,14,0.0029641762951652,0.0,0.405779222581915,val,2
S38010,248,12,2026-06-10,30,25,0.0032027939786114,0.0112544334145713,0.4607709733621856,val,2
S41070,248,12,2026-06-10,50,31,0.002999276353724,0.0165732959850606,0.4421453662852831,val,2
S04497,248,12,2026-06-10,49,29,0.0028561692158165,0.0,0.391586941039392,val,3
S05666,248,12,2026-06-10,62,25,0.0029537039526954,0.0,0.3958027313923737,val,3
S08637,248,12,2026-06-10,43,20,0.0031876982604352,0.0153477047330601,0.4096838598361145,val,3
S08642,248,12,2026-06-10,51,26,0.0030828944547457,0.0070628193012498,0.4439395569298359,val,3
S09945,248,12,2026-06-10,53,16,0.0029633734904729,0.0066293714502183,0.3936730825827208,val,3
S12351,248,12,2026-06-10,56,18,0.0030515058114271,0.0,0.4095045474128569,val,3
S20799,248,12,2026-06-10,18,24,0.0031086742231723,0.0,0.4040281721766083,val,3
S26740,248,12,2026-06-10,60,21,0.0030523158968777,0.0120028304461333,0.439786505446041,val,3
S26769,248,12,2026-06-10,28,28,0.0031153178899536,0.0078952803062796,0.3970613500157164,val,3
S31280,248,12,2026-06-10,15,18,0.0029752212142797,0.0097678897820404,0.3972890217071425,val,3
S33241,248,12,2026-06-10,17,19,0.0030466125948491,0.0036199424596671,0.4084113558321705,val,3
S36149,248,12,2026-06-10,40,14,0.0029672553408551,0.0,0.405779222581915,val,3
S38010,248,12,2026-06-10,27,25,0.0032962361555096,0.0112544334145713,0.4607709733621856,val,3
S41070,248,12,2026-06-10,53,30,0.0029210768201738,0.0165732959850606,0.4421453662852831,val,3
S04497,248,12,2026-06-10,50,29,0.0029274614186957,0.0,0.391586941039392,val,4
S05666,248,12,2026-06-10,63,25,0.0029223176542467,0.0,0.3958027313923737,val,4
S08637,248,12,2026-06-10,42,20,0.0031993702457627,0.0153477047330601,0.4096838598361145,val,4
S08642,248,12,2026-06-10,50,26,0.0032045834170572,0.0070628193012498,0.4439395569298359,val,4
S09945,248,12,2026-06-10,52,16,0.0030293870537098,0.0066293714502183,0.3936730825827208,val,4
S12351,248,12,2026-06-10,55,18,0.0030455514233718,0.0,0.4095045474128569,val,4
S20799,248,12,2026-06-10,15,24,0.0030156204601421,0.0,0.4040281721766083,val,4
S26740,248,12,2026-06-10,61,21,0.0030460248723857,0.0120028304461333,0.439786505446041,val,4
S26769,248,12,2026-06-10,27,28,0.0030027179407473,0.0078952803062796,0.3970613500157164,val,4
S31280,248,12,2026-06-10,15,19,0.0029991047733748,0.0097678897820404,0.3972890217071425,val,4
S33241,248,12,2026-06-10,19,19,0.0030877518465284,0.0036199424596671,0.4084113558321705,val,4
S36149,248,12,2026-06-10,39,14,0.002963016909252,0.0,0.405779222581915,val,4
S38010,248,12,2026-06-10,28,25,0.0032631465607879,0.0112544334145713,0.4607709733621856,val,4
S41070,248,12,2026-06-10,52,31,0.0029708582055608,0.0165732959850606,0.4421453662852831,val,4
S00348,248,13,2026-06-10,54,25,0.0028172343297487,0.0,0.343349452371717,val,1
S12091,248,13,2026-06-10,22,15,0.0028733260926396,0.0026739838054501,0.4018394873890023,val,1
S15434,248,13,2026-06-10,40,13,0.0029119600716816,0.0,0.3802502880865736,val,1
S19121,248,13,2026-06-10,49,29,0.0029875141119608,0.0,0.4047981543156966,val,1
S22082,248,13,2026-06-10,33,28,0.0018372622985748,0.0,0.3605989270093131,val,1
S28480,248,13,2026-06-10,37,31,0.002208418467613,0.0,0.3827512530807531,val,1
S43335,248,13,2026-06-10,24,30,0.0029122587405611,0.0225809574041479,0.4330298146074849,val,1
S00348,248,13,2026-06-10,57,25,0.00284020186537,0.0,0.343349452371717,val,2
S12091,248,13,2026-06-10,24,15,0.0029299919065295,0.0026739838054501,0.4018394873890023,val,2
S15434,248,13,2026-06-10,45,13,0.0030232680921747,0.0,0.3802502880865736,val,2
S19121,248,13,2026-06-10,51,29,0.0030152963465751,0.0,0.4047981543156966,val,2
S22082,248,13,2026-06-10,31,28,0.0020813389547042,0.0,0.3605989270093131,val,2
S28480,248,13,2026-06-10,39,31,0.0023478870875497,0.0,0.3827512530807531,val,2
S43335,248,13,2026-06-10,26,31,0.0028581451149637,0.0225809574041479,0.4330298146074849,val,2
S00348,248,13,2026-06-10,50,25,0.0020996535729873,0.0,0.343349452371717,val,3
S12091,248,13,2026-06-10,24,14,0.0023640164592647,0.0026739838054501,0.4018394873890023,val,3
S15434,248,13,2026-06-10,36,13,0.002989631348566,0.0,0.3802502880865736,val,3
S19121,248,13,2026-06-10,45,29,0.0020071840634336,0.0,0.4047981543156966,val,3
S22082,248,13,2026-06-10,37,28,0.0024609143751799,0.0,0.3605989270093131,val,3
S28480,248,13,2026-06-10,32,31,0.0030483665871904,0.0,0.3827512530807531,val,3
S43335,248,13,2026-06-10,20,29,0.0027938852498603,0.0225809574041479,0.4330298146074849,val,3
S00348,248,13,2026-06-10,52,25,0.0028684117017934,0.0,0.343349452371717,val,4
S12091,248,13,2026-06-10,20,15,0.0029132530212118,0.0026739838054501,0.4018394873890023,val,4
S15434,248,13,2026-06-10,38,13,0.0029540393758841,0.0,0.3802502880865736,val,4
S19121,248,13,2026-06-10,47,29,0.002727798665455,0.0,0.4047981543156966,val,4
S22082,248,13,2026-06-10,35,28,0.0016315579820961,0.0,0.3605989270093131,val,4
S28480,248,13,2026-06-10,34,31,0.0028770925316318,0.0,0.3827512530807531,val,4
S43335,248,13,2026-06-10,22,29,0.00303841479219,0.0225809574041479,0.4330298146074849,val,4
S00348,248,14,2026-06-10,54,25,0.0028172343297487,0.0,0.343349452371717,val,1
S12091,248,14,2026-06-10,22,15,0.0028733260926396,0.0026739838054501,0.4018394873890023,val,1
S15434,248,14,2026-06-10,40,13,0.0029119600716816,0.0,0.3802502880865736,val,1
S19121,248,14,2026-06-10,49,29,0.0029875141119608,0.0,0.4047981543156966,val,1
S22082,248,14,2026-06-10,33,28,0.0018372622985748,0.0,0.3605989270093131,val,1
S28480,248,14,2026-06-10,37,31,0.002208418467613,0.0,0.3827512530807531,val,1
S43335,248,14,2026-06-10,24,30,0.0029122587405611,0.0225809574041479,0.4330298146074849,val,1
S00348,248,14,2026-06-10,57,25,0.00284020186537,0.0,0.343349452371717,val,2
S12091,248,14,2026-06-10,24,15,0.0029299919065295,0.0026739838054501,0.4018394873890023,val,2
S15434,248,14,2026-06-10,45,13,0.0030232680921747,0.0,0.3802502880865736,val,2
S19121,248,14,2026-06-10,51,29,0.0030152963465751,0.0,0.4047981543156966,val,2
S22082,248,14,2026-06-10,31,28,0.0020813389547042,0.0,0.3605989270093131,val,2
S28480,248,14,2026-06-10,39,31,0.0023478870875497,0.0,0.3827512530807531,val,2
S43335,248,14,2026-06-10,26,31,0.0028581451149637,0.0225809574041479,0.4330298146074849,val,2
S00348,248,14,2026-06-10,50,25,0.0020996535729873,0.0,0.343349452371717,val,3
S12091,248,14,2026-06-10,24,14,0.0023640164592647,0.0026739838054501,0.4018394873890023,val,3
S15434,248,14,2026-06-10,36,13,0.002989631348566,0.0,0.3802502880865736,val,3
S19121,248,14,2026-06-10,45,29,0.0020071840634336,0.0,0.4047981543156966,val,3
S22082,248,14,2026-06-10,37,28,0.0024609143751799,0.0,0.3605989270093131,val,3
S28480,248,14,2026-06-10,32,31,0.0030483665871904,0.0,0.3827512530807531,val,3
S43335,248,14,2026-06-10,20,29,0.0027938852498603,0.0225809574041479,0.4330298146074849,val,3
S00348,248,14,2026-06-10,52,25,0.0028684117017934,0.0,0.343349452371717,val,4
S12091,248,14,2026-06-10,20,15,0.0029132530212118,0.0026739838054501,0.4018394873890023,val,4
S15434,248,14,2026-06-10,38,13,0.0029540393758841,0.0,0.3802502880865736,val,4
S19121,248,14,2026-06-10,47,29,0.002727798665455,0.0,0.4047981543156966,val,4
S22082,248,14,2026-06-10,35,28,0.0016315579820961,0.0,0.3605989270093131,val,4
S28480,248,14,2026-06-10,34,31,0.0028770925316318,0.0,0.3827512530807531,val,4
S43335,248,14,2026-06-10,22,29,0.00303841479219,0.0225809574041479,0.4330298146074849,val,4
S01849,248,15,2026-06-09,13,22,0.0031074982711168,0.0014776757973354,0.426609517336551,val,1
S01853,248,15,2026-06-09,19,27,0.003072041895593,0.0,0.3943101280589691,val,1
S02163,248,15,2026-06-09,14,21,0.0030540524319954,0.0,0.4221684183828378,val,1
S03814,248,15,2026-06-09,47,23,0.0031062915056435,0.0,0.4073415641758626,val,1
S08081,248,15,2026-06-09,27,20,0.0030312106000911,0.008974723602891,0.3979535820613309,val,1
S08084,248,15,2026-06-09,51,13,0.0031819643771452,0.0082467530928287,0.405933917530433,val,1
S08457,248,15,2026-06-09,26,13,0.003174658547555,0.0083746166548714,0.4350131401045131,val,1
S08460,248,15,2026-06-09,49,12,0.0031303484428583,0.0177809897249492,0.4284394445562374,val,1
S10144,248,15,2026-06-09,59,24,0.0032546259081833,0.0116863267625504,0.4330907934282509,val,1
S11673,248,15,2026-06-09,55,14,0.0032322232159559,0.0,0.4786621243482089,val,1
S15766,248,15,2026-06-09,19,19,0.0031148167845672,0.0037347220187036,0.3894269327839008,val,1
S15767,248,15,2026-06-09,41,15,0.0031342310717624,0.0,0.4058431221102674,val,1
S15769,248,15,2026-06-09,51,30,0.0030846994780731,0.0018787115894202,0.4002154680665322,val,1
S15770,248,15,2026-06-09,53,27,0.003172658137951,0.0055476799089153,0.435160752529588,val,1
S16944,248,15,2026-06-09,44,31,0.0030185040062816,0.0,0.3849744688751955,val,1
S18396,248,15,2026-06-09,23,30,0.0030483290811047,0.0,0.3789873739574186,val,1
S20144,248,15,2026-06-09,16,25,0.0030822518275026,0.0,0.3908418367448441,val,1
S27097,248,15,2026-06-09,36,22,0.0029689197043243,0.0073972093023255,0.4170787316013198,val,1
S31677,248,15,2026-06-09,44,27,0.0030444051034544,0.0,0.4131423634534113,val,1
S36088,248,15,2026-06-09,22,28,0.0031296186768067,0.0,0.4366412522588137,val,1
S38027,248,15,2026-06-09,58,20,0.0032268348919087,0.0054177499441328,0.4726368376204715,val,1
S38820,248,15,2026-06-09,14,25,0.0029471423076465,0.0,0.3957251566540258,val,1
S40554,248,15,2026-06-09,54,23,0.0031330168747518,0.0,0.3936913762612843,val,1
S41431,248,15,2026-06-09,32,22,0.0031530340302728,0.0024505815816852,0.4464764856320447,val,1
S01849,248,15,2026-06-09,15,23,0.0030741190624095,0.0014776757973354,0.426609517336551,val,2
S01853,248,15,2026-06-09,20,27,0.0031154737277417,0.0,0.3943101280589691,val,2
S02163,248,15,2026-06-09,16,21,0.0030841841090645,0.0,0.4221684183828378,val,2
S03814,248,15,2026-06-09,49,23,0.0030721321766705,0.0,0.4073415641758626,val,2
S08081,248,15,2026-06-09,25,20,0.0030880830362812,0.008974723602891,0.3979535820613309,val,2
S08084,248,15,2026-06-09,54,14,0.0031627301877338,0.0082467530928287,0.405933917530433,val,2
S08457,248,15,2026-06-09,24,13,0.0031542231327394,0.0083746166548714,0.4350131401045131,val,2
S08460,248,15,2026-06-09,53,13,0.0032265409067807,0.0177809897249492,0.4284394445562374,val,2
S10144,248,15,2026-06-09,57,24,0.0032468631933381,0.0116863267625504,0.4330907934282509,val,2
S11673,248,15,2026-06-09,53,14,0.0031764293036968,0.0,0.4786621243482089,val,2
S15766,248,15,2026-06-09,21,19,0.0031404590341642,0.0037347220187036,0.3894269327839008,val,2
S15767,248,15,2026-06-09,43,15,0.0030470495748557,0.0,0.4058431221102674,val,2
S15769,248,15,2026-06-09,50,30,0.0030612379628446,0.0018787115894202,0.4002154680665322,val,2
S15770,248,15,2026-06-09,54,27,0.0031277743072815,0.0055476799089153,0.435160752529588,val,2
S16944,248,15,2026-06-09,45,31,0.002976452231083,0.0,0.3849744688751955,val,2
S18396,248,15,2026-06-09,24,30,0.003006199808473,0.0,0.3789873739574186,val,2
S20144,248,15,2026-06-09,17,25,0.0031108000057666,0.0,0.3908418367448441,val,2
S27097,248,15,2026-06-09,34,22,0.0031116129945673,0.0073972093023255,0.4170787316013198,val,2
S31677,248,15,2026-06-09,45,27,0.0031007489623927,0.0,0.4131423634534113,val,2
S36088,248,15,2026-06-09,21,28,0.0030660702185149,0.0,0.4366412522588137,val,2
S38027,248,15,2026-06-09,56,20,0.0031976186429992,0.0054177499441328,0.4726368376204715,val,2
S38820,248,15,2026-06-09,16,26,0.0030031671315856,0.0,0.3957251566540258,val,2
S40554,248,15,2026-06-09,56,23,0.0031686365008105,0.0,0.3936913762612843,val,2
S41431,248,15,2026-06-09,30,22,0.0031335020017501,0.0024505815816852,0.4464764856320447,val,2
S01849,248,15,2026-06-09,18,22,0.0030620394507831,0.0014776757973354,0.426609517336551,val,3
S01853,248,15,2026-06-09,17,26,0.0030891339043394,0.0,0.3943101280589691,val,3
S02163,248,15,2026-06-09,15,20,0.0030758126883758,0.0,0.4221684183828378,val,3
S03814,248,15,2026-06-09,43,23,0.0029667685918537,0.0,0.4073415641758626,val,3
S08081,248,15,2026-06-09,31,20,0.0030907708377547,0.008974723602891,0.3979535820613309,val,3
S08084,248,15,2026-06-09,47,13,0.0031733704059918,0.0082467530928287,0.405933917530433,val,3
S08457,248,15,2026-06-09,31,12,0.0031189623295737,0.0083746166548714,0.4350131401045131,val,3
S08460,248,15,2026-06-09,38,11,0.0030106231390471,0.0177809897249492,0.4284394445562374,val,3
S10144,248,15,2026-06-09,63,24,0.0031721712468655,0.0116863267625504,0.4330907934282509,val,3
S11673,248,15,2026-06-09,48,13,0.0031468222598623,0.0,0.4786621243482089,val,3
S15766,248,15,2026-06-09,14,19,0.0030733713127462,0.0037347220187036,0.3894269327839008,val,3
S15767,248,15,2026-06-09,37,15,0.0028614133103746,0.0,0.4058431221102674,val,3
S15769,248,15,2026-06-09,56,29,0.0028730408363498,0.0018787115894202,0.4002154680665322,val,3
S15770,248,15,2026-06-09,51,27,0.0031651740709024,0.0055476799089153,0.435160752529588,val,3
S16944,248,15,2026-06-09,42,31,0.0027613760933344,0.0,0.3849744688751955,val,3
S18396,248,15,2026-06-09,21,29,0.0030738078050513,0.0,0.3789873739574186,val,3
S20144,248,15,2026-06-09,14,24,0.003040773014544,0.0,0.3908418367448441,val,3
S27097,248,15,2026-06-09,41,22,0.0029824338595523,0.0073972093023255,0.4170787316013198,val,3
S31677,248,15,2026-06-09,42,27,0.0031134134652473,0.0,0.4131423634534113,val,3
S36088,248,15,2026-06-09,24,28,0.0031707535576771,0.0,0.4366412522588137,val,3
S38027,248,15,2026-06-09,62,20,0.0032033369268182,0.0054177499441328,0.4726368376204715,val,3
S38820,248,15,2026-06-09,19,15,0.0031375859616672,0.0,0.3957251566540258,val,3
S40554,248,15,2026-06-09,50,23,0.0031113707235849,0.0,0.3936913762612843,val,3
S41431,248,15,2026-06-09,37,22,0.0028388753665408,0.0024505815816852,0.4464764856320447,val,3
S01849,248,15,2026-06-09,16,22,0.0031050583626211,0.0014776757973354,0.426609517336551,val,4
S01853,248,15,2026-06-09,18,27,0.0030868108031015,0.0,0.3943101280589691,val,4
S02163,248,15,2026-06-09,13,20,0.0030517002877266,0.0,0.4221684183828378,val,4
S03814,248,15,2026-06-09,45,23,0.0030573649728442,0.0,0.4073415641758626,val,4
S08081,248,15,2026-06-09,29,20,0.0031509074233375,0.008974723602891,0.3979535820613309,val,4
S08084,248,15,2026-06-09,49,13,0.0032064115067903,0.0082467530928287,0.405933917530433,val,4
S08457,248,15,2026-06-09,29,12,0.003198950224163,0.0083746166548714,0.4350131401045131,val,4
S08460,248,15,2026-06-09,51,12,0.0029850567172936,0.0177809897249492,0.4284394445562374,val,4
S10144,248,15,2026-06-09,61,24,0.0031848925526141,0.0116863267625504,0.4330907934282509,val,4
S11673,248,15,2026-06-09,50,13,0.0031539096597431,0.0,0.4786621243482089,val,4
S15766,248,15,2026-06-09,17,19,0.0030909005855175,0.0037347220187036,0.3894269327839008,val,4
S15767,248,15,2026-06-09,39,15,0.0031575021944032,0.0,0.4058431221102674,val,4
S15769,248,15,2026-06-09,52,30,0.003088803082575,0.0018787115894202,0.4002154680665322,val,4
S15770,248,15,2026-06-09,52,27,0.0031394664018837,0.0055476799089153,0.435160752529588,val,4
S16944,248,15,2026-06-09,43,31,0.0030670280581134,0.0,0.3849744688751955,val,4
S18396,248,15,2026-06-09,22,29,0.0030761222643698,0.0,0.3789873739574186,val,4
S20144,248,15,2026-06-09,15,25,0.0030590710988671,0.0,0.3908418367448441,val,4
S27097,248,15,2026-06-09,38,22,0.0027682521078432,0.0073972093023255,0.4170787316013198,val,4
S31677,248,15,2026-06-09,43,27,0.0030168404136717,0.0,0.4131423634534113,val,4
S36088,248,15,2026-06-09,23,28,0.0031250628297872,0.0,0.4366412522588137,val,4
S38027,248,15,2026-06-09,60,20,0.003211054647268,0.0054177499441328,0.4726368376204715,val,4
S38820,248,15,2026-06-09,16,17,0.0030474324355857,0.0,0.3957251566540258,val,4
S40554,248,15,2026-06-09,52,23,0.0030977227492859,0.0,0.3936913762612843,val,4
S41431,248,15,2026-06-09,35,22,0.0030714010613231,0.0024505815816852,0.4464764856320447,val,4
S05822,248,16,2026-06-10,31,30,0.0031473030813469,0.0,0.4053604147251932,val,1
S05825,248,16,2026-06-10,26,25,0.0031486819541496,0.0,0.412781752338315,val,1
S05833,248,16,2026-06-10,23,23,0.00319529074885,0.0,0.4247673527897195,val,1
S08082,248,16,2026-06-10,27,22,0.0031123021642796,0.0101588902213016,0.4086788775111947,val,1
S11464,248,16,2026-06-10,33,20,0.0031505862227394,0.0143200081282689,0.4849323089306769,val,1
S15765,248,16,2026-06-10,38,17,0.0029849668709925,0.0111264089906757,0.4019256512904562,val,1
S16773,248,16,2026-06-10,57,21,0.0031432138185478,0.0,0.423430674046308,val,1
S17325,248,16,2026-06-10,36,13,0.0032413518892396,0.0203351096740714,0.4512418859918777,val,1
S24096,248,16,2026-06-10,27,26,0.0031480625738756,0.0,0.3728488671955752,val,1
S24098,248,16,2026-06-10,14,24,0.0030716656204347,0.0,0.4381949357503256,val,1
S24223,248,16,2026-06-10,16,19,0.0030690838588595,0.0,0.4201647684108485,val,1
S26152,248,16,2026-06-10,36,29,0.003103773095591,0.0,0.4577396663830472,val,1
S31818,248,16,2026-06-10,45,25,0.0026374386075281,0.0,0.3778971515091099,val,1
S32560,248,16,2026-06-10,50,29,0.003169580832175,0.0,0.4617418051519422,val,1
S38030,248,16,2026-06-10,61,25,0.0031484944844414,0.0028265697557036,0.4234344342140474,val,1
S43337,248,16,2026-06-10,44,11,0.0029058940397656,0.0122212864317901,0.5088213386056308,val,1
S43664,248,16,2026-06-10,19,26,0.0030849252632988,0.0080229388250914,0.4086436873925251,val,1
S05822,248,16,2026-06-10,30,30,0.0031466921279732,0.0,0.4053604147251932,val,2
S05825,248,16,2026-06-10,28,25,0.0030852584142542,0.0,0.412781752338315,val,2
S05833,248,16,2026-06-10,25,23,0.0031569563112432,0.0,0.4247673527897195,val,2
S08082,248,16,2026-06-10,25,22,0.0031747576584804,0.0101588902213016,0.4086788775111947,val,2
S11464,248,16,2026-06-10,31,20,0.0031531799634556,0.0143200081282689,0.4849323089306769,val,2
S15765,248,16,2026-06-10,40,17,0.0030519424564333,0.0111264089906757,0.4019256512904562,val,2
S16773,248,16,2026-06-10,59,21,0.003252890442038,0.0,0.423430674046308,val,2
S17325,248,16,2026-06-10,38,13,0.0032297262276876,0.0203351096740714,0.4512418859918777,val,2
S24096,248,16,2026-06-10,26,26,0.0031940749071197,0.0,0.3728488671955752,val,2
S24098,248,16,2026-06-10,16,25,0.0030467737225537,0.0,0.4381949357503256,val,2
S24223,248,16,2026-06-10,17,19,0.0030747975319035,0.0,0.4201647684108485,val,2
S26152,248,16,2026-06-10,38,29,0.003086824805728,0.0,0.4577396663830472,val,2
S31818,248,16,2026-06-10,47,25,0.0030208709323845,0.0,0.3778971515091099,val,2
S32560,248,16,2026-06-10,52,29,0.0031507334429484,0.0,0.4617418051519422,val,2
S38030,248,16,2026-06-10,63,25,0.0031793168993727,0.0028265697557036,0.4234344342140474,val,2
S43337,248,16,2026-06-10,50,12,0.0028161940833123,0.0122212864317901,0.5088213386056308,val,2
S43664,248,16,2026-06-10,17,26,0.0030809450346709,0.0080229388250914,0.4086436873925251,val,2
S05822,248,16,2026-06-10,34,30,0.0031193418323291,0.0,0.4053604147251932,val,3
S05825,248,16,2026-06-10,22,25,0.0030554249109441,0.0,0.412781752338315,val,3
S05833,248,16,2026-06-10,19,23,0.0030879011782971,0.0,0.4247673527897195,val,3
S08082,248,16,2026-06-10,31,22,0.0031295732253033,0.0101588902213016,0.4086788775111947,val,3
S11464,248,16,2026-06-10,37,20,0.0024063665976391,0.0143200081282689,0.4849323089306769,val,3
S15765,248,16,2026-06-10,34,17,0.0031603050978218,0.0111264089906757,0.4019256512904562,val,3
S16773,248,16,2026-06-10,53,21,0.0031534286240777,0.0,0.423430674046308,val,3
S17325,248,16,2026-06-10,32,13,0.0032263173209594,0.0203351096740714,0.4512418859918777,val,3
S24096,248,16,2026-06-10,29,26,0.0031149388530136,0.0,0.3728488671955752,val,3
S24098,248,16,2026-06-10,18,24,0.0031349155040003,0.0,0.4381949357503256,val,3
S24223,248,16,2026-06-10,15,18,0.0029890738034325,0.0,0.4201647684108485,val,3
S26152,248,16,2026-06-10,32,29,0.0030907292827135,0.0,0.4577396663830472,val,3
S31818,248,16,2026-06-10,40,25,0.002555668784474,0.0,0.3778971515091099,val,3
S32560,248,16,2026-06-10,48,29,0.0031356271347408,0.0,0.4617418051519422,val,3
S38030,248,16,2026-06-10,57,25,0.0031482923182148,0.0028265697557036,0.4234344342140474,val,3
S43337,248,16,2026-06-10,39,11,0.003186917135216,0.0122212864317901,0.5088213386056308,val,3
S43664,248,16,2026-06-10,21,26,0.0031384683011216,0.0080229388250914,0.4086436873925251,val,3
S05822,248,16,2026-06-10,32,30,0.0029279584029608,0.0,0.4053604147251932,val,4
S05825,248,16,2026-06-10,24,25,0.0031753637284978,0.0,0.412781752338315,val,4
S05833,248,16,2026-06-10,21,23,0.0030629063321077,0.0,0.4247673527897195,val,4
S08082,248,16,2026-06-10,29,22,0.0030612323105367,0.0101588902213016,0.4086788775111947,val,4
S11464,248,16,2026-06-10,35,20,0.0028905731206259,0.0143200081282689,0.4849323089306769,val,4
S15765,248,16,2026-06-10,36,17,0.0031092371095431,0.0111264089906757,0.4019256512904562,val,4
S16773,248,16,2026-06-10,55,21,0.003164008339269,0.0,0.423430674046308,val,4
S17325,248,16,2026-06-10,34,13,0.0032233560008669,0.0203351096740714,0.4512418859918777,val,4
S24096,248,16,2026-06-10,28,26,0.0031350492660945,0.0,0.3728488671955752,val,4
S24098,248,16,2026-06-10,16,24,0.0031164883968958,0.0,0.4381949357503256,val,4
S24223,248,16,2026-06-10,15,19,0.0030955332678828,0.0,0.4201647684108485,val,4
S26152,248,16,2026-06-10,34,29,0.0031201261040932,0.0,0.4577396663830472,val,4
S31818,248,16,2026-06-10,43,25,0.0024180844925801,0.0,0.3778971515091099,val,4
S32560,248,16,2026-06-10,49,29,0.0031926394985096,0.0,0.4617418051519422,val,4
S38030,248,16,2026-06-10,59,25,0.0031681888306244,0.0028265697557036,0.4234344342140474,val,4
S43337,248,16,2026-06-10,42,11,0.0029951271556982,0.0122212864317901,0.5088213386056308,val,4
S43664,248,16,2026-06-10,20,26,0.0031164028123591,0.0080229388250914,0.4086436873925251,val,4
S00330,248,17,2026-06-10,40,25,0.0018918042576798,0.0022366834080394,0.3916821587834936,val,1
S01224,248,17,2026-06-10,26,18,0.002710699360526,0.0145495210660671,0.4319285887260564,val,1
S03415,248,17,2026-06-10,28,25,0.0028695051884996,0.0044900982943047,0.4424662757638654,val,1
S03422,248,17,2026-06-10,19,17,0.0030875444484851,0.0028444047639487,0.4158963586333333,val,1
S04455,248,17,2026-06-10,45,11,0.0033258318663293,0.0,0.5124081098017311,val,1
S05648,248,17,2026-06-10,28,13,0.0032183942539786,0.0051127479219817,0.402122229253089,val,1
S09926,248,17,2026-06-10,38,12,0.0031182099533008,0.0091332472251099,0.3625769779067166,val,1
S11023,248,17,2026-06-10,54,30,0.0033142887678873,0.0156930624148715,0.4745060507741592,val,1
S12335,248,17,2026-06-10,23,26,0.0030967623709668,0.0,0.4099778720120046,val,1
S17656,248,17,2026-06-10,38,11,0.0033032915310224,0.0122567340604205,0.4464696167325057,val,1
S21269,248,17,2026-06-10,27,30,0.0031950516300448,0.0,0.459105623891249,val,1
S21270,248,17,2026-06-10,53,14,0.0032139315293927,0.0037506603275224,0.4339994107107101,val,1
S21505,248,17,2026-06-10,17,18,0.0029644429848778,0.0,0.4705309589447857,val,1
S22988,248,17,2026-06-10,63,20,0.003231793240947,0.0,0.4387504483169155,val,1
S26238,248,17,2026-06-10,54,17,0.0031305213972654,0.0,0.4397073707117282,val,1
S29625,248,17,2026-06-10,26,24,0.0029132929399587,0.0,0.4520924251592844,val,1
S30132,248,17,2026-06-10,59,25,0.0032101396288903,0.0,0.444574980839673,val,1
S31264,248,17,2026-06-10,31,16,0.0028561433889957,0.0078114440012196,0.3398892100473599,val,1
S32662,248,17,2026-06-10,32,32,0.0032767397543241,0.0,0.4756066844573235,val,1
S35930,248,17,2026-06-10,60,27,0.0032681536372002,0.0,0.5067534794423468,val,1
S37803,248,17,2026-06-10,14,25,0.0031283487985873,0.0,0.4958063025437252,val,1
S00330,248,17,2026-06-10,53,25,0.0030324427284532,0.0022366834080394,0.3916821587834936,val,2
S01224,248,17,2026-06-10,23,18,0.0029315075662526,0.0145495210660671,0.4319285887260564,val,2
S03415,248,17,2026-06-10,51,25,0.0029352361658058,0.0044900982943047,0.4424662757638654,val,2
S03422,248,17,2026-06-10,22,17,0.0030116078357715,0.0028444047639487,0.4158963586333333,val,2
S04455,248,17,2026-06-10,43,11,0.0032695700711332,0.0,0.5124081098017311,val,2
S05648,248,17,2026-06-10,30,13,0.0031397281275098,0.0051127479219817,0.402122229253089,val,2
S09926,248,17,2026-06-10,36,12,0.0031816309230383,0.0091332472251099,0.3625769779067166,val,2
S11023,248,17,2026-06-10,52,31,0.003358900338649,0.0156930624148715,0.4745060507741592,val,2
S12335,248,17,2026-06-10,21,26,0.0030291621381022,0.0,0.4099778720120046,val,2
S17656,248,17,2026-06-10,40,11,0.0032311021635885,0.0122567340604205,0.4464696167325057,val,2
S21269,248,17,2026-06-10,33,31,0.0031846771756971,0.0,0.459105623891249,val,2
S21270,248,17,2026-06-10,51,14,0.0032189544504434,0.0037506603275224,0.4339994107107101,val,2
S21505,248,17,2026-06-10,14,19,0.0029105092078937,0.0,0.4705309589447857,val,2
S22988,248,17,2026-06-10,59,20,0.0031651528962874,0.0,0.4387504483169155,val,2
S26238,248,17,2026-06-10,56,17,0.0031902311629644,0.0,0.4397073707117282,val,2
S29625,248,17,2026-06-10,22,24,0.0029037539017013,0.0,0.4520924251592844,val,2
S30132,248,17,2026-06-10,62,25,0.0031202279667666,0.0,0.444574980839673,val,2
S31264,248,17,2026-06-10,29,16,0.0028974637770082,0.0078114440012196,0.3398892100473599,val,2
S32662,248,17,2026-06-10,35,32,0.0033127914202192,0.0,0.4756066844573235,val,2
S35930,248,17,2026-06-10,57,28,0.0032199382822707,0.0,0.5067534794423468,val,2
S37803,248,17,2026-06-10,19,28,0.0031545895655275,0.0,0.4958063025437252,val,2
S00330,248,17,2026-06-10,25,25,0.0028718848521575,0.0022366834080394,0.3916821587834936,val,3
S01224,248,17,2026-06-10,54,18,0.0030779199935824,0.0145495210660671,0.4319285887260564,val,3
S03415,248,17,2026-06-10,24,25,0.0030171527405266,0.0044900982943047,0.4424662757638654,val,3
S03422,248,17,2026-06-10,19,16,0.0031141564366647,0.0028444047639487,0.4158963586333333,val,3
S04455,248,17,2026-06-09,46,31,0.002691131940682,0.0,0.5124081098017311,val,3
S05648,248,17,2026-06-10,34,12,0.0031331080759898,0.0051127479219817,0.402122229253089,val,3
S09926,248,17,2026-06-10,42,12,0.002678932690934,0.0091332472251099,0.3625769779067166,val,3
S11023,248,17,2026-06-10,58,29,0.003306114583679,0.0156930624148715,0.4745060507741592,val,3
S12335,248,17,2026-06-10,27,26,0.002918661804395,0.0,0.4099778720120046,val,3
S17656,248,17,2026-06-10,32,11,0.0032573231768942,0.0122567340604205,0.4464696167325057,val,3
S21269,248,17,2026-06-10,31,30,0.0031700091857107,0.0,0.459105623891249,val,3
S21270,248,17,2026-06-10,52,13,0.0032665772475176,0.0037506603275224,0.4339994107107101,val,3
S21505,248,17,2026-06-10,21,18,0.0028008118401236,0.0,0.4705309589447857,val,3
S22988,248,17,2026-06-10,64,19,0.0032350774022517,0.0,0.4387504483169155,val,3
S26238,248,17,2026-06-10,47,17,0.0022883739540086,0.0,0.4397073707117282,val,3
S29625,248,17,2026-06-10,58,24,0.003187635491184,0.0,0.4520924251592844,val,3
S30132,248,17,2026-06-10,54,25,0.003022356844956,0.0,0.444574980839673,val,3
S31264,248,17,2026-06-10,43,16,0.0028934864600121,0.0078114440012196,0.3398892100473599,val,3
S32662,248,17,2026-06-10,28,31,0.0032823167458001,0.0,0.4756066844573235,val,3
S35930,248,17,2026-06-10,56,27,0.003195128423741,0.0,0.5067534794423468,val,3
S37803,248,17,2026-06-10,14,18,0.0031504296003988,0.0,0.4958063025437252,val,3
S00330,248,17,2026-06-10,27,25,0.0028681392017653,0.0022366834080394,0.3916821587834936,val,4
S01224,248,17,2026-06-10,28,18,0.0026402881441318,0.0145495210660671,0.4319285887260564,val,4
S03415,248,17,2026-06-10,26,25,0.0029739671595918,0.0044900982943047,0.4424662757638654,val,4
S03422,248,17,2026-06-10,17,17,0.0030653505463211,0.0028444047639487,0.4158963586333333,val,4
S04455,248,17,2026-06-09,48,31,0.002349568027388,0.0,0.5124081098017311,val,4
S05648,248,17,2026-06-10,32,12,0.0031575238417492,0.0051127479219817,0.402122229253089,val,4
S09926,248,17,2026-06-10,40,12,0.0031217935923349,0.0091332472251099,0.3625769779067166,val,4
S11023,248,17,2026-06-10,56,30,0.0032544534208739,0.0156930624148715,0.4745060507741592,val,4
S12335,248,17,2026-06-10,25,26,0.0029417433199783,0.0,0.4099778720120046,val,4
S17656,248,17,2026-06-10,35,11,0.003353644895786,0.0122567340604205,0.4464696167325057,val,4
S21269,248,17,2026-06-10,29,30,0.0031482973785677,0.0,0.459105623891249,val,4
S21270,248,17,2026-06-10,55,14,0.0033026574941505,0.0037506603275224,0.4339994107107101,val,4
S21505,248,17,2026-06-10,19,18,0.0030121953293333,0.0,0.4705309589447857,val,4
S22988,248,17,2026-06-10,65,20,0.0032880918947747,0.0,0.4387504483169155,val,4
S26238,248,17,2026-06-10,52,17,0.0030798872639731,0.0,0.4397073707117282,val,4
S29625,248,17,2026-06-10,55,24,0.0029771450230086,0.0,0.4520924251592844,val,4
S30132,248,17,2026-06-10,57,25,0.0030931766355142,0.0,0.444574980839673,val,4
S31264,248,17,2026-06-10,34,16,0.0028630405337117,0.0078114440012196,0.3398892100473599,val,4
S32662,248,17,2026-06-10,30,31,0.0032789905110592,0.0,0.4756066844573235,val,4
S35930,248,17,2026-06-10,58,27,0.0031743665699484,0.0,0.5067534794423468,val,4
S37803,248,17,2026-06-10,13,19,0.0030772745669658,0.0,0.4958063025437252,val,4
S03417,248,18,2026-06-09,31,21,0.0030851201545106,0.0121115751444646,0.4363996354200643,val,1
S03436,248,18,2026-06-09,42,14,0.0031182059040266,0.0030537352958344,0.4301697033901496,val,1
S05656,248,18,2026-06-09,57,20,0.0031210303937142,0.0068966713500199,0.4414563481195555,val,1
S06944,248,18,2026-06-09,24,24,0.0030726591558398,0.0022582389371282,0.41490889367399,val,1
S08613,248,18,2026-06-09,44,21,0.0028036473122985,0.0,0.3861158604840426,val,1
S09922,248,18,2026-06-09,60,27,0.0030490876896374,0.0131534721725989,0.4155390578292475,val,1
S13456,248,18,2026-06-09,23,30,0.0029899285214637,0.0018500733328866,0.432015153055425,val,1
S14475,248,18,2026-06-09,42,30,0.0030117231686755,0.0,0.4196612719963186,val,1
S14476,248,18,2026-06-09,23,20,0.003062376511675,0.0,0.4177781794178268,val,1
S22079,248,18,2026-06-09,50,24,0.0031301507329505,0.0,0.4546086323958904,val,1
S22086,248,18,2026-06-09,43,14,0.0031344875956651,0.0,0.4159675941606184,val,1
S22355,248,18,2026-06-09,47,29,0.0030934901640421,0.0,0.4157042777673276,val,1
S23753,248,18,2026-06-09,59,18,0.0031178175601345,0.0,0.4211635596094819,val,1
S26741,248,18,2026-06-09,19,17,0.003070106857018,0.0249682245432121,0.4154673640155306,val,1
S29084,248,18,2026-06-09,35,14,0.0031282648639925,0.0,0.4272130040806464,val,1
S30134,248,18,2026-06-09,59,27,0.003136834251244,0.0,0.4201263380930639,val,1
S32999,248,18,2026-06-09,56,16,0.0032053599883352,0.0,0.4275044170653932,val,1
S33230,248,18,2026-06-09,49,17,0.0030684275271531,0.0017865102301974,0.3968347706062463,val,1
S34960,248,18,2026-06-09,19,27,0.0028430924130102,0.0,0.4203873705163302,val,1
S35050,248,18,2026-06-09,49,26,0.0030267425006049,0.0,0.3867882389525674,val,1
S35921,248,18,2026-06-09,33,30,0.0030366770305402,0.0020146987883431,0.42086357465367,val,1
S38941,248,18,2026-06-09,38,32,0.0028237594617609,0.0,0.3928475725688998,val,1
S03417,248,18,2026-06-09,33,21,0.002949924484558,0.0121115751444646,0.4363996354200643,val,2
S03436,248,18,2026-06-09,40,14,0.0031202641059887,0.0030537352958344,0.4301697033901496,val,2
S05656,248,18,2026-06-09,55,20,0.0031274608770153,0.0068966713500199,0.4414563481195555,val,2
S06944,248,18,2026-06-09,22,24,0.0030967074733519,0.0022582389371282,0.41490889367399,val,2
S08613,248,18,2026-06-09,46,21,0.0027039833320786,0.0,0.3861158604840426,val,2
S09922,248,18,2026-06-09,58,28,0.0031318309089673,0.0131534721725989,0.4155390578292475,val,2
S13456,248,18,2026-06-09,25,30,0.0027346991443265,0.0018500733328866,0.432015153055425,val,2
S14475,248,18,2026-06-09,40,30,0.003108551581512,0.0,0.4196612719963186,val,2
S14476,248,18,2026-06-09,21,20,0.0030521357717579,0.0,0.4177781794178268,val,2
S22079,248,18,2026-06-09,48,24,0.0030193302907549,0.0,0.4546086323958904,val,2
S22086,248,18,2026-06-09,41,14,0.0030712711176224,0.0,0.4159675941606184,val,2
S22355,248,18,2026-06-09,49,29,0.003034122972203,0.0,0.4157042777673276,val,2
S23753,248,18,2026-06-09,57,18,0.003155441305047,0.0,0.4211635596094819,val,2
S26741,248,18,2026-06-09,21,17,0.0031868486231974,0.0249682245432121,0.4154673640155306,val,2
S29084,248,18,2026-06-09,33,14,0.0031666403158283,0.0,0.4272130040806464,val,2
S30134,248,18,2026-06-09,61,27,0.0030122763613557,0.0,0.4201263380930639,val,2
S32999,248,18,2026-06-09,54,16,0.0032122913511579,0.0,0.4275044170653932,val,2
S33230,248,18,2026-06-09,51,17,0.0031699652585587,0.0017865102301974,0.3968347706062463,val,2
S34960,248,18,2026-06-09,21,27,0.0030744954561168,0.0,0.4203873705163302,val,2
S35050,248,18,2026-06-09,47,26,0.0029978202709959,0.0,0.3867882389525674,val,2
S35921,248,18,2026-06-09,31,30,0.0031368047267752,0.0020146987883431,0.42086357465367,val,2
S38941,248,18,2026-06-10,49,12,0.0024342528748471,0.0,0.3928475725688998,val,2
S03417,248,18,2026-06-09,29,21,0.0031117846749552,0.0121115751444646,0.4363996354200643,val,3
S03436,248,18,2026-06-09,46,14,0.0031703608874123,0.0030537352958344,0.4301697033901496,val,3
S05656,248,18,2026-06-09,61,20,0.003144323019931,0.0068966713500199,0.4414563481195555,val,3
S06944,248,18,2026-06-09,28,24,0.0030319845454302,0.0022582389371282,0.41490889367399,val,3
S08613,248,18,2026-06-09,40,21,0.0028663677537507,0.0,0.3861158604840426,val,3
S09922,248,18,2026-06-09,56,27,0.0031106399459309,0.0131534721725989,0.4155390578292475,val,3
S13456,248,18,2026-06-09,18,28,0.002636254178715,0.0018500733328866,0.432015153055425,val,3
S14475,248,18,2026-06-09,46,30,0.003052979454275,0.0,0.4196612719963186,val,3
S14476,248,18,2026-06-09,27,20,0.0030415860578324,0.0,0.4177781794178268,val,3
S22079,248,18,2026-06-09,54,24,0.0031057209075723,0.0,0.4546086323958904,val,3
S22086,248,18,2026-06-09,47,14,0.003258360005199,0.0,0.4159675941606184,val,3
S22355,248,18,2026-06-09,43,29,0.0030187365811649,0.0,0.4157042777673276,val,3
S23753,248,18,2026-06-09,62,17,0.00316673932808,0.0,0.4211635596094819,val,3
S26741,248,18,2026-06-09,19,16,0.0030281143499035,0.0249682245432121,0.4154673640155306,val,3
S29084,248,18,2026-06-09,39,14,0.0030671628655971,0.0,0.4272130040806464,val,3
S30134,248,18,2026-06-09,55,27,0.0030801821116639,0.0,0.4201263380930639,val,3
S32999,248,18,2026-06-09,60,16,0.0031926896811135,0.0,0.4275044170653932,val,3
S33230,248,18,2026-06-09,45,17,0.002590909176217,0.0017865102301974,0.3968347706062463,val,3
S34960,248,18,2026-06-09,20,26,0.0030245765327641,0.0,0.4203873705163302,val,3
S35050,248,18,2026-06-09,53,26,0.0030837134623396,0.0,0.3867882389525674,val,3
S35921,248,18,2026-06-09,37,30,0.003105836862813,0.0020146987883431,0.42086357465367,val,3
S38941,248,18,2026-06-09,53,31,0.0030180427981212,0.0,0.3928475725688998,val,3
S03417,248,18,2026-06-09,30,21,0.0030467330717922,0.0121115751444646,0.4363996354200643,val,4
S03436,248,18,2026-06-09,44,14,0.0031511398459483,0.0030537352958344,0.4301697033901496,val,4
S05656,248,18,2026-06-09,59,20,0.003079053021588,0.0068966713500199,0.4414563481195555,val,4
S06944,248,18,2026-06-09,26,24,0.0030244753919487,0.0022582389371282,0.41490889367399,val,4
S08613,248,18,2026-06-09,42,21,0.0028563947251586,0.0,0.3861158604840426,val,4
S09922,248,18,2026-06-09,58,27,0.0030953923937711,0.0131534721725989,0.4155390578292475,val,4
S13456,248,18,2026-06-09,21,29,0.0030083170590553,0.0018500733328866,0.432015153055425,val,4
S14475,248,18,2026-06-09,44,30,0.0030768663311507,0.0,0.4196612719963186,val,4
S14476,248,18,2026-06-09,25,20,0.0030116809218778,0.0,0.4177781794178268,val,4
S22079,248,18,2026-06-09,52,24,0.0030988779558911,0.0,0.4546086323958904,val,4
S22086,248,18,2026-06-09,45,14,0.0031161746967253,0.0,0.4159675941606184,val,4
S22355,248,18,2026-06-09,45,29,0.0030804248956144,0.0,0.4157042777673276,val,4
S23753,248,18,2026-06-09,62,18,0.0031040514344622,0.0,0.4211635596094819,val,4
S26741,248,18,2026-06-09,17,17,0.0029709087960665,0.0249682245432121,0.4154673640155306,val,4
S29084,248,18,2026-06-09,37,14,0.003088481041116,0.0,0.4272130040806464,val,4
S30134,248,18,2026-06-09,57,27,0.0030889544484994,0.0,0.4201263380930639,val,4
S32999,248,18,2026-06-09,58,16,0.0031123470468556,0.0,0.4275044170653932,val,4
S33230,248,18,2026-06-09,47,17,0.0030419236249896,0.0017865102301974,0.3968347706062463,val,4
S34960,248,18,2026-06-09,17,26,0.0030594471625357,0.0,0.4203873705163302,val,4
S35050,248,18,2026-06-09,51,26,0.003040357719297,0.0,0.3867882389525674,val,4
S35921,248,18,2026-06-09,35,30,0.0029805400457991,0.0020146987883431,0.42086357465367,val,4
S38941,248,18,2026-06-09,42,32,0.002807417740236,0.0,0.3928475725688998,val,4
S02298,248,19,2026-06-10,46,24,0.0011846055441278,0.0089155978114629,0.3431821613856089,val,1
S04281,248,19,2026-06-10,29,17,0.0016751806329657,0.0,0.3983413589030564,val,1
S09469,248,19,2026-06-10,53,18,0.0025200564936286,0.0,0.371062803083509,val,1
S09543,248,19,2026-06-10,53,22,0.0022867470255944,0.0,0.42467658194446,val,1
S12329,248,19,2026-06-10,56,23,0.0026000886737647,0.0,0.3524017710357325,val,1
S16467,248,19,2026-06-10,49,23,0.0019133523360386,0.0,0.3666863839202205,val,1
S18288,248,19,2026-06-10,53,25,0.0026405833970989,0.0,0.3813084981115155,val,1
S21503,248,19,2026-06-10,22,23,0.0020292222336342,0.0,0.3553488034111288,val,1
S22084,248,19,2026-06-10,21,16,0.0027778258856837,0.0,0.4160620635939136,val,1
S22980,248,19,2026-06-10,29,18,0.0019800736686115,0.0,0.3498610660468707,val,1
S26116,248,19,2026-06-10,49,20,0.0018473163373821,0.0,0.3746443506952516,val,1
S27541,248,19,2026-06-10,56,21,0.0026407426602678,0.0,0.3664471799687017,val,1
S28978,248,19,2026-06-10,25,27,0.0020279144105784,0.0,0.3311374307651193,val,1
S33221,248,19,2026-06-10,42,28,0.0017211641502422,0.0072266995285196,0.3273630560098635,val,1
S33225,248,19,2026-06-10,43,28,0.0017330881422472,0.001802997982964,0.34595466929452,val,1
S36381,248,19,2026-06-10,21,26,0.0022232695056651,0.0,0.3950150719780983,val,1
S40512,248,19,2026-06-10,47,13,0.0031478350776863,0.0,0.4537178616835747,val,1
S43336,248,19,2026-06-10,49,12,0.0032378409380301,0.0221182516693659,0.4635184344326866,val,1
S02298,248,19,2026-06-10,30,24,0.0013207272436031,0.0089155978114629,0.3431821613856089,val,2
S04281,248,19,2026-06-10,31,17,0.001446715866242,0.0,0.3983413589030564,val,2
S09469,248,19,2026-06-10,51,18,0.0025396261259557,0.0,0.371062803083509,val,2
S09543,248,19,2026-06-10,51,22,0.0022230036344554,0.0,0.42467658194446,val,2
S12329,248,19,2026-06-10,58,23,0.0028860091686997,0.0,0.3524017710357325,val,2
S16467,248,19,2026-06-10,51,23,0.0015139034976504,0.0,0.3666863839202205,val,2
S18288,248,19,2026-06-10,55,25,0.0025907767588834,0.0,0.3813084981115155,val,2
S21503,248,19,2026-06-10,24,23,0.0015246507205589,0.0,0.3553488034111288,val,2
S22084,248,19,2026-06-10,19,16,0.00300427424083,0.0,0.4160620635939136,val,2
S22980,248,19,2026-06-10,27,18,0.001719225540266,0.0,0.3498610660468707,val,2
S26116,248,19,2026-06-10,47,20,0.0013073567151545,0.0,0.3746443506952516,val,2
S27541,248,19,2026-06-10,58,21,0.002740084520116,0.0,0.3664471799687017,val,2
S28978,248,19,2026-06-10,28,27,0.0017342367331625,0.0,0.3311374307651193,val,2
S33221,248,19,2026-06-10,40,28,0.001440965488071,0.0072266995285196,0.3273630560098635,val,2
S33225,248,19,2026-06-10,41,28,0.0015587592798648,0.001802997982964,0.34595466929452,val,2
S36381,248,19,2026-06-10,19,26,0.0026398425693735,0.0,0.3950150719780983,val,2
S40512,248,19,2026-06-10,50,13,0.0032272030479947,0.0,0.4537178616835747,val,2
S43336,248,19,2026-06-10,50,12,0.0033417169287013,0.0221182516693659,0.4635184344326866,val,2
S02298,248,19,2026-06-10,50,24,0.0013743716987467,0.0089155978114629,0.3431821613856089,val,3
S04281,248,19,2026-06-10,25,17,0.0024293958368303,0.0,0.3983413589030564,val,3
S09469,248,19,2026-06-10,57,18,0.0028464121419841,0.0,0.371062803083509,val,3
S09543,248,19,2026-06-10,57,22,0.0027608672747907,0.0,0.42467658194446,val,3
S12329,248,19,2026-06-10,52,23,0.0016195060150768,0.0,0.3524017710357325,val,3
S16467,248,19,2026-06-10,29,23,0.0020345947432659,0.0,0.3666863839202205,val,3
S18288,248,19,2026-06-10,49,25,0.0021476287594313,0.0,0.3813084981115155,val,3
S21503,248,19,2026-06-10,18,23,0.0025200845389115,0.0,0.3553488034111288,val,3
S22084,248,19,2026-06-10,26,16,0.0028431798011133,0.0,0.4160620635939136,val,3
S22980,248,19,2026-06-10,33,18,0.0013211149969263,0.0,0.3498610660468707,val,3
S26116,248,19,2026-06-10,53,20,0.0023334222443559,0.0,0.3746443506952516,val,3
S27541,248,19,2026-06-10,52,21,0.0020913668088823,0.0,0.3664471799687017,val,3
S28978,248,19,2026-06-10,21,27,0.0026973692066616,0.0,0.3311374307651193,val,3
S33221,248,19,2026-06-10,47,28,0.0017702309667533,0.0072266995285196,0.3273630560098635,val,3
S33225,248,19,2026-06-10,48,28,0.0019572442327661,0.001802997982964,0.34595466929452,val,3
S36381,248,19,2026-06-10,25,26,0.0017832274505901,0.0,0.3950150719780983,val,3
S40512,248,19,2026-06-10,45,13,0.0029442293359411,0.0,0.4537178616835747,val,3
S43336,248,19,2026-06-10,46,11,0.0032649140506605,0.0221182516693659,0.4635184344326866,val,3
S02298,248,19,2026-06-10,48,24,0.001438551841108,0.0089155978114629,0.3431821613856089,val,4
S04281,248,19,2026-06-10,27,17,0.0022365563000333,0.0,0.3983413589030564,val,4
S09469,248,19,2026-06-10,55,18,0.0028255083980053,0.0,0.371062803083509,val,4
S09543,248,19,2026-06-10,55,22,0.0023943131642159,0.0,0.42467658194446,val,4
S12329,248,19,2026-06-10,54,23,0.0025006392982246,0.0,0.3524017710357325,val,4
S16467,248,19,2026-06-10,47,23,0.0011717570173298,0.0,0.3666863839202205,val,4
S18288,248,19,2026-06-10,51,25,0.0021874023998983,0.0,0.3813084981115155,val,4
S21503,248,19,2026-06-10,20,23,0.0022842700707555,0.0,0.3553488034111288,val,4
S22084,248,19,2026-06-10,23,16,0.0026747244109882,0.0,0.4160620635939136,val,4
S22980,248,19,2026-06-10,31,18,0.0019299109535186,0.0,0.3498610660468707,val,4
S26116,248,19,2026-06-10,51,20,0.0019234554122957,0.0,0.3746443506952516,val,4
S27541,248,19,2026-06-10,54,21,0.0023875821928623,0.0,0.3664471799687017,val,4
S28978,248,19,2026-06-10,23,27,0.0023539154599026,0.0,0.3311374307651193,val,4
S33221,248,19,2026-06-10,45,28,0.001870405626688,0.0072266995285196,0.3273630560098635,val,4
S33225,248,19,2026-06-10,46,28,0.0018974168031419,0.001802997982964,0.34595466929452,val,4
S36381,248,19,2026-06-10,23,26,0.0024535614908013,0.0,0.3950150719780983,val,4
S40512,248,19,2026-06-10,46,13,0.0030424924135902,0.0,0.4537178616835747,val,4
S43336,248,19,2026-06-10,48,12,0.003235273800747,0.0221182516693659,0.4635184344326866,val,4
S01849,248,20,2026-06-09,13,22,0.0031074982711168,0.0014776757973354,0.426609517336551,val,1
S01853,248,20,2026-06-09,19,27,0.003072041895593,0.0,0.3943101280589691,val,1
S02163,248,20,2026-06-09,14,21,0.0030540524319954,0.0,0.4221684183828378,val,1
S03814,248,20,2026-06-09,47,23,0.0031062915056435,0.0,0.4073415641758626,val,1
S08081,248,20,2026-06-09,27,20,0.0030312106000911,0.008974723602891,0.3979535820613309,val,1
S08084,248,20,2026-06-09,51,13,0.0031819643771452,0.0082467530928287,0.405933917530433,val,1
S08457,248,20,2026-06-09,26,13,0.003174658547555,0.0083746166548714,0.4350131401045131,val,1
S08460,248,20,2026-06-09,49,12,0.0031303484428583,0.0177809897249492,0.4284394445562374,val,1
S10144,248,20,2026-06-09,59,24,0.0032546259081833,0.0116863267625504,0.4330907934282509,val,1
S11673,248,20,2026-06-09,55,14,0.0032322232159559,0.0,0.4786621243482089,val,1
S15766,248,20,2026-06-09,19,19,0.0031148167845672,0.0037347220187036,0.3894269327839008,val,1
S15767,248,20,2026-06-09,41,15,0.0031342310717624,0.0,0.4058431221102674,val,1
S15769,248,20,2026-06-09,51,30,0.0030846994780731,0.0018787115894202,0.4002154680665322,val,1
S15770,248,20,2026-06-09,53,27,0.003172658137951,0.0055476799089153,0.435160752529588,val,1
S16944,248,20,2026-06-09,44,31,0.0030185040062816,0.0,0.3849744688751955,val,1
S18396,248,20,2026-06-09,23,30,0.0030483290811047,0.0,0.3789873739574186,val,1
S20144,248,20,2026-06-09,16,25,0.0030822518275026,0.0,0.3908418367448441,val,1
S27097,248,20,2026-06-09,36,22,0.0029689197043243,0.0073972093023255,0.4170787316013198,val,1
S31677,248,20,2026-06-09,44,27,0.0030444051034544,0.0,0.4131423634534113,val,1
S36088,248,20,2026-06-09,22,28,0.0031296186768067,0.0,0.4366412522588137,val,1
S38027,248,20,2026-06-09,58,20,0.0032268348919087,0.0054177499441328,0.4726368376204715,val,1
S38820,248,20,2026-06-09,14,25,0.0029471423076465,0.0,0.3957251566540258,val,1
S40554,248,20,2026-06-09,54,23,0.0031330168747518,0.0,0.3936913762612843,val,1
S41431,248,20,2026-06-09,32,22,0.0031530340302728,0.0024505815816852,0.4464764856320447,val,1
S01849,248,20,2026-06-09,15,23,0.0030741190624095,0.0014776757973354,0.426609517336551,val,2
S01853,248,20,2026-06-09,20,27,0.0031154737277417,0.0,0.3943101280589691,val,2
S02163,248,20,2026-06-09,16,21,0.0030841841090645,0.0,0.4221684183828378,val,2
S03814,248,20,2026-06-09,49,23,0.0030721321766705,0.0,0.4073415641758626,val,2
S08081,248,20,2026-06-09,25,20,0.0030880830362812,0.008974723602891,0.3979535820613309,val,2
S08084,248,20,2026-06-09,54,14,0.0031627301877338,0.0082467530928287,0.405933917530433,val,2
S08457,248,20,2026-06-09,24,13,0.0031542231327394,0.0083746166548714,0.4350131401045131,val,2
S08460,248,20,2026-06-09,53,13,0.0032265409067807,0.0177809897249492,0.4284394445562374,val,2
S10144,248,20,2026-06-09,57,24,0.0032468631933381,0.0116863267625504,0.4330907934282509,val,2
S11673,248,20,2026-06-09,53,14,0.0031764293036968,0.0,0.4786621243482089,val,2
S15766,248,20,2026-06-09,21,19,0.0031404590341642,0.0037347220187036,0.3894269327839008,val,2
S15767,248,20,2026-06-09,43,15,0.0030470495748557,0.0,0.4058431221102674,val,2
S15769,248,20,2026-06-09,50,30,0.0030612379628446,0.0018787115894202,0.4002154680665322,val,2
S15770,248,20,2026-06-09,54,27,0.0031277743072815,0.0055476799089153,0.435160752529588,val,2
S16944,248,20,2026-06-09,45,31,0.002976452231083,0.0,0.3849744688751955,val,2
S18396,248,20,2026-06-09,24,30,0.003006199808473,0.0,0.3789873739574186,val,2
S20144,248,20,2026-06-09,17,25,0.0031108000057666,0.0,0.3908418367448441,val,2
S27097,248,20,2026-06-09,34,22,0.0031116129945673,0.0073972093023255,0.4170787316013198,val,2
S31677,248,20,2026-06-09,45,27,0.0031007489623927,0.0,0.4131423634534113,val,2
S36088,248,20,2026-06-09,21,28,0.0030660702185149,0.0,0.4366412522588137,val,2
S38027,248,20,2026-06-09,56,20,0.0031976186429992,0.0054177499441328,0.4726368376204715,val,2
S38820,248,20,2026-06-09,16,26,0.0030031671315856,0.0,0.3957251566540258,val,2
S40554,248,20,2026-06-09,56,23,0.0031686365008105,0.0,0.3936913762612843,val,2
S41431,248,20,2026-06-09,30,22,0.0031335020017501,0.0024505815816852,0.4464764856320447,val,2
S01849,248,20,2026-06-09,18,22,0.0030620394507831,0.0014776757973354,0.426609517336551,val,3
S01853,248,20,2026-06-09,17,26,0.0030891339043394,0.0,0.3943101280589691,val,3
S02163,248,20,2026-06-09,15,20,0.0030758126883758,0.0,0.4221684183828378,val,3
S03814,248,20,2026-06-09,43,23,0.0029667685918537,0.0,0.4073415641758626,val,3
S08081,248,20,2026-06-09,31,20,0.0030907708377547,0.008974723602891,0.3979535820613309,val,3
S08084,248,20,2026-06-09,47,13,0.0031733704059918,0.0082467530928287,0.405933917530433,val,3
S08457,248,20,2026-06-09,31,12,0.0031189623295737,0.0083746166548714,0.4350131401045131,val,3
S08460,248,20,2026-06-09,38,11,0.0030106231390471,0.0177809897249492,0.4284394445562374,val,3
S10144,248,20,2026-06-09,63,24,0.0031721712468655,0.0116863267625504,0.4330907934282509,val,3
S11673,248,20,2026-06-09,48,13,0.0031468222598623,0.0,0.4786621243482089,val,3
S15766,248,20,2026-06-09,14,19,0.0030733713127462,0.0037347220187036,0.3894269327839008,val,3
S15767,248,20,2026-06-09,37,15,0.0028614133103746,0.0,0.4058431221102674,val,3
S15769,248,20,2026-06-09,56,29,0.0028730408363498,0.0018787115894202,0.4002154680665322,val,3
S15770,248,20,2026-06-09,51,27,0.0031651740709024,0.0055476799089153,0.435160752529588,val,3
S16944,248,20,2026-06-09,42,31,0.0027613760933344,0.0,0.3849744688751955,val,3
S18396,248,20,2026-06-09,21,29,0.0030738078050513,0.0,0.3789873739574186,val,3
S20144,248,20,2026-06-09,14,24,0.003040773014544,0.0,0.3908418367448441,val,3
S27097,248,20,2026-06-09,41,22,0.0029824338595523,0.0073972093023255,0.4170787316013198,val,3
S31677,248,20,2026-06-09,42,27,0.0031134134652473,0.0,0.4131423634534113,val,3
S36088,248,20,2026-06-09,24,28,0.0031707535576771,0.0,0.4366412522588137,val,3
S38027,248,20,2026-06-09,62,20,0.0032033369268182,0.0054177499441328,0.4726368376204715,val,3
S38820,248,20,2026-06-09,19,15,0.0031375859616672,0.0,0.3957251566540258,val,3
S40554,248,20,2026-06-09,50,23,0.0031113707235849,0.0,0.3936913762612843,val,3
S41431,248,20,2026-06-09,37,22,0.0028388753665408,0.0024505815816852,0.4464764856320447,val,3
S01849,248,20,2026-06-09,16,22,0.0031050583626211,0.0014776757973354,0.426609517336551,val,4
S01853,248,20,2026-06-09,18,27,0.0030868108031015,0.0,0.3943101280589691,val,4
S02163,248,20,2026-06-09,13,20,0.0030517002877266,0.0,0.4221684183828378,val,4
S03814,248,20,2026-06-09,45,23,0.0030573649728442,0.0,0.4073415641758626,val,4
S08081,248,20,2026-06-09,29,20,0.0031509074233375,0.008974723602891,0.3979535820613309,val,4
S08084,248,20,2026-06-09,49,13,0.0032064115067903,0.0082467530928287,0.405933917530433,val,4
S08457,248,20,2026-06-09,29,12,0.003198950224163,0.0083746166548714,0.4350131401045131,val,4
S08460,248,20,2026-06-09,51,12,0.0029850567172936,0.0177809897249492,0.4284394445562374,val,4
S10144,248,20,2026-06-09,61,24,0.0031848925526141,0.0116863267625504,0.4330907934282509,val,4
S11673,248,20,2026-06-09,50,13,0.0031539096597431,0.0,0.4786621243482089,val,4
S15766,248,20,2026-06-09,17,19,0.0030909005855175,0.0037347220187036,0.3894269327839008,val,4
S15767,248,20,2026-06-09,39,15,0.0031575021944032,0.0,0.4058431221102674,val,4
S15769,248,20,2026-06-09,52,30,0.003088803082575,0.0018787115894202,0.4002154680665322,val,4
S15770,248,20,2026-06-09,52,27,0.0031394664018837,0.0055476799089153,0.435160752529588,val,4
S16944,248,20,2026-06-09,43,31,0.0030670280581134,0.0,0.3849744688751955,val,4
S18396,248,20,2026-06-09,22,29,0.0030761222643698,0.0,0.3789873739574186,val,4
S20144,248,20,2026-06-09,15,25,0.0030590710988671,0.0,0.3908418367448441,val,4
S27097,248,20,2026-06-09,38,22,0.0027682521078432,0.0073972093023255,0.4170787316013198,val,4
S31677,248,20,2026-06-09,43,27,0.0030168404136717,0.0,0.4131423634534113,val,4
S36088,248,20,2026-06-09,23,28,0.0031250628297872,0.0,0.4366412522588137,val,4
S38027,248,20,2026-06-09,60,20,0.003211054647268,0.0054177499441328,0.4726368376204715,val,4
S38820,248,20,2026-06-09,16,17,0.0030474324355857,0.0,0.3957251566540258,val,4
S40554,248,20,2026-06-09,52,23,0.0030977227492859,0.0,0.3936913762612843,val,4
S41431,248,20,2026-06-09,35,22,0.0030714010613231,0.0024505815816852,0.4464764856320447,val,4
S03222,248,21,2026-06-10,63,20,0.0027734896604317,0.0121364187186554,0.3613443501827951,val,1
S07527,248,21,2026-06-10,59,26,0.0025931517212778,0.0,0.3001507968359982,val,1
S07529,248,21,2026-06-10,27,25,0.0025415625532424,0.0,0.3286769866405561,val,1
S09127,248,21,2026-06-10,29,21,0.0024847942364458,0.0,0.3468297402404945,val,1
S09941,248,21,2026-06-10,25,20,0.0025323652562434,0.0040099401332881,0.3186211151013386,val,1
S09944,248,21,2026-06-10,45,27,0.0025710240422149,0.0078545408570457,0.3271990145182553,val,1
S10809,248,21,2026-06-10,46,14,0.0026276059203898,0.0537802869912961,0.37017116951197,val,1
S10815,248,21,2026-06-10,22,24,0.0026649063635876,0.0192421379292886,0.3912107431466025,val,1
S11978,248,21,2026-06-10,56,16,0.0028883940337292,0.0,0.3458570039868266,val,1
S12450,248,21,2026-06-10,28,31,0.0023457519151868,0.0,0.3498593640093753,val,1
S14482,248,21,2026-06-10,34,12,0.0025532070147039,0.0,0.3279615602740737,val,1
S15829,248,21,2026-06-10,50,21,0.0027392331069923,0.0056887118558707,0.343167582104553,val,1
S18173,248,21,2026-06-10,34,19,0.0025476389174331,0.0,0.3043058611868563,val,1
S22075,248,21,2026-06-10,61,18,0.0026791134363677,0.0,0.3096115468389648,val,1
S22958,248,21,2026-06-10,17,20,0.0026609255401811,0.0,0.3913957215288929,val,1
S23904,248,21,2026-06-10,62,16,0.0028642490506184,0.0,0.4107207676430454,val,1
S26767,248,21,2026-06-10,50,22,0.0027354995299171,0.0098144486654472,0.4111578724152405,val,1
S29631,248,21,2026-06-10,51,13,0.0029005303404431,0.0,0.3763678736973604,val,1
S31010,248,21,2026-06-10,29,29,0.0027429043009611,0.0,0.4014632277673506,val,1
S31011,248,21,2026-06-10,30,24,0.0026453129276306,0.0,0.306664147940147,val,1
S34098,248,21,2026-06-10,25,28,0.0025654712693737,0.0,0.3834381561068056,val,1
S35942,248,21,2026-06-10,57,27,0.0027158552025718,0.0,0.3163730180538454,val,1
S36285,248,21,2026-06-10,30,16,0.0027227539570916,0.0,0.3747028809764892,val,1
S38016,248,21,2026-06-10,53,27,0.0026325747980003,0.0135879223328576,0.3784132653119421,val,1
S39272,248,21,2026-06-10,46,16,0.0029888422212999,0.0,0.4564583265925514,val,1
S03222,248,21,2026-06-10,62,20,0.0027608710497321,0.0121364187186554,0.3613443501827951,val,2
S07527,248,21,2026-06-10,58,26,0.0026342019465997,0.0,0.3001507968359982,val,2
S07529,248,21,2026-06-10,28,25,0.0026150405105766,0.0,0.3286769866405561,val,2
S09127,248,21,2026-06-10,30,21,0.0024630054517503,0.0,0.3468297402404945,val,2
S09941,248,21,2026-06-10,24,20,0.0027468954936751,0.0040099401332881,0.3186211151013386,val,2
S09944,248,21,2026-06-10,46,27,0.0026529328919869,0.0078545408570457,0.3271990145182553,val,2
S10809,248,21,2026-06-10,45,14,0.0030187631266117,0.0537802869912961,0.37017116951197,val,2
S10815,248,21,2026-06-10,21,24,0.0025471180331472,0.0192421379292886,0.3912107431466025,val,2
S11978,248,21,2026-06-10,55,16,0.0027663562536926,0.0,0.3458570039868266,val,2
S12450,248,21,2026-06-10,29,31,0.0024327891861236,0.0,0.3498593640093753,val,2
S14482,248,21,2026-06-10,33,12,0.0025924411591786,0.0,0.3279615602740737,val,2
S15829,248,21,2026-06-10,51,21,0.0026330791979264,0.0056887118558707,0.343167582104553,val,2
S18173,248,21,2026-06-10,35,19,0.0025531199499952,0.0,0.3043058611868563,val,2
S22075,248,21,2026-06-10,60,18,0.002653176974425,0.0,0.3096115468389648,val,2
S22958,248,21,2026-06-10,16,20,0.0026713225831588,0.0,0.3913957215288929,val,2
S23904,248,21,2026-06-10,63,17,0.0028469471844834,0.0,0.4107207676430454,val,2
S26767,248,21,2026-06-10,49,22,0.0027534352971257,0.0098144486654472,0.4111578724152405,val,2
S29631,248,21,2026-06-10,52,13,0.0029050941522282,0.0,0.3763678736973604,val,2
S31010,248,21,2026-06-10,30,29,0.0026201445008919,0.0,0.4014632277673506,val,2
S31011,248,21,2026-06-10,29,24,0.0025015346916205,0.0,0.306664147940147,val,2
S34098,248,21,2026-06-10,24,28,0.0026723315910653,0.0,0.3834381561068056,val,2
S35942,248,21,2026-06-10,58,27,0.0026820533196345,0.0,0.3163730180538454,val,2
S36285,248,21,2026-06-10,29,16,0.0026919611672009,0.0,0.3747028809764892,val,2
S38016,248,21,2026-06-10,54,27,0.002610508670965,0.0135879223328576,0.3784132653119421,val,2
S39272,248,21,2026-06-10,45,16,0.0029431238271712,0.0,0.4564583265925514,val,2
S03222,248,21,2026-06-10,63,19,0.0026608569695922,0.0121364187186554,0.3613443501827951,val,3
S07527,248,21,2026-06-10,61,26,0.0026427901834137,0.0,0.3001507968359982,val,3
S07529,248,21,2026-06-10,25,25,0.0025861019148506,0.0,0.3286769866405561,val,3
S09127,248,21,2026-06-10,27,21,0.0023804420926132,0.0,0.3468297402404945,val,3
S09941,248,21,2026-06-10,27,20,0.0025723997673111,0.0040099401332881,0.3186211151013386,val,3
S09944,248,21,2026-06-10,43,27,0.0028464522900068,0.0078545408570457,0.3271990145182553,val,3
S10809,248,21,2026-06-10,48,14,0.0026519834467959,0.0537802869912961,0.37017116951197,val,3
S10815,248,21,2026-06-10,24,24,0.0025963861249345,0.0192421379292886,0.3912107431466025,val,3
S11978,248,21,2026-06-10,61,16,0.0027816448770634,0.0,0.3458570039868266,val,3
S12450,248,21,2026-06-10,26,30,0.0025527730767692,0.0,0.3498593640093753,val,3
S14482,248,21,2026-06-10,36,12,0.0026578024802405,0.0,0.3279615602740737,val,3
S15829,248,21,2026-06-10,48,21,0.002941186764183,0.0056887118558707,0.343167582104553,val,3
S18173,248,21,2026-06-10,32,19,0.0025063840331862,0.0,0.3043058611868563,val,3
S22075,248,21,2026-06-10,63,18,0.0028481719008089,0.0,0.3096115468389648,val,3
S22958,248,21,2026-06-10,19,20,0.002678221429666,0.0,0.3913957215288929,val,3
S23904,248,21,2026-06-10,60,15,0.0028091086105816,0.0,0.4107207676430454,val,3
S26767,248,21,2026-06-10,52,22,0.0027058019123624,0.0098144486654472,0.4111578724152405,val,3
S29631,248,21,2026-06-10,48,13,0.002784577990901,0.0,0.3763678736973604,val,3
S31010,248,21,2026-06-10,27,29,0.002589848687721,0.0,0.4014632277673506,val,3
S31011,248,21,2026-06-10,32,24,0.0026183136111452,0.0,0.306664147940147,val,3
S34098,248,21,2026-06-10,27,28,0.0026024658606345,0.0,0.3834381561068056,val,3
S35942,248,21,2026-06-10,55,27,0.0027886872695046,0.0,0.3163730180538454,val,3
S36285,248,21,2026-06-10,32,16,0.0026347680528318,0.0,0.3747028809764892,val,3
S38016,248,21,2026-06-10,51,27,0.0026231622489203,0.0135879223328576,0.3784132653119421,val,3
S39272,248,21,2026-06-10,50,16,0.0029886303793982,0.0,0.4564583265925514,val,3
S03222,248,21,2026-06-10,64,20,0.0026894791148187,0.0121364187186554,0.3613443501827951,val,4
S07527,248,21,2026-06-10,60,26,0.0026478647017959,0.0,0.3001507968359982,val,4
S07529,248,21,2026-06-10,26,25,0.0025071758805808,0.0,0.3286769866405561,val,4
S09127,248,21,2026-06-10,28,21,0.0024818822138754,0.0,0.3468297402404945,val,4
S09941,248,21,2026-06-10,26,20,0.0028229576184846,0.0040099401332881,0.3186211151013386,val,4
S09944,248,21,2026-06-10,44,27,0.0029311144227661,0.0078545408570457,0.3271990145182553,val,4
S10809,248,21,2026-06-10,47,14,0.0028455877001853,0.0537802869912961,0.37017116951197,val,4
S10815,248,21,2026-06-10,23,24,0.0025737333796217,0.0192421379292886,0.3912107431466025,val,4
S11978,248,21,2026-06-10,57,16,0.002823756037022,0.0,0.3458570039868266,val,4
S12450,248,21,2026-06-10,27,31,0.0023682821535789,0.0,0.3498593640093753,val,4
S14482,248,21,2026-06-10,35,12,0.0026422701228597,0.0,0.3279615602740737,val,4
S15829,248,21,2026-06-10,49,21,0.0026602971418799,0.0056887118558707,0.343167582104553,val,4
S18173,248,21,2026-06-10,33,19,0.0025268850693288,0.0,0.3043058611868563,val,4
S22075,248,21,2026-06-10,62,18,0.0027930496356341,0.0,0.3096115468389648,val,4
S22958,248,21,2026-06-10,18,20,0.0025871495875977,0.0,0.3913957215288929,val,4
S23904,248,21,2026-06-10,61,15,0.0024853359368581,0.0,0.4107207676430454,val,4
S26767,248,21,2026-06-10,51,22,0.0026404667786862,0.0098144486654472,0.4111578724152405,val,4
S29631,248,21,2026-06-10,50,13,0.0027972360116317,0.0,0.3763678736973604,val,4
S31010,248,21,2026-06-10,28,29,0.0026076682682027,0.0,0.4014632277673506,val,4
S31011,248,21,2026-06-10,31,24,0.0025037596708892,0.0,0.306664147940147,val,4
S34098,248,21,2026-06-10,26,28,0.0025925322524408,0.0,0.3834381561068056,val,4
S35942,248,21,2026-06-10,56,27,0.0027757101106502,0.0,0.3163730180538454,val,4
S36285,248,21,2026-06-10,31,16,0.0029407074789451,0.0,0.3747028809764892,val,4
S38016,248,21,2026-06-10,52,27,0.0026382214538921,0.0135879223328576,0.3784132653119421,val,4
S39272,248,21,2026-06-10,49,16,0.0026668873281306,0.0,0.4564583265925514,val,4
S01844,248,22,2026-06-10,35,15,0.0030557112939582,0.0042884754771683,0.4152000952975876,val,1
S03813,248,22,2026-06-10,63,23,0.0031093210417574,0.0,0.3758859619558756,val,1
S05118,248,22,2026-06-10,62,20,0.0031901166241586,0.0,0.3429237098828371,val,1
S08086,248,22,2026-06-10,39,29,0.0029887329985586,0.0056195910023224,0.3802492621967007,val,1
S10083,248,22,2026-06-10,26,13,0.0031462943902083,0.0102910535647267,0.5094698852038186,val,1
S11470,248,22,2026-06-10,26,19,0.003059957189269,0.0144838137795371,0.4302442664171325,val,1
S22502,248,22,2026-06-10,51,15,0.0031528599800322,0.0032136772032602,0.4571346920516797,val,1
S24819,248,22,2026-06-10,50,19,0.0029875998367654,0.0,0.4017780587937499,val,1
S28871,248,22,2026-06-10,45,31,0.001591231366665,0.0,0.2810884166820022,val,1
S36091,248,22,2026-06-10,29,30,0.0029817802026305,0.0,0.3739000119269762,val,1
S39883,248,22,2026-06-10,33,24,0.0031105366898188,0.0019392548891073,0.4401405898302681,val,1
S43045,248,22,2026-06-10,39,13,0.003114050300988,0.0,0.4070978938192071,val,1
S43667,248,22,2026-06-10,33,19,0.0029501996031914,0.011392811296534,0.380139481843532,val,1
S43668,248,22,2026-06-10,22,22,0.0030868159356431,0.0,0.4799401210312433,val,1
S01844,248,22,2026-06-10,37,15,0.0030839544827681,0.0042884754771683,0.4152000952975876,val,2
S03813,248,22,2026-06-10,65,23,0.003297571236113,0.0,0.3758859619558756,val,2
S05118,248,22,2026-06-10,60,20,0.0032351227089596,0.0,0.3429237098828371,val,2
S08086,248,22,2026-06-10,41,29,0.0029040223122253,0.0056195910023224,0.3802492621967007,val,2
S10083,248,22,2026-06-10,24,13,0.0033760766941693,0.0102910535647267,0.5094698852038186,val,2
S11470,248,22,2026-06-10,28,19,0.0030839852009425,0.0144838137795371,0.4302442664171325,val,2
S22502,248,22,2026-06-10,53,15,0.0031505947011409,0.0032136772032602,0.4571346920516797,val,2
S24819,248,22,2026-06-10,52,19,0.0030300702065407,0.0,0.4017780587937499,val,2
S28871,248,22,2026-06-10,47,31,0.0031163950953314,0.0,0.2810884166820022,val,2
S36091,248,22,2026-06-10,27,30,0.0031428974047505,0.0,0.3739000119269762,val,2
S39883,248,22,2026-06-10,31,24,0.0031415158185971,0.0019392548891073,0.4401405898302681,val,2
S43045,248,22,2026-06-10,41,13,0.0031598595086827,0.0,0.4070978938192071,val,2
S43667,248,22,2026-06-10,35,19,0.002868482742547,0.011392811296534,0.380139481843532,val,2
S43668,248,22,2026-06-10,20,22,0.0031823144126229,0.0,0.4799401210312433,val,2
S01844,248,22,2026-06-10,31,15,0.0031232269195576,0.0042884754771683,0.4152000952975876,val,3
S03813,248,22,2026-06-10,59,23,0.003138529412937,0.0,0.3758859619558756,val,3
S05118,248,22,2026-06-10,64,19,0.003111059589667,0.0,0.3429237098828371,val,3
S08086,248,22,2026-06-10,35,29,0.0031030416861672,0.0056195910023224,0.3802492621967007,val,3
S10083,248,22,2026-06-10,30,12,0.0033658455606435,0.0102910535647267,0.5094698852038186,val,3
S11470,248,22,2026-06-10,22,19,0.0030626705315861,0.0144838137795371,0.4302442664171325,val,3
S22502,248,22,2026-06-10,47,15,0.0028931116768615,0.0032136772032602,0.4571346920516797,val,3
S24819,248,22,2026-06-10,46,19,0.0028777405932982,0.0,0.4017780587937499,val,3
S28871,248,22,2026-06-10,41,31,0.0028313289985152,0.0,0.2810884166820022,val,3
S36091,248,22,2026-06-10,33,30,0.0030840875445833,0.0,0.3739000119269762,val,3
S39883,248,22,2026-06-10,37,24,0.0029695967463783,0.0019392548891073,0.4401405898302681,val,3
S43045,248,22,2026-06-10,35,13,0.003123786384902,0.0,0.4070978938192071,val,3
S43667,248,22,2026-06-10,29,19,0.0030933123842076,0.011392811296534,0.380139481843532,val,3
S43668,248,22,2026-06-10,26,22,0.0030855744448789,0.0,0.4799401210312433,val,3
S01844,248,22,2026-06-10,33,15,0.0031241536870209,0.0042884754771683,0.4152000952975876,val,4
S03813,248,22,2026-06-10,61,23,0.0032095012398204,0.0,0.3758859619558756,val,4
S05118,248,22,2026-06-10,65,20,0.0032705753515489,0.0,0.3429237098828371,val,4
S08086,248,22,2026-06-10,37,29,0.0030507945077155,0.0056195910023224,0.3802492621967007,val,4
S10083,248,22,2026-06-10,28,12,0.0033637628525163,0.0102910535647267,0.5094698852038186,val,4
S11470,248,22,2026-06-10,24,19,0.0031257728307067,0.0144838137795371,0.4302442664171325,val,4
S22502,248,22,2026-06-10,49,15,0.0031824691190061,0.0032136772032602,0.4571346920516797,val,4
S24819,248,22,2026-06-10,48,19,0.0029922647105045,0.0,0.4017780587937499,val,4
S28871,248,22,2026-06-10,43,31,0.0031329326021059,0.0,0.2810884166820022,val,4
S36091,248,22,2026-06-10,31,30,0.0031033268313485,0.0,0.3739000119269762,val,4
S39883,248,22,2026-06-10,35,24,0.0030359191645733,0.0019392548891073,0.4401405898302681,val,4
S43045,248,22,2026-06-10,37,13,0.0031592526570405,0.0,0.4070978938192071,val,4
S43667,248,22,2026-06-10,31,19,0.0030553565859618,0.011392811296534,0.380139481843532,val,4
S43668,248,22,2026-06-10,24,22,0.0031784629810639,0.0,0.4799401210312433,val,4
S01230,248,23,2026-06-10,54,23,0.0023782792268633,0.0117264343204655,0.348367931163444,val,1
S04501,248,23,2026-06-10,32,16,0.0021076983342634,0.0,0.2691473818839379,val,1
S07533,248,23,2026-06-10,29,28,0.0023656389251655,0.0,0.3264764104583392,val,1
S08635,248,23,2026-06-10,50,28,0.0024891462026786,0.002336360730336,0.3079288671518437,val,1
S10408,248,23,2026-06-10,30,21,0.0019242606565161,0.0,0.282402986463582,val,1
S12108,248,23,2026-06-10,55,21,0.0025299950461855,0.0026769651725215,0.3319108103664758,val,1
S12995,248,23,2026-06-10,26,27,0.0021697645754093,0.0,0.2877996340577685,val,1
S14466,248,23,2026-06-10,35,17,0.0018663181136842,0.0,0.2617827995906048,val,1
S15717,248,23,2026-06-10,43,11,0.0025415491892482,0.0016890284518032,0.4460731087335806,val,1
S17100,248,23,2026-06-10,52,12,0.0025486020893462,0.0031604316501014,0.3857324190806177,val,1
S19341,248,23,2026-06-10,48,12,0.0026947747782338,0.0,0.3781884133545625,val,1
S24082,248,23,2026-06-10,50,22,0.0024152825648042,0.0,0.3638820150188267,val,1
S25731,248,23,2026-06-10,45,12,0.0026289600278534,0.0,0.3463152396285831,val,1
S34173,248,23,2026-06-10,27,31,0.002383543787773,0.0,0.3581876935438477,val,1
S35767,248,23,2026-06-10,63,26,0.0025528581070556,0.0,0.3617308549242815,val,1
S36286,248,23,2026-06-10,36,12,0.0024951656327954,0.0,0.2865077724004767,val,1
S36287,248,23,2026-06-10,40,16,0.0021646525617516,0.0,0.3037482441155523,val,1
S37805,248,23,2026-06-10,29,12,0.002705879157555,0.0,0.385882595039958,val,1
S40543,248,23,2026-06-10,15,20,0.0024089221872498,0.0042153831800273,0.3471572103076708,val,1
S43640,248,23,2026-06-10,19,27,0.0021581432460611,0.0085621748268614,0.2606204343745762,val,1
S43645,248,23,2026-06-10,37,28,0.0021623662981645,0.0173272360676122,0.3087740127917603,val,1
S01230,248,23,2026-06-10,55,23,0.0024646496237553,0.0117264343204655,0.348367931163444,val,2
S04501,248,23,2026-06-10,31,16,0.0022776491565672,0.0,0.2691473818839379,val,2
S07533,248,23,2026-06-10,28,28,0.0024300048558999,0.0,0.3264764104583392,val,2
S08635,248,23,2026-06-10,48,28,0.0021012040161064,0.002336360730336,0.3079288671518437,val,2
S10408,248,23,2026-06-10,31,21,0.0021775294784013,0.0,0.282402986463582,val,2
S12108,248,23,2026-06-10,56,21,0.0024162444596162,0.0026769651725215,0.3319108103664758,val,2
S12995,248,23,2026-06-10,27,27,0.002456460861907,0.0,0.2877996340577685,val,2
S14466,248,23,2026-06-10,36,17,0.0020989159882465,0.0,0.2617827995906048,val,2
S15717,248,23,2026-06-10,44,11,0.0025988835638398,0.0016890284518032,0.4460731087335806,val,2
S17100,248,23,2026-06-10,51,12,0.0027520961097141,0.0031604316501014,0.3857324190806177,val,2
S19341,248,23,2026-06-10,53,13,0.0026551649609723,0.0,0.3781884133545625,val,2
S24082,248,23,2026-06-10,49,22,0.0022919747077054,0.0,0.3638820150188267,val,2
S25731,248,23,2026-06-10,44,12,0.0025599477368191,0.0,0.3463152396285831,val,2
S34173,248,23,2026-06-10,28,31,0.0024330430943255,0.0,0.3581876935438477,val,2
S35767,248,23,2026-06-10,62,27,0.0025660469923506,0.0,0.3617308549242815,val,2
S36286,248,23,2026-06-10,35,12,0.0024255849201366,0.0,0.2865077724004767,val,2
S36287,248,23,2026-06-10,39,16,0.0022135180208967,0.0,0.3037482441155523,val,2
S37805,248,23,2026-06-10,28,12,0.0026716138908514,0.0,0.385882595039958,val,2
S40543,248,23,2026-06-10,14,20,0.0023735193788072,0.0042153831800273,0.3471572103076708,val,2
S43640,248,23,2026-06-10,20,28,0.0023993994035478,0.0085621748268614,0.2606204343745762,val,2
S43645,248,23,2026-06-10,36,28,0.0021996781402251,0.0173272360676122,0.3087740127917603,val,2
S01230,248,23,2026-06-10,52,23,0.0025464442597076,0.0117264343204655,0.348367931163444,val,3
S04501,248,23,2026-06-10,34,16,0.0022154771512545,0.0,0.2691473818839379,val,3
S07533,248,23,2026-06-10,31,28,0.0023441007516364,0.0,0.3264764104583392,val,3
S08635,248,23,2026-06-10,52,28,0.0024899053427403,0.002336360730336,0.3079288671518437,val,3
S10408,248,23,2026-06-10,28,21,0.0022868964786597,0.0,0.282402986463582,val,3
S12108,248,23,2026-06-10,53,21,0.002501357623211,0.0026769651725215,0.3319108103664758,val,3
S12995,248,23,2026-06-10,24,27,0.002224049936833,0.0,0.2877996340577685,val,3
S14466,248,23,2026-06-10,33,17,0.0020572034286919,0.0,0.2617827995906048,val,3
S15717,248,23,2026-06-10,40,11,0.0027220301863675,0.0016890284518032,0.4460731087335806,val,3
S17100,248,23,2026-06-10,45,11,0.0023862980507456,0.0031604316501014,0.3857324190806177,val,3
S19341,248,23,2026-06-10,50,12,0.0027936180395211,0.0,0.3781884133545625,val,3
S24082,248,23,2026-06-10,52,22,0.0022519657037389,0.0,0.3638820150188267,val,3
S25731,248,23,2026-06-10,47,12,0.0025114601593567,0.0,0.3463152396285831,val,3
S34173,248,23,2026-06-10,26,30,0.0024215627443505,0.0,0.3581876935438477,val,3
S35767,248,23,2026-06-10,63,17,0.0027755226436538,0.0,0.3617308549242815,val,3
S36286,248,23,2026-06-10,38,12,0.002283023110995,0.0,0.2865077724004767,val,3
S36287,248,23,2026-06-10,43,16,0.0020540052992533,0.0,0.3037482441155523,val,3
S37805,248,23,2026-06-10,31,12,0.0027381406997004,0.0,0.385882595039958,val,3
S40543,248,23,2026-06-10,17,20,0.0024142683971781,0.0042153831800273,0.3471572103076708,val,3
S43640,248,23,2026-06-10,19,26,0.0022561916697622,0.0085621748268614,0.2606204343745762,val,3
S43645,248,23,2026-06-10,39,28,0.0020870313719883,0.0173272360676122,0.3087740127917603,val,3
S01230,248,23,2026-06-10,53,23,0.0023316668572985,0.0117264343204655,0.348367931163444,val,4
S04501,248,23,2026-06-10,33,16,0.0022591919608697,0.0,0.2691473818839379,val,4
S07533,248,23,2026-06-10,30,28,0.002463889316419,0.0,0.3264764104583392,val,4
S08635,248,23,2026-06-10,51,28,0.0024488439006192,0.002336360730336,0.3079288671518437,val,4
S10408,248,23,2026-06-10,29,21,0.0020790455114649,0.0,0.282402986463582,val,4
S12108,248,23,2026-06-10,54,21,0.002301484614562,0.0026769651725215,0.3319108103664758,val,4
S12995,248,23,2026-06-10,25,27,0.0024500211757094,0.0,0.2877996340577685,val,4
S14466,248,23,2026-06-10,34,17,0.0021627742381264,0.0,0.2617827995906048,val,4
S15717,248,23,2026-06-10,42,11,0.0026987534317176,0.0016890284518032,0.4460731087335806,val,4
S17100,248,23,2026-06-10,46,11,0.0026297883260368,0.0031604316501014,0.3857324190806177,val,4
S19341,248,23,2026-06-10,49,12,0.0029258564245591,0.0,0.3781884133545625,val,4
S24082,248,23,2026-06-10,51,22,0.0023004128682882,0.0,0.3638820150188267,val,4
S25731,248,23,2026-06-10,46,12,0.0026796321669459,0.0,0.3463152396285831,val,4
S34173,248,23,2026-06-10,25,30,0.0024420280016956,0.0,0.3581876935438477,val,4
S35767,248,23,2026-06-10,66,23,0.002640487537176,0.0,0.3617308549242815,val,4
S36286,248,23,2026-06-10,37,12,0.0023294244382589,0.0,0.2865077724004767,val,4
S36287,248,23,2026-06-10,41,16,0.0022662510357439,0.0,0.3037482441155523,val,4
S37805,248,23,2026-06-10,30,12,0.0027572270399802,0.0,0.385882595039958,val,4
S40543,248,23,2026-06-10,16,20,0.00244467702836,0.0042153831800273,0.3471572103076708,val,4
S43640,248,23,2026-06-10,18,27,0.0023327311299113,0.0085621748268614,0.2606204343745762,val,4
S43645,248,23,2026-06-10,38,28,0.0019606493768412,0.0173272360676122,0.3087740127917603,val,4
S01847,248,24,2026-06-10,50,24,0.002866135176354,0.0,0.4315329703339995,val,1
S01859,248,24,2026-06-10,47,15,0.0027969834488535,0.0014832854324657,0.3527549455998125,val,1
S04586,248,24,2026-06-10,58,16,0.0030441616629653,0.0,0.3798760402627509,val,1
S06631,248,24,2026-06-10,51,30,0.0027790735759035,0.0,0.4495218928629994,val,1
S11458,248,24,2026-06-10,17,19,0.0028811057471488,0.0121195690373628,0.4358806991663888,val,1
S14472,248,24,2026-06-10,22,15,0.0028225756875833,0.0,0.3348195284821358,val,1
S21795,248,24,2026-06-10,35,29,0.002682883517581,0.0,0.4547241634029041,val,1
S24826,248,24,2026-06-10,50,17,0.0029315718867469,0.0,0.4192497607890681,val,1
S27099,248,24,2026-06-10,42,27,0.0026039149722517,0.0099516683311182,0.3954898025544005,val,1
S28138,248,24,2026-06-10,30,12,0.0033436778679254,0.0,0.5081771121509903,val,1
S30960,248,24,2026-06-10,29,14,0.0029349347598067,0.0,0.3996763951082191,val,1
S36294,248,24,2026-06-10,54,25,0.0029260214904592,0.0,0.4109826964520247,val,1
S39877,248,24,2026-06-10,44,28,0.0029013221183585,0.0,0.4427758725426621,val,1
S40553,248,24,2026-06-10,21,25,0.0028844285972902,0.0,0.392983261965364,val,1
S40557,248,24,2026-06-10,45,21,0.0019445280052561,0.0042961675937571,0.3105812120788661,val,1
S41433,248,24,2026-06-10,39,18,0.0026299804955339,0.0,0.3739478107735761,val,1
S43662,248,24,2026-06-10,58,18,0.0030905300039942,0.0132148679024541,0.4329956849401032,val,1
S43666,248,24,2026-06-10,40,14,0.003070410873545,0.0,0.4489021923327338,val,1
S01847,248,24,2026-06-10,48,24,0.0027163652634302,0.0,0.4315329703339995,val,2
S01859,248,24,2026-06-10,49,15,0.0030716401990248,0.0014832854324657,0.3527549455998125,val,2
S04586,248,24,2026-06-10,56,16,0.00315468058615,0.0,0.3798760402627509,val,2
S06631,248,24,2026-06-10,49,30,0.0027057376744159,0.0,0.4495218928629994,val,2
S11458,248,24,2026-06-10,19,19,0.00301421635495,0.0121195690373628,0.4358806991663888,val,2
S14472,248,24,2026-06-10,23,15,0.0028959703795141,0.0,0.3348195284821358,val,2
S21795,248,24,2026-06-10,37,29,0.0025985143602159,0.0,0.4547241634029041,val,2
S24826,248,24,2026-06-10,52,17,0.0028670018123401,0.0,0.4192497607890681,val,2
S27099,248,24,2026-06-10,44,27,0.0028469712360872,0.0099516683311182,0.3954898025544005,val,2
S28138,248,24,2026-06-10,29,12,0.0033629906182157,0.0,0.5081771121509903,val,2
S30960,248,24,2026-06-10,27,14,0.002999122705398,0.0,0.3996763951082191,val,2
S36294,248,24,2026-06-10,56,25,0.0030357242103412,0.0,0.4109826964520247,val,2
S39877,248,24,2026-06-10,42,28,0.0026907472689396,0.0,0.4427758725426621,val,2
S40553,248,24,2026-06-10,23,25,0.0029408685613727,0.0,0.392983261965364,val,2
S40557,248,24,2026-06-10,47,21,0.0025790522983319,0.0042961675937571,0.3105812120788661,val,2
S41433,248,24,2026-06-10,37,18,0.0022168132746117,0.0,0.3739478107735761,val,2
S43662,248,24,2026-06-10,56,18,0.0031100405024068,0.0132148679024541,0.4329956849401032,val,2
S43666,248,24,2026-06-10,38,14,0.002993194788097,0.0,0.4489021923327338,val,2
S01847,248,24,2026-06-10,54,24,0.0029112127114225,0.0,0.4315329703339995,val,3
S01859,248,24,2026-06-10,42,15,0.0028849002615849,0.0014832854324657,0.3527549455998125,val,3
S04586,248,24,2026-06-10,58,15,0.0031000211893877,0.0,0.3798760402627509,val,3
S06631,248,24,2026-06-10,54,29,0.0026693613046085,0.0,0.4495218928629994,val,3
S11458,248,24,2026-06-10,16,18,0.0029595956419206,0.0121195690373628,0.4358806991663888,val,3
S14472,248,24,2026-06-10,25,14,0.0028965777734185,0.0,0.3348195284821358,val,3
S21795,248,24,2026-06-10,31,29,0.0026903900031886,0.0,0.4547241634029041,val,3
S24826,248,24,2026-06-10,46,17,0.0026945466124286,0.0,0.4192497607890681,val,3
S27099,248,24,2026-06-10,37,27,0.0026371107185407,0.0099516683311182,0.3954898025544005,val,3
S28138,248,24,2026-06-10,52,12,0.0033629004915932,0.0,0.5081771121509903,val,3
S30960,248,24,2026-06-10,33,14,0.0029463560902857,0.0,0.3996763951082191,val,3
S36294,248,24,2026-06-10,50,25,0.0029166807529842,0.0,0.4109826964520247,val,3
S39877,248,24,2026-06-10,49,28,0.0028015436357126,0.0,0.4427758725426621,val,3
S40553,248,24,2026-06-10,17,25,0.0027058028370414,0.0,0.392983261965364,val,3
S40557,248,24,2026-06-10,41,21,0.0024763999838806,0.0042961675937571,0.3105812120788661,val,3
S41433,248,24,2026-06-10,43,18,0.0018847475108933,0.0,0.3739478107735761,val,3
S43662,248,24,2026-06-10,62,18,0.0029938314436758,0.0132148679024541,0.4329956849401032,val,3
S43666,248,24,2026-06-10,44,14,0.0030228414667111,0.0,0.4489021923327338,val,3
S01847,248,24,2026-06-10,52,24,0.0028870627523519,0.0,0.4315329703339995,val,4
S01859,248,24,2026-06-10,44,15,0.0029451114363958,0.0014832854324657,0.3527549455998125,val,4
S04586,248,24,2026-06-10,60,16,0.0030454183687678,0.0,0.3798760402627509,val,4
S06631,248,24,2026-06-10,56,29,0.0027456867568213,0.0,0.4495218928629994,val,4
S11458,248,24,2026-06-10,15,19,0.0028387060967391,0.0121195690373628,0.4358806991663888,val,4
S14472,248,24,2026-06-10,20,15,0.0029927493668124,0.0,0.3348195284821358,val,4
S21795,248,24,2026-06-10,33,29,0.0027218951248901,0.0,0.4547241634029041,val,4
S24826,248,24,2026-06-10,48,17,0.0025761689112133,0.0,0.4192497607890681,val,4
S27099,248,24,2026-06-10,40,27,0.0026399375880552,0.0099516683311182,0.3954898025544005,val,4
S28138,248,24,2026-06-10,31,12,0.0031382444029312,0.0,0.5081771121509903,val,4
S30960,248,24,2026-06-10,31,14,0.0029962043958266,0.0,0.3996763951082191,val,4
S36294,248,24,2026-06-10,52,25,0.0028936001415212,0.0,0.4109826964520247,val,4
S39877,248,24,2026-06-10,47,28,0.0027735826677794,0.0,0.4427758725426621,val,4
S40553,248,24,2026-06-10,19,25,0.0028359739982214,0.0,0.392983261965364,val,4
S40557,248,24,2026-06-10,43,21,0.0023942656114482,0.0042961675937571,0.3105812120788661,val,4
S41433,248,24,2026-06-10,41,18,0.0021050642461905,0.0,0.3739478107735761,val,4
S43662,248,24,2026-06-10,60,18,0.0030118013481931,0.0132148679024541,0.4329956849401032,val,4
S43666,248,24,2026-06-10,42,14,0.0029996342702558,0.0,0.4489021923327338,val,4
S00292,248,25,2026-06-09,51,31,0.0023172085127586,0.0024525769329464,0.3547852273505221,val,1
S00337,248,25,2026-06-09,42,21,0.0029564971994157,0.0,0.4280663883063313,val,1
S02293,248,25,2026-06-09,29,22,0.0029456293503372,0.0037560175633497,0.376245267579145,val,1
S03416,248,25,2026-06-09,37,27,0.0030195860109037,0.0093291286556293,0.4189130476687072,val,1
S05651,248,25,2026-06-09,27,15,0.0030095037409066,0.0034956304619225,0.3907642638575821,val,1
S08619,248,25,2026-06-09,42,20,0.0030368679818294,0.0,0.4449632028058334,val,1
S08621,248,25,2026-06-09,58,20,0.002964347188701,0.0157972287873731,0.3736337203881169,val,1
S10797,248,25,2026-06-09,26,19,0.0028974776368891,0.0191351379654997,0.3951828958073438,val,1
S14473,248,25,2026-06-09,58,28,0.002925621461213,0.0051204384826193,0.3992867868924825,val,1
S15432,248,25,2026-06-09,43,12,0.0026350475835571,0.0,0.3466790002897008,val,1
S19985,248,25,2026-06-09,46,23,0.0030121672274911,0.0,0.4603023824397835,val,1
S22981,248,25,2026-06-09,18,20,0.0027186208288265,0.0,0.384105893241011,val,1
S24331,248,25,2026-06-09,54,18,0.0029657364389926,0.0,0.4249571796703164,val,1
S24613,248,25,2026-06-09,23,14,0.0027829201608561,0.0021005562036144,0.3650885971956804,val,1
S25040,248,25,2026-06-09,57,17,0.0028975362852266,0.0,0.389056643707764,val,1
S25839,248,25,2026-06-09,63,19,0.0028046101596191,0.0,0.3154215429485384,val,1
S28174,248,25,2026-06-09,48,17,0.0029685906537774,0.0070534472481621,0.4114094202013807,val,1
S28478,248,25,2026-06-09,46,27,0.0030164806162216,0.0,0.4097832890606689,val,1
S28985,248,25,2026-06-09,35,13,0.0030134755014541,0.0,0.4155437635151265,val,1
S32995,248,25,2026-06-09,38,15,0.0031386816983744,0.0,0.457054451452509,val,1
S33229,248,25,2026-06-09,33,28,0.0030439502894199,0.0,0.4654677749665879,val,1
S33548,248,25,2026-06-09,22,14,0.0023954703311178,0.0035574070296367,0.358384114229733,val,1
S33549,248,25,2026-06-09,59,28,0.0026866602114368,0.0035870232037818,0.3913914256491156,val,1
S35922,248,25,2026-06-09,37,14,0.0031023537405131,0.006026945417945,0.4110072457773608,val,1
S35929,248,25,2026-06-09,56,17,0.0030175359875312,0.0119504189860177,0.3869020531272118,val,1
S39945,248,25,2026-06-09,29,23,0.0029159135365014,0.0,0.4231294814733768,val,1
S00292,248,25,2026-06-09,49,31,0.0023687871518992,0.0024525769329464,0.3547852273505221,val,2
S00337,248,25,2026-06-09,44,21,0.003013685997527,0.0,0.4280663883063313,val,2
S02293,248,25,2026-06-09,27,22,0.0029135737995947,0.0037560175633497,0.376245267579145,val,2
S03416,248,25,2026-06-09,39,27,0.0029225492506105,0.0093291286556293,0.4189130476687072,val,2
S05651,248,25,2026-06-09,29,15,0.0029771982663577,0.0034956304619225,0.3907642638575821,val,2
S08619,248,25,2026-06-09,40,20,0.0028951283772268,0.0,0.4449632028058334,val,2
S08621,248,25,2026-06-09,56,20,0.0030538037454281,0.0157972287873731,0.3736337203881169,val,2
S10797,248,25,2026-06-09,29,19,0.0027377450469953,0.0191351379654997,0.3951828958073438,val,2
S14473,248,25,2026-06-09,56,28,0.0029422923773437,0.0051204384826193,0.3992867868924825,val,2
S15432,248,25,2026-06-09,41,12,0.0026933036011285,0.0,0.3466790002897008,val,2
S19985,248,25,2026-06-09,48,23,0.0030362442840811,0.0,0.4603023824397835,val,2
S22981,248,25,2026-06-09,16,20,0.0026440891808254,0.0,0.384105893241011,val,2
S24331,248,25,2026-06-09,52,18,0.0030672765262805,0.0,0.4249571796703164,val,2
S24613,248,25,2026-06-09,21,15,0.0028495932399303,0.0021005562036144,0.3650885971956804,val,2
S25040,248,25,2026-06-09,59,17,0.0029467348353583,0.0,0.389056643707764,val,2
S25839,248,25,2026-06-09,65,19,0.0027074595057577,0.0,0.3154215429485384,val,2
S28174,248,25,2026-06-09,50,17,0.0030723428082441,0.0070534472481621,0.4114094202013807,val,2
S28478,248,25,2026-06-09,48,27,0.0030040434696811,0.0,0.4097832890606689,val,2
S28985,248,25,2026-06-09,37,13,0.0030237138116479,0.0,0.4155437635151265,val,2
S32995,248,25,2026-06-09,40,15,0.0031018479518203,0.0,0.457054451452509,val,2
S33229,248,25,2026-06-09,31,28,0.0030654010262043,0.0,0.4654677749665879,val,2
S33548,248,25,2026-06-09,17,16,0.0022088183526574,0.0035574070296367,0.358384114229733,val,2
S33549,248,25,2026-06-09,57,29,0.0024812243802349,0.0035870232037818,0.3913914256491156,val,2
S35922,248,25,2026-06-09,35,14,0.0030260033900436,0.006026945417945,0.4110072457773608,val,2
S35929,248,25,2026-06-09,58,17,0.0029804200966902,0.0119504189860177,0.3869020531272118,val,2
S39945,248,25,2026-06-09,31,23,0.0028475882223867,0.0,0.4231294814733768,val,2
S00292,248,25,2026-06-09,59,29,0.0023651273692121,0.0024525769329464,0.3547852273505221,val,3
S00337,248,25,2026-06-09,37,21,0.0027923563096139,0.0,0.4280663883063313,val,3
S02293,248,25,2026-06-09,33,22,0.002892137522061,0.0037560175633497,0.376245267579145,val,3
S03416,248,25,2026-06-09,32,27,0.0030892345771261,0.0093291286556293,0.4189130476687072,val,3
S05651,248,25,2026-06-09,23,15,0.0028359805277202,0.0034956304619225,0.3907642638575821,val,3
S08619,248,25,2026-06-09,46,20,0.0030994449205371,0.0,0.4449632028058334,val,3
S08621,248,25,2026-06-09,62,20,0.002848609092003,0.0157972287873731,0.3736337203881169,val,3
S10797,248,25,2026-06-09,22,19,0.002854295809303,0.0191351379654997,0.3951828958073438,val,3
S14473,248,25,2026-06-09,58,27,0.0029502605443521,0.0051204384826193,0.3992867868924825,val,3
S15432,248,25,2026-06-09,47,12,0.0027190057309301,0.0,0.3466790002897008,val,3
S19985,248,25,2026-06-09,42,23,0.0029872300687131,0.0,0.4603023824397835,val,3
S22981,248,25,2026-06-09,22,20,0.00287852718531,0.0,0.384105893241011,val,3
S24331,248,25,2026-06-09,58,18,0.0030116078138414,0.0,0.4249571796703164,val,3
S24613,248,25,2026-06-09,29,14,0.0029661933386771,0.0021005562036144,0.3650885971956804,val,3
S25040,248,25,2026-06-09,52,17,0.002999634686424,0.0,0.389056643707764,val,3
S25839,248,25,2026-06-09,58,19,0.0030056204883219,0.0,0.3154215429485384,val,3
S28174,248,25,2026-06-09,43,17,0.0029158986928104,0.0070534472481621,0.4114094202013807,val,3
S28478,248,25,2026-06-09,42,27,0.00292417831947,0.0,0.4097832890606689,val,3
S28985,248,25,2026-06-09,27,13,0.0027803539398357,0.0,0.4155437635151265,val,3
S32995,248,25,2026-06-09,31,15,0.0029427200839947,0.0,0.457054451452509,val,3
S33229,248,25,2026-06-09,37,28,0.0030244142632686,0.0,0.4654677749665879,val,3
S33548,248,25,2026-06-09,27,12,0.0018696520214302,0.0035574070296367,0.358384114229733,val,3
S33549,248,25,2026-06-09,63,26,0.0024706953941346,0.0035870232037818,0.3913914256491156,val,3
S35922,248,25,2026-06-09,41,14,0.0030067446087567,0.006026945417945,0.4110072457773608,val,3
S35929,248,25,2026-06-09,51,17,0.0029948639371129,0.0119504189860177,0.3869020531272118,val,3
S39945,248,25,2026-06-09,25,23,0.0028616168485697,0.0,0.4231294814733768,val,3
S00292,248,25,2026-06-09,54,30,0.002717013738973,0.0024525769329464,0.3547852273505221,val,4
S00337,248,25,2026-06-09,40,21,0.0029704836219317,0.0,0.4280663883063313,val,4
S02293,248,25,2026-06-09,31,22,0.0029099146767845,0.0037560175633497,0.376245267579145,val,4
S03416,248,25,2026-06-09,35,27,0.00299304104738,0.0093291286556293,0.4189130476687072,val,4
S05651,248,25,2026-06-09,25,15,0.0029612899567386,0.0034956304619225,0.3907642638575821,val,4
S08619,248,25,2026-06-09,44,20,0.0030069423635663,0.0,0.4449632028058334,val,4
S08621,248,25,2026-06-09,60,20,0.002911193072614,0.0157972287873731,0.3736337203881169,val,4
S10797,248,25,2026-06-09,24,19,0.002777477392989,0.0191351379654997,0.3951828958073438,val,4
S14473,248,25,2026-06-09,60,27,0.0027398741839226,0.0051204384826193,0.3992867868924825,val,4
S15432,248,25,2026-06-09,45,12,0.0028150507024548,0.0,0.3466790002897008,val,4
S19985,248,25,2026-06-09,44,23,0.0030222181914187,0.0,0.4603023824397835,val,4
S22981,248,25,2026-06-09,20,20,0.0028500729042892,0.0,0.384105893241011,val,4
S24331,248,25,2026-06-09,56,18,0.0030127051235123,0.0,0.4249571796703164,val,4
S24613,248,25,2026-06-09,27,14,0.002812923182515,0.0021005562036144,0.3650885971956804,val,4
S25040,248,25,2026-06-09,55,17,0.0030429943998516,0.0,0.389056643707764,val,4
S25839,248,25,2026-06-09,60,19,0.0029215340324459,0.0,0.3154215429485384,val,4
S28174,248,25,2026-06-09,45,17,0.0030305828320204,0.0070534472481621,0.4114094202013807,val,4
S28478,248,25,2026-06-09,44,27,0.0029436058693915,0.0,0.4097832890606689,val,4
S28985,248,25,2026-06-09,33,13,0.0028874041984038,0.0,0.4155437635151265,val,4
S32995,248,25,2026-06-09,36,15,0.0030420341997431,0.0,0.457054451452509,val,4
S33229,248,25,2026-06-09,35,28,0.0029352620270032,0.0,0.4654677749665879,val,4
S33548,248,25,2026-06-09,25,13,0.002308501644304,0.0035574070296367,0.358384114229733,val,4
S33549,248,25,2026-06-09,60,28,0.0024239895693533,0.0035870232037818,0.3913914256491156,val,4
S35922,248,25,2026-06-09,39,14,0.0031066848943466,0.006026945417945,0.4110072457773608,val,4
S35929,248,25,2026-06-09,53,17,0.0029764645529053,0.0119504189860177,0.3869020531272118,val,4
S39945,248,25,2026-06-09,27,23,0.0029237235182772,0.0,0.4231294814733768,val,4
