ufs_serial,run_id,wafer_no,date,die_x,die_y,pred,health,clf_proba,split,position
S07887,247,1,2026-06-02,39,25,0.0035311204935191,0.0,0.5242737063762425,val,1
S09781,247,1,2026-06-02,29,30,0.0034875316849718,0.0039805537534939,0.4631623235198026,val,1
S11146,247,1,2026-06-02,30,27,0.0034764383220103,0.0,0.4845452678992996,val,1
S14565,247,1,2026-06-02,47,25,0.0035483333703566,0.0,0.5105722764888291,val,1
S15171,247,1,2026-06-02,56,18,0.00309885821116,0.0,0.4573855290258504,val,1
S17394,247,1,2026-06-02,52,29,0.0034365878327649,0.0,0.4242917702959258,val,1
S21558,247,1,2026-06-02,28,30,0.0034132575290819,0.0,0.4675942617450648,val,1
S24750,247,1,2026-06-02,49,24,0.0034992469218737,0.0,0.4460078899254163,val,1
S25675,247,1,2026-06-02,38,26,0.0035512229621825,0.0,0.4999786758312644,val,1
S26249,247,1,2026-06-02,37,15,0.0034396687634233,0.0,0.4886793162598981,val,1
S33030,247,1,2026-06-02,63,18,0.0035084743109786,0.0,0.4224162003056671,val,1
S33884,247,1,2026-06-02,46,20,0.0035049612249249,0.0,0.4699035462715505,val,1
S34678,247,1,2026-06-02,23,21,0.0034927751070894,0.0,0.481526667360359,val,1
S36459,247,1,2026-06-02,33,12,0.0025857908254298,0.0,0.3182695537240608,val,1
S39307,247,1,2026-06-02,51,19,0.0035186964285399,0.0,0.4590494199764205,val,1
S40165,247,1,2026-06-02,60,19,0.0034498867742614,0.005012152200002,0.4565080036043062,val,1
S07887,247,1,2026-06-02,41,25,0.0035207409967678,0.0,0.5242737063762425,val,2
S09781,247,1,2026-06-02,27,30,0.0034901826382044,0.0039805537534939,0.4631623235198026,val,2
S11146,247,1,2026-06-02,32,27,0.003472918397426,0.0,0.4845452678992996,val,2
S14565,247,1,2026-06-02,49,25,0.0034169477302459,0.0,0.5105722764888291,val,2
S15171,247,1,2026-06-02,54,18,0.0033960053129442,0.0,0.4573855290258504,val,2
S17394,247,1,2026-06-02,54,29,0.0033670537350182,0.0,0.4242917702959258,val,2
S21558,247,1,2026-06-02,32,31,0.0033920189106369,0.0,0.4675942617450648,val,2
S24750,247,1,2026-06-02,47,24,0.0035389233803187,0.0,0.4460078899254163,val,2
S25675,247,1,2026-06-02,36,26,0.0035237439583016,0.0,0.4999786758312644,val,2
S26249,247,1,2026-06-02,39,15,0.0034544880250073,0.0,0.4886793162598981,val,2
S33030,247,1,2026-06-02,61,18,0.003546611033514,0.0,0.4224162003056671,val,2
S33884,247,1,2026-06-02,44,20,0.0034093079359998,0.0,0.4699035462715505,val,2
S34678,247,1,2026-06-02,26,21,0.0034563831572223,0.0,0.481526667360359,val,2
S36459,247,1,2026-06-02,27,13,0.0034882350030462,0.0,0.3182695537240608,val,2
S39307,247,1,2026-06-02,53,19,0.0034862002724758,0.0,0.4590494199764205,val,2
S40165,247,1,2026-06-02,63,19,0.0035448730972269,0.005012152200002,0.4565080036043062,val,2
S07887,247,1,2026-06-02,35,25,0.0035373096970728,0.0,0.5242737063762425,val,3
S09781,247,1,2026-06-02,33,30,0.0033580373021189,0.0039805537534939,0.4631623235198026,val,3
S11146,247,1,2026-06-02,26,27,0.0035062142070267,0.0,0.4845452678992996,val,3
S14565,247,1,2026-06-02,43,25,0.0035374747355433,0.0,0.5105722764888291,val,3
S15171,247,1,2026-06-02,60,18,0.0034754586246797,0.0,0.4573855290258504,val,3
S17394,247,1,2026-06-02,48,29,0.003439367300951,0.0,0.4242917702959258,val,3
S21558,247,1,2026-06-02,32,30,0.0034593666013481,0.0,0.4675942617450648,val,3
S24750,247,1,2026-06-02,53,24,0.0035184276218329,0.0,0.4460078899254163,val,3
S25675,247,1,2026-06-02,42,26,0.0035068949530904,0.0,0.4999786758312644,val,3
S26249,247,1,2026-06-02,33,15,0.0034507164761241,0.0,0.4886793162598981,val,3
S33030,247,1,2026-06-02,60,17,0.0033330343041173,0.0,0.4224162003056671,val,3
S33884,247,1,2026-06-02,50,20,0.0034545421525547,0.0,0.4699035462715505,val,3
S34678,247,1,2026-06-02,19,21,0.0035158082883032,0.0,0.481526667360359,val,3
S36459,247,1,2026-06-02,37,12,0.0034318556641243,0.0,0.3182695537240608,val,3
S39307,247,1,2026-06-02,47,19,0.0035531858860791,0.0,0.4590494199764205,val,3
S40165,247,1,2026-06-02,56,19,0.0033439685911029,0.005012152200002,0.4565080036043062,val,3
S07887,247,1,2026-06-02,37,25,0.0035505480022654,0.0,0.5242737063762425,val,4
S09781,247,1,2026-06-02,31,30,0.0034802796376396,0.0039805537534939,0.4631623235198026,val,4
S11146,247,1,2026-06-02,28,27,0.0034717820092451,0.0,0.4845452678992996,val,4
S14565,247,1,2026-06-02,45,25,0.0035117359975162,0.0,0.5105722764888291,val,4
S15171,247,1,2026-06-02,58,18,0.0034463685327543,0.0,0.4573855290258504,val,4
S17394,247,1,2026-06-02,50,29,0.0033893024867159,0.0,0.4242917702959258,val,4
S21558,247,1,2026-06-02,30,30,0.0034825885673859,0.0,0.4675942617450648,val,4
S24750,247,1,2026-06-02,51,24,0.0035185723539362,0.0,0.4460078899254163,val,4
S25675,247,1,2026-06-02,40,26,0.00351573134859,0.0,0.4999786758312644,val,4
S26249,247,1,2026-06-02,35,15,0.0034789376487108,0.0,0.4886793162598981,val,4
S33030,247,1,2026-06-02,62,17,0.003532579802183,0.0,0.4224162003056671,val,4
S33884,247,1,2026-06-02,48,20,0.0035190209770785,0.0,0.4699035462715505,val,4
S34678,247,1,2026-06-02,21,21,0.0034342600578444,0.0,0.481526667360359,val,4
S36459,247,1,2026-06-02,35,12,0.003462097941098,0.0,0.3182695537240608,val,4
S39307,247,1,2026-06-02,49,19,0.0035403751810221,0.0,0.4590494199764205,val,4
S40165,247,1,2026-06-02,58,19,0.0034106316536444,0.005012152200002,0.4565080036043062,val,4
S01599,247,2,2026-06-02,39,23,0.0035499181861981,0.0014333382360999,0.4826657958764754,val,1
S06550,247,2,2026-06-02,44,31,0.0034895553837039,0.0030203585536311,0.4474551844276275,val,1
S06552,247,2,2026-06-02,56,21,0.0035764480503321,0.0045784087035825,0.497099968201151,val,1
S16991,247,2,2026-06-02,16,17,0.0036421373150974,0.0026060920679366,0.5191900834276645,val,1
S17204,247,2,2026-06-02,33,16,0.0035698588028894,0.0,0.4440520918560029,val,1
S17496,247,2,2026-06-02,55,25,0.0035620057095192,0.0202169242318345,0.4596188545845978,val,1
S21845,247,2,2026-06-02,62,22,0.0035643681798759,0.0,0.5193983147428339,val,1
S23996,247,2,2026-06-02,59,27,0.0035312447881512,0.0,0.4496218761897674,val,1
S25071,247,2,2026-06-02,52,13,0.0036153660387807,0.0,0.4991714415750057,val,1
S26877,247,2,2026-06-02,35,24,0.0035307290410645,0.016907842779904,0.4991897287433184,val,1
S29678,247,2,2026-06-02,27,24,0.0035939885355505,0.0023589495317698,0.4899406306705128,val,1
S31487,247,2,2026-06-02,61,19,0.0035638086896202,0.0,0.5176410644272743,val,1
S32275,247,2,2026-06-02,24,15,0.0035998053817206,0.0,0.5120551499851845,val,1
S32278,247,2,2026-06-02,19,27,0.0035601798484416,0.0108010605467901,0.4306920366152368,val,1
S35905,247,2,2026-06-02,43,24,0.0035706198917329,0.0,0.4968387958901307,val,1
S39431,247,2,2026-06-02,27,13,0.0035857365865825,0.0,0.4417220227510194,val,1
S40315,247,2,2026-06-02,19,19,0.0035836779117832,0.0,0.4713711425627114,val,1
S40657,247,2,2026-06-02,20,29,0.0035556728383156,0.0042521153632264,0.480820147136466,val,1
S41017,247,2,2026-06-02,62,19,0.0035633442704038,0.0,0.4753300950254003,val,1
S41463,247,2,2026-06-02,58,20,0.0035340599041118,0.0,0.4667719333683973,val,1
S43405,247,2,2026-06-02,35,31,0.0035266367452911,0.0081755186807311,0.446105347948831,val,1
S01599,247,2,2026-06-02,41,23,0.0035464209108001,0.0014333382360999,0.4826657958764754,val,2
S06550,247,2,2026-06-02,45,31,0.0035345874182237,0.0030203585536311,0.4474551844276275,val,2
S06552,247,2,2026-06-02,57,21,0.0035483124766972,0.0045784087035825,0.497099968201151,val,2
S16991,247,2,2026-06-02,14,18,0.0036248559952114,0.0026060920679366,0.5191900834276645,val,2
S17204,247,2,2026-06-02,31,16,0.0035765228781473,0.0,0.4440520918560029,val,2
S17496,247,2,2026-06-02,56,25,0.0035554750688447,0.0202169242318345,0.4596188545845978,val,2
S21845,247,2,2026-06-02,60,22,0.0035521481016357,0.0,0.5193983147428339,val,2
S23996,247,2,2026-06-02,60,27,0.0035231289965446,0.0,0.4496218761897674,val,2
S25071,247,2,2026-06-02,55,14,0.0035791582274221,0.0,0.4991714415750057,val,2
S26877,247,2,2026-06-02,33,24,0.0035312767165931,0.016907842779904,0.4991897287433184,val,2
S29678,247,2,2026-06-02,25,24,0.0035898073989884,0.0023589495317698,0.4899406306705128,val,2
S31487,247,2,2026-06-02,63,19,0.0035892783079211,0.0,0.5176410644272743,val,2
S32275,247,2,2026-06-02,26,15,0.003590181078383,0.0,0.5120551499851845,val,2
S32278,247,2,2026-06-02,20,27,0.0035329162734774,0.0108010605467901,0.4306920366152368,val,2
S35905,247,2,2026-06-02,41,24,0.0035598006208443,0.0,0.4968387958901307,val,2
S39431,247,2,2026-06-02,29,13,0.0036076926709196,0.0,0.4417220227510194,val,2
S40315,247,2,2026-06-02,21,19,0.0036172441666648,0.0,0.4713711425627114,val,2
S40657,247,2,2026-06-02,21,29,0.0035465233542538,0.0042521153632264,0.480820147136466,val,2
S41017,247,2,2026-06-02,63,20,0.0036424382616771,0.0,0.4753300950254003,val,2
S41463,247,2,2026-06-02,56,20,0.0035294217677598,0.0,0.4667719333683973,val,2
S43405,247,2,2026-06-02,36,31,0.0035431824717166,0.0081755186807311,0.446105347948831,val,2
S01599,247,2,2026-06-02,35,23,0.0035575487269651,0.0014333382360999,0.4826657958764754,val,3
S06550,247,2,2026-06-02,41,31,0.0034257945937332,0.0030203585536311,0.4474551844276275,val,3
S06552,247,2,2026-06-02,53,21,0.0035842670651863,0.0045784087035825,0.497099968201151,val,3
S16991,247,2,2026-06-02,20,14,0.0034779306785767,0.0026060920679366,0.5191900834276645,val,3
S17204,247,2,2026-06-02,37,16,0.0035511313279937,0.0,0.4440520918560029,val,3
S17496,247,2,2026-06-02,53,25,0.0034799178727049,0.0202169242318345,0.4596188545845978,val,3
S21845,247,2,2026-06-02,66,22,0.0035560254130465,0.0,0.5193983147428339,val,3
S23996,247,2,2026-06-02,57,27,0.0035265909865592,0.0,0.4496218761897674,val,3
S25071,247,2,2026-06-02,48,13,0.0035625520537633,0.0,0.4991714415750057,val,3
S26877,247,2,2026-06-02,39,24,0.0035795871471577,0.016907842779904,0.4991897287433184,val,3
S29678,247,2,2026-06-02,32,24,0.0035888667172593,0.0023589495317698,0.4899406306705128,val,3
S31487,247,2,2026-06-02,57,19,0.0035879321751746,0.0,0.5176410644272743,val,3
S32275,247,2,2026-06-02,20,15,0.0036231398179116,0.0,0.5120551499851845,val,3
S32278,247,2,2026-06-02,18,26,0.0035620878706976,0.0108010605467901,0.4306920366152368,val,3
S35905,247,2,2026-06-02,47,24,0.0035713586918338,0.0,0.4968387958901307,val,3
S39431,247,2,2026-06-02,36,12,0.0036011193964587,0.0,0.4417220227510194,val,3
S40315,247,2,2026-06-02,15,19,0.0035796815616286,0.0,0.4713711425627114,val,3
S40657,247,2,2026-06-02,17,27,0.0035750048204886,0.0042521153632264,0.480820147136466,val,3
S41017,247,2,2026-06-02,58,19,0.0035184845998581,0.0,0.4753300950254003,val,3
S41463,247,2,2026-06-02,62,20,0.0035223575047482,0.0,0.4667719333683973,val,3
S43405,247,2,2026-06-02,33,31,0.0035058061331622,0.0081755186807311,0.446105347948831,val,3
S01599,247,2,2026-06-02,37,23,0.0035623585271227,0.0014333382360999,0.4826657958764754,val,4
S06550,247,2,2026-06-02,43,31,0.0035435861420667,0.0030203585536311,0.4474551844276275,val,4
S06552,247,2,2026-06-02,55,21,0.0035668643549734,0.0045784087035825,0.497099968201151,val,4
S16991,247,2,2026-06-02,19,15,0.0036397383937932,0.0026060920679366,0.5191900834276645,val,4
S17204,247,2,2026-06-02,35,16,0.0035488753262692,0.0,0.4440520918560029,val,4
S17496,247,2,2026-06-02,54,25,0.0034181084521658,0.0202169242318345,0.4596188545845978,val,4
S21845,247,2,2026-06-02,64,22,0.0035696602751074,0.0,0.5193983147428339,val,4
S23996,247,2,2026-06-02,58,27,0.0035280517520738,0.0,0.4496218761897674,val,4
S25071,247,2,2026-06-02,50,13,0.0035789561176007,0.0,0.4991714415750057,val,4
S26877,247,2,2026-06-02,37,24,0.0035955505946883,0.016907842779904,0.4991897287433184,val,4
S29678,247,2,2026-06-02,30,24,0.0035931067649357,0.0023589495317698,0.4899406306705128,val,4
S31487,247,2,2026-06-02,59,19,0.0035694657609267,0.0,0.5176410644272743,val,4
S32275,247,2,2026-06-02,22,15,0.0035630821645085,0.0,0.5120551499851845,val,4
S32278,247,2,2026-06-02,18,27,0.0035902834790509,0.0108010605467901,0.4306920366152368,val,4
S35905,247,2,2026-06-02,45,24,0.0035660604480324,0.0,0.4968387958901307,val,4
S39431,247,2,2026-06-02,34,12,0.0036106080207969,0.0,0.4417220227510194,val,4
S40315,247,2,2026-06-02,17,19,0.0036063402200482,0.0,0.4713711425627114,val,4
S40657,247,2,2026-06-02,18,28,0.003516798016266,0.0042521153632264,0.480820147136466,val,4
S41017,247,2,2026-06-02,60,19,0.0036035285582907,0.0,0.4753300950254003,val,4
S41463,247,2,2026-06-02,60,20,0.003579157001913,0.0,0.4667719333683973,val,4
S43405,247,2,2026-06-02,34,31,0.0035456508941288,0.0081755186807311,0.446105347948831,val,4
S07885,247,3,2026-06-02,31,21,0.0035126262644984,0.0,0.4469201780170193,val,1
S08584,247,3,2026-06-02,16,24,0.003516815452319,0.0113120112164167,0.4971074299323106,val,1
S08587,247,3,2026-06-02,58,21,0.0034588140702531,0.0181249601123236,0.4275589739499904,val,1
S11335,247,3,2026-06-02,55,15,0.0034507745815724,0.0006913032108739,0.4432071324321258,val,1
S14115,247,3,2026-06-02,31,15,0.0035086551471277,0.0,0.4744198440755691,val,1
S16392,247,3,2026-06-02,30,26,0.0035203506837381,0.0,0.4969973146296207,val,1
S20720,247,3,2026-06-02,23,18,0.0035170123213966,0.0,0.4217413395792613,val,1
S21559,247,3,2026-06-02,61,25,0.0035066906503693,0.0,0.4466942926605715,val,1
S23443,247,3,2026-06-02,60,25,0.003486145302576,0.0,0.4796957239101778,val,1
S23986,247,3,2026-06-02,39,16,0.0030755032007678,0.0,0.4516615346974024,val,1
S26888,247,3,2026-06-02,56,23,0.0031593693757204,0.0036842924601733,0.4377522670462626,val,1
S30997,247,3,2026-06-02,47,19,0.0034855767333861,0.0,0.4505575283457816,val,1
S31462,247,3,2026-06-02,59,22,0.0035215096750078,0.00803941740914,0.4281988938113546,val,1
S31467,247,3,2026-06-02,29,14,0.0032119721711869,0.0064246126003845,0.3801823701948317,val,1
S31942,247,3,2026-06-02,28,17,0.0032103329997785,0.0,0.4379276172857484,val,1
S31944,247,3,2026-06-02,49,30,0.0031566282367944,0.0,0.4257215532777559,val,1
S33883,247,3,2026-06-02,49,22,0.0034996013257502,0.0,0.4879486350043547,val,1
S36456,247,3,2026-06-02,31,18,0.0035073665436749,0.0,0.4207328244943945,val,1
S38145,247,3,2026-06-02,36,30,0.0035004853494959,0.0164671774694553,0.4878913713372252,val,1
S41481,247,3,2026-06-02,63,23,0.0035186073258716,0.0,0.4380534356610599,val,1
S41781,247,3,2026-06-02,22,21,0.0035049604843772,0.0055535069781994,0.4504025897527555,val,1
S41811,247,3,2026-06-02,44,25,0.0034985536572866,0.0008430187194257,0.425678730191451,val,1
S43607,247,3,2026-06-02,26,30,0.0025860768761848,0.0103802943393503,0.4326522873936313,val,1
S07885,247,3,2026-06-02,33,21,0.0035246438321744,0.0,0.4469201780170193,val,2
S08584,247,3,2026-06-02,14,24,0.0032130193359566,0.0113120112164167,0.4971074299323106,val,2
S08587,247,3,2026-06-02,60,21,0.0034827420287007,0.0181249601123236,0.4275589739499904,val,2
S11335,247,3,2026-06-02,57,15,0.003137682831607,0.0006913032108739,0.4432071324321258,val,2
S14115,247,3,2026-06-02,33,15,0.0033207555067671,0.0,0.4744198440755691,val,2
S16392,247,3,2026-06-02,28,26,0.0032860630106338,0.0,0.4969973146296207,val,2
S20720,247,3,2026-06-02,21,18,0.0032586963358953,0.0,0.4217413395792613,val,2
S21559,247,3,2026-06-02,63,25,0.003516942378884,0.0,0.4466942926605715,val,2
S23443,247,3,2026-06-02,62,25,0.0035065479593946,0.0,0.4796957239101778,val,2
S23986,247,3,2026-06-02,37,16,0.0034463447007973,0.0,0.4516615346974024,val,2
S26888,247,3,2026-06-02,58,23,0.0029204326281971,0.0036842924601733,0.4377522670462626,val,2
S30997,247,3,2026-06-02,49,19,0.0034286008880696,0.0,0.4505575283457816,val,2
S31462,247,3,2026-06-02,55,22,0.0034867806712255,0.00803941740914,0.4281988938113546,val,2
S31467,247,3,2026-06-02,27,14,0.0031661341491716,0.0064246126003845,0.3801823701948317,val,2
S31942,247,3,2026-06-02,30,17,0.0034905124412534,0.0,0.4379276172857484,val,2
S31944,247,3,2026-06-02,44,30,0.0034944867100848,0.0,0.4257215532777559,val,2
S33883,247,3,2026-06-02,47,22,0.003468663197679,0.0,0.4879486350043547,val,2
S36456,247,3,2026-06-02,29,18,0.0035103782272683,0.0,0.4207328244943945,val,2
S38145,247,3,2026-06-02,34,30,0.003531927808923,0.0164671774694553,0.4878913713372252,val,2
S41481,247,3,2026-06-02,65,23,0.0035381514774042,0.0,0.4380534356610599,val,2
S41781,247,3,2026-06-02,24,21,0.0035104440939066,0.0055535069781994,0.4504025897527555,val,2
S41811,247,3,2026-06-02,46,25,0.0035370592398245,0.0008430187194257,0.425678730191451,val,2
S43607,247,3,2026-06-02,28,31,0.0027179994643518,0.0103802943393503,0.4326522873936313,val,2
S07885,247,3,2026-06-02,27,21,0.0035582830284726,0.0,0.4469201780170193,val,3
S08584,247,3,2026-06-02,21,24,0.0035148700744656,0.0113120112164167,0.4971074299323106,val,3
S08587,247,3,2026-06-02,53,21,0.003470749379403,0.0181249601123236,0.4275589739499904,val,3
S11335,247,3,2026-06-02,50,15,0.0031819537416718,0.0006913032108739,0.4432071324321258,val,3
S14115,247,3,2026-06-02,27,15,0.0035296954117925,0.0,0.4744198440755691,val,3
S16392,247,3,2026-06-02,34,26,0.0034817563233899,0.0,0.4969973146296207,val,3
S20720,247,3,2026-06-02,27,18,0.003511194639814,0.0,0.4217413395792613,val,3
S21559,247,3,2026-06-02,57,25,0.0035003236700197,0.0,0.4466942926605715,val,3
S23443,247,3,2026-06-02,56,25,0.0035139110245996,0.0,0.4796957239101778,val,3
S23986,247,3,2026-06-02,43,16,0.0031777772790113,0.0,0.4516615346974024,val,3
S26888,247,3,2026-06-02,52,23,0.0035187739810432,0.0036842924601733,0.4377522670462626,val,3
S30997,247,3,2026-06-02,43,19,0.003161327115096,0.0,0.4505575283457816,val,3
S31462,247,3,2026-06-02,63,22,0.0034856757129879,0.00803941740914,0.4281988938113546,val,3
S31467,247,3,2026-06-02,33,14,0.0032592570169992,0.0064246126003845,0.3801823701948317,val,3
S31942,247,3,2026-06-02,24,17,0.0034760358318323,0.0,0.4379276172857484,val,3
S31944,247,3,2026-06-02,56,29,0.0034758392786773,0.0,0.4257215532777559,val,3
S33883,247,3,2026-06-02,53,22,0.0034631855415338,0.0,0.4879486350043547,val,3
S36456,247,3,2026-06-02,35,18,0.0035212510366123,0.0,0.4207328244943945,val,3
S38145,247,3,2026-06-02,40,30,0.0034863805395688,0.0164671774694553,0.4878913713372252,val,3
S41481,247,3,2026-06-02,59,23,0.0034825242260457,0.0,0.4380534356610599,val,3
S41781,247,3,2026-06-02,18,21,0.0031933700782786,0.0055535069781994,0.4504025897527555,val,3
S41811,247,3,2026-06-02,40,25,0.0035023360118548,0.0008430187194257,0.425678730191451,val,3
S43607,247,3,2026-06-02,21,29,0.0035522271980429,0.0103802943393503,0.4326522873936313,val,3
S07885,247,3,2026-06-02,29,21,0.0035324022374019,0.0,0.4469201780170193,val,4
S08584,247,3,2026-06-02,19,24,0.0034836234392819,0.0113120112164167,0.4971074299323106,val,4
S08587,247,3,2026-06-02,55,21,0.0034344375114654,0.0181249601123236,0.4275589739499904,val,4
S11335,247,3,2026-06-02,53,15,0.0032318653529368,0.0006913032108739,0.4432071324321258,val,4
S14115,247,3,2026-06-02,29,15,0.0032594444749605,0.0,0.4744198440755691,val,4
S16392,247,3,2026-06-02,32,26,0.0034563989617082,0.0,0.4969973146296207,val,4
S20720,247,3,2026-06-02,25,18,0.0033968334979512,0.0,0.4217413395792613,val,4
S21559,247,3,2026-06-02,59,25,0.0035033109506676,0.0,0.4466942926605715,val,4
S23443,247,3,2026-06-02,58,25,0.0035264737610112,0.0,0.4796957239101778,val,4
S23986,247,3,2026-06-02,41,16,0.0031830915419634,0.0,0.4516615346974024,val,4
S26888,247,3,2026-06-02,54,23,0.0034045667621972,0.0036842924601733,0.4377522670462626,val,4
S30997,247,3,2026-06-02,45,19,0.0029401482940167,0.0,0.4505575283457816,val,4
S31462,247,3,2026-06-02,61,22,0.0035178858926166,0.00803941740914,0.4281988938113546,val,4
S31467,247,3,2026-06-02,31,14,0.0035010549538671,0.0064246126003845,0.3801823701948317,val,4
S31942,247,3,2026-06-02,26,17,0.0035142934288784,0.0,0.4379276172857484,val,4
S31944,247,3,2026-06-02,51,30,0.0035041678046101,0.0,0.4257215532777559,val,4
S33883,247,3,2026-06-02,51,22,0.003528709025986,0.0,0.4879486350043547,val,4
S36456,247,3,2026-06-02,33,18,0.0034034579461582,0.0,0.4207328244943945,val,4
S38145,247,3,2026-06-02,38,30,0.0034951051605318,0.0164671774694553,0.4878913713372252,val,4
S41481,247,3,2026-06-02,61,23,0.003421993756909,0.0,0.4380534356610599,val,4
S41781,247,3,2026-06-02,20,21,0.0034829000116486,0.0055535069781994,0.4504025897527555,val,4
S41811,247,3,2026-06-02,42,25,0.0035294011197186,0.0008430187194257,0.425678730191451,val,4
S43607,247,3,2026-06-02,25,30,0.00285157499241,0.0103802943393503,0.4326522873936313,val,4
S01580,247,4,2026-06-02,23,25,0.0035222086520406,0.0043674645857499,0.4992982353372538,val,1
S03269,247,4,2026-06-02,56,28,0.0029196842677932,0.0057569123489824,0.4375905540369236,val,1
S11329,247,4,2026-06-02,43,14,0.0034434278253055,0.0,0.488618056644007,val,1
S12042,247,4,2026-06-02,54,27,0.0033818184711035,0.0,0.4729174631786181,val,1
S12556,247,4,2026-06-02,23,29,0.0034812906636661,0.0,0.4953850011449134,val,1
S14114,247,4,2026-06-02,19,21,0.0035264666778673,0.0,0.4501822748796441,val,1
S17185,247,4,2026-06-02,40,20,0.0035617540763229,0.0026422537307878,0.4576202632465202,val,1
S17473,247,4,2026-06-02,36,13,0.0034701886048908,0.0003559990860063,0.4306227094252241,val,1
S18680,247,4,2026-06-02,31,23,0.0035474067823904,0.0118899262942011,0.4540177391360609,val,1
S28198,247,4,2026-06-02,27,21,0.0035626698510961,0.0118087037512236,0.5157988484417054,val,1
S28783,247,4,2026-06-02,51,12,0.0034409750764445,0.0,0.4700472001824788,val,1
S28933,247,4,2026-06-02,36,19,0.0035772283431905,0.0,0.4663993085390199,val,1
S31453,247,4,2026-06-02,32,20,0.0035630290171514,0.0126662525286312,0.4945469146201546,val,1
S31463,247,4,2026-06-02,34,22,0.0035691072909161,0.0,0.4798277986439617,val,1
S31936,247,4,2026-06-02,49,20,0.0035288333296891,0.002210008626593,0.5029130988312261,val,1
S32823,247,4,2026-06-02,50,26,0.0035088997899596,0.0,0.4767893188123368,val,1
S33031,247,4,2026-06-02,35,14,0.003474314681974,0.0,0.4485007767315161,val,1
S33294,247,4,2026-06-02,40,16,0.0034755342288437,0.0,0.5132741526563435,val,1
S40297,247,4,2026-06-02,44,22,0.0034998070762554,0.0,0.4597900557396745,val,1
S43418,247,4,2026-06-02,59,21,0.0034857269586622,0.0,0.4728115983427375,val,1
S01580,247,4,2026-06-02,25,25,0.0035662238305291,0.0043674645857499,0.4992982353372538,val,2
S03269,247,4,2026-06-02,55,28,0.0031023048171652,0.0057569123489824,0.4375905540369236,val,2
S11329,247,4,2026-06-02,40,14,0.0034329547818051,0.0,0.488618056644007,val,2
S12042,247,4,2026-06-02,55,27,0.0033957402802433,0.0,0.4729174631786181,val,2
S12556,247,4,2026-06-02,24,29,0.0034959846747228,0.0,0.4953850011449134,val,2
S14114,247,4,2026-06-02,21,21,0.0035428629643963,0.0,0.4501822748796441,val,2
S17185,247,4,2026-06-02,38,20,0.0034557050430914,0.0026422537307878,0.4576202632465202,val,2
S17473,247,4,2026-06-02,38,13,0.0034290186820147,0.0003559990860063,0.4306227094252241,val,2
S18680,247,4,2026-06-02,33,23,0.0035490846170128,0.0118899262942011,0.4540177391360609,val,2
S28198,247,4,2026-06-02,29,21,0.0036194193258054,0.0118087037512236,0.5157988484417054,val,2
S28783,247,4,2026-06-02,54,13,0.0034418811575298,0.0,0.4700472001824788,val,2
S28933,247,4,2026-06-02,38,19,0.0035435607173209,0.0,0.4663993085390199,val,2
S31453,247,4,2026-06-02,30,20,0.0035725156163482,0.0126662525286312,0.4945469146201546,val,2
S31463,247,4,2026-06-02,31,22,0.003563749428489,0.0,0.4798277986439617,val,2
S31936,247,4,2026-06-02,47,20,0.0035745656832539,0.002210008626593,0.5029130988312261,val,2
S32823,247,4,2026-06-02,49,26,0.0034465354204643,0.0,0.4767893188123368,val,2
S33031,247,4,2026-06-02,33,14,0.003421490861617,0.0,0.4485007767315161,val,2
S33294,247,4,2026-06-02,38,16,0.003454763960867,0.0,0.5132741526563435,val,2
S40297,247,4,2026-06-02,42,22,0.003529606134323,0.0,0.4597900557396745,val,2
S43418,247,4,2026-06-02,61,21,0.0033524704378648,0.0,0.4728115983427375,val,2
S01580,247,4,2026-06-02,19,25,0.003469070275182,0.0043674645857499,0.4992982353372538,val,3
S03269,247,4,2026-06-02,61,27,0.0034285856193001,0.0057569123489824,0.4375905540369236,val,3
S11329,247,4,2026-06-02,47,14,0.0034421353706617,0.0,0.488618056644007,val,3
S12042,247,4,2026-06-02,52,27,0.0034271416253391,0.0,0.4729174631786181,val,3
S12556,247,4,2026-06-02,21,28,0.0034876487689454,0.0,0.4953850011449134,val,3
S14114,247,4,2026-06-02,14,21,0.003504473180572,0.0,0.4501822748796441,val,3
S17185,247,4,2026-06-02,45,20,0.0035810765047255,0.0026422537307878,0.4576202632465202,val,3
S17473,247,4,2026-06-02,32,13,0.0033954419463311,0.0003559990860063,0.4306227094252241,val,3
S18680,247,4,2026-06-02,27,23,0.0035874667302614,0.0118899262942011,0.4540177391360609,val,3
S28198,247,4,2026-06-02,23,21,0.0035559883328307,0.0118087037512236,0.5157988484417054,val,3
S28783,247,4,2026-06-02,41,11,0.0034245563172595,0.0,0.4700472001824788,val,3
S28933,247,4,2026-06-02,32,19,0.0035509243672749,0.0,0.4663993085390199,val,3
S31453,247,4,2026-06-02,36,20,0.0034907781940712,0.0126662525286312,0.4945469146201546,val,3
S31463,247,4,2026-06-02,38,22,0.003539604044177,0.0,0.4798277986439617,val,3
S31936,247,4,2026-06-02,53,20,0.0035178691657534,0.002210008626593,0.5029130988312261,val,3
S32823,247,4,2026-06-02,52,26,0.0033844195339724,0.0,0.4767893188123368,val,3
S33031,247,4,2026-06-02,39,14,0.0034250230593869,0.0,0.4485007767315161,val,3
S33294,247,4,2026-06-02,44,16,0.003397527033844,0.0,0.5132741526563435,val,3
S40297,247,4,2026-06-02,48,22,0.0035613152183216,0.0,0.4597900557396745,val,3
S43418,247,4,2026-06-02,55,21,0.0034882203615689,0.0,0.4728115983427375,val,3
S01580,247,4,2026-06-02,21,25,0.0035069989038522,0.0043674645857499,0.4992982353372538,val,4
S03269,247,4,2026-06-02,58,28,0.0034441081523184,0.0057569123489824,0.4375905540369236,val,4
S11329,247,4,2026-06-02,45,14,0.0034318293814579,0.0,0.488618056644007,val,4
S12042,247,4,2026-06-02,53,27,0.0034493379489508,0.0,0.4729174631786181,val,4
S12556,247,4,2026-06-02,20,28,0.0035086641502668,0.0,0.4953850011449134,val,4
S14114,247,4,2026-06-02,17,21,0.0034233235328778,0.0,0.4501822748796441,val,4
S17185,247,4,2026-06-02,43,20,0.0035596519757624,0.0026422537307878,0.4576202632465202,val,4
S17473,247,4,2026-06-02,34,13,0.0033850845836,0.0003559990860063,0.4306227094252241,val,4
S18680,247,4,2026-06-02,29,23,0.0035712580603339,0.0118899262942011,0.4540177391360609,val,4
S28198,247,4,2026-06-02,25,21,0.0034595846833769,0.0118087037512236,0.5157988484417054,val,4
S28783,247,4,2026-06-02,43,11,0.0034955822921298,0.0,0.4700472001824788,val,4
S28933,247,4,2026-06-02,34,19,0.0035509658000918,0.0,0.4663993085390199,val,4
S31453,247,4,2026-06-02,34,20,0.0035613879309054,0.0126662525286312,0.4945469146201546,val,4
S31463,247,4,2026-06-02,36,22,0.0036046646324012,0.0,0.4798277986439617,val,4
S31936,247,4,2026-06-02,51,20,0.0034805060137092,0.002210008626593,0.5029130988312261,val,4
S32823,247,4,2026-06-02,51,26,0.0035265749873775,0.0,0.4767893188123368,val,4
S33031,247,4,2026-06-02,37,14,0.0034661068765794,0.0,0.4485007767315161,val,4
S33294,247,4,2026-06-02,42,16,0.0035048492887502,0.0,0.5132741526563435,val,4
S40297,247,4,2026-06-02,46,22,0.0034939287080366,0.0,0.4597900557396745,val,4
S43418,247,4,2026-06-02,57,21,0.00352880161284,0.0,0.4728115983427375,val,4
S01599,247,5,2026-06-02,39,23,0.0035499181861981,0.0014333382360999,0.4826657958764754,val,1
S06550,247,5,2026-06-02,44,31,0.0034895553837039,0.0030203585536311,0.4474551844276275,val,1
S06552,247,5,2026-06-02,56,21,0.0035764480503321,0.0045784087035825,0.497099968201151,val,1
S16991,247,5,2026-06-02,16,17,0.0036421373150974,0.0026060920679366,0.5191900834276645,val,1
S17204,247,5,2026-06-02,33,16,0.0035698588028894,0.0,0.4440520918560029,val,1
S17496,247,5,2026-06-02,55,25,0.0035620057095192,0.0202169242318345,0.4596188545845978,val,1
S21845,247,5,2026-06-02,62,22,0.0035643681798759,0.0,0.5193983147428339,val,1
S23996,247,5,2026-06-02,59,27,0.0035312447881512,0.0,0.4496218761897674,val,1
S25071,247,5,2026-06-02,52,13,0.0036153660387807,0.0,0.4991714415750057,val,1
S26877,247,5,2026-06-02,35,24,0.0035307290410645,0.016907842779904,0.4991897287433184,val,1
S29678,247,5,2026-06-02,27,24,0.0035939885355505,0.0023589495317698,0.4899406306705128,val,1
S31487,247,5,2026-06-02,61,19,0.0035638086896202,0.0,0.5176410644272743,val,1
S32275,247,5,2026-06-02,24,15,0.0035998053817206,0.0,0.5120551499851845,val,1
S32278,247,5,2026-06-02,19,27,0.0035601798484416,0.0108010605467901,0.4306920366152368,val,1
S35905,247,5,2026-06-02,43,24,0.0035706198917329,0.0,0.4968387958901307,val,1
S39431,247,5,2026-06-02,27,13,0.0035857365865825,0.0,0.4417220227510194,val,1
S40315,247,5,2026-06-02,19,19,0.0035836779117832,0.0,0.4713711425627114,val,1
S40657,247,5,2026-06-02,20,29,0.0035556728383156,0.0042521153632264,0.480820147136466,val,1
S41017,247,5,2026-06-02,62,19,0.0035633442704038,0.0,0.4753300950254003,val,1
S41463,247,5,2026-06-02,58,20,0.0035340599041118,0.0,0.4667719333683973,val,1
S43405,247,5,2026-06-02,35,31,0.0035266367452911,0.0081755186807311,0.446105347948831,val,1
S01599,247,5,2026-06-02,41,23,0.0035464209108001,0.0014333382360999,0.4826657958764754,val,2
S06550,247,5,2026-06-02,45,31,0.0035345874182237,0.0030203585536311,0.4474551844276275,val,2
S06552,247,5,2026-06-02,57,21,0.0035483124766972,0.0045784087035825,0.497099968201151,val,2
S16991,247,5,2026-06-02,14,18,0.0036248559952114,0.0026060920679366,0.5191900834276645,val,2
S17204,247,5,2026-06-02,31,16,0.0035765228781473,0.0,0.4440520918560029,val,2
S17496,247,5,2026-06-02,56,25,0.0035554750688447,0.0202169242318345,0.4596188545845978,val,2
S21845,247,5,2026-06-02,60,22,0.0035521481016357,0.0,0.5193983147428339,val,2
S23996,247,5,2026-06-02,60,27,0.0035231289965446,0.0,0.4496218761897674,val,2
S25071,247,5,2026-06-02,55,14,0.0035791582274221,0.0,0.4991714415750057,val,2
S26877,247,5,2026-06-02,33,24,0.0035312767165931,0.016907842779904,0.4991897287433184,val,2
S29678,247,5,2026-06-02,25,24,0.0035898073989884,0.0023589495317698,0.4899406306705128,val,2
S31487,247,5,2026-06-02,63,19,0.0035892783079211,0.0,0.5176410644272743,val,2
S32275,247,5,2026-06-02,26,15,0.003590181078383,0.0,0.5120551499851845,val,2
S32278,247,5,2026-06-02,20,27,0.0035329162734774,0.0108010605467901,0.4306920366152368,val,2
S35905,247,5,2026-06-02,41,24,0.0035598006208443,0.0,0.4968387958901307,val,2
S39431,247,5,2026-06-02,29,13,0.0036076926709196,0.0,0.4417220227510194,val,2
S40315,247,5,2026-06-02,21,19,0.0036172441666648,0.0,0.4713711425627114,val,2
S40657,247,5,2026-06-02,21,29,0.0035465233542538,0.0042521153632264,0.480820147136466,val,2
S41017,247,5,2026-06-02,63,20,0.0036424382616771,0.0,0.4753300950254003,val,2
S41463,247,5,2026-06-02,56,20,0.0035294217677598,0.0,0.4667719333683973,val,2
S43405,247,5,2026-06-02,36,31,0.0035431824717166,0.0081755186807311,0.446105347948831,val,2
S01599,247,5,2026-06-02,35,23,0.0035575487269651,0.0014333382360999,0.4826657958764754,val,3
S06550,247,5,2026-06-02,41,31,0.0034257945937332,0.0030203585536311,0.4474551844276275,val,3
S06552,247,5,2026-06-02,53,21,0.0035842670651863,0.0045784087035825,0.497099968201151,val,3
S16991,247,5,2026-06-02,20,14,0.0034779306785767,0.0026060920679366,0.5191900834276645,val,3
S17204,247,5,2026-06-02,37,16,0.0035511313279937,0.0,0.4440520918560029,val,3
S17496,247,5,2026-06-02,53,25,0.0034799178727049,0.0202169242318345,0.4596188545845978,val,3
S21845,247,5,2026-06-02,66,22,0.0035560254130465,0.0,0.5193983147428339,val,3
S23996,247,5,2026-06-02,57,27,0.0035265909865592,0.0,0.4496218761897674,val,3
S25071,247,5,2026-06-02,48,13,0.0035625520537633,0.0,0.4991714415750057,val,3
S26877,247,5,2026-06-02,39,24,0.0035795871471577,0.016907842779904,0.4991897287433184,val,3
S29678,247,5,2026-06-02,32,24,0.0035888667172593,0.0023589495317698,0.4899406306705128,val,3
S31487,247,5,2026-06-02,57,19,0.0035879321751746,0.0,0.5176410644272743,val,3
S32275,247,5,2026-06-02,20,15,0.0036231398179116,0.0,0.5120551499851845,val,3
S32278,247,5,2026-06-02,18,26,0.0035620878706976,0.0108010605467901,0.4306920366152368,val,3
S35905,247,5,2026-06-02,47,24,0.0035713586918338,0.0,0.4968387958901307,val,3
S39431,247,5,2026-06-02,36,12,0.0036011193964587,0.0,0.4417220227510194,val,3
S40315,247,5,2026-06-02,15,19,0.0035796815616286,0.0,0.4713711425627114,val,3
S40657,247,5,2026-06-02,17,27,0.0035750048204886,0.0042521153632264,0.480820147136466,val,3
S41017,247,5,2026-06-02,58,19,0.0035184845998581,0.0,0.4753300950254003,val,3
S41463,247,5,2026-06-02,62,20,0.0035223575047482,0.0,0.4667719333683973,val,3
S43405,247,5,2026-06-02,33,31,0.0035058061331622,0.0081755186807311,0.446105347948831,val,3
S01599,247,5,2026-06-02,37,23,0.0035623585271227,0.0014333382360999,0.4826657958764754,val,4
S06550,247,5,2026-06-02,43,31,0.0035435861420667,0.0030203585536311,0.4474551844276275,val,4
S06552,247,5,2026-06-02,55,21,0.0035668643549734,0.0045784087035825,0.497099968201151,val,4
S16991,247,5,2026-06-02,19,15,0.0036397383937932,0.0026060920679366,0.5191900834276645,val,4
S17204,247,5,2026-06-02,35,16,0.0035488753262692,0.0,0.4440520918560029,val,4
S17496,247,5,2026-06-02,54,25,0.0034181084521658,0.0202169242318345,0.4596188545845978,val,4
S21845,247,5,2026-06-02,64,22,0.0035696602751074,0.0,0.5193983147428339,val,4
S23996,247,5,2026-06-02,58,27,0.0035280517520738,0.0,0.4496218761897674,val,4
S25071,247,5,2026-06-02,50,13,0.0035789561176007,0.0,0.4991714415750057,val,4
S26877,247,5,2026-06-02,37,24,0.0035955505946883,0.016907842779904,0.4991897287433184,val,4
S29678,247,5,2026-06-02,30,24,0.0035931067649357,0.0023589495317698,0.4899406306705128,val,4
S31487,247,5,2026-06-02,59,19,0.0035694657609267,0.0,0.5176410644272743,val,4
S32275,247,5,2026-06-02,22,15,0.0035630821645085,0.0,0.5120551499851845,val,4
S32278,247,5,2026-06-02,18,27,0.0035902834790509,0.0108010605467901,0.4306920366152368,val,4
S35905,247,5,2026-06-02,45,24,0.0035660604480324,0.0,0.4968387958901307,val,4
S39431,247,5,2026-06-02,34,12,0.0036106080207969,0.0,0.4417220227510194,val,4
S40315,247,5,2026-06-02,17,19,0.0036063402200482,0.0,0.4713711425627114,val,4
S40657,247,5,2026-06-02,18,28,0.003516798016266,0.0042521153632264,0.480820147136466,val,4
S41017,247,5,2026-06-02,60,19,0.0036035285582907,0.0,0.4753300950254003,val,4
S41463,247,5,2026-06-02,60,20,0.003579157001913,0.0,0.4667719333683973,val,4
S43405,247,5,2026-06-02,34,31,0.0035456508941288,0.0081755186807311,0.446105347948831,val,4
S02308,247,6,2026-06-02,55,14,0.0034247918348106,0.0144932607795449,0.4430494008741583,val,1
S08592,247,6,2026-06-02,41,20,0.0034687619579004,0.0069045039037537,0.415943646442478,val,1
S08593,247,6,2026-06-02,43,12,0.0031138702955422,0.0094482425936091,0.4340479992283475,val,1
S09777,247,6,2026-06-02,59,23,0.0031030840412739,0.0026352137731012,0.4403312210410484,val,1
S15164,247,6,2026-06-02,15,20,0.0014712928930712,0.0020541688882275,0.3839508632113884,val,1
S17857,247,6,2026-06-02,41,32,0.0034815099614152,0.0033070939494154,0.4562745693712064,val,1
S20717,247,6,2026-06-02,20,17,0.0033395170468172,0.0,0.4724121424927994,val,1
S21072,247,6,2026-06-02,46,21,0.003448198282469,0.0,0.4882974657006451,val,1
S22252,247,6,2026-06-02,36,30,0.0032999251155814,0.0,0.3802691537644406,val,1
S22372,247,6,2026-06-02,35,17,0.0032532599856355,0.0,0.4373483782072604,val,1
S33283,247,6,2026-06-02,51,17,0.0032103628354259,0.0018035279474255,0.4151127310631837,val,1
S33284,247,6,2026-06-02,41,21,0.0033906808069348,0.0036518205831891,0.4411163105074172,val,1
S34675,247,6,2026-06-02,45,15,0.0033195601199109,0.0,0.4071682158708786,val,1
S35892,247,6,2026-06-02,21,15,0.0033549889762818,0.002021927951018,0.4598614326492687,val,1
S41080,247,6,2026-06-02,16,23,0.0033155017755542,0.0,0.4197989061411404,val,1
S02308,247,6,2026-06-02,53,14,0.003430159904464,0.0144932607795449,0.4430494008741583,val,2
S08592,247,6,2026-06-02,38,20,0.0034693626118802,0.0069045039037537,0.415943646442478,val,2
S08593,247,6,2026-06-02,41,12,0.0033165178643479,0.0094482425936091,0.4340479992283475,val,2
S09777,247,6,2026-06-02,60,23,0.0031264319344941,0.0026352137731012,0.4403312210410484,val,2
S15164,247,6,2026-06-02,13,20,0.0033617344867332,0.0020541688882275,0.3839508632113884,val,2
S17857,247,6,2026-06-02,45,32,0.0034504729018154,0.0033070939494154,0.4562745693712064,val,2
S20717,247,6,2026-06-02,21,17,0.0034259287662456,0.0,0.4724121424927994,val,2
S21072,247,6,2026-06-02,48,21,0.0030422604233467,0.0,0.4882974657006451,val,2
S22252,247,6,2026-06-02,34,30,0.0013416417453295,0.0,0.3802691537644406,val,2
S22372,247,6,2026-06-02,37,17,0.0034613800946655,0.0,0.4373483782072604,val,2
S33283,247,6,2026-06-02,53,17,0.0032713318238113,0.0018035279474255,0.4151127310631837,val,2
S33284,247,6,2026-06-02,43,21,0.0033860541288037,0.0036518205831891,0.4411163105074172,val,2
S34675,247,6,2026-06-02,47,15,0.0031564488531759,0.0,0.4071682158708786,val,2
S35892,247,6,2026-06-02,23,15,0.0034295818106465,0.002021927951018,0.4598614326492687,val,2
S41080,247,6,2026-06-02,18,23,0.0033835240364884,0.0,0.4197989061411404,val,2
S02308,247,6,2026-06-02,46,13,0.0033662088311521,0.0144932607795449,0.4430494008741583,val,3
S08592,247,6,2026-06-02,45,20,0.0034746711464551,0.0069045039037537,0.415943646442478,val,3
S08593,247,6,2026-06-02,47,12,0.0024797171788042,0.0094482425936091,0.4340479992283475,val,3
S09777,247,6,2026-06-02,57,23,0.0032495066827409,0.0026352137731012,0.4403312210410484,val,3
S15164,247,6,2026-06-02,19,20,0.0034546684370479,0.0020541688882275,0.3839508632113884,val,3
S17857,247,6,2026-06-02,25,30,0.0033213429505411,0.0033070939494154,0.4562745693712064,val,3
S20717,247,6,2026-06-02,17,17,0.0026907774073308,0.0,0.4724121424927994,val,3
S21072,247,6,2026-06-02,42,21,0.0032973950738668,0.0,0.4882974657006451,val,3
S22252,247,6,2026-06-02,41,30,0.0033479940463202,0.0,0.3802691537644406,val,3
S22372,247,6,2026-06-02,31,17,0.003340413732227,0.0,0.4373483782072604,val,3
S33283,247,6,2026-06-02,46,17,0.0033033665402791,0.0018035279474255,0.4151127310631837,val,3
S33284,247,6,2026-06-02,37,21,0.0033784367977903,0.0036518205831891,0.4411163105074172,val,3
S34675,247,6,2026-06-02,41,15,0.0031205766139791,0.0,0.4071682158708786,val,3
S35892,247,6,2026-06-02,25,14,0.0033534993911567,0.002021927951018,0.4598614326492687,val,3
S41080,247,6,2026-06-02,16,22,0.0031928752959518,0.0,0.4197989061411404,val,3
S02308,247,6,2026-06-02,52,13,0.0034489771967849,0.0144932607795449,0.4430494008741583,val,4
S08592,247,6,2026-06-02,43,20,0.0034679604982164,0.0069045039037537,0.415943646442478,val,4
S08593,247,6,2026-06-02,45,12,0.0011774807597441,0.0094482425936091,0.4340479992283475,val,4
S09777,247,6,2026-06-02,58,23,0.0031725676788283,0.0026352137731012,0.4403312210410484,val,4
S15164,247,6,2026-06-02,17,20,0.0033286294997051,0.0020541688882275,0.3839508632113884,val,4
S17857,247,6,2026-06-02,39,32,0.0034481517734253,0.0033070939494154,0.4562745693712064,val,4
S20717,247,6,2026-06-02,19,17,0.00339496686064,0.0,0.4724121424927994,val,4
S21072,247,6,2026-06-02,44,21,0.0033233626740563,0.0,0.4882974657006451,val,4
S22252,247,6,2026-06-02,38,30,0.0032506378799525,0.0,0.3802691537644406,val,4
S22372,247,6,2026-06-02,33,17,0.003283220570312,0.0,0.4373483782072604,val,4
S33283,247,6,2026-06-02,48,17,0.0034094522158313,0.0018035279474255,0.4151127310631837,val,4
S33284,247,6,2026-06-02,39,21,0.0034311949388389,0.0036518205831891,0.4411163105074172,val,4
S34675,247,6,2026-06-02,43,15,0.0033609462632339,0.0,0.4071682158708786,val,4
S35892,247,6,2026-06-02,23,14,0.0013342865455699,0.002021927951018,0.4598614326492687,val,4
S41080,247,6,2026-06-02,14,22,0.0028521719437055,0.0,0.4197989061411404,val,4
S01149,247,7,2026-06-02,25,13,0.0031631989094161,0.0,0.3682583631002276,val,1
S01570,247,7,2026-06-02,29,20,0.0035409848229327,0.0131396896177945,0.499424053757089,val,1
S01615,247,7,2026-06-02,21,21,0.0034472549354584,0.0,0.4786508688155382,val,1
S03061,247,7,2026-06-02,14,25,0.0031807330075203,0.006086211119275,0.4821569343898632,val,1
S03250,247,7,2026-06-02,19,17,0.0034496493023866,0.0,0.5051000473706134,val,1
S06244,247,7,2026-06-02,37,28,0.0032475590536491,0.0030316616494801,0.4751698144472622,val,1
S08004,247,7,2026-06-02,52,26,0.0034439124522365,0.0071064973690231,0.4478875210315904,val,1
S12032,247,7,2026-06-02,52,13,0.0033755949587685,0.0,0.4991920612180416,val,1
S12570,247,7,2026-06-02,30,22,0.0035636579440626,0.0,0.4751503246729268,val,1
S12574,247,7,2026-06-02,37,15,0.0035171624398536,0.0,0.4757974283967514,val,1
S15167,247,7,2026-06-02,33,18,0.0035062401027748,0.0,0.5007014905893581,val,1
S15982,247,7,2026-06-02,41,12,0.0034128932012124,0.0018372092163581,0.4864662464392956,val,1
S16133,247,7,2026-06-02,44,13,0.0028499747149619,0.0,0.4043157402706307,val,1
S18658,247,7,2026-06-02,45,17,0.0035409441736013,0.0109000550485677,0.5186957296859555,val,1
S24106,247,7,2026-06-02,19,28,0.0033731649917187,0.0,0.4376737475725645,val,1
S26052,247,7,2026-06-02,61,17,0.0034590004275554,0.0,0.4555394899422967,val,1
S29274,247,7,2026-06-02,42,30,0.0034552871111862,0.0,0.4606644018875563,val,1
S31960,247,7,2026-06-02,33,27,0.0034584730052359,0.0,0.4739904559900484,val,1
S34677,247,7,2026-06-02,49,18,0.0034846236624712,0.0,0.4859331190445951,val,1
S36610,247,7,2026-06-02,29,17,0.0035222710078454,0.0,0.4980264501462699,val,1
S38967,247,7,2026-06-02,57,26,0.0033041538668583,0.0029364671405191,0.4744312230593572,val,1
S41020,247,7,2026-06-02,42,27,0.0034863145260284,0.0,0.4832976889095963,val,1
S42059,247,7,2026-06-02,22,16,0.0035333859227329,0.0077054661781197,0.4385427964517102,val,1
S43402,247,7,2026-06-02,60,16,0.0034668027248539,0.0152466849197401,0.466782113924398,val,1
S01149,247,7,2026-06-02,26,13,0.0034870989099215,0.0,0.3682583631002276,val,2
S01570,247,7,2026-06-02,27,20,0.0035165046055136,0.0131396896177945,0.499424053757089,val,2
S01615,247,7,2026-06-02,23,21,0.0028313005234979,0.0,0.4786508688155382,val,2
S03061,247,7,2026-06-02,16,26,0.0033624804455271,0.006086211119275,0.4821569343898632,val,2
S03250,247,7,2026-06-02,21,17,0.0035406612460934,0.0,0.5051000473706134,val,2
S06244,247,7,2026-06-02,36,28,0.0034097113575668,0.0030316616494801,0.4751698144472622,val,2
S08004,247,7,2026-06-02,51,26,0.0033722161783615,0.0071064973690231,0.4478875210315904,val,2
S12032,247,7,2026-06-02,55,14,0.0033320305554717,0.0,0.4991920612180416,val,2
S12570,247,7,2026-06-02,28,22,0.0035397293121138,0.0,0.4751503246729268,val,2
S12574,247,7,2026-06-02,40,15,0.0031517056367333,0.0,0.4757974283967514,val,2
S15167,247,7,2026-06-02,31,18,0.0035387057197218,0.0,0.5007014905893581,val,2
S15982,247,7,2026-06-02,40,12,0.0028771616974935,0.0018372092163581,0.4864662464392956,val,2
S16133,247,7,2026-06-02,45,13,0.0029615281784512,0.0,0.4043157402706307,val,2
S18658,247,7,2026-06-02,47,17,0.0035188708601218,0.0109000550485677,0.5186957296859555,val,2
S24106,247,7,2026-06-02,22,29,0.0033614966473527,0.0,0.4376737475725645,val,2
S26052,247,7,2026-06-02,64,18,0.0033524370551627,0.0,0.4555394899422967,val,2
S29274,247,7,2026-06-02,41,30,0.0034462526164945,0.0,0.4606644018875563,val,2
S31960,247,7,2026-06-02,36,27,0.0034425642601446,0.0,0.4739904559900484,val,2
S34677,247,7,2026-06-02,47,18,0.0034910063620118,0.0,0.4859331190445951,val,2
S36610,247,7,2026-06-02,31,17,0.0034929338377579,0.0,0.4980264501462699,val,2
S38967,247,7,2026-06-02,55,26,0.0031638879401492,0.0029364671405191,0.4744312230593572,val,2
S41020,247,7,2026-06-02,44,27,0.0034098727002588,0.0,0.4832976889095963,val,2
S42059,247,7,2026-06-02,20,16,0.0034536799215627,0.0077054661781197,0.4385427964517102,val,2
S43402,247,7,2026-06-02,59,16,0.0034355369627794,0.0152466849197401,0.466782113924398,val,2
S01149,247,7,2026-06-02,23,13,0.0032219447298975,0.0,0.3682583631002276,val,3
S01570,247,7,2026-06-02,33,20,0.0035651837093621,0.0131396896177945,0.499424053757089,val,3
S01615,247,7,2026-06-02,17,21,0.003288525296099,0.0,0.4786508688155382,val,3
S03061,247,7,2026-06-02,15,17,0.0032507716940741,0.006086211119275,0.4821569343898632,val,3
S03250,247,7,2026-06-02,19,16,0.0034858695533513,0.0,0.5051000473706134,val,3
S06244,247,7,2026-06-02,39,28,0.0034355462969809,0.0030316616494801,0.4751698144472622,val,3
S08004,247,7,2026-06-02,54,26,0.002778026619425,0.0071064973690231,0.4478875210315904,val,3
S12032,247,7,2026-06-02,50,13,0.0034018603626985,0.0,0.4991920612180416,val,3
S12570,247,7,2026-06-02,34,22,0.0035246575516999,0.0,0.4751503246729268,val,3
S12574,247,7,2026-06-02,33,15,0.0033555266450102,0.0,0.4757974283967514,val,3
S15167,247,7,2026-06-02,37,18,0.0035685896180727,0.0,0.5007014905893581,val,3
S15982,247,7,2026-06-02,43,12,0.0033856499825021,0.0018372092163581,0.4864662464392956,val,3
S16133,247,7,2026-06-02,42,13,0.0033027821481374,0.0,0.4043157402706307,val,3
S18658,247,7,2026-06-02,41,17,0.0035031994593248,0.0109000550485677,0.5186957296859555,val,3
S24106,247,7,2026-06-02,19,15,0.0033896460651415,0.0,0.4376737475725645,val,3
S26052,247,7,2026-06-02,57,17,0.0035261001102432,0.0,0.4555394899422967,val,3
S29274,247,7,2026-06-02,45,30,0.0029530758627463,0.0,0.4606644018875563,val,3
S31960,247,7,2026-06-02,29,27,0.0034454717274236,0.0,0.4739904559900484,val,3
S34677,247,7,2026-06-02,53,18,0.0034081735736485,0.0,0.4859331190445951,val,3
S36610,247,7,2026-06-02,24,17,0.0035623691977921,0.0,0.4980264501462699,val,3
S38967,247,7,2026-06-02,61,26,0.0033916610463977,0.0029364671405191,0.4744312230593572,val,3
S41020,247,7,2026-06-02,38,27,0.0035085713701049,0.0,0.4832976889095963,val,3
S42059,247,7,2026-06-02,26,16,0.0035263171808532,0.0077054661781197,0.4385427964517102,val,3
S43402,247,7,2026-06-02,58,15,0.0032144751100297,0.0152466849197401,0.466782113924398,val,3
S01149,247,7,2026-06-02,24,13,0.0033587602016798,0.0,0.3682583631002276,val,4
S01570,247,7,2026-06-02,31,20,0.0034958782854873,0.0131396896177945,0.499424053757089,val,4
S01615,247,7,2026-06-02,19,21,0.0034725497473344,0.0,0.4786508688155382,val,4
S03061,247,7,2026-06-02,14,18,0.0032139011405153,0.006086211119275,0.4821569343898632,val,4
S03250,247,7,2026-06-02,17,17,0.0034853748041205,0.0,0.5051000473706134,val,4
S06244,247,7,2026-06-02,38,28,0.0034371838504297,0.0030316616494801,0.4751698144472622,val,4
S08004,247,7,2026-06-02,53,26,0.0029983915640103,0.0071064973690231,0.4478875210315904,val,4
S12032,247,7,2026-06-02,51,13,0.0033246893893079,0.0,0.4991920612180416,val,4
S12570,247,7,2026-06-02,32,22,0.0034585726910639,0.0,0.4751503246729268,val,4
S12574,247,7,2026-06-02,35,15,0.0035060928179589,0.0,0.4757974283967514,val,4
S15167,247,7,2026-06-02,35,18,0.0035516961109489,0.0,0.5007014905893581,val,4
S15982,247,7,2026-06-02,42,12,0.0034040107910451,0.0018372092163581,0.4864662464392956,val,4
S16133,247,7,2026-06-02,43,13,0.0034868945151744,0.0,0.4043157402706307,val,4
S18658,247,7,2026-06-02,43,17,0.0034765727868376,0.0109000550485677,0.5186957296859555,val,4
S24106,247,7,2026-06-02,17,16,0.0033678720134308,0.0,0.4376737475725645,val,4
S26052,247,7,2026-06-02,59,17,0.0034552643310528,0.0,0.4555394899422967,val,4
S29274,247,7,2026-06-02,43,30,0.0033361167223379,0.0,0.4606644018875563,val,4
S31960,247,7,2026-06-02,31,27,0.0034213156262848,0.0,0.4739904559900484,val,4
S34677,247,7,2026-06-02,51,18,0.0034193093788611,0.0,0.4859331190445951,val,4
S36610,247,7,2026-06-02,26,17,0.0035327491634159,0.0,0.4980264501462699,val,4
S38967,247,7,2026-06-02,59,26,0.003018352049665,0.0029364671405191,0.4744312230593572,val,4
S41020,247,7,2026-06-02,40,27,0.0034808754503393,0.0,0.4832976889095963,val,4
S42059,247,7,2026-06-02,24,16,0.0033938469372359,0.0077054661781197,0.4385427964517102,val,4
S43402,247,7,2026-06-02,61,16,0.0033518034576563,0.0152466849197401,0.466782113924398,val,4
S00968,247,8,2026-06-02,22,26,0.0035846460131917,0.0,0.5074637718983368,val,1
S03464,247,8,2026-06-02,31,18,0.0035201750225024,0.0,0.4974823934161305,val,1
S03472,247,8,2026-06-02,45,23,0.0034041925318019,0.0142548199647788,0.4747924449156174,val,1
S04267,247,8,2026-06-02,53,15,0.0034059799181533,0.0,0.4376223999930425,val,1
S04947,247,8,2026-06-02,49,18,0.0034389449817169,0.0,0.4650288093931638,val,1
S04976,247,8,2026-06-02,34,16,0.0034837586960501,0.0,0.4947031581566705,val,1
S05389,247,8,2026-06-02,51,16,0.0033326833449027,0.0017221067221067,0.4696629939152236,val,1
S06009,247,8,2026-06-02,44,30,0.0033754948778078,0.0,0.4485069839024602,val,1
S06539,247,8,2026-06-02,28,30,0.0034746395518859,0.0046692095225568,0.4730603615462518,val,1
S09350,247,8,2026-06-02,47,22,0.0034859926758486,0.0,0.4477177342230337,val,1
S09503,247,8,2026-06-02,39,11,0.0034377534164782,0.0,0.4365032343923052,val,1
S10660,247,8,2026-06-02,27,21,0.0035442387251454,0.0,0.4820027173845371,val,1
S11373,247,8,2026-06-02,45,28,0.0034560664090265,0.0,0.4902037945663326,val,1
S16258,247,8,2026-06-02,30,25,0.0035390075653966,0.0,0.5051353384033735,val,1
S17462,247,8,2026-06-02,49,25,0.0034831436345412,0.0088426633725902,0.4941519639029035,val,1
S20051,247,8,2026-06-02,32,29,0.00344671215051,0.00195483812603,0.4588879619231145,val,1
S20203,247,8,2026-06-02,47,26,0.0034251564604152,0.0038761050213887,0.4685296515946016,val,1
S21055,247,8,2026-06-02,40,22,0.003438827589971,0.0,0.4295460860643111,val,1
S21078,247,8,2026-06-02,32,27,0.0034055515606816,0.0,0.4915131672232309,val,1
S22374,247,8,2026-06-02,35,15,0.0034857111990222,0.0,0.5051350280130129,val,1
S23438,247,8,2026-06-02,61,17,0.0034671111552861,0.0,0.439240677925283,val,1
S23440,247,8,2026-06-02,32,18,0.0035562624910192,0.0,0.4688258512110591,val,1
S23981,247,8,2026-06-02,38,14,0.003411613044084,0.0,0.4379573944808099,val,1
S26631,247,8,2026-06-02,35,16,0.0034718006493003,0.0,0.4535396578225894,val,1
S32263,247,8,2026-06-02,16,24,0.0035021994157011,0.0,0.5064071264174126,val,1
S33154,247,8,2026-06-02,40,32,0.003397158656256,0.0053700122094845,0.3449162968560066,val,1
S36585,247,8,2026-06-02,49,12,0.0034527643913596,0.0,0.4295209610608625,val,1
S40985,247,8,2026-06-02,44,15,0.0034636569014069,0.0,0.4578216927192342,val,1
S41489,247,8,2026-06-02,50,21,0.0034759760552173,0.0024142973034679,0.4585165465738121,val,1
S00968,247,8,2026-06-02,20,26,0.0035130762024921,0.0,0.5074637718983368,val,2
S03464,247,8,2026-06-02,29,18,0.0035294560166594,0.0,0.4974823934161305,val,2
S03472,247,8,2026-06-02,47,23,0.0034855228685728,0.0142548199647788,0.4747924449156174,val,2
S04267,247,8,2026-06-02,55,15,0.003368078900162,0.0,0.4376223999930425,val,2
S04947,247,8,2026-06-02,47,18,0.0034797213538831,0.0,0.4650288093931638,val,2
S04976,247,8,2026-06-02,32,16,0.0035104786836978,0.0,0.4947031581566705,val,2
S05389,247,8,2026-06-02,49,16,0.0034549484063657,0.0017221067221067,0.4696629939152236,val,2
S06009,247,8,2026-06-02,43,30,0.0033676322030581,0.0,0.4485069839024602,val,2
S06539,247,8,2026-06-02,32,31,0.0034204344441818,0.0046692095225568,0.4730603615462518,val,2
S09350,247,8,2026-06-02,45,22,0.0034663779531947,0.0,0.4477177342230337,val,2
S09503,247,8,2026-06-02,44,11,0.003191013848586,0.0,0.4365032343923052,val,2
S10660,247,8,2026-06-02,29,21,0.0035706872984967,0.0,0.4820027173845371,val,2
S11373,247,8,2026-06-02,43,28,0.0034269543643546,0.0,0.4902037945663326,val,2
S16258,247,8,2026-06-02,32,25,0.0035536750818212,0.0,0.5051353384033735,val,2
S17462,247,8,2026-06-02,51,25,0.0034154579494127,0.0088426633725902,0.4941519639029035,val,2
S20051,247,8,2026-06-02,34,29,0.003394882326878,0.00195483812603,0.4588879619231145,val,2
S20203,247,8,2026-06-02,45,26,0.0034801046569832,0.0038761050213887,0.4685296515946016,val,2
S21055,247,8,2026-06-02,38,22,0.0035362447322433,0.0,0.4295460860643111,val,2
S21078,247,8,2026-06-02,34,27,0.0034766357468804,0.0,0.4915131672232309,val,2
S22374,247,8,2026-06-02,37,15,0.0034752799514034,0.0,0.5051350280130129,val,2
S23438,247,8,2026-06-02,64,18,0.0034723527935076,0.0,0.439240677925283,val,2
S23440,247,8,2026-06-02,30,18,0.0035726821361816,0.0,0.4688258512110591,val,2
S23981,247,8,2026-06-02,36,14,0.0033333912552842,0.0,0.4379573944808099,val,2
S26631,247,8,2026-06-02,33,16,0.0035059397106883,0.0,0.4535396578225894,val,2
S32263,247,8,2026-06-02,14,24,0.0035718686495669,0.0,0.5064071264174126,val,2
S33154,247,8,2026-06-02,38,11,0.0034563208143202,0.0053700122094845,0.3449162968560066,val,2
S36585,247,8,2026-06-02,53,13,0.0034692962836341,0.0,0.4295209610608625,val,2
S40985,247,8,2026-06-02,46,15,0.0033426564473905,0.0,0.4578216927192342,val,2
S41489,247,8,2026-06-02,52,21,0.0033948358007555,0.0024142973034679,0.4585165465738121,val,2
S00968,247,8,2026-06-02,26,26,0.0035498374900009,0.0,0.5074637718983368,val,3
S03464,247,8,2026-06-02,35,18,0.0035575919764082,0.0,0.4974823934161305,val,3
S03472,247,8,2026-06-02,41,23,0.003466971978699,0.0142548199647788,0.4747924449156174,val,3
S04267,247,8,2026-06-02,49,15,0.003467562349003,0.0,0.4376223999930425,val,3
S04947,247,8,2026-06-02,53,18,0.0034052765962939,0.0,0.4650288093931638,val,3
S04976,247,8,2026-06-02,38,16,0.0034916495341029,0.0,0.4947031581566705,val,3
S05389,247,8,2026-06-02,55,16,0.0034234034464944,0.0017221067221067,0.4696629939152236,val,3
S06009,247,8,2026-06-02,46,30,0.0033683597659201,0.0,0.4485069839024602,val,3
S06539,247,8,2026-06-02,33,30,0.0034643481756893,0.0046692095225568,0.4730603615462518,val,3
S09350,247,8,2026-06-02,53,22,0.0034029584234608,0.0,0.4477177342230337,val,3
S09503,247,8,2026-06-02,34,11,0.003437416819031,0.0,0.4365032343923052,val,3
S10660,247,8,2026-06-02,23,21,0.0034807790187309,0.0,0.4820027173845371,val,3
S11373,247,8,2026-06-02,49,28,0.0033503201110904,0.0,0.4902037945663326,val,3
S16258,247,8,2026-06-02,26,25,0.0035372774379237,0.0,0.5051353384033735,val,3
S17462,247,8,2026-06-02,44,25,0.0034967278405613,0.0088426633725902,0.4941519639029035,val,3
S20051,247,8,2026-06-02,27,29,0.003479004393207,0.00195483812603,0.4588879619231145,val,3
S20203,247,8,2026-06-02,51,26,0.0033605462739146,0.0038761050213887,0.4685296515946016,val,3
S21055,247,8,2026-06-02,44,22,0.0034703380802774,0.0,0.4295460860643111,val,3
S21078,247,8,2026-06-02,28,27,0.003416268062556,0.0,0.4915131672232309,val,3
S22374,247,8,2026-06-02,31,15,0.003497451951243,0.0,0.5051350280130129,val,3
S23438,247,8,2026-06-02,57,17,0.0033863213888808,0.0,0.439240677925283,val,3
S23440,247,8,2026-06-02,37,18,0.0035430381212059,0.0,0.4688258512110591,val,3
S23981,247,8,2026-06-02,44,14,0.0034098347462501,0.0,0.4379573944808099,val,3
S26631,247,8,2026-06-02,39,16,0.0035016366405682,0.0,0.4535396578225894,val,3
S32263,247,8,2026-06-02,20,24,0.0035154385954911,0.0,0.5064071264174126,val,3
S33154,247,8,2026-06-02,45,32,0.0034335800242638,0.0053700122094845,0.3449162968560066,val,3
S36585,247,8,2026-06-02,45,11,0.0032573274032498,0.0,0.4295209610608625,val,3
S40985,247,8,2026-06-02,40,15,0.0034824006570987,0.0,0.4578216927192342,val,3
S41489,247,8,2026-06-02,46,21,0.0034556504135934,0.0024142973034679,0.4585165465738121,val,3
S00968,247,8,2026-06-02,24,26,0.003552299616116,0.0,0.5074637718983368,val,4
S03464,247,8,2026-06-02,33,18,0.0035777611600458,0.0,0.4974823934161305,val,4
S03472,247,8,2026-06-02,43,23,0.0034499368481105,0.0142548199647788,0.4747924449156174,val,4
S04267,247,8,2026-06-02,51,15,0.0033636086957074,0.0,0.4376223999930425,val,4
S04947,247,8,2026-06-02,51,18,0.0035027645194888,0.0,0.4650288093931638,val,4
S04976,247,8,2026-06-02,36,16,0.0034267250499448,0.0,0.4947031581566705,val,4
S05389,247,8,2026-06-02,53,16,0.0034218058445399,0.0017221067221067,0.4696629939152236,val,4
S06009,247,8,2026-06-02,45,30,0.003320586288473,0.0,0.4485069839024602,val,4
S06539,247,8,2026-06-02,31,30,0.0034878232139684,0.0046692095225568,0.4730603615462518,val,4
S09350,247,8,2026-06-02,49,22,0.0034951177693979,0.0,0.4477177342230337,val,4
S09503,247,8,2026-06-02,37,11,0.0034303957731388,0.0,0.4365032343923052,val,4
S10660,247,8,2026-06-02,25,21,0.0035640642530921,0.0,0.4820027173845371,val,4
S11373,247,8,2026-06-02,47,28,0.0033719709326036,0.0,0.4902037945663326,val,4
S16258,247,8,2026-06-02,28,25,0.0035337149951198,0.0,0.5051353384033735,val,4
S17462,247,8,2026-06-02,47,25,0.0033937362052219,0.0088426633725902,0.4941519639029035,val,4
S20051,247,8,2026-06-02,29,29,0.003480354867306,0.00195483812603,0.4588879619231145,val,4
S20203,247,8,2026-06-02,49,26,0.0035087040110654,0.0038761050213887,0.4685296515946016,val,4
S21055,247,8,2026-06-02,42,22,0.0034442258097335,0.0,0.4295460860643111,val,4
S21078,247,8,2026-06-02,30,27,0.003485530873007,0.0,0.4915131672232309,val,4
S22374,247,8,2026-06-02,33,15,0.0034468403819541,0.0,0.5051350280130129,val,4
S23438,247,8,2026-06-02,59,17,0.0033842056714317,0.0,0.439240677925283,val,4
S23440,247,8,2026-06-02,34,18,0.0035429743509103,0.0,0.4688258512110591,val,4
S23981,247,8,2026-06-02,40,14,0.0034134393762367,0.0,0.4379573944808099,val,4
S26631,247,8,2026-06-02,37,16,0.0034727071365691,0.0,0.4535396578225894,val,4
S32263,247,8,2026-06-02,18,24,0.0035420995167873,0.0,0.5064071264174126,val,4
S33154,247,8,2026-06-02,43,32,0.0033862674615644,0.0053700122094845,0.3449162968560066,val,4
S36585,247,8,2026-06-02,51,12,0.0034584970316188,0.0,0.4295209610608625,val,4
S40985,247,8,2026-06-02,42,15,0.0034964640735852,0.0,0.4578216927192342,val,4
S41489,247,8,2026-06-02,48,21,0.0034743829411062,0.0024142973034679,0.4585165465738121,val,4
S06545,247,9,2026-06-02,39,26,0.0034713390316567,0.0061987078749781,0.5137607833128831,val,1
S08000,247,9,2026-06-02,31,28,0.003487629931923,0.0154497673328646,0.4464060540655442,val,1
S10662,247,9,2026-06-02,26,22,0.0034651834301346,0.0,0.4291009734223039,val,1
S13177,247,9,2026-06-02,23,19,0.0034505880505594,0.0,0.4621618229162789,val,1
S13884,247,9,2026-06-02,34,29,0.0034388653400244,0.0078074681496143,0.4852210991565875,val,1
S16636,247,9,2026-06-02,37,14,0.0032552947684604,0.0,0.4748362073024788,val,1
S17501,247,9,2026-06-02,48,30,0.0034422120164054,0.0085523729823627,0.5032993622209686,val,1
S20217,247,9,2026-06-02,52,18,0.0034029144579198,0.0,0.4463916322994704,val,1
S21567,247,9,2026-06-02,30,26,0.0034906954826777,0.0,0.4611624255484967,val,1
S22012,247,9,2026-06-02,45,14,0.0032423810858706,0.0,0.4625385870661795,val,1
S26607,247,9,2026-06-02,39,19,0.00323955717547,0.0100415451250773,0.4692448390130525,val,1
S31491,247,9,2026-06-02,24,19,0.0035022553296467,0.0080425396948689,0.4235850314993246,val,1
S31509,247,9,2026-06-02,43,21,0.0034685632426691,0.0015743741308472,0.4781122820516025,val,1
S32283,247,9,2026-06-02,44,14,0.0033016812172315,0.0,0.4476043074513459,val,1
S34687,247,9,2026-06-02,43,22,0.003498939470343,0.0,0.4890431485893494,val,1
S37562,247,9,2026-06-02,34,17,0.0034685710789364,0.0,0.5008220409595373,val,1
S37585,247,9,2026-06-02,39,30,0.0034196366885484,0.0,0.4655757718001219,val,1
S39023,247,9,2026-06-02,59,20,0.0034857916544342,0.0,0.4592393134805436,val,1
S40313,247,9,2026-06-02,42,20,0.0035178983760177,0.0164885111239391,0.5211061430588592,val,1
S41212,247,9,2026-06-02,44,13,0.0033264374655827,0.0,0.4863744480739508,val,1
S42070,247,9,2026-06-02,40,26,0.0034766877258896,0.0212765561424864,0.5219804173468362,val,1
S06545,247,9,2026-06-02,36,26,0.0034893618749302,0.0061987078749781,0.5137607833128831,val,2
S08000,247,9,2026-06-02,28,28,0.0035006542536782,0.0154497673328646,0.4464060540655442,val,2
S10662,247,9,2026-06-02,25,22,0.0035522665156407,0.0,0.4291009734223039,val,2
S13177,247,9,2026-06-02,25,19,0.0034540238780202,0.0,0.4621618229162789,val,2
S13884,247,9,2026-06-02,35,29,0.0034379838950834,0.0078074681496143,0.4852210991565875,val,2
S16636,247,9,2026-06-02,35,14,0.0032659105108543,0.0,0.4748362073024788,val,2
S17501,247,9,2026-06-02,46,30,0.0034444418254865,0.0085523729823627,0.5032993622209686,val,2
S20217,247,9,2026-06-02,50,18,0.0034062508622534,0.0,0.4463916322994704,val,2
S21567,247,9,2026-06-02,28,26,0.0035607467554531,0.0,0.4611624255484967,val,2
S22012,247,9,2026-06-02,43,14,0.0032718599625764,0.0,0.4625385870661795,val,2
S26607,247,9,2026-06-02,41,19,0.003362595428147,0.0100415451250773,0.4692448390130525,val,2
S31491,247,9,2026-06-02,26,19,0.0032977275798955,0.0080425396948689,0.4235850314993246,val,2
S31509,247,9,2026-06-02,46,21,0.0033347469405371,0.0015743741308472,0.4781122820516025,val,2
S32283,247,9,2026-06-02,42,14,0.0033083547484806,0.0,0.4476043074513459,val,2
S34687,247,9,2026-06-02,41,22,0.0033960108547084,0.0,0.4890431485893494,val,2
S37562,247,9,2026-06-02,36,17,0.0035361543789528,0.0,0.5008220409595373,val,2
S37585,247,9,2026-06-02,37,30,0.0034284961731284,0.0,0.4655757718001219,val,2
S39023,247,9,2026-06-02,57,20,0.0034887507866563,0.0,0.4592393134805436,val,2
S40313,247,9,2026-06-02,40,20,0.0033871223451375,0.0164885111239391,0.5211061430588592,val,2
S41212,247,9,2026-06-02,46,13,0.003276076151212,0.0,0.4863744480739508,val,2
S42070,247,9,2026-06-02,38,26,0.003426359884573,0.0212765561424864,0.5219804173468362,val,2
S06545,247,9,2026-06-02,44,26,0.0034463814518661,0.0061987078749781,0.5137607833128831,val,3
S08000,247,9,2026-06-02,35,28,0.0034269464388959,0.0154497673328646,0.4464060540655442,val,3
S10662,247,9,2026-06-02,28,22,0.0035915475781064,0.0,0.4291009734223039,val,3
S13177,247,9,2026-06-02,18,19,0.003470699500779,0.0,0.4621618229162789,val,3
S13884,247,9,2026-06-02,32,29,0.0034514457410065,0.0078074681496143,0.4852210991565875,val,3
S16636,247,9,2026-06-02,41,14,0.0032691319663558,0.0,0.4748362073024788,val,3
S17501,247,9,2026-06-02,53,29,0.0034145992885936,0.0085523729823627,0.5032993622209686,val,3
S20217,247,9,2026-06-02,56,18,0.0028788945312327,0.0,0.4463916322994704,val,3
S21567,247,9,2026-06-02,35,26,0.0034486041249626,0.0,0.4611624255484967,val,3
S22012,247,9,2026-06-02,49,14,0.003278484723437,0.0,0.4625385870661795,val,3
S26607,247,9,2026-06-02,35,19,0.0034553366994873,0.0100415451250773,0.4692448390130525,val,3
S31491,247,9,2026-06-02,20,19,0.0034407896853997,0.0080425396948689,0.4235850314993246,val,3
S31509,247,9,2026-06-02,39,21,0.0034180927128456,0.0015743741308472,0.4781122820516025,val,3
S32283,247,9,2026-06-02,48,14,0.0032463182632545,0.0,0.4476043074513459,val,3
S34687,247,9,2026-06-02,48,22,0.0033646926434219,0.0,0.4890431485893494,val,3
S37562,247,9,2026-06-02,30,17,0.0033120971778512,0.0,0.5008220409595373,val,3
S37585,247,9,2026-06-02,43,30,0.0034204478915988,0.0,0.4655757718001219,val,3
S39023,247,9,2026-06-02,63,20,0.0034629766766418,0.0,0.4592393134805436,val,3
S40313,247,9,2026-06-02,46,20,0.0033729294173244,0.0164885111239391,0.5211061430588592,val,3
S41212,247,9,2026-06-02,40,13,0.0032947428161943,0.0,0.4863744480739508,val,3
S42070,247,9,2026-06-02,45,26,0.0033822554175295,0.0212765561424864,0.5219804173468362,val,3
S06545,247,9,2026-06-02,41,26,0.0034876009904459,0.0061987078749781,0.5137607833128831,val,4
S08000,247,9,2026-06-02,33,28,0.0035052322373353,0.0154497673328646,0.4464060540655442,val,4
S10662,247,9,2026-06-02,27,22,0.0035933458659919,0.0,0.4291009734223039,val,4
S13177,247,9,2026-06-02,21,19,0.0034553859649215,0.0,0.4621618229162789,val,4
S13884,247,9,2026-06-02,33,29,0.0034448401378901,0.0078074681496143,0.4852210991565875,val,4
S16636,247,9,2026-06-02,39,14,0.0032617379307115,0.0,0.4748362073024788,val,4
S17501,247,9,2026-06-02,51,30,0.0033465706141397,0.0085523729823627,0.5032993622209686,val,4
S20217,247,9,2026-06-02,54,18,0.00333429378486,0.0,0.4463916322994704,val,4
S21567,247,9,2026-06-02,32,26,0.003464388142085,0.0,0.4611624255484967,val,4
S22012,247,9,2026-06-02,47,14,0.0032743853872029,0.0,0.4625385870661795,val,4
S26607,247,9,2026-06-02,37,19,0.0034554399722951,0.0100415451250773,0.4692448390130525,val,4
S31491,247,9,2026-06-02,22,19,0.003518307718475,0.0080425396948689,0.4235850314993246,val,4
S31509,247,9,2026-06-02,41,21,0.003411537322811,0.0015743741308472,0.4781122820516025,val,4
S32283,247,9,2026-06-02,46,14,0.0032971717517128,0.0,0.4476043074513459,val,4
S34687,247,9,2026-06-02,45,22,0.0034280332993529,0.0,0.4890431485893494,val,4
S37562,247,9,2026-06-02,32,17,0.0034618163075664,0.0,0.5008220409595373,val,4
S37585,247,9,2026-06-02,41,30,0.0034159206093423,0.0,0.4655757718001219,val,4
S39023,247,9,2026-06-02,61,20,0.0033625111084083,0.0,0.4592393134805436,val,4
S40313,247,9,2026-06-02,44,20,0.0034133622486913,0.0164885111239391,0.5211061430588592,val,4
S41212,247,9,2026-06-02,42,13,0.0032674375775687,0.0,0.4863744480739508,val,4
S42070,247,9,2026-06-02,43,26,0.003475603955362,0.0212765561424864,0.5219804173468362,val,4
S00628,247,10,2026-06-02,43,16,0.0036001695556754,0.0,0.4657783717893527,val,1
S08578,247,10,2026-06-02,27,21,0.0036173151276079,0.0139838496384457,0.5259762900649876,val,1
S12581,247,10,2026-06-02,47,20,0.0035557783134575,0.0,0.4997877428389879,val,1
S18551,247,10,2026-06-02,17,18,0.0036380328079777,0.0085137363225626,0.5035973840279243,val,1
S21548,247,10,2026-06-02,44,17,0.0035822393381424,0.0,0.5058432891933312,val,1
S21549,247,10,2026-06-02,18,20,0.0036258400897231,0.0,0.5288151359995185,val,1
S24007,247,10,2026-06-02,35,21,0.0035801124076301,0.0,0.497410743388741,val,1
S26250,247,10,2026-06-02,56,29,0.0035161672506389,0.0,0.3798048862908856,val,1
S31964,247,10,2026-06-02,46,28,0.0034872565205867,0.0,0.4471793547143841,val,1
S32285,247,10,2026-06-02,44,29,0.003460239730361,0.0,0.4501824688948946,val,1
S33032,247,10,2026-06-02,48,29,0.0034226254860162,0.0,0.410324396183215,val,1
S36453,247,10,2026-06-02,32,28,0.003536843861788,0.0,0.5166447560798518,val,1
S37583,247,10,2026-06-02,40,25,0.0035700455003982,0.0,0.4884847776961944,val,1
S39658,247,10,2026-06-02,28,31,0.0035524412617746,0.0,0.4549480013373827,val,1
S41210,247,10,2026-06-02,41,12,0.0035977275767298,0.0,0.4420906535217137,val,1
S41446,247,10,2026-06-02,31,26,0.0035870738590393,0.0,0.5138196225139693,val,1
S41454,247,10,2026-06-02,51,17,0.0035215444527321,0.0,0.4786555944196903,val,1
S41818,247,10,2026-06-02,36,30,0.0035183344354713,0.0070152037249743,0.4789287252650602,val,1
S42061,247,10,2026-06-02,24,24,0.0035945130504428,0.0143623976823656,0.4995877956290331,val,1
S00628,247,10,2026-06-02,40,16,0.003596074665424,0.0,0.4657783717893527,val,2
S08578,247,10,2026-06-02,29,21,0.0036135003263626,0.0139838496384457,0.5259762900649876,val,2
S12581,247,10,2026-06-02,44,20,0.0035575001277673,0.0,0.4997877428389879,val,2
S18551,247,10,2026-06-02,16,18,0.0035957722104115,0.0085137363225626,0.5035973840279243,val,2
S21548,247,10,2026-06-02,46,17,0.0035949092121776,0.0,0.5058432891933312,val,2
S21549,247,10,2026-06-02,16,20,0.003639894121251,0.0,0.5288151359995185,val,2
S24007,247,10,2026-06-02,37,21,0.0035658110948707,0.0,0.497410743388741,val,2
S26250,247,10,2026-06-02,50,30,0.0034847925683707,0.0,0.3798048862908856,val,2
S31964,247,10,2026-06-02,44,28,0.0033642482683082,0.0,0.4471793547143841,val,2
S32285,247,10,2026-06-02,45,29,0.003491707363742,0.0,0.4501824688948946,val,2
S33032,247,10,2026-06-02,49,29,0.0034280822640665,0.0,0.410324396183215,val,2
S36453,247,10,2026-06-02,30,28,0.003562957064009,0.0,0.5166447560798518,val,2
S37583,247,10,2026-06-02,42,25,0.0035850271922016,0.0,0.4884847776961944,val,2
S39658,247,10,2026-06-02,30,31,0.003514862484911,0.0,0.4549480013373827,val,2
S41210,247,10,2026-06-02,39,12,0.0036166777973597,0.0,0.4420906535217137,val,2
S41446,247,10,2026-06-02,29,26,0.0035861327964752,0.0,0.5138196225139693,val,2
S41454,247,10,2026-06-02,53,17,0.0034998431517677,0.0,0.4786555944196903,val,2
S41818,247,10,2026-06-02,34,30,0.0035225863433679,0.0070152037249743,0.4789287252650602,val,2
S42061,247,10,2026-06-02,22,24,0.0035184745625196,0.0143623976823656,0.4995877956290331,val,2
S00628,247,10,2026-06-02,48,16,0.0035317128689647,0.0,0.4657783717893527,val,3
S08578,247,10,2026-06-02,22,21,0.0035612851748235,0.0139838496384457,0.5259762900649876,val,3
S12581,247,10,2026-06-02,52,20,0.0035196762911995,0.0,0.4997877428389879,val,3
S18551,247,10,2026-06-02,19,18,0.0036154278401021,0.0085137363225626,0.5035973840279243,val,3
S21548,247,10,2026-06-02,40,17,0.0035873494584105,0.0,0.5058432891933312,val,3
S21549,247,10,2026-06-02,22,20,0.0035866647538213,0.0,0.5288151359995185,val,3
S24007,247,10,2026-06-02,30,21,0.0031844720279987,0.0,0.497410743388741,val,3
S26250,247,10,2026-06-02,51,29,0.0033902709835104,0.0,0.3798048862908856,val,3
S31964,247,10,2026-06-02,51,28,0.0034200693677386,0.0,0.4471793547143841,val,3
S32285,247,10,2026-06-02,41,29,0.0034767067940186,0.0,0.4501824688948946,val,3
S33032,247,10,2026-06-02,46,29,0.0034646460080336,0.0,0.410324396183215,val,3
S36453,247,10,2026-06-02,34,28,0.0035317297146092,0.0,0.5166447560798518,val,3
S37583,247,10,2026-06-02,34,25,0.0035913152649223,0.0,0.4884847776961944,val,3
S39658,247,10,2026-06-02,26,30,0.0035750518383795,0.0,0.4549480013373827,val,3
S41210,247,10,2026-06-02,43,12,0.0035728659844684,0.0,0.4420906535217137,val,3
S41446,247,10,2026-06-02,35,26,0.0035712760792203,0.0,0.5138196225139693,val,3
S41454,247,10,2026-06-02,47,17,0.0035056200905027,0.0,0.4786555944196903,val,3
S41818,247,10,2026-06-02,40,30,0.0035092502211337,0.0070152037249743,0.4789287252650602,val,3
S42061,247,10,2026-06-02,28,24,0.0036128466385492,0.0143623976823656,0.4995877956290331,val,3
S00628,247,10,2026-06-02,45,16,0.0035805236924159,0.0,0.4657783717893527,val,4
S08578,247,10,2026-06-02,25,21,0.0035975774408307,0.0139838496384457,0.5259762900649876,val,4
S12581,247,10,2026-06-02,50,20,0.0035410070741414,0.0,0.4997877428389879,val,4
S18551,247,10,2026-06-02,18,18,0.0036201667387267,0.0085137363225626,0.5035973840279243,val,4
S21548,247,10,2026-06-02,42,17,0.0036206727511307,0.0,0.5058432891933312,val,4
S21549,247,10,2026-06-02,20,20,0.0035818335074795,0.0,0.5288151359995185,val,4
S24007,247,10,2026-06-02,33,21,0.0035902655280401,0.0,0.497410743388741,val,4
S26250,247,10,2026-06-02,54,29,0.0034444307542435,0.0,0.3798048862908856,val,4
S31964,247,10,2026-06-02,49,28,0.0034659442624256,0.0,0.4471793547143841,val,4
S32285,247,10,2026-06-02,43,29,0.0034903412895841,0.0,0.4501824688948946,val,4
S33032,247,10,2026-06-02,47,29,0.0034624550945188,0.0,0.410324396183215,val,4
S36453,247,10,2026-06-02,33,28,0.0035487135699775,0.0,0.5166447560798518,val,4
S37583,247,10,2026-06-02,38,25,0.0035993706364593,0.0,0.4884847776961944,val,4
S39658,247,10,2026-06-02,24,30,0.0035057911531097,0.0,0.4549480013373827,val,4
S41210,247,10,2026-06-02,42,12,0.0035952257562136,0.0,0.4420906535217137,val,4
S41446,247,10,2026-06-02,33,26,0.0036085125303155,0.0,0.5138196225139693,val,4
S41454,247,10,2026-06-02,49,17,0.0035407727769612,0.0,0.4786555944196903,val,4
S41818,247,10,2026-06-02,38,30,0.0035786966684233,0.0070152037249743,0.4789287252650602,val,4
S42061,247,10,2026-06-02,26,24,0.003608460759698,0.0143623976823656,0.4995877956290331,val,4
S01613,247,11,2026-06-02,45,16,0.0035020164535619,0.0103525952905957,0.519180353299166,val,1
S04978,247,11,2026-06-02,13,23,0.0033930135849026,0.0,0.415457028450227,val,1
S06255,247,11,2026-06-02,35,19,0.0035376275355116,0.0093712583318405,0.4786661782147642,val,1
S06535,247,11,2026-06-02,18,19,0.0036131416953795,0.0030855862148176,0.4945145728533243,val,1
S11147,247,11,2026-06-02,47,17,0.0034954783807217,0.0,0.4689478209180298,val,1
S11380,247,11,2026-06-02,37,16,0.0035315239590497,0.0163597896897714,0.4536369253480667,val,1
S12559,247,11,2026-06-02,55,15,0.0035358042844225,0.0,0.4576463300219915,val,1
S15416,247,11,2026-06-02,52,20,0.0035502032868831,0.0,0.4738443003146102,val,1
S18558,247,11,2026-06-02,55,26,0.0035451562224038,0.011108652455638,0.485958453998752,val,1
S18562,247,11,2026-06-02,36,28,0.0035135459390505,0.0157293413931702,0.4640991801433077,val,1
S22943,247,11,2026-06-02,37,15,0.0034512323340605,0.0,0.4694564879140017,val,1
S23006,247,11,2026-06-02,63,24,0.0034276385279637,0.0,0.4660379953069702,val,1
S23008,247,11,2026-06-02,23,20,0.0035932015398824,0.0,0.4957774093358085,val,1
S26047,247,11,2026-06-02,47,28,0.0035174608705379,0.0,0.5122225869849725,val,1
S26861,247,11,2026-06-02,21,16,0.0032953014044997,0.0,0.4505901603385642,val,1
S31945,247,11,2026-06-02,26,29,0.0035333858175088,0.0,0.4607737485203629,val,1
S33029,247,11,2026-06-02,28,22,0.0036120231756295,0.0,0.4682557843106059,val,1
S33286,247,11,2026-06-02,33,14,0.003497430377774,0.0036592010130906,0.5017368445543041,val,1
S33288,247,11,2026-06-02,17,18,0.0033098843186105,0.0036435480974007,0.4423987356153498,val,1
S40659,247,11,2026-06-02,54,13,0.003365840070851,0.006314318383941,0.406947664720755,val,1
S40996,247,11,2026-06-02,46,15,0.0034337246918206,0.0,0.4351041482074207,val,1
S41484,247,11,2026-06-02,55,17,0.0034398327276452,0.0,0.4595063466406361,val,1
S41802,247,11,2026-06-02,56,18,0.0035004568035465,0.0193936427021974,0.4655851655727796,val,1
S41804,247,11,2026-06-02,24,24,0.003591022905456,0.0,0.5101087623187578,val,1
S42057,247,11,2026-06-02,48,21,0.0035641764399504,0.0158171025038022,0.5203311956867812,val,1
S01613,247,11,2026-06-02,43,16,0.0035093776297526,0.0103525952905957,0.519180353299166,val,2
S04978,247,11,2026-06-02,15,23,0.0035645378244255,0.0,0.415457028450227,val,2
S06255,247,11,2026-06-02,37,19,0.00347828500214,0.0093712583318405,0.4786661782147642,val,2
S06535,247,11,2026-06-02,20,19,0.0034942670450887,0.0030855862148176,0.4945145728533243,val,2
S11147,247,11,2026-06-02,49,17,0.0035308445886575,0.0,0.4689478209180298,val,2
S11380,247,11,2026-06-02,35,16,0.0035067504805998,0.0163597896897714,0.4536369253480667,val,2
S12559,247,11,2026-06-02,57,15,0.0034455465049278,0.0,0.4576463300219915,val,2
S15416,247,11,2026-06-02,50,20,0.003546994151739,0.0,0.4738443003146102,val,2
S18558,247,11,2026-06-02,53,26,0.0035212448853001,0.011108652455638,0.485958453998752,val,2
S18562,247,11,2026-06-02,34,28,0.0035303774880757,0.0157293413931702,0.4640991801433077,val,2
S22943,247,11,2026-06-02,40,15,0.0028840110516056,0.0,0.4694564879140017,val,2
S23006,247,11,2026-06-02,61,24,0.0035558359077674,0.0,0.4660379953069702,val,2
S23008,247,11,2026-06-02,21,20,0.0035468396254879,0.0,0.4957774093358085,val,2
S26047,247,11,2026-06-02,45,28,0.0035067710696836,0.0,0.5122225869849725,val,2
S26861,247,11,2026-06-02,19,16,0.003303228795908,0.0,0.4505901603385642,val,2
S31945,247,11,2026-06-02,27,29,0.0035452526760263,0.0,0.4607737485203629,val,2
S33029,247,11,2026-06-02,25,22,0.0036118994752044,0.0,0.4682557843106059,val,2
S33286,247,11,2026-06-02,30,14,0.0035227529939278,0.0036592010130906,0.5017368445543041,val,2
S33288,247,11,2026-06-02,15,18,0.0032051130934057,0.0036435480974007,0.4423987356153498,val,2
S40659,247,11,2026-06-02,59,15,0.0034765488148025,0.006314318383941,0.406947664720755,val,2
S40996,247,11,2026-06-02,48,15,0.003483045088769,0.0,0.4351041482074207,val,2
S41484,247,11,2026-06-02,57,17,0.0035555850623449,0.0,0.4595063466406361,val,2
S41802,247,11,2026-06-02,54,18,0.0034154211887485,0.0193936427021974,0.4655851655727796,val,2
S41804,247,11,2026-06-02,22,24,0.0033488778899667,0.0,0.5101087623187578,val,2
S42057,247,11,2026-06-02,50,21,0.0035669759234682,0.0158171025038022,0.5203311956867812,val,2
S01613,247,11,2026-06-02,49,16,0.0034554162502342,0.0103525952905957,0.519180353299166,val,3
S04978,247,11,2026-06-02,16,22,0.0033981027836329,0.0,0.415457028450227,val,3
S06255,247,11,2026-06-02,31,19,0.0035994341239294,0.0093712583318405,0.4786661782147642,val,3
S06535,247,11,2026-06-02,14,19,0.00342129672462,0.0030855862148176,0.4945145728533243,val,3
S11147,247,11,2026-06-02,43,17,0.0034791596860228,0.0,0.4689478209180298,val,3
S11380,247,11,2026-06-02,41,16,0.0030701543073219,0.0163597896897714,0.4536369253480667,val,3
S12559,247,11,2026-06-02,51,15,0.0031599660689199,0.0,0.4576463300219915,val,3
S15416,247,11,2026-06-02,57,20,0.0035308228991567,0.0,0.4738443003146102,val,3
S18558,247,11,2026-06-02,59,26,0.0035530771530545,0.011108652455638,0.485958453998752,val,3
S18562,247,11,2026-06-02,40,28,0.003506176690634,0.0157293413931702,0.4640991801433077,val,3
S22943,247,11,2026-06-02,32,15,0.0034684335436334,0.0,0.4694564879140017,val,3
S23006,247,11,2026-06-02,62,23,0.0035482649728366,0.0,0.4660379953069702,val,3
S23008,247,11,2026-06-02,27,20,0.0036134411524199,0.0,0.4957774093358085,val,3
S26047,247,11,2026-06-02,51,28,0.0035152386987639,0.0,0.5122225869849725,val,3
S26861,247,11,2026-06-02,25,16,0.0035444185397634,0.0,0.4505901603385642,val,3
S31945,247,11,2026-06-02,24,29,0.0035940729578685,0.0,0.4607737485203629,val,3
S33029,247,11,2026-06-02,33,22,0.00349256322411,0.0,0.4682557843106059,val,3
S33286,247,11,2026-06-02,37,14,0.0033559437285436,0.0036592010130906,0.5017368445543041,val,3
S33288,247,11,2026-06-02,21,18,0.0034818158481271,0.0036435480974007,0.4423987356153498,val,3
S40659,247,11,2026-06-02,50,12,0.002854809446287,0.006314318383941,0.406947664720755,val,3
S40996,247,11,2026-06-02,42,15,0.0033613888763462,0.0,0.4351041482074207,val,3
S41484,247,11,2026-06-02,51,17,0.0035048528333195,0.0,0.4595063466406361,val,3
S41802,247,11,2026-06-02,60,18,0.00348100320078,0.0193936427021974,0.4655851655727796,val,3
S41804,247,11,2026-06-02,28,24,0.0036075153550331,0.0,0.5101087623187578,val,3
S42057,247,11,2026-06-02,44,21,0.003471780815117,0.0158171025038022,0.5203311956867812,val,3
S01613,247,11,2026-06-02,47,16,0.0034379835917432,0.0103525952905957,0.519180353299166,val,4
S04978,247,11,2026-06-02,14,22,0.0032264924492736,0.0,0.415457028450227,val,4
S06255,247,11,2026-06-02,33,19,0.0035730734602388,0.0093712583318405,0.4786661782147642,val,4
S06535,247,11,2026-06-02,16,19,0.0035123892350269,0.0030855862148176,0.4945145728533243,val,4
S11147,247,11,2026-06-02,45,17,0.0035474596979939,0.0,0.4689478209180298,val,4
S11380,247,11,2026-06-02,39,16,0.0030832123679098,0.0163597896897714,0.4536369253480667,val,4
S12559,247,11,2026-06-02,53,15,0.0034278385692242,0.0,0.4576463300219915,val,4
S15416,247,11,2026-06-02,54,20,0.0035820837343702,0.0,0.4738443003146102,val,4
S18558,247,11,2026-06-02,57,26,0.0035303747753997,0.011108652455638,0.485958453998752,val,4
S18562,247,11,2026-06-02,38,28,0.0035197194946628,0.0157293413931702,0.4640991801433077,val,4
S22943,247,11,2026-06-02,34,15,0.0034640743591776,0.0,0.4694564879140017,val,4
S23006,247,11,2026-06-02,65,24,0.0034571591022569,0.0,0.4660379953069702,val,4
S23008,247,11,2026-06-02,25,20,0.0035948020741671,0.0,0.4957774093358085,val,4
S26047,247,11,2026-06-02,49,28,0.0034875462685419,0.0,0.5122225869849725,val,4
S26861,247,11,2026-06-02,23,16,0.0035220574516037,0.0,0.4505901603385642,val,4
S31945,247,11,2026-06-02,25,29,0.003547557115623,0.0,0.4607737485203629,val,4
S33029,247,11,2026-06-02,31,22,0.0035565337219785,0.0,0.4682557843106059,val,4
S33286,247,11,2026-06-02,35,14,0.0035045050726275,0.0036592010130906,0.5017368445543041,val,4
S33288,247,11,2026-06-02,19,18,0.0035806514070058,0.0036435480974007,0.4423987356153498,val,4
S40659,247,11,2026-06-02,48,12,0.0026005148510575,0.006314318383941,0.406947664720755,val,4
S40996,247,11,2026-06-02,44,15,0.003093367051179,0.0,0.4351041482074207,val,4
S41484,247,11,2026-06-02,53,17,0.0034817751488111,0.0,0.4595063466406361,val,4
S41802,247,11,2026-06-02,58,18,0.0035745195045341,0.0193936427021974,0.4655851655727796,val,4
S41804,247,11,2026-06-02,26,24,0.0036045726772498,0.0,0.5101087623187578,val,4
S42057,247,11,2026-06-02,46,21,0.0034709871086014,0.0158171025038022,0.5203311956867812,val,4
S01622,247,12,2026-06-02,37,31,0.0035241843742605,0.0,0.4782858472545203,val,1
S04266,247,12,2026-06-02,43,21,0.0035705286298016,0.0,0.5306423699180022,val,1
S06537,247,12,2026-06-02,51,16,0.0034301280169369,0.0061071891569744,0.4532427391548637,val,1
S07778,247,12,2026-06-02,34,18,0.0035823191330008,0.0,0.5334306142728756,val,1
S11771,247,12,2026-06-02,20,16,0.0035587643666576,0.0,0.5078975618617072,val,1
S13956,247,12,2026-06-02,27,31,0.0035060280379522,0.0132651127534584,0.4624831613112286,val,1
S14794,247,12,2026-06-02,34,26,0.0036397993277484,0.0,0.499542949984357,val,1
S17202,247,12,2026-06-02,20,15,0.0035711572249303,0.0,0.5038082061783031,val,1
S22005,247,12,2026-06-02,41,16,0.0035475477563458,0.0,0.5172338224838468,val,1
S22013,247,12,2026-06-02,26,14,0.0035426123620442,0.0,0.5206081710586645,val,1
S26851,247,12,2026-06-02,45,20,0.0035280107936025,0.0121120843020563,0.5161476292380671,val,1
S26857,247,12,2026-06-02,26,18,0.0035466368799343,0.0050754941458208,0.5090374586165917,val,1
S27477,247,12,2026-06-02,23,13,0.0022100984350135,0.0,0.3792215733465298,val,1
S34691,247,12,2026-06-02,53,15,0.0033966672007312,0.0,0.4371221951271958,val,1
S35919,247,12,2026-06-02,37,12,0.0035752105324146,0.0020322709912739,0.5306530898480789,val,1
S36606,247,12,2026-06-02,37,24,0.00355953877877,0.0,0.4623572423759407,val,1
S38359,247,12,2026-06-02,41,15,0.0034900065031318,0.0055440287352475,0.5076924399486188,val,1
S38693,247,12,2026-06-02,24,13,0.0033424464963812,0.0,0.5090645208400666,val,1
S01622,247,12,2026-06-02,40,31,0.0033804817843135,0.0,0.4782858472545203,val,2
S04266,247,12,2026-06-02,45,21,0.0035753136871773,0.0,0.5306423699180022,val,2
S06537,247,12,2026-06-02,49,16,0.0034407347714789,0.0061071891569744,0.4532427391548637,val,2
S07778,247,12,2026-06-02,32,18,0.003590609077152,0.0,0.5334306142728756,val,2
S11771,247,12,2026-06-02,18,16,0.0035962734830748,0.0,0.5078975618617072,val,2
S13956,247,12,2026-06-02,39,32,0.0035128218648305,0.0132651127534584,0.4624831613112286,val,2
S14794,247,12,2026-06-02,32,26,0.0034891951371286,0.0,0.499542949984357,val,2
S17202,247,12,2026-06-02,21,15,0.0035406149741901,0.0,0.5038082061783031,val,2
S22005,247,12,2026-06-02,39,16,0.0035374973766116,0.0,0.5172338224838468,val,2
S22013,247,12,2026-06-02,24,14,0.0035297785406136,0.0,0.5206081710586645,val,2
S26851,247,12,2026-06-02,43,20,0.0035735687745515,0.0121120843020563,0.5161476292380671,val,2
S26857,247,12,2026-06-02,24,18,0.0035755462034872,0.0050754941458208,0.5090374586165917,val,2
S27477,247,12,2026-06-02,21,14,0.0033842259731002,0.0,0.3792215733465298,val,2
S34691,247,12,2026-06-02,55,15,0.0034187548124281,0.0,0.4371221951271958,val,2
S35919,247,12,2026-06-02,35,12,0.0035317927839023,0.0020322709912739,0.5306530898480789,val,2
S36606,247,12,2026-06-02,35,24,0.003479661476979,0.0,0.4623572423759407,val,2
S38359,247,12,2026-06-02,43,15,0.0034785011108188,0.0055440287352475,0.5076924399486188,val,2
S38693,247,12,2026-06-02,22,14,0.0033828815842067,0.0,0.5090645208400666,val,2
S01622,247,12,2026-06-02,27,30,0.003555477102727,0.0,0.4782858472545203,val,3
S04266,247,12,2026-06-02,38,21,0.0035626150270327,0.0,0.5306423699180022,val,3
S06537,247,12,2026-06-02,55,16,0.0035211755324209,0.0061071891569744,0.4532427391548637,val,3
S07778,247,12,2026-06-02,38,18,0.0035288081261056,0.0,0.5334306142728756,val,3
S11771,247,12,2026-06-02,22,16,0.0034991359534893,0.0,0.5078975618617072,val,3
S13956,247,12,2026-06-02,19,15,0.0035449561730209,0.0132651127534584,0.4624831613112286,val,3
S14794,247,12,2026-06-02,38,26,0.003415465272506,0.0,0.499542949984357,val,3
S17202,247,12,2026-06-02,25,14,0.0035386294135394,0.0,0.5038082061783031,val,3
S22005,247,12,2026-06-02,45,16,0.003536820469666,0.0,0.5172338224838468,val,3
S22013,247,12,2026-06-02,28,14,0.0035477067551833,0.0,0.5206081710586645,val,3
S26851,247,12,2026-06-02,50,20,0.0035946196273882,0.0121120843020563,0.5161476292380671,val,3
S26857,247,12,2026-06-02,30,18,0.0035694152059348,0.0050754941458208,0.5090374586165917,val,3
S27477,247,12,2026-06-02,27,12,0.0033968697529587,0.0,0.3792215733465298,val,3
S34691,247,12,2026-06-02,49,15,0.0034213485517602,0.0,0.4371221951271958,val,3
S35919,247,12,2026-06-02,42,12,0.003443797635977,0.0020322709912739,0.5306530898480789,val,3
S36606,247,12,2026-06-02,43,24,0.0035199694027748,0.0,0.4623572423759407,val,3
S38359,247,12,2026-06-02,37,15,0.0034990478453967,0.0055440287352475,0.5076924399486188,val,3
S38693,247,12,2026-06-02,28,12,0.003393607121059,0.0,0.5090645208400666,val,3
S01622,247,12,2026-06-02,35,31,0.0034661990570889,0.0,0.4782858472545203,val,4
S04266,247,12,2026-06-02,41,21,0.0035810868366201,0.0,0.5306423699180022,val,4
S06537,247,12,2026-06-02,53,16,0.0034837235882017,0.0061071891569744,0.4532427391548637,val,4
S07778,247,12,2026-06-02,36,18,0.0035810974163758,0.0,0.5334306142728756,val,4
S11771,247,12,2026-06-02,21,16,0.0035619194457608,0.0,0.5078975618617072,val,4
S13956,247,12,2026-06-02,30,31,0.0034864525716552,0.0132651127534584,0.4624831613112286,val,4
S14794,247,12,2026-06-02,36,26,0.003488959002716,0.0,0.499542949984357,val,4
S17202,247,12,2026-06-02,23,14,0.0034541888025147,0.0,0.5038082061783031,val,4
S22005,247,12,2026-06-02,43,16,0.003537676026707,0.0,0.5172338224838468,val,4
S22013,247,12,2026-06-02,27,14,0.0035050801426553,0.0,0.5206081710586645,val,4
S26851,247,12,2026-06-02,48,20,0.0035543654993348,0.0121120843020563,0.5161476292380671,val,4
S26857,247,12,2026-06-02,28,18,0.0035670945827812,0.0050754941458208,0.5090374586165917,val,4
S27477,247,12,2026-06-02,25,13,0.0034439895214572,0.0,0.3792215733465298,val,4
S34691,247,12,2026-06-02,51,15,0.0034763009709013,0.0,0.4371221951271958,val,4
S35919,247,12,2026-06-02,39,12,0.0034450397125508,0.0020322709912739,0.5306530898480789,val,4
S36606,247,12,2026-06-02,41,24,0.0034869128215968,0.0,0.4623572423759407,val,4
S38359,247,12,2026-06-02,39,15,0.0034989209814759,0.0055440287352475,0.5076924399486188,val,4
S38693,247,12,2026-06-02,26,13,0.0035576481778794,0.0,0.5090645208400666,val,4
S02308,247,13,2026-06-02,55,14,0.0034247918348106,0.0144932607795449,0.4430494008741583,val,1
S08592,247,13,2026-06-02,41,20,0.0034687619579004,0.0069045039037537,0.415943646442478,val,1
S08593,247,13,2026-06-02,43,12,0.0031138702955422,0.0094482425936091,0.4340479992283475,val,1
S09777,247,13,2026-06-02,59,23,0.0031030840412739,0.0026352137731012,0.4403312210410484,val,1
S15164,247,13,2026-06-02,15,20,0.0014712928930712,0.0020541688882275,0.3839508632113884,val,1
S17857,247,13,2026-06-02,41,32,0.0034815099614152,0.0033070939494154,0.4562745693712064,val,1
S20717,247,13,2026-06-02,20,17,0.0033395170468172,0.0,0.4724121424927994,val,1
S21072,247,13,2026-06-02,46,21,0.003448198282469,0.0,0.4882974657006451,val,1
S22252,247,13,2026-06-02,36,30,0.0032999251155814,0.0,0.3802691537644406,val,1
S22372,247,13,2026-06-02,35,17,0.0032532599856355,0.0,0.4373483782072604,val,1
S33283,247,13,2026-06-02,51,17,0.0032103628354259,0.0018035279474255,0.4151127310631837,val,1
S33284,247,13,2026-06-02,41,21,0.0033906808069348,0.0036518205831891,0.4411163105074172,val,1
S34675,247,13,2026-06-02,45,15,0.0033195601199109,0.0,0.4071682158708786,val,1
S35892,247,13,2026-06-02,21,15,0.0033549889762818,0.002021927951018,0.4598614326492687,val,1
S41080,247,13,2026-06-02,16,23,0.0033155017755542,0.0,0.4197989061411404,val,1
S02308,247,13,2026-06-02,53,14,0.003430159904464,0.0144932607795449,0.4430494008741583,val,2
S08592,247,13,2026-06-02,38,20,0.0034693626118802,0.0069045039037537,0.415943646442478,val,2
S08593,247,13,2026-06-02,41,12,0.0033165178643479,0.0094482425936091,0.4340479992283475,val,2
S09777,247,13,2026-06-02,60,23,0.0031264319344941,0.0026352137731012,0.4403312210410484,val,2
S15164,247,13,2026-06-02,13,20,0.0033617344867332,0.0020541688882275,0.3839508632113884,val,2
S17857,247,13,2026-06-02,45,32,0.0034504729018154,0.0033070939494154,0.4562745693712064,val,2
S20717,247,13,2026-06-02,21,17,0.0034259287662456,0.0,0.4724121424927994,val,2
S21072,247,13,2026-06-02,48,21,0.0030422604233467,0.0,0.4882974657006451,val,2
S22252,247,13,2026-06-02,34,30,0.0013416417453295,0.0,0.3802691537644406,val,2
S22372,247,13,2026-06-02,37,17,0.0034613800946655,0.0,0.4373483782072604,val,2
S33283,247,13,2026-06-02,53,17,0.0032713318238113,0.0018035279474255,0.4151127310631837,val,2
S33284,247,13,2026-06-02,43,21,0.0033860541288037,0.0036518205831891,0.4411163105074172,val,2
S34675,247,13,2026-06-02,47,15,0.0031564488531759,0.0,0.4071682158708786,val,2
S35892,247,13,2026-06-02,23,15,0.0034295818106465,0.002021927951018,0.4598614326492687,val,2
S41080,247,13,2026-06-02,18,23,0.0033835240364884,0.0,0.4197989061411404,val,2
S02308,247,13,2026-06-02,46,13,0.0033662088311521,0.0144932607795449,0.4430494008741583,val,3
S08592,247,13,2026-06-02,45,20,0.0034746711464551,0.0069045039037537,0.415943646442478,val,3
S08593,247,13,2026-06-02,47,12,0.0024797171788042,0.0094482425936091,0.4340479992283475,val,3
S09777,247,13,2026-06-02,57,23,0.0032495066827409,0.0026352137731012,0.4403312210410484,val,3
S15164,247,13,2026-06-02,19,20,0.0034546684370479,0.0020541688882275,0.3839508632113884,val,3
S17857,247,13,2026-06-02,25,30,0.0033213429505411,0.0033070939494154,0.4562745693712064,val,3
S20717,247,13,2026-06-02,17,17,0.0026907774073308,0.0,0.4724121424927994,val,3
S21072,247,13,2026-06-02,42,21,0.0032973950738668,0.0,0.4882974657006451,val,3
S22252,247,13,2026-06-02,41,30,0.0033479940463202,0.0,0.3802691537644406,val,3
S22372,247,13,2026-06-02,31,17,0.003340413732227,0.0,0.4373483782072604,val,3
S33283,247,13,2026-06-02,46,17,0.0033033665402791,0.0018035279474255,0.4151127310631837,val,3
S33284,247,13,2026-06-02,37,21,0.0033784367977903,0.0036518205831891,0.4411163105074172,val,3
S34675,247,13,2026-06-02,41,15,0.0031205766139791,0.0,0.4071682158708786,val,3
S35892,247,13,2026-06-02,25,14,0.0033534993911567,0.002021927951018,0.4598614326492687,val,3
S41080,247,13,2026-06-02,16,22,0.0031928752959518,0.0,0.4197989061411404,val,3
S02308,247,13,2026-06-02,52,13,0.0034489771967849,0.0144932607795449,0.4430494008741583,val,4
S08592,247,13,2026-06-02,43,20,0.0034679604982164,0.0069045039037537,0.415943646442478,val,4
S08593,247,13,2026-06-02,45,12,0.0011774807597441,0.0094482425936091,0.4340479992283475,val,4
S09777,247,13,2026-06-02,58,23,0.0031725676788283,0.0026352137731012,0.4403312210410484,val,4
S15164,247,13,2026-06-02,17,20,0.0033286294997051,0.0020541688882275,0.3839508632113884,val,4
S17857,247,13,2026-06-02,39,32,0.0034481517734253,0.0033070939494154,0.4562745693712064,val,4
S20717,247,13,2026-06-02,19,17,0.00339496686064,0.0,0.4724121424927994,val,4
S21072,247,13,2026-06-02,44,21,0.0033233626740563,0.0,0.4882974657006451,val,4
S22252,247,13,2026-06-02,38,30,0.0032506378799525,0.0,0.3802691537644406,val,4
S22372,247,13,2026-06-02,33,17,0.003283220570312,0.0,0.4373483782072604,val,4
S33283,247,13,2026-06-02,48,17,0.0034094522158313,0.0018035279474255,0.4151127310631837,val,4
S33284,247,13,2026-06-02,39,21,0.0034311949388389,0.0036518205831891,0.4411163105074172,val,4
S34675,247,13,2026-06-02,43,15,0.0033609462632339,0.0,0.4071682158708786,val,4
S35892,247,13,2026-06-02,23,14,0.0013342865455699,0.002021927951018,0.4598614326492687,val,4
S41080,247,13,2026-06-02,14,22,0.0028521719437055,0.0,0.4197989061411404,val,4
S01586,247,14,2026-06-02,25,19,0.0036072192460778,0.0,0.517639900856893,val,1
S05402,247,14,2026-06-02,29,25,0.0036003632295442,0.0,0.4823010244555942,val,1
S05413,247,14,2026-06-02,50,27,0.0035138548612911,0.0038081664866024,0.4660557811692518,val,1
S13895,247,14,2026-06-02,33,27,0.0035675357726352,0.0064135818241413,0.489605121920502,val,1
S17479,247,14,2026-06-02,18,19,0.0035200473536789,0.009982902521878,0.4669678269943616,val,1
S17483,247,14,2026-06-02,53,28,0.0034300406600915,0.007303907437867,0.4673521512330044,val,1
S17485,247,14,2026-06-02,37,22,0.0035794314032798,0.0223503691045323,0.4637122503101785,val,1
S20211,247,14,2026-06-02,45,28,0.0035356212971396,0.0,0.4831063066401229,val,1
S20721,247,14,2026-06-02,39,23,0.0036328782234358,0.0,0.5092816058246478,val,1
S23990,247,14,2026-06-02,61,24,0.0034246877703235,0.0,0.4762803190358622,val,1
S25672,247,14,2026-06-02,32,24,0.003608621769343,0.0,0.5071117365873589,val,1
S26886,247,14,2026-06-02,37,24,0.0036814078106922,0.00500254153267,0.4840884743755538,val,1
S27649,247,14,2026-06-02,33,15,0.0035903160341511,0.0,0.5238185399270886,val,1
S29280,247,14,2026-06-02,54,28,0.0035208685463792,0.0,0.4398430316828564,val,1
S31469,247,14,2026-06-02,37,25,0.0035994695362452,0.0063170672030454,0.4773144983294107,val,1
S33302,247,14,2026-06-02,21,16,0.0035703707778233,0.0036190725853431,0.4788655342005158,val,1
S35553,247,14,2026-06-02,54,25,0.0035482441166909,0.0,0.4766622357492356,val,1
S36618,247,14,2026-06-02,32,23,0.0036409045014511,0.0,0.4605363414238079,val,1
S37571,247,14,2026-06-02,39,13,0.0034375992949029,0.0,0.4371667343667038,val,1
S41833,247,14,2026-06-02,28,30,0.0035856698997929,0.0,0.4680657834870674,val,1
S42093,247,14,2026-06-02,62,21,0.0035659237447285,0.0141495846730975,0.4942312024344182,val,1
S42097,247,14,2026-06-02,41,31,0.0035020226645953,0.0154937687505959,0.4526487376784583,val,1
S01586,247,14,2026-06-02,29,19,0.0036227710931389,0.0,0.517639900856893,val,2
S05402,247,14,2026-06-02,32,25,0.0035992617831649,0.0,0.4823010244555942,val,2
S05413,247,14,2026-06-02,53,27,0.0034090272866564,0.0038081664866024,0.4660557811692518,val,2
S13895,247,14,2026-06-02,35,27,0.0035690372312545,0.0064135818241413,0.489605121920502,val,2
S17479,247,14,2026-06-02,20,19,0.0035693148225145,0.009982902521878,0.4669678269943616,val,2
S17483,247,14,2026-06-02,51,28,0.0035237016815204,0.007303907437867,0.4673521512330044,val,2
S17485,247,14,2026-06-02,34,22,0.0036085407314838,0.0223503691045323,0.4637122503101785,val,2
S20211,247,14,2026-06-02,43,28,0.0035308381766315,0.0,0.4831063066401229,val,2
S20721,247,14,2026-06-02,41,23,0.0035738714017867,0.0,0.5092816058246478,val,2
S23990,247,14,2026-06-02,59,24,0.0034844923316579,0.0,0.4762803190358622,val,2
S25672,247,14,2026-06-02,30,24,0.0036210045882114,0.0,0.5071117365873589,val,2
S26886,247,14,2026-06-02,35,24,0.0036009161157466,0.00500254153267,0.4840884743755538,val,2
S27649,247,14,2026-06-02,35,15,0.0035390590227109,0.0,0.5238185399270886,val,2
S29280,247,14,2026-06-02,52,28,0.0035479107044969,0.0,0.4398430316828564,val,2
S31469,247,14,2026-06-02,39,25,0.0035653526977239,0.0063170672030454,0.4773144983294107,val,2
S33302,247,14,2026-06-02,19,16,0.0036054196665584,0.0036190725853431,0.4788655342005158,val,2
S35553,247,14,2026-06-02,56,25,0.0035196902284142,0.0,0.4766622357492356,val,2
S36618,247,14,2026-06-02,34,23,0.003596107488932,0.0,0.4605363414238079,val,2
S37571,247,14,2026-06-02,41,13,0.0035563950810841,0.0,0.4371667343667038,val,2
S41833,247,14,2026-06-02,32,31,0.003555339506236,0.0,0.4680657834870674,val,2
S42093,247,14,2026-06-02,64,21,0.0035279518592248,0.0141495846730975,0.4942312024344182,val,2
S42097,247,14,2026-06-02,43,31,0.0035507861174783,0.0154937687505959,0.4526487376784583,val,2
S01586,247,14,2026-06-02,21,19,0.0035745624363883,0.0,0.517639900856893,val,3
S05402,247,14,2026-06-02,25,25,0.0036039217702373,0.0,0.4823010244555942,val,3
S05413,247,14,2026-06-02,46,27,0.00356059819895,0.0038081664866024,0.4660557811692518,val,3
S13895,247,14,2026-06-02,29,27,0.0035904261945247,0.0064135818241413,0.489605121920502,val,3
S17479,247,14,2026-06-02,16,18,0.0036016391388138,0.009982902521878,0.4669678269943616,val,3
S17483,247,14,2026-06-02,57,28,0.00332889061752,0.007303907437867,0.4673521512330044,val,3
S17485,247,14,2026-06-02,41,22,0.003551448376006,0.0223503691045323,0.4637122503101785,val,3
S20211,247,14,2026-06-02,49,28,0.0035308816127743,0.0,0.4831063066401229,val,3
S20721,247,14,2026-06-02,35,23,0.0036736274387158,0.0,0.5092816058246478,val,3
S23990,247,14,2026-06-02,63,24,0.0035162697112815,0.0,0.4762803190358622,val,3
S25672,247,14,2026-06-02,36,24,0.0036008356303824,0.0,0.5071117365873589,val,3
S26886,247,14,2026-06-02,41,24,0.0036100819829181,0.00500254153267,0.4840884743755538,val,3
S27649,247,14,2026-06-02,29,15,0.0035457445073351,0.0,0.5238185399270886,val,3
S29280,247,14,2026-06-02,58,28,0.0035083424921457,0.0,0.4398430316828564,val,3
S31469,247,14,2026-06-02,33,25,0.0036038786499277,0.0063170672030454,0.4773144983294107,val,3
S33302,247,14,2026-06-02,25,16,0.0035708355805086,0.0036190725853431,0.4788655342005158,val,3
S35553,247,14,2026-06-02,50,25,0.0035597251213601,0.0,0.4766622357492356,val,3
S36618,247,14,2026-06-02,28,23,0.0036206207434199,0.0,0.4605363414238079,val,3
S37571,247,14,2026-06-02,35,13,0.0035693711558423,0.0,0.4371667343667038,val,3
S41833,247,14,2026-06-02,33,30,0.0035576843207364,0.0,0.4680657834870674,val,3
S42093,247,14,2026-06-02,58,21,0.0035877366174504,0.0141495846730975,0.4942312024344182,val,3
S42097,247,14,2026-06-02,37,31,0.0035212598746155,0.0154937687505959,0.4526487376784583,val,3
S01586,247,14,2026-06-02,23,19,0.0035866825143602,0.0,0.517639900856893,val,4
S05402,247,14,2026-06-02,27,25,0.0035902415754323,0.0,0.4823010244555942,val,4
S05413,247,14,2026-06-02,48,27,0.0035498302822395,0.0038081664866024,0.4660557811692518,val,4
S13895,247,14,2026-06-02,31,27,0.003546606432662,0.0064135818241413,0.489605121920502,val,4
S17479,247,14,2026-06-02,14,19,0.0035843507091016,0.009982902521878,0.4669678269943616,val,4
S17483,247,14,2026-06-02,55,28,0.0035095992531596,0.007303907437867,0.4673521512330044,val,4
S17485,247,14,2026-06-02,39,22,0.0036251523953368,0.0223503691045323,0.4637122503101785,val,4
S20211,247,14,2026-06-02,47,28,0.0035374936882758,0.0,0.4831063066401229,val,4
S20721,247,14,2026-06-02,37,23,0.0036142700650936,0.0,0.5092816058246478,val,4
S23990,247,14,2026-06-02,62,24,0.0032851243920576,0.0,0.4762803190358622,val,4
S25672,247,14,2026-06-02,34,24,0.003635261835151,0.0,0.5071117365873589,val,4
S26886,247,14,2026-06-02,39,24,0.0036570555926939,0.00500254153267,0.4840884743755538,val,4
S27649,247,14,2026-06-02,31,15,0.0033719501452216,0.0,0.5238185399270886,val,4
S29280,247,14,2026-06-02,56,28,0.0035390972950991,0.0,0.4398430316828564,val,4
S31469,247,14,2026-06-02,35,25,0.0036074091901897,0.0063170672030454,0.4773144983294107,val,4
S33302,247,14,2026-06-02,23,16,0.0035968861299194,0.0036190725853431,0.4788655342005158,val,4
S35553,247,14,2026-06-02,52,25,0.0035781008157784,0.0,0.4766622357492356,val,4
S36618,247,14,2026-06-02,30,23,0.0036217775213803,0.0,0.4605363414238079,val,4
S37571,247,14,2026-06-02,37,13,0.0035358861713917,0.0,0.4371667343667038,val,4
S41833,247,14,2026-06-02,30,30,0.0035435698253366,0.0,0.4680657834870674,val,4
S42093,247,14,2026-06-02,60,21,0.0035405602076624,0.0141495846730975,0.4942312024344182,val,4
S42097,247,14,2026-06-02,39,31,0.0034814968449547,0.0154937687505959,0.4526487376784583,val,4
S01586,247,15,2026-06-02,25,19,0.0036072192460778,0.0,0.517639900856893,val,1
S05402,247,15,2026-06-02,29,25,0.0036003632295442,0.0,0.4823010244555942,val,1
S05413,247,15,2026-06-02,50,27,0.0035138548612911,0.0038081664866024,0.4660557811692518,val,1
S13895,247,15,2026-06-02,33,27,0.0035675357726352,0.0064135818241413,0.489605121920502,val,1
S17479,247,15,2026-06-02,18,19,0.0035200473536789,0.009982902521878,0.4669678269943616,val,1
S17483,247,15,2026-06-02,53,28,0.0034300406600915,0.007303907437867,0.4673521512330044,val,1
S17485,247,15,2026-06-02,37,22,0.0035794314032798,0.0223503691045323,0.4637122503101785,val,1
S20211,247,15,2026-06-02,45,28,0.0035356212971396,0.0,0.4831063066401229,val,1
S20721,247,15,2026-06-02,39,23,0.0036328782234358,0.0,0.5092816058246478,val,1
S23990,247,15,2026-06-02,61,24,0.0034246877703235,0.0,0.4762803190358622,val,1
S25672,247,15,2026-06-02,32,24,0.003608621769343,0.0,0.5071117365873589,val,1
S26886,247,15,2026-06-02,37,24,0.0036814078106922,0.00500254153267,0.4840884743755538,val,1
S27649,247,15,2026-06-02,33,15,0.0035903160341511,0.0,0.5238185399270886,val,1
S29280,247,15,2026-06-02,54,28,0.0035208685463792,0.0,0.4398430316828564,val,1
S31469,247,15,2026-06-02,37,25,0.0035994695362452,0.0063170672030454,0.4773144983294107,val,1
S33302,247,15,2026-06-02,21,16,0.0035703707778233,0.0036190725853431,0.4788655342005158,val,1
S35553,247,15,2026-06-02,54,25,0.0035482441166909,0.0,0.4766622357492356,val,1
S36618,247,15,2026-06-02,32,23,0.0036409045014511,0.0,0.4605363414238079,val,1
S37571,247,15,2026-06-02,39,13,0.0034375992949029,0.0,0.4371667343667038,val,1
S41833,247,15,2026-06-02,28,30,0.0035856698997929,0.0,0.4680657834870674,val,1
S42093,247,15,2026-06-02,62,21,0.0035659237447285,0.0141495846730975,0.4942312024344182,val,1
S42097,247,15,2026-06-02,41,31,0.0035020226645953,0.0154937687505959,0.4526487376784583,val,1
S01586,247,15,2026-06-02,29,19,0.0036227710931389,0.0,0.517639900856893,val,2
S05402,247,15,2026-06-02,32,25,0.0035992617831649,0.0,0.4823010244555942,val,2
S05413,247,15,2026-06-02,53,27,0.0034090272866564,0.0038081664866024,0.4660557811692518,val,2
S13895,247,15,2026-06-02,35,27,0.0035690372312545,0.0064135818241413,0.489605121920502,val,2
S17479,247,15,2026-06-02,20,19,0.0035693148225145,0.009982902521878,0.4669678269943616,val,2
S17483,247,15,2026-06-02,51,28,0.0035237016815204,0.007303907437867,0.4673521512330044,val,2
S17485,247,15,2026-06-02,34,22,0.0036085407314838,0.0223503691045323,0.4637122503101785,val,2
S20211,247,15,2026-06-02,43,28,0.0035308381766315,0.0,0.4831063066401229,val,2
S20721,247,15,2026-06-02,41,23,0.0035738714017867,0.0,0.5092816058246478,val,2
S23990,247,15,2026-06-02,59,24,0.0034844923316579,0.0,0.4762803190358622,val,2
S25672,247,15,2026-06-02,30,24,0.0036210045882114,0.0,0.5071117365873589,val,2
S26886,247,15,2026-06-02,35,24,0.0036009161157466,0.00500254153267,0.4840884743755538,val,2
S27649,247,15,2026-06-02,35,15,0.0035390590227109,0.0,0.5238185399270886,val,2
S29280,247,15,2026-06-02,52,28,0.0035479107044969,0.0,0.4398430316828564,val,2
S31469,247,15,2026-06-02,39,25,0.0035653526977239,0.0063170672030454,0.4773144983294107,val,2
S33302,247,15,2026-06-02,19,16,0.0036054196665584,0.0036190725853431,0.4788655342005158,val,2
S35553,247,15,2026-06-02,56,25,0.0035196902284142,0.0,0.4766622357492356,val,2
S36618,247,15,2026-06-02,34,23,0.003596107488932,0.0,0.4605363414238079,val,2
S37571,247,15,2026-06-02,41,13,0.0035563950810841,0.0,0.4371667343667038,val,2
S41833,247,15,2026-06-02,32,31,0.003555339506236,0.0,0.4680657834870674,val,2
S42093,247,15,2026-06-02,64,21,0.0035279518592248,0.0141495846730975,0.4942312024344182,val,2
S42097,247,15,2026-06-02,43,31,0.0035507861174783,0.0154937687505959,0.4526487376784583,val,2
S01586,247,15,2026-06-02,21,19,0.0035745624363883,0.0,0.517639900856893,val,3
S05402,247,15,2026-06-02,25,25,0.0036039217702373,0.0,0.4823010244555942,val,3
S05413,247,15,2026-06-02,46,27,0.00356059819895,0.0038081664866024,0.4660557811692518,val,3
S13895,247,15,2026-06-02,29,27,0.0035904261945247,0.0064135818241413,0.489605121920502,val,3
S17479,247,15,2026-06-02,16,18,0.0036016391388138,0.009982902521878,0.4669678269943616,val,3
S17483,247,15,2026-06-02,57,28,0.00332889061752,0.007303907437867,0.4673521512330044,val,3
S17485,247,15,2026-06-02,41,22,0.003551448376006,0.0223503691045323,0.4637122503101785,val,3
S20211,247,15,2026-06-02,49,28,0.0035308816127743,0.0,0.4831063066401229,val,3
S20721,247,15,2026-06-02,35,23,0.0036736274387158,0.0,0.5092816058246478,val,3
S23990,247,15,2026-06-02,63,24,0.0035162697112815,0.0,0.4762803190358622,val,3
S25672,247,15,2026-06-02,36,24,0.0036008356303824,0.0,0.5071117365873589,val,3
S26886,247,15,2026-06-02,41,24,0.0036100819829181,0.00500254153267,0.4840884743755538,val,3
S27649,247,15,2026-06-02,29,15,0.0035457445073351,0.0,0.5238185399270886,val,3
S29280,247,15,2026-06-02,58,28,0.0035083424921457,0.0,0.4398430316828564,val,3
S31469,247,15,2026-06-02,33,25,0.0036038786499277,0.0063170672030454,0.4773144983294107,val,3
S33302,247,15,2026-06-02,25,16,0.0035708355805086,0.0036190725853431,0.4788655342005158,val,3
S35553,247,15,2026-06-02,50,25,0.0035597251213601,0.0,0.4766622357492356,val,3
S36618,247,15,2026-06-02,28,23,0.0036206207434199,0.0,0.4605363414238079,val,3
S37571,247,15,2026-06-02,35,13,0.0035693711558423,0.0,0.4371667343667038,val,3
S41833,247,15,2026-06-02,33,30,0.0035576843207364,0.0,0.4680657834870674,val,3
S42093,247,15,2026-06-02,58,21,0.0035877366174504,0.0141495846730975,0.4942312024344182,val,3
S42097,247,15,2026-06-02,37,31,0.0035212598746155,0.0154937687505959,0.4526487376784583,val,3
S01586,247,15,2026-06-02,23,19,0.0035866825143602,0.0,0.517639900856893,val,4
S05402,247,15,2026-06-02,27,25,0.0035902415754323,0.0,0.4823010244555942,val,4
S05413,247,15,2026-06-02,48,27,0.0035498302822395,0.0038081664866024,0.4660557811692518,val,4
S13895,247,15,2026-06-02,31,27,0.003546606432662,0.0064135818241413,0.489605121920502,val,4
S17479,247,15,2026-06-02,14,19,0.0035843507091016,0.009982902521878,0.4669678269943616,val,4
S17483,247,15,2026-06-02,55,28,0.0035095992531596,0.007303907437867,0.4673521512330044,val,4
S17485,247,15,2026-06-02,39,22,0.0036251523953368,0.0223503691045323,0.4637122503101785,val,4
S20211,247,15,2026-06-02,47,28,0.0035374936882758,0.0,0.4831063066401229,val,4
S20721,247,15,2026-06-02,37,23,0.0036142700650936,0.0,0.5092816058246478,val,4
S23990,247,15,2026-06-02,62,24,0.0032851243920576,0.0,0.4762803190358622,val,4
S25672,247,15,2026-06-02,34,24,0.003635261835151,0.0,0.5071117365873589,val,4
S26886,247,15,2026-06-02,39,24,0.0036570555926939,0.00500254153267,0.4840884743755538,val,4
S27649,247,15,2026-06-02,31,15,0.0033719501452216,0.0,0.5238185399270886,val,4
S29280,247,15,2026-06-02,56,28,0.0035390972950991,0.0,0.4398430316828564,val,4
S31469,247,15,2026-06-02,35,25,0.0036074091901897,0.0063170672030454,0.4773144983294107,val,4
S33302,247,15,2026-06-02,23,16,0.0035968861299194,0.0036190725853431,0.4788655342005158,val,4
S35553,247,15,2026-06-02,52,25,0.0035781008157784,0.0,0.4766622357492356,val,4
S36618,247,15,2026-06-02,30,23,0.0036217775213803,0.0,0.4605363414238079,val,4
S37571,247,15,2026-06-02,37,13,0.0035358861713917,0.0,0.4371667343667038,val,4
S41833,247,15,2026-06-02,30,30,0.0035435698253366,0.0,0.4680657834870674,val,4
S42093,247,15,2026-06-02,60,21,0.0035405602076624,0.0141495846730975,0.4942312024344182,val,4
S42097,247,15,2026-06-02,39,31,0.0034814968449547,0.0154937687505959,0.4526487376784583,val,4
S01599,247,16,2026-06-02,39,23,0.0035499181861981,0.0014333382360999,0.4826657958764754,val,1
S06550,247,16,2026-06-02,44,31,0.0034895553837039,0.0030203585536311,0.4474551844276275,val,1
S06552,247,16,2026-06-02,56,21,0.0035764480503321,0.0045784087035825,0.497099968201151,val,1
S16991,247,16,2026-06-02,16,17,0.0036421373150974,0.0026060920679366,0.5191900834276645,val,1
S17204,247,16,2026-06-02,33,16,0.0035698588028894,0.0,0.4440520918560029,val,1
S17496,247,16,2026-06-02,55,25,0.0035620057095192,0.0202169242318345,0.4596188545845978,val,1
S21845,247,16,2026-06-02,62,22,0.0035643681798759,0.0,0.5193983147428339,val,1
S23996,247,16,2026-06-02,59,27,0.0035312447881512,0.0,0.4496218761897674,val,1
S25071,247,16,2026-06-02,52,13,0.0036153660387807,0.0,0.4991714415750057,val,1
S26877,247,16,2026-06-02,35,24,0.0035307290410645,0.016907842779904,0.4991897287433184,val,1
S29678,247,16,2026-06-02,27,24,0.0035939885355505,0.0023589495317698,0.4899406306705128,val,1
S31487,247,16,2026-06-02,61,19,0.0035638086896202,0.0,0.5176410644272743,val,1
S32275,247,16,2026-06-02,24,15,0.0035998053817206,0.0,0.5120551499851845,val,1
S32278,247,16,2026-06-02,19,27,0.0035601798484416,0.0108010605467901,0.4306920366152368,val,1
S35905,247,16,2026-06-02,43,24,0.0035706198917329,0.0,0.4968387958901307,val,1
S39431,247,16,2026-06-02,27,13,0.0035857365865825,0.0,0.4417220227510194,val,1
S40315,247,16,2026-06-02,19,19,0.0035836779117832,0.0,0.4713711425627114,val,1
S40657,247,16,2026-06-02,20,29,0.0035556728383156,0.0042521153632264,0.480820147136466,val,1
S41017,247,16,2026-06-02,62,19,0.0035633442704038,0.0,0.4753300950254003,val,1
S41463,247,16,2026-06-02,58,20,0.0035340599041118,0.0,0.4667719333683973,val,1
S43405,247,16,2026-06-02,35,31,0.0035266367452911,0.0081755186807311,0.446105347948831,val,1
S01599,247,16,2026-06-02,41,23,0.0035464209108001,0.0014333382360999,0.4826657958764754,val,2
S06550,247,16,2026-06-02,45,31,0.0035345874182237,0.0030203585536311,0.4474551844276275,val,2
S06552,247,16,2026-06-02,57,21,0.0035483124766972,0.0045784087035825,0.497099968201151,val,2
S16991,247,16,2026-06-02,14,18,0.0036248559952114,0.0026060920679366,0.5191900834276645,val,2
S17204,247,16,2026-06-02,31,16,0.0035765228781473,0.0,0.4440520918560029,val,2
S17496,247,16,2026-06-02,56,25,0.0035554750688447,0.0202169242318345,0.4596188545845978,val,2
S21845,247,16,2026-06-02,60,22,0.0035521481016357,0.0,0.5193983147428339,val,2
S23996,247,16,2026-06-02,60,27,0.0035231289965446,0.0,0.4496218761897674,val,2
S25071,247,16,2026-06-02,55,14,0.0035791582274221,0.0,0.4991714415750057,val,2
S26877,247,16,2026-06-02,33,24,0.0035312767165931,0.016907842779904,0.4991897287433184,val,2
S29678,247,16,2026-06-02,25,24,0.0035898073989884,0.0023589495317698,0.4899406306705128,val,2
S31487,247,16,2026-06-02,63,19,0.0035892783079211,0.0,0.5176410644272743,val,2
S32275,247,16,2026-06-02,26,15,0.003590181078383,0.0,0.5120551499851845,val,2
S32278,247,16,2026-06-02,20,27,0.0035329162734774,0.0108010605467901,0.4306920366152368,val,2
S35905,247,16,2026-06-02,41,24,0.0035598006208443,0.0,0.4968387958901307,val,2
S39431,247,16,2026-06-02,29,13,0.0036076926709196,0.0,0.4417220227510194,val,2
S40315,247,16,2026-06-02,21,19,0.0036172441666648,0.0,0.4713711425627114,val,2
S40657,247,16,2026-06-02,21,29,0.0035465233542538,0.0042521153632264,0.480820147136466,val,2
S41017,247,16,2026-06-02,63,20,0.0036424382616771,0.0,0.4753300950254003,val,2
S41463,247,16,2026-06-02,56,20,0.0035294217677598,0.0,0.4667719333683973,val,2
S43405,247,16,2026-06-02,36,31,0.0035431824717166,0.0081755186807311,0.446105347948831,val,2
S01599,247,16,2026-06-02,35,23,0.0035575487269651,0.0014333382360999,0.4826657958764754,val,3
S06550,247,16,2026-06-02,41,31,0.0034257945937332,0.0030203585536311,0.4474551844276275,val,3
S06552,247,16,2026-06-02,53,21,0.0035842670651863,0.0045784087035825,0.497099968201151,val,3
S16991,247,16,2026-06-02,20,14,0.0034779306785767,0.0026060920679366,0.5191900834276645,val,3
S17204,247,16,2026-06-02,37,16,0.0035511313279937,0.0,0.4440520918560029,val,3
S17496,247,16,2026-06-02,53,25,0.0034799178727049,0.0202169242318345,0.4596188545845978,val,3
S21845,247,16,2026-06-02,66,22,0.0035560254130465,0.0,0.5193983147428339,val,3
S23996,247,16,2026-06-02,57,27,0.0035265909865592,0.0,0.4496218761897674,val,3
S25071,247,16,2026-06-02,48,13,0.0035625520537633,0.0,0.4991714415750057,val,3
S26877,247,16,2026-06-02,39,24,0.0035795871471577,0.016907842779904,0.4991897287433184,val,3
S29678,247,16,2026-06-02,32,24,0.0035888667172593,0.0023589495317698,0.4899406306705128,val,3
S31487,247,16,2026-06-02,57,19,0.0035879321751746,0.0,0.5176410644272743,val,3
S32275,247,16,2026-06-02,20,15,0.0036231398179116,0.0,0.5120551499851845,val,3
S32278,247,16,2026-06-02,18,26,0.0035620878706976,0.0108010605467901,0.4306920366152368,val,3
S35905,247,16,2026-06-02,47,24,0.0035713586918338,0.0,0.4968387958901307,val,3
S39431,247,16,2026-06-02,36,12,0.0036011193964587,0.0,0.4417220227510194,val,3
S40315,247,16,2026-06-02,15,19,0.0035796815616286,0.0,0.4713711425627114,val,3
S40657,247,16,2026-06-02,17,27,0.0035750048204886,0.0042521153632264,0.480820147136466,val,3
S41017,247,16,2026-06-02,58,19,0.0035184845998581,0.0,0.4753300950254003,val,3
S41463,247,16,2026-06-02,62,20,0.0035223575047482,0.0,0.4667719333683973,val,3
S43405,247,16,2026-06-02,33,31,0.0035058061331622,0.0081755186807311,0.446105347948831,val,3
S01599,247,16,2026-06-02,37,23,0.0035623585271227,0.0014333382360999,0.4826657958764754,val,4
S06550,247,16,2026-06-02,43,31,0.0035435861420667,0.0030203585536311,0.4474551844276275,val,4
S06552,247,16,2026-06-02,55,21,0.0035668643549734,0.0045784087035825,0.497099968201151,val,4
S16991,247,16,2026-06-02,19,15,0.0036397383937932,0.0026060920679366,0.5191900834276645,val,4
S17204,247,16,2026-06-02,35,16,0.0035488753262692,0.0,0.4440520918560029,val,4
S17496,247,16,2026-06-02,54,25,0.0034181084521658,0.0202169242318345,0.4596188545845978,val,4
S21845,247,16,2026-06-02,64,22,0.0035696602751074,0.0,0.5193983147428339,val,4
S23996,247,16,2026-06-02,58,27,0.0035280517520738,0.0,0.4496218761897674,val,4
S25071,247,16,2026-06-02,50,13,0.0035789561176007,0.0,0.4991714415750057,val,4
S26877,247,16,2026-06-02,37,24,0.0035955505946883,0.016907842779904,0.4991897287433184,val,4
S29678,247,16,2026-06-02,30,24,0.0035931067649357,0.0023589495317698,0.4899406306705128,val,4
S31487,247,16,2026-06-02,59,19,0.0035694657609267,0.0,0.5176410644272743,val,4
S32275,247,16,2026-06-02,22,15,0.0035630821645085,0.0,0.5120551499851845,val,4
S32278,247,16,2026-06-02,18,27,0.0035902834790509,0.0108010605467901,0.4306920366152368,val,4
S35905,247,16,2026-06-02,45,24,0.0035660604480324,0.0,0.4968387958901307,val,4
S39431,247,16,2026-06-02,34,12,0.0036106080207969,0.0,0.4417220227510194,val,4
S40315,247,16,2026-06-02,17,19,0.0036063402200482,0.0,0.4713711425627114,val,4
S40657,247,16,2026-06-02,18,28,0.003516798016266,0.0042521153632264,0.480820147136466,val,4
S41017,247,16,2026-06-02,60,19,0.0036035285582907,0.0,0.4753300950254003,val,4
S41463,247,16,2026-06-02,60,20,0.003579157001913,0.0,0.4667719333683973,val,4
S43405,247,16,2026-06-02,34,31,0.0035456508941288,0.0081755186807311,0.446105347948831,val,4
S01611,247,17,2026-06-02,16,24,0.003472806398401,0.00287878129661,0.4918227886293418,val,1
S04943,247,17,2026-06-02,33,18,0.0035263435201582,0.0,0.5058946122028448,val,1
S05428,247,17,2026-06-02,24,22,0.0034726579361221,0.0,0.4862896190809487,val,1
S11315,247,17,2026-06-02,21,23,0.0034892169723581,0.0188638067313805,0.4776558504531765,val,1
S18655,247,17,2026-06-02,55,24,0.0033569674022556,0.0054486294011112,0.458626033684147,val,1
S20201,247,17,2026-06-02,40,17,0.0034953384255004,0.0,0.4727308217144925,val,1
S20726,247,17,2026-06-02,44,14,0.0034343266517186,0.0,0.4779755877066957,val,1
S21057,247,17,2026-06-02,46,16,0.0034624679375069,0.0074117155810069,0.4893556671088259,val,1
S21082,247,17,2026-06-02,21,25,0.0035077716345634,0.0,0.4853095944891899,val,1
S25438,247,17,2026-06-02,15,17,0.0033324243727613,0.0,0.4733723301766949,val,1
S27585,247,17,2026-06-02,24,29,0.0034600490657844,0.0060796222560658,0.4728103308492623,val,1
S31503,247,17,2026-06-02,59,20,0.0034394427820885,0.0031570889987835,0.4586774641805888,val,1
S31505,247,17,2026-06-02,42,30,0.0034211046589559,0.004759761341544,0.4276106133260133,val,1
S31721,247,17,2026-06-02,20,29,0.0034514504453334,0.0,0.4650681445072713,val,1
S31961,247,17,2026-06-02,32,29,0.0033171488002834,0.0,0.4508989280683135,val,1
S32286,247,17,2026-06-02,28,24,0.0035136570454286,0.0,0.5035597862878958,val,1
S33314,247,17,2026-06-02,26,17,0.0035300269999817,0.0018225957871266,0.4957696587124418,val,1
S33316,247,17,2026-06-02,40,25,0.0034767244690811,0.0035409831393629,0.4920886160064941,val,1
S35750,247,17,2026-06-02,53,30,0.003293214421527,0.003986348560864,0.4376039720506079,val,1
S39903,247,17,2026-06-02,24,13,0.0029336528599615,0.0019149780567403,0.4338853625851298,val,1
S40319,247,17,2026-06-02,55,16,0.0033783974652087,0.0082968572105865,0.4116976621671617,val,1
S41452,247,17,2026-06-02,38,24,0.003459777264733,0.0,0.4474791112520795,val,1
S42434,247,17,2026-06-02,42,18,0.0033789920434206,0.0,0.4860938983431153,val,1
S01611,247,17,2026-06-02,15,25,0.0035048091639297,0.00287878129661,0.4918227886293418,val,2
S04943,247,17,2026-06-02,31,18,0.0030942099848286,0.0,0.5058946122028448,val,2
S05428,247,17,2026-06-02,22,22,0.0033078529449704,0.0,0.4862896190809487,val,2
S11315,247,17,2026-06-02,23,23,0.0035137711774926,0.0188638067313805,0.4776558504531765,val,2
S18655,247,17,2026-06-02,53,24,0.0032535972430446,0.0054486294011112,0.458626033684147,val,2
S20201,247,17,2026-06-02,42,17,0.0035352583803853,0.0,0.4727308217144925,val,2
S20726,247,17,2026-06-02,42,14,0.0035208152306581,0.0,0.4779755877066957,val,2
S21057,247,17,2026-06-02,44,16,0.0034143652642248,0.0074117155810069,0.4893556671088259,val,2
S21082,247,17,2026-06-02,24,25,0.0036481480303174,0.0,0.4853095944891899,val,2
S25438,247,17,2026-06-02,13,19,0.0031905485596685,0.0,0.4733723301766949,val,2
S27585,247,17,2026-06-02,26,29,0.0034752309332679,0.0060796222560658,0.4728103308492623,val,2
S31503,247,17,2026-06-02,57,20,0.0033739091756169,0.0031570889987835,0.4586774641805888,val,2
S31505,247,17,2026-06-02,40,30,0.0033895207557304,0.004759761341544,0.4276106133260133,val,2
S31721,247,17,2026-06-02,22,29,0.0034537044566116,0.0,0.4650681445072713,val,2
S31961,247,17,2026-06-02,35,29,0.0034505617820767,0.0,0.4508989280683135,val,2
S32286,247,17,2026-06-02,26,24,0.0035221090323346,0.0,0.5035597862878958,val,2
S33314,247,17,2026-06-02,28,17,0.0034943280600563,0.0018225957871266,0.4957696587124418,val,2
S33316,247,17,2026-06-02,42,25,0.0034880203912006,0.0035409831393629,0.4920886160064941,val,2
S35750,247,17,2026-06-02,54,30,0.0032440072329863,0.003986348560864,0.4376039720506079,val,2
S39903,247,17,2026-06-02,22,14,0.0034362876814497,0.0019149780567403,0.4338853625851298,val,2
S40319,247,17,2026-06-02,53,16,0.0034293621200476,0.0082968572105865,0.4116976621671617,val,2
S41452,247,17,2026-06-02,35,24,0.003499111116117,0.0,0.4474791112520795,val,2
S42434,247,17,2026-06-02,40,18,0.0035131929949467,0.0,0.4860938983431153,val,2
S01611,247,17,2026-06-02,20,24,0.0034874692069416,0.00287878129661,0.4918227886293418,val,3
S04943,247,17,2026-06-02,37,18,0.003537764315519,0.0,0.5058946122028448,val,3
S05428,247,17,2026-06-02,28,22,0.0035032665024866,0.0,0.4862896190809487,val,3
S11315,247,17,2026-06-02,17,23,0.003501987809606,0.0188638067313805,0.4776558504531765,val,3
S18655,247,17,2026-06-02,59,24,0.0032733078973314,0.0054486294011112,0.458626033684147,val,3
S20201,247,17,2026-06-02,36,17,0.0034790618973074,0.0,0.4727308217144925,val,3
S20726,247,17,2026-06-02,48,14,0.0033535255902037,0.0,0.4779755877066957,val,3
S21057,247,17,2026-06-02,50,16,0.0033277682331041,0.0074117155810069,0.4893556671088259,val,3
S21082,247,17,2026-06-02,17,25,0.0035044454198265,0.0,0.4853095944891899,val,3
S25438,247,17,2026-06-02,20,14,0.0025538510217028,0.0,0.4733723301766949,val,3
S27585,247,17,2026-06-02,23,28,0.0034620884086707,0.0060796222560658,0.4728103308492623,val,3
S31503,247,17,2026-06-02,63,20,0.0032748525639864,0.0031570889987835,0.4586774641805888,val,3
S31505,247,17,2026-06-02,47,30,0.0032514536103975,0.004759761341544,0.4276106133260133,val,3
S31721,247,17,2026-06-02,16,26,0.0034982313543115,0.0,0.4650681445072713,val,3
S31961,247,17,2026-06-02,28,29,0.0034864723299061,0.0,0.4508989280683135,val,3
S32286,247,17,2026-06-02,32,24,0.003534534381285,0.0,0.5035597862878958,val,3
S33314,247,17,2026-06-02,22,17,0.0035022271353584,0.0018225957871266,0.4957696587124418,val,3
S33316,247,17,2026-06-02,36,25,0.0034720346666446,0.0035409831393629,0.4920886160064941,val,3
S35750,247,17,2026-06-02,60,28,0.003402945349947,0.003986348560864,0.4376039720506079,val,3
S39903,247,17,2026-06-02,28,12,0.0027526666674493,0.0019149780567403,0.4338853625851298,val,3
S40319,247,17,2026-06-02,59,16,0.0032475441530358,0.0082968572105865,0.4116976621671617,val,3
S41452,247,17,2026-06-02,42,24,0.0033516540339544,0.0,0.4474791112520795,val,3
S42434,247,17,2026-06-02,46,18,0.0033054952750447,0.0,0.4860938983431153,val,3
S01611,247,17,2026-06-02,18,24,0.0035145232509149,0.00287878129661,0.4918227886293418,val,4
S04943,247,17,2026-06-02,35,18,0.0035579237420178,0.0,0.5058946122028448,val,4
S05428,247,17,2026-06-02,26,22,0.0034755158315614,0.0,0.4862896190809487,val,4
S11315,247,17,2026-06-02,19,23,0.0035210326734994,0.0188638067313805,0.4776558504531765,val,4
S18655,247,17,2026-06-02,57,24,0.0032510229765926,0.0054486294011112,0.458626033684147,val,4
S20201,247,17,2026-06-02,38,17,0.0035033728402445,0.0,0.4727308217144925,val,4
S20726,247,17,2026-06-02,46,14,0.0034812601048237,0.0,0.4779755877066957,val,4
S21057,247,17,2026-06-02,48,16,0.0034716186639961,0.0074117155810069,0.4893556671088259,val,4
S21082,247,17,2026-06-02,19,25,0.0034796087796334,0.0,0.4853095944891899,val,4
S25438,247,17,2026-06-02,17,16,0.0033273146822326,0.0,0.4733723301766949,val,4
S27585,247,17,2026-06-02,21,28,0.0034039355782387,0.0060796222560658,0.4728103308492623,val,4
S31503,247,17,2026-06-02,61,20,0.0033357146164634,0.0031570889987835,0.4586774641805888,val,4
S31505,247,17,2026-06-02,44,30,0.0034263641755057,0.004759761341544,0.4276106133260133,val,4
S31721,247,17,2026-06-02,18,28,0.0034815559878156,0.0,0.4650681445072713,val,4
S31961,247,17,2026-06-02,30,29,0.0034571236633776,0.0,0.4508989280683135,val,4
S32286,247,17,2026-06-02,30,24,0.0033599548465918,0.0,0.5035597862878958,val,4
S33314,247,17,2026-06-02,24,17,0.0035195624268196,0.0018225957871266,0.4957696587124418,val,4
S33316,247,17,2026-06-02,38,25,0.0035000576557837,0.0035409831393629,0.4920886160064941,val,4
S35750,247,17,2026-06-02,57,29,0.0032691053677698,0.003986348560864,0.4376039720506079,val,4
S39903,247,17,2026-06-02,26,13,0.0031401206981884,0.0019149780567403,0.4338853625851298,val,4
S40319,247,17,2026-06-02,57,16,0.0031945922068986,0.0082968572105865,0.4116976621671617,val,4
S41452,247,17,2026-06-02,40,24,0.0034700406638205,0.0,0.4474791112520795,val,4
S42434,247,17,2026-06-02,44,18,0.0034800632274632,0.0,0.4860938983431153,val,4
S01580,247,18,2026-06-02,23,25,0.0035222086520406,0.0043674645857499,0.4992982353372538,val,1
S03269,247,18,2026-06-02,56,28,0.0029196842677932,0.0057569123489824,0.4375905540369236,val,1
S11329,247,18,2026-06-02,43,14,0.0034434278253055,0.0,0.488618056644007,val,1
S12042,247,18,2026-06-02,54,27,0.0033818184711035,0.0,0.4729174631786181,val,1
S12556,247,18,2026-06-02,23,29,0.0034812906636661,0.0,0.4953850011449134,val,1
S14114,247,18,2026-06-02,19,21,0.0035264666778673,0.0,0.4501822748796441,val,1
S17185,247,18,2026-06-02,40,20,0.0035617540763229,0.0026422537307878,0.4576202632465202,val,1
S17473,247,18,2026-06-02,36,13,0.0034701886048908,0.0003559990860063,0.4306227094252241,val,1
S18680,247,18,2026-06-02,31,23,0.0035474067823904,0.0118899262942011,0.4540177391360609,val,1
S28198,247,18,2026-06-02,27,21,0.0035626698510961,0.0118087037512236,0.5157988484417054,val,1
S28783,247,18,2026-06-02,51,12,0.0034409750764445,0.0,0.4700472001824788,val,1
S28933,247,18,2026-06-02,36,19,0.0035772283431905,0.0,0.4663993085390199,val,1
S31453,247,18,2026-06-02,32,20,0.0035630290171514,0.0126662525286312,0.4945469146201546,val,1
S31463,247,18,2026-06-02,34,22,0.0035691072909161,0.0,0.4798277986439617,val,1
S31936,247,18,2026-06-02,49,20,0.0035288333296891,0.002210008626593,0.5029130988312261,val,1
S32823,247,18,2026-06-02,50,26,0.0035088997899596,0.0,0.4767893188123368,val,1
S33031,247,18,2026-06-02,35,14,0.003474314681974,0.0,0.4485007767315161,val,1
S33294,247,18,2026-06-02,40,16,0.0034755342288437,0.0,0.5132741526563435,val,1
S40297,247,18,2026-06-02,44,22,0.0034998070762554,0.0,0.4597900557396745,val,1
S43418,247,18,2026-06-02,59,21,0.0034857269586622,0.0,0.4728115983427375,val,1
S01580,247,18,2026-06-02,25,25,0.0035662238305291,0.0043674645857499,0.4992982353372538,val,2
S03269,247,18,2026-06-02,55,28,0.0031023048171652,0.0057569123489824,0.4375905540369236,val,2
S11329,247,18,2026-06-02,40,14,0.0034329547818051,0.0,0.488618056644007,val,2
S12042,247,18,2026-06-02,55,27,0.0033957402802433,0.0,0.4729174631786181,val,2
S12556,247,18,2026-06-02,24,29,0.0034959846747228,0.0,0.4953850011449134,val,2
S14114,247,18,2026-06-02,21,21,0.0035428629643963,0.0,0.4501822748796441,val,2
S17185,247,18,2026-06-02,38,20,0.0034557050430914,0.0026422537307878,0.4576202632465202,val,2
S17473,247,18,2026-06-02,38,13,0.0034290186820147,0.0003559990860063,0.4306227094252241,val,2
S18680,247,18,2026-06-02,33,23,0.0035490846170128,0.0118899262942011,0.4540177391360609,val,2
S28198,247,18,2026-06-02,29,21,0.0036194193258054,0.0118087037512236,0.5157988484417054,val,2
S28783,247,18,2026-06-02,54,13,0.0034418811575298,0.0,0.4700472001824788,val,2
S28933,247,18,2026-06-02,38,19,0.0035435607173209,0.0,0.4663993085390199,val,2
S31453,247,18,2026-06-02,30,20,0.0035725156163482,0.0126662525286312,0.4945469146201546,val,2
S31463,247,18,2026-06-02,31,22,0.003563749428489,0.0,0.4798277986439617,val,2
S31936,247,18,2026-06-02,47,20,0.0035745656832539,0.002210008626593,0.5029130988312261,val,2
S32823,247,18,2026-06-02,49,26,0.0034465354204643,0.0,0.4767893188123368,val,2
S33031,247,18,2026-06-02,33,14,0.003421490861617,0.0,0.4485007767315161,val,2
S33294,247,18,2026-06-02,38,16,0.003454763960867,0.0,0.5132741526563435,val,2
S40297,247,18,2026-06-02,42,22,0.003529606134323,0.0,0.4597900557396745,val,2
S43418,247,18,2026-06-02,61,21,0.0033524704378648,0.0,0.4728115983427375,val,2
S01580,247,18,2026-06-02,19,25,0.003469070275182,0.0043674645857499,0.4992982353372538,val,3
S03269,247,18,2026-06-02,61,27,0.0034285856193001,0.0057569123489824,0.4375905540369236,val,3
S11329,247,18,2026-06-02,47,14,0.0034421353706617,0.0,0.488618056644007,val,3
S12042,247,18,2026-06-02,52,27,0.0034271416253391,0.0,0.4729174631786181,val,3
S12556,247,18,2026-06-02,21,28,0.0034876487689454,0.0,0.4953850011449134,val,3
S14114,247,18,2026-06-02,14,21,0.003504473180572,0.0,0.4501822748796441,val,3
S17185,247,18,2026-06-02,45,20,0.0035810765047255,0.0026422537307878,0.4576202632465202,val,3
S17473,247,18,2026-06-02,32,13,0.0033954419463311,0.0003559990860063,0.4306227094252241,val,3
S18680,247,18,2026-06-02,27,23,0.0035874667302614,0.0118899262942011,0.4540177391360609,val,3
S28198,247,18,2026-06-02,23,21,0.0035559883328307,0.0118087037512236,0.5157988484417054,val,3
S28783,247,18,2026-06-02,41,11,0.0034245563172595,0.0,0.4700472001824788,val,3
S28933,247,18,2026-06-02,32,19,0.0035509243672749,0.0,0.4663993085390199,val,3
S31453,247,18,2026-06-02,36,20,0.0034907781940712,0.0126662525286312,0.4945469146201546,val,3
S31463,247,18,2026-06-02,38,22,0.003539604044177,0.0,0.4798277986439617,val,3
S31936,247,18,2026-06-02,53,20,0.0035178691657534,0.002210008626593,0.5029130988312261,val,3
S32823,247,18,2026-06-02,52,26,0.0033844195339724,0.0,0.4767893188123368,val,3
S33031,247,18,2026-06-02,39,14,0.0034250230593869,0.0,0.4485007767315161,val,3
S33294,247,18,2026-06-02,44,16,0.003397527033844,0.0,0.5132741526563435,val,3
S40297,247,18,2026-06-02,48,22,0.0035613152183216,0.0,0.4597900557396745,val,3
S43418,247,18,2026-06-02,55,21,0.0034882203615689,0.0,0.4728115983427375,val,3
S01580,247,18,2026-06-02,21,25,0.0035069989038522,0.0043674645857499,0.4992982353372538,val,4
S03269,247,18,2026-06-02,58,28,0.0034441081523184,0.0057569123489824,0.4375905540369236,val,4
S11329,247,18,2026-06-02,45,14,0.0034318293814579,0.0,0.488618056644007,val,4
S12042,247,18,2026-06-02,53,27,0.0034493379489508,0.0,0.4729174631786181,val,4
S12556,247,18,2026-06-02,20,28,0.0035086641502668,0.0,0.4953850011449134,val,4
S14114,247,18,2026-06-02,17,21,0.0034233235328778,0.0,0.4501822748796441,val,4
S17185,247,18,2026-06-02,43,20,0.0035596519757624,0.0026422537307878,0.4576202632465202,val,4
S17473,247,18,2026-06-02,34,13,0.0033850845836,0.0003559990860063,0.4306227094252241,val,4
S18680,247,18,2026-06-02,29,23,0.0035712580603339,0.0118899262942011,0.4540177391360609,val,4
S28198,247,18,2026-06-02,25,21,0.0034595846833769,0.0118087037512236,0.5157988484417054,val,4
S28783,247,18,2026-06-02,43,11,0.0034955822921298,0.0,0.4700472001824788,val,4
S28933,247,18,2026-06-02,34,19,0.0035509658000918,0.0,0.4663993085390199,val,4
S31453,247,18,2026-06-02,34,20,0.0035613879309054,0.0126662525286312,0.4945469146201546,val,4
S31463,247,18,2026-06-02,36,22,0.0036046646324012,0.0,0.4798277986439617,val,4
S31936,247,18,2026-06-02,51,20,0.0034805060137092,0.002210008626593,0.5029130988312261,val,4
S32823,247,18,2026-06-02,51,26,0.0035265749873775,0.0,0.4767893188123368,val,4
S33031,247,18,2026-06-02,37,14,0.0034661068765794,0.0,0.4485007767315161,val,4
S33294,247,18,2026-06-02,42,16,0.0035048492887502,0.0,0.5132741526563435,val,4
S40297,247,18,2026-06-02,46,22,0.0034939287080366,0.0,0.4597900557396745,val,4
S43418,247,18,2026-06-02,57,21,0.00352880161284,0.0,0.4728115983427375,val,4
S01589,247,19,2026-06-02,36,26,0.0033470791268147,0.0,0.5170301009756947,val,1
S01592,247,19,2026-06-02,45,18,0.0034596980376278,0.0071863387267022,0.5400783874812909,val,1
S02137,247,19,2026-06-02,46,19,0.003466812062227,0.0,0.4846099791695239,val,1
S03255,247,19,2026-06-02,24,16,0.00353613828612,0.0,0.5326612112446806,val,1
S03256,247,19,2026-06-02,41,20,0.0034980933143236,0.0,0.502662951797487,val,1
S05414,247,19,2026-06-02,55,29,0.0016747506227202,0.0051422659079151,0.3090433294596849,val,1
S05564,247,19,2026-06-02,37,11,0.0033813811128547,0.005203807050792,0.4880641137632629,val,1
S06555,247,19,2026-06-02,14,19,0.0034269136900034,0.0059801523916097,0.513608991732909,val,1
S11351,247,19,2026-06-02,54,21,0.0033138185242153,0.0237264346854695,0.4866273487396285,val,1
S15176,247,19,2026-06-02,16,23,0.0034973249251031,0.0,0.5165222134366394,val,1
S22019,247,19,2026-06-02,55,27,0.0030831633502748,0.0,0.4029122088262298,val,1
S23451,247,19,2026-06-02,24,24,0.0034985322460508,0.0,0.4862007036015239,val,1
S23992,247,19,2026-06-02,39,19,0.003434668818079,0.0,0.4903091942526781,val,1
S24753,247,19,2026-06-02,35,31,0.003251032001197,0.0,0.4531467745180887,val,1
S25072,247,19,2026-06-02,63,20,0.003345993756532,0.0,0.495274246588355,val,1
S29279,247,19,2026-06-02,56,29,0.0032686319917493,0.0,0.426022162257642,val,1
S31480,247,19,2026-06-02,27,28,0.0034453501819022,0.0,0.4852984657914903,val,1
S33721,247,19,2026-06-02,29,30,0.0033662474712225,0.0,0.4741560988939166,val,1
S33886,247,19,2026-06-02,54,15,0.0033915656553315,0.0,0.4498745032362177,val,1
S36919,247,19,2026-06-02,52,12,0.0033703039831977,0.0,0.4843620683375878,val,1
S42450,247,19,2026-06-02,35,18,0.0033870367566264,0.0,0.5243199777582574,val,1
S01589,247,19,2026-06-02,34,26,0.0034584160111469,0.0,0.5170301009756947,val,2
S01592,247,19,2026-06-02,42,18,0.0034517516303077,0.0071863387267022,0.5400783874812909,val,2
S02137,247,19,2026-06-02,48,19,0.0032746480811139,0.0,0.4846099791695239,val,2
S03255,247,19,2026-06-02,22,16,0.0034926608201936,0.0,0.5326612112446806,val,2
S03256,247,19,2026-06-02,39,20,0.0033925404487678,0.0,0.502662951797487,val,2
S05414,247,19,2026-06-02,52,30,0.0032248578471498,0.0051422659079151,0.3090433294596849,val,2
S05564,247,19,2026-06-02,43,11,0.003385053972596,0.005203807050792,0.4880641137632629,val,2
S06555,247,19,2026-06-02,16,19,0.0035054399531184,0.0059801523916097,0.513608991732909,val,2
S11351,247,19,2026-06-02,55,21,0.0032095700659691,0.0237264346854695,0.4866273487396285,val,2
S15176,247,19,2026-06-02,19,23,0.0035271974343714,0.0,0.5165222134366394,val,2
S22019,247,19,2026-06-02,57,27,0.0032663876764669,0.0,0.4029122088262298,val,2
S23451,247,19,2026-06-02,22,24,0.0035450228945527,0.0,0.4862007036015239,val,2
S23992,247,19,2026-06-02,41,19,0.003469329007923,0.0,0.4903091942526781,val,2
S24753,247,19,2026-06-02,36,31,0.0032714770481048,0.0,0.4531467745180887,val,2
S25072,247,19,2026-06-02,62,20,0.0033377925190088,0.0,0.495274246588355,val,2
S29279,247,19,2026-06-02,51,30,0.0032376681477384,0.0,0.426022162257642,val,2
S31480,247,19,2026-06-02,26,28,0.0034690819205777,0.0,0.4852984657914903,val,2
S33721,247,19,2026-06-02,27,30,0.0033142118090902,0.0,0.4741560988939166,val,2
S33886,247,19,2026-06-02,56,15,0.0033514380135868,0.0,0.4498745032362177,val,2
S36919,247,19,2026-06-02,54,13,0.0034292047676838,0.0,0.4843620683375878,val,2
S42450,247,19,2026-06-02,33,18,0.0034508093532873,0.0,0.5243199777582574,val,2
S01589,247,19,2026-06-02,40,26,0.003379537124792,0.0,0.5170301009756947,val,3
S01592,247,19,2026-06-02,49,18,0.0033140737055884,0.0071863387267022,0.5400783874812909,val,3
S02137,247,19,2026-06-02,42,19,0.0033989164858573,0.0,0.4846099791695239,val,3
S03255,247,19,2026-06-02,28,16,0.0035712420316459,0.0,0.5326612112446806,val,3
S03256,247,19,2026-06-02,45,20,0.0034179249439599,0.0,0.502662951797487,val,3
S05414,247,19,2026-06-02,51,29,0.0032884936018588,0.0051422659079151,0.3090433294596849,val,3
S05564,247,19,2026-06-02,33,11,0.0028748185115795,0.005203807050792,0.4880641137632629,val,3
S06555,247,19,2026-06-02,18,18,0.0035278588315963,0.0059801523916097,0.513608991732909,val,3
S11351,247,19,2026-06-02,52,21,0.0032596194848529,0.0237264346854695,0.4866273487396285,val,3
S15176,247,19,2026-06-02,16,22,0.003398468136357,0.0,0.5165222134366394,val,3
S22019,247,19,2026-06-02,51,27,0.0031087676506825,0.0,0.4029122088262298,val,3
S23451,247,19,2026-06-02,28,24,0.0034468846396025,0.0,0.4862007036015239,val,3
S23992,247,19,2026-06-02,35,19,0.0034791178443797,0.0,0.4903091942526781,val,3
S24753,247,19,2026-06-02,33,31,0.0032821008636299,0.0,0.4531467745180887,val,3
S25072,247,19,2026-06-02,65,20,0.0033378540356157,0.0,0.495274246588355,val,3
S29279,247,19,2026-06-02,52,29,0.0031959528220286,0.0,0.426022162257642,val,3
S31480,247,19,2026-06-02,29,28,0.0033676312143652,0.0,0.4852984657914903,val,3
S33721,247,19,2026-06-02,33,30,0.0034093027961592,0.0,0.4741560988939166,val,3
S33886,247,19,2026-06-02,50,15,0.0034791844262978,0.0,0.4498745032362177,val,3
S36919,247,19,2026-06-02,46,11,0.0029562260456994,0.0,0.4843620683375878,val,3
S42450,247,19,2026-06-02,39,18,0.0034510075272997,0.0,0.5243199777582574,val,3
S01589,247,19,2026-06-02,38,26,0.0034401050986956,0.0,0.5170301009756947,val,4
S01592,247,19,2026-06-02,47,18,0.0034167469873225,0.0071863387267022,0.5400783874812909,val,4
S02137,247,19,2026-06-02,44,19,0.0033919734163243,0.0,0.4846099791695239,val,4
S03255,247,19,2026-06-02,26,16,0.0035197576097311,0.0,0.5326612112446806,val,4
S03256,247,19,2026-06-02,43,20,0.0033982496170826,0.0,0.502662951797487,val,4
S05414,247,19,2026-06-02,53,29,0.0031953017128622,0.0051422659079151,0.3090433294596849,val,4
S05564,247,19,2026-06-02,35,11,0.0034318217663325,0.005203807050792,0.4880641137632629,val,4
S06555,247,19,2026-06-02,16,18,0.0034642887510029,0.0059801523916097,0.513608991732909,val,4
S11351,247,19,2026-06-02,53,21,0.0032550159019327,0.0237264346854695,0.4866273487396285,val,4
S15176,247,19,2026-06-02,14,22,0.0034058053250826,0.0,0.5165222134366394,val,4
S22019,247,19,2026-06-02,53,27,0.0032209256248214,0.0,0.4029122088262298,val,4
S23451,247,19,2026-06-02,26,24,0.0035257088373467,0.0,0.4862007036015239,val,4
S23992,247,19,2026-06-02,37,19,0.0034316823152786,0.0,0.4903091942526781,val,4
S24753,247,19,2026-06-02,34,31,0.0032282298695474,0.0,0.4531467745180887,val,4
S25072,247,19,2026-06-02,64,20,0.0033531580702064,0.0,0.495274246588355,val,4
S29279,247,19,2026-06-02,54,29,0.0032062910618096,0.0,0.426022162257642,val,4
S31480,247,19,2026-06-02,28,28,0.0034092676882508,0.0,0.4852984657914903,val,4
S33721,247,19,2026-06-02,31,30,0.0033363689506487,0.0,0.4741560988939166,val,4
S33886,247,19,2026-06-02,52,15,0.0034238628954855,0.0,0.4498745032362177,val,4
S36919,247,19,2026-06-02,49,12,0.0033701321015957,0.0,0.4843620683375878,val,4
S42450,247,19,2026-06-02,37,18,0.003507598269353,0.0,0.5243199777582574,val,4
S01586,247,20,2026-06-02,25,19,0.0036072192460778,0.0,0.517639900856893,val,1
S05402,247,20,2026-06-02,29,25,0.0036003632295442,0.0,0.4823010244555942,val,1
S05413,247,20,2026-06-02,50,27,0.0035138548612911,0.0038081664866024,0.4660557811692518,val,1
S13895,247,20,2026-06-02,33,27,0.0035675357726352,0.0064135818241413,0.489605121920502,val,1
S17479,247,20,2026-06-02,18,19,0.0035200473536789,0.009982902521878,0.4669678269943616,val,1
S17483,247,20,2026-06-02,53,28,0.0034300406600915,0.007303907437867,0.4673521512330044,val,1
S17485,247,20,2026-06-02,37,22,0.0035794314032798,0.0223503691045323,0.4637122503101785,val,1
S20211,247,20,2026-06-02,45,28,0.0035356212971396,0.0,0.4831063066401229,val,1
S20721,247,20,2026-06-02,39,23,0.0036328782234358,0.0,0.5092816058246478,val,1
S23990,247,20,2026-06-02,61,24,0.0034246877703235,0.0,0.4762803190358622,val,1
S25672,247,20,2026-06-02,32,24,0.003608621769343,0.0,0.5071117365873589,val,1
S26886,247,20,2026-06-02,37,24,0.0036814078106922,0.00500254153267,0.4840884743755538,val,1
S27649,247,20,2026-06-02,33,15,0.0035903160341511,0.0,0.5238185399270886,val,1
S29280,247,20,2026-06-02,54,28,0.0035208685463792,0.0,0.4398430316828564,val,1
S31469,247,20,2026-06-02,37,25,0.0035994695362452,0.0063170672030454,0.4773144983294107,val,1
S33302,247,20,2026-06-02,21,16,0.0035703707778233,0.0036190725853431,0.4788655342005158,val,1
S35553,247,20,2026-06-02,54,25,0.0035482441166909,0.0,0.4766622357492356,val,1
S36618,247,20,2026-06-02,32,23,0.0036409045014511,0.0,0.4605363414238079,val,1
S37571,247,20,2026-06-02,39,13,0.0034375992949029,0.0,0.4371667343667038,val,1
S41833,247,20,2026-06-02,28,30,0.0035856698997929,0.0,0.4680657834870674,val,1
S42093,247,20,2026-06-02,62,21,0.0035659237447285,0.0141495846730975,0.4942312024344182,val,1
S42097,247,20,2026-06-02,41,31,0.0035020226645953,0.0154937687505959,0.4526487376784583,val,1
S01586,247,20,2026-06-02,29,19,0.0036227710931389,0.0,0.517639900856893,val,2
S05402,247,20,2026-06-02,32,25,0.0035992617831649,0.0,0.4823010244555942,val,2
S05413,247,20,2026-06-02,53,27,0.0034090272866564,0.0038081664866024,0.4660557811692518,val,2
S13895,247,20,2026-06-02,35,27,0.0035690372312545,0.0064135818241413,0.489605121920502,val,2
S17479,247,20,2026-06-02,20,19,0.0035693148225145,0.009982902521878,0.4669678269943616,val,2
S17483,247,20,2026-06-02,51,28,0.0035237016815204,0.007303907437867,0.4673521512330044,val,2
S17485,247,20,2026-06-02,34,22,0.0036085407314838,0.0223503691045323,0.4637122503101785,val,2
S20211,247,20,2026-06-02,43,28,0.0035308381766315,0.0,0.4831063066401229,val,2
S20721,247,20,2026-06-02,41,23,0.0035738714017867,0.0,0.5092816058246478,val,2
S23990,247,20,2026-06-02,59,24,0.0034844923316579,0.0,0.4762803190358622,val,2
S25672,247,20,2026-06-02,30,24,0.0036210045882114,0.0,0.5071117365873589,val,2
S26886,247,20,2026-06-02,35,24,0.0036009161157466,0.00500254153267,0.4840884743755538,val,2
S27649,247,20,2026-06-02,35,15,0.0035390590227109,0.0,0.5238185399270886,val,2
S29280,247,20,2026-06-02,52,28,0.0035479107044969,0.0,0.4398430316828564,val,2
S31469,247,20,2026-06-02,39,25,0.0035653526977239,0.0063170672030454,0.4773144983294107,val,2
S33302,247,20,2026-06-02,19,16,0.0036054196665584,0.0036190725853431,0.4788655342005158,val,2
S35553,247,20,2026-06-02,56,25,0.0035196902284142,0.0,0.4766622357492356,val,2
S36618,247,20,2026-06-02,34,23,0.003596107488932,0.0,0.4605363414238079,val,2
S37571,247,20,2026-06-02,41,13,0.0035563950810841,0.0,0.4371667343667038,val,2
S41833,247,20,2026-06-02,32,31,0.003555339506236,0.0,0.4680657834870674,val,2
S42093,247,20,2026-06-02,64,21,0.0035279518592248,0.0141495846730975,0.4942312024344182,val,2
S42097,247,20,2026-06-02,43,31,0.0035507861174783,0.0154937687505959,0.4526487376784583,val,2
S01586,247,20,2026-06-02,21,19,0.0035745624363883,0.0,0.517639900856893,val,3
S05402,247,20,2026-06-02,25,25,0.0036039217702373,0.0,0.4823010244555942,val,3
S05413,247,20,2026-06-02,46,27,0.00356059819895,0.0038081664866024,0.4660557811692518,val,3
S13895,247,20,2026-06-02,29,27,0.0035904261945247,0.0064135818241413,0.489605121920502,val,3
S17479,247,20,2026-06-02,16,18,0.0036016391388138,0.009982902521878,0.4669678269943616,val,3
S17483,247,20,2026-06-02,57,28,0.00332889061752,0.007303907437867,0.4673521512330044,val,3
S17485,247,20,2026-06-02,41,22,0.003551448376006,0.0223503691045323,0.4637122503101785,val,3
S20211,247,20,2026-06-02,49,28,0.0035308816127743,0.0,0.4831063066401229,val,3
S20721,247,20,2026-06-02,35,23,0.0036736274387158,0.0,0.5092816058246478,val,3
S23990,247,20,2026-06-02,63,24,0.0035162697112815,0.0,0.4762803190358622,val,3
S25672,247,20,2026-06-02,36,24,0.0036008356303824,0.0,0.5071117365873589,val,3
S26886,247,20,2026-06-02,41,24,0.0036100819829181,0.00500254153267,0.4840884743755538,val,3
S27649,247,20,2026-06-02,29,15,0.0035457445073351,0.0,0.5238185399270886,val,3
S29280,247,20,2026-06-02,58,28,0.0035083424921457,0.0,0.4398430316828564,val,3
S31469,247,20,2026-06-02,33,25,0.0036038786499277,0.0063170672030454,0.4773144983294107,val,3
S33302,247,20,2026-06-02,25,16,0.0035708355805086,0.0036190725853431,0.4788655342005158,val,3
S35553,247,20,2026-06-02,50,25,0.0035597251213601,0.0,0.4766622357492356,val,3
S36618,247,20,2026-06-02,28,23,0.0036206207434199,0.0,0.4605363414238079,val,3
S37571,247,20,2026-06-02,35,13,0.0035693711558423,0.0,0.4371667343667038,val,3
S41833,247,20,2026-06-02,33,30,0.0035576843207364,0.0,0.4680657834870674,val,3
S42093,247,20,2026-06-02,58,21,0.0035877366174504,0.0141495846730975,0.4942312024344182,val,3
S42097,247,20,2026-06-02,37,31,0.0035212598746155,0.0154937687505959,0.4526487376784583,val,3
S01586,247,20,2026-06-02,23,19,0.0035866825143602,0.0,0.517639900856893,val,4
S05402,247,20,2026-06-02,27,25,0.0035902415754323,0.0,0.4823010244555942,val,4
S05413,247,20,2026-06-02,48,27,0.0035498302822395,0.0038081664866024,0.4660557811692518,val,4
S13895,247,20,2026-06-02,31,27,0.003546606432662,0.0064135818241413,0.489605121920502,val,4
S17479,247,20,2026-06-02,14,19,0.0035843507091016,0.009982902521878,0.4669678269943616,val,4
S17483,247,20,2026-06-02,55,28,0.0035095992531596,0.007303907437867,0.4673521512330044,val,4
S17485,247,20,2026-06-02,39,22,0.0036251523953368,0.0223503691045323,0.4637122503101785,val,4
S20211,247,20,2026-06-02,47,28,0.0035374936882758,0.0,0.4831063066401229,val,4
S20721,247,20,2026-06-02,37,23,0.0036142700650936,0.0,0.5092816058246478,val,4
S23990,247,20,2026-06-02,62,24,0.0032851243920576,0.0,0.4762803190358622,val,4
S25672,247,20,2026-06-02,34,24,0.003635261835151,0.0,0.5071117365873589,val,4
S26886,247,20,2026-06-02,39,24,0.0036570555926939,0.00500254153267,0.4840884743755538,val,4
S27649,247,20,2026-06-02,31,15,0.0033719501452216,0.0,0.5238185399270886,val,4
S29280,247,20,2026-06-02,56,28,0.0035390972950991,0.0,0.4398430316828564,val,4
S31469,247,20,2026-06-02,35,25,0.0036074091901897,0.0063170672030454,0.4773144983294107,val,4
S33302,247,20,2026-06-02,23,16,0.0035968861299194,0.0036190725853431,0.4788655342005158,val,4
S35553,247,20,2026-06-02,52,25,0.0035781008157784,0.0,0.4766622357492356,val,4
S36618,247,20,2026-06-02,30,23,0.0036217775213803,0.0,0.4605363414238079,val,4
S37571,247,20,2026-06-02,37,13,0.0035358861713917,0.0,0.4371667343667038,val,4
S41833,247,20,2026-06-02,30,30,0.0035435698253366,0.0,0.4680657834870674,val,4
S42093,247,20,2026-06-02,60,21,0.0035405602076624,0.0141495846730975,0.4942312024344182,val,4
S42097,247,20,2026-06-02,39,31,0.0034814968449547,0.0154937687505959,0.4526487376784583,val,4
S07885,247,21,2026-06-02,31,21,0.0035126262644984,0.0,0.4469201780170193,val,1
S08584,247,21,2026-06-02,16,24,0.003516815452319,0.0113120112164167,0.4971074299323106,val,1
S08587,247,21,2026-06-02,58,21,0.0034588140702531,0.0181249601123236,0.4275589739499904,val,1
S11335,247,21,2026-06-02,55,15,0.0034507745815724,0.0006913032108739,0.4432071324321258,val,1
S14115,247,21,2026-06-02,31,15,0.0035086551471277,0.0,0.4744198440755691,val,1
S16392,247,21,2026-06-02,30,26,0.0035203506837381,0.0,0.4969973146296207,val,1
S20720,247,21,2026-06-02,23,18,0.0035170123213966,0.0,0.4217413395792613,val,1
S21559,247,21,2026-06-02,61,25,0.0035066906503693,0.0,0.4466942926605715,val,1
S23443,247,21,2026-06-02,60,25,0.003486145302576,0.0,0.4796957239101778,val,1
S23986,247,21,2026-06-02,39,16,0.0030755032007678,0.0,0.4516615346974024,val,1
S26888,247,21,2026-06-02,56,23,0.0031593693757204,0.0036842924601733,0.4377522670462626,val,1
S30997,247,21,2026-06-02,47,19,0.0034855767333861,0.0,0.4505575283457816,val,1
S31462,247,21,2026-06-02,59,22,0.0035215096750078,0.00803941740914,0.4281988938113546,val,1
S31467,247,21,2026-06-02,29,14,0.0032119721711869,0.0064246126003845,0.3801823701948317,val,1
S31942,247,21,2026-06-02,28,17,0.0032103329997785,0.0,0.4379276172857484,val,1
S31944,247,21,2026-06-02,49,30,0.0031566282367944,0.0,0.4257215532777559,val,1
S33883,247,21,2026-06-02,49,22,0.0034996013257502,0.0,0.4879486350043547,val,1
S36456,247,21,2026-06-02,31,18,0.0035073665436749,0.0,0.4207328244943945,val,1
S38145,247,21,2026-06-02,36,30,0.0035004853494959,0.0164671774694553,0.4878913713372252,val,1
S41481,247,21,2026-06-02,63,23,0.0035186073258716,0.0,0.4380534356610599,val,1
S41781,247,21,2026-06-02,22,21,0.0035049604843772,0.0055535069781994,0.4504025897527555,val,1
S41811,247,21,2026-06-02,44,25,0.0034985536572866,0.0008430187194257,0.425678730191451,val,1
S43607,247,21,2026-06-02,26,30,0.0025860768761848,0.0103802943393503,0.4326522873936313,val,1
S07885,247,21,2026-06-02,33,21,0.0035246438321744,0.0,0.4469201780170193,val,2
S08584,247,21,2026-06-02,14,24,0.0032130193359566,0.0113120112164167,0.4971074299323106,val,2
S08587,247,21,2026-06-02,60,21,0.0034827420287007,0.0181249601123236,0.4275589739499904,val,2
S11335,247,21,2026-06-02,57,15,0.003137682831607,0.0006913032108739,0.4432071324321258,val,2
S14115,247,21,2026-06-02,33,15,0.0033207555067671,0.0,0.4744198440755691,val,2
S16392,247,21,2026-06-02,28,26,0.0032860630106338,0.0,0.4969973146296207,val,2
S20720,247,21,2026-06-02,21,18,0.0032586963358953,0.0,0.4217413395792613,val,2
S21559,247,21,2026-06-02,63,25,0.003516942378884,0.0,0.4466942926605715,val,2
S23443,247,21,2026-06-02,62,25,0.0035065479593946,0.0,0.4796957239101778,val,2
S23986,247,21,2026-06-02,37,16,0.0034463447007973,0.0,0.4516615346974024,val,2
S26888,247,21,2026-06-02,58,23,0.0029204326281971,0.0036842924601733,0.4377522670462626,val,2
S30997,247,21,2026-06-02,49,19,0.0034286008880696,0.0,0.4505575283457816,val,2
S31462,247,21,2026-06-02,55,22,0.0034867806712255,0.00803941740914,0.4281988938113546,val,2
S31467,247,21,2026-06-02,27,14,0.0031661341491716,0.0064246126003845,0.3801823701948317,val,2
S31942,247,21,2026-06-02,30,17,0.0034905124412534,0.0,0.4379276172857484,val,2
S31944,247,21,2026-06-02,44,30,0.0034944867100848,0.0,0.4257215532777559,val,2
S33883,247,21,2026-06-02,47,22,0.003468663197679,0.0,0.4879486350043547,val,2
S36456,247,21,2026-06-02,29,18,0.0035103782272683,0.0,0.4207328244943945,val,2
S38145,247,21,2026-06-02,34,30,0.003531927808923,0.0164671774694553,0.4878913713372252,val,2
S41481,247,21,2026-06-02,65,23,0.0035381514774042,0.0,0.4380534356610599,val,2
S41781,247,21,2026-06-02,24,21,0.0035104440939066,0.0055535069781994,0.4504025897527555,val,2
S41811,247,21,2026-06-02,46,25,0.0035370592398245,0.0008430187194257,0.425678730191451,val,2
S43607,247,21,2026-06-02,28,31,0.0027179994643518,0.0103802943393503,0.4326522873936313,val,2
S07885,247,21,2026-06-02,27,21,0.0035582830284726,0.0,0.4469201780170193,val,3
S08584,247,21,2026-06-02,21,24,0.0035148700744656,0.0113120112164167,0.4971074299323106,val,3
S08587,247,21,2026-06-02,53,21,0.003470749379403,0.0181249601123236,0.4275589739499904,val,3
S11335,247,21,2026-06-02,50,15,0.0031819537416718,0.0006913032108739,0.4432071324321258,val,3
S14115,247,21,2026-06-02,27,15,0.0035296954117925,0.0,0.4744198440755691,val,3
S16392,247,21,2026-06-02,34,26,0.0034817563233899,0.0,0.4969973146296207,val,3
S20720,247,21,2026-06-02,27,18,0.003511194639814,0.0,0.4217413395792613,val,3
S21559,247,21,2026-06-02,57,25,0.0035003236700197,0.0,0.4466942926605715,val,3
S23443,247,21,2026-06-02,56,25,0.0035139110245996,0.0,0.4796957239101778,val,3
S23986,247,21,2026-06-02,43,16,0.0031777772790113,0.0,0.4516615346974024,val,3
S26888,247,21,2026-06-02,52,23,0.0035187739810432,0.0036842924601733,0.4377522670462626,val,3
S30997,247,21,2026-06-02,43,19,0.003161327115096,0.0,0.4505575283457816,val,3
S31462,247,21,2026-06-02,63,22,0.0034856757129879,0.00803941740914,0.4281988938113546,val,3
S31467,247,21,2026-06-02,33,14,0.0032592570169992,0.0064246126003845,0.3801823701948317,val,3
S31942,247,21,2026-06-02,24,17,0.0034760358318323,0.0,0.4379276172857484,val,3
S31944,247,21,2026-06-02,56,29,0.0034758392786773,0.0,0.4257215532777559,val,3
S33883,247,21,2026-06-02,53,22,0.0034631855415338,0.0,0.4879486350043547,val,3
S36456,247,21,2026-06-02,35,18,0.0035212510366123,0.0,0.4207328244943945,val,3
S38145,247,21,2026-06-02,40,30,0.0034863805395688,0.0164671774694553,0.4878913713372252,val,3
S41481,247,21,2026-06-02,59,23,0.0034825242260457,0.0,0.4380534356610599,val,3
S41781,247,21,2026-06-02,18,21,0.0031933700782786,0.0055535069781994,0.4504025897527555,val,3
S41811,247,21,2026-06-02,40,25,0.0035023360118548,0.0008430187194257,0.425678730191451,val,3
S43607,247,21,2026-06-02,21,29,0.0035522271980429,0.0103802943393503,0.4326522873936313,val,3
S07885,247,21,2026-06-02,29,21,0.0035324022374019,0.0,0.4469201780170193,val,4
S08584,247,21,2026-06-02,19,24,0.0034836234392819,0.0113120112164167,0.4971074299323106,val,4
S08587,247,21,2026-06-02,55,21,0.0034344375114654,0.0181249601123236,0.4275589739499904,val,4
S11335,247,21,2026-06-02,53,15,0.0032318653529368,0.0006913032108739,0.4432071324321258,val,4
S14115,247,21,2026-06-02,29,15,0.0032594444749605,0.0,0.4744198440755691,val,4
S16392,247,21,2026-06-02,32,26,0.0034563989617082,0.0,0.4969973146296207,val,4
S20720,247,21,2026-06-02,25,18,0.0033968334979512,0.0,0.4217413395792613,val,4
S21559,247,21,2026-06-02,59,25,0.0035033109506676,0.0,0.4466942926605715,val,4
S23443,247,21,2026-06-02,58,25,0.0035264737610112,0.0,0.4796957239101778,val,4
S23986,247,21,2026-06-02,41,16,0.0031830915419634,0.0,0.4516615346974024,val,4
S26888,247,21,2026-06-02,54,23,0.0034045667621972,0.0036842924601733,0.4377522670462626,val,4
S30997,247,21,2026-06-02,45,19,0.0029401482940167,0.0,0.4505575283457816,val,4
S31462,247,21,2026-06-02,61,22,0.0035178858926166,0.00803941740914,0.4281988938113546,val,4
S31467,247,21,2026-06-02,31,14,0.0035010549538671,0.0064246126003845,0.3801823701948317,val,4
S31942,247,21,2026-06-02,26,17,0.0035142934288784,0.0,0.4379276172857484,val,4
S31944,247,21,2026-06-02,51,30,0.0035041678046101,0.0,0.4257215532777559,val,4
S33883,247,21,2026-06-02,51,22,0.003528709025986,0.0,0.4879486350043547,val,4
S36456,247,21,2026-06-02,33,18,0.0034034579461582,0.0,0.4207328244943945,val,4
S38145,247,21,2026-06-02,38,30,0.0034951051605318,0.0164671774694553,0.4878913713372252,val,4
S41481,247,21,2026-06-02,61,23,0.003421993756909,0.0,0.4380534356610599,val,4
S41781,247,21,2026-06-02,20,21,0.0034829000116486,0.0055535069781994,0.4504025897527555,val,4
S41811,247,21,2026-06-02,42,25,0.0035294011197186,0.0008430187194257,0.425678730191451,val,4
S43607,247,21,2026-06-02,25,30,0.00285157499241,0.0103802943393503,0.4326522873936313,val,4
S01732,247,22,2026-06-02,26,30,0.0035900344412898,0.0,0.4509614470189176,val,1
S03239,247,22,2026-06-02,56,29,0.0035078803555327,0.0028601682722742,0.4589470500880625,val,1
S04964,247,22,2026-06-02,17,20,0.0036212301334463,0.0,0.5398746853404611,val,1
S04973,247,22,2026-06-02,22,24,0.0035989119740931,0.0,0.5387873123404452,val,1
S05439,247,22,2026-06-02,24,21,0.0035944748083818,0.0034195796737982,0.5823892871383858,val,1
S09770,247,22,2026-06-02,33,16,0.0036256958201255,0.0026726680702207,0.5205789574655725,val,1
S11363,247,22,2026-06-02,32,13,0.0035779114312512,0.0,0.495648315383558,val,1
S17533,247,22,2026-06-02,24,17,0.0036258071881467,0.0201395939225278,0.5151205083343289,val,1
S18657,247,22,2026-06-02,59,21,0.0031673579411754,0.003240466053347,0.4343689865370891,val,1
S24001,247,22,2026-06-02,54,24,0.0034177545331266,0.0,0.4867587238513327,val,1
S28944,247,22,2026-06-02,33,27,0.0033801177241668,0.0,0.5266443700180461,val,1
S29687,247,22,2026-06-02,24,22,0.0036065780515464,0.0,0.5359343743288175,val,1
S33311,247,22,2026-06-02,38,26,0.0034706980940141,0.003534636952958,0.4936064441109178,val,1
S33894,247,22,2026-06-02,58,21,0.0034080814905857,0.0,0.4766853295215374,val,1
S36609,247,22,2026-06-02,63,20,0.0033856377802975,0.0,0.4391026669150941,val,1
S37455,247,22,2026-06-02,43,31,0.0035079283914856,0.0,0.4646634554414019,val,1
S38369,247,22,2026-06-02,29,26,0.003602594681295,0.0040480224148041,0.5187394198377276,val,1
S38965,247,22,2026-06-02,29,22,0.0036177519559742,0.0,0.4765296361675368,val,1
S40312,247,22,2026-06-02,57,16,0.0035126163954389,0.0065962579176662,0.4612702236323296,val,1
S41023,247,22,2026-06-02,31,14,0.0035703074454789,0.0,0.5124674911955325,val,1
S41024,247,22,2026-06-02,44,19,0.003569059148721,0.0,0.4767454401017468,val,1
S43398,247,22,2026-06-02,18,26,0.0034879536691262,0.0107673006513163,0.4727657640988962,val,1
S01732,247,22,2026-06-02,30,31,0.0034951493030132,0.0,0.4509614470189176,val,2
S03239,247,22,2026-06-02,51,30,0.0035742691588769,0.0028601682722742,0.4589470500880625,val,2
S04964,247,22,2026-06-02,15,20,0.0035649902759463,0.0,0.5398746853404611,val,2
S04973,247,22,2026-06-02,20,24,0.0036576012544723,0.0,0.5387873123404452,val,2
S05439,247,22,2026-06-02,26,21,0.0035554362271876,0.0034195796737982,0.5823892871383858,val,2
S09770,247,22,2026-06-02,31,16,0.0036041972790914,0.0026726680702207,0.5205789574655725,val,2
S11363,247,22,2026-06-02,33,13,0.0035505313035676,0.0,0.495648315383558,val,2
S17533,247,22,2026-06-02,25,17,0.0035387693141744,0.0201395939225278,0.5151205083343289,val,2
S18657,247,22,2026-06-02,61,21,0.003322870807482,0.003240466053347,0.4343689865370891,val,2
S24001,247,22,2026-06-02,52,24,0.0029640023454644,0.0,0.4867587238513327,val,2
S28944,247,22,2026-06-02,35,27,0.0035476373022549,0.0,0.5266443700180461,val,2
S29687,247,22,2026-06-02,23,22,0.0036346225441077,0.0,0.5359343743288175,val,2
S33311,247,22,2026-06-02,36,26,0.0035405605171027,0.003534636952958,0.4936064441109178,val,2
S33894,247,22,2026-06-02,60,21,0.0031177959591799,0.0,0.4766853295215374,val,2
S36609,247,22,2026-06-02,61,20,0.0033922762828081,0.0,0.4391026669150941,val,2
S37455,247,22,2026-06-02,45,31,0.0035403837132693,0.0,0.4646634554414019,val,2
S38369,247,22,2026-06-02,27,26,0.0036244899453834,0.0040480224148041,0.5187394198377276,val,2
S38965,247,22,2026-06-02,27,22,0.0035939704278216,0.0,0.4765296361675368,val,2
S40312,247,22,2026-06-02,55,16,0.0032656014130089,0.0065962579176662,0.4612702236323296,val,2
S41023,247,22,2026-06-02,28,14,0.003607590570159,0.0,0.5124674911955325,val,2
S41024,247,22,2026-06-02,46,19,0.0035593635990496,0.0,0.4767454401017468,val,2
S43398,247,22,2026-06-02,18,27,0.0035666912616812,0.0107673006513163,0.4727657640988962,val,2
S01732,247,22,2026-06-02,21,29,0.0034570601414718,0.0,0.4509614470189176,val,3
S03239,247,22,2026-06-02,51,29,0.0032591857123231,0.0028601682722742,0.4589470500880625,val,3
S04964,247,22,2026-06-02,21,20,0.0036314746736753,0.0,0.5398746853404611,val,3
S04973,247,22,2026-06-02,26,24,0.0034763243174,0.0,0.5387873123404452,val,3
S05439,247,22,2026-06-02,22,21,0.0036317875038393,0.0034195796737982,0.5823892871383858,val,3
S09770,247,22,2026-06-02,38,16,0.0035501895098667,0.0026726680702207,0.5205789574655725,val,3
S11363,247,22,2026-06-02,30,13,0.0035790656305128,0.0,0.495648315383558,val,3
S17533,247,22,2026-06-02,22,17,0.0035851950194214,0.0201395939225278,0.5151205083343289,val,3
S18657,247,22,2026-06-02,55,21,0.0032831749834777,0.003240466053347,0.4343689865370891,val,3
S24001,247,22,2026-06-02,58,24,0.0034245460335257,0.0,0.4867587238513327,val,3
S28944,247,22,2026-06-02,29,27,0.0034937730353719,0.0,0.5266443700180461,val,3
S29687,247,22,2026-06-02,26,22,0.0034829839326057,0.0,0.5359343743288175,val,3
S33311,247,22,2026-06-02,42,26,0.0031456649978713,0.003534636952958,0.4936064441109178,val,3
S33894,247,22,2026-06-02,54,21,0.0034150599402537,0.0,0.4766853295215374,val,3
S36609,247,22,2026-06-02,64,19,0.0035191380556751,0.0,0.4391026669150941,val,3
S37455,247,22,2026-06-02,38,31,0.0035492489251034,0.0,0.4646634554414019,val,3
S38369,247,22,2026-06-02,33,26,0.0035607410446097,0.0040480224148041,0.5187394198377276,val,3
S38965,247,22,2026-06-02,33,22,0.0036340369272684,0.0,0.4765296361675368,val,3
S40312,247,22,2026-06-02,61,16,0.0035591127298692,0.0065962579176662,0.4612702236323296,val,3
S41023,247,22,2026-06-02,35,14,0.0036038533990099,0.0,0.5124674911955325,val,3
S41024,247,22,2026-06-02,40,19,0.0034592973954051,0.0,0.4767454401017468,val,3
S43398,247,22,2026-06-02,22,26,0.0036440151634558,0.0107673006513163,0.4727657640988962,val,3
S01732,247,22,2026-06-02,24,30,0.003525058280413,0.0,0.4509614470189176,val,4
S03239,247,22,2026-06-02,54,29,0.003539219767206,0.0028601682722742,0.4589470500880625,val,4
S04964,247,22,2026-06-02,19,20,0.0036484779085703,0.0,0.5398746853404611,val,4
S04973,247,22,2026-06-02,24,24,0.0034993330363245,0.0,0.5387873123404452,val,4
S05439,247,22,2026-06-02,23,21,0.0036090307535174,0.0034195796737982,0.5823892871383858,val,4
S09770,247,22,2026-06-02,36,16,0.0035683642114623,0.0026726680702207,0.5205789574655725,val,4
S11363,247,22,2026-06-02,31,13,0.0035944788265564,0.0,0.495648315383558,val,4
S17533,247,22,2026-06-02,23,17,0.0035981342486175,0.0201395939225278,0.5151205083343289,val,4
S18657,247,22,2026-06-02,57,21,0.0029693971252078,0.003240466053347,0.4343689865370891,val,4
S24001,247,22,2026-06-02,56,24,0.0034254221898574,0.0,0.4867587238513327,val,4
S28944,247,22,2026-06-02,31,27,0.0035197759930738,0.0,0.5266443700180461,val,4
S29687,247,22,2026-06-02,25,22,0.0035552969321834,0.0,0.5359343743288175,val,4
S33311,247,22,2026-06-02,40,26,0.0034929591580376,0.003534636952958,0.4936064441109178,val,4
S33894,247,22,2026-06-02,56,21,0.0031870664681573,0.0,0.4766853295215374,val,4
S36609,247,22,2026-06-02,65,20,0.0035188628983317,0.0,0.4391026669150941,val,4
S37455,247,22,2026-06-02,41,31,0.003485121181071,0.0,0.4646634554414019,val,4
S38369,247,22,2026-06-02,31,26,0.0035861747625997,0.0040480224148041,0.5187394198377276,val,4
S38965,247,22,2026-06-02,31,22,0.0033986116474859,0.0,0.4765296361675368,val,4
S40312,247,22,2026-06-02,59,16,0.0034006324615181,0.0065962579176662,0.4612702236323296,val,4
S41023,247,22,2026-06-02,33,14,0.0035796367358729,0.0,0.5124674911955325,val,4
S41024,247,22,2026-06-02,42,19,0.0035618457935159,0.0,0.4767454401017468,val,4
S43398,247,22,2026-06-02,20,26,0.0035770121159224,0.0107673006513163,0.4727657640988962,val,4
S01611,247,23,2026-06-02,16,24,0.003472806398401,0.00287878129661,0.4918227886293418,val,1
S04943,247,23,2026-06-02,33,18,0.0035263435201582,0.0,0.5058946122028448,val,1
S05428,247,23,2026-06-02,24,22,0.0034726579361221,0.0,0.4862896190809487,val,1
S11315,247,23,2026-06-02,21,23,0.0034892169723581,0.0188638067313805,0.4776558504531765,val,1
S18655,247,23,2026-06-02,55,24,0.0033569674022556,0.0054486294011112,0.458626033684147,val,1
S20201,247,23,2026-06-02,40,17,0.0034953384255004,0.0,0.4727308217144925,val,1
S20726,247,23,2026-06-02,44,14,0.0034343266517186,0.0,0.4779755877066957,val,1
S21057,247,23,2026-06-02,46,16,0.0034624679375069,0.0074117155810069,0.4893556671088259,val,1
S21082,247,23,2026-06-02,21,25,0.0035077716345634,0.0,0.4853095944891899,val,1
S25438,247,23,2026-06-02,15,17,0.0033324243727613,0.0,0.4733723301766949,val,1
S27585,247,23,2026-06-02,24,29,0.0034600490657844,0.0060796222560658,0.4728103308492623,val,1
S31503,247,23,2026-06-02,59,20,0.0034394427820885,0.0031570889987835,0.4586774641805888,val,1
S31505,247,23,2026-06-02,42,30,0.0034211046589559,0.004759761341544,0.4276106133260133,val,1
S31721,247,23,2026-06-02,20,29,0.0034514504453334,0.0,0.4650681445072713,val,1
S31961,247,23,2026-06-02,32,29,0.0033171488002834,0.0,0.4508989280683135,val,1
S32286,247,23,2026-06-02,28,24,0.0035136570454286,0.0,0.5035597862878958,val,1
S33314,247,23,2026-06-02,26,17,0.0035300269999817,0.0018225957871266,0.4957696587124418,val,1
S33316,247,23,2026-06-02,40,25,0.0034767244690811,0.0035409831393629,0.4920886160064941,val,1
S35750,247,23,2026-06-02,53,30,0.003293214421527,0.003986348560864,0.4376039720506079,val,1
S39903,247,23,2026-06-02,24,13,0.0029336528599615,0.0019149780567403,0.4338853625851298,val,1
S40319,247,23,2026-06-02,55,16,0.0033783974652087,0.0082968572105865,0.4116976621671617,val,1
S41452,247,23,2026-06-02,38,24,0.003459777264733,0.0,0.4474791112520795,val,1
S42434,247,23,2026-06-02,42,18,0.0033789920434206,0.0,0.4860938983431153,val,1
S01611,247,23,2026-06-02,15,25,0.0035048091639297,0.00287878129661,0.4918227886293418,val,2
S04943,247,23,2026-06-02,31,18,0.0030942099848286,0.0,0.5058946122028448,val,2
S05428,247,23,2026-06-02,22,22,0.0033078529449704,0.0,0.4862896190809487,val,2
S11315,247,23,2026-06-02,23,23,0.0035137711774926,0.0188638067313805,0.4776558504531765,val,2
S18655,247,23,2026-06-02,53,24,0.0032535972430446,0.0054486294011112,0.458626033684147,val,2
S20201,247,23,2026-06-02,42,17,0.0035352583803853,0.0,0.4727308217144925,val,2
S20726,247,23,2026-06-02,42,14,0.0035208152306581,0.0,0.4779755877066957,val,2
S21057,247,23,2026-06-02,44,16,0.0034143652642248,0.0074117155810069,0.4893556671088259,val,2
S21082,247,23,2026-06-02,24,25,0.0036481480303174,0.0,0.4853095944891899,val,2
S25438,247,23,2026-06-02,13,19,0.0031905485596685,0.0,0.4733723301766949,val,2
S27585,247,23,2026-06-02,26,29,0.0034752309332679,0.0060796222560658,0.4728103308492623,val,2
S31503,247,23,2026-06-02,57,20,0.0033739091756169,0.0031570889987835,0.4586774641805888,val,2
S31505,247,23,2026-06-02,40,30,0.0033895207557304,0.004759761341544,0.4276106133260133,val,2
S31721,247,23,2026-06-02,22,29,0.0034537044566116,0.0,0.4650681445072713,val,2
S31961,247,23,2026-06-02,35,29,0.0034505617820767,0.0,0.4508989280683135,val,2
S32286,247,23,2026-06-02,26,24,0.0035221090323346,0.0,0.5035597862878958,val,2
S33314,247,23,2026-06-02,28,17,0.0034943280600563,0.0018225957871266,0.4957696587124418,val,2
S33316,247,23,2026-06-02,42,25,0.0034880203912006,0.0035409831393629,0.4920886160064941,val,2
S35750,247,23,2026-06-02,54,30,0.0032440072329863,0.003986348560864,0.4376039720506079,val,2
S39903,247,23,2026-06-02,22,14,0.0034362876814497,0.0019149780567403,0.4338853625851298,val,2
S40319,247,23,2026-06-02,53,16,0.0034293621200476,0.0082968572105865,0.4116976621671617,val,2
S41452,247,23,2026-06-02,35,24,0.003499111116117,0.0,0.4474791112520795,val,2
S42434,247,23,2026-06-02,40,18,0.0035131929949467,0.0,0.4860938983431153,val,2
S01611,247,23,2026-06-02,20,24,0.0034874692069416,0.00287878129661,0.4918227886293418,val,3
S04943,247,23,2026-06-02,37,18,0.003537764315519,0.0,0.5058946122028448,val,3
S05428,247,23,2026-06-02,28,22,0.0035032665024866,0.0,0.4862896190809487,val,3
S11315,247,23,2026-06-02,17,23,0.003501987809606,0.0188638067313805,0.4776558504531765,val,3
S18655,247,23,2026-06-02,59,24,0.0032733078973314,0.0054486294011112,0.458626033684147,val,3
S20201,247,23,2026-06-02,36,17,0.0034790618973074,0.0,0.4727308217144925,val,3
S20726,247,23,2026-06-02,48,14,0.0033535255902037,0.0,0.4779755877066957,val,3
S21057,247,23,2026-06-02,50,16,0.0033277682331041,0.0074117155810069,0.4893556671088259,val,3
S21082,247,23,2026-06-02,17,25,0.0035044454198265,0.0,0.4853095944891899,val,3
S25438,247,23,2026-06-02,20,14,0.0025538510217028,0.0,0.4733723301766949,val,3
S27585,247,23,2026-06-02,23,28,0.0034620884086707,0.0060796222560658,0.4728103308492623,val,3
S31503,247,23,2026-06-02,63,20,0.0032748525639864,0.0031570889987835,0.4586774641805888,val,3
S31505,247,23,2026-06-02,47,30,0.0032514536103975,0.004759761341544,0.4276106133260133,val,3
S31721,247,23,2026-06-02,16,26,0.0034982313543115,0.0,0.4650681445072713,val,3
S31961,247,23,2026-06-02,28,29,0.0034864723299061,0.0,0.4508989280683135,val,3
S32286,247,23,2026-06-02,32,24,0.003534534381285,0.0,0.5035597862878958,val,3
S33314,247,23,2026-06-02,22,17,0.0035022271353584,0.0018225957871266,0.4957696587124418,val,3
S33316,247,23,2026-06-02,36,25,0.0034720346666446,0.0035409831393629,0.4920886160064941,val,3
S35750,247,23,2026-06-02,60,28,0.003402945349947,0.003986348560864,0.4376039720506079,val,3
S39903,247,23,2026-06-02,28,12,0.0027526666674493,0.0019149780567403,0.4338853625851298,val,3
S40319,247,23,2026-06-02,59,16,0.0032475441530358,0.0082968572105865,0.4116976621671617,val,3
S41452,247,23,2026-06-02,42,24,0.0033516540339544,0.0,0.4474791112520795,val,3
S42434,247,23,2026-06-02,46,18,0.0033054952750447,0.0,0.4860938983431153,val,3
S01611,247,23,2026-06-02,18,24,0.0035145232509149,0.00287878129661,0.4918227886293418,val,4
S04943,247,23,2026-06-02,35,18,0.0035579237420178,0.0,0.5058946122028448,val,4
S05428,247,23,2026-06-02,26,22,0.0034755158315614,0.0,0.4862896190809487,val,4
S11315,247,23,2026-06-02,19,23,0.0035210326734994,0.0188638067313805,0.4776558504531765,val,4
S18655,247,23,2026-06-02,57,24,0.0032510229765926,0.0054486294011112,0.458626033684147,val,4
S20201,247,23,2026-06-02,38,17,0.0035033728402445,0.0,0.4727308217144925,val,4
S20726,247,23,2026-06-02,46,14,0.0034812601048237,0.0,0.4779755877066957,val,4
S21057,247,23,2026-06-02,48,16,0.0034716186639961,0.0074117155810069,0.4893556671088259,val,4
S21082,247,23,2026-06-02,19,25,0.0034796087796334,0.0,0.4853095944891899,val,4
S25438,247,23,2026-06-02,17,16,0.0033273146822326,0.0,0.4733723301766949,val,4
S27585,247,23,2026-06-02,21,28,0.0034039355782387,0.0060796222560658,0.4728103308492623,val,4
S31503,247,23,2026-06-02,61,20,0.0033357146164634,0.0031570889987835,0.4586774641805888,val,4
S31505,247,23,2026-06-02,44,30,0.0034263641755057,0.004759761341544,0.4276106133260133,val,4
S31721,247,23,2026-06-02,18,28,0.0034815559878156,0.0,0.4650681445072713,val,4
S31961,247,23,2026-06-02,30,29,0.0034571236633776,0.0,0.4508989280683135,val,4
S32286,247,23,2026-06-02,30,24,0.0033599548465918,0.0,0.5035597862878958,val,4
S33314,247,23,2026-06-02,24,17,0.0035195624268196,0.0018225957871266,0.4957696587124418,val,4
S33316,247,23,2026-06-02,38,25,0.0035000576557837,0.0035409831393629,0.4920886160064941,val,4
S35750,247,23,2026-06-02,57,29,0.0032691053677698,0.003986348560864,0.4376039720506079,val,4
S39903,247,23,2026-06-02,26,13,0.0031401206981884,0.0019149780567403,0.4338853625851298,val,4
S40319,247,23,2026-06-02,57,16,0.0031945922068986,0.0082968572105865,0.4116976621671617,val,4
S41452,247,23,2026-06-02,40,24,0.0034700406638205,0.0,0.4474791112520795,val,4
S42434,247,23,2026-06-02,44,18,0.0034800632274632,0.0,0.4860938983431153,val,4
S01599,247,24,2026-06-02,39,23,0.0035499181861981,0.0014333382360999,0.4826657958764754,val,1
S06550,247,24,2026-06-02,44,31,0.0034895553837039,0.0030203585536311,0.4474551844276275,val,1
S06552,247,24,2026-06-02,56,21,0.0035764480503321,0.0045784087035825,0.497099968201151,val,1
S16991,247,24,2026-06-02,16,17,0.0036421373150974,0.0026060920679366,0.5191900834276645,val,1
S17204,247,24,2026-06-02,33,16,0.0035698588028894,0.0,0.4440520918560029,val,1
S17496,247,24,2026-06-02,55,25,0.0035620057095192,0.0202169242318345,0.4596188545845978,val,1
S21845,247,24,2026-06-02,62,22,0.0035643681798759,0.0,0.5193983147428339,val,1
S23996,247,24,2026-06-02,59,27,0.0035312447881512,0.0,0.4496218761897674,val,1
S25071,247,24,2026-06-02,52,13,0.0036153660387807,0.0,0.4991714415750057,val,1
S26877,247,24,2026-06-02,35,24,0.0035307290410645,0.016907842779904,0.4991897287433184,val,1
S29678,247,24,2026-06-02,27,24,0.0035939885355505,0.0023589495317698,0.4899406306705128,val,1
S31487,247,24,2026-06-02,61,19,0.0035638086896202,0.0,0.5176410644272743,val,1
S32275,247,24,2026-06-02,24,15,0.0035998053817206,0.0,0.5120551499851845,val,1
S32278,247,24,2026-06-02,19,27,0.0035601798484416,0.0108010605467901,0.4306920366152368,val,1
S35905,247,24,2026-06-02,43,24,0.0035706198917329,0.0,0.4968387958901307,val,1
S39431,247,24,2026-06-02,27,13,0.0035857365865825,0.0,0.4417220227510194,val,1
S40315,247,24,2026-06-02,19,19,0.0035836779117832,0.0,0.4713711425627114,val,1
S40657,247,24,2026-06-02,20,29,0.0035556728383156,0.0042521153632264,0.480820147136466,val,1
S41017,247,24,2026-06-02,62,19,0.0035633442704038,0.0,0.4753300950254003,val,1
S41463,247,24,2026-06-02,58,20,0.0035340599041118,0.0,0.4667719333683973,val,1
S43405,247,24,2026-06-02,35,31,0.0035266367452911,0.0081755186807311,0.446105347948831,val,1
S01599,247,24,2026-06-02,41,23,0.0035464209108001,0.0014333382360999,0.4826657958764754,val,2
S06550,247,24,2026-06-02,45,31,0.0035345874182237,0.0030203585536311,0.4474551844276275,val,2
S06552,247,24,2026-06-02,57,21,0.0035483124766972,0.0045784087035825,0.497099968201151,val,2
S16991,247,24,2026-06-02,14,18,0.0036248559952114,0.0026060920679366,0.5191900834276645,val,2
S17204,247,24,2026-06-02,31,16,0.0035765228781473,0.0,0.4440520918560029,val,2
S17496,247,24,2026-06-02,56,25,0.0035554750688447,0.0202169242318345,0.4596188545845978,val,2
S21845,247,24,2026-06-02,60,22,0.0035521481016357,0.0,0.5193983147428339,val,2
S23996,247,24,2026-06-02,60,27,0.0035231289965446,0.0,0.4496218761897674,val,2
S25071,247,24,2026-06-02,55,14,0.0035791582274221,0.0,0.4991714415750057,val,2
S26877,247,24,2026-06-02,33,24,0.0035312767165931,0.016907842779904,0.4991897287433184,val,2
S29678,247,24,2026-06-02,25,24,0.0035898073989884,0.0023589495317698,0.4899406306705128,val,2
S31487,247,24,2026-06-02,63,19,0.0035892783079211,0.0,0.5176410644272743,val,2
S32275,247,24,2026-06-02,26,15,0.003590181078383,0.0,0.5120551499851845,val,2
S32278,247,24,2026-06-02,20,27,0.0035329162734774,0.0108010605467901,0.4306920366152368,val,2
S35905,247,24,2026-06-02,41,24,0.0035598006208443,0.0,0.4968387958901307,val,2
S39431,247,24,2026-06-02,29,13,0.0036076926709196,0.0,0.4417220227510194,val,2
S40315,247,24,2026-06-02,21,19,0.0036172441666648,0.0,0.4713711425627114,val,2
S40657,247,24,2026-06-02,21,29,0.0035465233542538,0.0042521153632264,0.480820147136466,val,2
S41017,247,24,2026-06-02,63,20,0.0036424382616771,0.0,0.4753300950254003,val,2
S41463,247,24,2026-06-02,56,20,0.0035294217677598,0.0,0.4667719333683973,val,2
S43405,247,24,2026-06-02,36,31,0.0035431824717166,0.0081755186807311,0.446105347948831,val,2
S01599,247,24,2026-06-02,35,23,0.0035575487269651,0.0014333382360999,0.4826657958764754,val,3
S06550,247,24,2026-06-02,41,31,0.0034257945937332,0.0030203585536311,0.4474551844276275,val,3
S06552,247,24,2026-06-02,53,21,0.0035842670651863,0.0045784087035825,0.497099968201151,val,3
S16991,247,24,2026-06-02,20,14,0.0034779306785767,0.0026060920679366,0.5191900834276645,val,3
S17204,247,24,2026-06-02,37,16,0.0035511313279937,0.0,0.4440520918560029,val,3
S17496,247,24,2026-06-02,53,25,0.0034799178727049,0.0202169242318345,0.4596188545845978,val,3
S21845,247,24,2026-06-02,66,22,0.0035560254130465,0.0,0.5193983147428339,val,3
S23996,247,24,2026-06-02,57,27,0.0035265909865592,0.0,0.4496218761897674,val,3
S25071,247,24,2026-06-02,48,13,0.0035625520537633,0.0,0.4991714415750057,val,3
S26877,247,24,2026-06-02,39,24,0.0035795871471577,0.016907842779904,0.4991897287433184,val,3
S29678,247,24,2026-06-02,32,24,0.0035888667172593,0.0023589495317698,0.4899406306705128,val,3
S31487,247,24,2026-06-02,57,19,0.0035879321751746,0.0,0.5176410644272743,val,3
S32275,247,24,2026-06-02,20,15,0.0036231398179116,0.0,0.5120551499851845,val,3
S32278,247,24,2026-06-02,18,26,0.0035620878706976,0.0108010605467901,0.4306920366152368,val,3
S35905,247,24,2026-06-02,47,24,0.0035713586918338,0.0,0.4968387958901307,val,3
S39431,247,24,2026-06-02,36,12,0.0036011193964587,0.0,0.4417220227510194,val,3
S40315,247,24,2026-06-02,15,19,0.0035796815616286,0.0,0.4713711425627114,val,3
S40657,247,24,2026-06-02,17,27,0.0035750048204886,0.0042521153632264,0.480820147136466,val,3
S41017,247,24,2026-06-02,58,19,0.0035184845998581,0.0,0.4753300950254003,val,3
S41463,247,24,2026-06-02,62,20,0.0035223575047482,0.0,0.4667719333683973,val,3
S43405,247,24,2026-06-02,33,31,0.0035058061331622,0.0081755186807311,0.446105347948831,val,3
S01599,247,24,2026-06-02,37,23,0.0035623585271227,0.0014333382360999,0.4826657958764754,val,4
S06550,247,24,2026-06-02,43,31,0.0035435861420667,0.0030203585536311,0.4474551844276275,val,4
S06552,247,24,2026-06-02,55,21,0.0035668643549734,0.0045784087035825,0.497099968201151,val,4
S16991,247,24,2026-06-02,19,15,0.0036397383937932,0.0026060920679366,0.5191900834276645,val,4
S17204,247,24,2026-06-02,35,16,0.0035488753262692,0.0,0.4440520918560029,val,4
S17496,247,24,2026-06-02,54,25,0.0034181084521658,0.0202169242318345,0.4596188545845978,val,4
S21845,247,24,2026-06-02,64,22,0.0035696602751074,0.0,0.5193983147428339,val,4
S23996,247,24,2026-06-02,58,27,0.0035280517520738,0.0,0.4496218761897674,val,4
S25071,247,24,2026-06-02,50,13,0.0035789561176007,0.0,0.4991714415750057,val,4
S26877,247,24,2026-06-02,37,24,0.0035955505946883,0.016907842779904,0.4991897287433184,val,4
S29678,247,24,2026-06-02,30,24,0.0035931067649357,0.0023589495317698,0.4899406306705128,val,4
S31487,247,24,2026-06-02,59,19,0.0035694657609267,0.0,0.5176410644272743,val,4
S32275,247,24,2026-06-02,22,15,0.0035630821645085,0.0,0.5120551499851845,val,4
S32278,247,24,2026-06-02,18,27,0.0035902834790509,0.0108010605467901,0.4306920366152368,val,4
S35905,247,24,2026-06-02,45,24,0.0035660604480324,0.0,0.4968387958901307,val,4
S39431,247,24,2026-06-02,34,12,0.0036106080207969,0.0,0.4417220227510194,val,4
S40315,247,24,2026-06-02,17,19,0.0036063402200482,0.0,0.4713711425627114,val,4
S40657,247,24,2026-06-02,18,28,0.003516798016266,0.0042521153632264,0.480820147136466,val,4
S41017,247,24,2026-06-02,60,19,0.0036035285582907,0.0,0.4753300950254003,val,4
S41463,247,24,2026-06-02,60,20,0.003579157001913,0.0,0.4667719333683973,val,4
S43405,247,24,2026-06-02,34,31,0.0035456508941288,0.0081755186807311,0.446105347948831,val,4
S03467,247,25,2026-06-02,45,13,0.0034534044254806,0.0028551896087183,0.4761824008558715,val,1
S11350,247,25,2026-06-02,22,24,0.0034948301953217,0.0174531268456354,0.474047121719631,val,1
S14566,247,25,2026-06-02,29,14,0.0034450707620716,0.0,0.495514120169019,val,1
S15966,247,25,2026-06-02,37,14,0.0034253299929524,0.0018791164749741,0.4692931850303177,val,1
S18034,247,25,2026-06-02,55,15,0.0034170820338037,0.0,0.4295937593018377,val,1
S22949,247,25,2026-06-02,60,27,0.0033605114842935,0.0,0.438419796234028,val,1
S25671,247,25,2026-06-02,39,20,0.0033988993276417,0.0,0.4576336061829583,val,1
S27594,247,25,2026-06-02,55,17,0.0034322107870629,0.0,0.4608718343812552,val,1
S28932,247,25,2026-06-02,27,21,0.0034270227349104,0.0,0.4294362407780077,val,1
S30942,247,25,2026-06-02,27,31,0.0034082056889553,0.0,0.4837450505069392,val,1
S33292,247,25,2026-06-02,40,15,0.0034121696343445,0.0,0.4396978183896962,val,1
S33568,247,25,2026-06-02,52,28,0.003349326748224,0.0,0.4389344302417348,val,1
S35897,247,25,2026-06-02,36,13,0.0034379098551488,0.0,0.4380769906240385,val,1
S41810,247,25,2026-06-02,52,19,0.0033958496500069,0.0118659040290866,0.453441164429879,val,1
S41823,247,25,2026-06-02,53,25,0.0033945878885207,0.0,0.4029768085479291,val,1
S03467,247,25,2026-06-02,47,13,0.0034064441204305,0.0028551896087183,0.4761824008558715,val,2
S11350,247,25,2026-06-02,20,24,0.0034493355891218,0.0174531268456354,0.474047121719631,val,2
S14566,247,25,2026-06-02,27,14,0.0034520298339487,0.0,0.495514120169019,val,2
S15966,247,25,2026-06-02,35,14,0.0033915902993601,0.0018791164749741,0.4692931850303177,val,2
S18034,247,25,2026-06-02,57,15,0.0034092387617926,0.0,0.4295937593018377,val,2
S22949,247,25,2026-06-02,58,28,0.003386605932789,0.0,0.438419796234028,val,2
S25671,247,25,2026-06-02,37,20,0.003419533390342,0.0,0.4576336061829583,val,2
S27594,247,25,2026-06-02,56,17,0.0034065962340947,0.0,0.4608718343812552,val,2
S28932,247,25,2026-06-02,29,21,0.0035077422237088,0.0,0.4294362407780077,val,2
S30942,247,25,2026-06-02,29,31,0.0034075735730456,0.0,0.4837450505069392,val,2
S33292,247,25,2026-06-02,42,15,0.0034213191933102,0.0,0.4396978183896962,val,2
S33568,247,25,2026-06-02,50,28,0.0033677852001904,0.0,0.4389344302417348,val,2
S35897,247,25,2026-06-02,38,13,0.0034282636871892,0.0,0.4380769906240385,val,2
S41810,247,25,2026-06-02,54,19,0.0033822017238671,0.0118659040290866,0.453441164429879,val,2
S41823,247,25,2026-06-02,55,25,0.003325354272523,0.0,0.4029768085479291,val,2
S03467,247,25,2026-06-02,40,13,0.0034490450461803,0.0028551896087183,0.4761824008558715,val,3
S11350,247,25,2026-06-02,26,24,0.0034715835132979,0.0174531268456354,0.474047121719631,val,3
S14566,247,25,2026-06-02,33,14,0.0034317461486278,0.0,0.495514120169019,val,3
S15966,247,25,2026-06-02,41,14,0.0034484455513954,0.0018791164749741,0.4692931850303177,val,3
S18034,247,25,2026-06-02,51,15,0.0033710607878607,0.0,0.4295937593018377,val,3
S22949,247,25,2026-06-02,56,27,0.0032243257229243,0.0,0.438419796234028,val,3
S25671,247,25,2026-06-02,43,20,0.0034251628426751,0.0,0.4576336061829583,val,3
S27594,247,25,2026-06-02,53,17,0.0032069872073291,0.0,0.4608718343812552,val,3
S28932,247,25,2026-06-02,23,21,0.0034333546124785,0.0,0.4294362407780077,val,3
S30942,247,25,2026-06-02,15,26,0.0033647560080943,0.0,0.4837450505069392,val,3
S33292,247,25,2026-06-02,36,15,0.003363498669666,0.0,0.4396978183896962,val,3
S33568,247,25,2026-06-02,56,28,0.0033564575052524,0.0,0.4389344302417348,val,3
S35897,247,25,2026-06-02,32,13,0.0034523098823507,0.0,0.4380769906240385,val,3
S41810,247,25,2026-06-02,48,19,0.0034320430550254,0.0118659040290866,0.453441164429879,val,3
S41823,247,25,2026-06-02,49,25,0.0033506024927742,0.0,0.4029768085479291,val,3
S03467,247,25,2026-06-02,42,13,0.0034457150314375,0.0028551896087183,0.4761824008558715,val,4
S11350,247,25,2026-06-02,24,24,0.0034465925526606,0.0174531268456354,0.474047121719631,val,4
S14566,247,25,2026-06-02,31,14,0.0034343258741447,0.0,0.495514120169019,val,4
S15966,247,25,2026-06-02,39,14,0.0033919017172202,0.0018791164749741,0.4692931850303177,val,4
S18034,247,25,2026-06-02,53,15,0.00344860577904,0.0,0.4295937593018377,val,4
S22949,247,25,2026-06-02,58,27,0.0033789936587214,0.0,0.438419796234028,val,4
S25671,247,25,2026-06-02,41,20,0.0032779440027984,0.0,0.4576336061829583,val,4
S27594,247,25,2026-06-02,54,17,0.0034110301929688,0.0,0.4608718343812552,val,4
S28932,247,25,2026-06-02,25,21,0.0034439833475996,0.0,0.4294362407780077,val,4
S30942,247,25,2026-06-02,24,30,0.0033962598743138,0.0,0.4837450505069392,val,4
S33292,247,25,2026-06-02,38,15,0.0034290152883732,0.0,0.4396978183896962,val,4
S33568,247,25,2026-06-02,54,28,0.0034001386701627,0.0,0.4389344302417348,val,4
S35897,247,25,2026-06-02,34,13,0.0034093453324304,0.0,0.4380769906240385,val,4
S41810,247,25,2026-06-02,50,19,0.0034671319137021,0.0118659040290866,0.453441164429879,val,4
S41823,247,25,2026-06-02,51,25,0.0033600605770427,0.0,0.4029768085479291,val,4
