ufs_serial,run_id,wafer_no,date,die_x,die_y,pred,health,clf_proba,split,position
S05466,236,1,2026-05-31,38,24,0.0028835063245544,0.0,0.4061999942913326,val,1
S05473,236,1,2026-05-31,56,26,0.0027138645152312,0.0,0.3984420163648514,val,1
S07394,236,1,2026-05-31,57,14,0.0027750713782132,0.0071484460400197,0.4321854366852086,val,1
S08961,236,1,2026-05-31,33,29,0.0024649180529655,0.0,0.4086625317893501,val,1
S09272,236,1,2026-05-31,36,28,0.0026229856538664,0.0,0.3749000929721662,val,1
S10130,236,1,2026-05-31,35,15,0.0024641070257742,0.0243763294302294,0.3996686330611381,val,1
S11702,236,1,2026-05-31,31,25,0.0027007064043508,0.0,0.3816090042595736,val,1
S13389,236,1,2026-05-31,55,24,0.0029623815730232,0.0,0.387115776815333,val,1
S16831,236,1,2026-05-31,32,29,0.0024862894391428,0.0026626378866048,0.3236609508313912,val,1
S16832,236,1,2026-05-31,23,21,0.0028937784655268,0.0,0.3931181544839949,val,1
S18789,236,1,2026-05-31,41,28,0.002663915064787,0.0139730530504552,0.3863936113821942,val,1
S18793,236,1,2026-05-31,15,20,0.0021218031545674,0.0088151045130851,0.3818329456745823,val,1
S21154,236,1,2026-05-31,42,23,0.0030604254682361,0.0,0.4015303777020118,val,1
S23446,236,1,2026-05-31,53,22,0.0029873781528992,0.0,0.4186760952511299,val,1
S24014,236,1,2026-05-31,30,25,0.0028690233745834,0.0,0.4096293851042454,val,1
S25142,236,1,2026-05-31,34,13,0.0023562872118032,0.0,0.4014524520506669,val,1
S27070,236,1,2026-05-31,46,24,0.0031138110261469,0.0024443444410836,0.4010843490792887,val,1
S33354,236,1,2026-05-31,51,18,0.0026332384465336,0.0072555803734361,0.3728823618430774,val,1
S38683,236,1,2026-05-31,26,18,0.0026004956178137,0.0,0.4370804669769721,val,1
S39093,236,1,2026-05-31,30,14,0.0023134892286904,0.0,0.378090837352867,val,1
S41038,236,1,2026-05-31,26,20,0.0026705383934272,0.0063566367380349,0.3939089936431483,val,1
S41409,236,1,2026-05-31,34,18,0.002480581922676,0.004820585938826,0.3815000358290579,val,1
S41410,236,1,2026-05-31,38,13,0.0023835115906937,0.0,0.3652927851182356,val,1
S41882,236,1,2026-05-31,42,13,0.0024681929913053,0.0,0.3365508986530091,val,1
S05466,236,1,2026-05-31,36,24,0.0030498275969758,0.0,0.4061999942913326,val,2
S05473,236,1,2026-05-31,54,26,0.0027727350283054,0.0,0.3984420163648514,val,2
S07394,236,1,2026-05-31,63,17,0.0026342605710193,0.0071484460400197,0.4321854366852086,val,2
S08961,236,1,2026-05-31,35,29,0.0025421033999902,0.0,0.4086625317893501,val,2
S09272,236,1,2026-05-31,35,28,0.0026745592810624,0.0,0.3749000929721662,val,2
S10130,236,1,2026-05-31,36,15,0.0024888960512048,0.0243763294302294,0.3996686330611381,val,2
S11702,236,1,2026-05-31,33,25,0.0029661799324998,0.0,0.3816090042595736,val,2
S13389,236,1,2026-05-31,53,24,0.0029259110260061,0.0,0.387115776815333,val,2
S16831,236,1,2026-05-31,34,29,0.0022887791344394,0.0026626378866048,0.3236609508313912,val,2
S16832,236,1,2026-05-31,25,21,0.0027703445709839,0.0,0.3931181544839949,val,2
S18789,236,1,2026-05-31,39,28,0.0026362699836555,0.0139730530504552,0.3863936113821942,val,2
S18793,236,1,2026-05-31,17,21,0.0025513967683994,0.0088151045130851,0.3818329456745823,val,2
S21154,236,1,2026-05-31,44,23,0.0030380401186035,0.0,0.4015303777020118,val,2
S23446,236,1,2026-05-31,51,22,0.0029807757861436,0.0,0.4186760952511299,val,2
S24014,236,1,2026-05-31,32,25,0.0030208622558642,0.0,0.4096293851042454,val,2
S25142,236,1,2026-05-31,35,13,0.0024268468967538,0.0,0.4014524520506669,val,2
S27070,236,1,2026-05-31,44,24,0.0029743000064837,0.0024443444410836,0.4010843490792887,val,2
S33354,236,1,2026-05-31,39,18,0.0026380746947557,0.0072555803734361,0.3728823618430774,val,2
S38683,236,1,2026-05-31,24,18,0.0024842630395374,0.0,0.4370804669769721,val,2
S39093,236,1,2026-05-31,28,14,0.0022076605663784,0.0,0.378090837352867,val,2
S41038,236,1,2026-05-31,24,20,0.0027655166562079,0.0063566367380349,0.3939089936431483,val,2
S41409,236,1,2026-05-31,32,18,0.0025633339691598,0.004820585938826,0.3815000358290579,val,2
S41410,236,1,2026-05-31,39,13,0.002370593240001,0.0,0.3652927851182356,val,2
S41882,236,1,2026-05-31,43,13,0.0023519659214206,0.0,0.3365508986530091,val,2
S05466,236,1,2026-05-31,43,24,0.0029848080684623,0.0,0.4061999942913326,val,3
S05473,236,1,2026-05-31,60,26,0.0031794641083134,0.0,0.3984420163648514,val,3
S07394,236,1,2026-05-31,53,13,0.0027255036546057,0.0071484460400197,0.4321854366852086,val,3
S08961,236,1,2026-05-31,28,29,0.0023669527489914,0.0,0.4086625317893501,val,3
S09272,236,1,2026-05-31,38,28,0.0025886124438899,0.0,0.3749000929721662,val,3
S10130,236,1,2026-05-31,32,15,0.0024777335503103,0.0243763294302294,0.3996686330611381,val,3
S11702,236,1,2026-05-31,27,25,0.0027414802982027,0.0,0.3816090042595736,val,3
S13389,236,1,2026-05-31,59,24,0.0028911790745487,0.0,0.387115776815333,val,3
S16831,236,1,2026-05-31,27,29,0.0021653135943411,0.0026626378866048,0.3236609508313912,val,3
S16832,236,1,2026-05-31,19,21,0.0023600254596244,0.0,0.3931181544839949,val,3
S18789,236,1,2026-05-31,45,28,0.0026632456328735,0.0139730530504552,0.3863936113821942,val,3
S18793,236,1,2026-05-31,21,20,0.0024290329309119,0.0088151045130851,0.3818329456745823,val,3
S21154,236,1,2026-05-31,37,23,0.003039846032033,0.0,0.4015303777020118,val,3
S23446,236,1,2026-05-31,57,22,0.0029855234422164,0.0,0.4186760952511299,val,3
S24014,236,1,2026-05-31,26,25,0.0027161942060327,0.0,0.4096293851042454,val,3
S25142,236,1,2026-05-31,32,13,0.0023312287523646,0.0,0.4014524520506669,val,3
S27070,236,1,2026-05-31,50,24,0.0030672115352914,0.0024443444410836,0.4010843490792887,val,3
S33354,236,1,2026-05-31,60,18,0.0028507238764234,0.0072555803734361,0.3728823618430774,val,3
S38683,236,1,2026-05-31,30,18,0.0025935238638218,0.0,0.4370804669769721,val,3
S39093,236,1,2026-05-31,36,14,0.0023163983911741,0.0,0.378090837352867,val,3
S41038,236,1,2026-05-31,31,20,0.0027479515489627,0.0063566367380349,0.3939089936431483,val,3
S41409,236,1,2026-05-31,38,18,0.0025156317372524,0.004820585938826,0.3815000358290579,val,3
S41410,236,1,2026-05-31,36,13,0.0022914140472573,0.0,0.3652927851182356,val,3
S41882,236,1,2026-05-31,40,13,0.0024195410532985,0.0,0.3365508986530091,val,3
S05466,236,1,2026-05-31,40,24,0.003103695196946,0.0,0.4061999942913326,val,4
S05473,236,1,2026-05-31,58,26,0.0030606995802712,0.0,0.3984420163648514,val,4
S07394,236,1,2026-05-31,54,13,0.0025291793145849,0.0071484460400197,0.4321854366852086,val,4
S08961,236,1,2026-05-31,31,29,0.0023189430932629,0.0,0.4086625317893501,val,4
S09272,236,1,2026-05-31,37,28,0.0026932428818613,0.0,0.3749000929721662,val,4
S10130,236,1,2026-05-31,34,15,0.0023891737010824,0.0243763294302294,0.3996686330611381,val,4
S11702,236,1,2026-05-31,29,25,0.0028240453157085,0.0,0.3816090042595736,val,4
S13389,236,1,2026-05-31,57,24,0.0031922328250272,0.0,0.387115776815333,val,4
S16831,236,1,2026-05-31,29,29,0.0024820037441296,0.0026626378866048,0.3236609508313912,val,4
S16832,236,1,2026-05-31,21,21,0.0025748003495029,0.0,0.3931181544839949,val,4
S18789,236,1,2026-05-31,43,28,0.0026893475884066,0.0139730530504552,0.3863936113821942,val,4
S18793,236,1,2026-05-31,19,20,0.0023281240969895,0.0088151045130851,0.3818329456745823,val,4
S21154,236,1,2026-05-31,39,23,0.0030132173901789,0.0,0.4015303777020118,val,4
S23446,236,1,2026-05-31,55,22,0.0029512902102075,0.0,0.4186760952511299,val,4
S24014,236,1,2026-05-31,28,25,0.0026271454533169,0.0,0.4096293851042454,val,4
S25142,236,1,2026-05-31,33,13,0.0023198872552238,0.0,0.4014524520506669,val,4
S27070,236,1,2026-05-31,48,24,0.003138930356064,0.0024443444410836,0.4010843490792887,val,4
S33354,236,1,2026-05-31,58,18,0.0027441669884847,0.0072555803734361,0.3728823618430774,val,4
S38683,236,1,2026-05-31,28,18,0.0025687021625751,0.0,0.4370804669769721,val,4
S39093,236,1,2026-05-31,34,14,0.0022607878998205,0.0,0.378090837352867,val,4
S41038,236,1,2026-05-31,29,20,0.0030678693501004,0.0063566367380349,0.3939089936431483,val,4
S41409,236,1,2026-05-31,36,18,0.002480824997014,0.004820585938826,0.3815000358290579,val,4
S41410,236,1,2026-05-31,37,13,0.0023132668864629,0.0,0.3652927851182356,val,4
S41882,236,1,2026-05-31,41,13,0.002397065734419,0.0,0.3365508986530091,val,4
S09980,236,2,2026-05-31,32,25,0.0030794089864198,0.0065890825398593,0.4453170825300797,val,1
S10238,236,2,2026-05-31,23,17,0.0032118662017111,0.0,0.4314411766289304,val,1
S11415,236,2,2026-05-31,52,22,0.0031180323362572,0.0172362578125589,0.4560617777472093,val,1
S15215,236,2,2026-05-31,53,21,0.0030490365622623,0.0,0.4846421114164694,val,1
S15840,236,2,2026-05-31,17,16,0.0014109069114758,0.0075037839755711,0.3482466867984768,val,1
S17564,236,2,2026-05-31,47,30,0.0027956988769456,0.0208528369770728,0.3814656829120304,val,1
S19786,236,2,2026-05-31,32,16,0.0030045643256006,0.0,0.4241552247349507,val,1
S20754,236,2,2026-05-31,44,29,0.0028407902266984,0.0031065606560656,0.4243163787270971,val,1
S23102,236,2,2026-05-31,41,32,0.0019973530158232,0.0,0.3405740551318073,val,1
S31982,236,2,2026-05-31,48,24,0.0029906489495536,0.0,0.4052754461107046,val,1
S31983,236,2,2026-05-31,48,23,0.0031082416491312,0.0066174023034418,0.4127699022647655,val,1
S37592,236,2,2026-05-31,42,18,0.0030164398877765,0.0,0.4137081912040807,val,1
S37598,236,2,2026-05-31,44,22,0.0030187928989628,0.0,0.4529195917973904,val,1
S41865,236,2,2026-05-31,40,24,0.0029919912873937,0.0,0.4009107005443648,val,1
S09980,236,2,2026-05-31,33,25,0.0030172515166617,0.0065890825398593,0.4453170825300797,val,2
S10238,236,2,2026-05-31,24,17,0.002889594738317,0.0,0.4314411766289304,val,2
S11415,236,2,2026-05-31,51,22,0.0030500751105941,0.0172362578125589,0.4560617777472093,val,2
S15215,236,2,2026-05-31,54,21,0.0030718992805035,0.0,0.4846421114164694,val,2
S15840,236,2,2026-05-31,16,16,0.0015522391815119,0.0075037839755711,0.3482466867984768,val,2
S17564,236,2,2026-05-31,46,30,0.0027087134517243,0.0208528369770728,0.3814656829120304,val,2
S19786,236,2,2026-05-31,31,16,0.002957439186276,0.0,0.4241552247349507,val,2
S20754,236,2,2026-05-31,45,29,0.0028046399335503,0.0031065606560656,0.4243163787270971,val,2
S23102,236,2,2026-05-31,40,32,0.0019928364359412,0.0,0.3405740551318073,val,2
S31982,236,2,2026-05-31,47,24,0.0030494597490096,0.0,0.4052754461107046,val,2
S31983,236,2,2026-05-31,49,23,0.0030295521894995,0.0066174023034418,0.4127699022647655,val,2
S37592,236,2,2026-05-31,41,18,0.0030747145203926,0.0,0.4137081912040807,val,2
S37598,236,2,2026-05-31,43,22,0.0030643554906659,0.0,0.4529195917973904,val,2
S41865,236,2,2026-05-31,39,24,0.0029874831770093,0.0,0.4009107005443648,val,2
S09980,236,2,2026-05-31,30,25,0.0031147666283457,0.0065890825398593,0.4453170825300797,val,3
S10238,236,2,2026-05-31,21,17,0.0031737772227398,0.0,0.4314411766289304,val,3
S11415,236,2,2026-05-31,54,22,0.0031086739218878,0.0172362578125589,0.4560617777472093,val,3
S15215,236,2,2026-05-31,51,21,0.0031168738074749,0.0,0.4846421114164694,val,3
S15840,236,2,2026-05-31,21,14,0.0012982185926465,0.0075037839755711,0.3482466867984768,val,3
S17564,236,2,2026-05-31,49,30,0.0027655355718333,0.0208528369770728,0.3814656829120304,val,3
S19786,236,2,2026-05-31,34,16,0.0030176299304975,0.0,0.4241552247349507,val,3
S20754,236,2,2026-05-31,42,29,0.0028210928121228,0.0031065606560656,0.4243163787270971,val,3
S23102,236,2,2026-05-31,43,32,0.0014841069532015,0.0,0.3405740551318073,val,3
S31982,236,2,2026-05-31,50,24,0.0030033052768264,0.0,0.4052754461107046,val,3
S31983,236,2,2026-05-31,46,23,0.0030487826383973,0.0066174023034418,0.4127699022647655,val,3
S37592,236,2,2026-05-31,44,18,0.003026912047035,0.0,0.4137081912040807,val,3
S37598,236,2,2026-05-31,46,22,0.0030462189241744,0.0,0.4529195917973904,val,3
S41865,236,2,2026-05-31,42,24,0.0030194559091125,0.0,0.4009107005443648,val,3
S09980,236,2,2026-05-31,31,25,0.0031077483737007,0.0065890825398593,0.4453170825300797,val,4
S10238,236,2,2026-05-31,22,17,0.003231182633079,0.0,0.4314411766289304,val,4
S11415,236,2,2026-05-31,53,22,0.0030862796128559,0.0172362578125589,0.4560617777472093,val,4
S15215,236,2,2026-05-31,52,21,0.0031431714646867,0.0,0.4846421114164694,val,4
S15840,236,2,2026-05-31,18,15,0.0019745632017997,0.0075037839755711,0.3482466867984768,val,4
S17564,236,2,2026-05-31,48,30,0.0027839960457768,0.0208528369770728,0.3814656829120304,val,4
S19786,236,2,2026-05-31,33,16,0.0030714864484986,0.0,0.4241552247349507,val,4
S20754,236,2,2026-05-31,43,29,0.0028498556306684,0.0031065606560656,0.4243163787270971,val,4
S23102,236,2,2026-05-31,42,32,0.0019651174449115,0.0,0.3405740551318073,val,4
S31982,236,2,2026-05-31,49,24,0.0029817054188981,0.0,0.4052754461107046,val,4
S31983,236,2,2026-05-31,47,23,0.0030478849973396,0.0066174023034418,0.4127699022647655,val,4
S37592,236,2,2026-05-31,43,18,0.0029693651538847,0.0,0.4137081912040807,val,4
S37598,236,2,2026-05-31,45,22,0.003152550003598,0.0,0.4529195917973904,val,4
S41865,236,2,2026-05-31,41,24,0.0030024176504652,0.0,0.4009107005443648,val,4
S02838,236,3,2026-05-31,26,16,0.0024363990296392,0.0,0.3750256479855986,val,1
S03782,236,3,2026-05-31,52,24,0.0026494258393635,0.0,0.4171803271023299,val,1
S04215,236,3,2026-05-31,52,16,0.0026519770124294,0.0,0.3914763633906113,val,1
S09695,236,3,2026-05-31,24,19,0.002388299389916,0.0,0.3457154317743134,val,1
S09744,236,3,2026-05-31,35,28,0.0027412716670675,0.0,0.4345172764037192,val,1
S12215,236,3,2026-05-31,16,19,0.0024778200802777,0.0,0.3692657190648584,val,1
S14915,236,3,2026-05-31,21,14,0.0015624582285771,0.0,0.3256495124679167,val,1
S15352,236,3,2026-05-31,34,32,0.0024935796356367,0.0,0.3833163443711496,val,1
S17056,236,3,2026-05-31,55,15,0.002509690528401,0.0,0.2939122109561358,val,1
S19553,236,3,2026-05-31,36,24,0.0026611263983071,0.0029343866423413,0.4400031507775662,val,1
S19916,236,3,2026-05-31,28,23,0.0027995117624128,0.0,0.4131637313915373,val,1
S19924,236,3,2026-05-31,35,31,0.0025049625176049,0.0,0.4223022024904175,val,1
S21441,236,3,2026-05-31,50,25,0.0027647920017122,0.0,0.3559173394096464,val,1
S22797,236,3,2026-05-31,33,13,0.0024874786107518,0.017639466976414,0.3673405440647874,val,1
S23721,236,3,2026-05-31,57,27,0.002428633339523,0.0033655669321198,0.3940735515447713,val,1
S24723,236,3,2026-05-31,57,22,0.0027004469430976,0.0020424181902613,0.4157927377313206,val,1
S25571,236,3,2026-05-31,25,17,0.0027255695979275,0.0030506144195239,0.3910347344284814,val,1
S27500,236,3,2026-05-31,46,26,0.0026290522516318,0.0,0.4263923297746783,val,1
S29928,236,3,2026-05-31,36,14,0.0025578321564047,0.0,0.3695199434497218,val,1
S30412,236,3,2026-05-31,51,17,0.0024397018433796,0.0,0.3257608758154273,val,1
S33696,236,3,2026-05-31,53,23,0.0026762678280599,0.0,0.3929258387133452,val,1
S36808,236,3,2026-05-31,53,22,0.0027577894626574,0.0,0.3741981464033188,val,1
S37663,236,3,2026-05-31,41,25,0.0025224431497373,0.0,0.395416576516679,val,1
S37932,236,3,2026-05-31,60,25,0.0028289882122489,0.0056608179141537,0.4296315422780262,val,1
S37934,236,3,2026-05-31,56,16,0.0025593936357222,0.0041668413330538,0.4015505842810793,val,1
S38745,236,3,2026-05-31,46,25,0.0024394127206158,0.0,0.3696144186659562,val,1
S39364,236,3,2026-05-31,36,21,0.0027131899981363,0.0,0.3795779707864471,val,1
S02838,236,3,2026-05-31,25,16,0.0024207634575725,0.0,0.3750256479855986,val,2
S03782,236,3,2026-05-31,51,24,0.0026831436987067,0.0,0.4171803271023299,val,2
S04215,236,3,2026-05-31,51,16,0.0023818456435273,0.0,0.3914763633906113,val,2
S09695,236,3,2026-05-31,25,19,0.0021611557046082,0.0,0.3457154317743134,val,2
S09744,236,3,2026-05-31,34,28,0.0026186478615597,0.0,0.4345172764037192,val,2
S12215,236,3,2026-05-31,17,19,0.0023712718085717,0.0,0.3692657190648584,val,2
S14915,236,3,2026-05-31,19,15,0.0016443078456579,0.0,0.3256495124679167,val,2
S15352,236,3,2026-05-31,35,32,0.0025658516724215,0.0,0.3833163443711496,val,2
S17056,236,3,2026-05-31,56,15,0.0027632303019699,0.0,0.2939122109561358,val,2
S19553,236,3,2026-05-31,35,24,0.0025114109767341,0.0029343866423413,0.4400031507775662,val,2
S19916,236,3,2026-05-31,29,23,0.0026627487064302,0.0,0.4131637313915373,val,2
S19924,236,3,2026-05-31,36,31,0.0024887044154729,0.0,0.4223022024904175,val,2
S21441,236,3,2026-05-31,51,25,0.0026925248620459,0.0,0.3559173394096464,val,2
S22797,236,3,2026-05-31,34,13,0.0025082146780672,0.017639466976414,0.3673405440647874,val,2
S23721,236,3,2026-05-31,59,27,0.0026349182763752,0.0033655669321198,0.3940735515447713,val,2
S24723,236,3,2026-05-31,56,22,0.0027749256620751,0.0020424181902613,0.4157927377313206,val,2
S25571,236,3,2026-05-31,26,17,0.0022899642393175,0.0030506144195239,0.3910347344284814,val,2
S27500,236,3,2026-05-31,45,26,0.002750676509019,0.0,0.4263923297746783,val,2
S29928,236,3,2026-05-31,35,14,0.0023628416260813,0.0,0.3695199434497218,val,2
S30412,236,3,2026-05-31,52,17,0.0026234743979453,0.0,0.3257608758154273,val,2
S33696,236,3,2026-05-31,54,23,0.002669776583837,0.0,0.3929258387133452,val,2
S36808,236,3,2026-05-31,52,22,0.0028063288383193,0.0,0.3741981464033188,val,2
S37663,236,3,2026-05-31,43,25,0.0026268103215007,0.0,0.395416576516679,val,2
S37932,236,3,2026-05-31,61,25,0.002676654691044,0.0056608179141537,0.4296315422780262,val,2
S37934,236,3,2026-05-31,55,16,0.0025433456975641,0.0041668413330538,0.4015505842810793,val,2
S38745,236,3,2026-05-31,47,25,0.002492831749951,0.0,0.3696144186659562,val,2
S39364,236,3,2026-05-31,37,21,0.0026050856239135,0.0,0.3795779707864471,val,2
S02838,236,3,2026-05-31,28,16,0.0023160661464929,0.0,0.3750256479855986,val,3
S03782,236,3,2026-05-31,54,24,0.0028038544024784,0.0,0.4171803271023299,val,3
S04215,236,3,2026-05-31,54,16,0.0025485287428864,0.0,0.3914763633906113,val,3
S09695,236,3,2026-05-31,22,19,0.0026155688950871,0.0,0.3457154317743134,val,3
S09744,236,3,2026-05-31,38,28,0.0025952466399979,0.0,0.4345172764037192,val,3
S12215,236,3,2026-05-31,14,19,0.0025046823356218,0.0,0.3692657190648584,val,3
S14915,236,3,2026-05-31,26,13,0.0016361362514392,0.0,0.3256495124679167,val,3
S15352,236,3,2026-05-31,30,31,0.0021404751044216,0.0,0.3833163443711496,val,3
S17056,236,3,2026-05-31,53,15,0.0025201633548283,0.0,0.2939122109561358,val,3
S19553,236,3,2026-05-31,38,24,0.0025393064465129,0.0029343866423413,0.4400031507775662,val,3
S19916,236,3,2026-05-31,26,23,0.0023847569770414,0.0,0.4131637313915373,val,3
S19924,236,3,2026-05-31,32,31,0.002708328496922,0.0,0.4223022024904175,val,3
S21441,236,3,2026-05-31,48,25,0.002654144167497,0.0,0.3559173394096464,val,3
S22797,236,3,2026-05-31,31,13,0.0025766427666401,0.017639466976414,0.3673405440647874,val,3
S23721,236,3,2026-05-31,55,27,0.0026538700283883,0.0033655669321198,0.3940735515447713,val,3
S24723,236,3,2026-05-31,59,22,0.002651874453451,0.0020424181902613,0.4157927377313206,val,3
S25571,236,3,2026-05-31,23,17,0.0025158432033865,0.0030506144195239,0.3910347344284814,val,3
S27500,236,3,2026-05-31,48,26,0.0025919429008143,0.0,0.4263923297746783,val,3
S29928,236,3,2026-05-31,38,14,0.0024911202768199,0.0,0.3695199434497218,val,3
S30412,236,3,2026-05-31,48,17,0.0024752711116318,0.0,0.3257608758154273,val,3
S33696,236,3,2026-05-31,51,23,0.0026504533047227,0.0,0.3929258387133452,val,3
S36808,236,3,2026-05-31,55,22,0.0026704981023453,0.0,0.3741981464033188,val,3
S37663,236,3,2026-05-31,39,25,0.0027791366477251,0.0,0.395416576516679,val,3
S37932,236,3,2026-05-31,58,25,0.00278266081111,0.0056608179141537,0.4296315422780262,val,3
S37934,236,3,2026-05-31,58,16,0.0027004024533,0.0041668413330538,0.4015505842810793,val,3
S38745,236,3,2026-05-31,44,25,0.002588757253568,0.0,0.3696144186659562,val,3
S39364,236,3,2026-05-31,34,21,0.0026626911003424,0.0,0.3795779707864471,val,3
S02838,236,3,2026-05-31,27,16,0.0022925699095563,0.0,0.3750256479855986,val,4
S03782,236,3,2026-05-31,53,24,0.0028235347450344,0.0,0.4171803271023299,val,4
S04215,236,3,2026-05-31,53,16,0.0023386835960876,0.0,0.3914763633906113,val,4
S09695,236,3,2026-05-31,23,19,0.0024102897531699,0.0,0.3457154317743134,val,4
S09744,236,3,2026-05-31,37,28,0.0024116230727509,0.0,0.4345172764037192,val,4
S12215,236,3,2026-05-31,15,19,0.0024328547074266,0.0,0.3692657190648584,val,4
S14915,236,3,2026-05-31,22,14,0.0015829845570631,0.0,0.3256495124679167,val,4
S15352,236,3,2026-05-31,31,31,0.0020930021335089,0.0,0.3833163443711496,val,4
S17056,236,3,2026-05-31,54,15,0.0025690656836581,0.0,0.2939122109561358,val,4
S19553,236,3,2026-05-31,37,24,0.0028429453191079,0.0029343866423413,0.4400031507775662,val,4
S19916,236,3,2026-05-31,27,23,0.0027307010463378,0.0,0.4131637313915373,val,4
S19924,236,3,2026-05-31,34,31,0.0026630383463648,0.0,0.4223022024904175,val,4
S21441,236,3,2026-05-31,49,25,0.0027223317489047,0.0,0.3559173394096464,val,4
S22797,236,3,2026-05-31,32,13,0.0024595993792542,0.017639466976414,0.3673405440647874,val,4
S23721,236,3,2026-05-31,56,27,0.0024925094882284,0.0033655669321198,0.3940735515447713,val,4
S24723,236,3,2026-05-31,58,22,0.0027814840901648,0.0020424181902613,0.4157927377313206,val,4
S25571,236,3,2026-05-31,24,17,0.0024194553913216,0.0030506144195239,0.3910347344284814,val,4
S27500,236,3,2026-05-31,47,26,0.0025741331551644,0.0,0.4263923297746783,val,4
S29928,236,3,2026-05-31,37,14,0.002373498460835,0.0,0.3695199434497218,val,4
S30412,236,3,2026-05-31,50,17,0.0023348873326767,0.0,0.3257608758154273,val,4
S33696,236,3,2026-05-31,52,23,0.0028179923936576,0.0,0.3929258387133452,val,4
S36808,236,3,2026-05-31,54,22,0.0027482102237371,0.0,0.3741981464033188,val,4
S37663,236,3,2026-05-31,40,25,0.0025048425828704,0.0,0.395416576516679,val,4
S37932,236,3,2026-05-31,59,25,0.0028242059476383,0.0056608179141537,0.4296315422780262,val,4
S37934,236,3,2026-05-31,57,16,0.0025379893693816,0.0041668413330538,0.4015505842810793,val,4
S38745,236,3,2026-05-31,45,25,0.0027273550857916,0.0,0.3696144186659562,val,4
S39364,236,3,2026-05-31,35,21,0.0024837414232536,0.0,0.3795779707864471,val,4
S02838,236,4,2026-05-31,26,16,0.0024363990296392,0.0,0.3750256479855986,val,1
S03782,236,4,2026-05-31,52,24,0.0026494258393635,0.0,0.4171803271023299,val,1
S04215,236,4,2026-05-31,52,16,0.0026519770124294,0.0,0.3914763633906113,val,1
S09695,236,4,2026-05-31,24,19,0.002388299389916,0.0,0.3457154317743134,val,1
S09744,236,4,2026-05-31,35,28,0.0027412716670675,0.0,0.4345172764037192,val,1
S12215,236,4,2026-05-31,16,19,0.0024778200802777,0.0,0.3692657190648584,val,1
S14915,236,4,2026-05-31,21,14,0.0015624582285771,0.0,0.3256495124679167,val,1
S15352,236,4,2026-05-31,34,32,0.0024935796356367,0.0,0.3833163443711496,val,1
S17056,236,4,2026-05-31,55,15,0.002509690528401,0.0,0.2939122109561358,val,1
S19553,236,4,2026-05-31,36,24,0.0026611263983071,0.0029343866423413,0.4400031507775662,val,1
S19916,236,4,2026-05-31,28,23,0.0027995117624128,0.0,0.4131637313915373,val,1
S19924,236,4,2026-05-31,35,31,0.0025049625176049,0.0,0.4223022024904175,val,1
S21441,236,4,2026-05-31,50,25,0.0027647920017122,0.0,0.3559173394096464,val,1
S22797,236,4,2026-05-31,33,13,0.0024874786107518,0.017639466976414,0.3673405440647874,val,1
S23721,236,4,2026-05-31,57,27,0.002428633339523,0.0033655669321198,0.3940735515447713,val,1
S24723,236,4,2026-05-31,57,22,0.0027004469430976,0.0020424181902613,0.4157927377313206,val,1
S25571,236,4,2026-05-31,25,17,0.0027255695979275,0.0030506144195239,0.3910347344284814,val,1
S27500,236,4,2026-05-31,46,26,0.0026290522516318,0.0,0.4263923297746783,val,1
S29928,236,4,2026-05-31,36,14,0.0025578321564047,0.0,0.3695199434497218,val,1
S30412,236,4,2026-05-31,51,17,0.0024397018433796,0.0,0.3257608758154273,val,1
S33696,236,4,2026-05-31,53,23,0.0026762678280599,0.0,0.3929258387133452,val,1
S36808,236,4,2026-05-31,53,22,0.0027577894626574,0.0,0.3741981464033188,val,1
S37663,236,4,2026-05-31,41,25,0.0025224431497373,0.0,0.395416576516679,val,1
S37932,236,4,2026-05-31,60,25,0.0028289882122489,0.0056608179141537,0.4296315422780262,val,1
S37934,236,4,2026-05-31,56,16,0.0025593936357222,0.0041668413330538,0.4015505842810793,val,1
S38745,236,4,2026-05-31,46,25,0.0024394127206158,0.0,0.3696144186659562,val,1
S39364,236,4,2026-05-31,36,21,0.0027131899981363,0.0,0.3795779707864471,val,1
S02838,236,4,2026-05-31,25,16,0.0024207634575725,0.0,0.3750256479855986,val,2
S03782,236,4,2026-05-31,51,24,0.0026831436987067,0.0,0.4171803271023299,val,2
S04215,236,4,2026-05-31,51,16,0.0023818456435273,0.0,0.3914763633906113,val,2
S09695,236,4,2026-05-31,25,19,0.0021611557046082,0.0,0.3457154317743134,val,2
S09744,236,4,2026-05-31,34,28,0.0026186478615597,0.0,0.4345172764037192,val,2
S12215,236,4,2026-05-31,17,19,0.0023712718085717,0.0,0.3692657190648584,val,2
S14915,236,4,2026-05-31,19,15,0.0016443078456579,0.0,0.3256495124679167,val,2
S15352,236,4,2026-05-31,35,32,0.0025658516724215,0.0,0.3833163443711496,val,2
S17056,236,4,2026-05-31,56,15,0.0027632303019699,0.0,0.2939122109561358,val,2
S19553,236,4,2026-05-31,35,24,0.0025114109767341,0.0029343866423413,0.4400031507775662,val,2
S19916,236,4,2026-05-31,29,23,0.0026627487064302,0.0,0.4131637313915373,val,2
S19924,236,4,2026-05-31,36,31,0.0024887044154729,0.0,0.4223022024904175,val,2
S21441,236,4,2026-05-31,51,25,0.0026925248620459,0.0,0.3559173394096464,val,2
S22797,236,4,2026-05-31,34,13,0.0025082146780672,0.017639466976414,0.3673405440647874,val,2
S23721,236,4,2026-05-31,59,27,0.0026349182763752,0.0033655669321198,0.3940735515447713,val,2
S24723,236,4,2026-05-31,56,22,0.0027749256620751,0.0020424181902613,0.4157927377313206,val,2
S25571,236,4,2026-05-31,26,17,0.0022899642393175,0.0030506144195239,0.3910347344284814,val,2
S27500,236,4,2026-05-31,45,26,0.002750676509019,0.0,0.4263923297746783,val,2
S29928,236,4,2026-05-31,35,14,0.0023628416260813,0.0,0.3695199434497218,val,2
S30412,236,4,2026-05-31,52,17,0.0026234743979453,0.0,0.3257608758154273,val,2
S33696,236,4,2026-05-31,54,23,0.002669776583837,0.0,0.3929258387133452,val,2
S36808,236,4,2026-05-31,52,22,0.0028063288383193,0.0,0.3741981464033188,val,2
S37663,236,4,2026-05-31,43,25,0.0026268103215007,0.0,0.395416576516679,val,2
S37932,236,4,2026-05-31,61,25,0.002676654691044,0.0056608179141537,0.4296315422780262,val,2
S37934,236,4,2026-05-31,55,16,0.0025433456975641,0.0041668413330538,0.4015505842810793,val,2
S38745,236,4,2026-05-31,47,25,0.002492831749951,0.0,0.3696144186659562,val,2
S39364,236,4,2026-05-31,37,21,0.0026050856239135,0.0,0.3795779707864471,val,2
S02838,236,4,2026-05-31,28,16,0.0023160661464929,0.0,0.3750256479855986,val,3
S03782,236,4,2026-05-31,54,24,0.0028038544024784,0.0,0.4171803271023299,val,3
S04215,236,4,2026-05-31,54,16,0.0025485287428864,0.0,0.3914763633906113,val,3
S09695,236,4,2026-05-31,22,19,0.0026155688950871,0.0,0.3457154317743134,val,3
S09744,236,4,2026-05-31,38,28,0.0025952466399979,0.0,0.4345172764037192,val,3
S12215,236,4,2026-05-31,14,19,0.0025046823356218,0.0,0.3692657190648584,val,3
S14915,236,4,2026-05-31,26,13,0.0016361362514392,0.0,0.3256495124679167,val,3
S15352,236,4,2026-05-31,30,31,0.0021404751044216,0.0,0.3833163443711496,val,3
S17056,236,4,2026-05-31,53,15,0.0025201633548283,0.0,0.2939122109561358,val,3
S19553,236,4,2026-05-31,38,24,0.0025393064465129,0.0029343866423413,0.4400031507775662,val,3
S19916,236,4,2026-05-31,26,23,0.0023847569770414,0.0,0.4131637313915373,val,3
S19924,236,4,2026-05-31,32,31,0.002708328496922,0.0,0.4223022024904175,val,3
S21441,236,4,2026-05-31,48,25,0.002654144167497,0.0,0.3559173394096464,val,3
S22797,236,4,2026-05-31,31,13,0.0025766427666401,0.017639466976414,0.3673405440647874,val,3
S23721,236,4,2026-05-31,55,27,0.0026538700283883,0.0033655669321198,0.3940735515447713,val,3
S24723,236,4,2026-05-31,59,22,0.002651874453451,0.0020424181902613,0.4157927377313206,val,3
S25571,236,4,2026-05-31,23,17,0.0025158432033865,0.0030506144195239,0.3910347344284814,val,3
S27500,236,4,2026-05-31,48,26,0.0025919429008143,0.0,0.4263923297746783,val,3
S29928,236,4,2026-05-31,38,14,0.0024911202768199,0.0,0.3695199434497218,val,3
S30412,236,4,2026-05-31,48,17,0.0024752711116318,0.0,0.3257608758154273,val,3
S33696,236,4,2026-05-31,51,23,0.0026504533047227,0.0,0.3929258387133452,val,3
S36808,236,4,2026-05-31,55,22,0.0026704981023453,0.0,0.3741981464033188,val,3
S37663,236,4,2026-05-31,39,25,0.0027791366477251,0.0,0.395416576516679,val,3
S37932,236,4,2026-05-31,58,25,0.00278266081111,0.0056608179141537,0.4296315422780262,val,3
S37934,236,4,2026-05-31,58,16,0.0027004024533,0.0041668413330538,0.4015505842810793,val,3
S38745,236,4,2026-05-31,44,25,0.002588757253568,0.0,0.3696144186659562,val,3
S39364,236,4,2026-05-31,34,21,0.0026626911003424,0.0,0.3795779707864471,val,3
S02838,236,4,2026-05-31,27,16,0.0022925699095563,0.0,0.3750256479855986,val,4
S03782,236,4,2026-05-31,53,24,0.0028235347450344,0.0,0.4171803271023299,val,4
S04215,236,4,2026-05-31,53,16,0.0023386835960876,0.0,0.3914763633906113,val,4
S09695,236,4,2026-05-31,23,19,0.0024102897531699,0.0,0.3457154317743134,val,4
S09744,236,4,2026-05-31,37,28,0.0024116230727509,0.0,0.4345172764037192,val,4
S12215,236,4,2026-05-31,15,19,0.0024328547074266,0.0,0.3692657190648584,val,4
S14915,236,4,2026-05-31,22,14,0.0015829845570631,0.0,0.3256495124679167,val,4
S15352,236,4,2026-05-31,31,31,0.0020930021335089,0.0,0.3833163443711496,val,4
S17056,236,4,2026-05-31,54,15,0.0025690656836581,0.0,0.2939122109561358,val,4
S19553,236,4,2026-05-31,37,24,0.0028429453191079,0.0029343866423413,0.4400031507775662,val,4
S19916,236,4,2026-05-31,27,23,0.0027307010463378,0.0,0.4131637313915373,val,4
S19924,236,4,2026-05-31,34,31,0.0026630383463648,0.0,0.4223022024904175,val,4
S21441,236,4,2026-05-31,49,25,0.0027223317489047,0.0,0.3559173394096464,val,4
S22797,236,4,2026-05-31,32,13,0.0024595993792542,0.017639466976414,0.3673405440647874,val,4
S23721,236,4,2026-05-31,56,27,0.0024925094882284,0.0033655669321198,0.3940735515447713,val,4
S24723,236,4,2026-05-31,58,22,0.0027814840901648,0.0020424181902613,0.4157927377313206,val,4
S25571,236,4,2026-05-31,24,17,0.0024194553913216,0.0030506144195239,0.3910347344284814,val,4
S27500,236,4,2026-05-31,47,26,0.0025741331551644,0.0,0.4263923297746783,val,4
S29928,236,4,2026-05-31,37,14,0.002373498460835,0.0,0.3695199434497218,val,4
S30412,236,4,2026-05-31,50,17,0.0023348873326767,0.0,0.3257608758154273,val,4
S33696,236,4,2026-05-31,52,23,0.0028179923936576,0.0,0.3929258387133452,val,4
S36808,236,4,2026-05-31,54,22,0.0027482102237371,0.0,0.3741981464033188,val,4
S37663,236,4,2026-05-31,40,25,0.0025048425828704,0.0,0.395416576516679,val,4
S37932,236,4,2026-05-31,59,25,0.0028242059476383,0.0056608179141537,0.4296315422780262,val,4
S37934,236,4,2026-05-31,57,16,0.0025379893693816,0.0041668413330538,0.4015505842810793,val,4
S38745,236,4,2026-05-31,45,25,0.0027273550857916,0.0,0.3696144186659562,val,4
S39364,236,4,2026-05-31,35,21,0.0024837414232536,0.0,0.3795779707864471,val,4
S00931,236,5,2026-05-31,48,31,0.0017954921410205,0.0,0.3105997956165689,val,1
S02598,236,5,2026-05-31,26,14,0.0028363637908492,0.0,0.3407188332251709,val,1
S08543,236,5,2026-05-31,58,27,0.0028901677940389,0.0090413363713678,0.4210103925474636,val,1
S12224,236,5,2026-05-31,57,22,0.0030180384805542,0.0,0.3810649218796902,val,1
S15199,236,5,2026-05-31,45,22,0.0027848717242062,0.0061267258382643,0.3245977166924661,val,1
S18891,236,5,2026-05-31,59,21,0.0030687164333338,0.0107329735519663,0.4298066554216729,val,1
S19214,236,5,2026-05-31,49,15,0.0028767177738393,0.0,0.3628167756674661,val,1
S19772,236,5,2026-05-31,17,25,0.0028422871593609,0.0,0.3613044585395895,val,1
S20220,236,5,2026-05-31,13,21,0.0027891071223096,0.0039072327044025,0.3207568825785092,val,1
S21574,236,5,2026-05-31,18,18,0.0029239216412636,0.0,0.282219883493133,val,1
S21578,236,5,2026-05-31,24,20,0.0028118991917709,0.0,0.3357912308469204,val,1
S24158,236,5,2026-05-31,40,24,0.0026877266132011,0.0100260232797401,0.2933293461013022,val,1
S24702,236,5,2026-05-31,49,12,0.0014338187875137,0.0,0.3415628601373211,val,1
S25409,236,5,2026-05-31,52,30,0.0026715463282933,0.0,0.2880782471402026,val,1
S30563,236,5,2026-05-31,58,15,0.0029570879750993,0.002471419549575,0.3261514941619428,val,1
S33325,236,5,2026-05-31,26,28,0.0028102778589461,0.0036433077128897,0.3661201163839422,val,1
S34696,236,5,2026-05-31,59,17,0.00295588982471,0.0,0.4138905741642684,val,1
S34697,236,5,2026-05-31,48,24,0.0028138290472311,0.0,0.3497160752662134,val,1
S40849,236,5,2026-05-31,50,28,0.0027905299399769,0.0,0.3958250741840562,val,1
S43557,236,5,2026-05-31,54,27,0.0028479430060871,0.0116677622311954,0.3747033162811781,val,1
S00931,236,5,2026-05-31,49,31,0.0016079127887281,0.0,0.3105997956165689,val,2
S02598,236,5,2026-05-31,24,15,0.0028585962764681,0.0,0.3407188332251709,val,2
S08543,236,5,2026-05-31,59,27,0.0028541877700742,0.0090413363713678,0.4210103925474636,val,2
S12224,236,5,2026-05-31,56,22,0.0030057817777945,0.0,0.3810649218796902,val,2
S15199,236,5,2026-05-31,44,22,0.002698135511641,0.0061267258382643,0.3245977166924661,val,2
S18891,236,5,2026-05-31,60,21,0.0030919573519386,0.0107329735519663,0.4298066554216729,val,2
S19214,236,5,2026-05-31,50,15,0.002862442139808,0.0,0.3628167756674661,val,2
S19772,236,5,2026-05-31,18,25,0.0028304631104854,0.0,0.3613044585395895,val,2
S20220,236,5,2026-05-31,14,21,0.0029397697406318,0.0039072327044025,0.3207568825785092,val,2
S21574,236,5,2026-05-31,17,18,0.0029665944038118,0.0,0.282219883493133,val,2
S21578,236,5,2026-05-31,23,20,0.0028206264906046,0.0,0.3357912308469204,val,2
S24158,236,5,2026-05-31,39,24,0.0028003434764706,0.0100260232797401,0.2933293461013022,val,2
S24702,236,5,2026-05-31,48,12,0.0017143331139046,0.0,0.3415628601373211,val,2
S25409,236,5,2026-05-31,51,30,0.0027697300735285,0.0,0.2880782471402026,val,2
S30563,236,5,2026-05-31,58,16,0.0029748643496087,0.002471419549575,0.3261514941619428,val,2
S33325,236,5,2026-05-31,25,28,0.0028867563420149,0.0036433077128897,0.3661201163839422,val,2
S34696,236,5,2026-05-31,60,17,0.0030204639583878,0.0,0.4138905741642684,val,2
S34697,236,5,2026-05-31,47,24,0.0028870148039938,0.0,0.3497160752662134,val,2
S40849,236,5,2026-05-31,49,28,0.0028236431273779,0.0,0.3958250741840562,val,2
S43557,236,5,2026-05-31,55,27,0.002813493605414,0.0116677622311954,0.3747033162811781,val,2
S00931,236,5,2026-05-31,46,31,0.002714099443907,0.0,0.3105997956165689,val,3
S02598,236,5,2026-05-31,28,14,0.0029052730556592,0.0,0.3407188332251709,val,3
S08543,236,5,2026-05-31,56,27,0.0028810295273478,0.0090413363713678,0.4210103925474636,val,3
S12224,236,5,2026-05-31,59,22,0.0030465265520092,0.0,0.3810649218796902,val,3
S15199,236,5,2026-05-31,47,22,0.002853846227861,0.0061267258382643,0.3245977166924661,val,3
S18891,236,5,2026-05-31,56,21,0.003006905941736,0.0107329735519663,0.4298066554216729,val,3
S19214,236,5,2026-05-31,46,15,0.0028228466330851,0.0,0.3628167756674661,val,3
S19772,236,5,2026-05-31,15,25,0.0028762968293087,0.0,0.3613044585395895,val,3
S20220,236,5,2026-05-31,14,20,0.0027762255820664,0.0039072327044025,0.3207568825785092,val,3
S21574,236,5,2026-05-31,20,18,0.0028613511595139,0.0,0.282219883493133,val,3
S21578,236,5,2026-05-31,26,20,0.0028893992948825,0.0,0.3357912308469204,val,3
S24158,236,5,2026-05-31,42,24,0.0028031870029829,0.0100260232797401,0.2933293461013022,val,3
S24702,236,5,2026-05-31,38,32,0.0021600337791055,0.0,0.3415628601373211,val,3
S25409,236,5,2026-05-31,55,29,0.0027900807034493,0.0,0.2880782471402026,val,3
S30563,236,5,2026-05-31,56,15,0.0028977894585228,0.002471419549575,0.3261514941619428,val,3
S33325,236,5,2026-05-31,28,28,0.0028862638448947,0.0036433077128897,0.3661201163839422,val,3
S34696,236,5,2026-05-31,57,17,0.0029287045420552,0.0,0.4138905741642684,val,3
S34697,236,5,2026-05-31,50,24,0.0029769481973307,0.0,0.3497160752662134,val,3
S40849,236,5,2026-05-31,52,28,0.0027945897746143,0.0,0.3958250741840562,val,3
S43557,236,5,2026-05-31,52,27,0.0027501597239898,0.0116677622311954,0.3747033162811781,val,3
S00931,236,5,2026-05-31,47,31,0.0026500491651029,0.0,0.3105997956165689,val,4
S02598,236,5,2026-05-31,27,14,0.0028879415253716,0.0,0.3407188332251709,val,4
S08543,236,5,2026-05-31,57,27,0.0029209639347084,0.0090413363713678,0.4210103925474636,val,4
S12224,236,5,2026-05-31,58,22,0.0029831249459574,0.0,0.3810649218796902,val,4
S15199,236,5,2026-05-31,46,22,0.002890317494316,0.0061267258382643,0.3245977166924661,val,4
S18891,236,5,2026-05-31,57,21,0.0029499624721512,0.0107329735519663,0.4298066554216729,val,4
S19214,236,5,2026-05-31,47,15,0.0024460780854407,0.0,0.3628167756674661,val,4
S19772,236,5,2026-05-31,16,25,0.0028232940095859,0.0,0.3613044585395895,val,4
S20220,236,5,2026-05-31,13,20,0.0027441462061009,0.0039072327044025,0.3207568825785092,val,4
S21574,236,5,2026-05-31,19,18,0.0030171239705077,0.0,0.282219883493133,val,4
S21578,236,5,2026-05-31,25,20,0.0027945512510748,0.0,0.3357912308469204,val,4
S24158,236,5,2026-05-31,41,24,0.0027896630745051,0.0100260232797401,0.2933293461013022,val,4
S24702,236,5,2026-05-31,37,32,0.0022025033640788,0.0,0.3415628601373211,val,4
S25409,236,5,2026-05-31,56,29,0.0028109890212887,0.0,0.2880782471402026,val,4
S30563,236,5,2026-05-31,57,15,0.0028899494975641,0.002471419549575,0.3261514941619428,val,4
S33325,236,5,2026-05-31,27,28,0.0028331662649786,0.0036433077128897,0.3661201163839422,val,4
S34696,236,5,2026-05-31,58,17,0.0029834544959063,0.0,0.4138905741642684,val,4
S34697,236,5,2026-05-31,49,24,0.0028374381657177,0.0,0.3497160752662134,val,4
S40849,236,5,2026-05-31,51,28,0.002798823393794,0.0,0.3958250741840562,val,4
S43557,236,5,2026-05-31,53,27,0.0028428569554673,0.0116677622311954,0.3747033162811781,val,4
S02707,236,6,2026-05-31,15,21,0.0013370696586366,0.0,0.3237487299452149,val,1
S02709,236,6,2026-05-31,52,23,0.0014468756665275,0.0,0.3416728720427652,val,1
S04207,236,6,2026-05-31,56,21,0.0016064654784574,0.0,0.363019911377558,val,1
S04713,236,6,2026-05-31,43,29,0.0014204095895164,0.0,0.3798547554528771,val,1
S05689,236,6,2026-05-31,47,13,0.0015467600103005,0.0017252451618502,0.3474666690687165,val,1
S08130,236,6,2026-05-31,29,25,0.0015241629661769,0.0,0.4316957087679787,val,1
S09070,236,6,2026-05-31,48,17,0.0013694613057292,0.0,0.3724245028600502,val,1
S09691,236,6,2026-05-31,62,24,0.0018324871320282,0.0,0.3190008251304687,val,1
S09693,236,6,2026-05-31,62,25,0.0017947378611308,0.0,0.3757137217984308,val,1
S10447,236,6,2026-05-31,41,12,0.0014279097545412,0.0,0.3402103270010543,val,1
S12790,236,6,2026-05-31,26,16,0.0016112931285583,0.0,0.4124451762477883,val,1
S13385,236,6,2026-05-31,29,30,0.0014930579816381,0.0,0.3581163565728442,val,1
S14968,236,6,2026-05-31,38,20,0.0014857592600759,0.0,0.3164839283119217,val,1
S22313,236,6,2026-05-31,14,22,0.0016739475028884,0.0,0.3878585270504762,val,1
S22320,236,6,2026-05-31,43,13,0.0013421515975412,0.0,0.2893091794515754,val,1
S23717,236,6,2026-05-31,46,22,0.0017036955744472,0.0,0.356426162227544,val,1
S25401,236,6,2026-05-31,28,23,0.0014565428822058,0.0,0.4130001901724762,val,1
S27502,236,6,2026-05-31,18,20,0.0013459101756162,0.0,0.3330563739225818,val,1
S27505,236,6,2026-05-31,61,26,0.0016726393321814,0.0,0.3567192810925064,val,1
S27839,236,6,2026-05-31,18,22,0.0016337726307861,0.0,0.3518001410346509,val,1
S29617,236,6,2026-05-31,30,22,0.0015383509183818,0.0,0.3501226010968474,val,1
S29714,236,6,2026-05-31,37,30,0.0015341960760138,0.0,0.3787877966942445,val,1
S30542,236,6,2026-05-31,56,19,0.0015656028533427,0.0,0.3045355085387849,val,1
S33590,236,6,2026-05-31,49,30,0.0015534101486376,0.0,0.367034398905827,val,1
S38635,236,6,2026-05-31,33,31,0.0014841947754761,0.0,0.3708102300562881,val,1
S40841,236,6,2026-05-31,60,17,0.0016649495442866,0.0,0.3556186329449577,val,1
S02707,236,6,2026-05-31,16,21,0.0014036871020057,0.0,0.3237487299452149,val,2
S02709,236,6,2026-05-31,53,23,0.0016419969147729,0.0,0.3416728720427652,val,2
S04207,236,6,2026-05-31,57,21,0.0017922451735135,0.0,0.363019911377558,val,2
S04713,236,6,2026-05-31,44,29,0.0013554121746665,0.0,0.3798547554528771,val,2
S05689,236,6,2026-05-31,48,13,0.0016445934829748,0.0017252451618502,0.3474666690687165,val,2
S08130,236,6,2026-05-31,30,25,0.0014213864094004,0.0,0.4316957087679787,val,2
S09070,236,6,2026-05-31,49,17,0.0013804714647755,0.0,0.3724245028600502,val,2
S09691,236,6,2026-05-31,61,24,0.0016312648740346,0.0,0.3190008251304687,val,2
S09693,236,6,2026-05-31,63,25,0.0017534610937651,0.0,0.3757137217984308,val,2
S10447,236,6,2026-05-31,39,12,0.0014954114902473,0.0,0.3402103270010543,val,2
S12790,236,6,2026-05-31,25,16,0.0013819832979943,0.0,0.4124451762477883,val,2
S13385,236,6,2026-05-31,28,30,0.0015665359318152,0.0,0.3581163565728442,val,2
S14968,236,6,2026-05-31,37,20,0.0015461167165846,0.0,0.3164839283119217,val,2
S22313,236,6,2026-05-31,13,22,0.0016677556303964,0.0,0.3878585270504762,val,2
S22320,236,6,2026-05-31,44,13,0.0016253794404892,0.0,0.2893091794515754,val,2
S23717,236,6,2026-05-31,45,22,0.0017489837020008,0.0,0.356426162227544,val,2
S25401,236,6,2026-05-31,29,23,0.0015077469651684,0.0,0.4130001901724762,val,2
S27502,236,6,2026-05-31,17,20,0.0016203793285993,0.0,0.3330563739225818,val,2
S27505,236,6,2026-05-31,60,26,0.0017190267310434,0.0,0.3567192810925064,val,2
S27839,236,6,2026-05-31,17,22,0.0014346694547584,0.0,0.3518001410346509,val,2
S29617,236,6,2026-05-31,29,22,0.0014953889274826,0.0,0.3501226010968474,val,2
S29714,236,6,2026-05-31,36,30,0.0013160948509257,0.0,0.3787877966942445,val,2
S30542,236,6,2026-05-31,58,19,0.0015043088247741,0.0,0.3045355085387849,val,2
S33590,236,6,2026-05-31,48,30,0.0016294444945288,0.0,0.367034398905827,val,2
S38635,236,6,2026-05-31,34,31,0.0015213220180961,0.0,0.3708102300562881,val,2
S40841,236,6,2026-05-31,61,17,0.0017054767706919,0.0,0.3556186329449577,val,2
S02707,236,6,2026-05-31,13,21,0.0016155117959514,0.0,0.3237487299452149,val,3
S02709,236,6,2026-05-31,50,23,0.0015596349218288,0.0,0.3416728720427652,val,3
S04207,236,6,2026-05-31,54,21,0.0016296985601942,0.0,0.363019911377558,val,3
S04713,236,6,2026-05-31,41,29,0.0014799340258708,0.0,0.3798547554528771,val,3
S05689,236,6,2026-05-31,45,13,0.0013341840831128,0.0017252451618502,0.3474666690687165,val,3
S08130,236,6,2026-05-31,27,25,0.0014244137539169,0.0,0.4316957087679787,val,3
S09070,236,6,2026-05-31,46,17,0.0014605827469599,0.0,0.3724245028600502,val,3
S09691,236,6,2026-05-31,64,24,0.0018088263814228,0.0,0.3190008251304687,val,3
S09693,236,6,2026-05-31,60,25,0.0016713192503813,0.0,0.3757137217984308,val,3
S10447,236,6,2026-05-31,43,12,0.001613678723859,0.0,0.3402103270010543,val,3
S12790,236,6,2026-05-31,29,16,0.0013207696906909,0.0,0.4124451762477883,val,3
S13385,236,6,2026-05-31,31,30,0.001405804852062,0.0,0.3581163565728442,val,3
S14968,236,6,2026-05-31,40,20,0.0016494769969247,0.0,0.3164839283119217,val,3
S22313,236,6,2026-05-31,16,22,0.0014138053695987,0.0,0.3878585270504762,val,3
S22320,236,6,2026-05-31,41,13,0.0013186973806594,0.0,0.2893091794515754,val,3
S23717,236,6,2026-05-31,48,22,0.001603363258124,0.0,0.356426162227544,val,3
S25401,236,6,2026-05-31,26,23,0.0017240114372087,0.0,0.4130001901724762,val,3
S27502,236,6,2026-05-31,20,20,0.0014502932665415,0.0,0.3330563739225818,val,3
S27505,236,6,2026-05-31,64,25,0.0018288953805267,0.0,0.3567192810925064,val,3
S27839,236,6,2026-05-31,20,22,0.0013706069566622,0.0,0.3518001410346509,val,3
S29617,236,6,2026-05-31,32,22,0.001749782545121,0.0,0.3501226010968474,val,3
S29714,236,6,2026-05-31,39,30,0.0014526888183571,0.0,0.3787877966942445,val,3
S30542,236,6,2026-05-31,54,19,0.0017764077844697,0.0,0.3045355085387849,val,3
S33590,236,6,2026-05-31,51,30,0.0015685031265581,0.0,0.367034398905827,val,3
S38635,236,6,2026-05-31,27,30,0.0014795845768737,0.0,0.3708102300562881,val,3
S40841,236,6,2026-05-31,58,17,0.0015433228886009,0.0,0.3556186329449577,val,3
S02707,236,6,2026-05-31,14,21,0.0014980890052346,0.0,0.3237487299452149,val,4
S02709,236,6,2026-05-31,51,23,0.0016121125865323,0.0,0.3416728720427652,val,4
S04207,236,6,2026-05-31,55,21,0.0016046462957343,0.0,0.363019911377558,val,4
S04713,236,6,2026-05-31,42,29,0.0013340553275625,0.0,0.3798547554528771,val,4
S05689,236,6,2026-05-31,46,13,0.0014811742656703,0.0017252451618502,0.3474666690687165,val,4
S08130,236,6,2026-05-31,28,25,0.0016676101307478,0.0,0.4316957087679787,val,4
S09070,236,6,2026-05-31,47,17,0.0015631596690104,0.0,0.3724245028600502,val,4
S09691,236,6,2026-05-31,63,24,0.0018308961962819,0.0,0.3190008251304687,val,4
S09693,236,6,2026-05-31,61,25,0.0015976713008415,0.0,0.3757137217984308,val,4
S10447,236,6,2026-05-31,42,12,0.0014251786718724,0.0,0.3402103270010543,val,4
S12790,236,6,2026-05-31,27,16,0.0014869137164371,0.0,0.4124451762477883,val,4
S13385,236,6,2026-05-31,30,30,0.0014915685033169,0.0,0.3581163565728442,val,4
S14968,236,6,2026-05-31,39,20,0.001423825916825,0.0,0.3164839283119217,val,4
S22313,236,6,2026-05-31,15,22,0.0016124518014479,0.0,0.3878585270504762,val,4
S22320,236,6,2026-05-31,42,13,0.0013027808300456,0.0,0.2893091794515754,val,4
S23717,236,6,2026-05-31,47,22,0.0017788358392929,0.0,0.356426162227544,val,4
S25401,236,6,2026-05-31,27,23,0.0013768194773847,0.0,0.4130001901724762,val,4
S27502,236,6,2026-05-31,19,20,0.0013262761166097,0.0,0.3330563739225818,val,4
S27505,236,6,2026-05-31,62,26,0.0017892474413096,0.0,0.3567192810925064,val,4
S27839,236,6,2026-05-31,19,22,0.0015552230118591,0.0,0.3518001410346509,val,4
S29617,236,6,2026-05-31,31,22,0.001564548296705,0.0,0.3501226010968474,val,4
S29714,236,6,2026-05-31,38,30,0.0013421452784934,0.0,0.3787877966942445,val,4
S30542,236,6,2026-05-31,55,19,0.0013814996105334,0.0,0.3045355085387849,val,4
S33590,236,6,2026-05-31,50,30,0.0016481308916526,0.0,0.367034398905827,val,4
S38635,236,6,2026-05-31,32,31,0.0016154399358738,0.0,0.3708102300562881,val,4
S40841,236,6,2026-05-31,59,17,0.0017297744464632,0.0,0.3556186329449577,val,4
S05101,236,7,2026-05-31,29,26,0.0015105945517413,0.0,0.3415027054580237,val,1
S08290,236,7,2026-05-31,47,15,0.0015756450484618,0.0022875343187681,0.3787473459057137,val,1
S09181,236,7,2026-05-31,55,28,0.0020465384990889,0.0,0.3954035690661528,val,1
S11895,236,7,2026-05-31,25,15,0.0015063632336462,0.0046099192104701,0.3823960912250351,val,1
S19029,236,7,2026-05-31,47,30,0.002025540158434,0.0123799678668842,0.3753979902008029,val,1
S19035,236,7,2026-05-31,24,23,0.0014095109775749,0.0,0.3126464310500343,val,1
S19037,236,7,2026-05-31,34,22,0.001782118856905,0.0197955252008796,0.3410116599192404,val,1
S19537,236,7,2026-05-31,42,14,0.0016082978266446,0.0,0.3516706072743585,val,1
S19922,236,7,2026-05-31,33,30,0.0021727596549722,0.0,0.3959292077501147,val,1
S19932,236,7,2026-05-31,53,25,0.0018960086169187,0.0,0.3628087920800216,val,1
S22326,236,7,2026-05-31,53,24,0.0021068596843713,0.0,0.3670904817473282,val,1
S23726,236,7,2026-05-31,31,18,0.0014573359748994,0.0,0.408200752990719,val,1
S23727,236,7,2026-05-31,39,20,0.0015333506738251,0.0,0.2952525291761628,val,1
S25026,236,7,2026-05-31,22,19,0.0012848550864208,0.0,0.3532179685958903,val,1
S25985,236,7,2026-05-31,30,19,0.0016371536794332,0.0,0.3562214070972434,val,1
S36225,236,7,2026-05-31,56,23,0.0020089758547683,0.0,0.3915488802315214,val,1
S39649,236,7,2026-05-31,48,16,0.0017965785844208,0.0,0.3735546777980461,val,1
S40257,236,7,2026-05-31,45,27,0.0018723212295092,0.0058919066304695,0.2759025006900341,val,1
S40432,236,7,2026-05-31,40,16,0.0016458400263564,0.0067575606157946,0.3782125492457979,val,1
S42803,236,7,2026-05-31,18,17,0.0018999493904529,0.0,0.3928871153449167,val,1
S42806,236,7,2026-05-31,52,23,0.0018665312823654,0.0,0.3742883485550976,val,1
S05101,236,7,2026-05-31,28,26,0.0017079553279669,0.0,0.3415027054580237,val,2
S08290,236,7,2026-05-31,48,15,0.0014732994977296,0.0022875343187681,0.3787473459057137,val,2
S09181,236,7,2026-05-31,54,28,0.002254313908935,0.0,0.3954035690661528,val,2
S11895,236,7,2026-05-31,26,15,0.0017056426574911,0.0046099192104701,0.3823960912250351,val,2
S19029,236,7,2026-05-31,46,30,0.0020156203540807,0.0123799678668842,0.3753979902008029,val,2
S19035,236,7,2026-05-31,25,23,0.0015753744080925,0.0,0.3126464310500343,val,2
S19037,236,7,2026-05-31,33,22,0.0014528070018322,0.0197955252008796,0.3410116599192404,val,2
S19537,236,7,2026-05-31,41,14,0.0015051693973909,0.0,0.3516706072743585,val,2
S19922,236,7,2026-05-31,32,30,0.0021078139768798,0.0,0.3959292077501147,val,2
S19932,236,7,2026-05-31,54,25,0.0019276792894186,0.0,0.3628087920800216,val,2
S22326,236,7,2026-05-31,52,24,0.0018163919273213,0.0,0.3670904817473282,val,2
S23726,236,7,2026-05-31,30,18,0.0016145473848452,0.0,0.408200752990719,val,2
S23727,236,7,2026-05-31,38,20,0.0016295321239989,0.0,0.2952525291761628,val,2
S25026,236,7,2026-05-31,23,19,0.0013626429250503,0.0,0.3532179685958903,val,2
S25985,236,7,2026-05-31,31,19,0.0014981190597207,0.0,0.3562214070972434,val,2
S36225,236,7,2026-05-31,57,23,0.0021508870491446,0.0,0.3915488802315214,val,2
S39649,236,7,2026-05-31,47,16,0.0014951644280276,0.0,0.3735546777980461,val,2
S40257,236,7,2026-05-31,46,27,0.0018788691372218,0.0058919066304695,0.2759025006900341,val,2
S40432,236,7,2026-05-31,39,16,0.0015984765019146,0.0067575606157946,0.3782125492457979,val,2
S42803,236,7,2026-05-31,19,17,0.0016281342859601,0.0,0.3928871153449167,val,2
S42806,236,7,2026-05-31,53,23,0.0019989525128183,0.0,0.3742883485550976,val,2
S05101,236,7,2026-05-31,31,26,0.0018522609819509,0.0,0.3415027054580237,val,3
S08290,236,7,2026-05-31,45,15,0.001510172817526,0.0022875343187681,0.3787473459057137,val,3
S09181,236,7,2026-05-31,57,28,0.0020716997862773,0.0,0.3954035690661528,val,3
S11895,236,7,2026-05-31,20,15,0.0019972552486448,0.0046099192104701,0.3823960912250351,val,3
S19029,236,7,2026-05-31,49,30,0.0021119253082117,0.0123799678668842,0.3753979902008029,val,3
S19035,236,7,2026-05-31,22,23,0.0015415371152083,0.0,0.3126464310500343,val,3
S19037,236,7,2026-05-31,36,22,0.0016589637284829,0.0197955252008796,0.3410116599192404,val,3
S19537,236,7,2026-05-31,44,14,0.0014330062079479,0.0,0.3516706072743585,val,3
S19922,236,7,2026-05-31,35,30,0.0019065033718311,0.0,0.3959292077501147,val,3
S19932,236,7,2026-05-31,51,25,0.0020021185008548,0.0,0.3628087920800216,val,3
S22326,236,7,2026-05-31,55,24,0.0021039880270411,0.0,0.3670904817473282,val,3
S23726,236,7,2026-05-31,33,18,0.0014878106087381,0.0,0.408200752990719,val,3
S23727,236,7,2026-05-31,41,20,0.0014682154772114,0.0,0.2952525291761628,val,3
S25026,236,7,2026-05-31,20,19,0.0013984045187053,0.0,0.3532179685958903,val,3
S25985,236,7,2026-05-31,28,19,0.0013976288942544,0.0,0.3562214070972434,val,3
S36225,236,7,2026-05-31,54,23,0.0020673153008234,0.0,0.3915488802315214,val,3
S39649,236,7,2026-05-31,50,16,0.0017833596366755,0.0,0.3735546777980461,val,3
S40257,236,7,2026-05-31,43,27,0.0018097688817364,0.0058919066304695,0.2759025006900341,val,3
S40432,236,7,2026-05-31,42,16,0.0016491136610001,0.0067575606157946,0.3782125492457979,val,3
S42803,236,7,2026-05-31,18,16,0.0018616828483142,0.0,0.3928871153449167,val,3
S42806,236,7,2026-05-31,50,23,0.0023377728916972,0.0,0.3742883485550976,val,3
S05101,236,7,2026-05-31,30,26,0.0017195098391009,0.0,0.3415027054580237,val,4
S08290,236,7,2026-05-31,46,15,0.0015327787629231,0.0022875343187681,0.3787473459057137,val,4
S09181,236,7,2026-05-31,56,28,0.0020799831235422,0.0,0.3954035690661528,val,4
S11895,236,7,2026-05-31,21,15,0.0018540259377239,0.0046099192104701,0.3823960912250351,val,4
S19029,236,7,2026-05-31,48,30,0.0018381564916876,0.0123799678668842,0.3753979902008029,val,4
S19035,236,7,2026-05-31,23,23,0.0015438413846962,0.0,0.3126464310500343,val,4
S19037,236,7,2026-05-31,35,22,0.0015853014754928,0.0197955252008796,0.3410116599192404,val,4
S19537,236,7,2026-05-31,43,14,0.0015866127631938,0.0,0.3516706072743585,val,4
S19922,236,7,2026-05-31,34,30,0.0019880284796533,0.0,0.3959292077501147,val,4
S19932,236,7,2026-05-31,52,25,0.0019870158126288,0.0,0.3628087920800216,val,4
S22326,236,7,2026-05-31,54,24,0.0018417515727884,0.0,0.3670904817473282,val,4
S23726,236,7,2026-05-31,32,18,0.0015241850162327,0.0,0.408200752990719,val,4
S23727,236,7,2026-05-31,40,20,0.0013866665014184,0.0,0.2952525291761628,val,4
S25026,236,7,2026-05-31,21,19,0.0016431401083564,0.0,0.3532179685958903,val,4
S25985,236,7,2026-05-31,29,19,0.0014890189006995,0.0,0.3562214070972434,val,4
S36225,236,7,2026-05-31,55,23,0.0019900909897235,0.0,0.3915488802315214,val,4
S39649,236,7,2026-05-31,49,16,0.0017647213217855,0.0,0.3735546777980461,val,4
S40257,236,7,2026-05-31,44,27,0.0018589442120856,0.0058919066304695,0.2759025006900341,val,4
S40432,236,7,2026-05-31,41,16,0.0017947805961225,0.0067575606157946,0.3782125492457979,val,4
S42803,236,7,2026-05-31,17,17,0.0019666137428039,0.0,0.3928871153449167,val,4
S42806,236,7,2026-05-31,51,23,0.0021968172268707,0.0,0.3742883485550976,val,4
S01648,236,8,2026-05-31,58,28,0.0020879676561124,0.004404505534434,0.3137164385657291,val,1
S02658,236,8,2026-05-31,57,18,0.0020089356009524,0.0,0.3146778735415333,val,1
S04229,236,8,2026-05-31,27,25,0.001957642406837,0.0,0.3260218511373898,val,1
S06202,236,8,2026-05-31,20,17,0.0021228602297488,0.0,0.2947206393579634,val,1
S09690,236,8,2026-05-31,52,15,0.0020869669521012,0.0,0.3541060817816133,val,1
S10538,236,8,2026-05-31,40,15,0.0018761931317203,0.0,0.2990911639043534,val,1
S15093,236,8,2026-05-31,44,20,0.0016384592886802,0.0,0.3260710349476416,val,1
S18356,236,8,2026-05-31,44,31,0.0020590015858159,0.0,0.2523375910397851,val,1
S19050,236,8,2026-05-31,49,14,0.0019904894154019,0.0,0.2780502863246903,val,1
S19943,236,8,2026-05-31,54,17,0.001757149341679,0.0,0.3021790821621664,val,1
S20231,236,8,2026-05-31,25,28,0.0021053271707706,0.0076463891196652,0.3227171685024949,val,1
S21804,236,8,2026-05-31,56,30,0.0021642372336911,0.0,0.3557592921458668,val,1
S22334,236,8,2026-05-31,36,16,0.0017287863287668,0.0,0.2842542481377255,val,1
S23745,236,8,2026-05-31,22,14,0.0020625844687244,0.0,0.3272399899714924,val,1
S25030,236,8,2026-05-31,23,15,0.002110465235424,0.0,0.2860988111962285,val,1
S29223,236,8,2026-05-31,35,25,0.0018001518158497,0.0,0.3646599048730132,val,1
S29917,236,8,2026-05-31,17,20,0.0020247686980825,0.0,0.2685739677797955,val,1
S42810,236,8,2026-05-31,19,16,0.0023047717959962,0.0,0.3067255638034946,val,1
S01648,236,8,2026-05-31,57,28,0.0020990524527353,0.004404505534434,0.3137164385657291,val,2
S02658,236,8,2026-05-31,56,18,0.0020244849235142,0.0,0.3146778735415333,val,2
S04229,236,8,2026-05-31,28,25,0.0019212309526674,0.0,0.3260218511373898,val,2
S06202,236,8,2026-05-31,21,17,0.001986761365352,0.0,0.2947206393579634,val,2
S09690,236,8,2026-05-31,53,15,0.0020158692656117,0.0,0.3541060817816133,val,2
S10538,236,8,2026-05-31,41,15,0.0018759848607279,0.0,0.2990911639043534,val,2
S15093,236,8,2026-05-31,43,20,0.0013770044340695,0.0,0.3260710349476416,val,2
S18356,236,8,2026-05-31,45,31,0.0019645108696006,0.0,0.2523375910397851,val,2
S19050,236,8,2026-05-31,48,14,0.0019416104680919,0.0,0.2780502863246903,val,2
S19943,236,8,2026-05-31,55,17,0.0018989609682926,0.0,0.3021790821621664,val,2
S20231,236,8,2026-05-31,24,28,0.0022006235882938,0.0076463891196652,0.3227171685024949,val,2
S21804,236,8,2026-05-31,55,30,0.0022976453710268,0.0,0.3557592921458668,val,2
S22334,236,8,2026-05-31,35,16,0.0019229067173493,0.0,0.2842542481377255,val,2
S23745,236,8,2026-05-31,21,14,0.0017619467390737,0.0,0.3272399899714924,val,2
S25030,236,8,2026-05-31,24,15,0.0020962585988886,0.0,0.2860988111962285,val,2
S29223,236,8,2026-05-31,36,25,0.0017249617364054,0.0,0.3646599048730132,val,2
S29917,236,8,2026-05-31,16,20,0.001870509256771,0.0,0.2685739677797955,val,2
S42810,236,8,2026-05-31,17,17,0.0022108712225795,0.0,0.3067255638034946,val,2
S01648,236,8,2026-05-31,60,27,0.0021332996509448,0.004404505534434,0.3137164385657291,val,3
S02658,236,8,2026-05-31,59,18,0.0019181475945695,0.0,0.3146778735415333,val,3
S04229,236,8,2026-05-31,25,25,0.0018780115986684,0.0,0.3260218511373898,val,3
S06202,236,8,2026-05-31,18,17,0.0020886567771464,0.0,0.2947206393579634,val,3
S09690,236,8,2026-05-31,50,15,0.0018250475698776,0.0,0.3541060817816133,val,3
S10538,236,8,2026-05-31,38,15,0.0016868762597424,0.0,0.2990911639043534,val,3
S15093,236,8,2026-05-31,46,20,0.0015911199140808,0.0,0.3260710349476416,val,3
S18356,236,8,2026-05-31,42,31,0.00213108764128,0.0,0.2523375910397851,val,3
S19050,236,8,2026-05-31,52,14,0.0023164416997968,0.0,0.2780502863246903,val,3
S19943,236,8,2026-05-31,52,17,0.0018163640362952,0.0,0.3021790821621664,val,3
S20231,236,8,2026-05-31,27,28,0.0018719842926429,0.0076463891196652,0.3227171685024949,val,3
S21804,236,8,2026-05-31,57,29,0.0021522113563902,0.0,0.3557592921458668,val,3
S22334,236,8,2026-05-31,38,16,0.001863945994547,0.0,0.2842542481377255,val,3
S23745,236,8,2026-05-31,25,13,0.0019268440345547,0.0,0.3272399899714924,val,3
S25030,236,8,2026-05-31,21,15,0.0022751352908701,0.0,0.2860988111962285,val,3
S29223,236,8,2026-05-31,33,25,0.001707653982639,0.0,0.3646599048730132,val,3
S29917,236,8,2026-05-31,19,20,0.0018638377409603,0.0,0.2685739677797955,val,3
S42810,236,8,2026-05-31,22,16,0.0019868141727671,0.0,0.3067255638034946,val,3
S01648,236,8,2026-05-31,61,27,0.0022356826417354,0.004404505534434,0.3137164385657291,val,4
S02658,236,8,2026-05-31,58,18,0.0018656995418396,0.0,0.3146778735415333,val,4
S04229,236,8,2026-05-31,26,25,0.0018809331870971,0.0,0.3260218511373898,val,4
S06202,236,8,2026-05-31,19,17,0.0021445409430101,0.0,0.2947206393579634,val,4
S09690,236,8,2026-05-31,51,15,0.001826714736328,0.0,0.3541060817816133,val,4
S10538,236,8,2026-05-31,39,15,0.0016150899585167,0.0,0.2990911639043534,val,4
S15093,236,8,2026-05-31,45,20,0.0016259469354923,0.0,0.3260710349476416,val,4
S18356,236,8,2026-05-31,43,31,0.0021434159514261,0.0,0.2523375910397851,val,4
S19050,236,8,2026-05-31,51,14,0.0019704015771525,0.0,0.2780502863246903,val,4
S19943,236,8,2026-05-31,53,17,0.0017183156820246,0.0,0.3021790821621664,val,4
S20231,236,8,2026-05-31,26,28,0.0021388080723052,0.0076463891196652,0.3227171685024949,val,4
S21804,236,8,2026-05-31,58,29,0.0021186118648877,0.0,0.3557592921458668,val,4
S22334,236,8,2026-05-31,37,16,0.0017032375322494,0.0,0.2842542481377255,val,4
S23745,236,8,2026-05-31,26,13,0.0020660119751868,0.0,0.3272399899714924,val,4
S25030,236,8,2026-05-31,22,15,0.0021252407832022,0.0,0.2860988111962285,val,4
S29223,236,8,2026-05-31,34,25,0.001621573772337,0.0,0.3646599048730132,val,4
S29917,236,8,2026-05-31,18,20,0.001899118956216,0.0,0.2685739677797955,val,4
S42810,236,8,2026-05-31,21,16,0.0020294425172976,0.0,0.3067255638034946,val,4
S00957,236,9,2026-05-31,41,19,0.003133962904399,0.0,0.4384902524806756,val,1
S01639,236,9,2026-05-31,17,21,0.0030953916516195,0.010342900293133,0.4187239547895271,val,1
S01650,236,9,2026-05-31,54,17,0.0030404820015482,0.0029023846856869,0.3910843522027054,val,1
S03821,236,9,2026-05-31,41,11,0.0018295245998173,0.0,0.3641698317348985,val,1
S04358,236,9,2026-05-31,30,17,0.0031590179599213,0.0,0.4245469614028805,val,1
S09990,236,9,2026-05-31,33,21,0.0030741343656296,0.0117649843764795,0.4040860202651774,val,1
S12600,236,9,2026-05-31,39,29,0.002840385387091,0.0,0.4364465768983572,val,1
S15201,236,9,2026-05-31,51,16,0.0029859145049234,0.0020637135216835,0.4410460860050975,val,1
S15996,236,9,2026-05-31,53,21,0.0030794206445365,0.0018618416123473,0.4016005927411064,val,1
S17544,236,9,2026-05-31,49,21,0.0031277651689135,0.0,0.4055852047016877,val,1
S17547,236,9,2026-05-31,36,31,0.0028570775363333,0.0233647874035031,0.4060454234257127,val,1
S17551,236,9,2026-05-31,24,16,0.0031190699812928,0.0139971769074181,0.4323695762255961,val,1
S18889,236,9,2026-05-31,13,21,0.0025884374256252,0.0244502908966461,0.3930234781989659,val,1
S20225,236,9,2026-05-31,41,21,0.0029032491563802,0.0038662450359202,0.3607997476482142,val,1
S20232,236,9,2026-05-31,61,19,0.0030824575807066,0.0058487102240632,0.3954233801507492,val,1
S23283,236,9,2026-05-31,24,24,0.0031176803364067,0.0,0.4350536263623798,val,1
S30531,236,9,2026-05-31,19,17,0.0029037248025343,0.003440386818542,0.4008735546617359,val,1
S31538,236,9,2026-05-31,53,24,0.0031087054784489,0.0032129604489094,0.3847884752084132,val,1
S31543,236,9,2026-05-31,54,14,0.0030518868467465,0.0048874990165997,0.4504947446536696,val,1
S31992,236,9,2026-05-31,32,16,0.0030993009872616,0.0153222787430358,0.4115559266555386,val,1
S33839,236,9,2026-05-31,52,31,0.00142008400694,0.0,0.3591953635005727,val,1
S35716,236,9,2026-05-31,49,19,0.0031063809554506,0.0019927906687677,0.4052308578100954,val,1
S36273,236,9,2026-05-31,21,14,0.0019580859258826,0.0,0.3721527374776628,val,1
S41856,236,9,2026-05-31,40,31,0.0028394723144077,0.0,0.3561717729557339,val,1
S00957,236,9,2026-05-31,42,19,0.0031196839794378,0.0,0.4384902524806756,val,2
S01639,236,9,2026-05-31,18,21,0.0030543267098784,0.010342900293133,0.4187239547895271,val,2
S01650,236,9,2026-05-31,55,17,0.0030217466014509,0.0029023846856869,0.3910843522027054,val,2
S03821,236,9,2026-05-31,42,11,0.0019609607525346,0.0,0.3641698317348985,val,2
S04358,236,9,2026-05-31,31,17,0.0031705964440818,0.0,0.4245469614028805,val,2
S09990,236,9,2026-05-31,34,21,0.0030489101182426,0.0117649843764795,0.4040860202651774,val,2
S12600,236,9,2026-05-31,40,29,0.0028889441685646,0.0,0.4364465768983572,val,2
S15201,236,9,2026-05-31,50,16,0.0030642325206736,0.0020637135216835,0.4410460860050975,val,2
S15996,236,9,2026-05-31,54,21,0.0029613004511016,0.0018618416123473,0.4016005927411064,val,2
S17544,236,9,2026-05-31,50,21,0.0030797282869358,0.0,0.4055852047016877,val,2
S17547,236,9,2026-05-31,37,31,0.0028953852628045,0.0233647874035031,0.4060454234257127,val,2
S17551,236,9,2026-05-31,23,16,0.0031082332121442,0.0139971769074181,0.4323695762255961,val,2
S18889,236,9,2026-05-31,14,21,0.0028559183901104,0.0244502908966461,0.3930234781989659,val,2
S20225,236,9,2026-05-31,42,21,0.0030138144375055,0.0038662450359202,0.3607997476482142,val,2
S20232,236,9,2026-05-31,62,19,0.0028957637001699,0.0058487102240632,0.3954233801507492,val,2
S23283,236,9,2026-05-31,23,24,0.0029862008621947,0.0,0.4350536263623798,val,2
S30531,236,9,2026-05-31,17,17,0.0030685951088664,0.003440386818542,0.4008735546617359,val,2
S31538,236,9,2026-05-31,52,24,0.0030332879326576,0.0032129604489094,0.3847884752084132,val,2
S31543,236,9,2026-05-31,53,14,0.0030389420134764,0.0048874990165997,0.4504947446536696,val,2
S31992,236,9,2026-05-31,31,16,0.0028376653966326,0.0153222787430358,0.4115559266555386,val,2
S33839,236,9,2026-05-31,50,31,0.0014412036769788,0.0,0.3591953635005727,val,2
S35716,236,9,2026-05-31,50,19,0.0030872779807374,0.0019927906687677,0.4052308578100954,val,2
S36273,236,9,2026-05-31,18,15,0.0012713520180439,0.0,0.3721527374776628,val,2
S41856,236,9,2026-05-31,41,31,0.0026783044458502,0.0,0.3561717729557339,val,2
S00957,236,9,2026-05-31,39,19,0.0031264145802382,0.0,0.4384902524806756,val,3
S01639,236,9,2026-05-31,15,21,0.0028751557920347,0.010342900293133,0.4187239547895271,val,3
S01650,236,9,2026-05-31,52,17,0.0030276205492474,0.0029023846856869,0.3910843522027054,val,3
S03821,236,9,2026-05-31,39,11,0.0017903425588702,0.0,0.3641698317348985,val,3
S04358,236,9,2026-05-31,28,17,0.0031356919098936,0.0,0.4245469614028805,val,3
S09990,236,9,2026-05-31,31,21,0.0031199053703534,0.0117649843764795,0.4040860202651774,val,3
S12600,236,9,2026-05-31,37,29,0.002888792630623,0.0,0.4364465768983572,val,3
S15201,236,9,2026-05-31,53,16,0.0030888697823697,0.0020637135216835,0.4410460860050975,val,3
S15996,236,9,2026-05-31,51,21,0.003073687798458,0.0018618416123473,0.4016005927411064,val,3
S17544,236,9,2026-05-31,47,21,0.0030710228528104,0.0,0.4055852047016877,val,3
S17547,236,9,2026-05-31,34,31,0.0027473538648715,0.0233647874035031,0.4060454234257127,val,3
S17551,236,9,2026-05-31,26,16,0.0030868427306865,0.0139971769074181,0.4323695762255961,val,3
S18889,236,9,2026-05-31,16,20,0.0030489144617605,0.0244502908966461,0.3930234781989659,val,3
S20225,236,9,2026-05-31,39,21,0.0027172972381183,0.0038662450359202,0.3607997476482142,val,3
S20232,236,9,2026-05-31,59,19,0.0030543023100198,0.0058487102240632,0.3954233801507492,val,3
S23283,236,9,2026-05-31,27,24,0.0031041980795498,0.0,0.4350536263623798,val,3
S30531,236,9,2026-05-31,18,16,0.0026425809865706,0.003440386818542,0.4008735546617359,val,3
S31538,236,9,2026-05-31,56,24,0.0029782625136367,0.0032129604489094,0.3847884752084132,val,3
S31543,236,9,2026-05-31,56,14,0.0030831906969881,0.0048874990165997,0.4504947446536696,val,3
S31992,236,9,2026-05-31,34,16,0.0030806124307718,0.0153222787430358,0.4115559266555386,val,3
S33839,236,9,2026-05-31,55,30,0.0015348044790188,0.0,0.3591953635005727,val,3
S35716,236,9,2026-05-31,47,19,0.0031125060990935,0.0019927906687677,0.4052308578100954,val,3
S36273,236,9,2026-05-31,27,12,0.0011524656193229,0.0,0.3721527374776628,val,3
S41856,236,9,2026-05-31,38,31,0.0029566836732076,0.0,0.3561717729557339,val,3
S00957,236,9,2026-05-31,40,19,0.0031507158880482,0.0,0.4384902524806756,val,4
S01639,236,9,2026-05-31,16,21,0.0030406965758603,0.010342900293133,0.4187239547895271,val,4
S01650,236,9,2026-05-31,53,17,0.0030771783514814,0.0029023846856869,0.3910843522027054,val,4
S03821,236,9,2026-05-31,40,11,0.0017549010392269,0.0,0.3641698317348985,val,4
S04358,236,9,2026-05-31,29,17,0.0030932581043692,0.0,0.4245469614028805,val,4
S09990,236,9,2026-05-31,32,21,0.0029830028903586,0.0117649843764795,0.4040860202651774,val,4
S12600,236,9,2026-05-31,38,29,0.0028788493329378,0.0,0.4364465768983572,val,4
S15201,236,9,2026-05-31,52,16,0.0030836815176029,0.0020637135216835,0.4410460860050975,val,4
S15996,236,9,2026-05-31,52,21,0.0031230305057812,0.0018618416123473,0.4016005927411064,val,4
S17544,236,9,2026-05-31,48,21,0.0030573897449464,0.0,0.4055852047016877,val,4
S17547,236,9,2026-05-31,35,31,0.0031466773366635,0.0233647874035031,0.4060454234257127,val,4
S17551,236,9,2026-05-31,25,16,0.0030718484084652,0.0139971769074181,0.4323695762255961,val,4
S18889,236,9,2026-05-31,15,20,0.0029167367497435,0.0244502908966461,0.3930234781989659,val,4
S20225,236,9,2026-05-31,40,21,0.0030991617373226,0.0038662450359202,0.3607997476482142,val,4
S20232,236,9,2026-05-31,60,19,0.0028548927401776,0.0058487102240632,0.3954233801507492,val,4
S23283,236,9,2026-05-31,26,24,0.0030687101285399,0.0,0.4350536263623798,val,4
S30531,236,9,2026-05-31,18,17,0.0029636841585093,0.003440386818542,0.4008735546617359,val,4
S31538,236,9,2026-05-31,55,24,0.0028148193401096,0.0032129604489094,0.3847884752084132,val,4
S31543,236,9,2026-05-31,55,14,0.0029981583640219,0.0048874990165997,0.4504947446536696,val,4
S31992,236,9,2026-05-31,33,16,0.0030978765382445,0.0153222787430358,0.4115559266555386,val,4
S33839,236,9,2026-05-31,54,30,0.0015045122725737,0.0,0.3591953635005727,val,4
S35716,236,9,2026-05-31,48,19,0.0030465967582867,0.0019927906687677,0.4052308578100954,val,4
S36273,236,9,2026-05-31,25,13,0.0015098326419463,0.0,0.3721527374776628,val,4
S41856,236,9,2026-05-31,39,31,0.0028490658761725,0.0,0.3561717729557339,val,4
S05466,236,10,2026-05-31,38,24,0.0028835063245544,0.0,0.4061999942913326,val,1
S05473,236,10,2026-05-31,56,26,0.0027138645152312,0.0,0.3984420163648514,val,1
S07394,236,10,2026-05-31,57,14,0.0027750713782132,0.0071484460400197,0.4321854366852086,val,1
S08961,236,10,2026-05-31,33,29,0.0024649180529655,0.0,0.4086625317893501,val,1
S09272,236,10,2026-05-31,36,28,0.0026229856538664,0.0,0.3749000929721662,val,1
S10130,236,10,2026-05-31,35,15,0.0024641070257742,0.0243763294302294,0.3996686330611381,val,1
S11702,236,10,2026-05-31,31,25,0.0027007064043508,0.0,0.3816090042595736,val,1
S13389,236,10,2026-05-31,55,24,0.0029623815730232,0.0,0.387115776815333,val,1
S16831,236,10,2026-05-31,32,29,0.0024862894391428,0.0026626378866048,0.3236609508313912,val,1
S16832,236,10,2026-05-31,23,21,0.0028937784655268,0.0,0.3931181544839949,val,1
S18789,236,10,2026-05-31,41,28,0.002663915064787,0.0139730530504552,0.3863936113821942,val,1
S18793,236,10,2026-05-31,15,20,0.0021218031545674,0.0088151045130851,0.3818329456745823,val,1
S21154,236,10,2026-05-31,42,23,0.0030604254682361,0.0,0.4015303777020118,val,1
S23446,236,10,2026-05-31,53,22,0.0029873781528992,0.0,0.4186760952511299,val,1
S24014,236,10,2026-05-31,30,25,0.0028690233745834,0.0,0.4096293851042454,val,1
S25142,236,10,2026-05-31,34,13,0.0023562872118032,0.0,0.4014524520506669,val,1
S27070,236,10,2026-05-31,46,24,0.0031138110261469,0.0024443444410836,0.4010843490792887,val,1
S33354,236,10,2026-05-31,51,18,0.0026332384465336,0.0072555803734361,0.3728823618430774,val,1
S38683,236,10,2026-05-31,26,18,0.0026004956178137,0.0,0.4370804669769721,val,1
S39093,236,10,2026-05-31,30,14,0.0023134892286904,0.0,0.378090837352867,val,1
S41038,236,10,2026-05-31,26,20,0.0026705383934272,0.0063566367380349,0.3939089936431483,val,1
S41409,236,10,2026-05-31,34,18,0.002480581922676,0.004820585938826,0.3815000358290579,val,1
S41410,236,10,2026-05-31,38,13,0.0023835115906937,0.0,0.3652927851182356,val,1
S41882,236,10,2026-05-31,42,13,0.0024681929913053,0.0,0.3365508986530091,val,1
S05466,236,10,2026-05-31,36,24,0.0030498275969758,0.0,0.4061999942913326,val,2
S05473,236,10,2026-05-31,54,26,0.0027727350283054,0.0,0.3984420163648514,val,2
S07394,236,10,2026-05-31,63,17,0.0026342605710193,0.0071484460400197,0.4321854366852086,val,2
S08961,236,10,2026-05-31,35,29,0.0025421033999902,0.0,0.4086625317893501,val,2
S09272,236,10,2026-05-31,35,28,0.0026745592810624,0.0,0.3749000929721662,val,2
S10130,236,10,2026-05-31,36,15,0.0024888960512048,0.0243763294302294,0.3996686330611381,val,2
S11702,236,10,2026-05-31,33,25,0.0029661799324998,0.0,0.3816090042595736,val,2
S13389,236,10,2026-05-31,53,24,0.0029259110260061,0.0,0.387115776815333,val,2
S16831,236,10,2026-05-31,34,29,0.0022887791344394,0.0026626378866048,0.3236609508313912,val,2
S16832,236,10,2026-05-31,25,21,0.0027703445709839,0.0,0.3931181544839949,val,2
S18789,236,10,2026-05-31,39,28,0.0026362699836555,0.0139730530504552,0.3863936113821942,val,2
S18793,236,10,2026-05-31,17,21,0.0025513967683994,0.0088151045130851,0.3818329456745823,val,2
S21154,236,10,2026-05-31,44,23,0.0030380401186035,0.0,0.4015303777020118,val,2
S23446,236,10,2026-05-31,51,22,0.0029807757861436,0.0,0.4186760952511299,val,2
S24014,236,10,2026-05-31,32,25,0.0030208622558642,0.0,0.4096293851042454,val,2
S25142,236,10,2026-05-31,35,13,0.0024268468967538,0.0,0.4014524520506669,val,2
S27070,236,10,2026-05-31,44,24,0.0029743000064837,0.0024443444410836,0.4010843490792887,val,2
S33354,236,10,2026-05-31,39,18,0.0026380746947557,0.0072555803734361,0.3728823618430774,val,2
S38683,236,10,2026-05-31,24,18,0.0024842630395374,0.0,0.4370804669769721,val,2
S39093,236,10,2026-05-31,28,14,0.0022076605663784,0.0,0.378090837352867,val,2
S41038,236,10,2026-05-31,24,20,0.0027655166562079,0.0063566367380349,0.3939089936431483,val,2
S41409,236,10,2026-05-31,32,18,0.0025633339691598,0.004820585938826,0.3815000358290579,val,2
S41410,236,10,2026-05-31,39,13,0.002370593240001,0.0,0.3652927851182356,val,2
S41882,236,10,2026-05-31,43,13,0.0023519659214206,0.0,0.3365508986530091,val,2
S05466,236,10,2026-05-31,43,24,0.0029848080684623,0.0,0.4061999942913326,val,3
S05473,236,10,2026-05-31,60,26,0.0031794641083134,0.0,0.3984420163648514,val,3
S07394,236,10,2026-05-31,53,13,0.0027255036546057,0.0071484460400197,0.4321854366852086,val,3
S08961,236,10,2026-05-31,28,29,0.0023669527489914,0.0,0.4086625317893501,val,3
S09272,236,10,2026-05-31,38,28,0.0025886124438899,0.0,0.3749000929721662,val,3
S10130,236,10,2026-05-31,32,15,0.0024777335503103,0.0243763294302294,0.3996686330611381,val,3
S11702,236,10,2026-05-31,27,25,0.0027414802982027,0.0,0.3816090042595736,val,3
S13389,236,10,2026-05-31,59,24,0.0028911790745487,0.0,0.387115776815333,val,3
S16831,236,10,2026-05-31,27,29,0.0021653135943411,0.0026626378866048,0.3236609508313912,val,3
S16832,236,10,2026-05-31,19,21,0.0023600254596244,0.0,0.3931181544839949,val,3
S18789,236,10,2026-05-31,45,28,0.0026632456328735,0.0139730530504552,0.3863936113821942,val,3
S18793,236,10,2026-05-31,21,20,0.0024290329309119,0.0088151045130851,0.3818329456745823,val,3
S21154,236,10,2026-05-31,37,23,0.003039846032033,0.0,0.4015303777020118,val,3
S23446,236,10,2026-05-31,57,22,0.0029855234422164,0.0,0.4186760952511299,val,3
S24014,236,10,2026-05-31,26,25,0.0027161942060327,0.0,0.4096293851042454,val,3
S25142,236,10,2026-05-31,32,13,0.0023312287523646,0.0,0.4014524520506669,val,3
S27070,236,10,2026-05-31,50,24,0.0030672115352914,0.0024443444410836,0.4010843490792887,val,3
S33354,236,10,2026-05-31,60,18,0.0028507238764234,0.0072555803734361,0.3728823618430774,val,3
S38683,236,10,2026-05-31,30,18,0.0025935238638218,0.0,0.4370804669769721,val,3
S39093,236,10,2026-05-31,36,14,0.0023163983911741,0.0,0.378090837352867,val,3
S41038,236,10,2026-05-31,31,20,0.0027479515489627,0.0063566367380349,0.3939089936431483,val,3
S41409,236,10,2026-05-31,38,18,0.0025156317372524,0.004820585938826,0.3815000358290579,val,3
S41410,236,10,2026-05-31,36,13,0.0022914140472573,0.0,0.3652927851182356,val,3
S41882,236,10,2026-05-31,40,13,0.0024195410532985,0.0,0.3365508986530091,val,3
S05466,236,10,2026-05-31,40,24,0.003103695196946,0.0,0.4061999942913326,val,4
S05473,236,10,2026-05-31,58,26,0.0030606995802712,0.0,0.3984420163648514,val,4
S07394,236,10,2026-05-31,54,13,0.0025291793145849,0.0071484460400197,0.4321854366852086,val,4
S08961,236,10,2026-05-31,31,29,0.0023189430932629,0.0,0.4086625317893501,val,4
S09272,236,10,2026-05-31,37,28,0.0026932428818613,0.0,0.3749000929721662,val,4
S10130,236,10,2026-05-31,34,15,0.0023891737010824,0.0243763294302294,0.3996686330611381,val,4
S11702,236,10,2026-05-31,29,25,0.0028240453157085,0.0,0.3816090042595736,val,4
S13389,236,10,2026-05-31,57,24,0.0031922328250272,0.0,0.387115776815333,val,4
S16831,236,10,2026-05-31,29,29,0.0024820037441296,0.0026626378866048,0.3236609508313912,val,4
S16832,236,10,2026-05-31,21,21,0.0025748003495029,0.0,0.3931181544839949,val,4
S18789,236,10,2026-05-31,43,28,0.0026893475884066,0.0139730530504552,0.3863936113821942,val,4
S18793,236,10,2026-05-31,19,20,0.0023281240969895,0.0088151045130851,0.3818329456745823,val,4
S21154,236,10,2026-05-31,39,23,0.0030132173901789,0.0,0.4015303777020118,val,4
S23446,236,10,2026-05-31,55,22,0.0029512902102075,0.0,0.4186760952511299,val,4
S24014,236,10,2026-05-31,28,25,0.0026271454533169,0.0,0.4096293851042454,val,4
S25142,236,10,2026-05-31,33,13,0.0023198872552238,0.0,0.4014524520506669,val,4
S27070,236,10,2026-05-31,48,24,0.003138930356064,0.0024443444410836,0.4010843490792887,val,4
S33354,236,10,2026-05-31,58,18,0.0027441669884847,0.0072555803734361,0.3728823618430774,val,4
S38683,236,10,2026-05-31,28,18,0.0025687021625751,0.0,0.4370804669769721,val,4
S39093,236,10,2026-05-31,34,14,0.0022607878998205,0.0,0.378090837352867,val,4
S41038,236,10,2026-05-31,29,20,0.0030678693501004,0.0063566367380349,0.3939089936431483,val,4
S41409,236,10,2026-05-31,36,18,0.002480824997014,0.004820585938826,0.3815000358290579,val,4
S41410,236,10,2026-05-31,37,13,0.0023132668864629,0.0,0.3652927851182356,val,4
S41882,236,10,2026-05-31,41,13,0.002397065734419,0.0,0.3365508986530091,val,4
S05466,236,11,2026-05-31,38,24,0.0028835063245544,0.0,0.4061999942913326,val,1
S05473,236,11,2026-05-31,56,26,0.0027138645152312,0.0,0.3984420163648514,val,1
S07394,236,11,2026-05-31,57,14,0.0027750713782132,0.0071484460400197,0.4321854366852086,val,1
S08961,236,11,2026-05-31,33,29,0.0024649180529655,0.0,0.4086625317893501,val,1
S09272,236,11,2026-05-31,36,28,0.0026229856538664,0.0,0.3749000929721662,val,1
S10130,236,11,2026-05-31,35,15,0.0024641070257742,0.0243763294302294,0.3996686330611381,val,1
S11702,236,11,2026-05-31,31,25,0.0027007064043508,0.0,0.3816090042595736,val,1
S13389,236,11,2026-05-31,55,24,0.0029623815730232,0.0,0.387115776815333,val,1
S16831,236,11,2026-05-31,32,29,0.0024862894391428,0.0026626378866048,0.3236609508313912,val,1
S16832,236,11,2026-05-31,23,21,0.0028937784655268,0.0,0.3931181544839949,val,1
S18789,236,11,2026-05-31,41,28,0.002663915064787,0.0139730530504552,0.3863936113821942,val,1
S18793,236,11,2026-05-31,15,20,0.0021218031545674,0.0088151045130851,0.3818329456745823,val,1
S21154,236,11,2026-05-31,42,23,0.0030604254682361,0.0,0.4015303777020118,val,1
S23446,236,11,2026-05-31,53,22,0.0029873781528992,0.0,0.4186760952511299,val,1
S24014,236,11,2026-05-31,30,25,0.0028690233745834,0.0,0.4096293851042454,val,1
S25142,236,11,2026-05-31,34,13,0.0023562872118032,0.0,0.4014524520506669,val,1
S27070,236,11,2026-05-31,46,24,0.0031138110261469,0.0024443444410836,0.4010843490792887,val,1
S33354,236,11,2026-05-31,51,18,0.0026332384465336,0.0072555803734361,0.3728823618430774,val,1
S38683,236,11,2026-05-31,26,18,0.0026004956178137,0.0,0.4370804669769721,val,1
S39093,236,11,2026-05-31,30,14,0.0023134892286904,0.0,0.378090837352867,val,1
S41038,236,11,2026-05-31,26,20,0.0026705383934272,0.0063566367380349,0.3939089936431483,val,1
S41409,236,11,2026-05-31,34,18,0.002480581922676,0.004820585938826,0.3815000358290579,val,1
S41410,236,11,2026-05-31,38,13,0.0023835115906937,0.0,0.3652927851182356,val,1
S41882,236,11,2026-05-31,42,13,0.0024681929913053,0.0,0.3365508986530091,val,1
S05466,236,11,2026-05-31,36,24,0.0030498275969758,0.0,0.4061999942913326,val,2
S05473,236,11,2026-05-31,54,26,0.0027727350283054,0.0,0.3984420163648514,val,2
S07394,236,11,2026-05-31,63,17,0.0026342605710193,0.0071484460400197,0.4321854366852086,val,2
S08961,236,11,2026-05-31,35,29,0.0025421033999902,0.0,0.4086625317893501,val,2
S09272,236,11,2026-05-31,35,28,0.0026745592810624,0.0,0.3749000929721662,val,2
S10130,236,11,2026-05-31,36,15,0.0024888960512048,0.0243763294302294,0.3996686330611381,val,2
S11702,236,11,2026-05-31,33,25,0.0029661799324998,0.0,0.3816090042595736,val,2
S13389,236,11,2026-05-31,53,24,0.0029259110260061,0.0,0.387115776815333,val,2
S16831,236,11,2026-05-31,34,29,0.0022887791344394,0.0026626378866048,0.3236609508313912,val,2
S16832,236,11,2026-05-31,25,21,0.0027703445709839,0.0,0.3931181544839949,val,2
S18789,236,11,2026-05-31,39,28,0.0026362699836555,0.0139730530504552,0.3863936113821942,val,2
S18793,236,11,2026-05-31,17,21,0.0025513967683994,0.0088151045130851,0.3818329456745823,val,2
S21154,236,11,2026-05-31,44,23,0.0030380401186035,0.0,0.4015303777020118,val,2
S23446,236,11,2026-05-31,51,22,0.0029807757861436,0.0,0.4186760952511299,val,2
S24014,236,11,2026-05-31,32,25,0.0030208622558642,0.0,0.4096293851042454,val,2
S25142,236,11,2026-05-31,35,13,0.0024268468967538,0.0,0.4014524520506669,val,2
S27070,236,11,2026-05-31,44,24,0.0029743000064837,0.0024443444410836,0.4010843490792887,val,2
S33354,236,11,2026-05-31,39,18,0.0026380746947557,0.0072555803734361,0.3728823618430774,val,2
S38683,236,11,2026-05-31,24,18,0.0024842630395374,0.0,0.4370804669769721,val,2
S39093,236,11,2026-05-31,28,14,0.0022076605663784,0.0,0.378090837352867,val,2
S41038,236,11,2026-05-31,24,20,0.0027655166562079,0.0063566367380349,0.3939089936431483,val,2
S41409,236,11,2026-05-31,32,18,0.0025633339691598,0.004820585938826,0.3815000358290579,val,2
S41410,236,11,2026-05-31,39,13,0.002370593240001,0.0,0.3652927851182356,val,2
S41882,236,11,2026-05-31,43,13,0.0023519659214206,0.0,0.3365508986530091,val,2
S05466,236,11,2026-05-31,43,24,0.0029848080684623,0.0,0.4061999942913326,val,3
S05473,236,11,2026-05-31,60,26,0.0031794641083134,0.0,0.3984420163648514,val,3
S07394,236,11,2026-05-31,53,13,0.0027255036546057,0.0071484460400197,0.4321854366852086,val,3
S08961,236,11,2026-05-31,28,29,0.0023669527489914,0.0,0.4086625317893501,val,3
S09272,236,11,2026-05-31,38,28,0.0025886124438899,0.0,0.3749000929721662,val,3
S10130,236,11,2026-05-31,32,15,0.0024777335503103,0.0243763294302294,0.3996686330611381,val,3
S11702,236,11,2026-05-31,27,25,0.0027414802982027,0.0,0.3816090042595736,val,3
S13389,236,11,2026-05-31,59,24,0.0028911790745487,0.0,0.387115776815333,val,3
S16831,236,11,2026-05-31,27,29,0.0021653135943411,0.0026626378866048,0.3236609508313912,val,3
S16832,236,11,2026-05-31,19,21,0.0023600254596244,0.0,0.3931181544839949,val,3
S18789,236,11,2026-05-31,45,28,0.0026632456328735,0.0139730530504552,0.3863936113821942,val,3
S18793,236,11,2026-05-31,21,20,0.0024290329309119,0.0088151045130851,0.3818329456745823,val,3
S21154,236,11,2026-05-31,37,23,0.003039846032033,0.0,0.4015303777020118,val,3
S23446,236,11,2026-05-31,57,22,0.0029855234422164,0.0,0.4186760952511299,val,3
S24014,236,11,2026-05-31,26,25,0.0027161942060327,0.0,0.4096293851042454,val,3
S25142,236,11,2026-05-31,32,13,0.0023312287523646,0.0,0.4014524520506669,val,3
S27070,236,11,2026-05-31,50,24,0.0030672115352914,0.0024443444410836,0.4010843490792887,val,3
S33354,236,11,2026-05-31,60,18,0.0028507238764234,0.0072555803734361,0.3728823618430774,val,3
S38683,236,11,2026-05-31,30,18,0.0025935238638218,0.0,0.4370804669769721,val,3
S39093,236,11,2026-05-31,36,14,0.0023163983911741,0.0,0.378090837352867,val,3
S41038,236,11,2026-05-31,31,20,0.0027479515489627,0.0063566367380349,0.3939089936431483,val,3
S41409,236,11,2026-05-31,38,18,0.0025156317372524,0.004820585938826,0.3815000358290579,val,3
S41410,236,11,2026-05-31,36,13,0.0022914140472573,0.0,0.3652927851182356,val,3
S41882,236,11,2026-05-31,40,13,0.0024195410532985,0.0,0.3365508986530091,val,3
S05466,236,11,2026-05-31,40,24,0.003103695196946,0.0,0.4061999942913326,val,4
S05473,236,11,2026-05-31,58,26,0.0030606995802712,0.0,0.3984420163648514,val,4
S07394,236,11,2026-05-31,54,13,0.0025291793145849,0.0071484460400197,0.4321854366852086,val,4
S08961,236,11,2026-05-31,31,29,0.0023189430932629,0.0,0.4086625317893501,val,4
S09272,236,11,2026-05-31,37,28,0.0026932428818613,0.0,0.3749000929721662,val,4
S10130,236,11,2026-05-31,34,15,0.0023891737010824,0.0243763294302294,0.3996686330611381,val,4
S11702,236,11,2026-05-31,29,25,0.0028240453157085,0.0,0.3816090042595736,val,4
S13389,236,11,2026-05-31,57,24,0.0031922328250272,0.0,0.387115776815333,val,4
S16831,236,11,2026-05-31,29,29,0.0024820037441296,0.0026626378866048,0.3236609508313912,val,4
S16832,236,11,2026-05-31,21,21,0.0025748003495029,0.0,0.3931181544839949,val,4
S18789,236,11,2026-05-31,43,28,0.0026893475884066,0.0139730530504552,0.3863936113821942,val,4
S18793,236,11,2026-05-31,19,20,0.0023281240969895,0.0088151045130851,0.3818329456745823,val,4
S21154,236,11,2026-05-31,39,23,0.0030132173901789,0.0,0.4015303777020118,val,4
S23446,236,11,2026-05-31,55,22,0.0029512902102075,0.0,0.4186760952511299,val,4
S24014,236,11,2026-05-31,28,25,0.0026271454533169,0.0,0.4096293851042454,val,4
S25142,236,11,2026-05-31,33,13,0.0023198872552238,0.0,0.4014524520506669,val,4
S27070,236,11,2026-05-31,48,24,0.003138930356064,0.0024443444410836,0.4010843490792887,val,4
S33354,236,11,2026-05-31,58,18,0.0027441669884847,0.0072555803734361,0.3728823618430774,val,4
S38683,236,11,2026-05-31,28,18,0.0025687021625751,0.0,0.4370804669769721,val,4
S39093,236,11,2026-05-31,34,14,0.0022607878998205,0.0,0.378090837352867,val,4
S41038,236,11,2026-05-31,29,20,0.0030678693501004,0.0063566367380349,0.3939089936431483,val,4
S41409,236,11,2026-05-31,36,18,0.002480824997014,0.004820585938826,0.3815000358290579,val,4
S41410,236,11,2026-05-31,37,13,0.0023132668864629,0.0,0.3652927851182356,val,4
S41882,236,11,2026-05-31,41,13,0.002397065734419,0.0,0.3365508986530091,val,4
S05464,236,12,2026-05-31,24,27,0.0029924191763679,0.0069889014276624,0.397997791714417,val,1
S09370,236,12,2026-05-31,34,15,0.0030697471436662,0.0,0.4209500087600974,val,1
S09490,236,12,2026-05-31,47,23,0.0030515791476303,0.0,0.3416336966924795,val,1
S09975,236,12,2026-05-31,26,25,0.0031667700521813,0.0132325846406168,0.3888805934945918,val,1
S10664,236,12,2026-05-31,41,17,0.0030651671763136,0.0,0.3874191431282628,val,1
S10665,236,12,2026-05-31,39,13,0.002851492740016,0.0,0.34553101050239,val,1
S11966,236,12,2026-05-31,45,21,0.0030250889704616,0.0,0.3431966905335633,val,1
S12592,236,12,2026-05-31,32,14,0.0030059860422206,0.0,0.4238351361172687,val,1
S12602,236,12,2026-05-31,39,29,0.0030418909832038,0.0,0.3918257156031124,val,1
S12927,236,12,2026-05-31,58,26,0.0031101954437399,0.0,0.4212363372502674,val,1
S18878,236,12,2026-05-31,53,27,0.002947781242584,0.0084347905409848,0.4109694962591645,val,1
S28739,236,12,2026-05-31,50,24,0.0030725667113119,0.0,0.3713785191309842,val,1
S31524,236,12,2026-05-31,49,21,0.0029916331363287,0.0062734702893748,0.397035015028468,val,1
S31531,236,12,2026-05-31,23,17,0.0028911587489052,0.006360968991876,0.3477141421777756,val,1
S31555,236,12,2026-05-31,45,31,0.002829187828312,0.0,0.3770595538082552,val,1
S31974,236,12,2026-05-31,34,23,0.003100515374212,0.0022121333511372,0.4155683835220384,val,1
S31990,236,12,2026-05-31,55,23,0.0030875649281842,0.0022206732616641,0.3611604538139105,val,1
S33084,236,12,2026-05-31,60,28,0.0019075544132057,0.0,0.3596569888734627,val,1
S35718,236,12,2026-05-31,29,13,0.0030392266472769,0.0020321962030233,0.4032117183468082,val,1
S35720,236,12,2026-05-31,34,16,0.0030457070703546,0.0,0.4737419130132657,val,1
S38418,236,12,2026-05-31,22,25,0.0030899694129017,0.0108219629233453,0.3479640875828515,val,1
S38735,236,12,2026-05-31,18,25,0.0031208498463799,0.0,0.4257387035439648,val,1
S40852,236,12,2026-05-31,30,16,0.0030983002763042,0.0064029889203813,0.3965035047417339,val,1
S41160,236,12,2026-05-31,46,22,0.0029729321513223,0.0,0.4090215181740365,val,1
S05464,236,12,2026-05-31,25,27,0.0030052964444443,0.0069889014276624,0.397997791714417,val,2
S09370,236,12,2026-05-31,35,15,0.0030323342037499,0.0,0.4209500087600974,val,2
S09490,236,12,2026-05-31,48,23,0.0030673491796644,0.0,0.3416336966924795,val,2
S09975,236,12,2026-05-31,27,25,0.0031738572709662,0.0132325846406168,0.3888805934945918,val,2
S10664,236,12,2026-05-31,43,17,0.0029506918826524,0.0,0.3874191431282628,val,2
S10665,236,12,2026-05-31,40,13,0.0028902839010218,0.0,0.34553101050239,val,2
S11966,236,12,2026-05-31,46,21,0.002944916497651,0.0,0.3431966905335633,val,2
S12592,236,12,2026-05-31,31,14,0.0030074622301182,0.0,0.4238351361172687,val,2
S12602,236,12,2026-05-31,40,29,0.0027583423588596,0.0,0.3918257156031124,val,2
S12927,236,12,2026-05-31,57,26,0.0029527737767755,0.0,0.4212363372502674,val,2
S18878,236,12,2026-05-31,54,27,0.0029087314037001,0.0084347905409848,0.4109694962591645,val,2
S28739,236,12,2026-05-31,49,24,0.0030152305412276,0.0,0.3713785191309842,val,2
S31524,236,12,2026-05-31,50,21,0.0030829825575554,0.0062734702893748,0.397035015028468,val,2
S31531,236,12,2026-05-31,25,17,0.0030411568764128,0.006360968991876,0.3477141421777756,val,2
S31555,236,12,2026-05-31,46,31,0.0026644389701241,0.0,0.3770595538082552,val,2
S31974,236,12,2026-05-31,35,23,0.0031266249153634,0.0022121333511372,0.4155683835220384,val,2
S31990,236,12,2026-05-31,56,23,0.0031522131577702,0.0022206732616641,0.3611604538139105,val,2
S33084,236,12,2026-05-31,57,29,0.0020686163329995,0.0,0.3596569888734627,val,2
S35718,236,12,2026-05-31,30,13,0.0027886048248921,0.0020321962030233,0.4032117183468082,val,2
S35720,236,12,2026-05-31,33,16,0.0030270381289794,0.0,0.4737419130132657,val,2
S38418,236,12,2026-05-31,23,25,0.0029046944446565,0.0108219629233453,0.3479640875828515,val,2
S38735,236,12,2026-05-31,19,25,0.0030868501817009,0.0,0.4257387035439648,val,2
S40852,236,12,2026-05-31,29,16,0.003001599890695,0.0064029889203813,0.3965035047417339,val,2
S41160,236,12,2026-05-31,45,22,0.0029604151638357,0.0,0.4090215181740365,val,2
S05464,236,12,2026-05-31,21,27,0.0029751538237462,0.0069889014276624,0.397997791714417,val,3
S09370,236,12,2026-05-31,32,15,0.0030447277078339,0.0,0.4209500087600974,val,3
S09490,236,12,2026-05-31,44,23,0.0030804447948592,0.0,0.3416336966924795,val,3
S09975,236,12,2026-05-31,24,25,0.0029379539914754,0.0132325846406168,0.3888805934945918,val,3
S10664,236,12,2026-05-31,39,17,0.0030433136716347,0.0,0.3874191431282628,val,3
S10665,236,12,2026-05-31,37,13,0.0028519786402859,0.0,0.34553101050239,val,3
S11966,236,12,2026-05-31,43,21,0.0030620395304374,0.0,0.3431966905335633,val,3
S12592,236,12,2026-05-31,34,14,0.002975866847198,0.0,0.4238351361172687,val,3
S12602,236,12,2026-05-31,37,29,0.0029374102040288,0.0,0.3918257156031124,val,3
S12927,236,12,2026-05-31,61,26,0.0030002513740465,0.0,0.4212363372502674,val,3
S18878,236,12,2026-05-31,51,27,0.0030379688775415,0.0084347905409848,0.4109694962591645,val,3
S28739,236,12,2026-05-31,52,24,0.0030958924757011,0.0,0.3713785191309842,val,3
S31524,236,12,2026-05-31,47,21,0.0029212597530531,0.0062734702893748,0.397035015028468,val,3
S31531,236,12,2026-05-31,21,17,0.0030831988013712,0.006360968991876,0.3477141421777756,val,3
S31555,236,12,2026-05-31,43,31,0.0026573808423861,0.0,0.3770595538082552,val,3
S31974,236,12,2026-05-31,31,23,0.0029680983477405,0.0022121333511372,0.4155683835220384,val,3
S31990,236,12,2026-05-31,53,23,0.0030552028423789,0.0022206732616641,0.3611604538139105,val,3
S33084,236,12,2026-05-31,63,17,0.0020437090204622,0.0,0.3596569888734627,val,3
S35718,236,12,2026-05-31,27,13,0.0028966882016862,0.0020321962030233,0.4032117183468082,val,3
S35720,236,12,2026-05-31,36,16,0.0030684842664198,0.0,0.4737419130132657,val,3
S38418,236,12,2026-05-31,20,25,0.0031259085604066,0.0108219629233453,0.3479640875828515,val,3
S38735,236,12,2026-05-31,16,25,0.0030838711916395,0.0,0.4257387035439648,val,3
S40852,236,12,2026-05-31,32,16,0.0030165628727511,0.0064029889203813,0.3965035047417339,val,3
S41160,236,12,2026-05-31,48,22,0.0030923710767318,0.0,0.4090215181740365,val,3
S05464,236,12,2026-05-31,22,27,0.0029559641570065,0.0069889014276624,0.397997791714417,val,4
S09370,236,12,2026-05-31,33,15,0.003039206544887,0.0,0.4209500087600974,val,4
S09490,236,12,2026-05-31,46,23,0.0029807227197485,0.0,0.3416336966924795,val,4
S09975,236,12,2026-05-31,25,25,0.0028908150649651,0.0132325846406168,0.3888805934945918,val,4
S10664,236,12,2026-05-31,40,17,0.002776795984128,0.0,0.3874191431282628,val,4
S10665,236,12,2026-05-31,38,13,0.0028788051315154,0.0,0.34553101050239,val,4
S11966,236,12,2026-05-31,44,21,0.0029673245640545,0.0,0.3431966905335633,val,4
S12592,236,12,2026-05-31,33,14,0.0030052685194086,0.0,0.4238351361172687,val,4
S12602,236,12,2026-05-31,38,29,0.0029194996482369,0.0,0.3918257156031124,val,4
S12927,236,12,2026-05-31,60,26,0.0030040658594309,0.0,0.4212363372502674,val,4
S18878,236,12,2026-05-31,52,27,0.0029421002292312,0.0084347905409848,0.4109694962591645,val,4
S28739,236,12,2026-05-31,51,24,0.0030565303345387,0.0,0.3713785191309842,val,4
S31524,236,12,2026-05-31,48,21,0.0029544553052549,0.0062734702893748,0.397035015028468,val,4
S31531,236,12,2026-05-31,22,17,0.0030782413712701,0.006360968991876,0.3477141421777756,val,4
S31555,236,12,2026-05-31,44,31,0.0028391447978906,0.0,0.3770595538082552,val,4
S31974,236,12,2026-05-31,32,23,0.0030705559723883,0.0022121333511372,0.4155683835220384,val,4
S31990,236,12,2026-05-31,54,23,0.0030733316706487,0.0022206732616641,0.3611604538139105,val,4
S33084,236,12,2026-05-31,63,26,0.0020779372106986,0.0,0.3596569888734627,val,4
S35718,236,12,2026-05-31,28,13,0.0030109277298217,0.0020321962030233,0.4032117183468082,val,4
S35720,236,12,2026-05-31,35,16,0.0030434532970649,0.0,0.4737419130132657,val,4
S38418,236,12,2026-05-31,21,25,0.0031578484865912,0.0108219629233453,0.3479640875828515,val,4
S38735,236,12,2026-05-31,17,25,0.0031275658971042,0.0,0.4257387035439648,val,4
S40852,236,12,2026-05-31,31,16,0.0029884086635998,0.0064029889203813,0.3965035047417339,val,4
S41160,236,12,2026-05-31,47,22,0.0030969498153275,0.0,0.4090215181740365,val,4
S03779,236,13,2026-05-31,54,26,0.0023517095312847,0.0,0.3685491730610879,val,1
S05100,236,13,2026-05-31,26,26,0.0023284872837023,0.0,0.3805993215944476,val,1
S06189,236,13,2026-05-31,30,26,0.0022067295521117,0.0061242910701798,0.3951248642868983,val,1
S06191,236,13,2026-05-31,48,25,0.0023727205971529,0.0045432938423285,0.3376780534045226,val,1
S14209,236,13,2026-05-31,34,24,0.0023422362302129,0.0,0.3924722840538147,val,1
S16662,236,13,2026-05-31,52,30,0.0024927308134808,0.0308513609981687,0.378470399598718,val,1
S18005,236,13,2026-05-31,41,18,0.0020646383114758,0.0,0.3156716664712165,val,1
S19024,236,13,2026-05-31,26,23,0.0022966111971237,0.0175726491460137,0.3961583914098472,val,1
S19927,236,13,2026-05-31,24,20,0.0021258928352877,0.0,0.3623294355008222,val,1
S20438,236,13,2026-05-31,39,23,0.0021714932078005,0.0,0.3559748314497779,val,1
S22114,236,13,2026-05-31,38,14,0.0020884123304203,0.0,0.3794604695303543,val,1
S22796,236,13,2026-05-31,42,31,0.0025696846420787,0.0046873526360464,0.2769827101377211,val,1
S23715,236,13,2026-05-31,30,21,0.0023416216399001,0.0,0.3965554144029425,val,1
S25982,236,13,2026-05-31,32,29,0.0021559304630737,0.0,0.3328151262168096,val,1
S26036,236,13,2026-05-31,48,24,0.0022669239220314,0.0,0.3539500660272792,val,1
S26482,236,13,2026-05-31,21,18,0.0020064148397401,0.0,0.4435058192029612,val,1
S28153,236,13,2026-05-31,57,20,0.002024782320861,0.0023630545689683,0.3455392233809778,val,1
S29705,236,13,2026-05-31,30,15,0.002127273814126,0.0,0.3949581123578316,val,1
S34526,236,13,2026-05-31,30,19,0.0022330050731729,0.0,0.3761999521920072,val,1
S35603,236,13,2026-05-31,58,15,0.002630002248434,0.005979091226255,0.3838227884154394,val,1
S37661,236,13,2026-05-31,62,17,0.0028446782419969,0.0,0.4525760631795054,val,1
S39635,236,13,2026-05-31,34,31,0.0025227971489997,0.0,0.3452373864900786,val,1
S40426,236,13,2026-05-31,53,18,0.0024173926026376,0.003346936576562,0.3955525657290797,val,1
S03779,236,13,2026-05-31,53,26,0.0022201580744879,0.0,0.3685491730610879,val,2
S05100,236,13,2026-05-31,25,26,0.002091324842539,0.0,0.3805993215944476,val,2
S06189,236,13,2026-05-31,29,26,0.0022124709656669,0.0061242910701798,0.3951248642868983,val,2
S06191,236,13,2026-05-31,49,25,0.0023156170859125,0.0045432938423285,0.3376780534045226,val,2
S14209,236,13,2026-05-31,32,24,0.002369909998197,0.0,0.3924722840538147,val,2
S16662,236,13,2026-05-31,51,30,0.0023952594966492,0.0308513609981687,0.378470399598718,val,2
S18005,236,13,2026-05-31,40,18,0.0021463955211685,0.0,0.3156716664712165,val,2
S19024,236,13,2026-05-31,27,23,0.0023451902480789,0.0175726491460137,0.3961583914098472,val,2
S19927,236,13,2026-05-31,23,20,0.001985538640039,0.0,0.3623294355008222,val,2
S20438,236,13,2026-05-31,40,23,0.0023482899158127,0.0,0.3559748314497779,val,2
S22114,236,13,2026-05-31,37,14,0.0020434659136072,0.0,0.3794604695303543,val,2
S22796,236,13,2026-05-31,43,31,0.0024630912563949,0.0046873526360464,0.2769827101377211,val,2
S23715,236,13,2026-05-31,31,21,0.0022032470749754,0.0,0.3965554144029425,val,2
S25982,236,13,2026-05-31,33,29,0.0021704690060887,0.0,0.3328151262168096,val,2
S26036,236,13,2026-05-31,47,24,0.0023643232371643,0.0,0.3539500660272792,val,2
S26482,236,13,2026-05-31,20,18,0.0020720900283499,0.0,0.4435058192029612,val,2
S28153,236,13,2026-05-31,56,20,0.0023803170161734,0.0023630545689683,0.3455392233809778,val,2
S29705,236,13,2026-05-31,31,15,0.0020064875011496,0.0,0.3949581123578316,val,2
S34526,236,13,2026-05-31,31,19,0.0022044032903784,0.0,0.3761999521920072,val,2
S35603,236,13,2026-05-31,58,16,0.0024441233996681,0.005979091226255,0.3838227884154394,val,2
S37661,236,13,2026-05-31,64,18,0.0027535887872554,0.0,0.4525760631795054,val,2
S39635,236,13,2026-05-31,35,31,0.0025567610019282,0.0,0.3452373864900786,val,2
S40426,236,13,2026-05-31,52,18,0.0023876324198892,0.003346936576562,0.3955525657290797,val,2
S03779,236,13,2026-05-31,56,26,0.0024071230799291,0.0,0.3685491730610879,val,3
S05100,236,13,2026-05-31,28,26,0.0022727180805586,0.0,0.3805993215944476,val,3
S06189,236,13,2026-05-31,32,26,0.0022710817315838,0.0061242910701798,0.3951248642868983,val,3
S06191,236,13,2026-05-31,46,25,0.0022220122535069,0.0045432938423285,0.3376780534045226,val,3
S14209,236,13,2026-05-31,38,24,0.0021709882406724,0.0,0.3924722840538147,val,3
S16662,236,13,2026-05-31,55,29,0.0024668794671864,0.0308513609981687,0.378470399598718,val,3
S18005,236,13,2026-05-31,43,18,0.0021493947630382,0.0,0.3156716664712165,val,3
S19024,236,13,2026-05-31,24,23,0.002227844550795,0.0175726491460137,0.3961583914098472,val,3
S19927,236,13,2026-05-31,26,20,0.0020282422751302,0.0,0.3623294355008222,val,3
S20438,236,13,2026-05-31,37,23,0.0023616095229757,0.0,0.3559748314497779,val,3
S22114,236,13,2026-05-31,40,14,0.0020651314696802,0.0,0.3794604695303543,val,3
S22796,236,13,2026-05-31,40,31,0.0025250619460348,0.0046873526360464,0.2769827101377211,val,3
S23715,236,13,2026-05-31,28,21,0.0022036500844753,0.0,0.3965554144029425,val,3
S25982,236,13,2026-05-31,30,29,0.002210484909269,0.0,0.3328151262168096,val,3
S26036,236,13,2026-05-31,50,24,0.0023832631254458,0.0,0.3539500660272792,val,3
S26482,236,13,2026-05-31,23,18,0.0021603297089249,0.0,0.4435058192029612,val,3
S28153,236,13,2026-05-31,59,20,0.0024897330851803,0.0023630545689683,0.3455392233809778,val,3
S29705,236,13,2026-05-31,28,15,0.0020497077274452,0.0,0.3949581123578316,val,3
S34526,236,13,2026-05-31,28,19,0.0021049050517468,0.0,0.3761999521920072,val,3
S35603,236,13,2026-05-31,56,15,0.0026374552040989,0.005979091226255,0.3838227884154394,val,3
S37661,236,13,2026-05-31,60,17,0.0024642302534497,0.0,0.4525760631795054,val,3
S39635,236,13,2026-05-31,32,31,0.0025273945833784,0.0,0.3452373864900786,val,3
S40426,236,13,2026-05-31,55,18,0.0025289814596772,0.003346936576562,0.3955525657290797,val,3
S03779,236,13,2026-05-31,55,26,0.0023490706143154,0.0,0.3685491730610879,val,4
S05100,236,13,2026-05-31,27,26,0.0021984886172805,0.0,0.3805993215944476,val,4
S06189,236,13,2026-05-31,31,26,0.0021903905953224,0.0061242910701798,0.3951248642868983,val,4
S06191,236,13,2026-05-31,47,25,0.0023561118188107,0.0045432938423285,0.3376780534045226,val,4
S14209,236,13,2026-05-31,37,24,0.0023264795493689,0.0,0.3924722840538147,val,4
S16662,236,13,2026-05-31,56,29,0.0025714714359077,0.0308513609981687,0.378470399598718,val,4
S18005,236,13,2026-05-31,42,18,0.0019890164336977,0.0,0.3156716664712165,val,4
S19024,236,13,2026-05-31,25,23,0.0021967814933683,0.0175726491460137,0.3961583914098472,val,4
S19927,236,13,2026-05-31,25,20,0.002194767385835,0.0,0.3623294355008222,val,4
S20438,236,13,2026-05-31,38,23,0.0023459888880728,0.0,0.3559748314497779,val,4
S22114,236,13,2026-05-31,39,14,0.0021152317684748,0.0,0.3794604695303543,val,4
S22796,236,13,2026-05-31,41,31,0.0025503379108842,0.0046873526360464,0.2769827101377211,val,4
S23715,236,13,2026-05-31,29,21,0.0022447039502241,0.0,0.3965554144029425,val,4
S25982,236,13,2026-05-31,31,29,0.0022036983431188,0.0,0.3328151262168096,val,4
S26036,236,13,2026-05-31,49,24,0.0024478787199684,0.0,0.3539500660272792,val,4
S26482,236,13,2026-05-31,22,18,0.0020102628615732,0.0,0.4435058192029612,val,4
S28153,236,13,2026-05-31,58,20,0.0023824130931929,0.0023630545689683,0.3455392233809778,val,4
S29705,236,13,2026-05-31,29,15,0.0020130277172343,0.0,0.3949581123578316,val,4
S34526,236,13,2026-05-31,29,19,0.002189724051906,0.0,0.3761999521920072,val,4
S35603,236,13,2026-05-31,57,15,0.0027384393597172,0.005979091226255,0.3838227884154394,val,4
S37661,236,13,2026-05-31,61,17,0.0026739821578926,0.0,0.4525760631795054,val,4
S39635,236,13,2026-05-31,33,31,0.0024707730721242,0.0,0.3452373864900786,val,4
S40426,236,13,2026-05-31,54,18,0.0022847828151117,0.003346936576562,0.3955525657290797,val,4
S01636,236,14,2026-05-31,41,16,0.0031879530528287,0.0,0.4056081539593694,val,1
S06275,236,14,2026-05-31,29,17,0.0033358658508127,0.0044844667815604,0.4807102805809468,val,1
S09575,236,14,2026-05-31,25,28,0.0030931528399866,0.0,0.4429895725928898,val,1
S10246,236,14,2026-05-31,34,18,0.0028914347700551,0.0,0.4434278780757973,val,1
S10666,236,14,2026-05-31,36,23,0.0033238669396999,0.0,0.4323717135778984,val,1
S10669,236,14,2026-05-31,23,22,0.0033453002800069,0.0,0.4740952512932452,val,1
S11407,236,14,2026-05-31,47,16,0.0025500567884126,0.0150336138902122,0.3378214431642112,val,1
S15997,236,14,2026-05-31,58,24,0.0033408205357722,0.0055221608648792,0.4423417568829577,val,1
S17545,236,14,2026-05-31,34,26,0.0032692997449531,0.0167854841024803,0.4870400304860947,val,1
S17560,236,14,2026-05-31,20,25,0.0032229289523941,0.0255629407717308,0.4555908534982271,val,1
S19775,236,14,2026-05-31,33,16,0.003311834339085,0.0,0.4205956394912551,val,1
S20249,236,14,2026-05-31,29,20,0.0033192058944477,0.0,0.4831825841226299,val,1
S20258,236,14,2026-05-31,40,13,0.003143931611441,0.0038637202884185,0.3869335066211126,val,1
S21092,236,14,2026-05-31,41,30,0.0024487105864489,0.0,0.4260168148849971,val,1
S24152,236,14,2026-05-31,32,25,0.0032931698171268,0.0,0.468802972921536,val,1
S26188,236,14,2026-05-31,35,11,0.0017548881479476,0.0,0.3462575272217769,val,1
S27847,236,14,2026-05-31,54,24,0.0033602380030608,0.0,0.4381279977248606,val,1
S28517,236,14,2026-05-31,35,32,0.0025624506116041,0.0,0.3764667110059363,val,1
S28954,236,14,2026-05-31,47,26,0.0029349540871874,0.0,0.4439241699853966,val,1
S32975,236,14,2026-05-31,60,19,0.0032400858719607,0.0,0.4308354957807889,val,1
S34704,236,14,2026-05-31,37,17,0.0030028631602865,0.0,0.4010278596003298,val,1
S36815,236,14,2026-05-31,59,21,0.0033370208086025,0.0,0.4570043241480246,val,1
S37224,236,14,2026-05-31,46,31,0.0028671755862325,0.0,0.3360345197417578,val,1
S38743,236,14,2026-05-31,48,18,0.0032076466186121,0.0,0.4283634656217022,val,1
S38762,236,14,2026-05-31,50,21,0.0033693153468287,0.0,0.4597300045921883,val,1
S39282,236,14,2026-05-31,52,12,0.0015981946761758,0.0,0.3195781172259286,val,1
S42890,236,14,2026-05-31,63,17,0.0020636227980898,0.0,0.4032028474067625,val,1
S01636,236,14,2026-05-31,40,16,0.0031446089891976,0.0,0.4056081539593694,val,2
S06275,236,14,2026-05-31,30,17,0.0032369815573648,0.0044844667815604,0.4807102805809468,val,2
S09575,236,14,2026-05-31,24,28,0.003049775361004,0.0,0.4429895725928898,val,2
S10246,236,14,2026-05-31,33,18,0.0032028066631348,0.0,0.4434278780757973,val,2
S10666,236,14,2026-05-31,37,23,0.0032286465313156,0.0,0.4323717135778984,val,2
S10669,236,14,2026-05-31,22,22,0.0033728424356825,0.0,0.4740952512932452,val,2
S11407,236,14,2026-05-31,44,16,0.0031255858049869,0.0150336138902122,0.3378214431642112,val,2
S15997,236,14,2026-05-31,57,24,0.0031862674540179,0.0055221608648792,0.4423417568829577,val,2
S17545,236,14,2026-05-31,33,26,0.0029296266723181,0.0167854841024803,0.4870400304860947,val,2
S17560,236,14,2026-05-31,21,25,0.0032941943458152,0.0255629407717308,0.4555908534982271,val,2
S19775,236,14,2026-05-31,32,16,0.0033064453505135,0.0,0.4205956394912551,val,2
S20249,236,14,2026-05-31,28,20,0.0033741102710257,0.0,0.4831825841226299,val,2
S20258,236,14,2026-05-31,41,13,0.0031363147789407,0.0038637202884185,0.3869335066211126,val,2
S21092,236,14,2026-05-31,39,30,0.0025016050986459,0.0,0.4260168148849971,val,2
S24152,236,14,2026-05-31,33,25,0.0030191882682393,0.0,0.468802972921536,val,2
S26188,236,14,2026-05-31,36,11,0.0016581079713774,0.0,0.3462575272217769,val,2
S27847,236,14,2026-05-31,53,24,0.0033547963052732,0.0,0.4381279977248606,val,2
S28517,236,14,2026-05-31,34,11,0.0011559841351557,0.0,0.3764667110059363,val,2
S28954,236,14,2026-05-31,45,26,0.0029302181293541,0.0,0.4439241699853966,val,2
S32975,236,14,2026-05-31,61,19,0.00312509581185,0.0,0.4308354957807889,val,2
S34704,236,14,2026-05-31,38,17,0.0033030318960342,0.0,0.4010278596003298,val,2
S36815,236,14,2026-05-31,60,21,0.0033411443987002,0.0,0.4570043241480246,val,2
S37224,236,14,2026-05-31,47,31,0.0028129540879178,0.0,0.3360345197417578,val,2
S38743,236,14,2026-05-31,47,18,0.0031623921837237,0.0,0.4283634656217022,val,2
S38762,236,14,2026-05-31,51,21,0.0033688659552696,0.0,0.4597300045921883,val,2
S39282,236,14,2026-05-31,53,13,0.0019141794087527,0.0,0.3195781172259286,val,2
S42890,236,14,2026-05-31,63,26,0.0019791128857841,0.0,0.4032028474067625,val,2
S01636,236,14,2026-05-31,43,16,0.0031070083251438,0.0,0.4056081539593694,val,3
S06275,236,14,2026-05-31,27,17,0.0032858322860196,0.0044844667815604,0.4807102805809468,val,3
S09575,236,14,2026-05-31,27,28,0.0030560748437455,0.0,0.4429895725928898,val,3
S10246,236,14,2026-05-31,36,18,0.0028685917825482,0.0,0.4434278780757973,val,3
S10666,236,14,2026-05-31,34,23,0.003108129445737,0.0,0.4323717135778984,val,3
S10669,236,14,2026-05-31,25,22,0.0034013416619246,0.0,0.4740952512932452,val,3
S11407,236,14,2026-05-31,49,16,0.0030365137809106,0.0150336138902122,0.3378214431642112,val,3
S15997,236,14,2026-05-31,60,24,0.003309980754312,0.0055221608648792,0.4423417568829577,val,3
S17545,236,14,2026-05-31,36,26,0.0030476384044615,0.0167854841024803,0.4870400304860947,val,3
S17560,236,14,2026-05-31,18,25,0.0029080439404459,0.0255629407717308,0.4555908534982271,val,3
S19775,236,14,2026-05-31,35,16,0.0033253295538481,0.0,0.4205956394912551,val,3
S20249,236,14,2026-05-31,31,20,0.0032586994038964,0.0,0.4831825841226299,val,3
S20258,236,14,2026-05-31,38,13,0.0030170424768521,0.0038637202884185,0.3869335066211126,val,3
S21092,236,14,2026-05-31,43,30,0.0025279714217455,0.0,0.4260168148849971,val,3
S24152,236,14,2026-05-31,30,25,0.0032855425005281,0.0,0.468802972921536,val,3
S26188,236,14,2026-05-31,39,32,0.0020522142908589,0.0,0.3462575272217769,val,3
S27847,236,14,2026-05-31,56,24,0.0033508853069825,0.0,0.4381279977248606,val,3
S28517,236,14,2026-05-31,37,32,0.0017054172438999,0.0,0.3764667110059363,val,3
S28954,236,14,2026-05-31,50,26,0.0032368102066988,0.0,0.4439241699853966,val,3
S32975,236,14,2026-05-31,58,19,0.003336205203655,0.0,0.4308354957807889,val,3
S34704,236,14,2026-05-31,35,17,0.003289818642366,0.0,0.4010278596003298,val,3
S36815,236,14,2026-05-31,57,21,0.0034163536366106,0.0,0.4570043241480246,val,3
S37224,236,14,2026-05-31,44,31,0.0025143526619455,0.0,0.3360345197417578,val,3
S38743,236,14,2026-05-31,50,18,0.002953279897698,0.0,0.4283634656217022,val,3
S38762,236,14,2026-05-31,48,21,0.0032541562586332,0.0,0.4597300045921883,val,3
S39282,236,14,2026-05-31,45,11,0.0016851190959866,0.0,0.3195781172259286,val,3
S42890,236,14,2026-05-31,60,15,0.001867774358261,0.0,0.4032028474067625,val,3
S01636,236,14,2026-05-31,42,16,0.0031411441459344,0.0,0.4056081539593694,val,4
S06275,236,14,2026-05-31,28,17,0.00331543936079,0.0044844667815604,0.4807102805809468,val,4
S09575,236,14,2026-05-31,26,28,0.003181155597455,0.0,0.4429895725928898,val,4
S10246,236,14,2026-05-31,35,18,0.0028298854584321,0.0,0.4434278780757973,val,4
S10666,236,14,2026-05-31,35,23,0.0032353952115334,0.0,0.4323717135778984,val,4
S10669,236,14,2026-05-31,24,22,0.0032046422316246,0.0,0.4740952512932452,val,4
S11407,236,14,2026-05-31,48,16,0.003013426610595,0.0150336138902122,0.3378214431642112,val,4
S15997,236,14,2026-05-31,59,24,0.0032898969514557,0.0055221608648792,0.4423417568829577,val,4
S17545,236,14,2026-05-31,35,26,0.0031679460270102,0.0167854841024803,0.4870400304860947,val,4
S17560,236,14,2026-05-31,19,25,0.0030961910624811,0.0255629407717308,0.4555908534982271,val,4
S19775,236,14,2026-05-31,34,16,0.0033466607263583,0.0,0.4205956394912551,val,4
S20249,236,14,2026-05-31,30,20,0.0033816207810346,0.0,0.4831825841226299,val,4
S20258,236,14,2026-05-31,39,13,0.0025912990528737,0.0038637202884185,0.3869335066211126,val,4
S21092,236,14,2026-05-31,42,30,0.0025343606248874,0.0,0.4260168148849971,val,4
S24152,236,14,2026-05-31,31,25,0.003303997874242,0.0,0.468802972921536,val,4
S26188,236,14,2026-05-31,38,32,0.00192800933979,0.0,0.3462575272217769,val,4
S27847,236,14,2026-05-31,55,24,0.0033639174066083,0.0,0.4381279977248606,val,4
S28517,236,14,2026-05-31,36,32,0.0015277281528949,0.0,0.3764667110059363,val,4
S28954,236,14,2026-05-31,48,26,0.0031402629991522,0.0,0.4439241699853966,val,4
S32975,236,14,2026-05-31,59,19,0.0032918232186126,0.0,0.4308354957807889,val,4
S34704,236,14,2026-05-31,36,17,0.003221780073417,0.0,0.4010278596003298,val,4
S36815,236,14,2026-05-31,58,21,0.0033568380666225,0.0,0.4570043241480246,val,4
S37224,236,14,2026-05-31,45,31,0.0023710310204521,0.0,0.3360345197417578,val,4
S38743,236,14,2026-05-31,49,18,0.0032440098020403,0.0,0.4283634656217022,val,4
S38762,236,14,2026-05-31,49,21,0.003219805819031,0.0,0.4597300045921883,val,4
S39282,236,14,2026-05-31,46,11,0.0016651613928054,0.0,0.3195781172259286,val,4
S42890,236,14,2026-05-31,62,16,0.002193027584179,0.0,0.4032028474067625,val,4
S00147,236,15,2026-05-31,63,25,0.0031182035565675,0.0,0.4348183240371583,val,1
S05454,236,15,2026-05-31,46,30,0.0030422576138903,0.0067945602504554,0.407728311923387,val,1
S06274,236,15,2026-05-31,51,19,0.0033760252736012,0.0045708715005702,0.4206237786223002,val,1
S08546,236,15,2026-05-31,46,20,0.0031808075331984,0.0,0.4203667392897636,val,1
S09604,236,15,2026-05-31,41,32,0.0023801737922442,0.0,0.4163189782091369,val,1
S09960,236,15,2026-05-31,40,13,0.0029632386816259,0.0040341891442161,0.3373767229041485,val,1
S15214,236,15,2026-05-31,48,27,0.0031577435179499,0.0,0.391826479410756,val,1
S16002,236,15,2026-05-31,43,17,0.0031980376009526,0.0,0.3944145998087086,val,1
S20743,236,15,2026-05-31,27,23,0.0033427106203156,0.0,0.4296105131683305,val,1
S21584,236,15,2026-05-31,60,26,0.0033458017557298,0.0,0.4353406109558901,val,1
S26105,236,15,2026-05-31,40,21,0.0030340241711616,0.0,0.3236122941432369,val,1
S27242,236,15,2026-05-31,57,14,0.0021125730342115,0.0,0.3458667465102694,val,1
S29420,236,15,2026-05-31,45,13,0.0030524939438543,0.0,0.3459018453302298,val,1
S30532,236,15,2026-05-31,58,16,0.003149086986902,0.017924972171538,0.3702612004303574,val,1
S31547,236,15,2026-05-31,30,17,0.0033321218695494,0.0,0.3976836912202042,val,1
S32358,236,15,2026-05-31,21,19,0.0032947773483689,0.0,0.4056363872239044,val,1
S32377,236,15,2026-05-31,55,28,0.0030600477530283,0.0,0.4091217976032528,val,1
S32381,236,15,2026-05-31,62,20,0.0031165424578612,0.0,0.3742856790960465,val,1
S32977,236,15,2026-05-31,27,25,0.0033721660698908,0.0025784695201037,0.4354030105784136,val,1
S33970,236,15,2026-05-31,56,27,0.0031653960698068,0.0,0.3748879717104412,val,1
S35689,236,15,2026-05-31,39,28,0.0032330361096102,0.0020070833484773,0.4166308939353993,val,1
S36339,236,15,2026-05-31,54,16,0.0032331887058321,0.0,0.3966480795340412,val,1
S38741,236,15,2026-05-31,35,28,0.0033232202152051,0.0,0.4455341856973645,val,1
S40145,236,15,2026-05-31,37,15,0.0030318975460521,0.0016538716236227,0.3399604892491132,val,1
S43571,236,15,2026-05-31,26,17,0.0033435548879748,0.0158343734655706,0.4301410974570559,val,1
S00147,236,15,2026-05-31,64,25,0.0031825116171168,0.0,0.4348183240371583,val,2
S05454,236,15,2026-05-31,44,30,0.003182143331504,0.0067945602504554,0.407728311923387,val,2
S06274,236,15,2026-05-31,52,19,0.003148087391323,0.0045708715005702,0.4206237786223002,val,2
S08546,236,15,2026-05-31,45,20,0.0032002298661306,0.0,0.4203667392897636,val,2
S09604,236,15,2026-05-31,40,32,0.0021042493960849,0.0,0.4163189782091369,val,2
S09960,236,15,2026-05-31,42,13,0.0029760354909958,0.0040341891442161,0.3373767229041485,val,2
S15214,236,15,2026-05-31,49,27,0.0031246253280993,0.0,0.391826479410756,val,2
S16002,236,15,2026-05-31,44,17,0.0030404449525604,0.0,0.3944145998087086,val,2
S20743,236,15,2026-05-31,28,23,0.0033058577307618,0.0,0.4296105131683305,val,2
S21584,236,15,2026-05-31,59,26,0.0032258943262487,0.0,0.4353406109558901,val,2
S26105,236,15,2026-05-31,41,21,0.0029631215251746,0.0,0.3236122941432369,val,2
S27242,236,15,2026-05-31,59,15,0.0020492761713547,0.0,0.3458667465102694,val,2
S29420,236,15,2026-05-31,46,13,0.0030616442338702,0.0,0.3459018453302298,val,2
S30532,236,15,2026-05-31,57,16,0.0031431449451416,0.017924972171538,0.3702612004303574,val,2
S31547,236,15,2026-05-31,31,17,0.0032950071873172,0.0,0.3976836912202042,val,2
S32358,236,15,2026-05-31,22,19,0.0033227071461761,0.0,0.4056363872239044,val,2
S32377,236,15,2026-05-31,54,28,0.003152880647458,0.0,0.4091217976032528,val,2
S32381,236,15,2026-05-31,61,20,0.003339994061663,0.0,0.3742856790960465,val,2
S32977,236,15,2026-05-31,28,25,0.0033965377445364,0.0025784695201037,0.4354030105784136,val,2
S33970,236,15,2026-05-31,57,27,0.0031837614692449,0.0,0.3748879717104412,val,2
S35689,236,15,2026-05-31,38,28,0.003153412127702,0.0020070833484773,0.4166308939353993,val,2
S36339,236,15,2026-05-31,53,16,0.0030436286639538,0.0,0.3966480795340412,val,2
S38741,236,15,2026-05-31,34,28,0.0032810213283868,0.0,0.4455341856973645,val,2
S40145,236,15,2026-05-31,38,15,0.0032222539062827,0.0016538716236227,0.3399604892491132,val,2
S43571,236,15,2026-05-31,27,17,0.0031481910695378,0.0158343734655706,0.4301410974570559,val,2
S00147,236,15,2026-05-31,61,25,0.0032501242830845,0.0,0.4348183240371583,val,3
S05454,236,15,2026-05-31,48,30,0.0031448978020541,0.0067945602504554,0.407728311923387,val,3
S06274,236,15,2026-05-31,48,19,0.0032425477546194,0.0045708715005702,0.4206237786223002,val,3
S08546,236,15,2026-05-31,48,20,0.0032676487821634,0.0,0.4203667392897636,val,3
S09604,236,15,2026-05-31,43,32,0.0021320976396396,0.0,0.4163189782091369,val,3
S09960,236,15,2026-05-31,38,13,0.0031517133022294,0.0040341891442161,0.3373767229041485,val,3
S15214,236,15,2026-05-31,46,27,0.0032251491544366,0.0,0.391826479410756,val,3
S16002,236,15,2026-05-31,41,17,0.0031699824217772,0.0,0.3944145998087086,val,3
S20743,236,15,2026-05-31,25,23,0.00340234218202,0.0,0.4296105131683305,val,3
S21584,236,15,2026-05-31,62,26,0.0031423917789923,0.0,0.4353406109558901,val,3
S26105,236,15,2026-05-31,38,21,0.0032325006942645,0.0,0.3236122941432369,val,3
S27242,236,15,2026-05-31,54,13,0.0020624602425492,0.0,0.3458667465102694,val,3
S29420,236,15,2026-05-31,43,13,0.0029963174461605,0.0,0.3459018453302298,val,3
S30532,236,15,2026-05-31,61,16,0.0030171707139364,0.017924972171538,0.3702612004303574,val,3
S31547,236,15,2026-05-31,28,17,0.0032747453664793,0.0,0.3976836912202042,val,3
S32358,236,15,2026-05-31,19,19,0.0032977888927144,0.0,0.4056363872239044,val,3
S32377,236,15,2026-05-31,57,28,0.0031907811476024,0.0,0.4091217976032528,val,3
S32381,236,15,2026-05-31,64,20,0.0032118985602183,0.0,0.3742856790960465,val,3
S32977,236,15,2026-05-31,25,25,0.0032988564184874,0.0025784695201037,0.4354030105784136,val,3
S33970,236,15,2026-05-31,54,27,0.0031768432114903,0.0,0.3748879717104412,val,3
S35689,236,15,2026-05-31,41,28,0.0032341856856279,0.0020070833484773,0.4166308939353993,val,3
S36339,236,15,2026-05-31,56,16,0.0031950721288153,0.0,0.3966480795340412,val,3
S38741,236,15,2026-05-31,37,28,0.0032286669584977,0.0,0.4455341856973645,val,3
S40145,236,15,2026-05-31,35,15,0.00320052134297,0.0016538716236227,0.3399604892491132,val,3
S43571,236,15,2026-05-31,24,17,0.003242596859039,0.0158343734655706,0.4301410974570559,val,3
S00147,236,15,2026-05-31,62,25,0.0031476826064088,0.0,0.4348183240371583,val,4
S05454,236,15,2026-05-31,47,30,0.0031875016174272,0.0067945602504554,0.407728311923387,val,4
S06274,236,15,2026-05-31,49,19,0.0031886986965878,0.0045708715005702,0.4206237786223002,val,4
S08546,236,15,2026-05-31,47,20,0.0032501417110291,0.0,0.4203667392897636,val,4
S09604,236,15,2026-05-31,42,32,0.0022208086831991,0.0,0.4163189782091369,val,4
S09960,236,15,2026-05-31,39,13,0.003158519120097,0.0040341891442161,0.3373767229041485,val,4
S15214,236,15,2026-05-31,47,27,0.0032198832175511,0.0,0.391826479410756,val,4
S16002,236,15,2026-05-31,42,17,0.0032394827401704,0.0,0.3944145998087086,val,4
S20743,236,15,2026-05-31,26,23,0.0033060430107295,0.0,0.4296105131683305,val,4
S21584,236,15,2026-05-31,61,26,0.0031963610683379,0.0,0.4353406109558901,val,4
S26105,236,15,2026-05-31,39,21,0.0029769764771821,0.0,0.3236122941432369,val,4
S27242,236,15,2026-05-31,58,14,0.0020938678451112,0.0,0.3458667465102694,val,4
S29420,236,15,2026-05-31,44,13,0.0031682200896707,0.0,0.3459018453302298,val,4
S30532,236,15,2026-05-31,60,16,0.0029987590402291,0.017924972171538,0.3702612004303574,val,4
S31547,236,15,2026-05-31,29,17,0.003181171992288,0.0,0.3976836912202042,val,4
S32358,236,15,2026-05-31,20,19,0.0030771336577498,0.0,0.4056363872239044,val,4
S32377,236,15,2026-05-31,56,28,0.0031537958590595,0.0,0.4091217976032528,val,4
S32381,236,15,2026-05-31,63,20,0.0032316639896274,0.0,0.3742856790960465,val,4
S32977,236,15,2026-05-31,26,25,0.0031969698441017,0.0025784695201037,0.4354030105784136,val,4
S33970,236,15,2026-05-31,55,27,0.0031824558893911,0.0,0.3748879717104412,val,4
S35689,236,15,2026-05-31,40,28,0.0031870830742457,0.0020070833484773,0.4166308939353993,val,4
S36339,236,15,2026-05-31,55,16,0.0031788811843355,0.0,0.3966480795340412,val,4
S38741,236,15,2026-05-31,36,28,0.0031476130465874,0.0,0.4455341856973645,val,4
S40145,236,15,2026-05-31,36,15,0.0031974853004137,0.0016538716236227,0.3399604892491132,val,4
S43571,236,15,2026-05-31,25,17,0.0033345252143015,0.0158343734655706,0.4301410974570559,val,4
S04399,236,16,2026-05-31,59,21,0.003083516120927,0.0047245591520509,0.4378391227231015,val,1
S06012,236,16,2026-05-31,57,17,0.0029560728769151,0.0,0.3868312745267332,val,1
S07890,236,16,2026-05-31,41,14,0.0019970241256151,0.0,0.3575475589147611,val,1
S08070,236,16,2026-05-31,58,20,0.0032138127120039,0.0202807962534895,0.3939361234388414,val,1
S09375,236,16,2026-05-31,36,23,0.0032072958432276,0.0,0.4191165400174326,val,1
S10127,236,16,2026-05-31,50,20,0.0030651542633378,0.0105176003153163,0.3995654893424272,val,1
S12361,236,16,2026-05-31,51,20,0.0028426075074755,0.0,0.4146582205025229,val,1
S14139,236,16,2026-05-31,46,14,0.0019222289004391,0.0,0.3992560798834361,val,1
S16926,236,16,2026-05-31,33,14,0.0019520680389829,0.0,0.4008594203560299,val,1
S18267,236,16,2026-05-31,43,15,0.0025075740430128,0.0,0.3740527869305197,val,1
S18798,236,16,2026-05-31,35,23,0.0031160014124067,0.0,0.4574831346666365,val,1
S20288,236,16,2026-05-31,26,21,0.0029745099504858,0.0,0.3851451864605055,val,1
S20294,236,16,2026-05-31,35,31,0.0021529954078748,0.0,0.3500949956786223,val,1
S23447,236,16,2026-05-31,28,17,0.0030358750182788,0.0,0.373677640782684,val,1
S29552,236,16,2026-05-31,60,28,0.0028086442219212,0.0,0.3461406445358221,val,1
S38444,236,16,2026-05-31,53,26,0.0031157589377608,0.0,0.3662298118144214,val,1
S38560,236,16,2026-05-31,23,28,0.0019018243462415,0.0,0.3007818093358562,val,1
S39088,236,16,2026-05-31,42,20,0.0032027906596268,0.005882422563884,0.434397220588826,val,1
S42568,236,16,2026-05-31,26,14,0.0018966487009737,0.0025151694576444,0.3621967206355647,val,1
S43479,236,16,2026-05-31,48,28,0.0022149321146768,0.010768636813098,0.2689809753011428,val,1
S04399,236,16,2026-05-31,61,21,0.003103217321092,0.0047245591520509,0.4378391227231015,val,2
S06012,236,16,2026-05-31,59,17,0.0032390120704072,0.0,0.3868312745267332,val,2
S07890,236,16,2026-05-31,38,14,0.0019411132513942,0.0,0.3575475589147611,val,2
S08070,236,16,2026-05-31,56,20,0.0030580361688438,0.0202807962534895,0.3939361234388414,val,2
S09375,236,16,2026-05-31,38,23,0.0032644502830331,0.0,0.4191165400174326,val,2
S10127,236,16,2026-05-31,48,20,0.0031011140595836,0.0105176003153163,0.3995654893424272,val,2
S12361,236,16,2026-05-31,49,20,0.0029595814212684,0.0,0.4146582205025229,val,2
S14139,236,16,2026-05-31,44,14,0.0021302696764752,0.0,0.3992560798834361,val,2
S16926,236,16,2026-05-31,32,14,0.0019703649128409,0.0,0.4008594203560299,val,2
S18267,236,16,2026-05-31,45,15,0.002056336453173,0.0,0.3740527869305197,val,2
S18798,236,16,2026-05-31,37,23,0.0031968372041303,0.0,0.4574831346666365,val,2
S20288,236,16,2026-05-31,28,21,0.0030392692683303,0.0,0.3851451864605055,val,2
S20294,236,16,2026-05-31,36,31,0.0021208305118112,0.0,0.3500949956786223,val,2
S23447,236,16,2026-05-31,30,17,0.0024373318153103,0.0,0.373677640782684,val,2
S29552,236,16,2026-05-31,58,29,0.0027499572146666,0.0,0.3461406445358221,val,2
S38444,236,16,2026-05-31,51,26,0.0028043218845429,0.0,0.3662298118144214,val,2
S38560,236,16,2026-05-31,24,29,0.0019104826609219,0.0,0.3007818093358562,val,2
S39088,236,16,2026-05-31,40,20,0.0030919190856627,0.005882422563884,0.434397220588826,val,2
S42568,236,16,2026-05-31,24,14,0.0016895800660872,0.0025151694576444,0.3621967206355647,val,2
S43479,236,16,2026-05-31,47,28,0.0021934561679231,0.010768636813098,0.2689809753011428,val,2
S04399,236,16,2026-05-31,55,21,0.0027811949658252,0.0047245591520509,0.4378391227231015,val,3
S06012,236,16,2026-05-31,53,17,0.0031860971963534,0.0,0.3868312745267332,val,3
S07890,236,16,2026-05-31,45,14,0.002064369850175,0.0,0.3575475589147611,val,3
S08070,236,16,2026-05-31,62,20,0.0031992418012171,0.0202807962534895,0.3939361234388414,val,3
S09375,236,16,2026-05-31,32,23,0.0032915727822967,0.0,0.4191165400174326,val,3
S10127,236,16,2026-05-31,54,20,0.0028293243645031,0.0105176003153163,0.3995654893424272,val,3
S12361,236,16,2026-05-31,55,20,0.0028105168660546,0.0,0.4146582205025229,val,3
S14139,236,16,2026-05-31,50,14,0.0022198179130481,0.0,0.3992560798834361,val,3
S16926,236,16,2026-05-31,36,14,0.0020277474257118,0.0,0.4008594203560299,val,3
S18267,236,16,2026-05-31,39,15,0.0027258639597324,0.0,0.3740527869305197,val,3
S18798,236,16,2026-05-31,31,23,0.0031983219949469,0.0,0.4574831346666365,val,3
S20288,236,16,2026-05-31,21,21,0.0024170711635141,0.0,0.3851451864605055,val,3
S20294,236,16,2026-05-31,29,30,0.0022820330637218,0.0,0.3500949956786223,val,3
S23447,236,16,2026-05-31,24,17,0.0028687910984532,0.0,0.373677640782684,val,3
S29552,236,16,2026-05-31,59,15,0.0027745799382248,0.0,0.3461406445358221,val,3
S38444,236,16,2026-05-31,58,26,0.0031786734646175,0.0,0.3662298118144214,val,3
S38560,236,16,2026-05-31,28,28,0.0022194251912107,0.0,0.3007818093358562,val,3
S39088,236,16,2026-05-31,46,20,0.0032105839867884,0.005882422563884,0.434397220588826,val,3
S42568,236,16,2026-05-31,30,14,0.0019543934842569,0.0025151694576444,0.3621967206355647,val,3
S43479,236,16,2026-05-31,51,28,0.0025298698015775,0.010768636813098,0.2689809753011428,val,3
S04399,236,16,2026-05-31,57,21,0.0032772074374262,0.0047245591520509,0.4378391227231015,val,4
S06012,236,16,2026-05-31,55,17,0.0030324178314261,0.0,0.3868312745267332,val,4
S07890,236,16,2026-05-31,43,14,0.0015500002884533,0.0,0.3575475589147611,val,4
S08070,236,16,2026-05-31,60,20,0.0031094749954222,0.0202807962534895,0.3939361234388414,val,4
S09375,236,16,2026-05-31,34,23,0.0031022732800677,0.0,0.4191165400174326,val,4
S10127,236,16,2026-05-31,52,20,0.002806672319724,0.0105176003153163,0.3995654893424272,val,4
S12361,236,16,2026-05-31,53,20,0.0027937830617652,0.0,0.4146582205025229,val,4
S14139,236,16,2026-05-31,48,14,0.0019843419285152,0.0,0.3992560798834361,val,4
S16926,236,16,2026-05-31,34,14,0.0019849878446219,0.0,0.4008594203560299,val,4
S18267,236,16,2026-05-31,41,15,0.0020727488592555,0.0,0.3740527869305197,val,4
S18798,236,16,2026-05-31,33,23,0.003095872200235,0.0,0.4574831346666365,val,4
S20288,236,16,2026-05-31,24,21,0.003166106373654,0.0,0.3851451864605055,val,4
S20294,236,16,2026-05-31,34,31,0.0022731880964581,0.0,0.3500949956786223,val,4
S23447,236,16,2026-05-31,26,17,0.0029547520319283,0.0,0.373677640782684,val,4
S29552,236,16,2026-05-31,63,17,0.00294968426473,0.0,0.3461406445358221,val,4
S38444,236,16,2026-05-31,56,26,0.0030169088100919,0.0,0.3662298118144214,val,4
S38560,236,16,2026-05-31,25,28,0.0022274115249658,0.0,0.3007818093358562,val,4
S39088,236,16,2026-05-31,44,20,0.0031027399535832,0.005882422563884,0.434397220588826,val,4
S42568,236,16,2026-05-31,28,14,0.0019041376184167,0.0025151694576444,0.3621967206355647,val,4
S43479,236,16,2026-05-31,49,28,0.0023788724771478,0.010768636813098,0.2689809753011428,val,4
S00922,236,17,2026-05-31,17,16,0.0015241531900665,0.0,0.3610854936611369,val,1
S01367,236,17,2026-05-31,45,18,0.0025965442523329,0.0,0.3866754907494131,val,1
S01453,236,17,2026-05-31,38,24,0.0026856186103052,0.057530139658176,0.4138688555053784,val,1
S02704,236,17,2026-05-31,27,29,0.0022867636512412,0.0,0.3926095029485846,val,1
S04219,236,17,2026-05-31,15,20,0.0027381480883042,0.0,0.3599582363893636,val,1
S06777,236,17,2026-05-31,42,26,0.0025137296680149,0.0,0.4162949218882391,val,1
S10445,236,17,2026-05-31,59,22,0.0027947686576087,0.0,0.4569786202633636,val,1
S11044,236,17,2026-05-31,37,17,0.0026137846274902,0.0210386590651735,0.4096706218196018,val,1
S11046,236,17,2026-05-31,62,23,0.0026148229515045,0.0201400545816987,0.3710365400907627,val,1
S11047,236,17,2026-05-31,31,25,0.0025084278733876,0.0288473099199422,0.4364754411186988,val,1
S11951,236,17,2026-05-31,38,23,0.0025226908810419,0.0,0.434885240945853,val,1
S11954,236,17,2026-05-31,38,29,0.0022159488191714,0.0,0.412564536885845,val,1
S12796,236,17,2026-05-31,42,29,0.002322370680078,0.0,0.4314657990219473,val,1
S13746,236,17,2026-05-31,49,23,0.0026290228041522,0.0066774150208249,0.4245590730647121,val,1
S16124,236,17,2026-05-31,38,31,0.0022004692286471,0.0128341338527486,0.4074430624033183,val,1
S16524,236,17,2026-05-31,55,27,0.0023277293056303,0.0,0.4010612367703409,val,1
S16663,236,17,2026-05-31,23,25,0.0025787601600524,0.0,0.3687924884724619,val,1
S22118,236,17,2026-05-31,21,18,0.0025737820049443,0.0,0.4104537167894855,val,1
S22471,236,17,2026-05-31,55,30,0.001476336182313,0.0,0.3362957216474094,val,1
S25021,236,17,2026-05-31,22,23,0.0026508135987783,0.0,0.423126160420157,val,1
S34975,236,17,2026-05-31,61,16,0.0025620929764532,0.0,0.4179077073081001,val,1
S37533,236,17,2026-05-31,52,19,0.0026765676714253,0.0,0.4267304982751178,val,1
S37931,236,17,2026-05-31,55,22,0.0027823567030283,0.0041733843880155,0.4022531575598438,val,1
S38747,236,17,2026-05-31,31,19,0.0025418517783919,0.0,0.453254218762012,val,1
S39637,236,17,2026-05-31,45,22,0.002727176849986,0.0,0.4205115811393914,val,1
S00922,236,17,2026-05-31,16,17,0.0015631231181908,0.0,0.3610854936611369,val,2
S01367,236,17,2026-05-31,44,18,0.0027803394651176,0.0,0.3866754907494131,val,2
S01453,236,17,2026-05-31,37,24,0.0025318217428524,0.057530139658176,0.4138688555053784,val,2
S02704,236,17,2026-05-31,28,30,0.0022887631756792,0.0,0.3926095029485846,val,2
S04219,236,17,2026-05-31,14,20,0.0027199043008484,0.0,0.3599582363893636,val,2
S06777,236,17,2026-05-31,41,26,0.0023751927653746,0.0,0.4162949218882391,val,2
S10445,236,17,2026-05-31,58,22,0.0027455358326414,0.0,0.4569786202633636,val,2
S11044,236,17,2026-05-31,38,17,0.0026347041540341,0.0210386590651735,0.4096706218196018,val,2
S11046,236,17,2026-05-31,63,23,0.0025531107096034,0.0201400545816987,0.3710365400907627,val,2
S11047,236,17,2026-05-31,32,25,0.0026606818260824,0.0288473099199422,0.4364754411186988,val,2
S11951,236,17,2026-05-31,41,23,0.002711832688117,0.0,0.434885240945853,val,2
S11954,236,17,2026-05-31,39,29,0.0021691224529858,0.0,0.412564536885845,val,2
S12796,236,17,2026-05-31,43,29,0.0022583760247808,0.0,0.4314657990219473,val,2
S13746,236,17,2026-05-31,50,23,0.0027267102632726,0.0066774150208249,0.4245590730647121,val,2
S16124,236,17,2026-05-31,39,31,0.0019331626101056,0.0128341338527486,0.4074430624033183,val,2
S16524,236,17,2026-05-31,56,27,0.0021993923327251,0.0,0.4010612367703409,val,2
S16663,236,17,2026-05-31,24,25,0.0026435088547952,0.0,0.3687924884724619,val,2
S22118,236,17,2026-05-31,20,18,0.0026772069506499,0.0,0.4104537167894855,val,2
S22471,236,17,2026-05-31,54,30,0.001457771880658,0.0,0.3362957216474094,val,2
S25021,236,17,2026-05-31,23,23,0.0026768504184921,0.0,0.423126160420157,val,2
S34975,236,17,2026-05-31,60,16,0.0024527105431505,0.0,0.4179077073081001,val,2
S37533,236,17,2026-05-31,53,19,0.0027166514004556,0.0,0.4267304982751178,val,2
S37931,236,17,2026-05-31,54,22,0.0027141847106928,0.0041733843880155,0.4022531575598438,val,2
S38747,236,17,2026-05-31,32,19,0.0024846590947783,0.0,0.453254218762012,val,2
S39637,236,17,2026-05-31,44,22,0.002636785120525,0.0,0.4205115811393914,val,2
S00922,236,17,2026-05-31,18,15,0.0012866091708438,0.0,0.3610854936611369,val,3
S01367,236,17,2026-05-31,47,18,0.0027161736887413,0.0,0.3866754907494131,val,3
S01453,236,17,2026-05-31,40,24,0.002631267102965,0.057530139658176,0.4138688555053784,val,3
S02704,236,17,2026-05-31,20,28,0.0025107309587434,0.0,0.3926095029485846,val,3
S04219,236,17,2026-05-31,17,20,0.0026352165819949,0.0,0.3599582363893636,val,3
S06777,236,17,2026-05-31,44,26,0.0023793489522455,0.0,0.4162949218882391,val,3
S10445,236,17,2026-05-31,61,22,0.0026708510380819,0.0,0.4569786202633636,val,3
S11044,236,17,2026-05-31,35,17,0.002585770822156,0.0210386590651735,0.4096706218196018,val,3
S11046,236,17,2026-05-31,60,23,0.0027344597396693,0.0201400545816987,0.3710365400907627,val,3
S11047,236,17,2026-05-31,29,25,0.0025035387320597,0.0288473099199422,0.4364754411186988,val,3
S11951,236,17,2026-05-31,36,23,0.0026576401679691,0.0,0.434885240945853,val,3
S11954,236,17,2026-05-31,36,29,0.0022186190903214,0.0,0.412564536885845,val,3
S12796,236,17,2026-05-31,40,29,0.0020915907039933,0.0,0.4314657990219473,val,3
S13746,236,17,2026-05-31,47,23,0.0026571284435801,0.0066774150208249,0.4245590730647121,val,3
S16124,236,17,2026-05-31,36,31,0.0020980088060313,0.0128341338527486,0.4074430624033183,val,3
S16524,236,17,2026-05-31,53,27,0.0024522954786337,0.0,0.4010612367703409,val,3
S16663,236,17,2026-05-31,21,25,0.0026802509182243,0.0,0.3687924884724619,val,3
S22118,236,17,2026-05-31,23,18,0.0027494678109572,0.0,0.4104537167894855,val,3
S22471,236,17,2026-05-31,57,29,0.0018817267246196,0.0,0.3362957216474094,val,3
S25021,236,17,2026-05-31,20,23,0.002663998092349,0.0,0.423126160420157,val,3
S34975,236,17,2026-05-31,54,15,0.0027134220875771,0.0,0.4179077073081001,val,3
S37533,236,17,2026-05-31,50,19,0.0027364963933962,0.0,0.4267304982751178,val,3
S37931,236,17,2026-05-31,57,22,0.0028246587052362,0.0041733843880155,0.4022531575598438,val,3
S38747,236,17,2026-05-31,29,19,0.0025976419772665,0.0,0.453254218762012,val,3
S39637,236,17,2026-05-31,49,22,0.0026236861029851,0.0,0.4205115811393914,val,3
S00922,236,17,2026-05-31,19,15,0.0021596455829413,0.0,0.3610854936611369,val,4
S01367,236,17,2026-05-31,46,18,0.002729259494439,0.0,0.3866754907494131,val,4
S01453,236,17,2026-05-31,39,24,0.0026163878037115,0.057530139658176,0.4138688555053784,val,4
S02704,236,17,2026-05-31,27,30,0.0022905311536163,0.0,0.3926095029485846,val,4
S04219,236,17,2026-05-31,16,20,0.0025765412095743,0.0,0.3599582363893636,val,4
S06777,236,17,2026-05-31,43,26,0.0024513927713139,0.0,0.4162949218882391,val,4
S10445,236,17,2026-05-31,60,22,0.0028122929497273,0.0,0.4569786202633636,val,4
S11044,236,17,2026-05-31,36,17,0.0026069055477162,0.0210386590651735,0.4096706218196018,val,4
S11046,236,17,2026-05-31,61,23,0.0026840951090043,0.0201400545816987,0.3710365400907627,val,4
S11047,236,17,2026-05-31,30,25,0.0025947938344948,0.0288473099199422,0.4364754411186988,val,4
S11951,236,17,2026-05-31,37,23,0.0027766900210009,0.0,0.434885240945853,val,4
S11954,236,17,2026-05-31,37,29,0.0022119627387734,0.0,0.412564536885845,val,4
S12796,236,17,2026-05-31,41,29,0.0022889137953027,0.0,0.4314657990219473,val,4
S13746,236,17,2026-05-31,48,23,0.0026657082378333,0.0066774150208249,0.4245590730647121,val,4
S16124,236,17,2026-05-31,37,31,0.0021096651562347,0.0128341338527486,0.4074430624033183,val,4
S16524,236,17,2026-05-31,54,27,0.0025138523011448,0.0,0.4010612367703409,val,4
S16663,236,17,2026-05-31,22,25,0.0026233775262866,0.0,0.3687924884724619,val,4
S22118,236,17,2026-05-31,22,18,0.0026075503473449,0.0,0.4104537167894855,val,4
S22471,236,17,2026-05-31,58,29,0.0020178080324098,0.0,0.3362957216474094,val,4
S25021,236,17,2026-05-31,21,23,0.0026995213595776,0.0,0.423126160420157,val,4
S34975,236,17,2026-05-31,55,15,0.0026884763518036,0.0,0.4179077073081001,val,4
S37533,236,17,2026-05-31,51,19,0.0026640984298162,0.0,0.4267304982751178,val,4
S37931,236,17,2026-05-31,56,22,0.0026632979894019,0.0041733843880155,0.4022531575598438,val,4
S38747,236,17,2026-05-31,30,19,0.0024613642476864,0.0,0.453254218762012,val,4
S39637,236,17,2026-05-31,46,22,0.0027239661339628,0.0,0.4205115811393914,val,4
S00957,236,18,2026-05-31,41,19,0.003133962904399,0.0,0.4384902524806756,val,1
S01639,236,18,2026-05-31,17,21,0.0030953916516195,0.010342900293133,0.4187239547895271,val,1
S01650,236,18,2026-05-31,54,17,0.0030404820015482,0.0029023846856869,0.3910843522027054,val,1
S03821,236,18,2026-05-31,41,11,0.0018295245998173,0.0,0.3641698317348985,val,1
S04358,236,18,2026-05-31,30,17,0.0031590179599213,0.0,0.4245469614028805,val,1
S09990,236,18,2026-05-31,33,21,0.0030741343656296,0.0117649843764795,0.4040860202651774,val,1
S12600,236,18,2026-05-31,39,29,0.002840385387091,0.0,0.4364465768983572,val,1
S15201,236,18,2026-05-31,51,16,0.0029859145049234,0.0020637135216835,0.4410460860050975,val,1
S15996,236,18,2026-05-31,53,21,0.0030794206445365,0.0018618416123473,0.4016005927411064,val,1
S17544,236,18,2026-05-31,49,21,0.0031277651689135,0.0,0.4055852047016877,val,1
S17547,236,18,2026-05-31,36,31,0.0028570775363333,0.0233647874035031,0.4060454234257127,val,1
S17551,236,18,2026-05-31,24,16,0.0031190699812928,0.0139971769074181,0.4323695762255961,val,1
S18889,236,18,2026-05-31,13,21,0.0025884374256252,0.0244502908966461,0.3930234781989659,val,1
S20225,236,18,2026-05-31,41,21,0.0029032491563802,0.0038662450359202,0.3607997476482142,val,1
S20232,236,18,2026-05-31,61,19,0.0030824575807066,0.0058487102240632,0.3954233801507492,val,1
S23283,236,18,2026-05-31,24,24,0.0031176803364067,0.0,0.4350536263623798,val,1
S30531,236,18,2026-05-31,19,17,0.0029037248025343,0.003440386818542,0.4008735546617359,val,1
S31538,236,18,2026-05-31,53,24,0.0031087054784489,0.0032129604489094,0.3847884752084132,val,1
S31543,236,18,2026-05-31,54,14,0.0030518868467465,0.0048874990165997,0.4504947446536696,val,1
S31992,236,18,2026-05-31,32,16,0.0030993009872616,0.0153222787430358,0.4115559266555386,val,1
S33839,236,18,2026-05-31,52,31,0.00142008400694,0.0,0.3591953635005727,val,1
S35716,236,18,2026-05-31,49,19,0.0031063809554506,0.0019927906687677,0.4052308578100954,val,1
S36273,236,18,2026-05-31,21,14,0.0019580859258826,0.0,0.3721527374776628,val,1
S41856,236,18,2026-05-31,40,31,0.0028394723144077,0.0,0.3561717729557339,val,1
S00957,236,18,2026-05-31,42,19,0.0031196839794378,0.0,0.4384902524806756,val,2
S01639,236,18,2026-05-31,18,21,0.0030543267098784,0.010342900293133,0.4187239547895271,val,2
S01650,236,18,2026-05-31,55,17,0.0030217466014509,0.0029023846856869,0.3910843522027054,val,2
S03821,236,18,2026-05-31,42,11,0.0019609607525346,0.0,0.3641698317348985,val,2
S04358,236,18,2026-05-31,31,17,0.0031705964440818,0.0,0.4245469614028805,val,2
S09990,236,18,2026-05-31,34,21,0.0030489101182426,0.0117649843764795,0.4040860202651774,val,2
S12600,236,18,2026-05-31,40,29,0.0028889441685646,0.0,0.4364465768983572,val,2
S15201,236,18,2026-05-31,50,16,0.0030642325206736,0.0020637135216835,0.4410460860050975,val,2
S15996,236,18,2026-05-31,54,21,0.0029613004511016,0.0018618416123473,0.4016005927411064,val,2
S17544,236,18,2026-05-31,50,21,0.0030797282869358,0.0,0.4055852047016877,val,2
S17547,236,18,2026-05-31,37,31,0.0028953852628045,0.0233647874035031,0.4060454234257127,val,2
S17551,236,18,2026-05-31,23,16,0.0031082332121442,0.0139971769074181,0.4323695762255961,val,2
S18889,236,18,2026-05-31,14,21,0.0028559183901104,0.0244502908966461,0.3930234781989659,val,2
S20225,236,18,2026-05-31,42,21,0.0030138144375055,0.0038662450359202,0.3607997476482142,val,2
S20232,236,18,2026-05-31,62,19,0.0028957637001699,0.0058487102240632,0.3954233801507492,val,2
S23283,236,18,2026-05-31,23,24,0.0029862008621947,0.0,0.4350536263623798,val,2
S30531,236,18,2026-05-31,17,17,0.0030685951088664,0.003440386818542,0.4008735546617359,val,2
S31538,236,18,2026-05-31,52,24,0.0030332879326576,0.0032129604489094,0.3847884752084132,val,2
S31543,236,18,2026-05-31,53,14,0.0030389420134764,0.0048874990165997,0.4504947446536696,val,2
S31992,236,18,2026-05-31,31,16,0.0028376653966326,0.0153222787430358,0.4115559266555386,val,2
S33839,236,18,2026-05-31,50,31,0.0014412036769788,0.0,0.3591953635005727,val,2
S35716,236,18,2026-05-31,50,19,0.0030872779807374,0.0019927906687677,0.4052308578100954,val,2
S36273,236,18,2026-05-31,18,15,0.0012713520180439,0.0,0.3721527374776628,val,2
S41856,236,18,2026-05-31,41,31,0.0026783044458502,0.0,0.3561717729557339,val,2
S00957,236,18,2026-05-31,39,19,0.0031264145802382,0.0,0.4384902524806756,val,3
S01639,236,18,2026-05-31,15,21,0.0028751557920347,0.010342900293133,0.4187239547895271,val,3
S01650,236,18,2026-05-31,52,17,0.0030276205492474,0.0029023846856869,0.3910843522027054,val,3
S03821,236,18,2026-05-31,39,11,0.0017903425588702,0.0,0.3641698317348985,val,3
S04358,236,18,2026-05-31,28,17,0.0031356919098936,0.0,0.4245469614028805,val,3
S09990,236,18,2026-05-31,31,21,0.0031199053703534,0.0117649843764795,0.4040860202651774,val,3
S12600,236,18,2026-05-31,37,29,0.002888792630623,0.0,0.4364465768983572,val,3
S15201,236,18,2026-05-31,53,16,0.0030888697823697,0.0020637135216835,0.4410460860050975,val,3
S15996,236,18,2026-05-31,51,21,0.003073687798458,0.0018618416123473,0.4016005927411064,val,3
S17544,236,18,2026-05-31,47,21,0.0030710228528104,0.0,0.4055852047016877,val,3
S17547,236,18,2026-05-31,34,31,0.0027473538648715,0.0233647874035031,0.4060454234257127,val,3
S17551,236,18,2026-05-31,26,16,0.0030868427306865,0.0139971769074181,0.4323695762255961,val,3
S18889,236,18,2026-05-31,16,20,0.0030489144617605,0.0244502908966461,0.3930234781989659,val,3
S20225,236,18,2026-05-31,39,21,0.0027172972381183,0.0038662450359202,0.3607997476482142,val,3
S20232,236,18,2026-05-31,59,19,0.0030543023100198,0.0058487102240632,0.3954233801507492,val,3
S23283,236,18,2026-05-31,27,24,0.0031041980795498,0.0,0.4350536263623798,val,3
S30531,236,18,2026-05-31,18,16,0.0026425809865706,0.003440386818542,0.4008735546617359,val,3
S31538,236,18,2026-05-31,56,24,0.0029782625136367,0.0032129604489094,0.3847884752084132,val,3
S31543,236,18,2026-05-31,56,14,0.0030831906969881,0.0048874990165997,0.4504947446536696,val,3
S31992,236,18,2026-05-31,34,16,0.0030806124307718,0.0153222787430358,0.4115559266555386,val,3
S33839,236,18,2026-05-31,55,30,0.0015348044790188,0.0,0.3591953635005727,val,3
S35716,236,18,2026-05-31,47,19,0.0031125060990935,0.0019927906687677,0.4052308578100954,val,3
S36273,236,18,2026-05-31,27,12,0.0011524656193229,0.0,0.3721527374776628,val,3
S41856,236,18,2026-05-31,38,31,0.0029566836732076,0.0,0.3561717729557339,val,3
S00957,236,18,2026-05-31,40,19,0.0031507158880482,0.0,0.4384902524806756,val,4
S01639,236,18,2026-05-31,16,21,0.0030406965758603,0.010342900293133,0.4187239547895271,val,4
S01650,236,18,2026-05-31,53,17,0.0030771783514814,0.0029023846856869,0.3910843522027054,val,4
S03821,236,18,2026-05-31,40,11,0.0017549010392269,0.0,0.3641698317348985,val,4
S04358,236,18,2026-05-31,29,17,0.0030932581043692,0.0,0.4245469614028805,val,4
S09990,236,18,2026-05-31,32,21,0.0029830028903586,0.0117649843764795,0.4040860202651774,val,4
S12600,236,18,2026-05-31,38,29,0.0028788493329378,0.0,0.4364465768983572,val,4
S15201,236,18,2026-05-31,52,16,0.0030836815176029,0.0020637135216835,0.4410460860050975,val,4
S15996,236,18,2026-05-31,52,21,0.0031230305057812,0.0018618416123473,0.4016005927411064,val,4
S17544,236,18,2026-05-31,48,21,0.0030573897449464,0.0,0.4055852047016877,val,4
S17547,236,18,2026-05-31,35,31,0.0031466773366635,0.0233647874035031,0.4060454234257127,val,4
S17551,236,18,2026-05-31,25,16,0.0030718484084652,0.0139971769074181,0.4323695762255961,val,4
S18889,236,18,2026-05-31,15,20,0.0029167367497435,0.0244502908966461,0.3930234781989659,val,4
S20225,236,18,2026-05-31,40,21,0.0030991617373226,0.0038662450359202,0.3607997476482142,val,4
S20232,236,18,2026-05-31,60,19,0.0028548927401776,0.0058487102240632,0.3954233801507492,val,4
S23283,236,18,2026-05-31,26,24,0.0030687101285399,0.0,0.4350536263623798,val,4
S30531,236,18,2026-05-31,18,17,0.0029636841585093,0.003440386818542,0.4008735546617359,val,4
S31538,236,18,2026-05-31,55,24,0.0028148193401096,0.0032129604489094,0.3847884752084132,val,4
S31543,236,18,2026-05-31,55,14,0.0029981583640219,0.0048874990165997,0.4504947446536696,val,4
S31992,236,18,2026-05-31,33,16,0.0030978765382445,0.0153222787430358,0.4115559266555386,val,4
S33839,236,18,2026-05-31,54,30,0.0015045122725737,0.0,0.3591953635005727,val,4
S35716,236,18,2026-05-31,48,19,0.0030465967582867,0.0019927906687677,0.4052308578100954,val,4
S36273,236,18,2026-05-31,25,13,0.0015098326419463,0.0,0.3721527374776628,val,4
S41856,236,18,2026-05-31,39,31,0.0028490658761725,0.0,0.3561717729557339,val,4
S08065,236,19,2026-05-31,41,28,0.0029892268818095,0.0194413572363773,0.4306141304943752,val,1
S08964,236,19,2026-05-31,52,16,0.0027822026140101,0.0,0.3949548647539807,val,1
S12063,236,19,2026-05-31,21,24,0.0027707839593672,0.0,0.3878184161420601,val,1
S15751,236,19,2026-05-31,37,28,0.0029340115550264,0.0036653539242149,0.4231522710263788,val,1
S16925,236,19,2026-05-31,32,12,0.0027334000804915,0.0,0.4121256856498178,val,1
S18037,236,19,2026-05-31,51,30,0.0029354970600151,0.0,0.4386322647274897,val,1
S18795,236,19,2026-05-31,54,18,0.0031477519673002,0.0111423485470108,0.3889350656643726,val,1
S20286,236,19,2026-05-31,23,27,0.0030261287863923,0.0097858532397671,0.3792918821995545,val,1
S25144,236,19,2026-05-31,48,24,0.003204409584655,0.0,0.4388205315400846,val,1
S27343,236,19,2026-05-31,33,18,0.0029004502922494,0.0,0.4371342970267557,val,1
S28068,236,19,2026-05-31,47,30,0.0029707748746388,0.0,0.4649835453207074,val,1
S31017,236,19,2026-05-31,61,18,0.0030941171342449,0.0,0.4437853318053384,val,1
S31577,236,19,2026-05-31,14,19,0.0024345687870826,0.0097796143250688,0.4097822019050576,val,1
S33360,236,19,2026-05-31,44,18,0.0028272779597569,0.0017874354437299,0.3956576526323865,val,1
S39659,236,19,2026-05-31,46,25,0.0031110094825806,0.0,0.4585209772840848,val,1
S41413,236,19,2026-05-31,35,21,0.0031549868505541,0.0,0.4210024258853557,val,1
S43485,236,19,2026-05-31,24,20,0.0029818605653886,0.0713642228831295,0.4225695351461552,val,1
S08065,236,19,2026-05-31,40,28,0.0030018907823147,0.0194413572363773,0.4306141304943752,val,2
S08964,236,19,2026-05-31,50,16,0.0024329385031358,0.0,0.3949548647539807,val,2
S12063,236,19,2026-05-31,20,24,0.0026649375622499,0.0,0.3878184161420601,val,2
S15751,236,19,2026-05-31,35,28,0.0027765845421425,0.0036653539242149,0.4231522710263788,val,2
S16925,236,19,2026-05-31,28,13,0.0028396547384485,0.0,0.4121256856498178,val,2
S18037,236,19,2026-05-31,50,30,0.0028957577932903,0.0,0.4386322647274897,val,2
S18795,236,19,2026-05-31,52,18,0.0027173586241152,0.0111423485470108,0.3889350656643726,val,2
S20286,236,19,2026-05-31,25,27,0.0028602695030737,0.0097858532397671,0.3792918821995545,val,2
S25144,236,19,2026-05-31,45,24,0.0030578734606568,0.0,0.4388205315400846,val,2
S27343,236,19,2026-05-31,31,18,0.0029332744342365,0.0,0.4371342970267557,val,2
S28068,236,19,2026-05-31,46,30,0.0028633413638895,0.0,0.4649835453207074,val,2
S31017,236,19,2026-05-31,59,18,0.0031079342558005,0.0,0.4437853318053384,val,2
S31577,236,19,2026-05-31,16,19,0.0025980041179269,0.0097796143250688,0.4097822019050576,val,2
S33360,236,19,2026-05-31,42,18,0.0025854558819849,0.0017874354437299,0.3956576526323865,val,2
S39659,236,19,2026-05-31,47,25,0.0031728373616018,0.0,0.4585209772840848,val,2
S41413,236,19,2026-05-31,37,21,0.0030532433299723,0.0,0.4210024258853557,val,2
S43485,236,19,2026-05-31,22,20,0.0029756991113806,0.0713642228831295,0.4225695351461552,val,2
S08065,236,19,2026-05-31,43,28,0.0028439078022393,0.0194413572363773,0.4306141304943752,val,3
S08964,236,19,2026-05-31,56,16,0.002784171045596,0.0,0.3949548647539807,val,3
S12063,236,19,2026-05-31,23,24,0.0028096967793314,0.0,0.3878184161420601,val,3
S15751,236,19,2026-05-31,39,28,0.0028828169666379,0.0036653539242149,0.4231522710263788,val,3
S16925,236,19,2026-05-31,36,12,0.002398421680213,0.0,0.4121256856498178,val,3
S18037,236,19,2026-05-31,56,29,0.0030488864841906,0.0,0.4386322647274897,val,3
S18795,236,19,2026-05-31,58,18,0.0030770546167004,0.0111423485470108,0.3889350656643726,val,3
S20286,236,19,2026-05-31,21,27,0.0027986647899426,0.0097858532397671,0.3792918821995545,val,3
S25144,236,19,2026-05-31,53,24,0.0031031320520959,0.0,0.4388205315400846,val,3
S27343,236,19,2026-05-31,37,18,0.0027790125461814,0.0,0.4371342970267557,val,3
S28068,236,19,2026-05-31,49,30,0.0028696175550741,0.0,0.4649835453207074,val,3
S31017,236,19,2026-05-31,62,17,0.0030603135350648,0.0,0.4437853318053384,val,3
S31577,236,19,2026-05-31,20,18,0.0027338077202486,0.0097796143250688,0.4097822019050576,val,3
S33360,236,19,2026-05-31,48,18,0.0030539561662173,0.0017874354437299,0.3956576526323865,val,3
S39659,236,19,2026-05-31,44,25,0.0031415447513771,0.0,0.4585209772840848,val,3
S41413,236,19,2026-05-31,31,21,0.0031099708066511,0.0,0.4210024258853557,val,3
S43485,236,19,2026-05-31,28,20,0.0032133900193832,0.0713642228831295,0.4225695351461552,val,3
S08065,236,19,2026-05-31,42,28,0.003024200651315,0.0194413572363773,0.4306141304943752,val,4
S08964,236,19,2026-05-31,54,16,0.0029352081524273,0.0,0.3949548647539807,val,4
S12063,236,19,2026-05-31,22,24,0.0028517926303356,0.0,0.3878184161420601,val,4
S15751,236,19,2026-05-31,38,28,0.0028653377939104,0.0036653539242149,0.4231522710263788,val,4
S16925,236,19,2026-05-31,34,12,0.0025000183474826,0.0,0.4121256856498178,val,4
S18037,236,19,2026-05-31,52,30,0.0027544817846114,0.0,0.4386322647274897,val,4
S18795,236,19,2026-05-31,56,18,0.0031370597004635,0.0111423485470108,0.3889350656643726,val,4
S20286,236,19,2026-05-31,22,27,0.0028884375557266,0.0097858532397671,0.3792918821995545,val,4
S25144,236,19,2026-05-31,51,24,0.0030596296357838,0.0,0.4388205315400846,val,4
S27343,236,19,2026-05-31,35,18,0.0027960993277118,0.0,0.4371342970267557,val,4
S28068,236,19,2026-05-31,48,30,0.0029296147026122,0.0,0.4649835453207074,val,4
S31017,236,19,2026-05-31,63,18,0.0030990600227151,0.0,0.4437853318053384,val,4
S31577,236,19,2026-05-31,17,18,0.0028081542734692,0.0097796143250688,0.4097822019050576,val,4
S33360,236,19,2026-05-31,46,18,0.0027892541508273,0.0017874354437299,0.3956576526323865,val,4
S39659,236,19,2026-05-31,45,25,0.0030926831953901,0.0,0.4585209772840848,val,4
S41413,236,19,2026-05-31,33,21,0.0030656903670961,0.0,0.4210024258853557,val,4
S43485,236,19,2026-05-31,26,20,0.0028711749749568,0.0713642228831295,0.4225695351461552,val,4
S02838,236,20,2026-05-31,26,16,0.0024363990296392,0.0,0.3750256479855986,val,1
S03782,236,20,2026-05-31,52,24,0.0026494258393635,0.0,0.4171803271023299,val,1
S04215,236,20,2026-05-31,52,16,0.0026519770124294,0.0,0.3914763633906113,val,1
S09695,236,20,2026-05-31,24,19,0.002388299389916,0.0,0.3457154317743134,val,1
S09744,236,20,2026-05-31,35,28,0.0027412716670675,0.0,0.4345172764037192,val,1
S12215,236,20,2026-05-31,16,19,0.0024778200802777,0.0,0.3692657190648584,val,1
S14915,236,20,2026-05-31,21,14,0.0015624582285771,0.0,0.3256495124679167,val,1
S15352,236,20,2026-05-31,34,32,0.0024935796356367,0.0,0.3833163443711496,val,1
S17056,236,20,2026-05-31,55,15,0.002509690528401,0.0,0.2939122109561358,val,1
S19553,236,20,2026-05-31,36,24,0.0026611263983071,0.0029343866423413,0.4400031507775662,val,1
S19916,236,20,2026-05-31,28,23,0.0027995117624128,0.0,0.4131637313915373,val,1
S19924,236,20,2026-05-31,35,31,0.0025049625176049,0.0,0.4223022024904175,val,1
S21441,236,20,2026-05-31,50,25,0.0027647920017122,0.0,0.3559173394096464,val,1
S22797,236,20,2026-05-31,33,13,0.0024874786107518,0.017639466976414,0.3673405440647874,val,1
S23721,236,20,2026-05-31,57,27,0.002428633339523,0.0033655669321198,0.3940735515447713,val,1
S24723,236,20,2026-05-31,57,22,0.0027004469430976,0.0020424181902613,0.4157927377313206,val,1
S25571,236,20,2026-05-31,25,17,0.0027255695979275,0.0030506144195239,0.3910347344284814,val,1
S27500,236,20,2026-05-31,46,26,0.0026290522516318,0.0,0.4263923297746783,val,1
S29928,236,20,2026-05-31,36,14,0.0025578321564047,0.0,0.3695199434497218,val,1
S30412,236,20,2026-05-31,51,17,0.0024397018433796,0.0,0.3257608758154273,val,1
S33696,236,20,2026-05-31,53,23,0.0026762678280599,0.0,0.3929258387133452,val,1
S36808,236,20,2026-05-31,53,22,0.0027577894626574,0.0,0.3741981464033188,val,1
S37663,236,20,2026-05-31,41,25,0.0025224431497373,0.0,0.395416576516679,val,1
S37932,236,20,2026-05-31,60,25,0.0028289882122489,0.0056608179141537,0.4296315422780262,val,1
S37934,236,20,2026-05-31,56,16,0.0025593936357222,0.0041668413330538,0.4015505842810793,val,1
S38745,236,20,2026-05-31,46,25,0.0024394127206158,0.0,0.3696144186659562,val,1
S39364,236,20,2026-05-31,36,21,0.0027131899981363,0.0,0.3795779707864471,val,1
S02838,236,20,2026-05-31,25,16,0.0024207634575725,0.0,0.3750256479855986,val,2
S03782,236,20,2026-05-31,51,24,0.0026831436987067,0.0,0.4171803271023299,val,2
S04215,236,20,2026-05-31,51,16,0.0023818456435273,0.0,0.3914763633906113,val,2
S09695,236,20,2026-05-31,25,19,0.0021611557046082,0.0,0.3457154317743134,val,2
S09744,236,20,2026-05-31,34,28,0.0026186478615597,0.0,0.4345172764037192,val,2
S12215,236,20,2026-05-31,17,19,0.0023712718085717,0.0,0.3692657190648584,val,2
S14915,236,20,2026-05-31,19,15,0.0016443078456579,0.0,0.3256495124679167,val,2
S15352,236,20,2026-05-31,35,32,0.0025658516724215,0.0,0.3833163443711496,val,2
S17056,236,20,2026-05-31,56,15,0.0027632303019699,0.0,0.2939122109561358,val,2
S19553,236,20,2026-05-31,35,24,0.0025114109767341,0.0029343866423413,0.4400031507775662,val,2
S19916,236,20,2026-05-31,29,23,0.0026627487064302,0.0,0.4131637313915373,val,2
S19924,236,20,2026-05-31,36,31,0.0024887044154729,0.0,0.4223022024904175,val,2
S21441,236,20,2026-05-31,51,25,0.0026925248620459,0.0,0.3559173394096464,val,2
S22797,236,20,2026-05-31,34,13,0.0025082146780672,0.017639466976414,0.3673405440647874,val,2
S23721,236,20,2026-05-31,59,27,0.0026349182763752,0.0033655669321198,0.3940735515447713,val,2
S24723,236,20,2026-05-31,56,22,0.0027749256620751,0.0020424181902613,0.4157927377313206,val,2
S25571,236,20,2026-05-31,26,17,0.0022899642393175,0.0030506144195239,0.3910347344284814,val,2
S27500,236,20,2026-05-31,45,26,0.002750676509019,0.0,0.4263923297746783,val,2
S29928,236,20,2026-05-31,35,14,0.0023628416260813,0.0,0.3695199434497218,val,2
S30412,236,20,2026-05-31,52,17,0.0026234743979453,0.0,0.3257608758154273,val,2
S33696,236,20,2026-05-31,54,23,0.002669776583837,0.0,0.3929258387133452,val,2
S36808,236,20,2026-05-31,52,22,0.0028063288383193,0.0,0.3741981464033188,val,2
S37663,236,20,2026-05-31,43,25,0.0026268103215007,0.0,0.395416576516679,val,2
S37932,236,20,2026-05-31,61,25,0.002676654691044,0.0056608179141537,0.4296315422780262,val,2
S37934,236,20,2026-05-31,55,16,0.0025433456975641,0.0041668413330538,0.4015505842810793,val,2
S38745,236,20,2026-05-31,47,25,0.002492831749951,0.0,0.3696144186659562,val,2
S39364,236,20,2026-05-31,37,21,0.0026050856239135,0.0,0.3795779707864471,val,2
S02838,236,20,2026-05-31,28,16,0.0023160661464929,0.0,0.3750256479855986,val,3
S03782,236,20,2026-05-31,54,24,0.0028038544024784,0.0,0.4171803271023299,val,3
S04215,236,20,2026-05-31,54,16,0.0025485287428864,0.0,0.3914763633906113,val,3
S09695,236,20,2026-05-31,22,19,0.0026155688950871,0.0,0.3457154317743134,val,3
S09744,236,20,2026-05-31,38,28,0.0025952466399979,0.0,0.4345172764037192,val,3
S12215,236,20,2026-05-31,14,19,0.0025046823356218,0.0,0.3692657190648584,val,3
S14915,236,20,2026-05-31,26,13,0.0016361362514392,0.0,0.3256495124679167,val,3
S15352,236,20,2026-05-31,30,31,0.0021404751044216,0.0,0.3833163443711496,val,3
S17056,236,20,2026-05-31,53,15,0.0025201633548283,0.0,0.2939122109561358,val,3
S19553,236,20,2026-05-31,38,24,0.0025393064465129,0.0029343866423413,0.4400031507775662,val,3
S19916,236,20,2026-05-31,26,23,0.0023847569770414,0.0,0.4131637313915373,val,3
S19924,236,20,2026-05-31,32,31,0.002708328496922,0.0,0.4223022024904175,val,3
S21441,236,20,2026-05-31,48,25,0.002654144167497,0.0,0.3559173394096464,val,3
S22797,236,20,2026-05-31,31,13,0.0025766427666401,0.017639466976414,0.3673405440647874,val,3
S23721,236,20,2026-05-31,55,27,0.0026538700283883,0.0033655669321198,0.3940735515447713,val,3
S24723,236,20,2026-05-31,59,22,0.002651874453451,0.0020424181902613,0.4157927377313206,val,3
S25571,236,20,2026-05-31,23,17,0.0025158432033865,0.0030506144195239,0.3910347344284814,val,3
S27500,236,20,2026-05-31,48,26,0.0025919429008143,0.0,0.4263923297746783,val,3
S29928,236,20,2026-05-31,38,14,0.0024911202768199,0.0,0.3695199434497218,val,3
S30412,236,20,2026-05-31,48,17,0.0024752711116318,0.0,0.3257608758154273,val,3
S33696,236,20,2026-05-31,51,23,0.0026504533047227,0.0,0.3929258387133452,val,3
S36808,236,20,2026-05-31,55,22,0.0026704981023453,0.0,0.3741981464033188,val,3
S37663,236,20,2026-05-31,39,25,0.0027791366477251,0.0,0.395416576516679,val,3
S37932,236,20,2026-05-31,58,25,0.00278266081111,0.0056608179141537,0.4296315422780262,val,3
S37934,236,20,2026-05-31,58,16,0.0027004024533,0.0041668413330538,0.4015505842810793,val,3
S38745,236,20,2026-05-31,44,25,0.002588757253568,0.0,0.3696144186659562,val,3
S39364,236,20,2026-05-31,34,21,0.0026626911003424,0.0,0.3795779707864471,val,3
S02838,236,20,2026-05-31,27,16,0.0022925699095563,0.0,0.3750256479855986,val,4
S03782,236,20,2026-05-31,53,24,0.0028235347450344,0.0,0.4171803271023299,val,4
S04215,236,20,2026-05-31,53,16,0.0023386835960876,0.0,0.3914763633906113,val,4
S09695,236,20,2026-05-31,23,19,0.0024102897531699,0.0,0.3457154317743134,val,4
S09744,236,20,2026-05-31,37,28,0.0024116230727509,0.0,0.4345172764037192,val,4
S12215,236,20,2026-05-31,15,19,0.0024328547074266,0.0,0.3692657190648584,val,4
S14915,236,20,2026-05-31,22,14,0.0015829845570631,0.0,0.3256495124679167,val,4
S15352,236,20,2026-05-31,31,31,0.0020930021335089,0.0,0.3833163443711496,val,4
S17056,236,20,2026-05-31,54,15,0.0025690656836581,0.0,0.2939122109561358,val,4
S19553,236,20,2026-05-31,37,24,0.0028429453191079,0.0029343866423413,0.4400031507775662,val,4
S19916,236,20,2026-05-31,27,23,0.0027307010463378,0.0,0.4131637313915373,val,4
S19924,236,20,2026-05-31,34,31,0.0026630383463648,0.0,0.4223022024904175,val,4
S21441,236,20,2026-05-31,49,25,0.0027223317489047,0.0,0.3559173394096464,val,4
S22797,236,20,2026-05-31,32,13,0.0024595993792542,0.017639466976414,0.3673405440647874,val,4
S23721,236,20,2026-05-31,56,27,0.0024925094882284,0.0033655669321198,0.3940735515447713,val,4
S24723,236,20,2026-05-31,58,22,0.0027814840901648,0.0020424181902613,0.4157927377313206,val,4
S25571,236,20,2026-05-31,24,17,0.0024194553913216,0.0030506144195239,0.3910347344284814,val,4
S27500,236,20,2026-05-31,47,26,0.0025741331551644,0.0,0.4263923297746783,val,4
S29928,236,20,2026-05-31,37,14,0.002373498460835,0.0,0.3695199434497218,val,4
S30412,236,20,2026-05-31,50,17,0.0023348873326767,0.0,0.3257608758154273,val,4
S33696,236,20,2026-05-31,52,23,0.0028179923936576,0.0,0.3929258387133452,val,4
S36808,236,20,2026-05-31,54,22,0.0027482102237371,0.0,0.3741981464033188,val,4
S37663,236,20,2026-05-31,40,25,0.0025048425828704,0.0,0.395416576516679,val,4
S37932,236,20,2026-05-31,59,25,0.0028242059476383,0.0056608179141537,0.4296315422780262,val,4
S37934,236,20,2026-05-31,57,16,0.0025379893693816,0.0041668413330538,0.4015505842810793,val,4
S38745,236,20,2026-05-31,45,25,0.0027273550857916,0.0,0.3696144186659562,val,4
S39364,236,20,2026-05-31,35,21,0.0024837414232536,0.0,0.3795779707864471,val,4
S02657,236,21,2026-05-31,56,25,0.0019307475886173,0.0,0.3464764122708512,val,1
S02840,236,21,2026-05-31,36,27,0.0017126750808825,0.0,0.3490009116747766,val,1
S04212,236,21,2026-05-31,24,23,0.0014527915889769,0.0,0.2626111925959486,val,1
S05889,236,21,2026-05-31,27,20,0.0017004045788222,0.0,0.3336872155843375,val,1
S09692,236,21,2026-05-31,40,21,0.0016436755274695,0.0,0.2576273293689994,val,1
S11953,236,21,2026-05-31,24,18,0.0015525622256089,0.0,0.2639253290886748,val,1
S14329,236,21,2026-05-31,13,22,0.0016397326969027,0.0,0.3022041366004018,val,1
S15336,236,21,2026-05-31,45,24,0.0018536233192354,0.0,0.3631399570291467,val,1
S19013,236,21,2026-05-31,27,21,0.0014974443734335,0.0,0.3043783300842165,val,1
S19205,236,21,2026-05-31,59,22,0.0021604642145102,0.0,0.313762216406978,val,1
S19207,236,21,2026-05-31,38,26,0.0016922165606308,0.0,0.3481405719596462,val,1
S20439,236,21,2026-05-31,63,18,0.0022475899195193,0.0,0.3617843872149569,val,1
S22136,236,21,2026-05-31,42,29,0.0017773062220114,0.0,0.4045542234015329,val,1
S22472,236,21,2026-05-31,55,13,0.0014235881013511,0.0,0.306548812386932,val,1
S25020,236,21,2026-05-31,35,25,0.0016137182374869,0.0,0.341606957350608,val,1
S28773,236,21,2026-05-31,20,24,0.0014066514867524,0.0,0.3343915884610512,val,1
S34026,236,21,2026-05-31,44,23,0.0016964969084796,0.0,0.3494931087793224,val,1
S36345,236,21,2026-05-31,53,20,0.0018663468696337,0.0,0.2760942039505514,val,1
S37232,236,21,2026-05-31,28,27,0.001619582793577,0.0,0.3389849315310882,val,1
S37895,236,21,2026-05-31,42,30,0.0018836521653096,0.0,0.3680447837897142,val,1
S39756,236,21,2026-05-31,52,25,0.0019603166923993,0.0,0.3769363562468396,val,1
S40439,236,21,2026-05-31,46,30,0.0018610593661991,0.003312902655988,0.326339831016479,val,1
S41147,236,21,2026-05-31,54,14,0.0018195998611314,0.0,0.3251924730266387,val,1
S43238,236,21,2026-05-31,24,16,0.0016167301242277,0.0180720701065415,0.3268676015374748,val,1
S02657,236,21,2026-05-31,57,25,0.0021290291234535,0.0,0.3464764122708512,val,2
S02840,236,21,2026-05-31,37,27,0.0017715367829454,0.0,0.3490009116747766,val,2
S04212,236,21,2026-05-31,25,23,0.0016667569034593,0.0,0.2626111925959486,val,2
S05889,236,21,2026-05-31,26,20,0.0015936923607042,0.0,0.3336872155843375,val,2
S09692,236,21,2026-05-31,41,21,0.0017227004296268,0.0,0.2576273293689994,val,2
S11953,236,21,2026-05-31,23,18,0.0014892919397975,0.0,0.2639253290886748,val,2
S14329,236,21,2026-05-31,13,23,0.0017031260354521,0.0,0.3022041366004018,val,2
S15336,236,21,2026-05-31,44,24,0.0017976157135681,0.0,0.3631399570291467,val,2
S19013,236,21,2026-05-31,28,21,0.0017536130550099,0.0,0.3043783300842165,val,2
S19205,236,21,2026-05-31,58,22,0.0020243967270985,0.0,0.313762216406978,val,2
S19207,236,21,2026-05-31,37,26,0.0014637461745174,0.0,0.3481405719596462,val,2
S20439,236,21,2026-05-31,61,18,0.0018917574530944,0.0,0.3617843872149569,val,2
S22136,236,21,2026-05-31,43,29,0.0018687517320156,0.0,0.4045542234015329,val,2
S22472,236,21,2026-05-31,56,13,0.0013580643145452,0.0,0.306548812386932,val,2
S25020,236,21,2026-05-31,36,25,0.0017648822161977,0.0,0.341606957350608,val,2
S28773,236,21,2026-05-31,19,24,0.0014197972056195,0.0,0.3343915884610512,val,2
S34026,236,21,2026-05-31,45,23,0.0018190475305605,0.0,0.3494931087793224,val,2
S36345,236,21,2026-05-31,51,20,0.0020833819106773,0.0,0.2760942039505514,val,2
S37232,236,21,2026-05-31,29,27,0.0017471835367343,0.0,0.3389849315310882,val,2
S37895,236,21,2026-05-31,41,30,0.0018598640507648,0.0,0.3680447837897142,val,2
S39756,236,21,2026-05-31,53,25,0.0018472271313057,0.0,0.3769363562468396,val,2
S40439,236,21,2026-05-31,45,30,0.0017786701128705,0.003312902655988,0.326339831016479,val,2
S41147,236,21,2026-05-31,51,14,0.0017448420252486,0.0,0.3251924730266387,val,2
S43238,236,21,2026-05-31,23,16,0.0016467700231173,0.0180720701065415,0.3268676015374748,val,2
S02657,236,21,2026-05-31,54,25,0.0019147241212477,0.0,0.3464764122708512,val,3
S02840,236,21,2026-05-31,34,27,0.0017562266941014,0.0,0.3490009116747766,val,3
S04212,236,21,2026-05-31,22,23,0.0014617750230819,0.0,0.2626111925959486,val,3
S05889,236,21,2026-05-31,29,20,0.0017379429985303,0.0,0.3336872155843375,val,3
S09692,236,21,2026-05-31,37,21,0.0014937618380916,0.0,0.2576273293689994,val,3
S11953,236,21,2026-05-31,26,18,0.0017563448411247,0.0,0.2639253290886748,val,3
S14329,236,21,2026-05-31,15,22,0.0016393015016364,0.0,0.3022041366004018,val,3
S15336,236,21,2026-05-31,47,24,0.0019779292883793,0.0,0.3631399570291467,val,3
S19013,236,21,2026-05-31,25,21,0.0015973703358885,0.0,0.3043783300842165,val,3
S19205,236,21,2026-05-31,61,22,0.002074587746568,0.0,0.313762216406978,val,3
S19207,236,21,2026-05-31,41,26,0.0019221891655769,0.0,0.3481405719596462,val,3
S20439,236,21,2026-05-31,62,17,0.0019989768823926,0.0,0.3617843872149569,val,3
S22136,236,21,2026-05-31,40,29,0.0018580196323897,0.0,0.4045542234015329,val,3
S22472,236,21,2026-05-31,53,13,0.0014108460362543,0.0,0.306548812386932,val,3
S25020,236,21,2026-05-31,33,25,0.0015519861117547,0.0,0.341606957350608,val,3
S28773,236,21,2026-05-31,22,24,0.0014755931863706,0.0,0.3343915884610512,val,3
S34026,236,21,2026-05-31,42,23,0.0017764037154118,0.0,0.3494931087793224,val,3
S36345,236,21,2026-05-31,55,20,0.0017805777778553,0.0,0.2760942039505514,val,3
S37232,236,21,2026-05-31,26,27,0.0015591409402336,0.0,0.3389849315310882,val,3
S37895,236,21,2026-05-31,44,30,0.0018002664460415,0.0,0.3680447837897142,val,3
S39756,236,21,2026-05-31,50,25,0.0020694920517593,0.0,0.3769363562468396,val,3
S40439,236,21,2026-05-31,48,30,0.0018245354608765,0.003312902655988,0.326339831016479,val,3
S41147,236,21,2026-05-31,56,14,0.00181210504591,0.0,0.3251924730266387,val,3
S43238,236,21,2026-05-31,26,16,0.0014796988141038,0.0180720701065415,0.3268676015374748,val,3
S02657,236,21,2026-05-31,55,25,0.0018588816457934,0.0,0.3464764122708512,val,4
S02840,236,21,2026-05-31,35,27,0.0016095049304812,0.0,0.3490009116747766,val,4
S04212,236,21,2026-05-31,23,23,0.0014994437917233,0.0,0.2626111925959486,val,4
S05889,236,21,2026-05-31,28,20,0.0014450096458592,0.0,0.3336872155843375,val,4
S09692,236,21,2026-05-31,38,21,0.0013391258591915,0.0,0.2576273293689994,val,4
S11953,236,21,2026-05-31,25,18,0.0016163504848934,0.0,0.2639253290886748,val,4
S14329,236,21,2026-05-31,14,22,0.0017606927298985,0.0,0.3022041366004018,val,4
S15336,236,21,2026-05-31,46,24,0.0019152465293115,0.0,0.3631399570291467,val,4
S19013,236,21,2026-05-31,26,21,0.0017861109092323,0.0,0.3043783300842165,val,4
S19205,236,21,2026-05-31,60,22,0.0019769152099688,0.0,0.313762216406978,val,4
S19207,236,21,2026-05-31,40,26,0.0015694141242456,0.0,0.3481405719596462,val,4
S20439,236,21,2026-05-31,62,18,0.0020489542328362,0.0,0.3617843872149569,val,4
S22136,236,21,2026-05-31,41,29,0.0017954807806302,0.0,0.4045542234015329,val,4
S22472,236,21,2026-05-31,54,13,0.0015522104534805,0.0,0.306548812386932,val,4
S25020,236,21,2026-05-31,34,25,0.0017899307777624,0.0,0.341606957350608,val,4
S28773,236,21,2026-05-31,21,24,0.0013890643665586,0.0,0.3343915884610512,val,4
S34026,236,21,2026-05-31,43,23,0.001733741703892,0.0,0.3494931087793224,val,4
S36345,236,21,2026-05-31,54,20,0.0018376748996245,0.0,0.2760942039505514,val,4
S37232,236,21,2026-05-31,27,27,0.0016880839498464,0.0,0.3389849315310882,val,4
S37895,236,21,2026-05-31,43,30,0.0020339303855207,0.0,0.3680447837897142,val,4
S39756,236,21,2026-05-31,51,25,0.0019633389115447,0.0,0.3769363562468396,val,4
S40439,236,21,2026-05-31,47,30,0.0019436824092285,0.003312902655988,0.326339831016479,val,4
S41147,236,21,2026-05-31,55,14,0.0017814658036217,0.0,0.3251924730266387,val,4
S43238,236,21,2026-05-31,25,16,0.0014352254449766,0.0180720701065415,0.3268676015374748,val,4
S05464,236,22,2026-05-31,24,27,0.0029924191763679,0.0069889014276624,0.397997791714417,val,1
S09370,236,22,2026-05-31,34,15,0.0030697471436662,0.0,0.4209500087600974,val,1
S09490,236,22,2026-05-31,47,23,0.0030515791476303,0.0,0.3416336966924795,val,1
S09975,236,22,2026-05-31,26,25,0.0031667700521813,0.0132325846406168,0.3888805934945918,val,1
S10664,236,22,2026-05-31,41,17,0.0030651671763136,0.0,0.3874191431282628,val,1
S10665,236,22,2026-05-31,39,13,0.002851492740016,0.0,0.34553101050239,val,1
S11966,236,22,2026-05-31,45,21,0.0030250889704616,0.0,0.3431966905335633,val,1
S12592,236,22,2026-05-31,32,14,0.0030059860422206,0.0,0.4238351361172687,val,1
S12602,236,22,2026-05-31,39,29,0.0030418909832038,0.0,0.3918257156031124,val,1
S12927,236,22,2026-05-31,58,26,0.0031101954437399,0.0,0.4212363372502674,val,1
S18878,236,22,2026-05-31,53,27,0.002947781242584,0.0084347905409848,0.4109694962591645,val,1
S28739,236,22,2026-05-31,50,24,0.0030725667113119,0.0,0.3713785191309842,val,1
S31524,236,22,2026-05-31,49,21,0.0029916331363287,0.0062734702893748,0.397035015028468,val,1
S31531,236,22,2026-05-31,23,17,0.0028911587489052,0.006360968991876,0.3477141421777756,val,1
S31555,236,22,2026-05-31,45,31,0.002829187828312,0.0,0.3770595538082552,val,1
S31974,236,22,2026-05-31,34,23,0.003100515374212,0.0022121333511372,0.4155683835220384,val,1
S31990,236,22,2026-05-31,55,23,0.0030875649281842,0.0022206732616641,0.3611604538139105,val,1
S33084,236,22,2026-05-31,60,28,0.0019075544132057,0.0,0.3596569888734627,val,1
S35718,236,22,2026-05-31,29,13,0.0030392266472769,0.0020321962030233,0.4032117183468082,val,1
S35720,236,22,2026-05-31,34,16,0.0030457070703546,0.0,0.4737419130132657,val,1
S38418,236,22,2026-05-31,22,25,0.0030899694129017,0.0108219629233453,0.3479640875828515,val,1
S38735,236,22,2026-05-31,18,25,0.0031208498463799,0.0,0.4257387035439648,val,1
S40852,236,22,2026-05-31,30,16,0.0030983002763042,0.0064029889203813,0.3965035047417339,val,1
S41160,236,22,2026-05-31,46,22,0.0029729321513223,0.0,0.4090215181740365,val,1
S05464,236,22,2026-05-31,25,27,0.0030052964444443,0.0069889014276624,0.397997791714417,val,2
S09370,236,22,2026-05-31,35,15,0.0030323342037499,0.0,0.4209500087600974,val,2
S09490,236,22,2026-05-31,48,23,0.0030673491796644,0.0,0.3416336966924795,val,2
S09975,236,22,2026-05-31,27,25,0.0031738572709662,0.0132325846406168,0.3888805934945918,val,2
S10664,236,22,2026-05-31,43,17,0.0029506918826524,0.0,0.3874191431282628,val,2
S10665,236,22,2026-05-31,40,13,0.0028902839010218,0.0,0.34553101050239,val,2
S11966,236,22,2026-05-31,46,21,0.002944916497651,0.0,0.3431966905335633,val,2
S12592,236,22,2026-05-31,31,14,0.0030074622301182,0.0,0.4238351361172687,val,2
S12602,236,22,2026-05-31,40,29,0.0027583423588596,0.0,0.3918257156031124,val,2
S12927,236,22,2026-05-31,57,26,0.0029527737767755,0.0,0.4212363372502674,val,2
S18878,236,22,2026-05-31,54,27,0.0029087314037001,0.0084347905409848,0.4109694962591645,val,2
S28739,236,22,2026-05-31,49,24,0.0030152305412276,0.0,0.3713785191309842,val,2
S31524,236,22,2026-05-31,50,21,0.0030829825575554,0.0062734702893748,0.397035015028468,val,2
S31531,236,22,2026-05-31,25,17,0.0030411568764128,0.006360968991876,0.3477141421777756,val,2
S31555,236,22,2026-05-31,46,31,0.0026644389701241,0.0,0.3770595538082552,val,2
S31974,236,22,2026-05-31,35,23,0.0031266249153634,0.0022121333511372,0.4155683835220384,val,2
S31990,236,22,2026-05-31,56,23,0.0031522131577702,0.0022206732616641,0.3611604538139105,val,2
S33084,236,22,2026-05-31,57,29,0.0020686163329995,0.0,0.3596569888734627,val,2
S35718,236,22,2026-05-31,30,13,0.0027886048248921,0.0020321962030233,0.4032117183468082,val,2
S35720,236,22,2026-05-31,33,16,0.0030270381289794,0.0,0.4737419130132657,val,2
S38418,236,22,2026-05-31,23,25,0.0029046944446565,0.0108219629233453,0.3479640875828515,val,2
S38735,236,22,2026-05-31,19,25,0.0030868501817009,0.0,0.4257387035439648,val,2
S40852,236,22,2026-05-31,29,16,0.003001599890695,0.0064029889203813,0.3965035047417339,val,2
S41160,236,22,2026-05-31,45,22,0.0029604151638357,0.0,0.4090215181740365,val,2
S05464,236,22,2026-05-31,21,27,0.0029751538237462,0.0069889014276624,0.397997791714417,val,3
S09370,236,22,2026-05-31,32,15,0.0030447277078339,0.0,0.4209500087600974,val,3
S09490,236,22,2026-05-31,44,23,0.0030804447948592,0.0,0.3416336966924795,val,3
S09975,236,22,2026-05-31,24,25,0.0029379539914754,0.0132325846406168,0.3888805934945918,val,3
S10664,236,22,2026-05-31,39,17,0.0030433136716347,0.0,0.3874191431282628,val,3
S10665,236,22,2026-05-31,37,13,0.0028519786402859,0.0,0.34553101050239,val,3
S11966,236,22,2026-05-31,43,21,0.0030620395304374,0.0,0.3431966905335633,val,3
S12592,236,22,2026-05-31,34,14,0.002975866847198,0.0,0.4238351361172687,val,3
S12602,236,22,2026-05-31,37,29,0.0029374102040288,0.0,0.3918257156031124,val,3
S12927,236,22,2026-05-31,61,26,0.0030002513740465,0.0,0.4212363372502674,val,3
S18878,236,22,2026-05-31,51,27,0.0030379688775415,0.0084347905409848,0.4109694962591645,val,3
S28739,236,22,2026-05-31,52,24,0.0030958924757011,0.0,0.3713785191309842,val,3
S31524,236,22,2026-05-31,47,21,0.0029212597530531,0.0062734702893748,0.397035015028468,val,3
S31531,236,22,2026-05-31,21,17,0.0030831988013712,0.006360968991876,0.3477141421777756,val,3
S31555,236,22,2026-05-31,43,31,0.0026573808423861,0.0,0.3770595538082552,val,3
S31974,236,22,2026-05-31,31,23,0.0029680983477405,0.0022121333511372,0.4155683835220384,val,3
S31990,236,22,2026-05-31,53,23,0.0030552028423789,0.0022206732616641,0.3611604538139105,val,3
S33084,236,22,2026-05-31,63,17,0.0020437090204622,0.0,0.3596569888734627,val,3
S35718,236,22,2026-05-31,27,13,0.0028966882016862,0.0020321962030233,0.4032117183468082,val,3
S35720,236,22,2026-05-31,36,16,0.0030684842664198,0.0,0.4737419130132657,val,3
S38418,236,22,2026-05-31,20,25,0.0031259085604066,0.0108219629233453,0.3479640875828515,val,3
S38735,236,22,2026-05-31,16,25,0.0030838711916395,0.0,0.4257387035439648,val,3
S40852,236,22,2026-05-31,32,16,0.0030165628727511,0.0064029889203813,0.3965035047417339,val,3
S41160,236,22,2026-05-31,48,22,0.0030923710767318,0.0,0.4090215181740365,val,3
S05464,236,22,2026-05-31,22,27,0.0029559641570065,0.0069889014276624,0.397997791714417,val,4
S09370,236,22,2026-05-31,33,15,0.003039206544887,0.0,0.4209500087600974,val,4
S09490,236,22,2026-05-31,46,23,0.0029807227197485,0.0,0.3416336966924795,val,4
S09975,236,22,2026-05-31,25,25,0.0028908150649651,0.0132325846406168,0.3888805934945918,val,4
S10664,236,22,2026-05-31,40,17,0.002776795984128,0.0,0.3874191431282628,val,4
S10665,236,22,2026-05-31,38,13,0.0028788051315154,0.0,0.34553101050239,val,4
S11966,236,22,2026-05-31,44,21,0.0029673245640545,0.0,0.3431966905335633,val,4
S12592,236,22,2026-05-31,33,14,0.0030052685194086,0.0,0.4238351361172687,val,4
S12602,236,22,2026-05-31,38,29,0.0029194996482369,0.0,0.3918257156031124,val,4
S12927,236,22,2026-05-31,60,26,0.0030040658594309,0.0,0.4212363372502674,val,4
S18878,236,22,2026-05-31,52,27,0.0029421002292312,0.0084347905409848,0.4109694962591645,val,4
S28739,236,22,2026-05-31,51,24,0.0030565303345387,0.0,0.3713785191309842,val,4
S31524,236,22,2026-05-31,48,21,0.0029544553052549,0.0062734702893748,0.397035015028468,val,4
S31531,236,22,2026-05-31,22,17,0.0030782413712701,0.006360968991876,0.3477141421777756,val,4
S31555,236,22,2026-05-31,44,31,0.0028391447978906,0.0,0.3770595538082552,val,4
S31974,236,22,2026-05-31,32,23,0.0030705559723883,0.0022121333511372,0.4155683835220384,val,4
S31990,236,22,2026-05-31,54,23,0.0030733316706487,0.0022206732616641,0.3611604538139105,val,4
S33084,236,22,2026-05-31,63,26,0.0020779372106986,0.0,0.3596569888734627,val,4
S35718,236,22,2026-05-31,28,13,0.0030109277298217,0.0020321962030233,0.4032117183468082,val,4
S35720,236,22,2026-05-31,35,16,0.0030434532970649,0.0,0.4737419130132657,val,4
S38418,236,22,2026-05-31,21,25,0.0031578484865912,0.0108219629233453,0.3479640875828515,val,4
S38735,236,22,2026-05-31,17,25,0.0031275658971042,0.0,0.4257387035439648,val,4
S40852,236,22,2026-05-31,31,16,0.0029884086635998,0.0064029889203813,0.3965035047417339,val,4
S41160,236,22,2026-05-31,47,22,0.0030969498153275,0.0,0.4090215181740365,val,4
S00143,236,23,2026-05-31,44,29,0.0029852063403782,0.0,0.4466788734394003,val,1
S02603,236,23,2026-05-31,27,25,0.0030998957443169,0.0,0.3703611848106511,val,1
S06268,236,23,2026-05-31,34,31,0.0028650492253794,0.0093103415977445,0.3931863571771868,val,1
S06277,236,23,2026-05-31,36,12,0.0029280414459867,0.0090884154704215,0.3818169699922498,val,1
S08122,236,23,2026-05-31,52,18,0.0030536625199775,0.0,0.3939288970192089,val,1
S08545,236,23,2026-05-31,43,26,0.0029368278588644,0.0045012611682448,0.3974313359046438,val,1
S09372,236,23,2026-05-31,33,28,0.0030431422907376,0.0,0.4095435167994589,val,1
S12604,236,23,2026-05-31,44,12,0.002819259026708,0.012220610292852,0.3757723031214506,val,1
S12617,236,23,2026-05-31,36,30,0.0029339578552223,0.0,0.3728901067535259,val,1
S14123,236,23,2026-05-31,27,24,0.002194480650785,0.0,0.3106353877721752,val,1
S15220,236,23,2026-05-31,23,27,0.0030093749377421,0.0020553156997998,0.4367168548257087,val,1
S17559,236,23,2026-05-31,20,28,0.0029803292687188,0.021411380891116,0.3834793398324843,val,1
S20265,236,23,2026-05-31,32,30,0.0029784565416466,0.0,0.411386204586103,val,1
S21230,236,23,2026-05-31,46,20,0.0029098551819328,0.0,0.3684906800090433,val,1
S21856,236,23,2026-05-31,56,21,0.0030603730385374,0.0,0.3991550698718161,val,1
S24144,236,23,2026-05-31,42,31,0.0030196624937633,0.0,0.4247408809104727,val,1
S27007,236,23,2026-05-31,52,21,0.0030852473398382,0.0049913880979999,0.4550842577644688,val,1
S33969,236,23,2026-05-31,62,17,0.0029264225554902,0.0,0.407533245442143,val,1
S33973,236,23,2026-05-31,21,20,0.0031049156074137,0.0,0.3984213677918546,val,1
S35702,236,23,2026-05-31,44,13,0.0030277215557504,0.0,0.4158020812731061,val,1
S35715,236,23,2026-05-31,54,20,0.0031299600536095,0.0019923353216599,0.4569985513524202,val,1
S38742,236,23,2026-05-31,43,18,0.0029904585796157,0.0,0.3836674210787252,val,1
S41858,236,23,2026-05-31,31,23,0.0030781459203432,0.0,0.441376463548021,val,1
S41863,236,23,2026-05-31,43,23,0.0030444539914752,0.0,0.4187332522060504,val,1
S43575,236,23,2026-05-31,48,30,0.0030197253821307,0.0214349527124857,0.4289553343084463,val,1
S00143,236,23,2026-05-31,45,29,0.0029949388713174,0.0,0.4466788734394003,val,2
S02603,236,23,2026-05-31,28,25,0.0030693955412688,0.0,0.3703611848106511,val,2
S06268,236,23,2026-05-31,35,31,0.0028624806201002,0.0093103415977445,0.3931863571771868,val,2
S06277,236,23,2026-05-31,35,12,0.0028112130535062,0.0090884154704215,0.3818169699922498,val,2
S08122,236,23,2026-05-31,51,18,0.0031313525163382,0.0,0.3939288970192089,val,2
S08545,236,23,2026-05-31,42,26,0.0030249360827367,0.0045012611682448,0.3974313359046438,val,2
S09372,236,23,2026-05-31,32,28,0.0030252050646692,0.0,0.4095435167994589,val,2
S12604,236,23,2026-05-31,43,12,0.0027983129446696,0.012220610292852,0.3757723031214506,val,2
S12617,236,23,2026-05-31,35,30,0.0030688865154477,0.0,0.3728901067535259,val,2
S14123,236,23,2026-05-31,26,24,0.0021841593574243,0.0,0.3106353877721752,val,2
S15220,236,23,2026-05-31,24,27,0.0030268255697017,0.0020553156997998,0.4367168548257087,val,2
S17559,236,23,2026-05-31,23,29,0.0029784600786873,0.021411380891116,0.3834793398324843,val,2
S20265,236,23,2026-05-31,31,30,0.0029519390357081,0.0,0.411386204586103,val,2
S21230,236,23,2026-05-31,45,20,0.0029851089187581,0.0,0.3684906800090433,val,2
S21856,236,23,2026-05-31,57,21,0.0030768131374812,0.0,0.3991550698718161,val,2
S24144,236,23,2026-05-31,43,31,0.0029598099550525,0.0,0.4247408809104727,val,2
S27007,236,23,2026-05-31,53,21,0.0031297926127987,0.0049913880979999,0.4550842577644688,val,2
S33969,236,23,2026-05-31,64,18,0.0028567323906809,0.0,0.407533245442143,val,2
S33973,236,23,2026-05-31,20,20,0.0030356701072045,0.0,0.3984213677918546,val,2
S35702,236,23,2026-05-31,45,13,0.0029283072468896,0.0,0.4158020812731061,val,2
S35715,236,23,2026-05-31,53,20,0.0031452789280233,0.0019923353216599,0.4569985513524202,val,2
S38742,236,23,2026-05-31,42,18,0.0030482074781114,0.0,0.3836674210787252,val,2
S41858,236,23,2026-05-31,32,23,0.003053563583432,0.0,0.441376463548021,val,2
S41863,236,23,2026-05-31,44,23,0.0030024503082268,0.0,0.4187332522060504,val,2
S43575,236,23,2026-05-31,47,30,0.002987920280333,0.0214349527124857,0.4289553343084463,val,2
S00143,236,23,2026-05-31,42,29,0.0030345559957241,0.0,0.4466788734394003,val,3
S02603,236,23,2026-05-31,25,25,0.0030005372774168,0.0,0.3703611848106511,val,3
S06268,236,23,2026-05-31,32,31,0.0028803874538741,0.0093103415977445,0.3931863571771868,val,3
S06277,236,23,2026-05-31,38,12,0.0027877659101346,0.0090884154704215,0.3818169699922498,val,3
S08122,236,23,2026-05-31,54,18,0.0030681389635617,0.0,0.3939288970192089,val,3
S08545,236,23,2026-05-31,45,26,0.0030220609513359,0.0045012611682448,0.3974313359046438,val,3
S09372,236,23,2026-05-31,35,28,0.0029812628649775,0.0,0.4095435167994589,val,3
S12604,236,23,2026-05-31,47,12,0.0028046505183908,0.012220610292852,0.3757723031214506,val,3
S12617,236,23,2026-05-31,38,30,0.0030194413936447,0.0,0.3728901067535259,val,3
S14123,236,23,2026-05-31,29,24,0.0031115737355413,0.0,0.3106353877721752,val,3
S15220,236,23,2026-05-31,21,27,0.0030775329951892,0.0020553156997998,0.4367168548257087,val,3
S17559,236,23,2026-05-31,23,28,0.0031055236092501,0.021411380891116,0.3834793398324843,val,3
S20265,236,23,2026-05-31,34,30,0.0029721106048531,0.0,0.411386204586103,val,3
S21230,236,23,2026-05-31,48,20,0.0029325303176933,0.0,0.3684906800090433,val,3
S21856,236,23,2026-05-31,54,21,0.0029280159686942,0.0,0.3991550698718161,val,3
S24144,236,23,2026-05-31,40,31,0.00297129687075,0.0,0.4247408809104727,val,3
S27007,236,23,2026-05-31,50,21,0.0030890607958464,0.0049913880979999,0.4550842577644688,val,3
S33969,236,23,2026-05-31,60,17,0.0030250000175166,0.0,0.407533245442143,val,3
S33973,236,23,2026-05-31,23,20,0.0028354640737416,0.0,0.3984213677918546,val,3
S35702,236,23,2026-05-31,42,13,0.0030439041878711,0.0,0.4158020812731061,val,3
S35715,236,23,2026-05-31,56,20,0.0030859711696791,0.0019923353216599,0.4569985513524202,val,3
S38742,236,23,2026-05-31,46,18,0.0030221007732443,0.0,0.3836674210787252,val,3
S41858,236,23,2026-05-31,28,23,0.0031313767468384,0.0,0.441376463548021,val,3
S41863,236,23,2026-05-31,41,23,0.0028965749934124,0.0,0.4187332522060504,val,3
S43575,236,23,2026-05-31,50,30,0.0029748092204786,0.0214349527124857,0.4289553343084463,val,3
S00143,236,23,2026-05-31,43,29,0.0029430007601689,0.0,0.4466788734394003,val,4
S02603,236,23,2026-05-31,26,25,0.0031001460994589,0.0,0.3703611848106511,val,4
S06268,236,23,2026-05-31,33,31,0.0029230603753641,0.0093103415977445,0.3931863571771868,val,4
S06277,236,23,2026-05-31,37,12,0.0029559594338212,0.0090884154704215,0.3818169699922498,val,4
S08122,236,23,2026-05-31,53,18,0.0031190455636849,0.0,0.3939288970192089,val,4
S08545,236,23,2026-05-31,44,26,0.003030605470533,0.0045012611682448,0.3974313359046438,val,4
S09372,236,23,2026-05-31,34,28,0.0030548333858957,0.0,0.4095435167994589,val,4
S12604,236,23,2026-05-31,45,12,0.002822554921999,0.012220610292852,0.3757723031214506,val,4
S12617,236,23,2026-05-31,37,30,0.0030332220515654,0.0,0.3728901067535259,val,4
S14123,236,23,2026-05-31,28,24,0.0031140854399362,0.0,0.3106353877721752,val,4
S15220,236,23,2026-05-31,22,27,0.0031051760950277,0.0020553156997998,0.4367168548257087,val,4
S17559,236,23,2026-05-31,21,28,0.003033146081177,0.021411380891116,0.3834793398324843,val,4
S20265,236,23,2026-05-31,33,30,0.0029332847043747,0.0,0.411386204586103,val,4
S21230,236,23,2026-05-31,47,20,0.0030362838779375,0.0,0.3684906800090433,val,4
S21856,236,23,2026-05-31,55,21,0.0029819092151149,0.0,0.3991550698718161,val,4
S24144,236,23,2026-05-31,41,31,0.0029380428903075,0.0,0.4247408809104727,val,4
S27007,236,23,2026-05-31,51,21,0.0031114778938066,0.0049913880979999,0.4550842577644688,val,4
S33969,236,23,2026-05-31,61,17,0.0030192379275689,0.0,0.407533245442143,val,4
S33973,236,23,2026-05-31,22,20,0.0030223579427755,0.0,0.3984213677918546,val,4
S35702,236,23,2026-05-31,43,13,0.0030699670421109,0.0,0.4158020812731061,val,4
S35715,236,23,2026-05-31,55,20,0.0031694974317288,0.0019923353216599,0.4569985513524202,val,4
S38742,236,23,2026-05-31,45,18,0.0030114411919307,0.0,0.3836674210787252,val,4
S41858,236,23,2026-05-31,29,23,0.0030368642977482,0.0,0.441376463548021,val,4
S41863,236,23,2026-05-31,42,23,0.0029211036417102,0.0,0.4187332522060504,val,4
S43575,236,23,2026-05-31,49,30,0.0030563332539963,0.0214349527124857,0.4289553343084463,val,4
S01454,236,24,2026-05-31,20,15,0.0017130703243508,0.0088860281957071,0.2993306418226242,val,1
S02702,236,24,2026-05-31,55,23,0.0017789584656075,0.0,0.3384156626525342,val,1
S03336,236,24,2026-05-31,21,17,0.0016822668886031,0.0,0.3088767690349279,val,1
S04709,236,24,2026-05-31,57,25,0.0018514285935722,0.0,0.3509341113327105,val,1
S05885,236,24,2026-05-31,31,30,0.0015615035192206,0.0,0.2775856996261057,val,1
S05888,236,24,2026-05-31,31,28,0.0015905563530699,0.0,0.3640466551406607,val,1
S06186,236,24,2026-05-31,42,14,0.0016973820393493,0.0030396995773777,0.2987921792414614,val,1
S10603,236,24,2026-05-31,29,12,0.001114596056371,0.0,0.3189174522039137,val,1
S11877,236,24,2026-05-31,46,14,0.0017783609779895,0.0,0.3188858754265247,val,1
S12784,236,24,2026-05-31,43,30,0.0016052244868374,0.0,0.299950897250955,val,1
S12785,236,24,2026-05-31,33,19,0.0018485292010106,0.0,0.3220648906902058,val,1
S13754,236,24,2026-05-31,43,24,0.0017299581883252,0.0092895955995247,0.2767132763926753,val,1
S14966,236,24,2026-05-31,44,18,0.001759916469623,0.0,0.3319507144300285,val,1
S16123,236,24,2026-05-31,38,14,0.0017710965597416,0.0,0.2835460579503819,val,1
S16221,236,24,2026-05-31,58,22,0.0021817210943081,0.0,0.308603214828478,val,1
S16659,236,24,2026-05-31,25,22,0.0017701703056233,0.0,0.2969836179989299,val,1
S19917,236,24,2026-05-31,50,14,0.0018305805094275,0.0,0.2935981373552523,val,1
S21258,236,24,2026-05-31,47,28,0.0017116310287135,0.0173404858476165,0.3061673628363898,val,1
S22110,236,24,2026-05-31,50,23,0.0018328503026209,0.0,0.3463055368842943,val,1
S23718,236,24,2026-05-31,20,20,0.0015338660680428,0.0,0.2622174216064662,val,1
S23744,236,24,2026-05-31,38,32,0.0014372223499821,0.0,0.320525070008348,val,1
S24722,236,24,2026-05-31,51,24,0.0017609917883031,0.0,0.3420552530314404,val,1
S24727,236,24,2026-05-31,41,17,0.0018976035679233,0.0063043064628654,0.3763210020478747,val,1
S25572,236,24,2026-05-31,62,22,0.0021980494951892,0.0,0.3849808001356367,val,1
S25574,236,24,2026-05-31,51,21,0.0020305635623029,0.0,0.3559502879827428,val,1
S26807,236,24,2026-05-31,28,15,0.0017811659703325,0.0048519283242298,0.3267548077510054,val,1
S29707,236,24,2026-05-31,41,15,0.0016533365360245,0.0,0.2712849670526316,val,1
S29927,236,24,2026-05-31,55,15,0.0018182262872478,0.0,0.3053433053786646,val,1
S37233,236,24,2026-05-31,51,15,0.0018017120625477,0.0,0.306290629939094,val,1
S40264,236,24,2026-05-31,33,17,0.0016285158218522,0.0038270806382061,0.3894779378401087,val,1
S41150,236,24,2026-05-31,37,25,0.0016358514074735,0.0,0.3115965996119939,val,1
S01454,236,24,2026-05-31,21,15,0.0016709472643668,0.0088860281957071,0.2993306418226242,val,2
S02702,236,24,2026-05-31,56,23,0.0020520352980672,0.0,0.3384156626525342,val,2
S03336,236,24,2026-05-31,22,17,0.0018037110046074,0.0,0.3088767690349279,val,2
S04709,236,24,2026-05-31,58,25,0.0019619947965489,0.0,0.3509341113327105,val,2
S05885,236,24,2026-05-31,30,30,0.0015336117449135,0.0,0.2775856996261057,val,2
S05888,236,24,2026-05-31,30,28,0.0015795839110811,0.0,0.3640466551406607,val,2
S06186,236,24,2026-05-31,41,14,0.0017040178982303,0.0030396995773777,0.2987921792414614,val,2
S10603,236,24,2026-05-31,24,13,0.0012654399159575,0.0,0.3189174522039137,val,2
S11877,236,24,2026-05-31,45,14,0.0017478429549703,0.0,0.3188858754265247,val,2
S12784,236,24,2026-05-31,42,30,0.0014560062294682,0.0,0.299950897250955,val,2
S12785,236,24,2026-05-31,34,19,0.001703311028917,0.0,0.3220648906902058,val,2
S13754,236,24,2026-05-31,42,24,0.0015163706253128,0.0092895955995247,0.2767132763926753,val,2
S14966,236,24,2026-05-31,43,18,0.0018992867439585,0.0,0.3319507144300285,val,2
S16123,236,24,2026-05-31,37,14,0.0017691147894887,0.0,0.2835460579503819,val,2
S16221,236,24,2026-05-31,57,22,0.0019072620571953,0.0,0.308603214828478,val,2
S16659,236,24,2026-05-31,24,22,0.0016981394509377,0.0,0.2969836179989299,val,2
S19917,236,24,2026-05-31,49,14,0.0019278605866754,0.0,0.2935981373552523,val,2
S21258,236,24,2026-05-31,46,28,0.0015870787696066,0.0173404858476165,0.3061673628363898,val,2
S22110,236,24,2026-05-31,52,23,0.0018204921548049,0.0,0.3463055368842943,val,2
S23718,236,24,2026-05-31,19,20,0.0015197657785615,0.0,0.2622174216064662,val,2
S23744,236,24,2026-05-31,35,11,0.0012189383153472,0.0,0.320525070008348,val,2
S24722,236,24,2026-05-31,50,24,0.0016655743702261,0.0,0.3420552530314404,val,2
S24727,236,24,2026-05-31,42,17,0.0017866351792119,0.0063043064628654,0.3763210020478747,val,2
S25572,236,24,2026-05-31,61,22,0.0021542773693207,0.0,0.3849808001356367,val,2
S25574,236,24,2026-05-31,53,21,0.0020168465088344,0.0,0.3559502879827428,val,2
S26807,236,24,2026-05-31,29,15,0.0017887442891671,0.0048519283242298,0.3267548077510054,val,2
S29707,236,24,2026-05-31,42,15,0.0017899889443689,0.0,0.2712849670526316,val,2
S29927,236,24,2026-05-31,56,15,0.0020009310549893,0.0,0.3053433053786646,val,2
S37233,236,24,2026-05-31,52,15,0.0019696613166446,0.0,0.306290629939094,val,2
S40264,236,24,2026-05-31,34,17,0.0016744888878548,0.0038270806382061,0.3894779378401087,val,2
S41150,236,24,2026-05-31,38,25,0.0017343634433908,0.0,0.3115965996119939,val,2
S01454,236,24,2026-05-31,24,14,0.0017251300430882,0.0088860281957071,0.2993306418226242,val,3
S02702,236,24,2026-05-31,53,23,0.0018515095149527,0.0,0.3384156626525342,val,3
S03336,236,24,2026-05-31,19,17,0.0017567898883828,0.0,0.3088767690349279,val,3
S04709,236,24,2026-05-31,55,25,0.0016670988169472,0.0,0.3509341113327105,val,3
S05885,236,24,2026-05-31,33,30,0.001595187004716,0.0,0.2775856996261057,val,3
S05888,236,24,2026-05-31,33,28,0.0015632036472837,0.0,0.3640466551406607,val,3
S06186,236,24,2026-05-31,44,14,0.0018231369296361,0.0030396995773777,0.2987921792414614,val,3
S10603,236,24,2026-05-31,31,12,0.0012953973372312,0.0,0.3189174522039137,val,3
S11877,236,24,2026-05-31,48,14,0.0017738443675151,0.0,0.3188858754265247,val,3
S12784,236,24,2026-05-31,45,30,0.0016369212981588,0.0,0.299950897250955,val,3
S12785,236,24,2026-05-31,31,19,0.0017377903932218,0.0,0.3220648906902058,val,3
S13754,236,24,2026-05-31,45,24,0.0016375705014768,0.0092895955995247,0.2767132763926753,val,3
S14966,236,24,2026-05-31,46,18,0.0018217711669044,0.0,0.3319507144300285,val,3
S16123,236,24,2026-05-31,40,14,0.0016987965317026,0.0,0.2835460579503819,val,3
S16221,236,24,2026-05-31,60,22,0.0021637226733139,0.0,0.308603214828478,val,3
S16659,236,24,2026-05-31,27,22,0.0017656166736991,0.0,0.2969836179989299,val,3
S19917,236,24,2026-05-31,52,14,0.0019459997158168,0.0,0.2935981373552523,val,3
S21258,236,24,2026-05-31,49,28,0.0017471774416527,0.0173404858476165,0.3061673628363898,val,3
S22110,236,24,2026-05-31,48,23,0.0018535839727779,0.0,0.3463055368842943,val,3
S23718,236,24,2026-05-31,22,20,0.0016224611204299,0.0,0.2622174216064662,val,3
S23744,236,24,2026-05-31,40,32,0.001439409348584,0.0,0.320525070008348,val,3
S24722,236,24,2026-05-31,53,24,0.0018037335895787,0.0,0.3420552530314404,val,3
S24727,236,24,2026-05-31,39,17,0.0019245827984929,0.0063043064628654,0.3763210020478747,val,3
S25572,236,24,2026-05-31,64,22,0.0021808395889141,0.0,0.3849808001356367,val,3
S25574,236,24,2026-05-31,49,21,0.0019997947395765,0.0,0.3559502879827428,val,3
S26807,236,24,2026-05-31,26,15,0.0016992340749397,0.0048519283242298,0.3267548077510054,val,3
S29707,236,24,2026-05-31,39,15,0.0017258541279298,0.0,0.2712849670526316,val,3
S29927,236,24,2026-05-31,53,15,0.0019440801316175,0.0,0.3053433053786646,val,3
S37233,236,24,2026-05-31,49,15,0.0018988052821036,0.0,0.306290629939094,val,3
S40264,236,24,2026-05-31,31,17,0.0016654390009218,0.0038270806382061,0.3894779378401087,val,3
S41150,236,24,2026-05-31,35,25,0.001575375378011,0.0,0.3115965996119939,val,3
S01454,236,24,2026-05-31,23,14,0.0019619691098063,0.0088860281957071,0.2993306418226242,val,4
S02702,236,24,2026-05-31,54,23,0.0018678069142185,0.0,0.3384156626525342,val,4
S03336,236,24,2026-05-31,20,17,0.0016555784017751,0.0,0.3088767690349279,val,4
S04709,236,24,2026-05-31,56,25,0.0017911276217622,0.0,0.3509341113327105,val,4
S05885,236,24,2026-05-31,32,30,0.0015304729338466,0.0,0.2775856996261057,val,4
S05888,236,24,2026-05-31,32,28,0.0015687219357838,0.0,0.3640466551406607,val,4
S06186,236,24,2026-05-31,43,14,0.001714796109678,0.0030396995773777,0.2987921792414614,val,4
S10603,236,24,2026-05-31,30,12,0.001225008118708,0.0,0.3189174522039137,val,4
S11877,236,24,2026-05-31,47,14,0.0018995969925191,0.0,0.3188858754265247,val,4
S12784,236,24,2026-05-31,44,30,0.0016605730395665,0.0,0.299950897250955,val,4
S12785,236,24,2026-05-31,32,19,0.0020375423789952,0.0,0.3220648906902058,val,4
S13754,236,24,2026-05-31,44,24,0.0018089776198339,0.0092895955995247,0.2767132763926753,val,4
S14966,236,24,2026-05-31,45,18,0.0018815570789479,0.0,0.3319507144300285,val,4
S16123,236,24,2026-05-31,39,14,0.0018586692664042,0.0,0.2835460579503819,val,4
S16221,236,24,2026-05-31,59,22,0.0021408061961571,0.0,0.308603214828478,val,4
S16659,236,24,2026-05-31,26,22,0.0018374073510469,0.0,0.2969836179989299,val,4
S19917,236,24,2026-05-31,51,14,0.0018217856273225,0.0,0.2935981373552523,val,4
S21258,236,24,2026-05-31,48,28,0.0015659471918544,0.0173404858476165,0.3061673628363898,val,4
S22110,236,24,2026-05-31,49,23,0.0018897845614592,0.0,0.3463055368842943,val,4
S23718,236,24,2026-05-31,21,20,0.0017749666874164,0.0,0.2622174216064662,val,4
S23744,236,24,2026-05-31,39,32,0.001471629203021,0.0,0.320525070008348,val,4
S24722,236,24,2026-05-31,52,24,0.0018484513897396,0.0,0.3420552530314404,val,4
S24727,236,24,2026-05-31,40,17,0.0016837412755829,0.0063043064628654,0.3763210020478747,val,4
S25572,236,24,2026-05-31,63,22,0.0023123463953679,0.0,0.3849808001356367,val,4
S25574,236,24,2026-05-31,50,21,0.0018982535962612,0.0,0.3559502879827428,val,4
S26807,236,24,2026-05-31,27,15,0.0017941344799726,0.0048519283242298,0.3267548077510054,val,4
S29707,236,24,2026-05-31,40,15,0.0017757439407774,0.0,0.2712849670526316,val,4
S29927,236,24,2026-05-31,54,15,0.0018803970790194,0.0,0.3053433053786646,val,4
S37233,236,24,2026-05-31,50,15,0.0018653883989219,0.0,0.306290629939094,val,4
S40264,236,24,2026-05-31,32,17,0.0016988587227301,0.0038270806382061,0.3894779378401087,val,4
S41150,236,24,2026-05-31,36,25,0.0016757960224576,0.0,0.3115965996119939,val,4
S01454,236,25,2026-05-31,20,15,0.0017130703243508,0.0088860281957071,0.2993306418226242,val,1
S02702,236,25,2026-05-31,55,23,0.0017789584656075,0.0,0.3384156626525342,val,1
S03336,236,25,2026-05-31,21,17,0.0016822668886031,0.0,0.3088767690349279,val,1
S04709,236,25,2026-05-31,57,25,0.0018514285935722,0.0,0.3509341113327105,val,1
S05885,236,25,2026-05-31,31,30,0.0015615035192206,0.0,0.2775856996261057,val,1
S05888,236,25,2026-05-31,31,28,0.0015905563530699,0.0,0.3640466551406607,val,1
S06186,236,25,2026-05-31,42,14,0.0016973820393493,0.0030396995773777,0.2987921792414614,val,1
S10603,236,25,2026-05-31,29,12,0.001114596056371,0.0,0.3189174522039137,val,1
S11877,236,25,2026-05-31,46,14,0.0017783609779895,0.0,0.3188858754265247,val,1
S12784,236,25,2026-05-31,43,30,0.0016052244868374,0.0,0.299950897250955,val,1
S12785,236,25,2026-05-31,33,19,0.0018485292010106,0.0,0.3220648906902058,val,1
S13754,236,25,2026-05-31,43,24,0.0017299581883252,0.0092895955995247,0.2767132763926753,val,1
S14966,236,25,2026-05-31,44,18,0.001759916469623,0.0,0.3319507144300285,val,1
S16123,236,25,2026-05-31,38,14,0.0017710965597416,0.0,0.2835460579503819,val,1
S16221,236,25,2026-05-31,58,22,0.0021817210943081,0.0,0.308603214828478,val,1
S16659,236,25,2026-05-31,25,22,0.0017701703056233,0.0,0.2969836179989299,val,1
S19917,236,25,2026-05-31,50,14,0.0018305805094275,0.0,0.2935981373552523,val,1
S21258,236,25,2026-05-31,47,28,0.0017116310287135,0.0173404858476165,0.3061673628363898,val,1
S22110,236,25,2026-05-31,50,23,0.0018328503026209,0.0,0.3463055368842943,val,1
S23718,236,25,2026-05-31,20,20,0.0015338660680428,0.0,0.2622174216064662,val,1
S23744,236,25,2026-05-31,38,32,0.0014372223499821,0.0,0.320525070008348,val,1
S24722,236,25,2026-05-31,51,24,0.0017609917883031,0.0,0.3420552530314404,val,1
S24727,236,25,2026-05-31,41,17,0.0018976035679233,0.0063043064628654,0.3763210020478747,val,1
S25572,236,25,2026-05-31,62,22,0.0021980494951892,0.0,0.3849808001356367,val,1
S25574,236,25,2026-05-31,51,21,0.0020305635623029,0.0,0.3559502879827428,val,1
S26807,236,25,2026-05-31,28,15,0.0017811659703325,0.0048519283242298,0.3267548077510054,val,1
S29707,236,25,2026-05-31,41,15,0.0016533365360245,0.0,0.2712849670526316,val,1
S29927,236,25,2026-05-31,55,15,0.0018182262872478,0.0,0.3053433053786646,val,1
S37233,236,25,2026-05-31,51,15,0.0018017120625477,0.0,0.306290629939094,val,1
S40264,236,25,2026-05-31,33,17,0.0016285158218522,0.0038270806382061,0.3894779378401087,val,1
S41150,236,25,2026-05-31,37,25,0.0016358514074735,0.0,0.3115965996119939,val,1
S01454,236,25,2026-05-31,21,15,0.0016709472643668,0.0088860281957071,0.2993306418226242,val,2
S02702,236,25,2026-05-31,56,23,0.0020520352980672,0.0,0.3384156626525342,val,2
S03336,236,25,2026-05-31,22,17,0.0018037110046074,0.0,0.3088767690349279,val,2
S04709,236,25,2026-05-31,58,25,0.0019619947965489,0.0,0.3509341113327105,val,2
S05885,236,25,2026-05-31,30,30,0.0015336117449135,0.0,0.2775856996261057,val,2
S05888,236,25,2026-05-31,30,28,0.0015795839110811,0.0,0.3640466551406607,val,2
S06186,236,25,2026-05-31,41,14,0.0017040178982303,0.0030396995773777,0.2987921792414614,val,2
S10603,236,25,2026-05-31,24,13,0.0012654399159575,0.0,0.3189174522039137,val,2
S11877,236,25,2026-05-31,45,14,0.0017478429549703,0.0,0.3188858754265247,val,2
S12784,236,25,2026-05-31,42,30,0.0014560062294682,0.0,0.299950897250955,val,2
S12785,236,25,2026-05-31,34,19,0.001703311028917,0.0,0.3220648906902058,val,2
S13754,236,25,2026-05-31,42,24,0.0015163706253128,0.0092895955995247,0.2767132763926753,val,2
S14966,236,25,2026-05-31,43,18,0.0018992867439585,0.0,0.3319507144300285,val,2
S16123,236,25,2026-05-31,37,14,0.0017691147894887,0.0,0.2835460579503819,val,2
S16221,236,25,2026-05-31,57,22,0.0019072620571953,0.0,0.308603214828478,val,2
S16659,236,25,2026-05-31,24,22,0.0016981394509377,0.0,0.2969836179989299,val,2
S19917,236,25,2026-05-31,49,14,0.0019278605866754,0.0,0.2935981373552523,val,2
S21258,236,25,2026-05-31,46,28,0.0015870787696066,0.0173404858476165,0.3061673628363898,val,2
S22110,236,25,2026-05-31,52,23,0.0018204921548049,0.0,0.3463055368842943,val,2
S23718,236,25,2026-05-31,19,20,0.0015197657785615,0.0,0.2622174216064662,val,2
S23744,236,25,2026-05-31,35,11,0.0012189383153472,0.0,0.320525070008348,val,2
S24722,236,25,2026-05-31,50,24,0.0016655743702261,0.0,0.3420552530314404,val,2
S24727,236,25,2026-05-31,42,17,0.0017866351792119,0.0063043064628654,0.3763210020478747,val,2
S25572,236,25,2026-05-31,61,22,0.0021542773693207,0.0,0.3849808001356367,val,2
S25574,236,25,2026-05-31,53,21,0.0020168465088344,0.0,0.3559502879827428,val,2
S26807,236,25,2026-05-31,29,15,0.0017887442891671,0.0048519283242298,0.3267548077510054,val,2
S29707,236,25,2026-05-31,42,15,0.0017899889443689,0.0,0.2712849670526316,val,2
S29927,236,25,2026-05-31,56,15,0.0020009310549893,0.0,0.3053433053786646,val,2
S37233,236,25,2026-05-31,52,15,0.0019696613166446,0.0,0.306290629939094,val,2
S40264,236,25,2026-05-31,34,17,0.0016744888878548,0.0038270806382061,0.3894779378401087,val,2
S41150,236,25,2026-05-31,38,25,0.0017343634433908,0.0,0.3115965996119939,val,2
S01454,236,25,2026-05-31,24,14,0.0017251300430882,0.0088860281957071,0.2993306418226242,val,3
S02702,236,25,2026-05-31,53,23,0.0018515095149527,0.0,0.3384156626525342,val,3
S03336,236,25,2026-05-31,19,17,0.0017567898883828,0.0,0.3088767690349279,val,3
S04709,236,25,2026-05-31,55,25,0.0016670988169472,0.0,0.3509341113327105,val,3
S05885,236,25,2026-05-31,33,30,0.001595187004716,0.0,0.2775856996261057,val,3
S05888,236,25,2026-05-31,33,28,0.0015632036472837,0.0,0.3640466551406607,val,3
S06186,236,25,2026-05-31,44,14,0.0018231369296361,0.0030396995773777,0.2987921792414614,val,3
S10603,236,25,2026-05-31,31,12,0.0012953973372312,0.0,0.3189174522039137,val,3
S11877,236,25,2026-05-31,48,14,0.0017738443675151,0.0,0.3188858754265247,val,3
S12784,236,25,2026-05-31,45,30,0.0016369212981588,0.0,0.299950897250955,val,3
S12785,236,25,2026-05-31,31,19,0.0017377903932218,0.0,0.3220648906902058,val,3
S13754,236,25,2026-05-31,45,24,0.0016375705014768,0.0092895955995247,0.2767132763926753,val,3
S14966,236,25,2026-05-31,46,18,0.0018217711669044,0.0,0.3319507144300285,val,3
S16123,236,25,2026-05-31,40,14,0.0016987965317026,0.0,0.2835460579503819,val,3
S16221,236,25,2026-05-31,60,22,0.0021637226733139,0.0,0.308603214828478,val,3
S16659,236,25,2026-05-31,27,22,0.0017656166736991,0.0,0.2969836179989299,val,3
S19917,236,25,2026-05-31,52,14,0.0019459997158168,0.0,0.2935981373552523,val,3
S21258,236,25,2026-05-31,49,28,0.0017471774416527,0.0173404858476165,0.3061673628363898,val,3
S22110,236,25,2026-05-31,48,23,0.0018535839727779,0.0,0.3463055368842943,val,3
S23718,236,25,2026-05-31,22,20,0.0016224611204299,0.0,0.2622174216064662,val,3
S23744,236,25,2026-05-31,40,32,0.001439409348584,0.0,0.320525070008348,val,3
S24722,236,25,2026-05-31,53,24,0.0018037335895787,0.0,0.3420552530314404,val,3
S24727,236,25,2026-05-31,39,17,0.0019245827984929,0.0063043064628654,0.3763210020478747,val,3
S25572,236,25,2026-05-31,64,22,0.0021808395889141,0.0,0.3849808001356367,val,3
S25574,236,25,2026-05-31,49,21,0.0019997947395765,0.0,0.3559502879827428,val,3
S26807,236,25,2026-05-31,26,15,0.0016992340749397,0.0048519283242298,0.3267548077510054,val,3
S29707,236,25,2026-05-31,39,15,0.0017258541279298,0.0,0.2712849670526316,val,3
S29927,236,25,2026-05-31,53,15,0.0019440801316175,0.0,0.3053433053786646,val,3
S37233,236,25,2026-05-31,49,15,0.0018988052821036,0.0,0.306290629939094,val,3
S40264,236,25,2026-05-31,31,17,0.0016654390009218,0.0038270806382061,0.3894779378401087,val,3
S41150,236,25,2026-05-31,35,25,0.001575375378011,0.0,0.3115965996119939,val,3
S01454,236,25,2026-05-31,23,14,0.0019619691098063,0.0088860281957071,0.2993306418226242,val,4
S02702,236,25,2026-05-31,54,23,0.0018678069142185,0.0,0.3384156626525342,val,4
S03336,236,25,2026-05-31,20,17,0.0016555784017751,0.0,0.3088767690349279,val,4
S04709,236,25,2026-05-31,56,25,0.0017911276217622,0.0,0.3509341113327105,val,4
S05885,236,25,2026-05-31,32,30,0.0015304729338466,0.0,0.2775856996261057,val,4
S05888,236,25,2026-05-31,32,28,0.0015687219357838,0.0,0.3640466551406607,val,4
S06186,236,25,2026-05-31,43,14,0.001714796109678,0.0030396995773777,0.2987921792414614,val,4
S10603,236,25,2026-05-31,30,12,0.001225008118708,0.0,0.3189174522039137,val,4
S11877,236,25,2026-05-31,47,14,0.0018995969925191,0.0,0.3188858754265247,val,4
S12784,236,25,2026-05-31,44,30,0.0016605730395665,0.0,0.299950897250955,val,4
S12785,236,25,2026-05-31,32,19,0.0020375423789952,0.0,0.3220648906902058,val,4
S13754,236,25,2026-05-31,44,24,0.0018089776198339,0.0092895955995247,0.2767132763926753,val,4
S14966,236,25,2026-05-31,45,18,0.0018815570789479,0.0,0.3319507144300285,val,4
S16123,236,25,2026-05-31,39,14,0.0018586692664042,0.0,0.2835460579503819,val,4
S16221,236,25,2026-05-31,59,22,0.0021408061961571,0.0,0.308603214828478,val,4
S16659,236,25,2026-05-31,26,22,0.0018374073510469,0.0,0.2969836179989299,val,4
S19917,236,25,2026-05-31,51,14,0.0018217856273225,0.0,0.2935981373552523,val,4
S21258,236,25,2026-05-31,48,28,0.0015659471918544,0.0173404858476165,0.3061673628363898,val,4
S22110,236,25,2026-05-31,49,23,0.0018897845614592,0.0,0.3463055368842943,val,4
S23718,236,25,2026-05-31,21,20,0.0017749666874164,0.0,0.2622174216064662,val,4
S23744,236,25,2026-05-31,39,32,0.001471629203021,0.0,0.320525070008348,val,4
S24722,236,25,2026-05-31,52,24,0.0018484513897396,0.0,0.3420552530314404,val,4
S24727,236,25,2026-05-31,40,17,0.0016837412755829,0.0063043064628654,0.3763210020478747,val,4
S25572,236,25,2026-05-31,63,22,0.0023123463953679,0.0,0.3849808001356367,val,4
S25574,236,25,2026-05-31,50,21,0.0018982535962612,0.0,0.3559502879827428,val,4
S26807,236,25,2026-05-31,27,15,0.0017941344799726,0.0048519283242298,0.3267548077510054,val,4
S29707,236,25,2026-05-31,40,15,0.0017757439407774,0.0,0.2712849670526316,val,4
S29927,236,25,2026-05-31,54,15,0.0018803970790194,0.0,0.3053433053786646,val,4
S37233,236,25,2026-05-31,50,15,0.0018653883989219,0.0,0.306290629939094,val,4
S40264,236,25,2026-05-31,32,17,0.0016988587227301,0.0038270806382061,0.3894779378401087,val,4
S41150,236,25,2026-05-31,36,25,0.0016757960224576,0.0,0.3115965996119939,val,4
