ufs_serial,run_id,wafer_no,date,die_x,die_y,pred,health,clf_proba,split,position
S03816,282,1,2026-06-09,58,29,0.0010911336386618,0.0,0.162896852979829,val,1
S04165,282,1,2026-06-09,28,29,0.0005140181929374,0.0,0.1311126885408447,val,1
S05957,282,1,2026-06-09,63,18,0.000914117971872,0.0,0.2174216526334675,val,1
S11843,282,1,2026-06-09,35,13,0.0004109192460737,0.0,0.0985039204451749,val,1
S12755,282,1,2026-06-09,54,25,0.0004489364737952,0.0,0.1252184158169498,val,1
S12898,282,1,2026-06-09,37,32,0.0011283086804252,0.0,0.1718044040978591,val,1
S14861,282,1,2026-06-09,49,14,0.0003879725239253,0.0,0.1324851775782637,val,1
S16269,282,1,2026-06-09,17,22,0.0006185402921478,0.0,0.1442085068835542,val,1
S20899,282,1,2026-06-09,19,21,0.0004402706300015,0.0,0.1266172597675737,val,1
S24997,282,1,2026-06-09,49,21,0.0005714942439464,0.0,0.1577790541559433,val,1
S29995,282,1,2026-06-09,34,15,0.0004278475419743,0.0,0.1564085805011504,val,1
S33742,282,1,2026-06-09,36,30,0.0004663438834624,0.0,0.1248827618603476,val,1
S34244,282,1,2026-06-09,23,14,0.0006055476470537,0.0,0.1293901920338356,val,1
S35365,282,1,2026-06-09,37,16,0.0004054231823556,0.0,0.1163392604385388,val,1
S37808,282,1,2026-06-09,27,31,0.000996490128882,0.0,0.1472188367825204,val,1
S39322,282,1,2026-06-09,58,27,0.000499062322488,0.0,0.1421515288034275,val,1
S42155,282,1,2026-06-09,23,20,0.0003904514528348,0.0,0.1894306974303222,val,1
S03816,282,1,2026-06-09,56,30,0.0012544877762099,0.0,0.162896852979829,val,2
S04165,282,1,2026-06-09,30,29,0.0005090093760225,0.0,0.1311126885408447,val,2
S05957,282,1,2026-06-09,61,18,0.0006321255035127,0.0,0.2174216526334675,val,2
S11843,282,1,2026-06-09,37,13,0.0005003221011678,0.0,0.0985039204451749,val,2
S12755,282,1,2026-06-09,56,25,0.0006233537549269,0.0,0.1252184158169498,val,2
S12898,282,1,2026-06-09,38,32,0.0010387831995314,0.0,0.1718044040978591,val,2
S14861,282,1,2026-06-09,47,14,0.0003969553181353,0.0,0.1324851775782637,val,2
S16269,282,1,2026-06-09,15,22,0.0005882383305846,0.0,0.1442085068835542,val,2
S20899,282,1,2026-06-09,21,21,0.0004029586432788,0.0,0.1266172597675737,val,2
S24997,282,1,2026-06-09,51,21,0.0004668849159682,0.0,0.1577790541559433,val,2
S29995,282,1,2026-06-09,36,15,0.0004079788362198,0.0,0.1564085805011504,val,2
S33742,282,1,2026-06-09,34,30,0.0004617232182129,0.0,0.1248827618603476,val,2
S34244,282,1,2026-06-09,23,15,0.0005278115031279,0.0,0.1293901920338356,val,2
S35365,282,1,2026-06-09,34,16,0.0004682708345414,0.0,0.1163392604385388,val,2
S37808,282,1,2026-06-09,29,31,0.0008831545003206,0.0,0.1472188367825204,val,2
S39322,282,1,2026-06-09,60,27,0.0005768783815275,0.0,0.1421515288034275,val,2
S42155,282,1,2026-06-09,21,20,0.0004636999961675,0.0,0.1894306974303222,val,2
S03816,282,1,2026-06-09,63,26,0.0010467029789158,0.0,0.162896852979829,val,3
S04165,282,1,2026-06-09,24,29,0.0008321100961946,0.0,0.1311126885408447,val,3
S05957,282,1,2026-06-09,60,17,0.000615366442823,0.0,0.2174216526334675,val,3
S11843,282,1,2026-06-09,30,13,0.0005670534428656,0.0,0.0985039204451749,val,3
S12755,282,1,2026-06-09,50,25,0.0005744266844184,0.0,0.1252184158169498,val,3
S12898,282,1,2026-06-09,31,31,0.0009316013165898,0.0,0.1718044040978591,val,3
S14861,282,1,2026-06-09,53,14,0.0005013007608891,0.0,0.1324851775782637,val,3
S16269,282,1,2026-06-09,23,22,0.0005170823861393,0.0,0.1442085068835542,val,3
S20899,282,1,2026-06-09,15,21,0.0004967363869106,0.0,0.1266172597675737,val,3
S24997,282,1,2026-06-09,43,21,0.0005471353177263,0.0,0.1577790541559433,val,3
S29995,282,1,2026-06-09,30,15,0.0004402638029004,0.0,0.1564085805011504,val,3
S33742,282,1,2026-06-09,40,30,0.0004653110640799,0.0,0.1248827618603476,val,3
S34244,282,1,2026-06-09,27,14,0.0004975331194527,0.0,0.1293901920338356,val,3
S35365,282,1,2026-06-09,41,16,0.0004413642362859,0.0,0.1163392604385388,val,3
S37808,282,1,2026-06-09,26,30,0.000719110408326,0.0,0.1472188367825204,val,3
S39322,282,1,2026-06-09,54,27,0.0003993598155015,0.0,0.1421515288034275,val,3
S42155,282,1,2026-06-09,29,20,0.0004648430654838,0.0,0.1894306974303222,val,3
S03816,282,1,2026-06-09,59,28,0.0008912482724887,0.0,0.162896852979829,val,4
S04165,282,1,2026-06-09,26,29,0.0004448581989465,0.0,0.1311126885408447,val,4
S05957,282,1,2026-06-09,62,17,0.0008204026260565,0.0,0.2174216526334675,val,4
S11843,282,1,2026-06-09,32,13,0.0004494062471448,0.0,0.0985039204451749,val,4
S12755,282,1,2026-06-09,52,25,0.0004002732655702,0.0,0.1252184158169498,val,4
S12898,282,1,2026-06-09,36,32,0.0010400330473954,0.0,0.1718044040978591,val,4
S14861,282,1,2026-06-09,51,14,0.0004400018673405,0.0,0.1324851775782637,val,4
S16269,282,1,2026-06-09,19,22,0.0004365935699106,0.0,0.1442085068835542,val,4
S20899,282,1,2026-06-09,17,21,0.0004343534167912,0.0,0.1266172597675737,val,4
S24997,282,1,2026-06-09,47,21,0.0005739806678226,0.0,0.1577790541559433,val,4
S29995,282,1,2026-06-09,32,15,0.0004464900640055,0.0,0.1564085805011504,val,4
S33742,282,1,2026-06-09,38,30,0.0004864871366191,0.0,0.1248827618603476,val,4
S34244,282,1,2026-06-09,25,14,0.0005189629828393,0.0,0.1293901920338356,val,4
S35365,282,1,2026-06-09,39,16,0.0004167216093077,0.0,0.1163392604385388,val,4
S37808,282,1,2026-06-09,24,30,0.0010297888546974,0.0,0.1472188367825204,val,4
S39322,282,1,2026-06-09,56,27,0.0004798052885788,0.0,0.1421515288034275,val,4
S42155,282,1,2026-06-09,27,20,0.0004902278734762,0.0,0.1894306974303222,val,4
S01110,282,2,2026-06-09,29,19,0.0005209233466407,0.0,0.1554022710286636,val,1
S05948,282,2,2026-06-09,46,26,0.0005918764139171,0.0,0.1179094969855705,val,1
S09199,282,2,2026-06-09,30,30,0.0005841191056697,0.0,0.1467157230289612,val,1
S10511,282,2,2026-06-09,32,29,0.0005841742786017,0.0,0.1055317084623852,val,1
S12758,282,2,2026-06-09,24,26,0.0006902370028179,0.0,0.1975775005053854,val,1
S12764,282,2,2026-06-09,38,16,0.0005802704984235,0.0,0.1315371461729373,val,1
S15311,282,2,2026-06-09,15,21,0.0006152637274435,0.0,0.1863327759164134,val,1
S17750,282,2,2026-06-09,56,18,0.0005184489347871,0.0,0.1174571652733545,val,1
S20315,282,2,2026-06-09,41,27,0.0006022329178012,0.0,0.1154081298678712,val,1
S23497,282,2,2026-06-09,52,17,0.000529912874759,0.0,0.1325437495142234,val,1
S25008,282,2,2026-06-09,59,21,0.0006530923911796,0.0,0.1371984353596192,val,1
S26922,282,2,2026-06-09,41,25,0.0005988905922674,0.0160147729526075,0.1527429428185243,val,1
S28440,282,2,2026-06-09,47,26,0.0005960935714316,0.0,0.1545218812018949,val,1
S28447,282,2,2026-06-09,32,12,0.0006156448454679,0.0,0.1720388786024036,val,1
S29191,282,2,2026-06-09,37,16,0.0005476949509906,0.0,0.0927563868829062,val,1
S32490,282,2,2026-06-09,25,23,0.0005757927242324,0.0,0.1235135722555348,val,1
S34972,282,2,2026-06-09,16,23,0.0005933468966396,0.0,0.1423611015499628,val,1
S37858,282,2,2026-06-09,42,14,0.0005568315744884,0.0,0.1269505646158193,val,1
S39320,282,2,2026-06-09,30,28,0.0006176705966277,0.0,0.12745901149385,val,1
S01110,282,2,2026-06-09,31,19,0.0005579864785243,0.0,0.1554022710286636,val,2
S05948,282,2,2026-06-09,34,26,0.0006147719217704,0.0,0.1179094969855705,val,2
S09199,282,2,2026-06-09,28,30,0.000608605662339,0.0,0.1467157230289612,val,2
S10511,282,2,2026-06-09,34,29,0.000658058045264,0.0,0.1055317084623852,val,2
S12758,282,2,2026-06-09,22,26,0.0006574220721558,0.0,0.1975775005053854,val,2
S12764,282,2,2026-06-09,36,16,0.0005399578766248,0.0,0.1315371461729373,val,2
S15311,282,2,2026-06-09,16,21,0.0005645718861571,0.0,0.1863327759164134,val,2
S17750,282,2,2026-06-09,54,18,0.0006488805438985,0.0,0.1174571652733545,val,2
S20315,282,2,2026-06-09,43,27,0.0005613666997306,0.0,0.1154081298678712,val,2
S23497,282,2,2026-06-09,54,17,0.0005508525149007,0.0,0.1325437495142234,val,2
S25008,282,2,2026-06-09,61,21,0.0006421942221937,0.0,0.1371984353596192,val,2
S26922,282,2,2026-06-09,48,25,0.000551213647007,0.0160147729526075,0.1527429428185243,val,2
S28440,282,2,2026-06-09,37,26,0.0005731010393495,0.0,0.1545218812018949,val,2
S28447,282,2,2026-06-09,28,13,0.0005863551474029,0.0,0.1720388786024036,val,2
S29191,282,2,2026-06-09,35,16,0.0005516800813236,0.0,0.0927563868829062,val,2
S32490,282,2,2026-06-09,27,23,0.0005626964007976,0.0,0.1235135722555348,val,2
S34972,282,2,2026-06-09,18,23,0.0006118290176316,0.0,0.1423611015499628,val,2
S37858,282,2,2026-06-09,40,14,0.0005664104914804,0.0,0.1269505646158193,val,2
S39320,282,2,2026-06-09,28,28,0.000581194161711,0.0,0.12745901149385,val,2
S01110,282,2,2026-06-09,25,19,0.000573117765142,0.0,0.1554022710286636,val,3
S05948,282,2,2026-06-09,50,26,0.0005164537878731,0.0,0.1179094969855705,val,3
S09199,282,2,2026-06-09,34,30,0.0006068486238318,0.0,0.1467157230289612,val,3
S10511,282,2,2026-06-09,28,29,0.0006294134556999,0.0,0.1055317084623852,val,3
S12758,282,2,2026-06-09,31,26,0.000592715153227,0.0,0.1975775005053854,val,3
S12764,282,2,2026-06-09,42,16,0.0005216712089316,0.0,0.1315371461729373,val,3
S15311,282,2,2026-06-09,13,21,0.0007671131085397,0.0,0.1863327759164134,val,3
S17750,282,2,2026-06-09,60,18,0.0006034870538736,0.0,0.1174571652733545,val,3
S20315,282,2,2026-06-09,35,27,0.0005615360277855,0.0,0.1154081298678712,val,3
S23497,282,2,2026-06-09,48,17,0.0005893203818082,0.0,0.1325437495142234,val,3
S25008,282,2,2026-06-09,55,21,0.0005632632592782,0.0,0.1371984353596192,val,3
S26922,282,2,2026-06-09,29,25,0.0005212558940941,0.0160147729526075,0.1527429428185243,val,3
S28440,282,2,2026-06-09,51,26,0.000497687767035,0.0,0.1545218812018949,val,3
S28447,282,2,2026-06-09,36,12,0.0005754351642553,0.0,0.1720388786024036,val,3
S29191,282,2,2026-06-09,41,16,0.0005193596539299,0.0,0.0927563868829062,val,3
S32490,282,2,2026-06-09,20,23,0.000634059354998,0.0,0.1235135722555348,val,3
S34972,282,2,2026-06-09,13,22,0.000704633481248,0.0,0.1423611015499628,val,3
S37858,282,2,2026-06-09,46,14,0.0004980066720446,0.0,0.1269505646158193,val,3
S39320,282,2,2026-06-09,37,28,0.0005300015344064,0.0,0.12745901149385,val,3
S01110,282,2,2026-06-09,27,19,0.0004997400389894,0.0,0.1554022710286636,val,4
S05948,282,2,2026-06-09,48,26,0.0006020597757124,0.0,0.1179094969855705,val,4
S09199,282,2,2026-06-09,32,30,0.0006446532571821,0.0,0.1467157230289612,val,4
S10511,282,2,2026-06-09,30,29,0.0005957223430735,0.0,0.1055317084623852,val,4
S12758,282,2,2026-06-09,28,26,0.0005649019457125,0.0,0.1975775005053854,val,4
S12764,282,2,2026-06-09,40,16,0.0005090212925103,0.0,0.1315371461729373,val,4
S15311,282,2,2026-06-09,14,21,0.0005935204406845,0.0,0.1863327759164134,val,4
S17750,282,2,2026-06-09,58,18,0.0006099085559763,0.0,0.1174571652733545,val,4
S20315,282,2,2026-06-09,37,27,0.0005422479151685,0.0,0.1154081298678712,val,4
S23497,282,2,2026-06-09,50,17,0.0005824307101485,0.0,0.1325437495142234,val,4
S25008,282,2,2026-06-09,57,21,0.0006598911918678,0.0,0.1371984353596192,val,4
S26922,282,2,2026-06-09,34,25,0.0005286998190374,0.0160147729526075,0.1527429428185243,val,4
S28440,282,2,2026-06-09,49,26,0.0005308027013558,0.0,0.1545218812018949,val,4
S28447,282,2,2026-06-09,34,12,0.0006169674872347,0.0,0.1720388786024036,val,4
S29191,282,2,2026-06-09,39,16,0.0005716004182402,0.0,0.0927563868829062,val,4
S32490,282,2,2026-06-09,23,23,0.0006011325247033,0.0,0.1235135722555348,val,4
S34972,282,2,2026-06-09,14,23,0.0006212934260764,0.0,0.1423611015499628,val,4
S37858,282,2,2026-06-09,44,14,0.0005368395246205,0.0,0.1269505646158193,val,4
S39320,282,2,2026-06-09,34,28,0.000603974291741,0.0,0.12745901149385,val,4
S01771,282,3,2026-06-08,53,15,0.000577220506984,0.0,0.1661141084868822,val,1
S01776,282,3,2026-06-08,38,17,0.0006249364760468,0.0,0.1936452710402477,val,1
S07403,282,3,2026-06-08,42,18,0.0005875710320927,0.0,0.1780018580394576,val,1
S09206,282,3,2026-06-08,51,16,0.0005674872334562,0.0,0.1619779715228006,val,1
S10767,282,3,2026-06-08,21,22,0.0005303822414879,0.0,0.1870301501785588,val,1
S12304,282,3,2026-06-08,54,13,0.0006870769376788,0.0,0.1563841802573339,val,1
S13429,282,3,2026-06-08,32,27,0.0005710629932796,0.0,0.1990599961882893,val,1
S14194,282,3,2026-06-08,48,22,0.0006530990159427,0.0,0.1938653447548982,val,1
S16266,282,3,2026-06-08,60,20,0.0006217246124727,0.0,0.1423236080776241,val,1
S17166,282,3,2026-06-08,46,31,0.0005893867411556,0.0,0.1809299179604536,val,1
S18991,282,3,2026-06-08,52,21,0.0006094283093251,0.0,0.194354703309067,val,1
S21343,282,3,2026-06-08,41,11,0.0007813909985226,0.0,0.2008158410192366,val,1
S22285,282,3,2026-06-08,25,17,0.0004863068915484,0.0,0.1840275161046608,val,1
S23382,282,3,2026-06-08,62,19,0.0006504773445741,0.0,0.1789725320422136,val,1
S23387,282,3,2026-06-08,36,20,0.0005235615341865,0.0,0.195165486365532,val,1
S23741,282,3,2026-06-08,44,32,0.0009975696578915,0.0,0.1796190426709102,val,1
S26409,282,3,2026-06-08,51,18,0.00048511680712,0.0,0.1330800210021549,val,1
S28141,282,3,2026-06-08,24,14,0.0005652845905616,0.0,0.1396793158738242,val,1
S29594,282,3,2026-06-08,36,21,0.0005762633449539,0.0,0.2176401641197099,val,1
S29595,282,3,2026-06-08,33,12,0.0005755584020583,0.0,0.1204259602920353,val,1
S29993,282,3,2026-06-08,45,17,0.0005301028242787,0.0,0.2145716927809468,val,1
S34247,282,3,2026-06-08,34,24,0.0005489339378907,0.0,0.1969036292477815,val,1
S39041,282,3,2026-06-08,56,24,0.0005109408987633,0.0,0.1987403336348988,val,1
S41218,282,3,2026-06-08,37,17,0.000579136697098,0.0,0.2173040365550471,val,1
S42781,282,3,2026-06-08,55,22,0.0007350642038913,0.0,0.2024180307842622,val,1
S01771,282,3,2026-06-08,55,15,0.0006292981662454,0.0,0.1661141084868822,val,2
S01776,282,3,2026-06-08,40,17,0.0005146806720226,0.0,0.1936452710402477,val,2
S07403,282,3,2026-06-08,40,18,0.0005440235035478,0.0,0.1780018580394576,val,2
S09206,282,3,2026-06-08,49,16,0.0005146834767167,0.0,0.1619779715228006,val,2
S10767,282,3,2026-06-08,19,22,0.0005265546587022,0.0,0.1870301501785588,val,2
S12304,282,3,2026-06-08,59,15,0.0007700879261546,0.0,0.1563841802573339,val,2
S13429,282,3,2026-06-08,34,27,0.0005604937926498,0.0,0.1990599961882893,val,2
S14194,282,3,2026-06-08,46,22,0.0005581683179018,0.0,0.1938653447548982,val,2
S16266,282,3,2026-06-08,58,20,0.0005800558650404,0.0,0.1423236080776241,val,2
S17166,282,3,2026-06-08,48,31,0.0007482295799229,0.0,0.1809299179604536,val,2
S18991,282,3,2026-06-08,54,21,0.0007168731445053,0.0,0.194354703309067,val,2
S21343,282,3,2026-06-08,44,11,0.0009793990680145,0.0,0.2008158410192366,val,2
S22285,282,3,2026-06-08,27,17,0.0005011633412573,0.0,0.1840275161046608,val,2
S23382,282,3,2026-06-08,64,19,0.0007728822841439,0.0,0.1789725320422136,val,2
S23387,282,3,2026-06-08,33,20,0.0005305440991758,0.0,0.195165486365532,val,2
S23741,282,3,2026-06-08,42,32,0.0010064533892907,0.0,0.1796190426709102,val,2
S26409,282,3,2026-06-08,49,18,0.0004817652473221,0.0,0.1330800210021549,val,2
S28141,282,3,2026-06-08,20,15,0.0005778430683011,0.0,0.1396793158738242,val,2
S29594,282,3,2026-06-08,38,21,0.0005300344564547,0.0,0.2176401641197099,val,2
S29595,282,3,2026-06-08,27,13,0.0005514833056205,0.0,0.1204259602920353,val,2
S29993,282,3,2026-06-08,48,17,0.0005274938200189,0.0,0.2145716927809468,val,2
S34247,282,3,2026-06-08,32,24,0.0005253389673632,0.0,0.1969036292477815,val,2
S39041,282,3,2026-06-08,54,24,0.000516449593368,0.0,0.1987403336348988,val,2
S41218,282,3,2026-06-08,39,17,0.0006180393954146,0.0,0.2173040365550471,val,2
S42781,282,3,2026-06-08,53,22,0.0006045720883043,0.0,0.2024180307842622,val,2
S01771,282,3,2026-06-08,49,15,0.0005939365158149,0.0,0.1661141084868822,val,3
S01776,282,3,2026-06-08,34,17,0.0005234793131127,0.0,0.1936452710402477,val,3
S07403,282,3,2026-06-08,47,18,0.0005174435437566,0.0,0.1780018580394576,val,3
S09206,282,3,2026-06-08,55,16,0.0005333465966542,0.0,0.1619779715228006,val,3
S10767,282,3,2026-06-08,26,22,0.0006108754841853,0.0,0.1870301501785588,val,3
S12304,282,3,2026-06-08,50,12,0.0007486916793816,0.0,0.1563841802573339,val,3
S13429,282,3,2026-06-08,28,27,0.0005028420010784,0.0,0.1990599961882893,val,3
S14194,282,3,2026-06-08,52,22,0.0005517646038039,0.0,0.1938653447548982,val,3
S16266,282,3,2026-06-08,65,20,0.00063095490924,0.0,0.1423236080776241,val,3
S17166,282,3,2026-06-08,42,31,0.0005385363871088,0.0,0.1809299179604536,val,3
S18991,282,3,2026-06-08,48,21,0.0006783269604368,0.0,0.194354703309067,val,3
S21343,282,3,2026-06-09,43,32,0.000955564446096,0.0,0.2008158410192366,val,3
S22285,282,3,2026-06-08,21,17,0.0005700500511096,0.0,0.1840275161046608,val,3
S23382,282,3,2026-06-08,57,19,0.00058371374602,0.0,0.1789725320422136,val,3
S23387,282,3,2026-06-08,40,20,0.0005367565186844,0.0,0.195165486365532,val,3
S23741,282,3,2026-06-08,50,31,0.000849015917703,0.0,0.1796190426709102,val,3
S26409,282,3,2026-06-08,55,18,0.0005332819439796,0.0,0.1330800210021549,val,3
S28141,282,3,2026-06-08,28,14,0.0005760173745554,0.0,0.1396793158738242,val,3
S29594,282,3,2026-06-08,31,21,0.0006616368347476,0.0,0.2176401641197099,val,3
S29595,282,3,2026-06-08,37,12,0.0005787974494912,0.0,0.1204259602920353,val,3
S29993,282,3,2026-06-08,41,17,0.0005272131696158,0.0,0.2145716927809468,val,3
S34247,282,3,2026-06-08,41,24,0.0005757629402535,0.0,0.1969036292477815,val,3
S39041,282,3,2026-06-08,61,24,0.0005336019015511,0.0,0.1987403336348988,val,3
S41218,282,3,2026-06-08,33,17,0.0005868323153283,0.0,0.2173040365550471,val,3
S42781,282,3,2026-06-08,59,22,0.0006962796606248,0.0,0.2024180307842622,val,3
S01771,282,3,2026-06-08,51,15,0.000606530595624,0.0,0.1661141084868822,val,4
S01776,282,3,2026-06-08,36,17,0.0005544205256428,0.0,0.1936452710402477,val,4
S07403,282,3,2026-06-08,44,18,0.0005683449819566,0.0,0.1780018580394576,val,4
S09206,282,3,2026-06-08,53,16,0.0006559584596354,0.0,0.1619779715228006,val,4
S10767,282,3,2026-06-08,24,22,0.0005734157586488,0.0,0.1870301501785588,val,4
S12304,282,3,2026-06-08,48,12,0.0007622502684891,0.0,0.1563841802573339,val,4
S13429,282,3,2026-06-08,30,27,0.000554075086281,0.0,0.1990599961882893,val,4
S14194,282,3,2026-06-08,50,22,0.0006821691104831,0.0,0.1938653447548982,val,4
S16266,282,3,2026-06-08,62,20,0.0007181381314061,0.0,0.1423236080776241,val,4
S17166,282,3,2026-06-08,44,31,0.0005767349197838,0.0,0.1809299179604536,val,4
S18991,282,3,2026-06-08,50,21,0.0005539488694104,0.0,0.194354703309067,val,4
S21343,282,3,2026-06-09,41,32,0.0008953981382384,0.0,0.2008158410192366,val,4
S22285,282,3,2026-06-08,23,17,0.0004956449441524,0.0,0.1840275161046608,val,4
S23382,282,3,2026-06-08,60,19,0.0005855132013497,0.0,0.1789725320422136,val,4
S23387,282,3,2026-06-08,38,20,0.0005426220008578,0.0,0.195165486365532,val,4
S23741,282,3,2026-06-08,52,31,0.0008841121828623,0.0,0.1796190426709102,val,4
S26409,282,3,2026-06-08,53,18,0.0005220255081609,0.0,0.1330800210021549,val,4
S28141,282,3,2026-06-08,26,14,0.0005278084364284,0.0,0.1396793158738242,val,4
S29594,282,3,2026-06-08,34,21,0.0005010107152473,0.0,0.2176401641197099,val,4
S29595,282,3,2026-06-08,35,12,0.0006199214263921,0.0,0.1204259602920353,val,4
S29993,282,3,2026-06-08,43,17,0.0005259055578114,0.0,0.2145716927809468,val,4
S34247,282,3,2026-06-08,37,24,0.000538596448898,0.0,0.1969036292477815,val,4
S39041,282,3,2026-06-08,59,24,0.0005172417270712,0.0,0.1987403336348988,val,4
S41218,282,3,2026-06-08,35,17,0.0005231224752007,0.0,0.2173040365550471,val,4
S42781,282,3,2026-06-08,57,22,0.0007524542913389,0.0,0.2024180307842622,val,4
S08158,282,4,2026-06-08,37,24,0.0020623943278592,0.0092424062800012,0.3714211236508413,val,1
S08160,282,4,2026-06-08,56,18,0.0025752858440507,0.0146770525952327,0.305549143362009,val,1
S12303,282,4,2026-06-08,49,31,0.0021494546216139,0.0,0.2867430274932718,val,1
S18902,282,4,2026-06-08,27,30,0.0026433051951431,0.0,0.3053680378949348,val,1
S22914,282,4,2026-06-08,15,19,0.0027238211987184,0.0097579172638564,0.3412185744574526,val,1
S23228,282,4,2026-06-08,43,23,0.0019631191868047,0.0,0.2850902622114299,val,1
S29124,282,4,2026-06-08,29,24,0.0025765356058967,0.0105698203626774,0.3476943149566933,val,1
S29575,282,4,2026-06-08,53,20,0.002502240345132,0.0046561738804571,0.3405752932924299,val,1
S29576,282,4,2026-06-08,33,29,0.0025639260674042,0.0,0.3287232454959982,val,1
S30199,282,4,2026-06-08,38,24,0.0022576968267788,0.0209195158457966,0.3562260111340471,val,1
S31370,282,4,2026-06-08,25,22,0.0028017552384949,0.0,0.3608804059240753,val,1
S34903,282,4,2026-06-08,60,26,0.0027155627821465,0.0,0.3337764313248597,val,1
S37722,282,4,2026-06-08,58,20,0.002631294988797,0.0,0.3152532059317769,val,1
S41385,282,4,2026-06-08,43,30,0.0025392718554908,0.0,0.3131408202360274,val,1
S42199,282,4,2026-06-08,51,18,0.0023731231579525,0.006832648235472,0.3093645684319764,val,1
S42294,282,4,2026-06-08,25,13,0.0022627694370131,0.0,0.2771063076974649,val,1
S42954,282,4,2026-06-08,35,30,0.0025630917250992,0.0,0.352349156473466,val,1
S08158,282,4,2026-06-08,35,24,0.002248464891656,0.0092424062800012,0.3714211236508413,val,2
S08160,282,4,2026-06-08,54,18,0.0025901842492693,0.0146770525952327,0.305549143362009,val,2
S12303,282,4,2026-06-08,50,31,0.0019134890609774,0.0,0.2867430274932718,val,2
S18902,282,4,2026-06-08,33,31,0.0026232393709203,0.0,0.3053680378949348,val,2
S22914,282,4,2026-06-08,17,19,0.0027323529968135,0.0097579172638564,0.3412185744574526,val,2
S23228,282,4,2026-06-08,45,23,0.0021499238563097,0.0,0.2850902622114299,val,2
S29124,282,4,2026-06-08,27,24,0.0025490299511216,0.0105698203626774,0.3476943149566933,val,2
S29575,282,4,2026-06-08,51,20,0.0022615183358304,0.0046561738804571,0.3405752932924299,val,2
S29576,282,4,2026-06-08,35,29,0.00247799432901,0.0,0.3287232454959982,val,2
S30199,282,4,2026-06-08,36,24,0.0023108198230664,0.0209195158457966,0.3562260111340471,val,2
S31370,282,4,2026-06-08,23,22,0.0027701045906916,0.0,0.3608804059240753,val,2
S34903,282,4,2026-06-08,58,26,0.0025266427201184,0.0,0.3337764313248597,val,2
S37722,282,4,2026-06-08,56,20,0.0024662873516333,0.0,0.3152532059317769,val,2
S41385,282,4,2026-06-08,41,30,0.0026212317703162,0.0,0.3131408202360274,val,2
S42199,282,4,2026-06-08,49,18,0.0024991133081554,0.006832648235472,0.3093645684319764,val,2
S42294,282,4,2026-06-08,22,14,0.0022542799533362,0.0,0.2771063076974649,val,2
S42954,282,4,2026-06-08,33,30,0.0025474660400109,0.0,0.352349156473466,val,2
S08158,282,4,2026-06-08,41,24,0.002105015101718,0.0092424062800012,0.3714211236508413,val,3
S08160,282,4,2026-06-08,60,18,0.0025525456117536,0.0146770525952327,0.305549143362009,val,3
S12303,282,4,2026-06-08,46,31,0.002348324158398,0.0,0.2867430274932718,val,3
S18902,282,4,2026-06-08,31,30,0.0026390555488491,0.0,0.3053680378949348,val,3
S22914,282,4,2026-06-08,17,18,0.0028130800534641,0.0097579172638564,0.3412185744574526,val,3
S23228,282,4,2026-06-08,39,23,0.00204477874355,0.0,0.2850902622114299,val,3
S29124,282,4,2026-06-08,33,24,0.0025180930256902,0.0105698203626774,0.3476943149566933,val,3
S29575,282,4,2026-06-08,55,20,0.002400350999325,0.0046561738804571,0.3405752932924299,val,3
S29576,282,4,2026-06-08,28,29,0.0026995194258521,0.0,0.3287232454959982,val,3
S30199,282,4,2026-06-08,42,24,0.0020995268606823,0.0209195158457966,0.3562260111340471,val,3
S31370,282,4,2026-06-08,29,22,0.0027457908421574,0.0,0.3608804059240753,val,3
S34903,282,4,2026-06-08,63,25,0.0027411780710631,0.0,0.3337764313248597,val,3
S37722,282,4,2026-06-08,62,20,0.0026324466302909,0.0,0.3152532059317769,val,3
S41385,282,4,2026-06-08,47,30,0.0025376385591069,0.0,0.3131408202360274,val,3
S42199,282,4,2026-06-08,55,18,0.0025995576672977,0.006832648235472,0.3093645684319764,val,3
S42294,282,4,2026-06-08,30,12,0.0021561703429468,0.0,0.2771063076974649,val,3
S42954,282,4,2026-06-08,39,30,0.0026221615852078,0.0,0.352349156473466,val,3
S08158,282,4,2026-06-08,39,24,0.0020692451595363,0.0092424062800012,0.3714211236508413,val,4
S08160,282,4,2026-06-08,58,18,0.0027003445652423,0.0146770525952327,0.305549143362009,val,4
S12303,282,4,2026-06-08,48,31,0.0019487790514095,0.0,0.2867430274932718,val,4
S18902,282,4,2026-06-08,29,30,0.0026802192741819,0.0,0.3053680378949348,val,4
S22914,282,4,2026-06-08,15,18,0.0026460104504888,0.0097579172638564,0.3412185744574526,val,4
S23228,282,4,2026-06-08,41,23,0.0022202070670518,0.0,0.2850902622114299,val,4
S29124,282,4,2026-06-08,31,24,0.0025553330848042,0.0105698203626774,0.3476943149566933,val,4
S29575,282,4,2026-06-08,54,20,0.0023690539505199,0.0046561738804571,0.3405752932924299,val,4
S29576,282,4,2026-06-08,31,29,0.0025541141511207,0.0,0.3287232454959982,val,4
S30199,282,4,2026-06-08,40,24,0.002027708179156,0.0209195158457966,0.3562260111340471,val,4
S31370,282,4,2026-06-08,27,22,0.0026432449883616,0.0,0.3608804059240753,val,4
S34903,282,4,2026-06-08,62,26,0.0026981434262256,0.0,0.3337764313248597,val,4
S37722,282,4,2026-06-08,60,20,0.0025271006663427,0.0,0.3152532059317769,val,4
S41385,282,4,2026-06-08,45,30,0.002469130382962,0.0,0.3131408202360274,val,4
S42199,282,4,2026-06-08,53,18,0.0026548386467767,0.006832648235472,0.3093645684319764,val,4
S42294,282,4,2026-06-08,28,12,0.0021441339532673,0.0,0.2771063076974649,val,4
S42954,282,4,2026-06-08,37,30,0.0025144287980236,0.0,0.352349156473466,val,4
S02407,282,5,2026-06-08,55,18,0.0030878489635277,0.0,0.4008467155702566,val,1
S04408,282,5,2026-06-08,50,14,0.0030781126846186,0.0,0.4636911083642669,val,1
S04771,282,5,2026-06-08,26,20,0.0030924376620377,0.0,0.4577292637520465,val,1
S07476,282,5,2026-06-08,36,13,0.0030360002111636,0.0100746841344719,0.4295426984719089,val,1
S07485,282,5,2026-06-08,30,22,0.0032009597696491,0.0119197515319398,0.4482561210032176,val,1
S14275,282,5,2026-06-08,26,18,0.0030779737490609,0.0,0.4553924270202261,val,1
S20931,282,5,2026-06-08,55,27,0.0031381152221156,0.0,0.3864214213125971,val,1
S23094,282,5,2026-06-08,39,32,0.0029774116697684,0.0,0.3863790453521223,val,1
S23125,282,5,2026-06-08,26,27,0.0031749555930825,0.0,0.4499883800271276,val,1
S23459,282,5,2026-06-08,22,26,0.0032523199214299,0.0,0.427866679793796,val,1
S25182,282,5,2026-06-08,49,29,0.0031668041211936,0.0,0.3969673879977464,val,1
S29769,282,5,2026-06-08,38,29,0.0031975888631882,0.0,0.4411774486978005,val,1
S33053,282,5,2026-06-08,31,26,0.0032201399866688,0.0,0.4188484770326804,val,1
S37908,282,5,2026-06-08,46,25,0.0031543527225568,0.0,0.4055643676519469,val,1
S38918,282,5,2026-06-08,28,15,0.0029914505705364,0.0,0.419240835491772,val,1
S02407,282,5,2026-06-08,53,18,0.0031503143580253,0.0,0.4008467155702566,val,2
S04408,282,5,2026-06-08,48,14,0.002660039381575,0.0,0.4636911083642669,val,2
S04771,282,5,2026-06-08,24,20,0.0032347438826968,0.0,0.4577292637520465,val,2
S07476,282,5,2026-06-08,38,13,0.002233528272124,0.0100746841344719,0.4295426984719089,val,2
S07485,282,5,2026-06-08,28,22,0.0031734684759177,0.0119197515319398,0.4482561210032176,val,2
S14275,282,5,2026-06-08,24,18,0.002688923063827,0.0,0.4553924270202261,val,2
S20931,282,5,2026-06-08,57,27,0.0031829157104425,0.0,0.3864214213125971,val,2
S23094,282,5,2026-06-08,37,11,0.0011939450908121,0.0,0.3863790453521223,val,2
S23125,282,5,2026-06-08,28,27,0.0032474583744729,0.0,0.4499883800271276,val,2
S23459,282,5,2026-06-08,20,26,0.003233728718037,0.0,0.427866679793796,val,2
S25182,282,5,2026-06-08,51,29,0.0032154424151078,0.0,0.3969673879977464,val,2
S29769,282,5,2026-06-08,40,29,0.0031808387218729,0.0,0.4411774486978005,val,2
S33053,282,5,2026-06-08,29,26,0.0031923038834855,0.0,0.4188484770326804,val,2
S37908,282,5,2026-06-08,48,25,0.0030982470733247,0.0,0.4055643676519469,val,2
S38918,282,5,2026-06-08,30,15,0.0030922976588688,0.0,0.419240835491772,val,2
S02407,282,5,2026-06-08,59,18,0.0031693312185671,0.0,0.4008467155702566,val,3
S04408,282,5,2026-06-08,54,14,0.0021161608830046,0.0,0.4636911083642669,val,3
S04771,282,5,2026-06-08,32,20,0.0030753837816808,0.0,0.4577292637520465,val,3
S07476,282,5,2026-06-08,30,13,0.003122579555381,0.0100746841344719,0.4295426984719089,val,3
S07485,282,5,2026-06-08,34,22,0.0031214109459691,0.0119197515319398,0.4482561210032176,val,3
S14275,282,5,2026-06-08,30,18,0.0031599684000914,0.0,0.4553924270202261,val,3
S20931,282,5,2026-06-08,51,27,0.0031222763952775,0.0,0.3864214213125971,val,3
S23094,282,5,2026-06-08,45,31,0.0030974554038563,0.0,0.3863790453521223,val,3
S23125,282,5,2026-06-08,24,27,0.0032071075234397,0.0,0.4499883800271276,val,3
S23459,282,5,2026-06-08,27,26,0.0031406142771842,0.0,0.427866679793796,val,3
S25182,282,5,2026-06-08,43,29,0.0031484819983584,0.0,0.3969673879977464,val,3
S29769,282,5,2026-06-08,32,29,0.0032017217993235,0.0,0.4411774486978005,val,3
S33053,282,5,2026-06-08,35,26,0.0031144679749198,0.0,0.4188484770326804,val,3
S37908,282,5,2026-06-08,41,25,0.0031946312037568,0.0,0.4055643676519469,val,3
S38918,282,5,2026-06-08,24,15,0.0028725709543006,0.0,0.419240835491772,val,3
S02407,282,5,2026-06-08,57,18,0.0030956339193897,0.0,0.4008467155702566,val,4
S04408,282,5,2026-06-08,52,14,0.0031662737514879,0.0,0.4636911083642669,val,4
S04771,282,5,2026-06-08,28,20,0.0032192920035661,0.0,0.4577292637520465,val,4
S07476,282,5,2026-06-08,32,13,0.0029769860202707,0.0100746841344719,0.4295426984719089,val,4
S07485,282,5,2026-06-08,32,22,0.0031827679137776,0.0119197515319398,0.4482561210032176,val,4
S14275,282,5,2026-06-08,28,18,0.003175441390668,0.0,0.4553924270202261,val,4
S20931,282,5,2026-06-08,53,27,0.0031399914459134,0.0,0.3864214213125971,val,4
S23094,282,5,2026-06-08,41,32,0.0029163795490989,0.0,0.3863790453521223,val,4
S23125,282,5,2026-06-08,25,27,0.0032220667317545,0.0,0.4499883800271276,val,4
S23459,282,5,2026-06-08,25,26,0.0031580147488929,0.0,0.427866679793796,val,4
S25182,282,5,2026-06-08,45,29,0.0031925952168521,0.0,0.3969673879977464,val,4
S29769,282,5,2026-06-08,36,29,0.0031333533086314,0.0,0.4411774486978005,val,4
S33053,282,5,2026-06-08,33,26,0.0031817834225559,0.0,0.4188484770326804,val,4
S37908,282,5,2026-06-08,43,25,0.0030862348197592,0.0,0.4055643676519469,val,4
S38918,282,5,2026-06-08,26,15,0.0029512796208443,0.0,0.419240835491772,val,4
S08158,282,6,2026-06-08,37,24,0.0020623943278592,0.0092424062800012,0.3714211236508413,val,1
S08160,282,6,2026-06-08,56,18,0.0025752858440507,0.0146770525952327,0.305549143362009,val,1
S12303,282,6,2026-06-08,49,31,0.0021494546216139,0.0,0.2867430274932718,val,1
S18902,282,6,2026-06-08,27,30,0.0026433051951431,0.0,0.3053680378949348,val,1
S22914,282,6,2026-06-08,15,19,0.0027238211987184,0.0097579172638564,0.3412185744574526,val,1
S23228,282,6,2026-06-08,43,23,0.0019631191868047,0.0,0.2850902622114299,val,1
S29124,282,6,2026-06-08,29,24,0.0025765356058967,0.0105698203626774,0.3476943149566933,val,1
S29575,282,6,2026-06-08,53,20,0.002502240345132,0.0046561738804571,0.3405752932924299,val,1
S29576,282,6,2026-06-08,33,29,0.0025639260674042,0.0,0.3287232454959982,val,1
S30199,282,6,2026-06-08,38,24,0.0022576968267788,0.0209195158457966,0.3562260111340471,val,1
S31370,282,6,2026-06-08,25,22,0.0028017552384949,0.0,0.3608804059240753,val,1
S34903,282,6,2026-06-08,60,26,0.0027155627821465,0.0,0.3337764313248597,val,1
S37722,282,6,2026-06-08,58,20,0.002631294988797,0.0,0.3152532059317769,val,1
S41385,282,6,2026-06-08,43,30,0.0025392718554908,0.0,0.3131408202360274,val,1
S42199,282,6,2026-06-08,51,18,0.0023731231579525,0.006832648235472,0.3093645684319764,val,1
S42294,282,6,2026-06-08,25,13,0.0022627694370131,0.0,0.2771063076974649,val,1
S42954,282,6,2026-06-08,35,30,0.0025630917250992,0.0,0.352349156473466,val,1
S08158,282,6,2026-06-08,35,24,0.002248464891656,0.0092424062800012,0.3714211236508413,val,2
S08160,282,6,2026-06-08,54,18,0.0025901842492693,0.0146770525952327,0.305549143362009,val,2
S12303,282,6,2026-06-08,50,31,0.0019134890609774,0.0,0.2867430274932718,val,2
S18902,282,6,2026-06-08,33,31,0.0026232393709203,0.0,0.3053680378949348,val,2
S22914,282,6,2026-06-08,17,19,0.0027323529968135,0.0097579172638564,0.3412185744574526,val,2
S23228,282,6,2026-06-08,45,23,0.0021499238563097,0.0,0.2850902622114299,val,2
S29124,282,6,2026-06-08,27,24,0.0025490299511216,0.0105698203626774,0.3476943149566933,val,2
S29575,282,6,2026-06-08,51,20,0.0022615183358304,0.0046561738804571,0.3405752932924299,val,2
S29576,282,6,2026-06-08,35,29,0.00247799432901,0.0,0.3287232454959982,val,2
S30199,282,6,2026-06-08,36,24,0.0023108198230664,0.0209195158457966,0.3562260111340471,val,2
S31370,282,6,2026-06-08,23,22,0.0027701045906916,0.0,0.3608804059240753,val,2
S34903,282,6,2026-06-08,58,26,0.0025266427201184,0.0,0.3337764313248597,val,2
S37722,282,6,2026-06-08,56,20,0.0024662873516333,0.0,0.3152532059317769,val,2
S41385,282,6,2026-06-08,41,30,0.0026212317703162,0.0,0.3131408202360274,val,2
S42199,282,6,2026-06-08,49,18,0.0024991133081554,0.006832648235472,0.3093645684319764,val,2
S42294,282,6,2026-06-08,22,14,0.0022542799533362,0.0,0.2771063076974649,val,2
S42954,282,6,2026-06-08,33,30,0.0025474660400109,0.0,0.352349156473466,val,2
S08158,282,6,2026-06-08,41,24,0.002105015101718,0.0092424062800012,0.3714211236508413,val,3
S08160,282,6,2026-06-08,60,18,0.0025525456117536,0.0146770525952327,0.305549143362009,val,3
S12303,282,6,2026-06-08,46,31,0.002348324158398,0.0,0.2867430274932718,val,3
S18902,282,6,2026-06-08,31,30,0.0026390555488491,0.0,0.3053680378949348,val,3
S22914,282,6,2026-06-08,17,18,0.0028130800534641,0.0097579172638564,0.3412185744574526,val,3
S23228,282,6,2026-06-08,39,23,0.00204477874355,0.0,0.2850902622114299,val,3
S29124,282,6,2026-06-08,33,24,0.0025180930256902,0.0105698203626774,0.3476943149566933,val,3
S29575,282,6,2026-06-08,55,20,0.002400350999325,0.0046561738804571,0.3405752932924299,val,3
S29576,282,6,2026-06-08,28,29,0.0026995194258521,0.0,0.3287232454959982,val,3
S30199,282,6,2026-06-08,42,24,0.0020995268606823,0.0209195158457966,0.3562260111340471,val,3
S31370,282,6,2026-06-08,29,22,0.0027457908421574,0.0,0.3608804059240753,val,3
S34903,282,6,2026-06-08,63,25,0.0027411780710631,0.0,0.3337764313248597,val,3
S37722,282,6,2026-06-08,62,20,0.0026324466302909,0.0,0.3152532059317769,val,3
S41385,282,6,2026-06-08,47,30,0.0025376385591069,0.0,0.3131408202360274,val,3
S42199,282,6,2026-06-08,55,18,0.0025995576672977,0.006832648235472,0.3093645684319764,val,3
S42294,282,6,2026-06-08,30,12,0.0021561703429468,0.0,0.2771063076974649,val,3
S42954,282,6,2026-06-08,39,30,0.0026221615852078,0.0,0.352349156473466,val,3
S08158,282,6,2026-06-08,39,24,0.0020692451595363,0.0092424062800012,0.3714211236508413,val,4
S08160,282,6,2026-06-08,58,18,0.0027003445652423,0.0146770525952327,0.305549143362009,val,4
S12303,282,6,2026-06-08,48,31,0.0019487790514095,0.0,0.2867430274932718,val,4
S18902,282,6,2026-06-08,29,30,0.0026802192741819,0.0,0.3053680378949348,val,4
S22914,282,6,2026-06-08,15,18,0.0026460104504888,0.0097579172638564,0.3412185744574526,val,4
S23228,282,6,2026-06-08,41,23,0.0022202070670518,0.0,0.2850902622114299,val,4
S29124,282,6,2026-06-08,31,24,0.0025553330848042,0.0105698203626774,0.3476943149566933,val,4
S29575,282,6,2026-06-08,54,20,0.0023690539505199,0.0046561738804571,0.3405752932924299,val,4
S29576,282,6,2026-06-08,31,29,0.0025541141511207,0.0,0.3287232454959982,val,4
S30199,282,6,2026-06-08,40,24,0.002027708179156,0.0209195158457966,0.3562260111340471,val,4
S31370,282,6,2026-06-08,27,22,0.0026432449883616,0.0,0.3608804059240753,val,4
S34903,282,6,2026-06-08,62,26,0.0026981434262256,0.0,0.3337764313248597,val,4
S37722,282,6,2026-06-08,60,20,0.0025271006663427,0.0,0.3152532059317769,val,4
S41385,282,6,2026-06-08,45,30,0.002469130382962,0.0,0.3131408202360274,val,4
S42199,282,6,2026-06-08,53,18,0.0026548386467767,0.006832648235472,0.3093645684319764,val,4
S42294,282,6,2026-06-08,28,12,0.0021441339532673,0.0,0.2771063076974649,val,4
S42954,282,6,2026-06-08,37,30,0.0025144287980236,0.0,0.352349156473466,val,4
S01764,282,7,2026-06-08,39,13,0.000714120625888,0.0,0.1455422340356558,val,1
S02886,282,7,2026-06-08,38,17,0.0007127942421962,0.0,0.1799897057594579,val,1
S03740,282,7,2026-06-08,49,19,0.0007108350384629,0.0,0.1801844896161132,val,1
S03743,282,7,2026-06-08,45,24,0.0007545977741356,0.0,0.2172056362067621,val,1
S03744,282,7,2026-06-08,13,21,0.0008448460156356,0.0,0.2055121389403556,val,1
S05955,282,7,2026-06-08,15,18,0.0007509633341266,0.0,0.1738511094485973,val,1
S05956,282,7,2026-06-08,14,21,0.000898604999768,0.0,0.1862690086353008,val,1
S07410,282,7,2026-06-08,21,21,0.0008418278450901,0.014890381921818,0.1645041123236575,val,1
S09045,282,7,2026-06-08,25,24,0.0006303563593226,0.0,0.1760263115416822,val,1
S09049,282,7,2026-06-08,42,12,0.0006928020500531,0.0,0.1588539991558447,val,1
S09050,282,7,2026-06-08,50,20,0.0006111645458318,0.0,0.1971995932154021,val,1
S12745,282,7,2026-06-08,25,19,0.0006779176317051,0.0,0.1739944730092058,val,1
S12761,282,7,2026-06-08,29,25,0.0006642682713862,0.0,0.2055284841177538,val,1
S19597,282,7,2026-06-08,19,22,0.0009737590783814,0.0,0.1990744687463657,val,1
S20903,282,7,2026-06-08,37,27,0.0006919413942592,0.0,0.1850634722032446,val,1
S21358,282,7,2026-06-08,50,17,0.0006413246683503,0.0,0.1653503522685948,val,1
S22094,282,7,2026-06-08,48,13,0.0008356136604121,0.0,0.1529450854596219,val,1
S26410,282,7,2026-06-08,53,18,0.0006644296028467,0.0,0.1362158477139743,val,1
S28513,282,7,2026-06-08,21,14,0.000845861646724,0.0,0.1581381216406467,val,1
S28834,282,7,2026-06-08,51,22,0.0007621133740503,0.0,0.1671620470249354,val,1
S36193,282,7,2026-06-08,31,13,0.0007380764966949,0.0,0.1961198550089652,val,1
S37141,282,7,2026-06-08,55,29,0.0006687708998911,0.0,0.1569585706808605,val,1
S38617,282,7,2026-06-08,22,25,0.000769045385601,0.0,0.1587009168673265,val,1
S43673,282,7,2026-06-08,15,26,0.0008365006344855,0.0132571677141491,0.1701096394362515,val,1
S01764,282,7,2026-06-08,41,13,0.0007778026632375,0.0,0.1455422340356558,val,2
S02886,282,7,2026-06-08,40,17,0.0007486491092702,0.0,0.1799897057594579,val,2
S03740,282,7,2026-06-08,51,19,0.0007240543475364,0.0,0.1801844896161132,val,2
S03743,282,7,2026-06-08,43,24,0.0006584876062572,0.0,0.2172056362067621,val,2
S03744,282,7,2026-06-08,15,21,0.0009100025862815,0.0,0.2055121389403556,val,2
S05955,282,7,2026-06-08,15,19,0.0008029477298786,0.0,0.1738511094485973,val,2
S05956,282,7,2026-06-08,16,21,0.00103599499036,0.0,0.1862690086353008,val,2
S07410,282,7,2026-06-08,23,21,0.0010511958331148,0.014890381921818,0.1645041123236575,val,2
S09045,282,7,2026-06-08,23,24,0.0005864346084855,0.0,0.1760263115416822,val,2
S09049,282,7,2026-06-08,40,12,0.0006635572789012,0.0,0.1588539991558447,val,2
S09050,282,7,2026-06-08,48,20,0.0006373044126722,0.0,0.1971995932154021,val,2
S12745,282,7,2026-06-08,27,19,0.0006069333228436,0.0,0.1739944730092058,val,2
S12761,282,7,2026-06-08,31,25,0.0006663452711313,0.0,0.2055284841177538,val,2
S19597,282,7,2026-06-08,17,22,0.0009966600057419,0.0,0.1990744687463657,val,2
S20903,282,7,2026-06-08,39,27,0.0006554401793006,0.0,0.1850634722032446,val,2
S21358,282,7,2026-06-08,52,17,0.000726929360143,0.0,0.1653503522685948,val,2
S22094,282,7,2026-06-08,50,13,0.0006706754408838,0.0,0.1529450854596219,val,2
S26410,282,7,2026-06-08,51,18,0.0007015835020921,0.0,0.1362158477139743,val,2
S28513,282,7,2026-06-08,18,15,0.0009597751487698,0.0,0.1581381216406467,val,2
S28834,282,7,2026-06-08,49,22,0.0008563237225202,0.0,0.1671620470249354,val,2
S36193,282,7,2026-06-08,33,13,0.0007967635125238,0.0,0.1961198550089652,val,2
S37141,282,7,2026-06-08,52,30,0.0007102157803508,0.0,0.1569585706808605,val,2
S38617,282,7,2026-06-08,24,25,0.0006318783202382,0.0,0.1587009168673265,val,2
S43673,282,7,2026-06-08,17,27,0.0009407203219709,0.0132571677141491,0.1701096394362515,val,2
S01764,282,7,2026-06-08,35,13,0.0007177598127878,0.0,0.1455422340356558,val,3
S02886,282,7,2026-06-08,34,17,0.000641248504879,0.0,0.1799897057594579,val,3
S03740,282,7,2026-06-08,45,19,0.0006310590397599,0.0,0.1801844896161132,val,3
S03743,282,7,2026-06-08,49,24,0.0006361631530668,0.0,0.2172056362067621,val,3
S03744,282,7,2026-06-08,16,20,0.0006809116935193,0.0,0.2055121389403556,val,3
S05955,282,7,2026-06-08,19,18,0.0007966995381252,0.0,0.1738511094485973,val,3
S05956,282,7,2026-06-08,15,20,0.0007345620674825,0.0,0.1862690086353008,val,3
S07410,282,7,2026-06-08,17,21,0.0009613914025236,0.014890381921818,0.1645041123236575,val,3
S09045,282,7,2026-06-08,30,24,0.0007047945421645,0.0,0.1760263115416822,val,3
S09049,282,7,2026-06-08,46,12,0.0006200788372186,0.0,0.1588539991558447,val,3
S09050,282,7,2026-06-08,54,20,0.0006194605878638,0.0,0.1971995932154021,val,3
S12745,282,7,2026-06-08,21,19,0.000687981953279,0.0,0.1739944730092058,val,3
S12761,282,7,2026-06-08,25,25,0.000715255496585,0.0,0.2055284841177538,val,3
S19597,282,7,2026-06-08,24,22,0.0010189090466052,0.0,0.1990744687463657,val,3
S20903,282,7,2026-06-08,33,27,0.000627338506668,0.0,0.1850634722032446,val,3
S21358,282,7,2026-06-08,46,17,0.0005888201125796,0.0,0.1653503522685948,val,3
S22094,282,7,2026-06-08,44,13,0.0007273412985094,0.0,0.1529450854596219,val,3
S26410,282,7,2026-06-08,57,18,0.0006471511386334,0.0,0.1362158477139743,val,3
S28513,282,7,2026-06-08,24,13,0.0009152554445705,0.0,0.1581381216406467,val,3
S28834,282,7,2026-06-08,55,22,0.0007627377513105,0.0,0.1671620470249354,val,3
S36193,282,7,2026-06-08,27,13,0.0008381190983109,0.0,0.1961198550089652,val,3
S37141,282,7,2026-06-08,51,29,0.0006857843221448,0.0,0.1569585706808605,val,3
S38617,282,7,2026-06-08,17,25,0.0008244706058168,0.0,0.1587009168673265,val,3
S43673,282,7,2026-06-08,15,17,0.0009042042309313,0.0132571677141491,0.1701096394362515,val,3
S01764,282,7,2026-06-08,37,13,0.0006146479273005,0.0,0.1455422340356558,val,4
S02886,282,7,2026-06-08,36,17,0.0007055262799446,0.0,0.1799897057594579,val,4
S03740,282,7,2026-06-08,47,19,0.0006253363024273,0.0,0.1801844896161132,val,4
S03743,282,7,2026-06-08,47,24,0.0006653430764986,0.0,0.2172056362067621,val,4
S03744,282,7,2026-06-08,14,20,0.0008019046823543,0.0,0.2055121389403556,val,4
S05955,282,7,2026-06-08,17,18,0.0007560110212201,0.0,0.1738511094485973,val,4
S05956,282,7,2026-06-08,13,20,0.0007429765702316,0.0,0.1862690086353008,val,4
S07410,282,7,2026-06-08,19,21,0.0009345936707167,0.014890381921818,0.1645041123236575,val,4
S09045,282,7,2026-06-08,27,24,0.0007677165058993,0.0,0.1760263115416822,val,4
S09049,282,7,2026-06-08,44,12,0.0007105416917061,0.0,0.1588539991558447,val,4
S09050,282,7,2026-06-08,52,20,0.0007068783327556,0.0,0.1971995932154021,val,4
S12745,282,7,2026-06-08,23,19,0.0007234494223064,0.0,0.1739944730092058,val,4
S12761,282,7,2026-06-08,27,25,0.0007515332850934,0.0,0.2055284841177538,val,4
S19597,282,7,2026-06-08,21,22,0.0009786337928489,0.0,0.1990744687463657,val,4
S20903,282,7,2026-06-08,35,27,0.0006882608487477,0.0,0.1850634722032446,val,4
S21358,282,7,2026-06-08,48,17,0.0006333272774613,0.0,0.1653503522685948,val,4
S22094,282,7,2026-06-08,46,13,0.0006791428268498,0.0,0.1529450854596219,val,4
S26410,282,7,2026-06-08,55,18,0.0006502871806698,0.0,0.1362158477139743,val,4
S28513,282,7,2026-06-08,26,13,0.0009615811280502,0.0,0.1581381216406467,val,4
S28834,282,7,2026-06-08,53,22,0.000805880880838,0.0,0.1671620470249354,val,4
S36193,282,7,2026-06-08,29,13,0.0007851058508376,0.0,0.1961198550089652,val,4
S37141,282,7,2026-06-08,53,29,0.0006514438956406,0.0,0.1569585706808605,val,4
S38617,282,7,2026-06-08,20,25,0.0007979683084898,0.0,0.1587009168673265,val,4
S43673,282,7,2026-06-08,14,18,0.0009215339535021,0.0132571677141491,0.1701096394362515,val,4
S03816,282,8,2026-06-09,58,29,0.0010911336386618,0.0,0.162896852979829,val,1
S04165,282,8,2026-06-09,28,29,0.0005140181929374,0.0,0.1311126885408447,val,1
S05957,282,8,2026-06-09,63,18,0.000914117971872,0.0,0.2174216526334675,val,1
S11843,282,8,2026-06-09,35,13,0.0004109192460737,0.0,0.0985039204451749,val,1
S12755,282,8,2026-06-09,54,25,0.0004489364737952,0.0,0.1252184158169498,val,1
S12898,282,8,2026-06-09,37,32,0.0011283086804252,0.0,0.1718044040978591,val,1
S14861,282,8,2026-06-09,49,14,0.0003879725239253,0.0,0.1324851775782637,val,1
S16269,282,8,2026-06-09,17,22,0.0006185402921478,0.0,0.1442085068835542,val,1
S20899,282,8,2026-06-09,19,21,0.0004402706300015,0.0,0.1266172597675737,val,1
S24997,282,8,2026-06-09,49,21,0.0005714942439464,0.0,0.1577790541559433,val,1
S29995,282,8,2026-06-09,34,15,0.0004278475419743,0.0,0.1564085805011504,val,1
S33742,282,8,2026-06-09,36,30,0.0004663438834624,0.0,0.1248827618603476,val,1
S34244,282,8,2026-06-09,23,14,0.0006055476470537,0.0,0.1293901920338356,val,1
S35365,282,8,2026-06-09,37,16,0.0004054231823556,0.0,0.1163392604385388,val,1
S37808,282,8,2026-06-09,27,31,0.000996490128882,0.0,0.1472188367825204,val,1
S39322,282,8,2026-06-09,58,27,0.000499062322488,0.0,0.1421515288034275,val,1
S42155,282,8,2026-06-09,23,20,0.0003904514528348,0.0,0.1894306974303222,val,1
S03816,282,8,2026-06-09,56,30,0.0012544877762099,0.0,0.162896852979829,val,2
S04165,282,8,2026-06-09,30,29,0.0005090093760225,0.0,0.1311126885408447,val,2
S05957,282,8,2026-06-09,61,18,0.0006321255035127,0.0,0.2174216526334675,val,2
S11843,282,8,2026-06-09,37,13,0.0005003221011678,0.0,0.0985039204451749,val,2
S12755,282,8,2026-06-09,56,25,0.0006233537549269,0.0,0.1252184158169498,val,2
S12898,282,8,2026-06-09,38,32,0.0010387831995314,0.0,0.1718044040978591,val,2
S14861,282,8,2026-06-09,47,14,0.0003969553181353,0.0,0.1324851775782637,val,2
S16269,282,8,2026-06-09,15,22,0.0005882383305846,0.0,0.1442085068835542,val,2
S20899,282,8,2026-06-09,21,21,0.0004029586432788,0.0,0.1266172597675737,val,2
S24997,282,8,2026-06-09,51,21,0.0004668849159682,0.0,0.1577790541559433,val,2
S29995,282,8,2026-06-09,36,15,0.0004079788362198,0.0,0.1564085805011504,val,2
S33742,282,8,2026-06-09,34,30,0.0004617232182129,0.0,0.1248827618603476,val,2
S34244,282,8,2026-06-09,23,15,0.0005278115031279,0.0,0.1293901920338356,val,2
S35365,282,8,2026-06-09,34,16,0.0004682708345414,0.0,0.1163392604385388,val,2
S37808,282,8,2026-06-09,29,31,0.0008831545003206,0.0,0.1472188367825204,val,2
S39322,282,8,2026-06-09,60,27,0.0005768783815275,0.0,0.1421515288034275,val,2
S42155,282,8,2026-06-09,21,20,0.0004636999961675,0.0,0.1894306974303222,val,2
S03816,282,8,2026-06-09,63,26,0.0010467029789158,0.0,0.162896852979829,val,3
S04165,282,8,2026-06-09,24,29,0.0008321100961946,0.0,0.1311126885408447,val,3
S05957,282,8,2026-06-09,60,17,0.000615366442823,0.0,0.2174216526334675,val,3
S11843,282,8,2026-06-09,30,13,0.0005670534428656,0.0,0.0985039204451749,val,3
S12755,282,8,2026-06-09,50,25,0.0005744266844184,0.0,0.1252184158169498,val,3
S12898,282,8,2026-06-09,31,31,0.0009316013165898,0.0,0.1718044040978591,val,3
S14861,282,8,2026-06-09,53,14,0.0005013007608891,0.0,0.1324851775782637,val,3
S16269,282,8,2026-06-09,23,22,0.0005170823861393,0.0,0.1442085068835542,val,3
S20899,282,8,2026-06-09,15,21,0.0004967363869106,0.0,0.1266172597675737,val,3
S24997,282,8,2026-06-09,43,21,0.0005471353177263,0.0,0.1577790541559433,val,3
S29995,282,8,2026-06-09,30,15,0.0004402638029004,0.0,0.1564085805011504,val,3
S33742,282,8,2026-06-09,40,30,0.0004653110640799,0.0,0.1248827618603476,val,3
S34244,282,8,2026-06-09,27,14,0.0004975331194527,0.0,0.1293901920338356,val,3
S35365,282,8,2026-06-09,41,16,0.0004413642362859,0.0,0.1163392604385388,val,3
S37808,282,8,2026-06-09,26,30,0.000719110408326,0.0,0.1472188367825204,val,3
S39322,282,8,2026-06-09,54,27,0.0003993598155015,0.0,0.1421515288034275,val,3
S42155,282,8,2026-06-09,29,20,0.0004648430654838,0.0,0.1894306974303222,val,3
S03816,282,8,2026-06-09,59,28,0.0008912482724887,0.0,0.162896852979829,val,4
S04165,282,8,2026-06-09,26,29,0.0004448581989465,0.0,0.1311126885408447,val,4
S05957,282,8,2026-06-09,62,17,0.0008204026260565,0.0,0.2174216526334675,val,4
S11843,282,8,2026-06-09,32,13,0.0004494062471448,0.0,0.0985039204451749,val,4
S12755,282,8,2026-06-09,52,25,0.0004002732655702,0.0,0.1252184158169498,val,4
S12898,282,8,2026-06-09,36,32,0.0010400330473954,0.0,0.1718044040978591,val,4
S14861,282,8,2026-06-09,51,14,0.0004400018673405,0.0,0.1324851775782637,val,4
S16269,282,8,2026-06-09,19,22,0.0004365935699106,0.0,0.1442085068835542,val,4
S20899,282,8,2026-06-09,17,21,0.0004343534167912,0.0,0.1266172597675737,val,4
S24997,282,8,2026-06-09,47,21,0.0005739806678226,0.0,0.1577790541559433,val,4
S29995,282,8,2026-06-09,32,15,0.0004464900640055,0.0,0.1564085805011504,val,4
S33742,282,8,2026-06-09,38,30,0.0004864871366191,0.0,0.1248827618603476,val,4
S34244,282,8,2026-06-09,25,14,0.0005189629828393,0.0,0.1293901920338356,val,4
S35365,282,8,2026-06-09,39,16,0.0004167216093077,0.0,0.1163392604385388,val,4
S37808,282,8,2026-06-09,24,30,0.0010297888546974,0.0,0.1472188367825204,val,4
S39322,282,8,2026-06-09,56,27,0.0004798052885788,0.0,0.1421515288034275,val,4
S42155,282,8,2026-06-09,27,20,0.0004902278734762,0.0,0.1894306974303222,val,4
S02100,282,9,2026-06-08,42,30,0.0028027278287148,0.0,0.392882400845143,val,1
S02403,282,9,2026-06-08,53,21,0.0028883538245175,0.0,0.349125296973956,val,1
S03663,282,9,2026-06-08,35,27,0.0029298510426954,0.0,0.4604880985104172,val,1
S04405,282,9,2026-06-08,29,18,0.002932366801989,0.0,0.3976347534721736,val,1
S07815,282,9,2026-06-08,37,22,0.0027783726636773,0.0148926288122497,0.4160905296081666,val,1
S08768,282,9,2026-06-08,39,24,0.0029257413654167,0.0,0.497183397332356,val,1
S09654,282,9,2026-06-08,55,17,0.0029584316005512,0.0,0.4028372824513564,val,1
S10758,282,9,2026-06-08,22,20,0.0030796533772076,0.0,0.4878154802475576,val,1
S11253,282,9,2026-06-08,34,13,0.0028993077915745,0.0235629895128103,0.4038027107652457,val,1
S14273,282,9,2026-06-08,38,25,0.0029223215837382,0.0,0.4796275383052986,val,1
S16035,282,9,2026-06-08,52,28,0.002887059078727,0.0,0.4033739880473764,val,1
S20075,282,9,2026-06-08,35,30,0.0028192776422675,0.0038905327759773,0.4151886527801123,val,1
S20083,282,9,2026-06-08,45,26,0.0028389073291516,0.0019568469958264,0.4219168698517831,val,1
S20084,282,9,2026-06-08,36,27,0.0029024270616328,0.0077636537597875,0.4613184376143288,val,1
S20460,282,9,2026-06-08,49,29,0.0029032161843627,0.0,0.4473902255931212,val,1
S20940,282,9,2026-06-08,34,29,0.0030443553551949,0.0043746149106592,0.4406839791606773,val,1
S21797,282,9,2026-06-08,26,13,0.0022928037479123,0.0,0.3418644370843549,val,1
S22737,282,9,2026-06-08,53,26,0.0028831084212445,0.0,0.3484236244300664,val,1
S22916,282,9,2026-06-08,34,12,0.0027242361607469,0.0111868908546604,0.4500049524744611,val,1
S23127,282,9,2026-06-08,30,20,0.0030816331537522,0.0,0.4378958904997179,val,1
S26227,282,9,2026-06-08,55,26,0.0029934533551059,0.0,0.375260388114194,val,1
S27388,282,9,2026-06-08,43,16,0.0028839037489739,0.0,0.3949020951060362,val,1
S28878,282,9,2026-06-08,57,19,0.0029526884091424,0.0,0.3943035033609156,val,1
S30113,282,9,2026-06-08,25,13,0.0019880202000923,0.0,0.4015612631319924,val,1
S33054,282,9,2026-06-08,49,15,0.0029346583164546,0.0,0.4127252432923647,val,1
S34535,282,9,2026-06-08,58,23,0.0028704705347097,0.0,0.3973565984242699,val,1
S38556,282,9,2026-06-08,24,14,0.0028013539167144,0.0170327975598889,0.408574990558999,val,1
S41525,282,9,2026-06-08,56,25,0.0028848159428811,0.0071730368862958,0.4330377137290955,val,1
S42546,282,9,2026-06-08,40,24,0.002790336231003,0.0,0.4827960780097625,val,1
S02100,282,9,2026-06-08,40,30,0.0028118101941953,0.0,0.392882400845143,val,2
S02403,282,9,2026-06-08,55,21,0.0029197933592752,0.0,0.349125296973956,val,2
S03663,282,9,2026-06-08,37,27,0.00272886290192,0.0,0.4604880985104172,val,2
S04405,282,9,2026-06-08,26,18,0.0029038236976918,0.0,0.3976347534721736,val,2
S07815,282,9,2026-06-08,35,22,0.0027664874562484,0.0148926288122497,0.4160905296081666,val,2
S08768,282,9,2026-06-08,37,24,0.0028680948761189,0.0,0.497183397332356,val,2
S09654,282,9,2026-06-08,57,17,0.0029187365134865,0.0,0.4028372824513564,val,2
S10758,282,9,2026-06-08,20,20,0.0030437793302783,0.0,0.4878154802475576,val,2
S11253,282,9,2026-06-08,36,13,0.0029758336193032,0.0235629895128103,0.4038027107652457,val,2
S14273,282,9,2026-06-08,40,25,0.0028755801982451,0.0,0.4796275383052986,val,2
S16035,282,9,2026-06-08,50,28,0.0029076426144491,0.0,0.4033739880473764,val,2
S20075,282,9,2026-06-08,33,30,0.0028868240148837,0.0038905327759773,0.4151886527801123,val,2
S20083,282,9,2026-06-08,43,26,0.0028923383981577,0.0019568469958264,0.4219168698517831,val,2
S20084,282,9,2026-06-08,38,27,0.0029083162070323,0.0077636537597875,0.4613184376143288,val,2
S20460,282,9,2026-06-08,51,29,0.0028005655554639,0.0,0.4473902255931212,val,2
S20940,282,9,2026-06-08,36,29,0.0029782996872426,0.0043746149106592,0.4406839791606773,val,2
S21797,282,9,2026-06-08,23,13,0.001753828151779,0.0,0.3418644370843549,val,2
S22737,282,9,2026-06-08,51,26,0.0028992269861213,0.0,0.3484236244300664,val,2
S22916,282,9,2026-06-08,32,12,0.002634857862757,0.0111868908546604,0.4500049524744611,val,2
S23127,282,9,2026-06-08,28,20,0.0030426456790305,0.0,0.4378958904997179,val,2
S26227,282,9,2026-06-08,52,26,0.0028855992447897,0.0,0.375260388114194,val,2
S27388,282,9,2026-06-08,41,16,0.0028582204922662,0.0,0.3949020951060362,val,2
S28878,282,9,2026-06-08,59,19,0.0029628153115127,0.0,0.3943035033609156,val,2
S30113,282,9,2026-06-08,22,14,0.0018432784401586,0.0,0.4015612631319924,val,2
S33054,282,9,2026-06-08,51,15,0.0026467126458516,0.0,0.4127252432923647,val,2
S34535,282,9,2026-06-08,60,23,0.0029502618095398,0.0,0.3973565984242699,val,2
S38556,282,9,2026-06-08,20,15,0.0024118222795023,0.0170327975598889,0.408574990558999,val,2
S41525,282,9,2026-06-08,58,25,0.0029736443565315,0.0071730368862958,0.4330377137290955,val,2
S42546,282,9,2026-06-08,38,24,0.0028698405625551,0.0,0.4827960780097625,val,2
S02100,282,9,2026-06-08,47,30,0.0028402930839264,0.0,0.392882400845143,val,3
S02403,282,9,2026-06-08,49,21,0.0027970168984345,0.0,0.349125296973956,val,3
S03663,282,9,2026-06-08,31,27,0.0028974872473967,0.0,0.4604880985104172,val,3
S04405,282,9,2026-06-08,33,18,0.0029137803691882,0.0,0.3976347534721736,val,3
S07815,282,9,2026-06-08,41,22,0.0027499026089969,0.0148926288122497,0.4160905296081666,val,3
S08768,282,9,2026-06-08,43,24,0.0028361103428712,0.0,0.497183397332356,val,3
S09654,282,9,2026-06-08,53,17,0.002894475829521,0.0,0.4028372824513564,val,3
S10758,282,9,2026-06-08,26,20,0.0030098676604172,0.0,0.4878154802475576,val,3
S11253,282,9,2026-06-08,29,13,0.002758260118211,0.0235629895128103,0.4038027107652457,val,3
S14273,282,9,2026-06-08,33,25,0.0029659155648466,0.0,0.4796275383052986,val,3
S16035,282,9,2026-06-08,56,28,0.0028022224918096,0.0,0.4033739880473764,val,3
S20075,282,9,2026-06-08,39,30,0.002743547404389,0.0038905327759773,0.4151886527801123,val,3
S20083,282,9,2026-06-08,49,26,0.0028036774486453,0.0019568469958264,0.4219168698517831,val,3
S20084,282,9,2026-06-08,32,27,0.0029499104499638,0.0077636537597875,0.4613184376143288,val,3
S20460,282,9,2026-06-08,45,29,0.0028855931396358,0.0,0.4473902255931212,val,3
S20940,282,9,2026-06-08,30,29,0.0029617282448661,0.0043746149106592,0.4406839791606773,val,3
S21797,282,9,2026-06-08,30,12,0.0020522638234016,0.0,0.3418644370843549,val,3
S22737,282,9,2026-06-08,58,26,0.0029173752955343,0.0,0.3484236244300664,val,3
S22916,282,9,2026-06-08,38,12,0.0023972823387436,0.0111868908546604,0.4500049524744611,val,3
S23127,282,9,2026-06-08,37,20,0.0027566337870501,0.0,0.4378958904997179,val,3
S26227,282,9,2026-06-08,59,26,0.0028552330698415,0.0,0.375260388114194,val,3
S27388,282,9,2026-06-08,47,16,0.0028441782902969,0.0,0.3949020951060362,val,3
S28878,282,9,2026-06-08,53,19,0.0028645376075158,0.0,0.3943035033609156,val,3
S30113,282,9,2026-06-08,29,12,0.0016412669389066,0.0,0.4015612631319924,val,3
S33054,282,9,2026-06-08,45,15,0.0026451610608018,0.0,0.4127252432923647,val,3
S34535,282,9,2026-06-08,54,23,0.0029307496597999,0.0,0.3973565984242699,val,3
S38556,282,9,2026-06-08,28,14,0.0029378847440943,0.0170327975598889,0.408574990558999,val,3
S41525,282,9,2026-06-08,51,25,0.0029270392643375,0.0071730368862958,0.4330377137290955,val,3
S42546,282,9,2026-06-08,44,24,0.0029471379394547,0.0,0.4827960780097625,val,3
S02100,282,9,2026-06-08,45,30,0.0027749807957281,0.0,0.392882400845143,val,4
S02403,282,9,2026-06-08,51,21,0.0028714048115929,0.0,0.349125296973956,val,4
S03663,282,9,2026-06-08,33,27,0.0029490226421813,0.0,0.4604880985104172,val,4
S04405,282,9,2026-06-08,31,18,0.003003057999951,0.0,0.3976347534721736,val,4
S07815,282,9,2026-06-08,39,22,0.0028318684659347,0.0148926288122497,0.4160905296081666,val,4
S08768,282,9,2026-06-08,41,24,0.0029502439404065,0.0,0.497183397332356,val,4
S09654,282,9,2026-06-08,54,17,0.0029829763537117,0.0,0.4028372824513564,val,4
S10758,282,9,2026-06-08,24,20,0.0030009082158838,0.0,0.4878154802475576,val,4
S11253,282,9,2026-06-08,31,13,0.0028446693313177,0.0235629895128103,0.4038027107652457,val,4
S14273,282,9,2026-06-08,36,25,0.0029824442296773,0.0,0.4796275383052986,val,4
S16035,282,9,2026-06-08,54,28,0.0026282994890131,0.0,0.4033739880473764,val,4
S20075,282,9,2026-06-08,37,30,0.0027755106816203,0.0038905327759773,0.4151886527801123,val,4
S20083,282,9,2026-06-08,47,26,0.0028856078220812,0.0019568469958264,0.4219168698517831,val,4
S20084,282,9,2026-06-08,34,27,0.002929435712275,0.0077636537597875,0.4613184376143288,val,4
S20460,282,9,2026-06-08,47,29,0.0029173970567186,0.0,0.4473902255931212,val,4
S20940,282,9,2026-06-08,32,29,0.0029328843715906,0.0043746149106592,0.4406839791606773,val,4
S21797,282,9,2026-06-08,28,12,0.0018155462425304,0.0,0.3418644370843549,val,4
S22737,282,9,2026-06-08,56,26,0.0028746008345298,0.0,0.3484236244300664,val,4
S22916,282,9,2026-06-08,36,12,0.0025819324025188,0.0111868908546604,0.4500049524744611,val,4
S23127,282,9,2026-06-08,33,20,0.0029163233760798,0.0,0.4378958904997179,val,4
S26227,282,9,2026-06-08,57,26,0.0029402634064626,0.0,0.375260388114194,val,4
S27388,282,9,2026-06-08,45,16,0.0027772733670154,0.0,0.3949020951060362,val,4
S28878,282,9,2026-06-08,55,19,0.0029097794628542,0.0,0.3943035033609156,val,4
S30113,282,9,2026-06-08,27,12,0.0017421111304081,0.0,0.4015612631319924,val,4
S33054,282,9,2026-06-08,47,15,0.002610001443705,0.0,0.4127252432923647,val,4
S34535,282,9,2026-06-08,56,23,0.0028800130222695,0.0,0.3973565984242699,val,4
S38556,282,9,2026-06-08,26,14,0.0027855038166063,0.0170327975598889,0.408574990558999,val,4
S41525,282,9,2026-06-08,54,25,0.0028682310191642,0.0071730368862958,0.4330377137290955,val,4
S42546,282,9,2026-06-08,42,24,0.0028749542565645,0.0,0.4827960780097625,val,4
S01110,282,10,2026-06-09,29,19,0.0005209233466407,0.0,0.1554022710286636,val,1
S05948,282,10,2026-06-09,46,26,0.0005918764139171,0.0,0.1179094969855705,val,1
S09199,282,10,2026-06-09,30,30,0.0005841191056697,0.0,0.1467157230289612,val,1
S10511,282,10,2026-06-09,32,29,0.0005841742786017,0.0,0.1055317084623852,val,1
S12758,282,10,2026-06-09,24,26,0.0006902370028179,0.0,0.1975775005053854,val,1
S12764,282,10,2026-06-09,38,16,0.0005802704984235,0.0,0.1315371461729373,val,1
S15311,282,10,2026-06-09,15,21,0.0006152637274435,0.0,0.1863327759164134,val,1
S17750,282,10,2026-06-09,56,18,0.0005184489347871,0.0,0.1174571652733545,val,1
S20315,282,10,2026-06-09,41,27,0.0006022329178012,0.0,0.1154081298678712,val,1
S23497,282,10,2026-06-09,52,17,0.000529912874759,0.0,0.1325437495142234,val,1
S25008,282,10,2026-06-09,59,21,0.0006530923911796,0.0,0.1371984353596192,val,1
S26922,282,10,2026-06-09,41,25,0.0005988905922674,0.0160147729526075,0.1527429428185243,val,1
S28440,282,10,2026-06-09,47,26,0.0005960935714316,0.0,0.1545218812018949,val,1
S28447,282,10,2026-06-09,32,12,0.0006156448454679,0.0,0.1720388786024036,val,1
S29191,282,10,2026-06-09,37,16,0.0005476949509906,0.0,0.0927563868829062,val,1
S32490,282,10,2026-06-09,25,23,0.0005757927242324,0.0,0.1235135722555348,val,1
S34972,282,10,2026-06-09,16,23,0.0005933468966396,0.0,0.1423611015499628,val,1
S37858,282,10,2026-06-09,42,14,0.0005568315744884,0.0,0.1269505646158193,val,1
S39320,282,10,2026-06-09,30,28,0.0006176705966277,0.0,0.12745901149385,val,1
S01110,282,10,2026-06-09,31,19,0.0005579864785243,0.0,0.1554022710286636,val,2
S05948,282,10,2026-06-09,34,26,0.0006147719217704,0.0,0.1179094969855705,val,2
S09199,282,10,2026-06-09,28,30,0.000608605662339,0.0,0.1467157230289612,val,2
S10511,282,10,2026-06-09,34,29,0.000658058045264,0.0,0.1055317084623852,val,2
S12758,282,10,2026-06-09,22,26,0.0006574220721558,0.0,0.1975775005053854,val,2
S12764,282,10,2026-06-09,36,16,0.0005399578766248,0.0,0.1315371461729373,val,2
S15311,282,10,2026-06-09,16,21,0.0005645718861571,0.0,0.1863327759164134,val,2
S17750,282,10,2026-06-09,54,18,0.0006488805438985,0.0,0.1174571652733545,val,2
S20315,282,10,2026-06-09,43,27,0.0005613666997306,0.0,0.1154081298678712,val,2
S23497,282,10,2026-06-09,54,17,0.0005508525149007,0.0,0.1325437495142234,val,2
S25008,282,10,2026-06-09,61,21,0.0006421942221937,0.0,0.1371984353596192,val,2
S26922,282,10,2026-06-09,48,25,0.000551213647007,0.0160147729526075,0.1527429428185243,val,2
S28440,282,10,2026-06-09,37,26,0.0005731010393495,0.0,0.1545218812018949,val,2
S28447,282,10,2026-06-09,28,13,0.0005863551474029,0.0,0.1720388786024036,val,2
S29191,282,10,2026-06-09,35,16,0.0005516800813236,0.0,0.0927563868829062,val,2
S32490,282,10,2026-06-09,27,23,0.0005626964007976,0.0,0.1235135722555348,val,2
S34972,282,10,2026-06-09,18,23,0.0006118290176316,0.0,0.1423611015499628,val,2
S37858,282,10,2026-06-09,40,14,0.0005664104914804,0.0,0.1269505646158193,val,2
S39320,282,10,2026-06-09,28,28,0.000581194161711,0.0,0.12745901149385,val,2
S01110,282,10,2026-06-09,25,19,0.000573117765142,0.0,0.1554022710286636,val,3
S05948,282,10,2026-06-09,50,26,0.0005164537878731,0.0,0.1179094969855705,val,3
S09199,282,10,2026-06-09,34,30,0.0006068486238318,0.0,0.1467157230289612,val,3
S10511,282,10,2026-06-09,28,29,0.0006294134556999,0.0,0.1055317084623852,val,3
S12758,282,10,2026-06-09,31,26,0.000592715153227,0.0,0.1975775005053854,val,3
S12764,282,10,2026-06-09,42,16,0.0005216712089316,0.0,0.1315371461729373,val,3
S15311,282,10,2026-06-09,13,21,0.0007671131085397,0.0,0.1863327759164134,val,3
S17750,282,10,2026-06-09,60,18,0.0006034870538736,0.0,0.1174571652733545,val,3
S20315,282,10,2026-06-09,35,27,0.0005615360277855,0.0,0.1154081298678712,val,3
S23497,282,10,2026-06-09,48,17,0.0005893203818082,0.0,0.1325437495142234,val,3
S25008,282,10,2026-06-09,55,21,0.0005632632592782,0.0,0.1371984353596192,val,3
S26922,282,10,2026-06-09,29,25,0.0005212558940941,0.0160147729526075,0.1527429428185243,val,3
S28440,282,10,2026-06-09,51,26,0.000497687767035,0.0,0.1545218812018949,val,3
S28447,282,10,2026-06-09,36,12,0.0005754351642553,0.0,0.1720388786024036,val,3
S29191,282,10,2026-06-09,41,16,0.0005193596539299,0.0,0.0927563868829062,val,3
S32490,282,10,2026-06-09,20,23,0.000634059354998,0.0,0.1235135722555348,val,3
S34972,282,10,2026-06-09,13,22,0.000704633481248,0.0,0.1423611015499628,val,3
S37858,282,10,2026-06-09,46,14,0.0004980066720446,0.0,0.1269505646158193,val,3
S39320,282,10,2026-06-09,37,28,0.0005300015344064,0.0,0.12745901149385,val,3
S01110,282,10,2026-06-09,27,19,0.0004997400389894,0.0,0.1554022710286636,val,4
S05948,282,10,2026-06-09,48,26,0.0006020597757124,0.0,0.1179094969855705,val,4
S09199,282,10,2026-06-09,32,30,0.0006446532571821,0.0,0.1467157230289612,val,4
S10511,282,10,2026-06-09,30,29,0.0005957223430735,0.0,0.1055317084623852,val,4
S12758,282,10,2026-06-09,28,26,0.0005649019457125,0.0,0.1975775005053854,val,4
S12764,282,10,2026-06-09,40,16,0.0005090212925103,0.0,0.1315371461729373,val,4
S15311,282,10,2026-06-09,14,21,0.0005935204406845,0.0,0.1863327759164134,val,4
S17750,282,10,2026-06-09,58,18,0.0006099085559763,0.0,0.1174571652733545,val,4
S20315,282,10,2026-06-09,37,27,0.0005422479151685,0.0,0.1154081298678712,val,4
S23497,282,10,2026-06-09,50,17,0.0005824307101485,0.0,0.1325437495142234,val,4
S25008,282,10,2026-06-09,57,21,0.0006598911918678,0.0,0.1371984353596192,val,4
S26922,282,10,2026-06-09,34,25,0.0005286998190374,0.0160147729526075,0.1527429428185243,val,4
S28440,282,10,2026-06-09,49,26,0.0005308027013558,0.0,0.1545218812018949,val,4
S28447,282,10,2026-06-09,34,12,0.0006169674872347,0.0,0.1720388786024036,val,4
S29191,282,10,2026-06-09,39,16,0.0005716004182402,0.0,0.0927563868829062,val,4
S32490,282,10,2026-06-09,23,23,0.0006011325247033,0.0,0.1235135722555348,val,4
S34972,282,10,2026-06-09,14,23,0.0006212934260764,0.0,0.1423611015499628,val,4
S37858,282,10,2026-06-09,44,14,0.0005368395246205,0.0,0.1269505646158193,val,4
S39320,282,10,2026-06-09,34,28,0.000603974291741,0.0,0.12745901149385,val,4
S00694,282,11,2026-06-09,36,29,0.0027162506057297,0.0,0.4072478338437778,val,1
S00695,282,11,2026-06-09,28,21,0.0027489325458135,0.0,0.3428394079905121,val,1
S03143,282,11,2026-06-09,39,16,0.0023797625677944,0.0,0.3540375521251497,val,1
S04406,282,11,2026-06-09,35,12,0.0023200527244753,0.0,0.2620758198580466,val,1
S08766,282,11,2026-06-09,54,14,0.0029281398081563,0.0,0.360000833493459,val,1
S11732,282,11,2026-06-09,38,27,0.0029170703596671,0.0,0.435672107635999,val,1
S13442,282,11,2026-06-09,26,30,0.0029049281343998,0.1722106722106722,0.424198426175312,val,1
S16876,282,11,2026-06-09,25,27,0.0029682973029057,0.0,0.3874819803940431,val,1
S21705,282,11,2026-06-09,40,16,0.0024282256894142,0.0,0.3759638964706035,val,1
S23462,282,11,2026-06-09,20,27,0.0029986457449572,0.0,0.3940573366840776,val,1
S23848,282,11,2026-06-09,41,22,0.002853348681535,0.0,0.3310811130210848,val,1
S24967,282,11,2026-06-09,25,29,0.0029814254098592,0.006126121684252,0.3858057126781024,val,1
S25183,282,11,2026-06-09,35,26,0.002003411549267,0.0,0.351528839938324,val,1
S26633,282,11,2026-06-09,39,13,0.0028366618381571,0.011350227994184,0.3211661960443207,val,1
S36128,282,11,2026-06-09,61,24,0.0029706481340648,0.0,0.3829991305191498,val,1
S36696,282,11,2026-06-09,39,14,0.0018509716933249,0.0,0.253347870914717,val,1
S37477,282,11,2026-06-09,55,16,0.0029013859131439,0.0,0.3388655544960863,val,1
S38917,282,11,2026-06-09,31,23,0.0028779733489455,0.0,0.3956305687242594,val,1
S41527,282,11,2026-06-09,49,22,0.0027667415680035,0.0072304844206337,0.3668966792201725,val,1
S42297,282,11,2026-06-09,63,26,0.0028841984364294,0.0,0.4009428391621369,val,1
S00694,282,11,2026-06-09,38,29,0.0025184470027928,0.0,0.4072478338437778,val,2
S00695,282,11,2026-06-09,30,21,0.0029158789062331,0.0,0.3428394079905121,val,2
S03143,282,11,2026-06-09,37,16,0.0024151445396583,0.0,0.3540375521251497,val,2
S04406,282,11,2026-06-09,33,12,0.0027397098417678,0.0,0.2620758198580466,val,2
S08766,282,11,2026-06-09,52,14,0.0029181375543102,0.0,0.360000833493459,val,2
S11732,282,11,2026-06-09,39,27,0.0024258681722296,0.0,0.435672107635999,val,2
S13442,282,11,2026-06-09,25,30,0.0029884904522479,0.1722106722106722,0.424198426175312,val,2
S16876,282,11,2026-06-09,26,27,0.0029960723162561,0.0,0.3874819803940431,val,2
S21705,282,11,2026-06-09,38,16,0.002462369707278,0.0,0.3759638964706035,val,2
S23462,282,11,2026-06-09,22,27,0.0029417645568882,0.0,0.3940573366840776,val,2
S23848,282,11,2026-06-09,31,22,0.0027803750939748,0.0,0.3310811130210848,val,2
S24967,282,11,2026-06-09,26,29,0.0030066426393598,0.006126121684252,0.3858057126781024,val,2
S25183,282,11,2026-06-09,28,26,0.0024316428714474,0.0,0.351528839938324,val,2
S26633,282,11,2026-06-09,41,13,0.0026816848587458,0.011350227994184,0.3211661960443207,val,2
S36128,282,11,2026-06-09,59,24,0.0029963548111917,0.0,0.3829991305191498,val,2
S36696,282,11,2026-06-09,37,14,0.0024488505310334,0.0,0.253347870914717,val,2
S37477,282,11,2026-06-09,54,16,0.0029302045387811,0.0,0.3388655544960863,val,2
S38917,282,11,2026-06-09,34,23,0.0020649994628586,0.0,0.3956305687242594,val,2
S41527,282,11,2026-06-09,47,22,0.0029345176526796,0.0072304844206337,0.3668966792201725,val,2
S42297,282,11,2026-06-09,62,27,0.0030098643552783,0.0,0.4009428391621369,val,2
S00694,282,11,2026-06-09,31,29,0.0028765059480034,0.0,0.4072478338437778,val,3
S00695,282,11,2026-06-09,23,21,0.0028077016818369,0.0,0.3428394079905121,val,3
S03143,282,11,2026-06-09,43,16,0.0023338708444688,0.0,0.3540375521251497,val,3
S04406,282,11,2026-06-09,39,12,0.0024025570295817,0.0,0.2620758198580466,val,3
S08766,282,11,2026-06-09,51,13,0.0029119403960707,0.0,0.360000833493459,val,3
S11732,282,11,2026-06-09,36,27,0.0024156652076984,0.0,0.435672107635999,val,3
S13442,282,11,2026-06-09,16,26,0.00277471161547,0.1722106722106722,0.424198426175312,val,3
S16876,282,11,2026-06-09,23,27,0.0029975146516677,0.0,0.3874819803940431,val,3
S21705,282,11,2026-06-09,45,16,0.0022334944828384,0.0,0.3759638964706035,val,3
S23462,282,11,2026-06-09,18,26,0.0029620942482756,0.0,0.3940573366840776,val,3
S23848,282,11,2026-06-09,45,22,0.0029437986015409,0.0,0.3310811130210848,val,3
S24967,282,11,2026-06-09,21,28,0.0030573587049306,0.006126121684252,0.3858057126781024,val,3
S25183,282,11,2026-06-09,40,26,0.0021906860347603,0.0,0.351528839938324,val,3
S26633,282,11,2026-06-09,35,13,0.0025984378971762,0.011350227994184,0.3211661960443207,val,3
S36128,282,11,2026-06-09,65,24,0.0019556958909372,0.0,0.3829991305191498,val,3
S36696,282,11,2026-06-09,43,14,0.0018570897064607,0.0,0.253347870914717,val,3
S37477,282,11,2026-06-09,57,16,0.0029023981327157,0.0,0.3388655544960863,val,3
S38917,282,11,2026-06-09,25,23,0.0027634608900116,0.0,0.3956305687242594,val,3
S41527,282,11,2026-06-09,53,22,0.0028607546087936,0.0072304844206337,0.3668966792201725,val,3
S42297,282,11,2026-06-09,62,16,0.0020217861685362,0.0,0.4009428391621369,val,3
S00694,282,11,2026-06-09,33,29,0.0027580794753528,0.0,0.4072478338437778,val,4
S00695,282,11,2026-06-09,25,21,0.002793415553244,0.0,0.3428394079905121,val,4
S03143,282,11,2026-06-09,41,16,0.0022561510889005,0.0,0.3540375521251497,val,4
S04406,282,11,2026-06-09,37,12,0.0026900851980074,0.0,0.2620758198580466,val,4
S08766,282,11,2026-06-09,56,14,0.0023686865404872,0.0,0.360000833493459,val,4
S11732,282,11,2026-06-09,37,27,0.0024117917346186,0.0,0.435672107635999,val,4
S13442,282,11,2026-06-09,22,29,0.0028376702257669,0.1722106722106722,0.424198426175312,val,4
S16876,282,11,2026-06-09,24,27,0.0029227933807114,0.0,0.3874819803940431,val,4
S21705,282,11,2026-06-09,42,16,0.0020124244035881,0.0,0.3759638964706035,val,4
S23462,282,11,2026-06-09,18,27,0.0029844581480139,0.0,0.3940573366840776,val,4
S23848,282,11,2026-06-09,43,22,0.0029126043930218,0.0,0.3310811130210848,val,4
S24967,282,11,2026-06-09,23,29,0.0030089258247244,0.006126121684252,0.3858057126781024,val,4
S25183,282,11,2026-06-09,37,26,0.0021553721914224,0.0,0.351528839938324,val,4
S26633,282,11,2026-06-09,37,13,0.0027077115201528,0.011350227994184,0.3211661960443207,val,4
S36128,282,11,2026-06-09,63,24,0.003057374997077,0.0,0.3829991305191498,val,4
S36696,282,11,2026-06-09,41,14,0.0016930387843866,0.0,0.253347870914717,val,4
S37477,282,11,2026-06-09,56,16,0.0030171876694249,0.0,0.3388655544960863,val,4
S38917,282,11,2026-06-09,29,23,0.0026584397544458,0.0,0.3956305687242594,val,4
S41527,282,11,2026-06-09,51,22,0.0030000707818375,0.0072304844206337,0.3668966792201725,val,4
S42297,282,11,2026-06-09,63,17,0.002810956233615,0.0,0.4009428391621369,val,4
S01110,282,12,2026-06-09,29,19,0.0005209233466407,0.0,0.1554022710286636,val,1
S05948,282,12,2026-06-09,46,26,0.0005918764139171,0.0,0.1179094969855705,val,1
S09199,282,12,2026-06-09,30,30,0.0005841191056697,0.0,0.1467157230289612,val,1
S10511,282,12,2026-06-09,32,29,0.0005841742786017,0.0,0.1055317084623852,val,1
S12758,282,12,2026-06-09,24,26,0.0006902370028179,0.0,0.1975775005053854,val,1
S12764,282,12,2026-06-09,38,16,0.0005802704984235,0.0,0.1315371461729373,val,1
S15311,282,12,2026-06-09,15,21,0.0006152637274435,0.0,0.1863327759164134,val,1
S17750,282,12,2026-06-09,56,18,0.0005184489347871,0.0,0.1174571652733545,val,1
S20315,282,12,2026-06-09,41,27,0.0006022329178012,0.0,0.1154081298678712,val,1
S23497,282,12,2026-06-09,52,17,0.000529912874759,0.0,0.1325437495142234,val,1
S25008,282,12,2026-06-09,59,21,0.0006530923911796,0.0,0.1371984353596192,val,1
S26922,282,12,2026-06-09,41,25,0.0005988905922674,0.0160147729526075,0.1527429428185243,val,1
S28440,282,12,2026-06-09,47,26,0.0005960935714316,0.0,0.1545218812018949,val,1
S28447,282,12,2026-06-09,32,12,0.0006156448454679,0.0,0.1720388786024036,val,1
S29191,282,12,2026-06-09,37,16,0.0005476949509906,0.0,0.0927563868829062,val,1
S32490,282,12,2026-06-09,25,23,0.0005757927242324,0.0,0.1235135722555348,val,1
S34972,282,12,2026-06-09,16,23,0.0005933468966396,0.0,0.1423611015499628,val,1
S37858,282,12,2026-06-09,42,14,0.0005568315744884,0.0,0.1269505646158193,val,1
S39320,282,12,2026-06-09,30,28,0.0006176705966277,0.0,0.12745901149385,val,1
S01110,282,12,2026-06-09,31,19,0.0005579864785243,0.0,0.1554022710286636,val,2
S05948,282,12,2026-06-09,34,26,0.0006147719217704,0.0,0.1179094969855705,val,2
S09199,282,12,2026-06-09,28,30,0.000608605662339,0.0,0.1467157230289612,val,2
S10511,282,12,2026-06-09,34,29,0.000658058045264,0.0,0.1055317084623852,val,2
S12758,282,12,2026-06-09,22,26,0.0006574220721558,0.0,0.1975775005053854,val,2
S12764,282,12,2026-06-09,36,16,0.0005399578766248,0.0,0.1315371461729373,val,2
S15311,282,12,2026-06-09,16,21,0.0005645718861571,0.0,0.1863327759164134,val,2
S17750,282,12,2026-06-09,54,18,0.0006488805438985,0.0,0.1174571652733545,val,2
S20315,282,12,2026-06-09,43,27,0.0005613666997306,0.0,0.1154081298678712,val,2
S23497,282,12,2026-06-09,54,17,0.0005508525149007,0.0,0.1325437495142234,val,2
S25008,282,12,2026-06-09,61,21,0.0006421942221937,0.0,0.1371984353596192,val,2
S26922,282,12,2026-06-09,48,25,0.000551213647007,0.0160147729526075,0.1527429428185243,val,2
S28440,282,12,2026-06-09,37,26,0.0005731010393495,0.0,0.1545218812018949,val,2
S28447,282,12,2026-06-09,28,13,0.0005863551474029,0.0,0.1720388786024036,val,2
S29191,282,12,2026-06-09,35,16,0.0005516800813236,0.0,0.0927563868829062,val,2
S32490,282,12,2026-06-09,27,23,0.0005626964007976,0.0,0.1235135722555348,val,2
S34972,282,12,2026-06-09,18,23,0.0006118290176316,0.0,0.1423611015499628,val,2
S37858,282,12,2026-06-09,40,14,0.0005664104914804,0.0,0.1269505646158193,val,2
S39320,282,12,2026-06-09,28,28,0.000581194161711,0.0,0.12745901149385,val,2
S01110,282,12,2026-06-09,25,19,0.000573117765142,0.0,0.1554022710286636,val,3
S05948,282,12,2026-06-09,50,26,0.0005164537878731,0.0,0.1179094969855705,val,3
S09199,282,12,2026-06-09,34,30,0.0006068486238318,0.0,0.1467157230289612,val,3
S10511,282,12,2026-06-09,28,29,0.0006294134556999,0.0,0.1055317084623852,val,3
S12758,282,12,2026-06-09,31,26,0.000592715153227,0.0,0.1975775005053854,val,3
S12764,282,12,2026-06-09,42,16,0.0005216712089316,0.0,0.1315371461729373,val,3
S15311,282,12,2026-06-09,13,21,0.0007671131085397,0.0,0.1863327759164134,val,3
S17750,282,12,2026-06-09,60,18,0.0006034870538736,0.0,0.1174571652733545,val,3
S20315,282,12,2026-06-09,35,27,0.0005615360277855,0.0,0.1154081298678712,val,3
S23497,282,12,2026-06-09,48,17,0.0005893203818082,0.0,0.1325437495142234,val,3
S25008,282,12,2026-06-09,55,21,0.0005632632592782,0.0,0.1371984353596192,val,3
S26922,282,12,2026-06-09,29,25,0.0005212558940941,0.0160147729526075,0.1527429428185243,val,3
S28440,282,12,2026-06-09,51,26,0.000497687767035,0.0,0.1545218812018949,val,3
S28447,282,12,2026-06-09,36,12,0.0005754351642553,0.0,0.1720388786024036,val,3
S29191,282,12,2026-06-09,41,16,0.0005193596539299,0.0,0.0927563868829062,val,3
S32490,282,12,2026-06-09,20,23,0.000634059354998,0.0,0.1235135722555348,val,3
S34972,282,12,2026-06-09,13,22,0.000704633481248,0.0,0.1423611015499628,val,3
S37858,282,12,2026-06-09,46,14,0.0004980066720446,0.0,0.1269505646158193,val,3
S39320,282,12,2026-06-09,37,28,0.0005300015344064,0.0,0.12745901149385,val,3
S01110,282,12,2026-06-09,27,19,0.0004997400389894,0.0,0.1554022710286636,val,4
S05948,282,12,2026-06-09,48,26,0.0006020597757124,0.0,0.1179094969855705,val,4
S09199,282,12,2026-06-09,32,30,0.0006446532571821,0.0,0.1467157230289612,val,4
S10511,282,12,2026-06-09,30,29,0.0005957223430735,0.0,0.1055317084623852,val,4
S12758,282,12,2026-06-09,28,26,0.0005649019457125,0.0,0.1975775005053854,val,4
S12764,282,12,2026-06-09,40,16,0.0005090212925103,0.0,0.1315371461729373,val,4
S15311,282,12,2026-06-09,14,21,0.0005935204406845,0.0,0.1863327759164134,val,4
S17750,282,12,2026-06-09,58,18,0.0006099085559763,0.0,0.1174571652733545,val,4
S20315,282,12,2026-06-09,37,27,0.0005422479151685,0.0,0.1154081298678712,val,4
S23497,282,12,2026-06-09,50,17,0.0005824307101485,0.0,0.1325437495142234,val,4
S25008,282,12,2026-06-09,57,21,0.0006598911918678,0.0,0.1371984353596192,val,4
S26922,282,12,2026-06-09,34,25,0.0005286998190374,0.0160147729526075,0.1527429428185243,val,4
S28440,282,12,2026-06-09,49,26,0.0005308027013558,0.0,0.1545218812018949,val,4
S28447,282,12,2026-06-09,34,12,0.0006169674872347,0.0,0.1720388786024036,val,4
S29191,282,12,2026-06-09,39,16,0.0005716004182402,0.0,0.0927563868829062,val,4
S32490,282,12,2026-06-09,23,23,0.0006011325247033,0.0,0.1235135722555348,val,4
S34972,282,12,2026-06-09,14,23,0.0006212934260764,0.0,0.1423611015499628,val,4
S37858,282,12,2026-06-09,44,14,0.0005368395246205,0.0,0.1269505646158193,val,4
S39320,282,12,2026-06-09,34,28,0.000603974291741,0.0,0.12745901149385,val,4
S08158,282,13,2026-06-08,37,24,0.0020623943278592,0.0092424062800012,0.3714211236508413,val,1
S08160,282,13,2026-06-08,56,18,0.0025752858440507,0.0146770525952327,0.305549143362009,val,1
S12303,282,13,2026-06-08,49,31,0.0021494546216139,0.0,0.2867430274932718,val,1
S18902,282,13,2026-06-08,27,30,0.0026433051951431,0.0,0.3053680378949348,val,1
S22914,282,13,2026-06-08,15,19,0.0027238211987184,0.0097579172638564,0.3412185744574526,val,1
S23228,282,13,2026-06-08,43,23,0.0019631191868047,0.0,0.2850902622114299,val,1
S29124,282,13,2026-06-08,29,24,0.0025765356058967,0.0105698203626774,0.3476943149566933,val,1
S29575,282,13,2026-06-08,53,20,0.002502240345132,0.0046561738804571,0.3405752932924299,val,1
S29576,282,13,2026-06-08,33,29,0.0025639260674042,0.0,0.3287232454959982,val,1
S30199,282,13,2026-06-08,38,24,0.0022576968267788,0.0209195158457966,0.3562260111340471,val,1
S31370,282,13,2026-06-08,25,22,0.0028017552384949,0.0,0.3608804059240753,val,1
S34903,282,13,2026-06-08,60,26,0.0027155627821465,0.0,0.3337764313248597,val,1
S37722,282,13,2026-06-08,58,20,0.002631294988797,0.0,0.3152532059317769,val,1
S41385,282,13,2026-06-08,43,30,0.0025392718554908,0.0,0.3131408202360274,val,1
S42199,282,13,2026-06-08,51,18,0.0023731231579525,0.006832648235472,0.3093645684319764,val,1
S42294,282,13,2026-06-08,25,13,0.0022627694370131,0.0,0.2771063076974649,val,1
S42954,282,13,2026-06-08,35,30,0.0025630917250992,0.0,0.352349156473466,val,1
S08158,282,13,2026-06-08,35,24,0.002248464891656,0.0092424062800012,0.3714211236508413,val,2
S08160,282,13,2026-06-08,54,18,0.0025901842492693,0.0146770525952327,0.305549143362009,val,2
S12303,282,13,2026-06-08,50,31,0.0019134890609774,0.0,0.2867430274932718,val,2
S18902,282,13,2026-06-08,33,31,0.0026232393709203,0.0,0.3053680378949348,val,2
S22914,282,13,2026-06-08,17,19,0.0027323529968135,0.0097579172638564,0.3412185744574526,val,2
S23228,282,13,2026-06-08,45,23,0.0021499238563097,0.0,0.2850902622114299,val,2
S29124,282,13,2026-06-08,27,24,0.0025490299511216,0.0105698203626774,0.3476943149566933,val,2
S29575,282,13,2026-06-08,51,20,0.0022615183358304,0.0046561738804571,0.3405752932924299,val,2
S29576,282,13,2026-06-08,35,29,0.00247799432901,0.0,0.3287232454959982,val,2
S30199,282,13,2026-06-08,36,24,0.0023108198230664,0.0209195158457966,0.3562260111340471,val,2
S31370,282,13,2026-06-08,23,22,0.0027701045906916,0.0,0.3608804059240753,val,2
S34903,282,13,2026-06-08,58,26,0.0025266427201184,0.0,0.3337764313248597,val,2
S37722,282,13,2026-06-08,56,20,0.0024662873516333,0.0,0.3152532059317769,val,2
S41385,282,13,2026-06-08,41,30,0.0026212317703162,0.0,0.3131408202360274,val,2
S42199,282,13,2026-06-08,49,18,0.0024991133081554,0.006832648235472,0.3093645684319764,val,2
S42294,282,13,2026-06-08,22,14,0.0022542799533362,0.0,0.2771063076974649,val,2
S42954,282,13,2026-06-08,33,30,0.0025474660400109,0.0,0.352349156473466,val,2
S08158,282,13,2026-06-08,41,24,0.002105015101718,0.0092424062800012,0.3714211236508413,val,3
S08160,282,13,2026-06-08,60,18,0.0025525456117536,0.0146770525952327,0.305549143362009,val,3
S12303,282,13,2026-06-08,46,31,0.002348324158398,0.0,0.2867430274932718,val,3
S18902,282,13,2026-06-08,31,30,0.0026390555488491,0.0,0.3053680378949348,val,3
S22914,282,13,2026-06-08,17,18,0.0028130800534641,0.0097579172638564,0.3412185744574526,val,3
S23228,282,13,2026-06-08,39,23,0.00204477874355,0.0,0.2850902622114299,val,3
S29124,282,13,2026-06-08,33,24,0.0025180930256902,0.0105698203626774,0.3476943149566933,val,3
S29575,282,13,2026-06-08,55,20,0.002400350999325,0.0046561738804571,0.3405752932924299,val,3
S29576,282,13,2026-06-08,28,29,0.0026995194258521,0.0,0.3287232454959982,val,3
S30199,282,13,2026-06-08,42,24,0.0020995268606823,0.0209195158457966,0.3562260111340471,val,3
S31370,282,13,2026-06-08,29,22,0.0027457908421574,0.0,0.3608804059240753,val,3
S34903,282,13,2026-06-08,63,25,0.0027411780710631,0.0,0.3337764313248597,val,3
S37722,282,13,2026-06-08,62,20,0.0026324466302909,0.0,0.3152532059317769,val,3
S41385,282,13,2026-06-08,47,30,0.0025376385591069,0.0,0.3131408202360274,val,3
S42199,282,13,2026-06-08,55,18,0.0025995576672977,0.006832648235472,0.3093645684319764,val,3
S42294,282,13,2026-06-08,30,12,0.0021561703429468,0.0,0.2771063076974649,val,3
S42954,282,13,2026-06-08,39,30,0.0026221615852078,0.0,0.352349156473466,val,3
S08158,282,13,2026-06-08,39,24,0.0020692451595363,0.0092424062800012,0.3714211236508413,val,4
S08160,282,13,2026-06-08,58,18,0.0027003445652423,0.0146770525952327,0.305549143362009,val,4
S12303,282,13,2026-06-08,48,31,0.0019487790514095,0.0,0.2867430274932718,val,4
S18902,282,13,2026-06-08,29,30,0.0026802192741819,0.0,0.3053680378949348,val,4
S22914,282,13,2026-06-08,15,18,0.0026460104504888,0.0097579172638564,0.3412185744574526,val,4
S23228,282,13,2026-06-08,41,23,0.0022202070670518,0.0,0.2850902622114299,val,4
S29124,282,13,2026-06-08,31,24,0.0025553330848042,0.0105698203626774,0.3476943149566933,val,4
S29575,282,13,2026-06-08,54,20,0.0023690539505199,0.0046561738804571,0.3405752932924299,val,4
S29576,282,13,2026-06-08,31,29,0.0025541141511207,0.0,0.3287232454959982,val,4
S30199,282,13,2026-06-08,40,24,0.002027708179156,0.0209195158457966,0.3562260111340471,val,4
S31370,282,13,2026-06-08,27,22,0.0026432449883616,0.0,0.3608804059240753,val,4
S34903,282,13,2026-06-08,62,26,0.0026981434262256,0.0,0.3337764313248597,val,4
S37722,282,13,2026-06-08,60,20,0.0025271006663427,0.0,0.3152532059317769,val,4
S41385,282,13,2026-06-08,45,30,0.002469130382962,0.0,0.3131408202360274,val,4
S42199,282,13,2026-06-08,53,18,0.0026548386467767,0.006832648235472,0.3093645684319764,val,4
S42294,282,13,2026-06-08,28,12,0.0021441339532673,0.0,0.2771063076974649,val,4
S42954,282,13,2026-06-08,37,30,0.0025144287980236,0.0,0.352349156473466,val,4
S00753,282,14,2026-06-08,54,25,0.0018648535986162,0.0,0.2369616802946925,val,1
S03304,282,14,2026-06-08,53,29,0.0018310101618743,0.0,0.2349965622101339,val,1
S04378,282,14,2026-06-08,54,14,0.0020195793803637,0.0,0.2100995008533974,val,1
S04379,282,14,2026-06-08,30,22,0.0023637740974438,0.0,0.3453247600892026,val,1
S11256,282,14,2026-06-08,30,23,0.0023431237549005,0.0193093132469853,0.3486156442231765,val,1
S16331,282,14,2026-06-08,53,15,0.001954758612697,0.0055295950155763,0.2658763763188687,val,1
S16332,282,14,2026-06-08,51,18,0.0019633649609944,0.0,0.2789884285118038,val,1
S23571,282,14,2026-06-08,28,24,0.0016952277862286,0.0,0.2909157669765685,val,1
S24406,282,14,2026-06-08,42,20,0.0019621979078004,0.002771921605372,0.2304905071548274,val,1
S25742,282,14,2026-06-08,19,17,0.0022526756770128,0.0,0.3305702267488438,val,1
S34296,282,14,2026-06-08,16,25,0.0020669909147026,0.0,0.2989573076859038,val,1
S38908,282,14,2026-06-08,42,16,0.0018875458328942,0.0,0.2795788501143616,val,1
S39350,282,14,2026-06-08,49,18,0.0021604230915911,0.0,0.275392236283286,val,1
S40604,282,14,2026-06-08,32,18,0.0021261411478484,0.0085088169833932,0.3455365183710767,val,1
S41529,282,14,2026-06-08,54,15,0.002174033121575,0.001813041495668,0.2500727822875455,val,1
S00753,282,14,2026-06-08,56,25,0.0019169973357627,0.0,0.2369616802946925,val,2
S03304,282,14,2026-06-08,55,29,0.0017196494814029,0.0,0.2349965622101339,val,2
S04378,282,14,2026-06-08,53,14,0.0018965586426712,0.0,0.2100995008533974,val,2
S04379,282,14,2026-06-08,28,22,0.0024537130252351,0.0,0.3453247600892026,val,2
S11256,282,14,2026-06-08,33,23,0.001921864184486,0.0193093132469853,0.3486156442231765,val,2
S16331,282,14,2026-06-08,55,15,0.0020532626766352,0.0055295950155763,0.2658763763188687,val,2
S16332,282,14,2026-06-08,48,18,0.002005228586723,0.0,0.2789884285118038,val,2
S23571,282,14,2026-06-08,26,24,0.002176120559998,0.0,0.2909157669765685,val,2
S24406,282,14,2026-06-08,39,20,0.0017467065246327,0.002771921605372,0.2304905071548274,val,2
S25742,282,14,2026-06-08,22,17,0.0022321274928485,0.0,0.3305702267488438,val,2
S34296,282,14,2026-06-08,18,25,0.0019763424733702,0.0,0.2989573076859038,val,2
S38908,282,14,2026-06-08,38,16,0.0019488941694699,0.0,0.2795788501143616,val,2
S39350,282,14,2026-06-08,47,18,0.0021963756229407,0.0,0.275392236283286,val,2
S40604,282,14,2026-06-08,30,18,0.0022275627728875,0.0085088169833932,0.3455365183710767,val,2
S41529,282,14,2026-06-08,56,15,0.0019718194691201,0.001813041495668,0.2500727822875455,val,2
S00753,282,14,2026-06-08,50,25,0.0018228590354823,0.0,0.2369616802946925,val,3
S03304,282,14,2026-06-08,49,29,0.0019535808431371,0.0,0.2349965622101339,val,3
S04378,282,14,2026-06-08,56,14,0.0020218539522349,0.0,0.2100995008533974,val,3
S04379,282,14,2026-06-08,34,22,0.0021711755639798,0.0,0.3453247600892026,val,3
S11256,282,14,2026-06-08,26,23,0.0021331361950822,0.0193093132469853,0.3486156442231765,val,3
S16331,282,14,2026-06-08,48,15,0.0019905250922508,0.0055295950155763,0.2658763763188687,val,3
S16332,282,14,2026-06-08,55,18,0.0020761377903472,0.0,0.2789884285118038,val,3
S23571,282,14,2026-06-08,32,24,0.0018647854800296,0.0,0.2909157669765685,val,3
S24406,282,14,2026-06-08,50,20,0.0022729338291302,0.002771921605372,0.2304905071548274,val,3
S25742,282,14,2026-06-08,19,16,0.0020827431042449,0.0,0.3305702267488438,val,3
S34296,282,14,2026-06-08,16,24,0.0020164266974462,0.0,0.2989573076859038,val,3
S38908,282,14,2026-06-08,46,16,0.0019366795235255,0.0,0.2795788501143616,val,3
S39350,282,14,2026-06-08,54,18,0.0020383817925394,0.0,0.275392236283286,val,3
S40604,282,14,2026-06-08,36,18,0.0022071620497011,0.0085088169833932,0.3455365183710767,val,3
S41529,282,14,2026-06-08,49,15,0.0019669905364385,0.001813041495668,0.2500727822875455,val,3
S00753,282,14,2026-06-08,52,25,0.0020024146855137,0.0,0.2369616802946925,val,4
S03304,282,14,2026-06-08,51,29,0.0017594001725909,0.0,0.2349965622101339,val,4
S04378,282,14,2026-06-08,55,14,0.0020173826001812,0.0,0.2100995008533974,val,4
S04379,282,14,2026-06-08,32,22,0.0022519290891711,0.0,0.3453247600892026,val,4
S11256,282,14,2026-06-08,28,23,0.0021041112434086,0.0193093132469853,0.3486156442231765,val,4
S16331,282,14,2026-06-08,51,15,0.0018487085410787,0.0055295950155763,0.2658763763188687,val,4
S16332,282,14,2026-06-08,53,18,0.0018048416674588,0.0,0.2789884285118038,val,4
S23571,282,14,2026-06-08,30,24,0.0021610100884923,0.0,0.2909157669765685,val,4
S24406,282,14,2026-06-08,45,20,0.0018981905681872,0.002771921605372,0.2304905071548274,val,4
S25742,282,14,2026-06-08,17,17,0.0023705398732988,0.0,0.3305702267488438,val,4
S34296,282,14,2026-06-08,14,24,0.0021842255480197,0.0,0.2989573076859038,val,4
S38908,282,14,2026-06-08,44,16,0.0020537380803593,0.0,0.2795788501143616,val,4
S39350,282,14,2026-06-08,52,18,0.002016066776888,0.0,0.275392236283286,val,4
S40604,282,14,2026-06-08,34,18,0.0022542613061006,0.0085088169833932,0.3455365183710767,val,4
S41529,282,14,2026-06-08,52,15,0.0022010923947762,0.001813041495668,0.2500727822875455,val,4
S00694,282,15,2026-06-09,36,29,0.0027162506057297,0.0,0.4072478338437778,val,1
S00695,282,15,2026-06-09,28,21,0.0027489325458135,0.0,0.3428394079905121,val,1
S03143,282,15,2026-06-09,39,16,0.0023797625677944,0.0,0.3540375521251497,val,1
S04406,282,15,2026-06-09,35,12,0.0023200527244753,0.0,0.2620758198580466,val,1
S08766,282,15,2026-06-09,54,14,0.0029281398081563,0.0,0.360000833493459,val,1
S11732,282,15,2026-06-09,38,27,0.0029170703596671,0.0,0.435672107635999,val,1
S13442,282,15,2026-06-09,26,30,0.0029049281343998,0.1722106722106722,0.424198426175312,val,1
S16876,282,15,2026-06-09,25,27,0.0029682973029057,0.0,0.3874819803940431,val,1
S21705,282,15,2026-06-09,40,16,0.0024282256894142,0.0,0.3759638964706035,val,1
S23462,282,15,2026-06-09,20,27,0.0029986457449572,0.0,0.3940573366840776,val,1
S23848,282,15,2026-06-09,41,22,0.002853348681535,0.0,0.3310811130210848,val,1
S24967,282,15,2026-06-09,25,29,0.0029814254098592,0.006126121684252,0.3858057126781024,val,1
S25183,282,15,2026-06-09,35,26,0.002003411549267,0.0,0.351528839938324,val,1
S26633,282,15,2026-06-09,39,13,0.0028366618381571,0.011350227994184,0.3211661960443207,val,1
S36128,282,15,2026-06-09,61,24,0.0029706481340648,0.0,0.3829991305191498,val,1
S36696,282,15,2026-06-09,39,14,0.0018509716933249,0.0,0.253347870914717,val,1
S37477,282,15,2026-06-09,55,16,0.0029013859131439,0.0,0.3388655544960863,val,1
S38917,282,15,2026-06-09,31,23,0.0028779733489455,0.0,0.3956305687242594,val,1
S41527,282,15,2026-06-09,49,22,0.0027667415680035,0.0072304844206337,0.3668966792201725,val,1
S42297,282,15,2026-06-09,63,26,0.0028841984364294,0.0,0.4009428391621369,val,1
S00694,282,15,2026-06-09,38,29,0.0025184470027928,0.0,0.4072478338437778,val,2
S00695,282,15,2026-06-09,30,21,0.0029158789062331,0.0,0.3428394079905121,val,2
S03143,282,15,2026-06-09,37,16,0.0024151445396583,0.0,0.3540375521251497,val,2
S04406,282,15,2026-06-09,33,12,0.0027397098417678,0.0,0.2620758198580466,val,2
S08766,282,15,2026-06-09,52,14,0.0029181375543102,0.0,0.360000833493459,val,2
S11732,282,15,2026-06-09,39,27,0.0024258681722296,0.0,0.435672107635999,val,2
S13442,282,15,2026-06-09,25,30,0.0029884904522479,0.1722106722106722,0.424198426175312,val,2
S16876,282,15,2026-06-09,26,27,0.0029960723162561,0.0,0.3874819803940431,val,2
S21705,282,15,2026-06-09,38,16,0.002462369707278,0.0,0.3759638964706035,val,2
S23462,282,15,2026-06-09,22,27,0.0029417645568882,0.0,0.3940573366840776,val,2
S23848,282,15,2026-06-09,31,22,0.0027803750939748,0.0,0.3310811130210848,val,2
S24967,282,15,2026-06-09,26,29,0.0030066426393598,0.006126121684252,0.3858057126781024,val,2
S25183,282,15,2026-06-09,28,26,0.0024316428714474,0.0,0.351528839938324,val,2
S26633,282,15,2026-06-09,41,13,0.0026816848587458,0.011350227994184,0.3211661960443207,val,2
S36128,282,15,2026-06-09,59,24,0.0029963548111917,0.0,0.3829991305191498,val,2
S36696,282,15,2026-06-09,37,14,0.0024488505310334,0.0,0.253347870914717,val,2
S37477,282,15,2026-06-09,54,16,0.0029302045387811,0.0,0.3388655544960863,val,2
S38917,282,15,2026-06-09,34,23,0.0020649994628586,0.0,0.3956305687242594,val,2
S41527,282,15,2026-06-09,47,22,0.0029345176526796,0.0072304844206337,0.3668966792201725,val,2
S42297,282,15,2026-06-09,62,27,0.0030098643552783,0.0,0.4009428391621369,val,2
S00694,282,15,2026-06-09,31,29,0.0028765059480034,0.0,0.4072478338437778,val,3
S00695,282,15,2026-06-09,23,21,0.0028077016818369,0.0,0.3428394079905121,val,3
S03143,282,15,2026-06-09,43,16,0.0023338708444688,0.0,0.3540375521251497,val,3
S04406,282,15,2026-06-09,39,12,0.0024025570295817,0.0,0.2620758198580466,val,3
S08766,282,15,2026-06-09,51,13,0.0029119403960707,0.0,0.360000833493459,val,3
S11732,282,15,2026-06-09,36,27,0.0024156652076984,0.0,0.435672107635999,val,3
S13442,282,15,2026-06-09,16,26,0.00277471161547,0.1722106722106722,0.424198426175312,val,3
S16876,282,15,2026-06-09,23,27,0.0029975146516677,0.0,0.3874819803940431,val,3
S21705,282,15,2026-06-09,45,16,0.0022334944828384,0.0,0.3759638964706035,val,3
S23462,282,15,2026-06-09,18,26,0.0029620942482756,0.0,0.3940573366840776,val,3
S23848,282,15,2026-06-09,45,22,0.0029437986015409,0.0,0.3310811130210848,val,3
S24967,282,15,2026-06-09,21,28,0.0030573587049306,0.006126121684252,0.3858057126781024,val,3
S25183,282,15,2026-06-09,40,26,0.0021906860347603,0.0,0.351528839938324,val,3
S26633,282,15,2026-06-09,35,13,0.0025984378971762,0.011350227994184,0.3211661960443207,val,3
S36128,282,15,2026-06-09,65,24,0.0019556958909372,0.0,0.3829991305191498,val,3
S36696,282,15,2026-06-09,43,14,0.0018570897064607,0.0,0.253347870914717,val,3
S37477,282,15,2026-06-09,57,16,0.0029023981327157,0.0,0.3388655544960863,val,3
S38917,282,15,2026-06-09,25,23,0.0027634608900116,0.0,0.3956305687242594,val,3
S41527,282,15,2026-06-09,53,22,0.0028607546087936,0.0072304844206337,0.3668966792201725,val,3
S42297,282,15,2026-06-09,62,16,0.0020217861685362,0.0,0.4009428391621369,val,3
S00694,282,15,2026-06-09,33,29,0.0027580794753528,0.0,0.4072478338437778,val,4
S00695,282,15,2026-06-09,25,21,0.002793415553244,0.0,0.3428394079905121,val,4
S03143,282,15,2026-06-09,41,16,0.0022561510889005,0.0,0.3540375521251497,val,4
S04406,282,15,2026-06-09,37,12,0.0026900851980074,0.0,0.2620758198580466,val,4
S08766,282,15,2026-06-09,56,14,0.0023686865404872,0.0,0.360000833493459,val,4
S11732,282,15,2026-06-09,37,27,0.0024117917346186,0.0,0.435672107635999,val,4
S13442,282,15,2026-06-09,22,29,0.0028376702257669,0.1722106722106722,0.424198426175312,val,4
S16876,282,15,2026-06-09,24,27,0.0029227933807114,0.0,0.3874819803940431,val,4
S21705,282,15,2026-06-09,42,16,0.0020124244035881,0.0,0.3759638964706035,val,4
S23462,282,15,2026-06-09,18,27,0.0029844581480139,0.0,0.3940573366840776,val,4
S23848,282,15,2026-06-09,43,22,0.0029126043930218,0.0,0.3310811130210848,val,4
S24967,282,15,2026-06-09,23,29,0.0030089258247244,0.006126121684252,0.3858057126781024,val,4
S25183,282,15,2026-06-09,37,26,0.0021553721914224,0.0,0.351528839938324,val,4
S26633,282,15,2026-06-09,37,13,0.0027077115201528,0.011350227994184,0.3211661960443207,val,4
S36128,282,15,2026-06-09,63,24,0.003057374997077,0.0,0.3829991305191498,val,4
S36696,282,15,2026-06-09,41,14,0.0016930387843866,0.0,0.253347870914717,val,4
S37477,282,15,2026-06-09,56,16,0.0030171876694249,0.0,0.3388655544960863,val,4
S38917,282,15,2026-06-09,29,23,0.0026584397544458,0.0,0.3956305687242594,val,4
S41527,282,15,2026-06-09,51,22,0.0030000707818375,0.0072304844206337,0.3668966792201725,val,4
S42297,282,15,2026-06-09,63,17,0.002810956233615,0.0,0.4009428391621369,val,4
S00263,282,16,2026-06-09,33,23,0.0026050661531619,0.0,0.3922406995783323,val,1
S02401,282,16,2026-06-09,37,26,0.0018608901401948,0.0,0.3525297286568704,val,1
S03665,282,16,2026-06-09,58,17,0.0028902024330131,0.0,0.3311861942578553,val,1
S04402,282,16,2026-06-09,62,21,0.0029691248492184,0.0,0.3402402845131533,val,1
S04770,282,16,2026-06-09,38,26,0.0023156122975395,0.0,0.4083077305659707,val,1
S06169,282,16,2026-06-09,51,20,0.0025951620119307,0.0120893688960241,0.3299178266211271,val,1
S07483,282,16,2026-06-09,44,13,0.0022050384300853,0.010247754713702,0.357418911699489,val,1
S08767,282,16,2026-06-09,60,18,0.002902035445636,0.0,0.3422712007347201,val,1
S09655,282,16,2026-06-09,47,19,0.0028566946076652,0.0,0.3525908900664762,val,1
S10331,282,16,2026-06-09,56,14,0.0023168736186003,0.0,0.2763462914817161,val,1
S16888,282,16,2026-06-09,39,15,0.0022624399234793,0.0,0.3320962002402647,val,1
S20082,282,16,2026-06-09,54,25,0.0029471635111551,0.0,0.3489814640839763,val,1
S23128,282,16,2026-06-09,34,19,0.0028666159884456,0.0,0.3465048071280308,val,1
S24968,282,16,2026-06-09,45,24,0.0023241429031922,0.0061530461911777,0.4046261532555673,val,1
S24972,282,16,2026-06-09,48,15,0.0022691540327623,0.0204564631310325,0.3057539715785198,val,1
S25872,282,16,2026-06-09,48,14,0.0023738707507512,0.0,0.3497600910460438,val,1
S26329,282,16,2026-06-09,51,15,0.002617203112166,0.0,0.3582135938710255,val,1
S27391,282,16,2026-06-09,17,25,0.0030352383086973,0.0,0.3929956569848571,val,1
S29570,282,16,2026-06-09,60,24,0.0030020184012917,0.0,0.3887662425196114,val,1
S29571,282,16,2026-06-09,31,18,0.0025497919562044,0.0,0.347274632594801,val,1
S29573,282,16,2026-06-09,51,21,0.0028829299201199,0.0046383790871632,0.3710257052344554,val,1
S37404,282,16,2026-06-09,49,30,0.0030547790568672,0.0,0.3707753166818925,val,1
S39387,282,16,2026-06-09,36,24,0.0028045351974765,0.0,0.3807131824024206,val,1
S42355,282,16,2026-06-09,32,23,0.0029198287858407,0.0,0.3844211729798782,val,1
S00263,282,16,2026-06-09,35,23,0.0026401989781965,0.0,0.3922406995783323,val,2
S02401,282,16,2026-06-09,34,26,0.0021822690061217,0.0,0.3525297286568704,val,2
S03665,282,16,2026-06-09,60,17,0.0029166360620638,0.0,0.3311861942578553,val,2
S04402,282,16,2026-06-09,63,21,0.0030110506797775,0.0,0.3402402845131533,val,2
S04770,282,16,2026-06-09,35,26,0.0024120102455727,0.0,0.4083077305659707,val,2
S06169,282,16,2026-06-09,49,20,0.0025802852785175,0.0120893688960241,0.3299178266211271,val,2
S07483,282,16,2026-06-09,46,13,0.0023177648775086,0.010247754713702,0.357418911699489,val,2
S08767,282,16,2026-06-09,58,18,0.0028885645895187,0.0,0.3422712007347201,val,2
S09655,282,16,2026-06-09,49,19,0.0027731758832679,0.0,0.3525908900664762,val,2
S10331,282,16,2026-06-09,53,14,0.0023447254932696,0.0,0.2763462914817161,val,2
S16888,282,16,2026-06-09,41,15,0.0020036078180112,0.0,0.3320962002402647,val,2
S20082,282,16,2026-06-09,56,25,0.0029627968804748,0.0,0.3489814640839763,val,2
S23128,282,16,2026-06-09,36,19,0.0028049330469471,0.0,0.3465048071280308,val,2
S24968,282,16,2026-06-09,43,24,0.0027208034203817,0.0061530461911777,0.4046261532555673,val,2
S24972,282,16,2026-06-09,50,15,0.0020794044723704,0.0204564631310325,0.3057539715785198,val,2
S25872,282,16,2026-06-09,46,14,0.002326839444287,0.0,0.3497600910460438,val,2
S26329,282,16,2026-06-09,52,15,0.0024965715863911,0.0,0.3582135938710255,val,2
S27391,282,16,2026-06-09,19,25,0.0029011181759068,0.0,0.3929956569848571,val,2
S29570,282,16,2026-06-09,58,24,0.0029330189063759,0.0,0.3887662425196114,val,2
S29571,282,16,2026-06-09,29,18,0.0026412840830887,0.0,0.347274632594801,val,2
S29573,282,16,2026-06-09,53,21,0.0028899174665266,0.0046383790871632,0.3710257052344554,val,2
S37404,282,16,2026-06-09,47,30,0.0029778047113745,0.0,0.3707753166818925,val,2
S39387,282,16,2026-06-09,34,24,0.0026701438119614,0.0,0.3807131824024206,val,2
S42355,282,16,2026-06-09,34,23,0.0025357514067416,0.0,0.3844211729798782,val,2
S00263,282,16,2026-06-09,28,23,0.0028928916703606,0.0,0.3922406995783323,val,3
S02401,282,16,2026-06-09,43,26,0.0021621644729151,0.0,0.3525297286568704,val,3
S03665,282,16,2026-06-09,54,17,0.0024020422517811,0.0,0.3311861942578553,val,3
S04402,282,16,2026-06-09,60,21,0.0029887450768434,0.0,0.3402402845131533,val,3
S04770,282,16,2026-06-09,44,26,0.0020447028096873,0.0,0.4083077305659707,val,3
S06169,282,16,2026-06-09,55,20,0.0025454721051431,0.0120893688960241,0.3299178266211271,val,3
S07483,282,16,2026-06-09,40,13,0.0025634383876978,0.010247754713702,0.357418911699489,val,3
S08767,282,16,2026-06-09,64,18,0.0027671340849982,0.0,0.3422712007347201,val,3
S09655,282,16,2026-06-09,37,19,0.0025909099756534,0.0,0.3525908900664762,val,3
S10331,282,16,2026-06-09,48,13,0.0023059504417736,0.0,0.2763462914817161,val,3
S16888,282,16,2026-06-09,34,15,0.0026666441161111,0.0,0.3320962002402647,val,3
S20082,282,16,2026-06-09,49,25,0.0028684171051387,0.0,0.3489814640839763,val,3
S23128,282,16,2026-06-09,30,19,0.0023547588472719,0.0,0.3465048071280308,val,3
S24968,282,16,2026-06-09,49,24,0.0029787728789282,0.0061530461911777,0.4046261532555673,val,3
S24972,282,16,2026-06-09,43,15,0.0021776706383313,0.0204564631310325,0.3057539715785198,val,3
S25872,282,16,2026-06-09,52,14,0.0017064025213461,0.0,0.3497600910460438,val,3
S26329,282,16,2026-06-09,47,15,0.0023874112381838,0.0,0.3582135938710255,val,3
S27391,282,16,2026-06-09,15,24,0.0029968503682804,0.0,0.3929956569848571,val,3
S29570,282,16,2026-06-09,64,24,0.0030330463374519,0.0,0.3887662425196114,val,3
S29571,282,16,2026-06-09,35,18,0.0026197137130259,0.0,0.347274632594801,val,3
S29573,282,16,2026-06-09,46,21,0.0027890324038978,0.0046383790871632,0.3710257052344554,val,3
S37404,282,16,2026-06-09,56,29,0.0030850398877938,0.0,0.3707753166818925,val,3
S39387,282,16,2026-06-09,40,24,0.0022085880443346,0.0,0.3807131824024206,val,3
S42355,282,16,2026-06-09,27,23,0.0028595089979023,0.0,0.3844211729798782,val,3
S00263,282,16,2026-06-09,31,23,0.0027658046810879,0.0,0.3922406995783323,val,4
S02401,282,16,2026-06-09,41,26,0.0022153813896244,0.0,0.3525297286568704,val,4
S03665,282,16,2026-06-09,56,17,0.0026864897328718,0.0,0.3311861942578553,val,4
S04402,282,16,2026-06-09,61,21,0.0029960175554305,0.0,0.3402402845131533,val,4
S04770,282,16,2026-06-09,42,26,0.0019715799777239,0.0,0.4083077305659707,val,4
S06169,282,16,2026-06-09,53,20,0.0026427167427477,0.0120893688960241,0.3299178266211271,val,4
S07483,282,16,2026-06-09,42,13,0.0027644779549258,0.010247754713702,0.357418911699489,val,4
S08767,282,16,2026-06-09,62,18,0.003010556612253,0.0,0.3422712007347201,val,4
S09655,282,16,2026-06-09,45,19,0.0020891588421536,0.0,0.3525908900664762,val,4
S10331,282,16,2026-06-09,51,13,0.0021593234607956,0.0,0.2763462914817161,val,4
S16888,282,16,2026-06-09,36,15,0.0025220860309484,0.0,0.3320962002402647,val,4
S20082,282,16,2026-06-09,52,25,0.002888760095188,0.0,0.3489814640839763,val,4
S23128,282,16,2026-06-09,32,19,0.0028901641943082,0.0,0.3465048071280308,val,4
S24968,282,16,2026-06-09,47,24,0.0029393146078866,0.0061530461911777,0.4046261532555673,val,4
S24972,282,16,2026-06-09,46,15,0.0020171570034091,0.0204564631310325,0.3057539715785198,val,4
S25872,282,16,2026-06-09,50,14,0.0022957858851021,0.0,0.3497600910460438,val,4
S26329,282,16,2026-06-09,49,15,0.0022688059231218,0.0,0.3582135938710255,val,4
S27391,282,16,2026-06-09,15,25,0.0030157072437665,0.0,0.3929956569848571,val,4
S29570,282,16,2026-06-09,62,24,0.0030844675117845,0.0,0.3887662425196114,val,4
S29571,282,16,2026-06-09,33,18,0.0021313065472883,0.0,0.347274632594801,val,4
S29573,282,16,2026-06-09,48,21,0.0028121804666166,0.0046383790871632,0.3710257052344554,val,4
S37404,282,16,2026-06-09,51,30,0.0030063191063008,0.0,0.3707753166818925,val,4
S39387,282,16,2026-06-09,38,24,0.0020215105676077,0.0,0.3807131824024206,val,4
S42355,282,16,2026-06-09,30,23,0.0029294172511559,0.0,0.3844211729798782,val,4
S00750,282,17,2026-06-09,56,21,0.0024252035138607,0.0,0.2563605068102135,val,1
S11257,282,17,2026-06-09,57,28,0.0019296208816878,0.0161446006775256,0.2733070209278032,val,1
S16345,282,17,2026-06-09,44,30,0.0013326083546122,0.0018943292092604,0.2351319414590705,val,1
S20847,282,17,2026-06-09,54,13,0.0017192321798964,0.0,0.2513718390650686,val,1
S23399,282,17,2026-06-09,22,23,0.0020866037519166,0.0,0.2548706873971626,val,1
S24076,282,17,2026-06-09,56,24,0.0022113343612208,0.0,0.2957052753323839,val,1
S28254,282,17,2026-06-09,18,20,0.0025128071644321,0.0,0.2952673377775351,val,1
S32474,282,17,2026-06-09,57,24,0.0023875206343234,0.0054157131960335,0.2865644958048221,val,1
S36107,282,17,2026-06-09,48,24,0.0017425240135672,0.0,0.2757026593568223,val,1
S41533,282,17,2026-06-09,15,21,0.0024531293567536,0.0,0.2919687614088544,val,1
S00750,282,17,2026-06-09,58,21,0.0025948451425617,0.0,0.2563605068102135,val,2
S11257,282,17,2026-06-09,55,28,0.0017971713426652,0.0161446006775256,0.2733070209278032,val,2
S16345,282,17,2026-06-09,42,30,0.0013981491596948,0.0018943292092604,0.2351319414590705,val,2
S20847,282,17,2026-06-09,57,14,0.0018114290101962,0.0,0.2513718390650686,val,2
S23399,282,17,2026-06-09,25,23,0.0017455349096897,0.0,0.2548706873971626,val,2
S24076,282,17,2026-06-09,54,24,0.0019578910527951,0.0,0.2957052753323839,val,2
S28254,282,17,2026-06-09,16,20,0.0027647920947272,0.0,0.2952673377775351,val,2
S32474,282,17,2026-06-09,55,24,0.0020815042607453,0.0054157131960335,0.2865644958048221,val,2
S36107,282,17,2026-06-09,33,24,0.0017200521959022,0.0,0.2757026593568223,val,2
S41533,282,17,2026-06-09,17,21,0.0024653149113301,0.0,0.2919687614088544,val,2
S00750,282,17,2026-06-09,51,21,0.0018891295241171,0.0,0.2563605068102135,val,3
S11257,282,17,2026-06-09,59,27,0.002137027242256,0.0161446006775256,0.2733070209278032,val,3
S16345,282,17,2026-06-09,48,30,0.0016023692979428,0.0018943292092604,0.2351319414590705,val,3
S20847,282,17,2026-06-09,44,11,0.0017391272974513,0.0,0.2513718390650686,val,3
S23399,282,17,2026-06-09,18,23,0.0024658740032328,0.0,0.2548706873971626,val,3
S24076,282,17,2026-06-09,60,24,0.0023362730278794,0.0,0.2957052753323839,val,3
S28254,282,17,2026-06-09,22,20,0.0020384736783427,0.0,0.2952673377775351,val,3
S32474,282,17,2026-06-09,62,24,0.002491811936977,0.0054157131960335,0.2865644958048221,val,3
S36107,282,17,2026-06-09,52,24,0.0018078248758585,0.0,0.2757026593568223,val,3
S41533,282,17,2026-06-09,14,20,0.0025924173281856,0.0,0.2919687614088544,val,3
S00750,282,17,2026-06-09,53,21,0.0021813025494042,0.0,0.2563605068102135,val,4
S11257,282,17,2026-06-09,61,27,0.0021645991220541,0.0161446006775256,0.2733070209278032,val,4
S16345,282,17,2026-06-09,46,30,0.0012848539429973,0.0018943292092604,0.2351319414590705,val,4
S20847,282,17,2026-06-09,46,11,0.001761667752083,0.0,0.2513718390650686,val,4
S23399,282,17,2026-06-09,20,23,0.0021390262776115,0.0,0.2548706873971626,val,4
S24076,282,17,2026-06-09,58,24,0.0021984765481911,0.0,0.2957052753323839,val,4
S28254,282,17,2026-06-09,20,20,0.0024014460554483,0.0,0.2952673377775351,val,4
S32474,282,17,2026-06-09,59,24,0.0023080335025373,0.0054157131960335,0.2865644958048221,val,4
S36107,282,17,2026-06-09,50,24,0.0015388952601553,0.0,0.2757026593568223,val,4
S41533,282,17,2026-06-09,13,21,0.0023311289906512,0.0,0.2919687614088544,val,4
S02100,282,18,2026-06-08,42,30,0.0028027278287148,0.0,0.392882400845143,val,1
S02403,282,18,2026-06-08,53,21,0.0028883538245175,0.0,0.349125296973956,val,1
S03663,282,18,2026-06-08,35,27,0.0029298510426954,0.0,0.4604880985104172,val,1
S04405,282,18,2026-06-08,29,18,0.002932366801989,0.0,0.3976347534721736,val,1
S07815,282,18,2026-06-08,37,22,0.0027783726636773,0.0148926288122497,0.4160905296081666,val,1
S08768,282,18,2026-06-08,39,24,0.0029257413654167,0.0,0.497183397332356,val,1
S09654,282,18,2026-06-08,55,17,0.0029584316005512,0.0,0.4028372824513564,val,1
S10758,282,18,2026-06-08,22,20,0.0030796533772076,0.0,0.4878154802475576,val,1
S11253,282,18,2026-06-08,34,13,0.0028993077915745,0.0235629895128103,0.4038027107652457,val,1
S14273,282,18,2026-06-08,38,25,0.0029223215837382,0.0,0.4796275383052986,val,1
S16035,282,18,2026-06-08,52,28,0.002887059078727,0.0,0.4033739880473764,val,1
S20075,282,18,2026-06-08,35,30,0.0028192776422675,0.0038905327759773,0.4151886527801123,val,1
S20083,282,18,2026-06-08,45,26,0.0028389073291516,0.0019568469958264,0.4219168698517831,val,1
S20084,282,18,2026-06-08,36,27,0.0029024270616328,0.0077636537597875,0.4613184376143288,val,1
S20460,282,18,2026-06-08,49,29,0.0029032161843627,0.0,0.4473902255931212,val,1
S20940,282,18,2026-06-08,34,29,0.0030443553551949,0.0043746149106592,0.4406839791606773,val,1
S21797,282,18,2026-06-08,26,13,0.0022928037479123,0.0,0.3418644370843549,val,1
S22737,282,18,2026-06-08,53,26,0.0028831084212445,0.0,0.3484236244300664,val,1
S22916,282,18,2026-06-08,34,12,0.0027242361607469,0.0111868908546604,0.4500049524744611,val,1
S23127,282,18,2026-06-08,30,20,0.0030816331537522,0.0,0.4378958904997179,val,1
S26227,282,18,2026-06-08,55,26,0.0029934533551059,0.0,0.375260388114194,val,1
S27388,282,18,2026-06-08,43,16,0.0028839037489739,0.0,0.3949020951060362,val,1
S28878,282,18,2026-06-08,57,19,0.0029526884091424,0.0,0.3943035033609156,val,1
S30113,282,18,2026-06-08,25,13,0.0019880202000923,0.0,0.4015612631319924,val,1
S33054,282,18,2026-06-08,49,15,0.0029346583164546,0.0,0.4127252432923647,val,1
S34535,282,18,2026-06-08,58,23,0.0028704705347097,0.0,0.3973565984242699,val,1
S38556,282,18,2026-06-08,24,14,0.0028013539167144,0.0170327975598889,0.408574990558999,val,1
S41525,282,18,2026-06-08,56,25,0.0028848159428811,0.0071730368862958,0.4330377137290955,val,1
S42546,282,18,2026-06-08,40,24,0.002790336231003,0.0,0.4827960780097625,val,1
S02100,282,18,2026-06-08,40,30,0.0028118101941953,0.0,0.392882400845143,val,2
S02403,282,18,2026-06-08,55,21,0.0029197933592752,0.0,0.349125296973956,val,2
S03663,282,18,2026-06-08,37,27,0.00272886290192,0.0,0.4604880985104172,val,2
S04405,282,18,2026-06-08,26,18,0.0029038236976918,0.0,0.3976347534721736,val,2
S07815,282,18,2026-06-08,35,22,0.0027664874562484,0.0148926288122497,0.4160905296081666,val,2
S08768,282,18,2026-06-08,37,24,0.0028680948761189,0.0,0.497183397332356,val,2
S09654,282,18,2026-06-08,57,17,0.0029187365134865,0.0,0.4028372824513564,val,2
S10758,282,18,2026-06-08,20,20,0.0030437793302783,0.0,0.4878154802475576,val,2
S11253,282,18,2026-06-08,36,13,0.0029758336193032,0.0235629895128103,0.4038027107652457,val,2
S14273,282,18,2026-06-08,40,25,0.0028755801982451,0.0,0.4796275383052986,val,2
S16035,282,18,2026-06-08,50,28,0.0029076426144491,0.0,0.4033739880473764,val,2
S20075,282,18,2026-06-08,33,30,0.0028868240148837,0.0038905327759773,0.4151886527801123,val,2
S20083,282,18,2026-06-08,43,26,0.0028923383981577,0.0019568469958264,0.4219168698517831,val,2
S20084,282,18,2026-06-08,38,27,0.0029083162070323,0.0077636537597875,0.4613184376143288,val,2
S20460,282,18,2026-06-08,51,29,0.0028005655554639,0.0,0.4473902255931212,val,2
S20940,282,18,2026-06-08,36,29,0.0029782996872426,0.0043746149106592,0.4406839791606773,val,2
S21797,282,18,2026-06-08,23,13,0.001753828151779,0.0,0.3418644370843549,val,2
S22737,282,18,2026-06-08,51,26,0.0028992269861213,0.0,0.3484236244300664,val,2
S22916,282,18,2026-06-08,32,12,0.002634857862757,0.0111868908546604,0.4500049524744611,val,2
S23127,282,18,2026-06-08,28,20,0.0030426456790305,0.0,0.4378958904997179,val,2
S26227,282,18,2026-06-08,52,26,0.0028855992447897,0.0,0.375260388114194,val,2
S27388,282,18,2026-06-08,41,16,0.0028582204922662,0.0,0.3949020951060362,val,2
S28878,282,18,2026-06-08,59,19,0.0029628153115127,0.0,0.3943035033609156,val,2
S30113,282,18,2026-06-08,22,14,0.0018432784401586,0.0,0.4015612631319924,val,2
S33054,282,18,2026-06-08,51,15,0.0026467126458516,0.0,0.4127252432923647,val,2
S34535,282,18,2026-06-08,60,23,0.0029502618095398,0.0,0.3973565984242699,val,2
S38556,282,18,2026-06-08,20,15,0.0024118222795023,0.0170327975598889,0.408574990558999,val,2
S41525,282,18,2026-06-08,58,25,0.0029736443565315,0.0071730368862958,0.4330377137290955,val,2
S42546,282,18,2026-06-08,38,24,0.0028698405625551,0.0,0.4827960780097625,val,2
S02100,282,18,2026-06-08,47,30,0.0028402930839264,0.0,0.392882400845143,val,3
S02403,282,18,2026-06-08,49,21,0.0027970168984345,0.0,0.349125296973956,val,3
S03663,282,18,2026-06-08,31,27,0.0028974872473967,0.0,0.4604880985104172,val,3
S04405,282,18,2026-06-08,33,18,0.0029137803691882,0.0,0.3976347534721736,val,3
S07815,282,18,2026-06-08,41,22,0.0027499026089969,0.0148926288122497,0.4160905296081666,val,3
S08768,282,18,2026-06-08,43,24,0.0028361103428712,0.0,0.497183397332356,val,3
S09654,282,18,2026-06-08,53,17,0.002894475829521,0.0,0.4028372824513564,val,3
S10758,282,18,2026-06-08,26,20,0.0030098676604172,0.0,0.4878154802475576,val,3
S11253,282,18,2026-06-08,29,13,0.002758260118211,0.0235629895128103,0.4038027107652457,val,3
S14273,282,18,2026-06-08,33,25,0.0029659155648466,0.0,0.4796275383052986,val,3
S16035,282,18,2026-06-08,56,28,0.0028022224918096,0.0,0.4033739880473764,val,3
S20075,282,18,2026-06-08,39,30,0.002743547404389,0.0038905327759773,0.4151886527801123,val,3
S20083,282,18,2026-06-08,49,26,0.0028036774486453,0.0019568469958264,0.4219168698517831,val,3
S20084,282,18,2026-06-08,32,27,0.0029499104499638,0.0077636537597875,0.4613184376143288,val,3
S20460,282,18,2026-06-08,45,29,0.0028855931396358,0.0,0.4473902255931212,val,3
S20940,282,18,2026-06-08,30,29,0.0029617282448661,0.0043746149106592,0.4406839791606773,val,3
S21797,282,18,2026-06-08,30,12,0.0020522638234016,0.0,0.3418644370843549,val,3
S22737,282,18,2026-06-08,58,26,0.0029173752955343,0.0,0.3484236244300664,val,3
S22916,282,18,2026-06-08,38,12,0.0023972823387436,0.0111868908546604,0.4500049524744611,val,3
S23127,282,18,2026-06-08,37,20,0.0027566337870501,0.0,0.4378958904997179,val,3
S26227,282,18,2026-06-08,59,26,0.0028552330698415,0.0,0.375260388114194,val,3
S27388,282,18,2026-06-08,47,16,0.0028441782902969,0.0,0.3949020951060362,val,3
S28878,282,18,2026-06-08,53,19,0.0028645376075158,0.0,0.3943035033609156,val,3
S30113,282,18,2026-06-08,29,12,0.0016412669389066,0.0,0.4015612631319924,val,3
S33054,282,18,2026-06-08,45,15,0.0026451610608018,0.0,0.4127252432923647,val,3
S34535,282,18,2026-06-08,54,23,0.0029307496597999,0.0,0.3973565984242699,val,3
S38556,282,18,2026-06-08,28,14,0.0029378847440943,0.0170327975598889,0.408574990558999,val,3
S41525,282,18,2026-06-08,51,25,0.0029270392643375,0.0071730368862958,0.4330377137290955,val,3
S42546,282,18,2026-06-08,44,24,0.0029471379394547,0.0,0.4827960780097625,val,3
S02100,282,18,2026-06-08,45,30,0.0027749807957281,0.0,0.392882400845143,val,4
S02403,282,18,2026-06-08,51,21,0.0028714048115929,0.0,0.349125296973956,val,4
S03663,282,18,2026-06-08,33,27,0.0029490226421813,0.0,0.4604880985104172,val,4
S04405,282,18,2026-06-08,31,18,0.003003057999951,0.0,0.3976347534721736,val,4
S07815,282,18,2026-06-08,39,22,0.0028318684659347,0.0148926288122497,0.4160905296081666,val,4
S08768,282,18,2026-06-08,41,24,0.0029502439404065,0.0,0.497183397332356,val,4
S09654,282,18,2026-06-08,54,17,0.0029829763537117,0.0,0.4028372824513564,val,4
S10758,282,18,2026-06-08,24,20,0.0030009082158838,0.0,0.4878154802475576,val,4
S11253,282,18,2026-06-08,31,13,0.0028446693313177,0.0235629895128103,0.4038027107652457,val,4
S14273,282,18,2026-06-08,36,25,0.0029824442296773,0.0,0.4796275383052986,val,4
S16035,282,18,2026-06-08,54,28,0.0026282994890131,0.0,0.4033739880473764,val,4
S20075,282,18,2026-06-08,37,30,0.0027755106816203,0.0038905327759773,0.4151886527801123,val,4
S20083,282,18,2026-06-08,47,26,0.0028856078220812,0.0019568469958264,0.4219168698517831,val,4
S20084,282,18,2026-06-08,34,27,0.002929435712275,0.0077636537597875,0.4613184376143288,val,4
S20460,282,18,2026-06-08,47,29,0.0029173970567186,0.0,0.4473902255931212,val,4
S20940,282,18,2026-06-08,32,29,0.0029328843715906,0.0043746149106592,0.4406839791606773,val,4
S21797,282,18,2026-06-08,28,12,0.0018155462425304,0.0,0.3418644370843549,val,4
S22737,282,18,2026-06-08,56,26,0.0028746008345298,0.0,0.3484236244300664,val,4
S22916,282,18,2026-06-08,36,12,0.0025819324025188,0.0111868908546604,0.4500049524744611,val,4
S23127,282,18,2026-06-08,33,20,0.0029163233760798,0.0,0.4378958904997179,val,4
S26227,282,18,2026-06-08,57,26,0.0029402634064626,0.0,0.375260388114194,val,4
S27388,282,18,2026-06-08,45,16,0.0027772733670154,0.0,0.3949020951060362,val,4
S28878,282,18,2026-06-08,55,19,0.0029097794628542,0.0,0.3943035033609156,val,4
S30113,282,18,2026-06-08,27,12,0.0017421111304081,0.0,0.4015612631319924,val,4
S33054,282,18,2026-06-08,47,15,0.002610001443705,0.0,0.4127252432923647,val,4
S34535,282,18,2026-06-08,56,23,0.0028800130222695,0.0,0.3973565984242699,val,4
S38556,282,18,2026-06-08,26,14,0.0027855038166063,0.0170327975598889,0.408574990558999,val,4
S41525,282,18,2026-06-08,54,25,0.0028682310191642,0.0071730368862958,0.4330377137290955,val,4
S42546,282,18,2026-06-08,42,24,0.0028749542565645,0.0,0.4827960780097625,val,4
S03818,282,19,2026-06-08,25,13,0.0029600208933488,0.0,0.3054700179876747,val,1
S07157,282,19,2026-06-08,35,12,0.0028095211493783,0.0,0.3549564992744228,val,1
S12875,282,19,2026-06-08,45,25,0.0031095585343136,0.0,0.3535458116778617,val,1
S13441,282,19,2026-06-08,54,29,0.0026515216528515,0.0,0.2868225743201025,val,1
S16810,282,19,2026-06-08,63,23,0.0031200853980455,0.0,0.3901113256008007,val,1
S16874,282,19,2026-06-08,41,15,0.0028163675519096,0.0052439436144171,0.3615008716366478,val,1
S18058,282,19,2026-06-08,25,30,0.0027774516860382,0.0,0.3315714635837852,val,1
S19422,282,19,2026-06-08,50,31,0.0022459165655467,0.0,0.2865983481426104,val,1
S23219,282,19,2026-06-08,17,19,0.0033690711377526,0.0,0.4806700692189563,val,1
S23227,282,19,2026-06-08,34,31,0.0022584244151539,0.0,0.327416455087495,val,1
S24109,282,19,2026-06-08,40,29,0.0028924354328034,0.0,0.3614812836061158,val,1
S26471,282,19,2026-06-08,44,20,0.0031296017455356,0.0,0.380960493524873,val,1
S27387,282,19,2026-06-08,30,21,0.0032981196389022,0.0,0.4148794243079106,val,1
S30201,282,19,2026-06-08,51,26,0.0028528726610205,0.0118663243229344,0.3203595646653019,val,1
S33788,282,19,2026-06-08,32,30,0.0026521759230802,0.0,0.4004699622951415,val,1
S34290,282,19,2026-06-08,27,26,0.0032075997179116,0.0,0.443577890502752,val,1
S34905,282,19,2026-06-08,62,23,0.0030986224490421,0.0,0.3949944545402767,val,1
S38902,282,19,2026-06-08,36,26,0.0030556766265419,0.0,0.4303712888082041,val,1
S40606,282,19,2026-06-08,62,21,0.0032779051819579,0.0021593392508787,0.4195827803408374,val,1
S41315,282,19,2026-06-08,41,32,0.0022762807619907,0.0,0.3009553913361111,val,1
S42512,282,19,2026-06-08,20,25,0.0033176223410074,0.0,0.4213034874593145,val,1
S03818,282,19,2026-06-08,23,13,0.002797850715851,0.0,0.3054700179876747,val,2
S07157,282,19,2026-06-08,33,12,0.0026567502071154,0.0,0.3549564992744228,val,2
S12875,282,19,2026-06-08,47,25,0.0030747535989784,0.0,0.3535458116778617,val,2
S13441,282,19,2026-06-08,56,29,0.002842506097775,0.0,0.2868225743201025,val,2
S16810,282,19,2026-06-08,65,23,0.0030390790217171,0.0,0.3901113256008007,val,2
S16874,282,19,2026-06-08,43,15,0.0028923948664424,0.0052439436144171,0.3615008716366478,val,2
S18058,282,19,2026-06-08,27,31,0.002396941957901,0.0,0.3315714635837852,val,2
S19422,282,19,2026-06-08,44,32,0.0023325660670529,0.0,0.2865983481426104,val,2
S23219,282,19,2026-06-08,19,19,0.0032791167498148,0.0,0.4806700692189563,val,2
S23227,282,19,2026-06-08,36,31,0.0023125268131947,0.0,0.327416455087495,val,2
S24109,282,19,2026-06-08,42,29,0.002894590257481,0.0,0.3614812836061158,val,2
S26471,282,19,2026-06-08,42,20,0.0028645177401036,0.0,0.380960493524873,val,2
S27387,282,19,2026-06-08,32,21,0.0030849362780053,0.0,0.4148794243079106,val,2
S30201,282,19,2026-06-08,49,26,0.0028611478793322,0.0118663243229344,0.3203595646653019,val,2
S33788,282,19,2026-06-08,30,30,0.0025439223011975,0.0,0.4004699622951415,val,2
S34290,282,19,2026-06-08,25,26,0.0031920152178982,0.0,0.443577890502752,val,2
S34905,282,19,2026-06-08,64,23,0.003085350612771,0.0,0.3949944545402767,val,2
S38902,282,19,2026-06-08,34,26,0.0031119405357929,0.0,0.4303712888082041,val,2
S40606,282,19,2026-06-08,64,21,0.0031029664186984,0.0021593392508787,0.4195827803408374,val,2
S41315,282,19,2026-06-08,39,32,0.0022178935428335,0.0,0.3009553913361111,val,2
S42512,282,19,2026-06-08,21,25,0.003248915718504,0.0,0.4213034874593145,val,2
S03818,282,19,2026-06-08,31,12,0.0025355922714577,0.0,0.3054700179876747,val,3
S07157,282,19,2026-06-08,39,12,0.0025426425933287,0.0,0.3549564992744228,val,3
S12875,282,19,2026-06-08,41,25,0.003056553419168,0.0,0.3535458116778617,val,3
S13441,282,19,2026-06-08,50,29,0.0028406879177886,0.0,0.2868225743201025,val,3
S16810,282,19,2026-06-08,59,23,0.0031509080092338,0.0,0.3901113256008007,val,3
S16874,282,19,2026-06-08,37,15,0.0029693479236794,0.0052439436144171,0.3615008716366478,val,3
S18058,282,19,2026-06-08,20,29,0.0029388633721479,0.0,0.3315714635837852,val,3
S19422,282,19,2026-06-08,58,29,0.0027623285916586,0.0,0.2865983481426104,val,3
S23219,282,19,2026-06-08,15,18,0.0031335954399771,0.0,0.4806700692189563,val,3
S23227,282,19,2026-06-08,28,30,0.0026030327347847,0.0,0.327416455087495,val,3
S24109,282,19,2026-06-08,36,29,0.0029141886557013,0.0,0.3614812836061158,val,3
S26471,282,19,2026-06-08,48,20,0.0030430732114014,0.0,0.380960493524873,val,3
S27387,282,19,2026-06-08,26,21,0.0032282050798816,0.0,0.4148794243079106,val,3
S30201,282,19,2026-06-08,55,26,0.003084865241826,0.0118663243229344,0.3203595646653019,val,3
S33788,282,19,2026-06-08,36,30,0.0026666115385527,0.0,0.4004699622951415,val,3
S34290,282,19,2026-06-08,31,26,0.0031281548194497,0.0,0.443577890502752,val,3
S34905,282,19,2026-06-08,58,23,0.0032770777974822,0.0,0.3949944545402767,val,3
S38902,282,19,2026-06-08,40,26,0.0030699974928086,0.0,0.4303712888082041,val,3
S40606,282,19,2026-06-08,58,21,0.0032368402350063,0.0021593392508787,0.4195827803408374,val,3
S41315,282,19,2026-06-08,46,31,0.0022205881455473,0.0,0.3009553913361111,val,3
S42512,282,19,2026-06-08,18,25,0.003245399150315,0.0,0.4213034874593145,val,3
S03818,282,19,2026-06-08,28,12,0.0025322632907231,0.0,0.3054700179876747,val,4
S07157,282,19,2026-06-08,37,12,0.0027023139111482,0.0,0.3549564992744228,val,4
S12875,282,19,2026-06-08,43,25,0.0030480940842052,0.0,0.3535458116778617,val,4
S13441,282,19,2026-06-08,52,29,0.0027025325578662,0.0,0.2868225743201025,val,4
S16810,282,19,2026-06-08,61,23,0.0032578023255907,0.0,0.3901113256008007,val,4
S16874,282,19,2026-06-08,39,15,0.0027889239140411,0.0052439436144171,0.3615008716366478,val,4
S18058,282,19,2026-06-08,22,29,0.0029523560559273,0.0,0.3315714635837852,val,4
S19422,282,19,2026-06-08,54,30,0.0024377995160883,0.0,0.2865983481426104,val,4
S23219,282,19,2026-06-08,15,19,0.0032990754915305,0.0,0.4806700692189563,val,4
S23227,282,19,2026-06-08,32,31,0.0022472068908014,0.0,0.327416455087495,val,4
S24109,282,19,2026-06-08,38,29,0.0029002063803914,0.0,0.3614812836061158,val,4
S26471,282,19,2026-06-08,46,20,0.0028986717206916,0.0,0.380960493524873,val,4
S27387,282,19,2026-06-08,28,21,0.003244243731608,0.0,0.4148794243079106,val,4
S30201,282,19,2026-06-08,53,26,0.0028367320988073,0.0118663243229344,0.3203595646653019,val,4
S33788,282,19,2026-06-08,34,30,0.0026487365972106,0.0,0.4004699622951415,val,4
S34290,282,19,2026-06-08,29,26,0.0031504875012056,0.0,0.443577890502752,val,4
S34905,282,19,2026-06-08,60,23,0.0032540765114319,0.0,0.3949944545402767,val,4
S38902,282,19,2026-06-08,38,26,0.0030452921332283,0.0,0.4303712888082041,val,4
S40606,282,19,2026-06-08,60,21,0.003069806146632,0.0021593392508787,0.4195827803408374,val,4
S41315,282,19,2026-06-08,43,32,0.0021168892790336,0.0,0.3009553913361111,val,4
S42512,282,19,2026-06-08,19,25,0.0033185583278467,0.0,0.4213034874593145,val,4
S01771,282,20,2026-06-08,53,15,0.000577220506984,0.0,0.1661141084868822,val,1
S01776,282,20,2026-06-08,38,17,0.0006249364760468,0.0,0.1936452710402477,val,1
S07403,282,20,2026-06-08,42,18,0.0005875710320927,0.0,0.1780018580394576,val,1
S09206,282,20,2026-06-08,51,16,0.0005674872334562,0.0,0.1619779715228006,val,1
S10767,282,20,2026-06-08,21,22,0.0005303822414879,0.0,0.1870301501785588,val,1
S12304,282,20,2026-06-08,54,13,0.0006870769376788,0.0,0.1563841802573339,val,1
S13429,282,20,2026-06-08,32,27,0.0005710629932796,0.0,0.1990599961882893,val,1
S14194,282,20,2026-06-08,48,22,0.0006530990159427,0.0,0.1938653447548982,val,1
S16266,282,20,2026-06-08,60,20,0.0006217246124727,0.0,0.1423236080776241,val,1
S17166,282,20,2026-06-08,46,31,0.0005893867411556,0.0,0.1809299179604536,val,1
S18991,282,20,2026-06-08,52,21,0.0006094283093251,0.0,0.194354703309067,val,1
S21343,282,20,2026-06-08,41,11,0.0007813909985226,0.0,0.2008158410192366,val,1
S22285,282,20,2026-06-08,25,17,0.0004863068915484,0.0,0.1840275161046608,val,1
S23382,282,20,2026-06-08,62,19,0.0006504773445741,0.0,0.1789725320422136,val,1
S23387,282,20,2026-06-08,36,20,0.0005235615341865,0.0,0.195165486365532,val,1
S23741,282,20,2026-06-08,44,32,0.0009975696578915,0.0,0.1796190426709102,val,1
S26409,282,20,2026-06-08,51,18,0.00048511680712,0.0,0.1330800210021549,val,1
S28141,282,20,2026-06-08,24,14,0.0005652845905616,0.0,0.1396793158738242,val,1
S29594,282,20,2026-06-08,36,21,0.0005762633449539,0.0,0.2176401641197099,val,1
S29595,282,20,2026-06-08,33,12,0.0005755584020583,0.0,0.1204259602920353,val,1
S29993,282,20,2026-06-08,45,17,0.0005301028242787,0.0,0.2145716927809468,val,1
S34247,282,20,2026-06-08,34,24,0.0005489339378907,0.0,0.1969036292477815,val,1
S39041,282,20,2026-06-08,56,24,0.0005109408987633,0.0,0.1987403336348988,val,1
S41218,282,20,2026-06-08,37,17,0.000579136697098,0.0,0.2173040365550471,val,1
S42781,282,20,2026-06-08,55,22,0.0007350642038913,0.0,0.2024180307842622,val,1
S01771,282,20,2026-06-08,55,15,0.0006292981662454,0.0,0.1661141084868822,val,2
S01776,282,20,2026-06-08,40,17,0.0005146806720226,0.0,0.1936452710402477,val,2
S07403,282,20,2026-06-08,40,18,0.0005440235035478,0.0,0.1780018580394576,val,2
S09206,282,20,2026-06-08,49,16,0.0005146834767167,0.0,0.1619779715228006,val,2
S10767,282,20,2026-06-08,19,22,0.0005265546587022,0.0,0.1870301501785588,val,2
S12304,282,20,2026-06-08,59,15,0.0007700879261546,0.0,0.1563841802573339,val,2
S13429,282,20,2026-06-08,34,27,0.0005604937926498,0.0,0.1990599961882893,val,2
S14194,282,20,2026-06-08,46,22,0.0005581683179018,0.0,0.1938653447548982,val,2
S16266,282,20,2026-06-08,58,20,0.0005800558650404,0.0,0.1423236080776241,val,2
S17166,282,20,2026-06-08,48,31,0.0007482295799229,0.0,0.1809299179604536,val,2
S18991,282,20,2026-06-08,54,21,0.0007168731445053,0.0,0.194354703309067,val,2
S21343,282,20,2026-06-08,44,11,0.0009793990680145,0.0,0.2008158410192366,val,2
S22285,282,20,2026-06-08,27,17,0.0005011633412573,0.0,0.1840275161046608,val,2
S23382,282,20,2026-06-08,64,19,0.0007728822841439,0.0,0.1789725320422136,val,2
S23387,282,20,2026-06-08,33,20,0.0005305440991758,0.0,0.195165486365532,val,2
S23741,282,20,2026-06-08,42,32,0.0010064533892907,0.0,0.1796190426709102,val,2
S26409,282,20,2026-06-08,49,18,0.0004817652473221,0.0,0.1330800210021549,val,2
S28141,282,20,2026-06-08,20,15,0.0005778430683011,0.0,0.1396793158738242,val,2
S29594,282,20,2026-06-08,38,21,0.0005300344564547,0.0,0.2176401641197099,val,2
S29595,282,20,2026-06-08,27,13,0.0005514833056205,0.0,0.1204259602920353,val,2
S29993,282,20,2026-06-08,48,17,0.0005274938200189,0.0,0.2145716927809468,val,2
S34247,282,20,2026-06-08,32,24,0.0005253389673632,0.0,0.1969036292477815,val,2
S39041,282,20,2026-06-08,54,24,0.000516449593368,0.0,0.1987403336348988,val,2
S41218,282,20,2026-06-08,39,17,0.0006180393954146,0.0,0.2173040365550471,val,2
S42781,282,20,2026-06-08,53,22,0.0006045720883043,0.0,0.2024180307842622,val,2
S01771,282,20,2026-06-08,49,15,0.0005939365158149,0.0,0.1661141084868822,val,3
S01776,282,20,2026-06-08,34,17,0.0005234793131127,0.0,0.1936452710402477,val,3
S07403,282,20,2026-06-08,47,18,0.0005174435437566,0.0,0.1780018580394576,val,3
S09206,282,20,2026-06-08,55,16,0.0005333465966542,0.0,0.1619779715228006,val,3
S10767,282,20,2026-06-08,26,22,0.0006108754841853,0.0,0.1870301501785588,val,3
S12304,282,20,2026-06-08,50,12,0.0007486916793816,0.0,0.1563841802573339,val,3
S13429,282,20,2026-06-08,28,27,0.0005028420010784,0.0,0.1990599961882893,val,3
S14194,282,20,2026-06-08,52,22,0.0005517646038039,0.0,0.1938653447548982,val,3
S16266,282,20,2026-06-08,65,20,0.00063095490924,0.0,0.1423236080776241,val,3
S17166,282,20,2026-06-08,42,31,0.0005385363871088,0.0,0.1809299179604536,val,3
S18991,282,20,2026-06-08,48,21,0.0006783269604368,0.0,0.194354703309067,val,3
S21343,282,20,2026-06-09,43,32,0.000955564446096,0.0,0.2008158410192366,val,3
S22285,282,20,2026-06-08,21,17,0.0005700500511096,0.0,0.1840275161046608,val,3
S23382,282,20,2026-06-08,57,19,0.00058371374602,0.0,0.1789725320422136,val,3
S23387,282,20,2026-06-08,40,20,0.0005367565186844,0.0,0.195165486365532,val,3
S23741,282,20,2026-06-08,50,31,0.000849015917703,0.0,0.1796190426709102,val,3
S26409,282,20,2026-06-08,55,18,0.0005332819439796,0.0,0.1330800210021549,val,3
S28141,282,20,2026-06-08,28,14,0.0005760173745554,0.0,0.1396793158738242,val,3
S29594,282,20,2026-06-08,31,21,0.0006616368347476,0.0,0.2176401641197099,val,3
S29595,282,20,2026-06-08,37,12,0.0005787974494912,0.0,0.1204259602920353,val,3
S29993,282,20,2026-06-08,41,17,0.0005272131696158,0.0,0.2145716927809468,val,3
S34247,282,20,2026-06-08,41,24,0.0005757629402535,0.0,0.1969036292477815,val,3
S39041,282,20,2026-06-08,61,24,0.0005336019015511,0.0,0.1987403336348988,val,3
S41218,282,20,2026-06-08,33,17,0.0005868323153283,0.0,0.2173040365550471,val,3
S42781,282,20,2026-06-08,59,22,0.0006962796606248,0.0,0.2024180307842622,val,3
S01771,282,20,2026-06-08,51,15,0.000606530595624,0.0,0.1661141084868822,val,4
S01776,282,20,2026-06-08,36,17,0.0005544205256428,0.0,0.1936452710402477,val,4
S07403,282,20,2026-06-08,44,18,0.0005683449819566,0.0,0.1780018580394576,val,4
S09206,282,20,2026-06-08,53,16,0.0006559584596354,0.0,0.1619779715228006,val,4
S10767,282,20,2026-06-08,24,22,0.0005734157586488,0.0,0.1870301501785588,val,4
S12304,282,20,2026-06-08,48,12,0.0007622502684891,0.0,0.1563841802573339,val,4
S13429,282,20,2026-06-08,30,27,0.000554075086281,0.0,0.1990599961882893,val,4
S14194,282,20,2026-06-08,50,22,0.0006821691104831,0.0,0.1938653447548982,val,4
S16266,282,20,2026-06-08,62,20,0.0007181381314061,0.0,0.1423236080776241,val,4
S17166,282,20,2026-06-08,44,31,0.0005767349197838,0.0,0.1809299179604536,val,4
S18991,282,20,2026-06-08,50,21,0.0005539488694104,0.0,0.194354703309067,val,4
S21343,282,20,2026-06-09,41,32,0.0008953981382384,0.0,0.2008158410192366,val,4
S22285,282,20,2026-06-08,23,17,0.0004956449441524,0.0,0.1840275161046608,val,4
S23382,282,20,2026-06-08,60,19,0.0005855132013497,0.0,0.1789725320422136,val,4
S23387,282,20,2026-06-08,38,20,0.0005426220008578,0.0,0.195165486365532,val,4
S23741,282,20,2026-06-08,52,31,0.0008841121828623,0.0,0.1796190426709102,val,4
S26409,282,20,2026-06-08,53,18,0.0005220255081609,0.0,0.1330800210021549,val,4
S28141,282,20,2026-06-08,26,14,0.0005278084364284,0.0,0.1396793158738242,val,4
S29594,282,20,2026-06-08,34,21,0.0005010107152473,0.0,0.2176401641197099,val,4
S29595,282,20,2026-06-08,35,12,0.0006199214263921,0.0,0.1204259602920353,val,4
S29993,282,20,2026-06-08,43,17,0.0005259055578114,0.0,0.2145716927809468,val,4
S34247,282,20,2026-06-08,37,24,0.000538596448898,0.0,0.1969036292477815,val,4
S39041,282,20,2026-06-08,59,24,0.0005172417270712,0.0,0.1987403336348988,val,4
S41218,282,20,2026-06-08,35,17,0.0005231224752007,0.0,0.2173040365550471,val,4
S42781,282,20,2026-06-08,57,22,0.0007524542913389,0.0,0.2024180307842622,val,4
S00714,282,21,2026-06-09,19,20,0.0005221054035289,0.0,0.1550977318104963,val,1
S02173,282,21,2026-06-09,26,23,0.0004610019232297,0.0,0.1865236197860703,val,1
S02727,282,21,2026-06-09,27,20,0.0004751010629638,0.0,0.1858978608041191,val,1
S03911,282,21,2026-06-09,63,19,0.0006141203410639,0.0,0.1584646520591341,val,1
S05092,282,21,2026-06-09,50,24,0.0004337818701461,0.0,0.1551312859927263,val,1
S09043,282,21,2026-06-09,34,19,0.0006067560974017,0.0,0.1699216504621619,val,1
S09208,282,21,2026-06-09,57,17,0.0004854641818017,0.0,0.1384354173357584,val,1
S12741,282,21,2026-06-09,56,20,0.0004672460179141,0.0,0.1774563014936237,val,1
S16696,282,21,2026-06-09,40,11,0.000718927628627,0.0,0.1200973446186097,val,1
S19892,282,21,2026-06-09,35,17,0.000446860055846,0.0,0.1327023087397024,val,1
S20317,282,21,2026-06-09,19,17,0.000487379464591,0.0,0.1430496490390954,val,1
S24428,282,21,2026-06-09,36,30,0.0004554982842594,0.0,0.1758799266394632,val,1
S25521,282,21,2026-06-09,37,32,0.0010265558994066,0.0,0.1833757829355112,val,1
S29197,282,21,2026-06-09,60,25,0.0004561101527599,0.0,0.1020998077315798,val,1
S29586,282,21,2026-06-09,55,26,0.0004590808282466,0.0,0.1589340836269181,val,1
S29588,282,21,2026-06-09,49,13,0.000464001244284,0.0,0.1117776554527702,val,1
S34246,282,21,2026-06-09,48,22,0.0005506324098715,0.0,0.1578721467968018,val,1
S34265,282,21,2026-06-09,44,30,0.0004710738187844,0.0,0.1806182257039846,val,1
S41217,282,21,2026-06-09,60,21,0.0006142721102483,0.0,0.1712672335813759,val,1
S42468,282,21,2026-06-09,20,22,0.0005435395361859,0.0,0.1259052138424552,val,1
S42471,282,21,2026-06-09,55,22,0.0006423749822537,0.0,0.1590746484345282,val,1
S00714,282,21,2026-06-09,17,20,0.000502150688758,0.0,0.1550977318104963,val,2
S02173,282,21,2026-06-09,28,23,0.0004528219741881,0.0,0.1865236197860703,val,2
S02727,282,21,2026-06-09,25,20,0.000409197230533,0.0,0.1858978608041191,val,2
S03911,282,21,2026-06-09,65,19,0.0006471938994462,0.0,0.1584646520591341,val,2
S05092,282,21,2026-06-09,48,24,0.0005304969627502,0.0,0.1551312859927263,val,2
S09043,282,21,2026-06-09,48,19,0.0004705162772496,0.0,0.1699216504621619,val,2
S09208,282,21,2026-06-09,59,17,0.000466586841047,0.0,0.1384354173357584,val,2
S12741,282,21,2026-06-09,54,20,0.0005013430025313,0.0,0.1774563014936237,val,2
S16696,282,21,2026-06-09,45,11,0.0009030261954153,0.0,0.1200973446186097,val,2
S19892,282,21,2026-06-09,51,17,0.0004551719775141,0.0,0.1327023087397024,val,2
S20317,282,21,2026-06-09,21,17,0.0005708159479901,0.0,0.1430496490390954,val,2
S24428,282,21,2026-06-09,34,30,0.0004475846701571,0.0,0.1758799266394632,val,2
S25521,282,21,2026-06-09,39,32,0.0009736040172142,0.0,0.1833757829355112,val,2
S29197,282,21,2026-06-09,61,25,0.0005836210827955,0.0,0.1020998077315798,val,2
S29586,282,21,2026-06-09,53,26,0.0004240780045453,0.0,0.1589340836269181,val,2
S29588,282,21,2026-06-09,50,13,0.0004584799024847,0.0,0.1117776554527702,val,2
S34246,282,21,2026-06-09,45,22,0.000494652324341,0.0,0.1578721467968018,val,2
S34265,282,21,2026-06-09,42,30,0.0004626195926639,0.0,0.1806182257039846,val,2
S41217,282,21,2026-06-09,62,21,0.000683562008825,0.0,0.1712672335813759,val,2
S42468,282,21,2026-06-09,18,22,0.000718736938894,0.0,0.1259052138424552,val,2
S42471,282,21,2026-06-09,53,22,0.00058393893004,0.0,0.1590746484345282,val,2
S00714,282,21,2026-06-09,23,20,0.0004420408874185,0.0,0.1550977318104963,val,3
S02173,282,21,2026-06-09,21,23,0.0005528129908968,0.0,0.1865236197860703,val,3
S02727,282,21,2026-06-09,31,20,0.0006599413764249,0.0,0.1858978608041191,val,3
S03911,282,21,2026-06-09,59,19,0.0005389286949626,0.0,0.1584646520591341,val,3
S05092,282,21,2026-06-09,54,24,0.00047578633527,0.0,0.1551312859927263,val,3
S09043,282,21,2026-06-09,30,19,0.0005435933579263,0.0,0.1699216504621619,val,3
S09208,282,21,2026-06-09,53,17,0.0004377095649052,0.0,0.1384354173357584,val,3
S12741,282,21,2026-06-09,60,20,0.0005111756249143,0.0,0.1774563014936237,val,3
S16696,282,21,2026-06-09,35,11,0.0007760105013443,0.0,0.1200973446186097,val,3
S19892,282,21,2026-06-09,31,17,0.000411980839358,0.0,0.1327023087397024,val,3
S20317,282,21,2026-06-09,19,16,0.0005330494056589,0.0,0.1430496490390954,val,3
S24428,282,21,2026-06-09,40,30,0.0004296392273735,0.0,0.1758799266394632,val,3
S25521,282,21,2026-06-09,31,31,0.0007040372484343,0.0,0.1833757829355112,val,3
S29197,282,21,2026-06-09,58,25,0.0004902524170789,0.0,0.1020998077315798,val,3
S29586,282,21,2026-06-09,60,26,0.0005243315742227,0.0,0.1589340836269181,val,3
S29588,282,21,2026-06-09,46,13,0.0004540034276252,0.0,0.1117776554527702,val,3
S34246,282,21,2026-06-09,52,22,0.0005352267364139,0.0,0.1578721467968018,val,3
S34265,282,21,2026-06-09,48,30,0.0004610368025608,0.0,0.1806182257039846,val,3
S41217,282,21,2026-06-09,56,21,0.0005931990053157,0.0,0.1712672335813759,val,3
S42468,282,21,2026-06-09,24,22,0.000526790087622,0.0,0.1259052138424552,val,3
S42471,282,21,2026-06-09,59,22,0.0006590028418102,0.0,0.1590746484345282,val,3
S00714,282,21,2026-06-09,21,20,0.0004548700492871,0.0,0.1550977318104963,val,4
S02173,282,21,2026-06-09,23,23,0.0005416911532851,0.0,0.1865236197860703,val,4
S02727,282,21,2026-06-09,29,20,0.00050987397585,0.0,0.1858978608041191,val,4
S03911,282,21,2026-06-09,61,19,0.0005284293255104,0.0,0.1584646520591341,val,4
S05092,282,21,2026-06-09,52,24,0.000448800983556,0.0,0.1551312859927263,val,4
S09043,282,21,2026-06-09,32,19,0.000593766775042,0.0,0.1699216504621619,val,4
S09208,282,21,2026-06-09,55,17,0.0005094430232125,0.0,0.1384354173357584,val,4
S12741,282,21,2026-06-09,58,20,0.0004961300116021,0.0,0.1774563014936237,val,4
S16696,282,21,2026-06-09,38,11,0.0007335510427465,0.0,0.1200973446186097,val,4
S19892,282,21,2026-06-09,33,17,0.000466383712648,0.0,0.1327023087397024,val,4
S20317,282,21,2026-06-09,17,17,0.0004954542627987,0.0,0.1430496490390954,val,4
S24428,282,21,2026-06-09,38,30,0.0004393566684602,0.0,0.1758799266394632,val,4
S25521,282,21,2026-06-09,35,32,0.000868634389087,0.0,0.1833757829355112,val,4
S29197,282,21,2026-06-09,59,25,0.000515722004696,0.0,0.1020998077315798,val,4
S29586,282,21,2026-06-09,57,26,0.0004717209982771,0.0,0.1589340836269181,val,4
S29588,282,21,2026-06-09,47,13,0.0004051511982432,0.0,0.1117776554527702,val,4
S34246,282,21,2026-06-09,50,22,0.0005831378690051,0.0,0.1578721467968018,val,4
S34265,282,21,2026-06-09,46,30,0.0004552073283398,0.0,0.1806182257039846,val,4
S41217,282,21,2026-06-09,58,21,0.0006327966326974,0.0,0.1712672335813759,val,4
S42468,282,21,2026-06-09,22,22,0.000639005395267,0.0,0.1259052138424552,val,4
S42471,282,21,2026-06-09,57,22,0.0005885871729238,0.0,0.1590746484345282,val,4
S00714,282,22,2026-06-09,19,20,0.0005221054035289,0.0,0.1550977318104963,val,1
S02173,282,22,2026-06-09,26,23,0.0004610019232297,0.0,0.1865236197860703,val,1
S02727,282,22,2026-06-09,27,20,0.0004751010629638,0.0,0.1858978608041191,val,1
S03911,282,22,2026-06-09,63,19,0.0006141203410639,0.0,0.1584646520591341,val,1
S05092,282,22,2026-06-09,50,24,0.0004337818701461,0.0,0.1551312859927263,val,1
S09043,282,22,2026-06-09,34,19,0.0006067560974017,0.0,0.1699216504621619,val,1
S09208,282,22,2026-06-09,57,17,0.0004854641818017,0.0,0.1384354173357584,val,1
S12741,282,22,2026-06-09,56,20,0.0004672460179141,0.0,0.1774563014936237,val,1
S16696,282,22,2026-06-09,40,11,0.000718927628627,0.0,0.1200973446186097,val,1
S19892,282,22,2026-06-09,35,17,0.000446860055846,0.0,0.1327023087397024,val,1
S20317,282,22,2026-06-09,19,17,0.000487379464591,0.0,0.1430496490390954,val,1
S24428,282,22,2026-06-09,36,30,0.0004554982842594,0.0,0.1758799266394632,val,1
S25521,282,22,2026-06-09,37,32,0.0010265558994066,0.0,0.1833757829355112,val,1
S29197,282,22,2026-06-09,60,25,0.0004561101527599,0.0,0.1020998077315798,val,1
S29586,282,22,2026-06-09,55,26,0.0004590808282466,0.0,0.1589340836269181,val,1
S29588,282,22,2026-06-09,49,13,0.000464001244284,0.0,0.1117776554527702,val,1
S34246,282,22,2026-06-09,48,22,0.0005506324098715,0.0,0.1578721467968018,val,1
S34265,282,22,2026-06-09,44,30,0.0004710738187844,0.0,0.1806182257039846,val,1
S41217,282,22,2026-06-09,60,21,0.0006142721102483,0.0,0.1712672335813759,val,1
S42468,282,22,2026-06-09,20,22,0.0005435395361859,0.0,0.1259052138424552,val,1
S42471,282,22,2026-06-09,55,22,0.0006423749822537,0.0,0.1590746484345282,val,1
S00714,282,22,2026-06-09,17,20,0.000502150688758,0.0,0.1550977318104963,val,2
S02173,282,22,2026-06-09,28,23,0.0004528219741881,0.0,0.1865236197860703,val,2
S02727,282,22,2026-06-09,25,20,0.000409197230533,0.0,0.1858978608041191,val,2
S03911,282,22,2026-06-09,65,19,0.0006471938994462,0.0,0.1584646520591341,val,2
S05092,282,22,2026-06-09,48,24,0.0005304969627502,0.0,0.1551312859927263,val,2
S09043,282,22,2026-06-09,48,19,0.0004705162772496,0.0,0.1699216504621619,val,2
S09208,282,22,2026-06-09,59,17,0.000466586841047,0.0,0.1384354173357584,val,2
S12741,282,22,2026-06-09,54,20,0.0005013430025313,0.0,0.1774563014936237,val,2
S16696,282,22,2026-06-09,45,11,0.0009030261954153,0.0,0.1200973446186097,val,2
S19892,282,22,2026-06-09,51,17,0.0004551719775141,0.0,0.1327023087397024,val,2
S20317,282,22,2026-06-09,21,17,0.0005708159479901,0.0,0.1430496490390954,val,2
S24428,282,22,2026-06-09,34,30,0.0004475846701571,0.0,0.1758799266394632,val,2
S25521,282,22,2026-06-09,39,32,0.0009736040172142,0.0,0.1833757829355112,val,2
S29197,282,22,2026-06-09,61,25,0.0005836210827955,0.0,0.1020998077315798,val,2
S29586,282,22,2026-06-09,53,26,0.0004240780045453,0.0,0.1589340836269181,val,2
S29588,282,22,2026-06-09,50,13,0.0004584799024847,0.0,0.1117776554527702,val,2
S34246,282,22,2026-06-09,45,22,0.000494652324341,0.0,0.1578721467968018,val,2
S34265,282,22,2026-06-09,42,30,0.0004626195926639,0.0,0.1806182257039846,val,2
S41217,282,22,2026-06-09,62,21,0.000683562008825,0.0,0.1712672335813759,val,2
S42468,282,22,2026-06-09,18,22,0.000718736938894,0.0,0.1259052138424552,val,2
S42471,282,22,2026-06-09,53,22,0.00058393893004,0.0,0.1590746484345282,val,2
S00714,282,22,2026-06-09,23,20,0.0004420408874185,0.0,0.1550977318104963,val,3
S02173,282,22,2026-06-09,21,23,0.0005528129908968,0.0,0.1865236197860703,val,3
S02727,282,22,2026-06-09,31,20,0.0006599413764249,0.0,0.1858978608041191,val,3
S03911,282,22,2026-06-09,59,19,0.0005389286949626,0.0,0.1584646520591341,val,3
S05092,282,22,2026-06-09,54,24,0.00047578633527,0.0,0.1551312859927263,val,3
S09043,282,22,2026-06-09,30,19,0.0005435933579263,0.0,0.1699216504621619,val,3
S09208,282,22,2026-06-09,53,17,0.0004377095649052,0.0,0.1384354173357584,val,3
S12741,282,22,2026-06-09,60,20,0.0005111756249143,0.0,0.1774563014936237,val,3
S16696,282,22,2026-06-09,35,11,0.0007760105013443,0.0,0.1200973446186097,val,3
S19892,282,22,2026-06-09,31,17,0.000411980839358,0.0,0.1327023087397024,val,3
S20317,282,22,2026-06-09,19,16,0.0005330494056589,0.0,0.1430496490390954,val,3
S24428,282,22,2026-06-09,40,30,0.0004296392273735,0.0,0.1758799266394632,val,3
S25521,282,22,2026-06-09,31,31,0.0007040372484343,0.0,0.1833757829355112,val,3
S29197,282,22,2026-06-09,58,25,0.0004902524170789,0.0,0.1020998077315798,val,3
S29586,282,22,2026-06-09,60,26,0.0005243315742227,0.0,0.1589340836269181,val,3
S29588,282,22,2026-06-09,46,13,0.0004540034276252,0.0,0.1117776554527702,val,3
S34246,282,22,2026-06-09,52,22,0.0005352267364139,0.0,0.1578721467968018,val,3
S34265,282,22,2026-06-09,48,30,0.0004610368025608,0.0,0.1806182257039846,val,3
S41217,282,22,2026-06-09,56,21,0.0005931990053157,0.0,0.1712672335813759,val,3
S42468,282,22,2026-06-09,24,22,0.000526790087622,0.0,0.1259052138424552,val,3
S42471,282,22,2026-06-09,59,22,0.0006590028418102,0.0,0.1590746484345282,val,3
S00714,282,22,2026-06-09,21,20,0.0004548700492871,0.0,0.1550977318104963,val,4
S02173,282,22,2026-06-09,23,23,0.0005416911532851,0.0,0.1865236197860703,val,4
S02727,282,22,2026-06-09,29,20,0.00050987397585,0.0,0.1858978608041191,val,4
S03911,282,22,2026-06-09,61,19,0.0005284293255104,0.0,0.1584646520591341,val,4
S05092,282,22,2026-06-09,52,24,0.000448800983556,0.0,0.1551312859927263,val,4
S09043,282,22,2026-06-09,32,19,0.000593766775042,0.0,0.1699216504621619,val,4
S09208,282,22,2026-06-09,55,17,0.0005094430232125,0.0,0.1384354173357584,val,4
S12741,282,22,2026-06-09,58,20,0.0004961300116021,0.0,0.1774563014936237,val,4
S16696,282,22,2026-06-09,38,11,0.0007335510427465,0.0,0.1200973446186097,val,4
S19892,282,22,2026-06-09,33,17,0.000466383712648,0.0,0.1327023087397024,val,4
S20317,282,22,2026-06-09,17,17,0.0004954542627987,0.0,0.1430496490390954,val,4
S24428,282,22,2026-06-09,38,30,0.0004393566684602,0.0,0.1758799266394632,val,4
S25521,282,22,2026-06-09,35,32,0.000868634389087,0.0,0.1833757829355112,val,4
S29197,282,22,2026-06-09,59,25,0.000515722004696,0.0,0.1020998077315798,val,4
S29586,282,22,2026-06-09,57,26,0.0004717209982771,0.0,0.1589340836269181,val,4
S29588,282,22,2026-06-09,47,13,0.0004051511982432,0.0,0.1117776554527702,val,4
S34246,282,22,2026-06-09,50,22,0.0005831378690051,0.0,0.1578721467968018,val,4
S34265,282,22,2026-06-09,46,30,0.0004552073283398,0.0,0.1806182257039846,val,4
S41217,282,22,2026-06-09,58,21,0.0006327966326974,0.0,0.1712672335813759,val,4
S42468,282,22,2026-06-09,22,22,0.000639005395267,0.0,0.1259052138424552,val,4
S42471,282,22,2026-06-09,57,22,0.0005885871729238,0.0,0.1590746484345282,val,4
S01771,282,23,2026-06-08,53,15,0.000577220506984,0.0,0.1661141084868822,val,1
S01776,282,23,2026-06-08,38,17,0.0006249364760468,0.0,0.1936452710402477,val,1
S07403,282,23,2026-06-08,42,18,0.0005875710320927,0.0,0.1780018580394576,val,1
S09206,282,23,2026-06-08,51,16,0.0005674872334562,0.0,0.1619779715228006,val,1
S10767,282,23,2026-06-08,21,22,0.0005303822414879,0.0,0.1870301501785588,val,1
S12304,282,23,2026-06-08,54,13,0.0006870769376788,0.0,0.1563841802573339,val,1
S13429,282,23,2026-06-08,32,27,0.0005710629932796,0.0,0.1990599961882893,val,1
S14194,282,23,2026-06-08,48,22,0.0006530990159427,0.0,0.1938653447548982,val,1
S16266,282,23,2026-06-08,60,20,0.0006217246124727,0.0,0.1423236080776241,val,1
S17166,282,23,2026-06-08,46,31,0.0005893867411556,0.0,0.1809299179604536,val,1
S18991,282,23,2026-06-08,52,21,0.0006094283093251,0.0,0.194354703309067,val,1
S21343,282,23,2026-06-08,41,11,0.0007813909985226,0.0,0.2008158410192366,val,1
S22285,282,23,2026-06-08,25,17,0.0004863068915484,0.0,0.1840275161046608,val,1
S23382,282,23,2026-06-08,62,19,0.0006504773445741,0.0,0.1789725320422136,val,1
S23387,282,23,2026-06-08,36,20,0.0005235615341865,0.0,0.195165486365532,val,1
S23741,282,23,2026-06-08,44,32,0.0009975696578915,0.0,0.1796190426709102,val,1
S26409,282,23,2026-06-08,51,18,0.00048511680712,0.0,0.1330800210021549,val,1
S28141,282,23,2026-06-08,24,14,0.0005652845905616,0.0,0.1396793158738242,val,1
S29594,282,23,2026-06-08,36,21,0.0005762633449539,0.0,0.2176401641197099,val,1
S29595,282,23,2026-06-08,33,12,0.0005755584020583,0.0,0.1204259602920353,val,1
S29993,282,23,2026-06-08,45,17,0.0005301028242787,0.0,0.2145716927809468,val,1
S34247,282,23,2026-06-08,34,24,0.0005489339378907,0.0,0.1969036292477815,val,1
S39041,282,23,2026-06-08,56,24,0.0005109408987633,0.0,0.1987403336348988,val,1
S41218,282,23,2026-06-08,37,17,0.000579136697098,0.0,0.2173040365550471,val,1
S42781,282,23,2026-06-08,55,22,0.0007350642038913,0.0,0.2024180307842622,val,1
S01771,282,23,2026-06-08,55,15,0.0006292981662454,0.0,0.1661141084868822,val,2
S01776,282,23,2026-06-08,40,17,0.0005146806720226,0.0,0.1936452710402477,val,2
S07403,282,23,2026-06-08,40,18,0.0005440235035478,0.0,0.1780018580394576,val,2
S09206,282,23,2026-06-08,49,16,0.0005146834767167,0.0,0.1619779715228006,val,2
S10767,282,23,2026-06-08,19,22,0.0005265546587022,0.0,0.1870301501785588,val,2
S12304,282,23,2026-06-08,59,15,0.0007700879261546,0.0,0.1563841802573339,val,2
S13429,282,23,2026-06-08,34,27,0.0005604937926498,0.0,0.1990599961882893,val,2
S14194,282,23,2026-06-08,46,22,0.0005581683179018,0.0,0.1938653447548982,val,2
S16266,282,23,2026-06-08,58,20,0.0005800558650404,0.0,0.1423236080776241,val,2
S17166,282,23,2026-06-08,48,31,0.0007482295799229,0.0,0.1809299179604536,val,2
S18991,282,23,2026-06-08,54,21,0.0007168731445053,0.0,0.194354703309067,val,2
S21343,282,23,2026-06-08,44,11,0.0009793990680145,0.0,0.2008158410192366,val,2
S22285,282,23,2026-06-08,27,17,0.0005011633412573,0.0,0.1840275161046608,val,2
S23382,282,23,2026-06-08,64,19,0.0007728822841439,0.0,0.1789725320422136,val,2
S23387,282,23,2026-06-08,33,20,0.0005305440991758,0.0,0.195165486365532,val,2
S23741,282,23,2026-06-08,42,32,0.0010064533892907,0.0,0.1796190426709102,val,2
S26409,282,23,2026-06-08,49,18,0.0004817652473221,0.0,0.1330800210021549,val,2
S28141,282,23,2026-06-08,20,15,0.0005778430683011,0.0,0.1396793158738242,val,2
S29594,282,23,2026-06-08,38,21,0.0005300344564547,0.0,0.2176401641197099,val,2
S29595,282,23,2026-06-08,27,13,0.0005514833056205,0.0,0.1204259602920353,val,2
S29993,282,23,2026-06-08,48,17,0.0005274938200189,0.0,0.2145716927809468,val,2
S34247,282,23,2026-06-08,32,24,0.0005253389673632,0.0,0.1969036292477815,val,2
S39041,282,23,2026-06-08,54,24,0.000516449593368,0.0,0.1987403336348988,val,2
S41218,282,23,2026-06-08,39,17,0.0006180393954146,0.0,0.2173040365550471,val,2
S42781,282,23,2026-06-08,53,22,0.0006045720883043,0.0,0.2024180307842622,val,2
S01771,282,23,2026-06-08,49,15,0.0005939365158149,0.0,0.1661141084868822,val,3
S01776,282,23,2026-06-08,34,17,0.0005234793131127,0.0,0.1936452710402477,val,3
S07403,282,23,2026-06-08,47,18,0.0005174435437566,0.0,0.1780018580394576,val,3
S09206,282,23,2026-06-08,55,16,0.0005333465966542,0.0,0.1619779715228006,val,3
S10767,282,23,2026-06-08,26,22,0.0006108754841853,0.0,0.1870301501785588,val,3
S12304,282,23,2026-06-08,50,12,0.0007486916793816,0.0,0.1563841802573339,val,3
S13429,282,23,2026-06-08,28,27,0.0005028420010784,0.0,0.1990599961882893,val,3
S14194,282,23,2026-06-08,52,22,0.0005517646038039,0.0,0.1938653447548982,val,3
S16266,282,23,2026-06-08,65,20,0.00063095490924,0.0,0.1423236080776241,val,3
S17166,282,23,2026-06-08,42,31,0.0005385363871088,0.0,0.1809299179604536,val,3
S18991,282,23,2026-06-08,48,21,0.0006783269604368,0.0,0.194354703309067,val,3
S21343,282,23,2026-06-09,43,32,0.000955564446096,0.0,0.2008158410192366,val,3
S22285,282,23,2026-06-08,21,17,0.0005700500511096,0.0,0.1840275161046608,val,3
S23382,282,23,2026-06-08,57,19,0.00058371374602,0.0,0.1789725320422136,val,3
S23387,282,23,2026-06-08,40,20,0.0005367565186844,0.0,0.195165486365532,val,3
S23741,282,23,2026-06-08,50,31,0.000849015917703,0.0,0.1796190426709102,val,3
S26409,282,23,2026-06-08,55,18,0.0005332819439796,0.0,0.1330800210021549,val,3
S28141,282,23,2026-06-08,28,14,0.0005760173745554,0.0,0.1396793158738242,val,3
S29594,282,23,2026-06-08,31,21,0.0006616368347476,0.0,0.2176401641197099,val,3
S29595,282,23,2026-06-08,37,12,0.0005787974494912,0.0,0.1204259602920353,val,3
S29993,282,23,2026-06-08,41,17,0.0005272131696158,0.0,0.2145716927809468,val,3
S34247,282,23,2026-06-08,41,24,0.0005757629402535,0.0,0.1969036292477815,val,3
S39041,282,23,2026-06-08,61,24,0.0005336019015511,0.0,0.1987403336348988,val,3
S41218,282,23,2026-06-08,33,17,0.0005868323153283,0.0,0.2173040365550471,val,3
S42781,282,23,2026-06-08,59,22,0.0006962796606248,0.0,0.2024180307842622,val,3
S01771,282,23,2026-06-08,51,15,0.000606530595624,0.0,0.1661141084868822,val,4
S01776,282,23,2026-06-08,36,17,0.0005544205256428,0.0,0.1936452710402477,val,4
S07403,282,23,2026-06-08,44,18,0.0005683449819566,0.0,0.1780018580394576,val,4
S09206,282,23,2026-06-08,53,16,0.0006559584596354,0.0,0.1619779715228006,val,4
S10767,282,23,2026-06-08,24,22,0.0005734157586488,0.0,0.1870301501785588,val,4
S12304,282,23,2026-06-08,48,12,0.0007622502684891,0.0,0.1563841802573339,val,4
S13429,282,23,2026-06-08,30,27,0.000554075086281,0.0,0.1990599961882893,val,4
S14194,282,23,2026-06-08,50,22,0.0006821691104831,0.0,0.1938653447548982,val,4
S16266,282,23,2026-06-08,62,20,0.0007181381314061,0.0,0.1423236080776241,val,4
S17166,282,23,2026-06-08,44,31,0.0005767349197838,0.0,0.1809299179604536,val,4
S18991,282,23,2026-06-08,50,21,0.0005539488694104,0.0,0.194354703309067,val,4
S21343,282,23,2026-06-09,41,32,0.0008953981382384,0.0,0.2008158410192366,val,4
S22285,282,23,2026-06-08,23,17,0.0004956449441524,0.0,0.1840275161046608,val,4
S23382,282,23,2026-06-08,60,19,0.0005855132013497,0.0,0.1789725320422136,val,4
S23387,282,23,2026-06-08,38,20,0.0005426220008578,0.0,0.195165486365532,val,4
S23741,282,23,2026-06-08,52,31,0.0008841121828623,0.0,0.1796190426709102,val,4
S26409,282,23,2026-06-08,53,18,0.0005220255081609,0.0,0.1330800210021549,val,4
S28141,282,23,2026-06-08,26,14,0.0005278084364284,0.0,0.1396793158738242,val,4
S29594,282,23,2026-06-08,34,21,0.0005010107152473,0.0,0.2176401641197099,val,4
S29595,282,23,2026-06-08,35,12,0.0006199214263921,0.0,0.1204259602920353,val,4
S29993,282,23,2026-06-08,43,17,0.0005259055578114,0.0,0.2145716927809468,val,4
S34247,282,23,2026-06-08,37,24,0.000538596448898,0.0,0.1969036292477815,val,4
S39041,282,23,2026-06-08,59,24,0.0005172417270712,0.0,0.1987403336348988,val,4
S41218,282,23,2026-06-08,35,17,0.0005231224752007,0.0,0.2173040365550471,val,4
S42781,282,23,2026-06-08,57,22,0.0007524542913389,0.0,0.2024180307842622,val,4
S00917,282,24,2026-06-09,53,13,0.0008183472956828,0.0,0.1740916104918825,val,1
S03741,282,24,2026-06-09,54,15,0.0005313034479655,0.0,0.1416295559657795,val,1
S08794,282,24,2026-06-09,49,30,0.0005892509582486,0.0,0.1403110973529276,val,1
S09044,282,24,2026-06-09,28,21,0.0007528976454749,0.0,0.1775646307415053,val,1
S09204,282,24,2026-06-09,19,19,0.0006507098574142,0.0,0.1702785478835461,val,1
S11844,282,24,2026-06-09,21,25,0.0005600000948799,0.0,0.109833804515947,val,1
S14606,282,24,2026-06-09,47,19,0.0005935693799336,0.0,0.1171032691465515,val,1
S21676,282,24,2026-06-09,41,28,0.0004683617235208,0.0,0.1458326635721581,val,1
S22098,282,24,2026-06-09,15,22,0.0007545871844948,0.0,0.1609254413422335,val,1
S23491,282,24,2026-06-09,22,20,0.0006226066784657,0.0,0.1694485277501164,val,1
S25957,282,24,2026-06-09,33,23,0.0005794877108042,0.0,0.1318241179460452,val,1
S33636,282,24,2026-06-09,27,14,0.0006446059358624,0.0,0.1273888230041128,val,1
S37148,282,24,2026-06-09,49,27,0.0005338000592103,0.0,0.1300007155501101,val,1
S37690,282,24,2026-06-09,42,22,0.0006180218892061,0.0,0.1312417481287862,val,1
S37692,282,24,2026-06-09,54,29,0.0006861688168913,0.0,0.1515077563800737,val,1
S38621,282,24,2026-06-09,56,24,0.000527171051528,0.0,0.1120290999347228,val,1
S42886,282,24,2026-06-09,49,31,0.0009719579926028,0.0,0.2008206607532822,val,1
S00917,282,24,2026-06-09,55,13,0.0012840098255,0.0,0.1740916104918825,val,2
S03741,282,24,2026-06-09,56,15,0.0007371865559528,0.0,0.1416295559657795,val,2
S08794,282,24,2026-06-09,48,30,0.0006268039781818,0.0,0.1403110973529276,val,2
S09044,282,24,2026-06-09,30,21,0.000764333898384,0.0,0.1775646307415053,val,2
S09204,282,24,2026-06-09,22,19,0.0006175442113454,0.0,0.1702785478835461,val,2
S11844,282,24,2026-06-09,23,25,0.0005127286823762,0.0,0.109833804515947,val,2
S14606,282,24,2026-06-09,48,19,0.0007169769627692,0.0,0.1171032691465515,val,2
S21676,282,24,2026-06-09,39,28,0.0005522188285026,0.0,0.1458326635721581,val,2
S22098,282,24,2026-06-09,13,22,0.0008409102163472,0.0,0.1609254413422335,val,2
S23491,282,24,2026-06-09,20,20,0.0006352619834827,0.0,0.1694485277501164,val,2
S25957,282,24,2026-06-09,35,23,0.0005372703803725,0.0,0.1318241179460452,val,2
S33636,282,24,2026-06-09,25,14,0.0006013653810465,0.0,0.1273888230041128,val,2
S37148,282,24,2026-06-09,51,27,0.000582879970229,0.0,0.1300007155501101,val,2
S37690,282,24,2026-06-09,31,22,0.0005639690620358,0.0,0.1312417481287862,val,2
S37692,282,24,2026-06-09,52,30,0.0006693421359975,0.0,0.1515077563800737,val,2
S38621,282,24,2026-06-09,55,24,0.0005126023882763,0.0,0.1120290999347228,val,2
S42886,282,24,2026-06-09,48,31,0.0012091608014062,0.0,0.2008206607532822,val,2
S00917,282,24,2026-06-09,37,11,0.0009639242297334,0.0,0.1740916104918825,val,3
S03741,282,24,2026-06-09,39,15,0.0005605016512067,0.0,0.1416295559657795,val,3
S08794,282,24,2026-06-09,51,30,0.0006403848913141,0.0,0.1403110973529276,val,3
S09044,282,24,2026-06-09,24,21,0.0005975944554496,0.0,0.1775646307415053,val,3
S09204,282,24,2026-06-09,15,19,0.0008422920213987,0.0,0.1702785478835461,val,3
S11844,282,24,2026-06-09,15,24,0.0006604571463039,0.0,0.109833804515947,val,3
S14606,282,24,2026-06-09,32,19,0.0006438347752858,0.0,0.1171032691465515,val,3
S21676,282,24,2026-06-09,45,28,0.0005775118316458,0.0,0.1458326635721581,val,3
S22098,282,24,2026-06-09,19,22,0.0006371237467527,0.0,0.1609254413422335,val,3
S23491,282,24,2026-06-09,28,20,0.0007143526729436,0.0,0.1694485277501164,val,3
S25957,282,24,2026-06-09,30,23,0.0005682342683185,0.0,0.1318241179460452,val,3
S33636,282,24,2026-06-09,31,14,0.0006371299763908,0.0,0.1273888230041128,val,3
S37148,282,24,2026-06-09,44,27,0.0005403848368187,0.0,0.1300007155501101,val,3
S37690,282,24,2026-06-09,46,22,0.0008152280337199,0.0,0.1312417481287862,val,3
S37692,282,24,2026-06-09,50,29,0.0005780615547021,0.0,0.1515077563800737,val,3
S38621,282,24,2026-06-09,61,24,0.0006759598263654,0.0,0.1120290999347228,val,3
S42886,282,24,2026-06-09,64,17,0.0012655045812396,0.0,0.2008206607532822,val,3
S00917,282,24,2026-06-09,43,11,0.001012158365853,0.0,0.1740916104918825,val,4
S03741,282,24,2026-06-09,52,15,0.0005214698625967,0.0,0.1416295559657795,val,4
S08794,282,24,2026-06-09,50,30,0.0008351222384583,0.0,0.1403110973529276,val,4
S09044,282,24,2026-06-09,26,21,0.0006887939627598,0.0,0.1775646307415053,val,4
S09204,282,24,2026-06-09,17,19,0.0007633276825418,0.0,0.1702785478835461,val,4
S11844,282,24,2026-06-09,15,25,0.0007809067691519,0.0,0.109833804515947,val,4
S14606,282,24,2026-06-09,33,19,0.0007469922971531,0.0,0.1171032691465515,val,4
S21676,282,24,2026-06-09,43,28,0.0005276133350122,0.0,0.1458326635721581,val,4
S22098,282,24,2026-06-09,17,22,0.000743099426551,0.0,0.1609254413422335,val,4
S23491,282,24,2026-06-09,26,20,0.0006308839991661,0.0,0.1694485277501164,val,4
S25957,282,24,2026-06-09,31,23,0.0005786139645504,0.0,0.1318241179460452,val,4
S33636,282,24,2026-06-09,29,14,0.0006247537060251,0.0,0.1273888230041128,val,4
S37148,282,24,2026-06-09,46,27,0.0005081182530184,0.0,0.1300007155501101,val,4
S37690,282,24,2026-06-09,44,22,0.0007320510494923,0.0,0.1312417481287862,val,4
S37692,282,24,2026-06-09,52,29,0.0006048149226918,0.0,0.1515077563800737,val,4
S38621,282,24,2026-06-09,59,24,0.0006569584820842,0.0,0.1120290999347228,val,4
S42886,282,24,2026-06-09,53,30,0.0011827471085474,0.0,0.2008206607532822,val,4
S00917,282,25,2026-06-09,53,13,0.0008183472956828,0.0,0.1740916104918825,val,1
S03741,282,25,2026-06-09,54,15,0.0005313034479655,0.0,0.1416295559657795,val,1
S08794,282,25,2026-06-09,49,30,0.0005892509582486,0.0,0.1403110973529276,val,1
S09044,282,25,2026-06-09,28,21,0.0007528976454749,0.0,0.1775646307415053,val,1
S09204,282,25,2026-06-09,19,19,0.0006507098574142,0.0,0.1702785478835461,val,1
S11844,282,25,2026-06-09,21,25,0.0005600000948799,0.0,0.109833804515947,val,1
S14606,282,25,2026-06-09,47,19,0.0005935693799336,0.0,0.1171032691465515,val,1
S21676,282,25,2026-06-09,41,28,0.0004683617235208,0.0,0.1458326635721581,val,1
S22098,282,25,2026-06-09,15,22,0.0007545871844948,0.0,0.1609254413422335,val,1
S23491,282,25,2026-06-09,22,20,0.0006226066784657,0.0,0.1694485277501164,val,1
S25957,282,25,2026-06-09,33,23,0.0005794877108042,0.0,0.1318241179460452,val,1
S33636,282,25,2026-06-09,27,14,0.0006446059358624,0.0,0.1273888230041128,val,1
S37148,282,25,2026-06-09,49,27,0.0005338000592103,0.0,0.1300007155501101,val,1
S37690,282,25,2026-06-09,42,22,0.0006180218892061,0.0,0.1312417481287862,val,1
S37692,282,25,2026-06-09,54,29,0.0006861688168913,0.0,0.1515077563800737,val,1
S38621,282,25,2026-06-09,56,24,0.000527171051528,0.0,0.1120290999347228,val,1
S42886,282,25,2026-06-09,49,31,0.0009719579926028,0.0,0.2008206607532822,val,1
S00917,282,25,2026-06-09,55,13,0.0012840098255,0.0,0.1740916104918825,val,2
S03741,282,25,2026-06-09,56,15,0.0007371865559528,0.0,0.1416295559657795,val,2
S08794,282,25,2026-06-09,48,30,0.0006268039781818,0.0,0.1403110973529276,val,2
S09044,282,25,2026-06-09,30,21,0.000764333898384,0.0,0.1775646307415053,val,2
S09204,282,25,2026-06-09,22,19,0.0006175442113454,0.0,0.1702785478835461,val,2
S11844,282,25,2026-06-09,23,25,0.0005127286823762,0.0,0.109833804515947,val,2
S14606,282,25,2026-06-09,48,19,0.0007169769627692,0.0,0.1171032691465515,val,2
S21676,282,25,2026-06-09,39,28,0.0005522188285026,0.0,0.1458326635721581,val,2
S22098,282,25,2026-06-09,13,22,0.0008409102163472,0.0,0.1609254413422335,val,2
S23491,282,25,2026-06-09,20,20,0.0006352619834827,0.0,0.1694485277501164,val,2
S25957,282,25,2026-06-09,35,23,0.0005372703803725,0.0,0.1318241179460452,val,2
S33636,282,25,2026-06-09,25,14,0.0006013653810465,0.0,0.1273888230041128,val,2
S37148,282,25,2026-06-09,51,27,0.000582879970229,0.0,0.1300007155501101,val,2
S37690,282,25,2026-06-09,31,22,0.0005639690620358,0.0,0.1312417481287862,val,2
S37692,282,25,2026-06-09,52,30,0.0006693421359975,0.0,0.1515077563800737,val,2
S38621,282,25,2026-06-09,55,24,0.0005126023882763,0.0,0.1120290999347228,val,2
S42886,282,25,2026-06-09,48,31,0.0012091608014062,0.0,0.2008206607532822,val,2
S00917,282,25,2026-06-09,37,11,0.0009639242297334,0.0,0.1740916104918825,val,3
S03741,282,25,2026-06-09,39,15,0.0005605016512067,0.0,0.1416295559657795,val,3
S08794,282,25,2026-06-09,51,30,0.0006403848913141,0.0,0.1403110973529276,val,3
S09044,282,25,2026-06-09,24,21,0.0005975944554496,0.0,0.1775646307415053,val,3
S09204,282,25,2026-06-09,15,19,0.0008422920213987,0.0,0.1702785478835461,val,3
S11844,282,25,2026-06-09,15,24,0.0006604571463039,0.0,0.109833804515947,val,3
S14606,282,25,2026-06-09,32,19,0.0006438347752858,0.0,0.1171032691465515,val,3
S21676,282,25,2026-06-09,45,28,0.0005775118316458,0.0,0.1458326635721581,val,3
S22098,282,25,2026-06-09,19,22,0.0006371237467527,0.0,0.1609254413422335,val,3
S23491,282,25,2026-06-09,28,20,0.0007143526729436,0.0,0.1694485277501164,val,3
S25957,282,25,2026-06-09,30,23,0.0005682342683185,0.0,0.1318241179460452,val,3
S33636,282,25,2026-06-09,31,14,0.0006371299763908,0.0,0.1273888230041128,val,3
S37148,282,25,2026-06-09,44,27,0.0005403848368187,0.0,0.1300007155501101,val,3
S37690,282,25,2026-06-09,46,22,0.0008152280337199,0.0,0.1312417481287862,val,3
S37692,282,25,2026-06-09,50,29,0.0005780615547021,0.0,0.1515077563800737,val,3
S38621,282,25,2026-06-09,61,24,0.0006759598263654,0.0,0.1120290999347228,val,3
S42886,282,25,2026-06-09,64,17,0.0012655045812396,0.0,0.2008206607532822,val,3
S00917,282,25,2026-06-09,43,11,0.001012158365853,0.0,0.1740916104918825,val,4
S03741,282,25,2026-06-09,52,15,0.0005214698625967,0.0,0.1416295559657795,val,4
S08794,282,25,2026-06-09,50,30,0.0008351222384583,0.0,0.1403110973529276,val,4
S09044,282,25,2026-06-09,26,21,0.0006887939627598,0.0,0.1775646307415053,val,4
S09204,282,25,2026-06-09,17,19,0.0007633276825418,0.0,0.1702785478835461,val,4
S11844,282,25,2026-06-09,15,25,0.0007809067691519,0.0,0.109833804515947,val,4
S14606,282,25,2026-06-09,33,19,0.0007469922971531,0.0,0.1171032691465515,val,4
S21676,282,25,2026-06-09,43,28,0.0005276133350122,0.0,0.1458326635721581,val,4
S22098,282,25,2026-06-09,17,22,0.000743099426551,0.0,0.1609254413422335,val,4
S23491,282,25,2026-06-09,26,20,0.0006308839991661,0.0,0.1694485277501164,val,4
S25957,282,25,2026-06-09,31,23,0.0005786139645504,0.0,0.1318241179460452,val,4
S33636,282,25,2026-06-09,29,14,0.0006247537060251,0.0,0.1273888230041128,val,4
S37148,282,25,2026-06-09,46,27,0.0005081182530184,0.0,0.1300007155501101,val,4
S37690,282,25,2026-06-09,44,22,0.0007320510494923,0.0,0.1312417481287862,val,4
S37692,282,25,2026-06-09,52,29,0.0006048149226918,0.0,0.1515077563800737,val,4
S38621,282,25,2026-06-09,59,24,0.0006569584820842,0.0,0.1120290999347228,val,4
S42886,282,25,2026-06-09,53,30,0.0011827471085474,0.0,0.2008206607532822,val,4
