ufs_serial,run_id,wafer_no,date,die_x,die_y,health,split,position,pred
S00526,70,8,2025-12-06,52,17,0.0,test,1,0.0031592589233739
S00530,70,8,2025-12-06,23,20,0.0,test,1,0.0033347738060492
S00532,70,13,2025-12-06,22,26,0.0,test,1,0.0032318851516067
S00534,70,17,2025-12-06,37,22,0.0066801075268817,test,1,0.0029253353313625
S00536,70,14,2025-12-06,57,23,0.0,test,1,0.0032732739075672
S00541,70,10,2025-12-06,38,31,0.0,test,1,0.003135533697394
S00549,70,14,2025-12-06,37,25,0.0021752450980392,test,1,0.0032925543801267
S00575,70,24,2025-12-06,27,27,0.0065642624120032,test,1,0.000563233056908
S00848,70,23,2025-12-06,32,22,0.0,test,1,0.0021277038451426
S00849,70,20,2025-12-06,34,21,0.0,test,1,0.001861971948776
S00851,70,23,2025-12-06,33,24,0.0,test,1,0.0011519369718951
S00861,70,24,2025-12-06,23,20,0.0,test,1,0.0007512496692837
S00863,70,24,2025-12-06,32,15,0.0,test,1,0.0009961819603749
S01054,70,24,2025-12-06,35,25,0.0,test,1,0.0012255032726289
S01067,70,25,2025-12-06,17,22,0.0,test,1,0.0008659586663044
S01068,70,25,2025-12-06,27,15,0.0,test,1,0.0010030437027002
S01489,70,10,2025-12-06,23,30,0.0014783087196418,test,1,0.0030801460897113
S01498,70,14,2025-12-06,46,31,0.0014747818242784,test,1,0.0032349225635625
S01529,70,6,2025-12-06,20,17,0.0043617917573544,test,1,0.0027666428666086
S02011,70,16,2025-12-06,22,24,0.0,test,1,0.0029105713592227
S02012,70,13,2025-12-06,26,22,0.0033042796072095,test,1,0.0033775996976902
S02021,70,4,2025-12-06,23,17,0.0,test,1,0.0028707784274471
S02022,70,6,2025-12-06,39,27,0.0,test,1,0.0032186364887424
S02024,70,1,2025-12-06,47,29,0.0,test,1,0.0033629532808426
S02116,70,19,2025-12-06,21,17,0.0,test,1,0.0010348551296801
S02117,70,24,2025-12-06,35,29,0.0,test,1,0.0006026298228843
S02212,70,23,2025-12-06,63,22,0.0,test,1,0.0018462275994311
S02216,70,23,2025-12-06,39,16,0.0,test,1,0.0011653639997157
S02217,70,24,2025-12-06,51,27,0.0,test,1,0.0006622326558398
S02281,70,10,2025-12-06,50,28,0.0,test,1,0.0030647303806151
S02525,70,2,2025-12-06,57,14,0.0,test,1,0.0032182673863498
S02626,70,1,2025-12-06,58,23,0.0,test,1,0.0032044428392239
S02627,70,2,2025-12-06,54,19,0.0,test,1,0.0032718477925375
S02670,70,13,2025-12-06,24,27,0.0,test,1,0.0030649578267235
S02673,70,7,2025-12-06,44,20,0.0,test,1,0.0032637949565251
S02676,70,7,2025-12-06,54,26,0.0028862794290161,test,1,0.0032958583835057
S02678,70,12,2025-12-06,31,27,0.0057765844927182,test,1,0.0030465645859603
S02679,70,14,2025-12-06,45,23,0.0,test,1,0.0031716552885085
S02683,70,2,2025-12-06,62,20,0.0,test,1,0.0033371634343623
S02929,70,18,2025-12-06,51,22,0.0,test,1,0.0017659977948177
S02936,70,19,2025-12-06,36,28,0.0,test,1,0.0012003762364573
S02962,70,22,2025-12-06,47,22,0.0,test,1,0.000970839922252
S03167,70,18,2025-12-06,49,31,0.0014962938877749,test,1,0.0022838104765126
S03399,70,24,2025-12-06,52,15,0.0,test,1,0.000527190526119
S03564,70,24,2025-12-06,43,24,0.0,test,1,0.0008663498349318
S03568,70,19,2025-12-06,48,19,0.0,test,1,0.000838614300803
S03605,70,24,2025-12-06,22,21,0.0,test,1,0.0005674663745113
S03805,70,17,2025-12-06,57,24,0.0278185914389264,test,1,0.0031345712877717
S03807,70,8,2025-12-06,28,29,0.0,test,1,0.0032505128962435
S03850,70,18,2025-12-06,62,19,0.0,test,1,0.0008075490043583
S03952,70,23,2025-12-06,31,22,0.0,test,1,0.0011966635091404
S03975,70,22,2025-12-06,55,21,0.0,test,1,0.0013567541960528
S03977,70,25,2025-12-06,22,15,0.0,test,1,0.0028695171479731
S03980,70,24,2025-12-06,52,19,0.0,test,1,0.0007257692208996
S03983,70,22,2025-12-06,44,29,0.0,test,1,0.001734913874744
S04121,70,22,2025-12-06,39,31,0.0,test,1,0.0013644671111935
S04125,70,19,2025-12-06,34,14,0.0,test,1,0.0010399447365562
S04136,70,22,2025-12-06,57,16,0.0,test,1,0.0011854013175282
S04141,70,20,2025-12-06,57,17,0.0,test,1,0.0008772275466045
S04480,70,13,2025-12-06,25,19,0.0,test,1,0.0031022456250412
S04482,70,10,2025-12-06,35,22,0.0,test,1,0.0032857167954208
S04483,70,6,2025-12-06,17,25,0.0,test,1,0.0029021476131679
S04896,70,8,2025-12-06,51,19,0.0,test,1,0.0031666816688431
S04907,70,4,2025-12-06,21,27,0.0,test,1,0.0030243872667988
S05226,70,6,2025-12-06,41,26,0.0,test,1,0.0031924208301168
S05229,70,16,2025-12-06,46,26,0.0,test,1,0.0027847457651354
S05628,70,20,2025-12-06,30,15,0.0,test,1,0.0008568013705584
S05760,70,17,2025-12-06,49,15,0.0,test,1,0.0031203264592954
S05767,70,13,2025-12-06,41,12,0.0,test,1,0.0028895505726876
S05774,70,16,2025-12-06,34,20,0.0,test,1,0.0028291699532591
S05792,70,10,2025-12-06,27,24,0.0,test,1,0.0033538781630952
S05794,70,12,2025-12-06,49,30,0.0,test,1,0.0027878427221767
S05797,70,13,2025-12-06,45,31,0.0,test,1,0.0031898770617565
S05801,70,5,2025-12-06,28,23,0.0,test,1,0.0034574786640336
S05802,70,6,2025-12-06,29,23,0.0,test,1,0.0030566870119337
S05804,70,6,2025-12-06,34,29,0.0,test,1,0.0031320966956458
S06015,70,22,2025-12-06,15,20,0.0,test,1,0.0012324013227421
S06329,70,13,2025-12-06,31,23,0.0181517699801864,test,1,0.0033613211867631
S06332,70,13,2025-12-06,56,21,0.0090045203779362,test,1,0.003349214321312
S06333,70,13,2025-12-06,35,23,0.00458360232408,test,1,0.0032821837920611
S06351,70,7,2025-12-06,42,26,0.022946157326611,test,1,0.0031460239626478
S06359,70,6,2025-12-06,37,20,0.0,test,1,0.0032653848445698
S06363,70,14,2025-12-06,53,23,0.0014946064854493,test,1,0.0031580753298341
S06368,70,4,2025-12-06,40,31,0.0106934941506986,test,1,0.0032367125105482
S06591,70,19,2025-12-06,55,19,0.0,test,1,0.0007896055657757
S06891,70,18,2025-12-06,36,29,0.0,test,1,0.0008782030434896
S06894,70,18,2025-12-06,35,20,0.0,test,1,0.0026435103200233
S06897,70,22,2025-12-06,30,20,0.0,test,1,0.0010478693776142
S06898,70,23,2025-12-06,29,26,0.0,test,1,0.0010777317538702
S06901,70,19,2025-12-06,45,26,0.0,test,1,0.0014097677530973
S06915,70,25,2025-12-06,40,13,0.0,test,1,0.0009768734516716
S06918,70,25,2025-12-06,41,31,0.0,test,1,0.0020596896166495
S07014,70,17,2025-12-06,53,26,0.0,test,1,0.0030246368469757
S07019,70,8,2025-12-06,15,20,0.0,test,1,0.0031851701312565
S07039,70,7,2025-12-06,61,22,0.0,test,1,0.0032861705430201
S07086,70,16,2025-12-06,52,31,0.0,test,1,0.0032168211672014
S07365,70,7,2025-12-06,45,14,0.0029033511214704,test,1,0.0032852154431474
S07389,70,12,2025-12-06,39,27,0.0059143959610744,test,1,0.0029719729877258
S07462,70,17,2025-12-06,15,24,0.0,test,1,0.0031368159329437
S07469,70,7,2025-12-06,31,25,0.0,test,1,0.0033545805426086
S07471,70,4,2025-12-06,43,25,0.0,test,1,0.003124708708964
S07582,70,17,2025-12-06,43,15,0.005215547999832,test,1,0.002993022610129
S07583,70,8,2025-12-06,26,21,0.0105728259227822,test,1,0.0032773133935974
S07593,70,2,2025-12-06,50,27,0.0110885027620857,test,1,0.0033114744591918
S07603,70,2,2025-12-06,59,16,0.012913535177691,test,1,0.0032587325263176
S07604,70,4,2025-12-06,40,28,0.0097538318625174,test,1,0.0032249940273482
S07605,70,5,2025-12-06,22,28,0.0066494966050105,test,1,0.0033431576072473
S07608,70,10,2025-12-06,61,17,0.0074413451316833,test,1,0.0033241847625105
S07609,70,4,2025-12-06,53,22,0.0,test,1,0.0031769362179565
S07655,70,25,2025-12-06,55,26,0.0,test,1,0.0013130626662193
S08423,70,17,2025-12-06,58,28,0.0094541736514843,test,1,0.0029941077131806
S08425,70,8,2025-12-06,26,25,0.0022563627613885,test,1,0.003221706630846
S08436,70,2,2025-12-06,58,22,0.0079786075162656,test,1,0.0033892472022019
S08443,70,6,2025-12-06,26,29,0.0091245608116636,test,1,0.0031822370616633
S08446,70,6,2025-12-06,36,28,0.0069063748480111,test,1,0.0031315174394171
S08448,70,8,2025-12-06,29,15,0.0139023895606201,test,1,0.003265303616207
S08449,70,7,2025-12-06,40,25,0.0153449709060681,test,1,0.0033372588846028
S08452,70,7,2025-12-06,27,17,0.003419379695627,test,1,0.0032224703159424
S08703,70,18,2025-12-06,41,29,0.0,test,1,0.0021943518329811
S08708,70,19,2025-12-06,43,23,0.0,test,1,0.0011356924076708
S08738,70,18,2025-12-06,63,22,0.0,test,1,0.0007793637127244
S08760,70,7,2025-12-06,33,18,0.0,test,1,0.0033717561883112
S08763,70,6,2025-12-06,54,23,0.0,test,1,0.0027046661632555
S08937,70,6,2025-12-06,53,24,0.0,test,1,0.0032021467252367
S09015,70,25,2025-12-06,34,15,0.0,test,1,0.0008405083584628
S09030,70,22,2025-12-06,45,14,0.0,test,1,0.0012417244209807
S09193,70,16,2025-12-06,54,27,0.0,test,1,0.003107585186908
S09525,70,8,2025-12-06,50,29,0.0,test,1,0.0030466738504685
S09844,70,8,2025-12-06,14,24,0.0063889960149119,test,1,0.0032717557146315
S09847,70,8,2025-12-06,34,28,0.007763744718076,test,1,0.0031199602068972
S09848,70,16,2025-12-06,37,13,0.0013479355160667,test,1,0.0031775340316177
S09858,70,17,2025-12-06,26,27,0.0077760132677248,test,1,0.0030939642136972
S09865,70,8,2025-12-06,29,13,0.0065576798743881,test,1,0.0032795273006741
S09868,70,7,2025-12-06,19,25,0.0065465887925561,test,1,0.0033289162047244
S09869,70,10,2025-12-06,62,18,0.0102166410993681,test,1,0.0032025689737029
S09872,70,5,2025-12-06,51,19,0.0065312065517069,test,1,0.0032972715748884
S09873,70,13,2025-12-06,53,28,0.0066839346184777,test,1,0.0032961150002926
S09876,70,5,2025-12-06,45,23,0.0025724238236466,test,1,0.0033238396747777
S09877,70,6,2025-12-06,43,30,0.0051958777975541,test,1,0.0032728510655428
S09886,70,2,2025-12-06,28,19,0.0052824012074059,test,1,0.0033990942380168
S09887,70,2,2025-12-06,27,29,0.0106640918356399,test,1,0.0032024984303713
S10343,70,20,2025-12-06,33,22,0.0,test,1,0.0018730736945014
S10345,70,19,2025-12-06,53,24,0.0,test,1,0.0012171195561326
S10357,70,20,2025-12-06,40,16,0.0,test,1,0.0016585205690388
S10474,70,16,2025-12-06,33,12,0.0,test,1,0.0032126794980003
S10475,70,12,2025-12-06,46,14,0.0,test,1,0.0027362555300859
S10479,70,12,2025-12-06,50,14,0.0,test,1,0.0029230854263824
S10712,70,18,2025-12-06,57,27,0.0,test,1,0.00078860309594
S10714,70,25,2025-12-06,39,19,0.0,test,1,0.0014514057110334
S11108,70,25,2025-12-06,36,22,0.0,test,1,0.0010869593952883
S11112,70,20,2025-12-06,24,22,0.0144392095719079,test,1,0.0011079730211604
S11136,70,24,2025-12-06,27,17,0.0,test,1,0.0006389833210864
S11139,70,24,2025-12-06,34,27,0.0,test,1,0.0005904653150569
S11141,70,20,2025-12-06,28,19,0.0161403987360476,test,1,0.0016157250230031
S11529,70,5,2025-12-06,23,13,0.0237287427526177,test,1,0.0031190716072836
S12452,70,12,2025-12-06,54,14,0.0,test,1,0.0027771476258911
S12638,70,23,2025-12-06,28,18,0.0,test,1,0.0009520882390875
S12643,70,19,2025-12-06,28,15,0.0,test,1,0.0005882702964698
S13097,70,19,2025-12-06,51,26,0.0,test,1,0.0010563682328854
S13101,70,19,2025-12-06,17,26,0.0,test,1,0.0009542316556158
S13108,70,24,2025-12-06,44,19,0.0,test,1,0.001040221814587
S13207,70,6,2025-12-06,41,18,0.0,test,1,0.0032450726658693
S13217,70,7,2025-12-06,46,18,0.0,test,1,0.0033295129213541
S13332,70,20,2025-12-06,36,19,0.0,test,1,0.0019333844210669
S13377,70,24,2025-12-06,44,11,0.0,test,1,0.0024088389471927
S13614,70,25,2025-12-06,25,24,0.0093841626408366,test,1,0.0010754251172838
S13916,70,2,2025-12-06,34,30,0.0091636889287149,test,1,0.0031282667074081
S13918,70,5,2025-12-06,25,29,0.0,test,1,0.0033149207046975
S13927,70,7,2025-12-06,47,21,0.0,test,1,0.0033062586986128
S13931,70,12,2025-12-06,43,27,0.00917780190721,test,1,0.0028707947392494
S13932,70,10,2025-12-06,23,23,0.0018531983518839,test,1,0.0033140663970216
S14251,70,22,2025-12-06,30,19,0.0,test,1,0.0010708517636624
S14253,70,19,2025-12-06,39,18,0.0,test,1,0.0012960196503479
S14267,70,25,2025-12-06,32,14,0.0,test,1,0.0008540345156651
S14407,70,2,2025-12-06,36,32,0.0,test,1,0.002958560577292
S14652,70,24,2025-12-06,24,24,0.0,test,1,0.0005648689939377
S14654,70,19,2025-12-06,43,22,0.0,test,1,0.0020810902183687
S14818,70,16,2025-12-06,63,24,0.0,test,1,0.0032411745448923
S14832,70,1,2025-12-06,35,31,0.0083846831914094,test,1,0.0033263548710818
S14834,70,4,2025-12-06,34,27,0.0,test,1,0.0032112535114782
S14837,70,1,2025-12-06,22,20,0.0122778196371002,test,1,0.0033516810495754
S14840,70,5,2025-12-06,42,20,0.0063086277148043,test,1,0.003210958925985
S14841,70,4,2025-12-06,24,23,0.0020849064518835,test,1,0.0030844093146975
S15053,70,22,2025-12-06,55,18,0.0,test,1,0.0011040393397063
S15070,70,24,2025-12-06,46,24,0.0,test,1,0.0009347820654685
S15456,70,18,2025-12-06,27,25,0.0,test,1,0.0010899415251076
S15459,70,24,2025-12-06,24,29,0.0,test,1,0.0005822161799016
S15465,70,25,2025-12-06,22,19,0.0,test,1,0.0009123277169399
S15708,70,23,2025-12-06,42,27,0.0,test,1,0.0009400918872987
S15805,70,7,2025-12-06,54,27,0.0,test,1,0.0033078701408234
S16172,70,25,2025-12-06,31,19,0.0,test,1,0.0014163976526694
S16177,70,24,2025-12-06,19,27,0.0,test,1,0.0005571782453734
S16200,70,20,2025-12-06,53,19,0.0,test,1,0.0015734844087881
S16704,70,22,2025-12-06,31,23,0.0,test,1,0.0012630302495459
S17121,70,4,2025-12-06,33,15,0.0,test,1,0.0029880750711792
S17123,70,1,2025-12-06,30,16,0.0,test,1,0.0033552112697142
S17303,70,24,2025-12-06,57,26,0.0,test,1,0.0011930323038693
S17611,70,24,2025-12-06,42,27,0.0,test,1,0.0006860058989846
S17741,70,1,2025-12-06,27,14,0.0,test,1,0.003356705521198
S17923,70,18,2025-12-06,46,27,0.0,test,1,0.000903840922086
S17931,70,23,2025-12-06,42,25,0.0,test,1,0.0014021507865178
S17941,70,23,2025-12-06,48,23,0.0,test,1,0.0010267462759039
S17946,70,19,2025-12-06,59,25,0.0,test,1,0.0011329497376765
S17950,70,24,2025-12-06,42,14,0.0,test,1,0.0006821448312653
S17961,70,22,2025-12-06,33,17,0.0,test,1,0.0012353975270366
S18309,70,23,2025-12-06,60,20,0.0,test,1,0.0008574494091717
S18313,70,18,2025-12-06,32,13,0.0,test,1,0.0007825887250778
S18323,70,22,2025-12-06,18,16,0.0,test,1,0.0012318291339476
S18599,70,22,2025-12-06,40,22,0.0,test,1,0.000989792873819
S18603,70,18,2025-12-06,42,12,0.0,test,1,0.0009340740603749
S18738,70,16,2025-12-06,24,13,0.0,test,1,0.0031662507194069
S19234,70,20,2025-12-06,40,24,0.0069385547004519,test,1,0.0017078721730668
S19727,70,20,2025-12-06,47,18,0.0,test,1,0.001703357303114
S19812,70,8,2025-12-06,24,29,0.0,test,1,0.0029851587495975
S19823,70,7,2025-12-06,40,20,0.0,test,1,0.0030804422811334
S19831,70,1,2025-12-06,40,13,0.0,test,1,0.0033231765433154
S19838,70,20,2025-12-06,42,13,0.0095804273988657,test,1,0.0016763470306484
S19839,70,22,2025-12-06,49,16,0.0,test,1,0.0012087860270118
S20145,70,17,2025-12-06,34,25,0.0019048057059853,test,1,0.0031009767561574
S20147,70,12,2025-12-06,18,17,0.0039054826060648,test,1,0.0028198724782329
S20158,70,5,2025-12-06,17,25,0.0019100544961222,test,1,0.0034598044897483
S20159,70,6,2025-12-06,51,30,0.0,test,1,0.0032689890924658
S20164,70,16,2025-12-06,61,20,0.0,test,1,0.0031180176632312
S20166,70,16,2025-12-06,51,16,0.0057647249866611,test,1,0.0028475471244034
S20623,70,8,2025-12-06,34,30,0.0,test,1,0.0032193783256778
S20626,70,7,2025-12-06,26,15,0.0,test,1,0.0031402462825475
S20628,70,13,2025-12-06,48,29,0.0,test,1,0.0032531560287166
S20637,70,6,2025-12-06,51,27,0.0,test,1,0.0031818683253547
S20886,70,17,2025-12-06,30,30,0.0,test,1,0.0029756407047186
S20895,70,5,2025-12-06,63,20,0.0,test,1,0.0031297316055857
S20896,70,5,2025-12-06,60,25,0.0,test,1,0.0032425827327622
S21204,70,23,2025-12-06,44,26,0.0,test,1,0.0010741252741609
S21418,70,1,2025-12-06,21,27,0.0041201389407015,test,1,0.003417733043832
S21421,70,5,2025-12-06,27,17,0.0,test,1,0.003349539811256
S21631,70,23,2025-12-06,55,22,0.0,test,1,0.0007676815213645
S21965,70,24,2025-12-06,30,13,0.0,test,1,0.0005279920163946
S21969,70,20,2025-12-06,40,20,0.0,test,1,0.0017026555334417
S22399,70,14,2025-12-06,39,27,0.0,test,1,0.0031814803926716
S22448,70,24,2025-12-06,36,21,0.0,test,1,0.000833667780801
S22449,70,25,2025-12-06,55,21,0.0,test,1,0.0010838824414423
S22451,70,24,2025-12-06,19,22,0.0,test,1,0.0006463152789749
S22543,70,23,2025-12-06,42,17,0.0016054994007643,test,1,0.0008782304341136
S22599,70,8,2025-12-06,63,25,0.0,test,1,0.0029952829722877
S22615,70,14,2025-12-06,19,24,0.0048158914728682,test,1,0.0032387392482776
S22616,70,17,2025-12-06,32,12,0.0015780783641328,test,1,0.0032077412904974
S22617,70,7,2025-12-06,17,18,0.0015667656534705,test,1,0.0029465832120855
S22628,70,10,2025-12-06,41,27,0.0,test,1,0.0032671907348762
S22637,70,4,2025-12-06,27,20,0.0015691103112963,test,1,0.0032314020618498
S22639,70,10,2025-12-06,40,21,0.0048042532624456,test,1,0.0031366466391904
S22643,70,6,2025-12-06,41,12,0.0079330875193538,test,1,0.0027728270952889
S22644,70,2,2025-12-06,50,18,0.0063278648867159,test,1,0.0033717739382868
S22762,70,23,2025-12-06,26,30,0.0047264462259754,test,1,0.0024908798992459
S23184,70,1,2025-12-06,38,16,0.0036290617013508,test,1,0.0033885699525545
S23185,70,2,2025-12-06,50,25,0.0,test,1,0.0033390476715664
S23186,70,2,2025-12-06,32,26,0.0,test,1,0.0033617675506102
S23917,70,18,2025-12-06,26,23,0.0,test,1,0.0010628968852163
S23919,70,23,2025-12-06,19,24,0.0,test,1,0.0007449066286915
S24038,70,17,2025-12-06,23,18,0.0,test,1,0.0031386883117897
S24039,70,8,2025-12-06,19,19,0.0,test,1,0.0032621370734365
S24044,70,5,2025-12-06,55,28,0.0034191209350642,test,1,0.0031860146755662
S24554,70,19,2025-12-06,52,23,0.0,test,1,0.0009974802698744
S24979,70,22,2025-12-06,32,13,0.0,test,1,0.000958230186425
S24980,70,20,2025-12-06,59,21,0.0020773249738766,test,1,0.0012460603357473
S25189,70,13,2025-12-06,48,24,0.0,test,1,0.0033463935582632
S25193,70,10,2025-12-06,62,25,0.0,test,1,0.0033056393225333
S25278,70,22,2025-12-06,46,31,0.0,test,1,0.00118423780854
S25455,70,14,2025-12-06,55,20,0.0,test,1,0.0031401259195563
S25456,70,8,2025-12-06,38,27,0.0031659882406151,test,1,0.0031503332479808
S25469,70,10,2025-12-06,23,24,0.0,test,1,0.0031309750012642
S25480,70,17,2025-12-06,34,30,0.0061365979540557,test,1,0.002974544338743
S25487,70,1,2025-12-06,36,13,0.0030722820812392,test,1,0.0033055317517304
S25492,70,1,2025-12-06,54,18,0.0,test,1,0.0031328213824635
S25754,70,7,2025-12-06,58,20,0.0,test,1,0.0032863629000167
S25915,70,18,2025-12-06,59,21,0.0,test,1,0.0007903583658208
S25916,70,18,2025-12-06,56,15,0.0,test,1,0.0007481391772322
S25920,70,18,2025-12-06,31,27,0.0,test,1,0.0010082049578374
S25941,70,24,2025-12-06,51,15,0.0,test,1,0.0005139644674252
S26088,70,22,2025-12-06,32,29,0.0,test,1,0.0012840976903967
S26310,70,22,2025-12-06,33,18,0.0,test,1,0.0011517890141112
S26553,70,23,2025-12-06,21,20,0.0,test,1,0.0007820853680009
S26555,70,23,2025-12-06,29,21,0.0,test,1,0.0009686572466829
S26832,70,18,2025-12-06,45,29,0.0,test,1,0.0024077459913565
S27195,70,6,2025-12-06,53,18,0.0164361886155035,test,1,0.003315325989617
S27196,70,5,2025-12-06,51,17,0.0110474722701777,test,1,0.0033005976779571
S27206,70,8,2025-12-06,42,15,0.0062449738640932,test,1,0.0025963443833088
S27208,70,7,2025-12-06,26,24,0.0025410946647237,test,1,0.0031911272024302
S27307,70,1,2025-12-06,44,30,0.0,test,1,0.003337203177538
S27309,70,10,2025-12-06,27,26,0.0,test,1,0.0031570897503948
S27479,70,5,2025-12-06,53,13,0.0,test,1,0.0029748458460904
S27685,70,19,2025-12-06,40,21,0.0,test,1,0.0013927406397509
S27899,70,13,2025-12-06,54,19,0.0,test,1,0.0033500812203807
S27901,70,12,2025-12-06,32,18,0.0,test,1,0.0031137905037054
S27916,70,1,2025-12-06,41,24,0.0,test,1,0.0033593515974753
S27921,70,4,2025-12-06,55,21,0.0,test,1,0.0029661958096485
S27924,70,6,2025-12-06,42,23,0.0,test,1,0.0032263327720896
S27925,70,4,2025-12-06,22,25,0.0,test,1,0.0032463368699966
S27927,70,12,2025-12-06,34,15,0.0,test,1,0.0029314292228481
S28288,70,25,2025-12-06,25,13,0.0248786104019622,test,1,0.003158740139466
S28493,70,18,2025-12-06,47,24,0.0,test,1,0.0015478808804757
S28498,70,18,2025-12-06,47,27,0.0,test,1,0.0030532847641598
S28542,70,19,2025-12-06,61,27,0.0,test,1,0.0009402536736894
S28545,70,19,2025-12-06,41,28,0.0,test,1,0.0017590445310259
S28572,70,5,2025-12-06,26,22,0.0,test,1,0.0034259118456132
S28688,70,16,2025-12-06,41,11,0.0225272525363933,test,1,0.0031138536869143
S28790,70,23,2025-12-06,54,30,0.0,test,1,0.0025638151191197
S29255,70,12,2025-12-06,44,11,0.0,test,1,0.0028158712497622
S29377,70,16,2025-12-06,24,21,0.0,test,1,0.0026829733974719
S29381,70,1,2025-12-06,51,26,0.0,test,1,0.0033552532089489
S29444,70,23,2025-12-06,34,25,0.0,test,1,0.0009924006582051
S29450,70,20,2025-12-06,47,24,0.0,test,1,0.0015966978810137
S29452,70,25,2025-12-06,21,15,0.0,test,1,0.0029943808280488
S29882,70,17,2025-12-06,57,15,0.0,test,1,0.0029947856111378
S29888,70,6,2025-12-06,51,16,0.0,test,1,0.0032914472543136
S30782,70,4,2025-12-06,48,13,0.0,test,1,0.0028474900223223
S30787,70,2,2025-12-06,30,27,0.0,test,1,0.0033107991243471
S30946,70,7,2025-12-06,57,14,0.0,test,1,0.0030339646658589
S31049,70,18,2025-12-06,51,19,0.0,test,1,0.0010458433198797
S31052,70,18,2025-12-06,15,18,0.0,test,1,0.0019663684080546
S31058,70,23,2025-12-06,41,27,0.0,test,1,0.0009024967687276
S31084,70,22,2025-12-06,45,28,0.0,test,1,0.0014169939488836
S31204,70,24,2025-12-06,60,21,0.0,test,1,0.0005350530908346
S31392,70,20,2025-12-06,54,30,0.0,test,1,0.0019812963559891
S31685,70,1,2025-12-06,25,21,0.0,test,1,0.0034071648911416
S32111,70,1,2025-12-06,55,30,0.0,test,1,0.0031805993507175
S32176,70,4,2025-12-06,16,23,0.0,test,1,0.002874391342854
S32573,70,13,2025-12-06,63,23,0.016315141567501,test,1,0.0030428192501054
S32574,70,14,2025-12-06,36,13,0.0,test,1,0.0031915210113076
S32589,70,7,2025-12-06,55,29,0.0,test,1,0.0032826635101554
S32593,70,7,2025-12-06,37,18,0.0,test,1,0.0032710811101657
S32845,70,16,2025-12-06,38,27,0.0,test,1,0.0030257654625732
S32847,70,14,2025-12-06,25,28,0.0,test,1,0.0031169551222437
S33125,70,14,2025-12-06,62,23,0.0017690547125553,test,1,0.0030580231467303
S33127,70,5,2025-12-06,16,23,0.0017649649137759,test,1,0.0032532530472276
S33129,70,6,2025-12-06,17,26,0.0017887091782015,test,1,0.0028471781295954
S33807,70,19,2025-12-06,50,28,0.0,test,1,0.0026896670627858
S33817,70,24,2025-12-06,55,20,0.0,test,1,0.0005948048730708
S34057,70,8,2025-12-06,46,27,0.0216820375007634,test,1,0.0033194018319495
S34066,70,13,2025-12-06,63,19,0.0115136913311402,test,1,0.0032271634872082
S34088,70,6,2025-12-06,38,29,0.0249649489044408,test,1,0.0027686002437841
S34092,70,1,2025-12-06,23,29,0.0497657180166685,test,1,0.0032984585121984
S34137,70,2,2025-12-06,33,28,0.0,test,1,0.0033059032703838
S34139,70,5,2025-12-06,20,23,0.0,test,1,0.0034239542469448
S34584,70,20,2025-12-06,30,31,0.0,test,1,0.0020982721680698
S34618,70,23,2025-12-06,27,24,0.0,test,1,0.0010497330368492
S34643,70,12,2025-12-06,16,18,0.0,test,1,0.0029226194307409
S34651,70,5,2025-12-06,34,14,0.0,test,1,0.0032613341985766
S34759,70,14,2025-12-06,33,24,0.0,test,1,0.0032183701543604
S34760,70,16,2025-12-06,30,27,0.0,test,1,0.0027723401245443
S34773,70,18,2025-12-06,41,17,0.0,test,1,0.0010172399460906
S34810,70,25,2025-12-06,16,26,0.0,test,1,0.0024821319050025
S34811,70,1,2025-12-06,42,32,0.0,test,1,0.0030732904175211
S35293,70,24,2025-12-06,16,26,0.0133755125607977,test,1,0.0017136452246846
S35405,70,4,2025-12-06,31,28,0.0,test,1,0.0030804065662217
S35410,70,5,2025-12-06,55,19,0.0217182310784827,test,1,0.003113311659268
S35451,70,12,2025-12-06,49,23,0.0021844881561843,test,1,0.0029993753023731
S35453,70,13,2025-12-06,34,30,0.0029589673977757,test,1,0.0032788585534873
S35455,70,16,2025-12-06,26,19,0.0005858210098752,test,1,0.0029544236300202
S35456,70,12,2025-12-06,59,20,0.0150802163023589,test,1,0.0028410968427354
S35457,70,13,2025-12-06,36,21,0.0403185539387914,test,1,0.0032918738686061
S35490,70,10,2025-12-06,57,20,0.035575527409381,test,1,0.0031460201989021
S35491,70,7,2025-12-06,57,24,0.0311488673139158,test,1,0.0033154584982517
S35493,70,7,2025-12-06,49,25,0.0220073682617278,test,1,0.0033054798366845
S35498,70,12,2025-12-06,37,25,0.0081465904171258,test,1,0.0029203236653965
S35501,70,4,2025-12-06,42,16,0.0249617349661421,test,1,0.0029144541797424
S35503,70,12,2025-12-06,40,24,0.0257848958617058,test,1,0.0031360889494259
S35504,70,6,2025-12-06,45,20,0.0309078493068935,test,1,0.0032650786039505
S35515,70,4,2025-12-06,50,16,0.0119094517434766,test,1,0.0030992464815039
S35516,70,4,2025-12-06,25,27,0.0247491472250578,test,1,0.0031998426730347
S35517,70,2,2025-12-06,22,21,0.0300520377942167,test,1,0.0033091587248869
S35519,70,2,2025-12-06,18,27,0.0122276758804787,test,1,0.003108063404692
S35610,70,14,2025-12-06,53,15,0.004057573456775,test,1,0.0028126919781091
S35613,70,16,2025-12-06,17,26,0.0,test,1,0.0032247306701035
S35627,70,6,2025-12-06,22,16,0.0121471343028229,test,1,0.0027635297506502
S35631,70,7,2025-12-06,62,20,0.0019933901269031,test,1,0.0032631781575277
S35825,70,13,2025-12-06,49,27,0.0039485810531668,test,1,0.0032145924024281
S36180,70,1,2025-12-06,42,16,0.0,test,1,0.0033146691992778
S36755,70,7,2025-12-06,25,13,0.0,test,1,0.0029517553389088
S36973,70,25,2025-12-06,60,19,0.0,test,1,0.002651541273727
S36994,70,6,2025-12-06,44,32,0.0,test,1,0.0029907218512106
S37114,70,18,2025-12-06,22,18,0.0,test,1,0.0009113136331175
S37117,70,20,2025-12-06,28,22,0.0,test,1,0.0013158372466325
S37123,70,24,2025-12-06,18,27,0.0,test,1,0.0018564622744854
S37368,70,5,2025-12-06,44,15,0.0,test,1,0.0032863574411172
S37433,70,12,2025-12-06,41,12,0.0,test,1,0.0028637306917341
S37739,70,8,2025-12-06,19,17,0.0028069105346684,test,1,0.0030715345665502
S37743,70,14,2025-12-06,56,29,0.0,test,1,0.0032349676472593
S37769,70,5,2025-12-06,13,22,0.0,test,1,0.0032605834171158
S37775,70,1,2025-12-06,59,26,0.0,test,1,0.0033634309293488
S37791,70,8,2025-12-06,56,17,0.0,test,1,0.002771710440015
S37792,70,13,2025-12-06,22,15,0.0,test,1,0.0032385109064474
S37955,70,16,2025-12-06,20,17,0.0027891185094771,test,1,0.0032475088640628
S37959,70,12,2025-12-06,56,18,0.0027126229754253,test,1,0.0026922742676356
S37971,70,10,2025-12-06,54,25,0.0040467699122249,test,1,0.0033536892629036
S37972,70,7,2025-12-06,36,16,0.0096969392903033,test,1,0.0032101272475167
S37974,70,7,2025-12-06,41,22,0.0070909236177692,test,1,0.003194089315846
S37975,70,8,2025-12-06,32,12,0.0013592270182606,test,1,0.002801396076982
S37984,70,1,2025-12-06,52,15,0.0040697341161634,test,1,0.0032560142013462
S38208,70,2,2025-12-06,28,31,0.0082514278124584,test,1,0.0032756653656087
S38209,70,6,2025-12-06,37,32,0.0084044981821256,test,1,0.0030285370497353
S38865,70,18,2025-12-06,21,25,0.0,test,1,0.0007732605495863
S38878,70,25,2025-12-06,59,24,0.0,test,1,0.0011706051885966
S38942,70,12,2025-12-06,19,19,0.0,test,1,0.0029533254257075
S38948,70,2,2025-12-06,28,20,0.0,test,1,0.0033949545972624
S38953,70,4,2025-12-06,40,29,0.0,test,1,0.0031718345873617
S39036,70,18,2025-12-06,19,16,0.0,test,1,0.0009305322941899
S39037,70,24,2025-12-06,37,22,0.0,test,1,0.0011871980141721
S39437,70,13,2025-12-06,30,30,0.0,test,1,0.003232580024353
S39440,70,1,2025-12-06,37,21,0.0,test,1,0.0033207462744201
S39505,70,19,2025-12-06,45,13,0.0,test,1,0.0005564580195627
S39520,70,23,2025-12-06,33,27,0.0,test,1,0.0010270279809519
S39832,70,25,2025-12-06,33,24,0.0,test,1,0.0010190427142148
S39833,70,24,2025-12-06,42,13,0.0,test,1,0.0005297761743376
S40031,70,14,2025-12-06,58,16,0.0016646904747549,test,1,0.0030551037430535
S40052,70,14,2025-12-06,43,27,0.0033430530751716,test,1,0.0031528720121297
S40059,70,10,2025-12-06,28,30,0.0,test,1,0.0033351342474637
S40065,70,12,2025-12-06,19,24,0.0016717120753447,test,1,0.0028429315509616
S40067,70,8,2025-12-06,45,12,0.0,test,1,0.0027333416527636
S40070,70,7,2025-12-06,47,17,0.0033348766364045,test,1,0.0029190272493002
S40078,70,6,2025-12-06,28,19,0.003307908363617,test,1,0.0032460388690786
S40079,70,7,2025-12-06,53,28,0.0,test,1,0.0032926592487093
S40489,70,17,2025-12-06,47,19,0.0,test,1,0.0032920289453009
S40492,70,17,2025-12-06,19,24,0.0,test,1,0.003029227568343
S40493,70,7,2025-12-06,29,13,0.0,test,1,0.0030633116136337
S40502,70,6,2025-12-06,54,21,0.0,test,1,0.0028486003199317
S40504,70,7,2025-12-06,29,27,0.0,test,1,0.0029016789571429
S40506,70,7,2025-12-06,33,27,0.0021664835835469,test,1,0.0032727676170454
S41109,70,24,2025-12-06,45,19,0.0,test,1,0.0007739603146834
S41308,70,4,2025-12-06,51,21,0.0,test,1,0.0028456854616531
S41901,70,17,2025-12-06,35,24,0.01889408995643,test,1,0.0032353393798601
S41910,70,14,2025-12-06,15,24,0.0145320137735076,test,1,0.0030693667701993
S41911,70,7,2025-12-06,51,17,0.0059352293994312,test,1,0.0032884896373189
S41916,70,10,2025-12-06,48,24,0.0109154739217991,test,1,0.003303646270831
S41917,70,4,2025-12-06,57,22,0.0126630011057831,test,1,0.0031217642849659
S41918,70,10,2025-12-06,52,15,0.0024769128794486,test,1,0.0033120921382265
S41921,70,12,2025-12-06,49,24,0.01041099333864,test,1,0.0028618352494965
S41928,70,6,2025-12-06,58,19,0.0072465749180295,test,1,0.0027427364566576
S42724,70,7,2025-12-06,35,11,0.0,test,1,0.0031226589506093
S42739,70,20,2025-12-06,26,16,0.0,test,1,0.0008389935410675
S42745,70,19,2025-12-06,32,20,0.0,test,1,0.0009674477366308
S42749,70,23,2025-12-06,46,28,0.0,test,1,0.0008660696231672
S42767,70,22,2025-12-06,49,27,0.0,test,1,0.0013262859501111
S42768,70,20,2025-12-06,55,20,0.0,test,1,0.0012244966327739
S42769,70,22,2025-12-06,24,22,0.0,test,1,0.0010858643562367
S42853,70,22,2025-12-06,53,23,0.0,test,1,0.0011789346545143
S42991,70,12,2025-12-06,33,12,0.0,test,1,0.0026631720808312
S42992,70,2,2025-12-06,36,18,0.0,test,1,0.0033649175095445
S42994,70,12,2025-12-06,38,15,0.0,test,1,0.0029606437390351
S43368,70,25,2025-12-06,31,21,0.0,test,1,0.0011133965264301
S43613,70,1,2025-12-06,29,31,0.0203175826807061,test,1,0.003242400158916
S43617,70,4,2025-12-06,59,29,0.0080748015824661,test,1,0.0030451658824313
S43619,70,8,2025-12-06,63,17,0.0212191605099274,test,1,0.003190683259017
S43695,70,13,2025-12-06,29,19,0.0090879169104739,test,1,0.0033388947368982
S43701,70,10,2025-12-06,45,30,0.0110985245275971,test,1,0.0032857189216824
S43705,70,17,2025-12-06,33,22,0.0124562123937481,test,1,0.0029054908996356
S43724,70,5,2025-12-06,52,27,0.0132569695306903,test,1,0.0033653390276026
S43725,70,4,2025-12-06,40,23,0.0,test,1,0.0029703261179817
S43727,70,6,2025-12-06,24,17,0.0130448564581226,test,1,0.003161928732354
S43729,70,7,2025-12-06,35,25,0.0,test,1,0.0033201182705545
S00526,70,8,2025-12-06,53,17,0.0,test,2,0.0032358017059277
S00530,70,8,2025-12-06,22,20,0.0,test,2,0.0032428514034431
S00532,70,13,2025-12-06,21,26,0.0,test,2,0.0032371022461791
S00534,70,17,2025-12-06,36,22,0.0066801075268817,test,2,0.0031386548104347
S00536,70,14,2025-12-06,58,23,0.0,test,2,0.0032790589168196
S00541,70,10,2025-12-06,39,31,0.0,test,2,0.0033082679410309
S00549,70,14,2025-12-06,38,25,0.0021752450980392,test,2,0.0032991072203218
S00575,70,24,2025-12-06,29,27,0.0065642624120032,test,2,0.0005179441748296
S00848,70,23,2025-12-06,30,22,0.0,test,2,0.0009548860892986
S00849,70,20,2025-12-06,36,21,0.0,test,2,0.0021090014722938
S00851,70,23,2025-12-06,31,24,0.0,test,2,0.0009345555635892
S00861,70,24,2025-12-06,21,20,0.0,test,2,0.0005343266514801
S00863,70,24,2025-12-06,33,15,0.0,test,2,0.0005188224150081
S01054,70,24,2025-12-06,37,25,0.0,test,2,0.0005335592366092
S01067,70,25,2025-12-06,14,22,0.0,test,2,0.0019002738815101
S01068,70,25,2025-12-06,28,15,0.0,test,2,0.0012400874978203
S01489,70,10,2025-12-06,24,30,0.0014783087196418,test,2,0.0031217567900136
S01498,70,14,2025-12-06,49,31,0.0014747818242784,test,2,0.0030885166735966
S01529,70,6,2025-12-06,21,17,0.0043617917573544,test,2,0.0029733390327732
S02011,70,16,2025-12-06,21,24,0.0,test,2,0.002674541138514
S02012,70,13,2025-12-06,25,22,0.0033042796072095,test,2,0.0033672569857732
S02021,70,4,2025-12-06,24,17,0.0,test,2,0.0031981801892412
S02022,70,6,2025-12-06,40,27,0.0,test,2,0.0032510965964913
S02024,70,1,2025-12-06,48,29,0.0,test,2,0.0032476952012283
S02116,70,19,2025-12-06,23,17,0.0,test,2,0.0005891157404209
S02117,70,24,2025-12-06,38,29,0.0,test,2,0.0005809974162991
S02212,70,23,2025-12-06,61,22,0.0,test,2,0.0009006722317657
S02216,70,23,2025-12-06,37,16,0.0,test,2,0.0007760073776038
S02217,70,24,2025-12-06,53,27,0.0,test,2,0.0007520087315898
S02281,70,10,2025-12-06,49,28,0.0,test,2,0.003277055494917
S02525,70,2,2025-12-06,58,14,0.0,test,2,0.0031182298478278
S02626,70,1,2025-12-06,59,23,0.0,test,2,0.0033624251531878
S02627,70,2,2025-12-06,55,19,0.0,test,2,0.0033836340331487
S02670,70,13,2025-12-06,25,27,0.0,test,2,0.0032731710548814
S02673,70,7,2025-12-06,43,20,0.0,test,2,0.0032544035043862
S02676,70,7,2025-12-06,53,26,0.0028862794290161,test,2,0.0032966110210081
S02678,70,12,2025-12-06,32,27,0.0057765844927182,test,2,0.0028403346364042
S02679,70,14,2025-12-06,46,23,0.0,test,2,0.0032057375262022
S02683,70,2,2025-12-06,61,20,0.0,test,2,0.0033248558562092
S02929,70,18,2025-12-06,49,22,0.0,test,2,0.0029401495521519
S02936,70,19,2025-12-06,35,28,0.0,test,2,0.000899997955198
S02962,70,22,2025-12-06,45,22,0.0,test,2,0.0009397571607063
S03167,70,18,2025-12-06,47,32,0.0014962938877749,test,2,0.0023831455121176
S03399,70,24,2025-12-06,54,15,0.0,test,2,0.0005309352691232
S03564,70,24,2025-12-06,41,24,0.0,test,2,0.0008248449006494
S03568,70,19,2025-12-06,50,19,0.0,test,2,0.0015238443209086
S03605,70,24,2025-12-06,24,21,0.0,test,2,0.0005316329273651
S03805,70,17,2025-12-06,56,24,0.0278185914389264,test,2,0.0030199153153482
S03807,70,8,2025-12-06,29,29,0.0,test,2,0.0032354218298053
S03850,70,18,2025-12-06,64,19,0.0,test,2,0.000926361336276
S03952,70,23,2025-12-06,29,22,0.0,test,2,0.0016039912377364
S03975,70,22,2025-12-06,57,21,0.0,test,2,0.0012482257170423
S03977,70,25,2025-12-06,24,15,0.0,test,2,0.0024401356112289
S03980,70,24,2025-12-06,54,19,0.0,test,2,0.0006566613885876
S03983,70,22,2025-12-06,45,29,0.0,test,2,0.0015336948114173
S04121,70,22,2025-12-06,41,31,0.0,test,2,0.0013488291176517
S04125,70,19,2025-12-06,32,14,0.0,test,2,0.0011286766960451
S04136,70,22,2025-12-06,56,16,0.0,test,2,0.0012399457302125
S04141,70,20,2025-12-06,59,17,0.0,test,2,0.0008873305693583
S04480,70,13,2025-12-06,26,19,0.0,test,2,0.0034172442335271
S04482,70,10,2025-12-06,34,22,0.0,test,2,0.0032939442592622
S04483,70,6,2025-12-06,18,25,0.0,test,2,0.0028555312561762
S04896,70,8,2025-12-06,52,19,0.0,test,2,0.0031405291992395
S04907,70,4,2025-12-06,22,27,0.0,test,2,0.0032968829966601
S05226,70,6,2025-12-06,40,26,0.0,test,2,0.0031265242031028
S05229,70,16,2025-12-06,45,26,0.0,test,2,0.0028592462787884
S05628,70,20,2025-12-06,32,15,0.0,test,2,0.0010319952171883
S05760,70,17,2025-12-06,50,15,0.0,test,2,0.0031979577637226
S05767,70,13,2025-12-06,40,12,0.0,test,2,0.0028801805692724
S05774,70,16,2025-12-06,33,20,0.0,test,2,0.0028660829597402
S05792,70,10,2025-12-06,26,24,0.0,test,2,0.0032837233550512
S05794,70,12,2025-12-06,48,30,0.0,test,2,0.0027591996709786
S05797,70,13,2025-12-06,46,31,0.0,test,2,0.0031350376817505
S05801,70,5,2025-12-06,29,23,0.0,test,2,0.0034433474842543
S05802,70,6,2025-12-06,30,23,0.0,test,2,0.0032759278169668
S05804,70,6,2025-12-06,35,29,0.0,test,2,0.0031924453343584
S06015,70,22,2025-12-06,13,20,0.0,test,2,0.001434339410575
S06329,70,13,2025-12-06,32,23,0.0181517699801864,test,2,0.0032764842675284
S06332,70,13,2025-12-06,57,21,0.0090045203779362,test,2,0.0032865275127922
S06333,70,13,2025-12-06,36,23,0.00458360232408,test,2,0.0023599148286913
S06351,70,7,2025-12-06,41,26,0.022946157326611,test,2,0.0032558581866048
S06359,70,6,2025-12-06,36,20,0.0,test,2,0.003180907953218
S06363,70,14,2025-12-06,54,23,0.0014946064854493,test,2,0.00304781499137
S06368,70,4,2025-12-06,41,31,0.0106934941506986,test,2,0.0032463335778377
S06591,70,19,2025-12-06,57,19,0.0,test,2,0.0010155111658221
S06891,70,18,2025-12-06,37,29,0.0,test,2,0.0009603981965629
S06894,70,18,2025-12-06,33,20,0.0,test,2,0.001481928854843
S06897,70,22,2025-12-06,29,20,0.0,test,2,0.0010827948763758
S06898,70,23,2025-12-06,27,26,0.0,test,2,0.0009486915472765
S06901,70,19,2025-12-06,44,26,0.0,test,2,0.0014499559199669
S06915,70,25,2025-12-06,41,13,0.0,test,2,0.0008326394013127
S06918,70,25,2025-12-06,42,31,0.0,test,2,0.0024521473958663
S07014,70,17,2025-12-06,52,26,0.0,test,2,0.003138944065584
S07019,70,8,2025-12-06,14,20,0.0,test,2,0.0031992647078729
S07039,70,7,2025-12-06,60,22,0.0,test,2,0.0031732349446024
S07086,70,16,2025-12-06,42,32,0.0,test,2,0.003201170704985
S07365,70,7,2025-12-06,44,14,0.0029033511214704,test,2,0.0032355977041667
S07389,70,12,2025-12-06,40,27,0.0059143959610744,test,2,0.003040396734353
S07462,70,17,2025-12-06,14,24,0.0,test,2,0.0031767834528078
S07469,70,7,2025-12-06,32,25,0.0,test,2,0.0033169434600184
S07471,70,4,2025-12-06,44,25,0.0,test,2,0.0031524416030381
S07582,70,17,2025-12-06,44,15,0.005215547999832,test,2,0.0030337642244878
S07583,70,8,2025-12-06,27,21,0.0105728259227822,test,2,0.0033371809380022
S07593,70,2,2025-12-06,51,27,0.0110885027620857,test,2,0.0032734913908869
S07603,70,2,2025-12-06,57,16,0.012913535177691,test,2,0.0033181379542576
S07604,70,4,2025-12-06,39,28,0.0097538318625174,test,2,0.003196614075756
S07605,70,5,2025-12-06,21,28,0.0066494966050105,test,2,0.0033363097832599
S07608,70,10,2025-12-06,62,17,0.0074413451316833,test,2,0.0032939868171542
S07609,70,4,2025-12-06,52,22,0.0,test,2,0.0031356647909289
S07655,70,25,2025-12-06,54,26,0.0,test,2,0.0017151135159948
S08423,70,17,2025-12-06,57,28,0.0094541736514843,test,2,0.0030538481311194
S08425,70,8,2025-12-06,27,25,0.0022563627613885,test,2,0.0032748857319294
S08436,70,2,2025-12-06,57,22,0.0079786075162656,test,2,0.0033621089681093
S08443,70,6,2025-12-06,27,29,0.0091245608116636,test,2,0.0021816227304473
S08446,70,6,2025-12-06,35,28,0.0069063748480111,test,2,0.0031378413032215
S08448,70,8,2025-12-06,30,15,0.0139023895606201,test,2,0.0032001266889459
S08449,70,7,2025-12-06,41,25,0.0153449709060681,test,2,0.0033220627896418
S08452,70,7,2025-12-06,28,17,0.003419379695627,test,2,0.0033537585966283
S08703,70,18,2025-12-06,42,29,0.0,test,2,0.0015392485256938
S08708,70,19,2025-12-06,46,23,0.0,test,2,0.001544663586808
S08738,70,18,2025-12-06,61,22,0.0,test,2,0.0007771138565149
S08760,70,7,2025-12-06,32,18,0.0,test,2,0.0033184156541126
S08763,70,6,2025-12-06,55,23,0.0,test,2,0.0032136337061015
S08937,70,6,2025-12-06,52,24,0.0,test,2,0.0029953341257349
S09015,70,25,2025-12-06,36,15,0.0,test,2,0.0007731481926521
S09030,70,22,2025-12-06,43,14,0.0,test,2,0.0012085263809893
S09193,70,16,2025-12-06,55,27,0.0,test,2,0.0032760961497159
S09525,70,8,2025-12-06,51,29,0.0,test,2,0.0028954855292054
S09844,70,8,2025-12-06,15,25,0.0063889960149119,test,2,0.0032867830395095
S09847,70,8,2025-12-06,33,28,0.007763744718076,test,2,0.0032941467956867
S09848,70,16,2025-12-06,38,13,0.0013479355160667,test,2,0.0025908651960652
S09858,70,17,2025-12-06,27,27,0.0077760132677248,test,2,0.0031560194244405
S09865,70,8,2025-12-06,30,13,0.0065576798743881,test,2,0.0032878383223145
S09868,70,7,2025-12-06,20,25,0.0065465887925561,test,2,0.0033457683723104
S09869,70,10,2025-12-06,61,18,0.0102166410993681,test,2,0.0033030637548174
S09872,70,5,2025-12-06,52,19,0.0065312065517069,test,2,0.0033122417504391
S09873,70,13,2025-12-06,52,28,0.0066839346184777,test,2,0.0032338597525532
S09876,70,5,2025-12-06,46,23,0.0025724238236466,test,2,0.00315558423798
S09877,70,6,2025-12-06,42,30,0.0051958777975541,test,2,0.0029421545242252
S09886,70,2,2025-12-06,29,19,0.0052824012074059,test,2,0.0034213798771431
S09887,70,2,2025-12-06,28,29,0.0106640918356399,test,2,0.0031857022302334
S10343,70,20,2025-12-06,31,22,0.0,test,2,0.0025331536691622
S10345,70,19,2025-12-06,51,24,0.0,test,2,0.0016088668295606
S10357,70,20,2025-12-06,38,16,0.0,test,2,0.0012206178891937
S10474,70,16,2025-12-06,32,12,0.0,test,2,0.0031641814564327
S10475,70,12,2025-12-06,45,14,0.0,test,2,0.0028198539486213
S10479,70,12,2025-12-06,49,14,0.0,test,2,0.0028579120108907
S10712,70,18,2025-12-06,59,27,0.0,test,2,0.0007973733637397
S10714,70,25,2025-12-06,41,19,0.0,test,2,0.0014799408315637
S11108,70,25,2025-12-06,33,22,0.0,test,2,0.0009198526228033
S11112,70,20,2025-12-06,22,22,0.0144392095719079,test,2,0.001198896828501
S11136,70,24,2025-12-06,29,17,0.0,test,2,0.0012154414630323
S11139,70,24,2025-12-06,36,27,0.0,test,2,0.0006070527352964
S11141,70,20,2025-12-06,30,19,0.0161403987360476,test,2,0.0014767178314373
S11529,70,5,2025-12-06,24,13,0.0237287427526177,test,2,0.0031771489570999
S12452,70,12,2025-12-06,53,14,0.0,test,2,0.0028106218528199
S12638,70,23,2025-12-06,26,18,0.0,test,2,0.0008724106095581
S12643,70,19,2025-12-06,29,15,0.0,test,2,0.000572221558594
S13097,70,19,2025-12-06,49,26,0.0,test,2,0.0008669260251953
S13101,70,19,2025-12-06,19,27,0.0,test,2,0.0005887411191922
S13108,70,24,2025-12-06,46,19,0.0,test,2,0.0006811233140844
S13207,70,6,2025-12-06,40,18,0.0,test,2,0.0033007471614029
S13217,70,7,2025-12-06,45,18,0.0,test,2,0.0032819606326953
S13332,70,20,2025-12-06,39,19,0.0,test,2,0.0016618043110152
S13377,70,24,2025-12-06,48,12,0.0,test,2,0.002080486180061
S13614,70,25,2025-12-06,23,24,0.0093841626408366,test,2,0.0016653719696503
S13916,70,2,2025-12-06,33,30,0.0091636889287149,test,2,0.0033476327576141
S13918,70,5,2025-12-06,26,29,0.0,test,2,0.0034297617774338
S13927,70,7,2025-12-06,48,21,0.0,test,2,0.0033184803692545
S13931,70,12,2025-12-06,44,27,0.00917780190721,test,2,0.0030165725524639
S13932,70,10,2025-12-06,24,23,0.0018531983518839,test,2,0.0032331599284365
S14251,70,22,2025-12-06,32,19,0.0,test,2,0.0014130504448051
S14253,70,19,2025-12-06,37,18,0.0,test,2,0.0010742891607924
S14267,70,25,2025-12-06,31,14,0.0,test,2,0.0009380136936517
S14407,70,2,2025-12-06,37,32,0.0,test,2,0.0030939725880637
S14652,70,24,2025-12-06,23,24,0.0,test,2,0.0005568234452726
S14654,70,19,2025-12-06,41,22,0.0,test,2,0.0009275836331234
S14818,70,16,2025-12-06,61,24,0.0,test,2,0.0031793732885168
S14832,70,1,2025-12-06,36,31,0.0083846831914094,test,2,0.0033071822854507
S14834,70,4,2025-12-06,35,27,0.0,test,2,0.0031975006704001
S14837,70,1,2025-12-06,21,20,0.0122778196371002,test,2,0.0033148302781376
S14840,70,5,2025-12-06,41,20,0.0063086277148043,test,2,0.0033642429328353
S14841,70,4,2025-12-06,25,23,0.0020849064518835,test,2,0.0032296329527271
S15053,70,22,2025-12-06,53,18,0.0,test,2,0.0011641227031807
S15070,70,24,2025-12-06,44,24,0.0,test,2,0.0009356872968312
S15456,70,18,2025-12-06,29,25,0.0,test,2,0.0010376016943676
S15459,70,24,2025-12-06,26,29,0.0,test,2,0.0007653111576021
S15465,70,25,2025-12-06,24,19,0.0,test,2,0.0012839227421606
S15708,70,23,2025-12-06,44,27,0.0,test,2,0.0009903359387623
S15805,70,7,2025-12-06,55,27,0.0,test,2,0.0032603847071255
S16172,70,25,2025-12-06,33,19,0.0,test,2,0.000956893239218
S16177,70,24,2025-12-06,21,27,0.0,test,2,0.0007093126778035
S16200,70,20,2025-12-06,55,19,0.0,test,2,0.0012264259201859
S16704,70,22,2025-12-06,32,23,0.0,test,2,0.001307943549586
S17121,70,4,2025-12-06,34,15,0.0,test,2,0.0031999939221476
S17123,70,1,2025-12-06,29,16,0.0,test,2,0.0032936806080255
S17303,70,24,2025-12-06,55,26,0.0,test,2,0.0005670344435846
S17611,70,24,2025-12-06,44,27,0.0,test,2,0.0009982434805491
S17741,70,1,2025-12-06,26,14,0.0,test,2,0.0033070412077268
S17923,70,18,2025-12-06,48,27,0.0,test,2,0.0022490343576162
S17931,70,23,2025-12-06,44,25,0.0,test,2,0.0016106213119577
S17941,70,23,2025-12-06,50,23,0.0,test,2,0.0013479036625595
S17946,70,19,2025-12-06,61,25,0.0,test,2,0.0006139300554257
S17950,70,24,2025-12-06,40,14,0.0,test,2,0.0007633613777604
S17961,70,22,2025-12-06,35,17,0.0,test,2,0.0011335341868841
S18309,70,23,2025-12-06,59,20,0.0,test,2,0.0007726655101292
S18313,70,18,2025-12-06,34,13,0.0,test,2,0.0010159019674373
S18323,70,22,2025-12-06,18,17,0.0,test,2,0.0011364818369544
S18599,70,22,2025-12-06,38,22,0.0,test,2,0.0010770656426289
S18603,70,18,2025-12-06,40,12,0.0,test,2,0.0008724012816899
S18738,70,16,2025-12-06,25,13,0.0,test,2,0.0031548148490078
S19234,70,20,2025-12-06,38,24,0.0069385547004519,test,2,0.0019361756931353
S19727,70,20,2025-12-06,46,18,0.0,test,2,0.0012633452856539
S19812,70,8,2025-12-06,25,29,0.0,test,2,0.0028130079488671
S19823,70,7,2025-12-06,39,20,0.0,test,2,0.0032204987442092
S19831,70,1,2025-12-06,41,13,0.0,test,2,0.0033015378769624
S19838,70,20,2025-12-06,44,13,0.0095804273988657,test,2,0.0008754355007721
S19839,70,22,2025-12-06,48,16,0.0,test,2,0.0012246122743705
S20145,70,17,2025-12-06,35,25,0.0019048057059853,test,2,0.0030887926068066
S20147,70,12,2025-12-06,19,17,0.0039054826060648,test,2,0.0028759832016972
S20158,70,5,2025-12-06,18,25,0.0019100544961222,test,2,0.0033445880327025
S20159,70,6,2025-12-06,50,30,0.0,test,2,0.0033283041079209
S20164,70,16,2025-12-06,60,20,0.0,test,2,0.0031889175027802
S20166,70,16,2025-12-06,50,16,0.0057647249866611,test,2,0.0020975508119779
S20623,70,8,2025-12-06,33,30,0.0,test,2,0.0032680544358293
S20626,70,7,2025-12-06,27,15,0.0,test,2,0.0032217469113084
S20628,70,13,2025-12-06,49,29,0.0,test,2,0.0033164170260893
S20637,70,6,2025-12-06,52,27,0.0,test,2,0.003301995745218
S20886,70,17,2025-12-06,29,30,0.0,test,2,0.0031374693443225
S20895,70,5,2025-12-06,62,20,0.0,test,2,0.0032057055061549
S20896,70,5,2025-12-06,61,25,0.0,test,2,0.0032470373984628
S21204,70,23,2025-12-06,42,26,0.0,test,2,0.0009802959024394
S21418,70,1,2025-12-06,22,27,0.0041201389407015,test,2,0.0034171615758116
S21421,70,5,2025-12-06,28,17,0.0,test,2,0.0033997330944657
S21631,70,23,2025-12-06,53,22,0.0,test,2,0.0008669544435424
S21965,70,24,2025-12-06,31,13,0.0,test,2,0.0005480523017924
S21969,70,20,2025-12-06,38,20,0.0,test,2,0.0018624674827357
S22399,70,14,2025-12-06,40,27,0.0,test,2,0.003216646424492
S22448,70,24,2025-12-06,37,21,0.0,test,2,0.0011473484801372
S22449,70,25,2025-12-06,57,21,0.0,test,2,0.0013128633760653
S22451,70,24,2025-12-06,17,22,0.0,test,2,0.0005155241829343
S22543,70,23,2025-12-06,44,17,0.0016054994007643,test,2,0.0016086891165369
S22599,70,8,2025-12-06,64,25,0.0,test,2,0.0032349074756942
S22615,70,14,2025-12-06,18,24,0.0048158914728682,test,2,0.0032497353475594
S22616,70,17,2025-12-06,32,13,0.0015780783641328,test,2,0.0030093792275798
S22617,70,7,2025-12-06,16,18,0.0015667656534705,test,2,0.0022839894898715
S22628,70,10,2025-12-06,42,27,0.0,test,2,0.0032356815979445
S22637,70,4,2025-12-06,26,20,0.0015691103112963,test,2,0.0032296556815769
S22639,70,10,2025-12-06,41,21,0.0048042532624456,test,2,0.003002269899223
S22643,70,6,2025-12-06,40,12,0.0079330875193538,test,2,0.0032938043633495
S22644,70,2,2025-12-06,49,18,0.0063278648867159,test,2,0.0033234840462349
S22762,70,23,2025-12-06,31,31,0.0047264462259754,test,2,0.0023881347779541
S23184,70,1,2025-12-06,37,16,0.0036290617013508,test,2,0.0033457240075066
S23185,70,2,2025-12-06,51,25,0.0,test,2,0.0033818194219098
S23186,70,2,2025-12-06,31,26,0.0,test,2,0.0033425984278303
S23917,70,18,2025-12-06,28,23,0.0,test,2,0.0010282015619655
S23919,70,23,2025-12-06,17,24,0.0,test,2,0.0007942382507226
S24038,70,17,2025-12-06,22,18,0.0,test,2,0.0030640787062461
S24039,70,8,2025-12-06,20,19,0.0,test,2,0.0031582446874593
S24044,70,5,2025-12-06,54,28,0.0034191209350642,test,2,0.0033329491604084
S24554,70,19,2025-12-06,54,23,0.0,test,2,0.0008152811249059
S24979,70,22,2025-12-06,34,13,0.0,test,2,0.0011030137007454
S24980,70,20,2025-12-06,61,21,0.0020773249738766,test,2,0.0009351164785292
S25189,70,13,2025-12-06,47,24,0.0,test,2,0.0033402616517283
S25193,70,10,2025-12-06,63,25,0.0,test,2,0.0032025044835693
S25278,70,22,2025-12-06,48,31,0.0,test,2,0.0016857889941981
S25455,70,14,2025-12-06,54,20,0.0,test,2,0.0032074425119689
S25456,70,8,2025-12-06,39,27,0.0031659882406151,test,2,0.0030667089572854
S25469,70,10,2025-12-06,22,24,0.0,test,2,0.0034116377363625
S25480,70,17,2025-12-06,33,30,0.0061365979540557,test,2,0.0029391872210922
S25487,70,1,2025-12-06,37,13,0.0030722820812392,test,2,0.0033210789779056
S25492,70,1,2025-12-06,53,18,0.0,test,2,0.0033341630361695
S25754,70,7,2025-12-06,57,20,0.0,test,2,0.0031723043032856
S25915,70,18,2025-12-06,61,21,0.0,test,2,0.0008395964338721
S25916,70,18,2025-12-06,58,15,0.0,test,2,0.000999143944198
S25920,70,18,2025-12-06,33,27,0.0,test,2,0.0014162721462426
S25941,70,24,2025-12-06,53,15,0.0,test,2,0.0007382835428443
S26088,70,22,2025-12-06,33,29,0.0,test,2,0.0017149725490839
S26310,70,22,2025-12-06,31,18,0.0,test,2,0.001017962961298
S26553,70,23,2025-12-06,19,20,0.0,test,2,0.0008019150319089
S26555,70,23,2025-12-06,30,21,0.0,test,2,0.000972210856378
S26832,70,18,2025-12-06,46,29,0.0,test,2,0.0026721343230097
S27195,70,6,2025-12-06,52,18,0.0164361886155035,test,2,0.0031501410210493
S27196,70,5,2025-12-06,52,17,0.0110474722701777,test,2,0.0034167094374383
S27206,70,8,2025-12-06,43,15,0.0062449738640932,test,2,0.0032572024758197
S27208,70,7,2025-12-06,25,24,0.0025410946647237,test,2,0.0033618001324712
S27307,70,1,2025-12-06,43,30,0.0,test,2,0.0033020456002035
S27309,70,10,2025-12-06,26,26,0.0,test,2,0.0032444388048645
S27479,70,5,2025-12-06,54,13,0.0,test,2,0.0030317686230081
S27685,70,19,2025-12-06,42,21,0.0,test,2,0.0012467380118197
S27899,70,13,2025-12-06,55,19,0.0,test,2,0.0033155328186049
S27901,70,12,2025-12-06,31,18,0.0,test,2,0.0029567004295429
S27916,70,1,2025-12-06,40,24,0.0,test,2,0.0033638194616937
S27921,70,4,2025-12-06,56,21,0.0,test,2,0.0031840308006871
S27924,70,6,2025-12-06,43,23,0.0,test,2,0.0031603552394221
S27925,70,4,2025-12-06,23,25,0.0,test,2,0.0033042621880715
S27927,70,12,2025-12-06,35,15,0.0,test,2,0.0029774485564068
S28288,70,25,2025-12-06,24,13,0.0248786104019622,test,2,0.0031919806351494
S28493,70,18,2025-12-06,45,24,0.0,test,2,0.0029646908867499
S28498,70,18,2025-12-06,51,27,0.0,test,2,0.0008774425798047
S28542,70,19,2025-12-06,57,28,0.0,test,2,0.0010207723903336
S28545,70,19,2025-12-06,39,28,0.0,test,2,0.0009225374438999
S28572,70,5,2025-12-06,25,22,0.0,test,2,0.0034401789607089
S28688,70,16,2025-12-06,42,11,0.0225272525363933,test,2,0.0031357125383949
S28790,70,23,2025-12-06,49,31,0.0,test,2,0.0024407733339849
S29255,70,12,2025-12-06,45,11,0.0,test,2,0.0029572104301255
S29377,70,16,2025-12-06,25,21,0.0,test,2,0.0030721326012524
S29381,70,1,2025-12-06,50,26,0.0,test,2,0.0033044343572496
S29444,70,23,2025-12-06,36,25,0.0,test,2,0.0009173786965918
S29450,70,20,2025-12-06,45,24,0.0,test,2,0.0020627537595158
S29452,70,25,2025-12-06,23,15,0.0,test,2,0.0030460013916478
S29882,70,17,2025-12-06,58,15,0.0,test,2,0.0029896071897399
S29888,70,6,2025-12-06,50,16,0.0,test,2,0.0032272218991625
S30782,70,4,2025-12-06,49,13,0.0,test,2,0.0026137171842654
S30787,70,2,2025-12-06,31,27,0.0,test,2,0.003323672011421
S30946,70,7,2025-12-06,59,15,0.0,test,2,0.003182835739867
S31049,70,18,2025-12-06,53,19,0.0,test,2,0.0008851205620273
S31052,70,18,2025-12-06,15,19,0.0,test,2,0.0007995641329268
S31058,70,23,2025-12-06,43,27,0.0,test,2,0.0009359647154969
S31084,70,22,2025-12-06,43,28,0.0,test,2,0.0013713726401817
S31204,70,24,2025-12-06,62,21,0.0,test,2,0.0005670351053714
S31392,70,20,2025-12-06,51,31,0.0,test,2,0.0024727609232519
S31685,70,1,2025-12-06,26,21,0.0,test,2,0.0033846138608623
S32111,70,1,2025-12-06,54,30,0.0,test,2,0.0031729759307608
S32176,70,4,2025-12-06,17,23,0.0,test,2,0.0028569068538053
S32573,70,13,2025-12-06,64,23,0.016315141567501,test,2,0.0031156162584549
S32574,70,14,2025-12-06,37,13,0.0,test,2,0.0031980905581639
S32589,70,7,2025-12-06,56,29,0.0,test,2,0.0032647101464579
S32593,70,7,2025-12-06,36,18,0.0,test,2,0.0033050555324102
S32845,70,16,2025-12-06,39,27,0.0,test,2,0.002956185898306
S32847,70,14,2025-12-06,24,28,0.0,test,2,0.0031238712699536
S33125,70,14,2025-12-06,63,23,0.0017690547125553,test,2,0.0025701212522659
S33127,70,5,2025-12-06,17,23,0.0017649649137759,test,2,0.0031576975150923
S33129,70,6,2025-12-06,18,27,0.0017887091782015,test,2,0.0028407009941579
S33807,70,19,2025-12-06,48,28,0.0,test,2,0.0008626204431888
S33817,70,24,2025-12-06,54,20,0.0,test,2,0.0005796844902141
S34057,70,8,2025-12-06,47,27,0.0216820375007634,test,2,0.0032723070446701
S34066,70,13,2025-12-06,64,19,0.0115136913311402,test,2,0.003194338962213
S34088,70,6,2025-12-06,39,29,0.0249649489044408,test,2,0.0031388195565218
S34092,70,1,2025-12-06,24,29,0.0497657180166685,test,2,0.0033218940634472
S34137,70,2,2025-12-06,32,28,0.0,test,2,0.0033393424485299
S34139,70,5,2025-12-06,21,23,0.0,test,2,0.0032942443370877
S34584,70,20,2025-12-06,33,32,0.0,test,2,0.0029265982057783
S34618,70,23,2025-12-06,25,24,0.0,test,2,0.0008824683091715
S34643,70,12,2025-12-06,15,18,0.0,test,2,0.0031463813526494
S34651,70,5,2025-12-06,33,14,0.0,test,2,0.0033764701218066
S34759,70,14,2025-12-06,32,24,0.0,test,2,0.0031794046907042
S34760,70,16,2025-12-06,31,27,0.0,test,2,0.0030187299697714
S34773,70,18,2025-12-06,43,17,0.0,test,2,0.0009559531748053
S34810,70,25,2025-12-06,17,27,0.0,test,2,0.002475569676608
S34811,70,1,2025-12-06,41,32,0.0,test,2,0.0032668546268054
S35293,70,24,2025-12-06,17,27,0.0133755125607977,test,2,0.0017954981763548
S35405,70,4,2025-12-06,30,28,0.0,test,2,0.003180338549754
S35410,70,5,2025-12-06,56,19,0.0217182310784827,test,2,0.0032112849725697
S35451,70,12,2025-12-06,50,23,0.0021844881561843,test,2,0.0029886376448079
S35453,70,13,2025-12-06,33,30,0.0029589673977757,test,2,0.0031924986729879
S35455,70,16,2025-12-06,27,19,0.0005858210098752,test,2,0.0028902864614102
S35456,70,12,2025-12-06,58,20,0.0150802163023589,test,2,0.0028080656865654
S35457,70,13,2025-12-06,38,21,0.0403185539387914,test,2,0.0032335406759587
S35490,70,10,2025-12-06,56,20,0.035575527409381,test,2,0.0032875241498598
S35491,70,7,2025-12-06,56,24,0.0311488673139158,test,2,0.0032415460292734
S35493,70,7,2025-12-06,50,25,0.0220073682617278,test,2,0.0032688110291506
S35498,70,12,2025-12-06,38,25,0.0081465904171258,test,2,0.0029803949807453
S35501,70,4,2025-12-06,41,16,0.0249617349661421,test,2,0.0030346358669684
S35503,70,12,2025-12-06,39,24,0.0257848958617058,test,2,0.0032595363071928
S35504,70,6,2025-12-06,44,20,0.0309078493068935,test,2,0.0032955272965422
S35515,70,4,2025-12-06,49,16,0.0119094517434766,test,2,0.0026803975850557
S35516,70,4,2025-12-06,26,27,0.0247491472250578,test,2,0.0031953802400692
S35517,70,2,2025-12-06,23,21,0.0300520377942167,test,2,0.003257258676124
S35519,70,2,2025-12-06,19,27,0.0122276758804787,test,2,0.0032254164442434
S35610,70,14,2025-12-06,54,15,0.004057573456775,test,2,0.0031152488878787
S35613,70,16,2025-12-06,18,27,0.0,test,2,0.0032215797190599
S35627,70,6,2025-12-06,21,16,0.0121471343028229,test,2,0.0027645617248003
S35631,70,7,2025-12-06,61,20,0.0019933901269031,test,2,0.0030252319940341
S35825,70,13,2025-12-06,50,27,0.0039485810531668,test,2,0.0032869225226403
S36180,70,1,2025-12-06,41,16,0.0,test,2,0.0032469195903736
S36755,70,7,2025-12-06,26,13,0.0,test,2,0.0031133370648647
S36973,70,25,2025-12-06,62,19,0.0,test,2,0.0028172276102801
S36994,70,6,2025-12-06,42,32,0.0,test,2,0.0030014831095036
S37114,70,18,2025-12-06,20,18,0.0,test,2,0.0007017976419108
S37117,70,20,2025-12-06,27,22,0.0,test,2,0.0014333190024987
S37123,70,24,2025-12-06,20,27,0.0,test,2,0.0005590716179774
S37368,70,5,2025-12-06,45,15,0.0,test,2,0.0032957886225972
S37433,70,12,2025-12-06,40,12,0.0,test,2,0.0028923367028205
S37739,70,8,2025-12-06,20,17,0.0028069105346684,test,2,0.0029338634348541
S37743,70,14,2025-12-06,52,30,0.0,test,2,0.0031592158822099
S37769,70,5,2025-12-06,13,23,0.0,test,2,0.0032679284251046
S37775,70,1,2025-12-06,58,26,0.0,test,2,0.0033630725938169
S37791,70,8,2025-12-06,57,17,0.0,test,2,0.0030110357929326
S37792,70,13,2025-12-06,21,15,0.0,test,2,0.0031758481036846
S37955,70,16,2025-12-06,21,17,0.0027891185094771,test,2,0.0030063828041559
S37959,70,12,2025-12-06,55,18,0.0027126229754253,test,2,0.0028463177365949
S37971,70,10,2025-12-06,55,25,0.0040467699122249,test,2,0.0033450916224713
S37972,70,7,2025-12-06,35,16,0.0096969392903033,test,2,0.0031110639501962
S37974,70,7,2025-12-06,40,22,0.0070909236177692,test,2,0.0032317508321455
S37975,70,8,2025-12-06,32,13,0.0013592270182606,test,2,0.0031101615589786
S37984,70,1,2025-12-06,53,15,0.0040697341161634,test,2,0.0032764551131189
S38208,70,2,2025-12-06,29,31,0.0082514278124584,test,2,0.0032088057802766
S38209,70,6,2025-12-06,38,32,0.0084044981821256,test,2,0.0031395599623003
S38865,70,18,2025-12-06,22,25,0.0,test,2,0.0008169532375975
S38878,70,25,2025-12-06,57,24,0.0,test,2,0.0009904766637124
S38942,70,12,2025-12-06,20,19,0.0,test,2,0.0028607801606806
S38948,70,2,2025-12-06,27,20,0.0,test,2,0.0033666786003366
S38953,70,4,2025-12-06,41,29,0.0,test,2,0.0031820816092345
S39036,70,18,2025-12-06,17,17,0.0,test,2,0.0007618035302285
S39037,70,24,2025-12-06,36,22,0.0,test,2,0.0010091998259135
S39437,70,13,2025-12-06,29,30,0.0,test,2,0.0032303628911001
S39440,70,1,2025-12-06,38,21,0.0,test,2,0.0032485249024534
S39505,70,19,2025-12-06,47,13,0.0,test,2,0.0005593646653953
S39520,70,23,2025-12-06,35,27,0.0,test,2,0.0009607920994417
S39832,70,25,2025-12-06,31,24,0.0,test,2,0.0010502301463845
S39833,70,24,2025-12-06,44,13,0.0,test,2,0.0009347889696541
S40031,70,14,2025-12-06,57,16,0.0016646904747549,test,2,0.0031251813708582
S40052,70,14,2025-12-06,44,27,0.0033430530751716,test,2,0.003212220568686
S40059,70,10,2025-12-06,27,30,0.0,test,2,0.0032833370443937
S40065,70,12,2025-12-06,18,24,0.0016717120753447,test,2,0.0027362109967229
S40067,70,8,2025-12-06,44,12,0.0,test,2,0.002628124457729
S40070,70,7,2025-12-06,48,17,0.0033348766364045,test,2,0.0032398290675372
S40078,70,6,2025-12-06,30,19,0.003307908363617,test,2,0.0033332594511569
S40079,70,7,2025-12-06,52,28,0.0,test,2,0.0032795656922722
S40489,70,17,2025-12-06,48,19,0.0,test,2,0.0031722377880381
S40492,70,17,2025-12-06,18,24,0.0,test,2,0.0030684177538249
S40493,70,7,2025-12-06,30,13,0.0,test,2,0.0031165720217964
S40502,70,6,2025-12-06,60,21,0.0,test,2,0.0032974095181531
S40504,70,7,2025-12-06,30,27,0.0,test,2,0.003302929584381
S40506,70,7,2025-12-06,34,27,0.0021664835835469,test,2,0.0033144039964307
S41109,70,24,2025-12-06,47,19,0.0,test,2,0.0005981602372731
S41308,70,4,2025-12-06,52,21,0.0,test,2,0.0030921273150872
S41901,70,17,2025-12-06,34,24,0.01889408995643,test,2,0.0030092792885635
S41910,70,14,2025-12-06,14,24,0.0145320137735076,test,2,0.0030990114121726
S41911,70,7,2025-12-06,52,17,0.0059352293994312,test,2,0.0030004457714047
S41916,70,10,2025-12-06,47,24,0.0109154739217991,test,2,0.0032761332697002
S41917,70,4,2025-12-06,56,22,0.0126630011057831,test,2,0.0031475293132784
S41918,70,10,2025-12-06,53,15,0.0024769128794486,test,2,0.0032088589522728
S41921,70,12,2025-12-06,47,24,0.01041099333864,test,2,0.0030159248985669
S41928,70,6,2025-12-06,59,19,0.0072465749180295,test,2,0.0025557841488029
S42724,70,7,2025-12-06,36,11,0.0,test,2,0.0031058146649986
S42739,70,20,2025-12-06,24,16,0.0,test,2,0.0008740779691849
S42745,70,19,2025-12-06,30,20,0.0,test,2,0.0011300859371118
S42749,70,23,2025-12-06,44,28,0.0,test,2,0.001001580893824
S42767,70,22,2025-12-06,50,27,0.0,test,2,0.001534677939716
S42768,70,20,2025-12-06,53,20,0.0,test,2,0.001111815356714
S42769,70,22,2025-12-06,22,22,0.0,test,2,0.0012548460694521
S42853,70,22,2025-12-06,55,23,0.0,test,2,0.0010585920551571
S42991,70,12,2025-12-06,32,12,0.0,test,2,0.0028040844231451
S42992,70,2,2025-12-06,35,18,0.0,test,2,0.0033625400048929
S42994,70,12,2025-12-06,39,15,0.0,test,2,0.0029226325575589
S43368,70,25,2025-12-06,33,21,0.0,test,2,0.0009657128690867
S43613,70,1,2025-12-06,31,31,0.0203175826807061,test,2,0.0033119004919327
S43617,70,4,2025-12-06,57,29,0.0080748015824661,test,2,0.0030817459646139
S43619,70,8,2025-12-06,59,28,0.0212191605099274,test,2,0.0031044701420232
S43695,70,13,2025-12-06,30,19,0.0090879169104739,test,2,0.0033706199823152
S43701,70,10,2025-12-06,44,30,0.0110985245275971,test,2,0.0031434093106867
S43705,70,17,2025-12-06,32,22,0.0124562123937481,test,2,0.0030863328750367
S43724,70,5,2025-12-06,53,27,0.0132569695306903,test,2,0.0033364934266433
S43725,70,4,2025-12-06,41,23,0.0,test,2,0.0029557569274266
S43727,70,6,2025-12-06,25,17,0.0130448564581226,test,2,0.0028162237966341
S43729,70,7,2025-12-06,36,25,0.0,test,2,0.0033305796536323
S00526,70,8,2025-12-06,50,17,0.0,test,3,0.003216373938655
S00530,70,8,2025-12-06,25,20,0.0,test,3,0.0032928410635613
S00532,70,13,2025-12-06,24,26,0.0,test,3,0.0032665123877277
S00534,70,17,2025-12-06,39,22,0.0066801075268817,test,3,0.0031446206873105
S00536,70,14,2025-12-06,55,23,0.0,test,3,0.003329800504971
S00541,70,10,2025-12-06,36,31,0.0,test,3,0.0031378376870169
S00549,70,14,2025-12-06,35,25,0.0021752450980392,test,3,0.0033265010052488
S00575,70,24,2025-12-06,23,27,0.0065642624120032,test,3,0.0005381549124323
S00848,70,23,2025-12-06,36,22,0.0,test,3,0.001285343813983
S00849,70,20,2025-12-06,30,21,0.0,test,3,0.0014725702761712
S00851,70,23,2025-12-06,37,24,0.0,test,3,0.0008973236674836
S00861,70,24,2025-12-06,27,20,0.0,test,3,0.0010632783673341
S00863,70,24,2025-12-06,30,15,0.0,test,3,0.0005039072151998
S01054,70,24,2025-12-06,31,25,0.0,test,3,0.0009168101897661
S01067,70,25,2025-12-06,22,22,0.0,test,3,0.0008717072759953
S01068,70,25,2025-12-06,25,15,0.0,test,3,0.0009146009452485
S01489,70,10,2025-12-06,21,29,0.0014783087196418,test,3,0.0032291765781868
S01498,70,14,2025-12-06,44,31,0.0014747818242784,test,3,0.0031741666960296
S01529,70,6,2025-12-06,17,17,0.0043617917573544,test,3,0.0029107900350092
S02011,70,16,2025-12-06,24,24,0.0,test,3,0.0028910274201377
S02012,70,13,2025-12-06,28,22,0.0033042796072095,test,3,0.0033827099225155
S02021,70,4,2025-12-06,21,17,0.0,test,3,0.003045429879696
S02022,70,6,2025-12-06,36,27,0.0,test,3,0.00307033978378
S02024,70,1,2025-12-06,45,29,0.0,test,3,0.0032958009804558
S02116,70,19,2025-12-06,18,16,0.0,test,3,0.0005754827793593
S02117,70,24,2025-12-06,31,29,0.0,test,3,0.0005306369448461
S02212,70,23,2025-12-06,64,21,0.0,test,3,0.0010986685457375
S02216,70,23,2025-12-06,43,16,0.0,test,3,0.0007805092579488
S02217,70,24,2025-12-06,47,27,0.0,test,3,0.0007875436803043
S02281,70,10,2025-12-06,52,28,0.0,test,3,0.0032939661306454
S02525,70,2,2025-12-06,48,12,0.0,test,3,0.0031816095968858
S02626,70,1,2025-12-06,56,23,0.0,test,3,0.0033000491169885
S02627,70,2,2025-12-06,52,19,0.0,test,3,0.0033109894372967
S02670,70,13,2025-12-06,22,27,0.0,test,3,0.0032644806347075
S02673,70,7,2025-12-06,46,20,0.0,test,3,0.0032635890979868
S02676,70,7,2025-12-06,56,26,0.0028862794290161,test,3,0.003301972224644
S02678,70,12,2025-12-06,28,27,0.0057765844927182,test,3,0.0028894381418196
S02679,70,14,2025-12-06,43,23,0.0,test,3,0.0030392223518523
S02683,70,2,2025-12-06,65,20,0.0,test,3,0.0032218682106854
S02929,70,18,2025-12-06,55,22,0.0,test,3,0.0018998808388397
S02936,70,19,2025-12-06,38,28,0.0,test,3,0.002123558977937
S02962,70,22,2025-12-06,51,22,0.0,test,3,0.0009857906245333
S03167,70,18,2025-12-06,60,28,0.0014962938877749,test,3,0.0023049878841829
S03399,70,24,2025-12-06,48,15,0.0,test,3,0.0006332513454908
S03564,70,24,2025-12-06,48,24,0.0,test,3,0.0006641475648413
S03568,70,19,2025-12-06,44,19,0.0,test,3,0.0014507278233925
S03605,70,24,2025-12-06,18,21,0.0,test,3,0.0005500821120123
S03805,70,17,2025-12-06,59,24,0.0278185914389264,test,3,0.0031569503735263
S03807,70,8,2025-12-06,26,29,0.0,test,3,0.0032553119446316
S03850,70,18,2025-12-06,58,19,0.0,test,3,0.0008550407908881
S03952,70,23,2025-12-06,35,22,0.0,test,3,0.0011739704130683
S03975,70,22,2025-12-06,51,21,0.0,test,3,0.0010282523562585
S03977,70,25,2025-12-06,24,14,0.0,test,3,0.0010651523979063
S03980,70,24,2025-12-06,48,19,0.0,test,3,0.000571815369279
S03983,70,22,2025-12-06,42,29,0.0,test,3,0.0012497504636328
S04121,70,22,2025-12-06,33,31,0.0,test,3,0.0015854473485882
S04125,70,19,2025-12-06,38,14,0.0,test,3,0.0006151117669478
S04136,70,22,2025-12-06,59,16,0.0,test,3,0.0011163924342305
S04141,70,20,2025-12-06,53,17,0.0,test,3,0.0010463017660879
S04480,70,13,2025-12-06,23,19,0.0,test,3,0.0033016371294346
S04482,70,10,2025-12-06,37,22,0.0,test,3,0.0029596306425552
S04483,70,6,2025-12-06,15,25,0.0,test,3,0.002850887314487
S04896,70,8,2025-12-06,49,19,0.0,test,3,0.0030953881223311
S04907,70,4,2025-12-06,19,27,0.0,test,3,0.0030259875096976
S05226,70,6,2025-12-06,43,26,0.0,test,3,0.0031561764511719
S05229,70,16,2025-12-06,48,26,0.0,test,3,0.0031476860104623
S05628,70,20,2025-12-06,26,15,0.0,test,3,0.0008249841058835
S05760,70,17,2025-12-06,45,15,0.0,test,3,0.0029971839912356
S05767,70,13,2025-12-06,43,12,0.0,test,3,0.0029778247484942
S05774,70,16,2025-12-06,36,20,0.0,test,3,0.0028288196236347
S05792,70,10,2025-12-06,29,24,0.0,test,3,0.0031558221450117
S05794,70,12,2025-12-06,51,30,0.0,test,3,0.0029064265843031
S05797,70,13,2025-12-06,43,31,0.0,test,3,0.003208500046299
S05801,70,5,2025-12-06,26,23,0.0,test,3,0.0033949782489147
S05802,70,6,2025-12-06,27,23,0.0,test,3,0.0031544524327668
S05804,70,6,2025-12-06,32,29,0.0,test,3,0.0031366545291027
S06015,70,22,2025-12-06,19,20,0.0,test,3,0.0010593689016181
S06329,70,13,2025-12-06,29,23,0.0181517699801864,test,3,0.003359778462945
S06332,70,13,2025-12-06,53,21,0.0090045203779362,test,3,0.0033223553774396
S06333,70,13,2025-12-06,33,23,0.00458360232408,test,3,0.0033445724962984
S06351,70,7,2025-12-06,44,26,0.022946157326611,test,3,0.0032860289742344
S06359,70,6,2025-12-06,39,20,0.0,test,3,0.0032839705445104
S06363,70,14,2025-12-06,51,23,0.0014946064854493,test,3,0.0032889853127213
S06368,70,4,2025-12-06,38,31,0.0106934941506986,test,3,0.0032432070950561
S06591,70,19,2025-12-06,51,19,0.0,test,3,0.0011121628948924
S06891,70,18,2025-12-06,34,29,0.0,test,3,0.0012071179865171
S06894,70,18,2025-12-06,39,20,0.0,test,3,0.0027916011243905
S06897,70,22,2025-12-06,32,20,0.0,test,3,0.0015172887668621
S06898,70,23,2025-12-06,33,26,0.0,test,3,0.0010456491627719
S06901,70,19,2025-12-06,47,26,0.0,test,3,0.0010372868513488
S06915,70,25,2025-12-06,38,13,0.0,test,3,0.0007916128872518
S06918,70,25,2025-12-06,39,31,0.0,test,3,0.0021170787993488
S07014,70,17,2025-12-06,57,26,0.0,test,3,0.0030212440480529
S07019,70,8,2025-12-06,17,20,0.0,test,3,0.0031675508473496
S07039,70,7,2025-12-06,63,22,0.0,test,3,0.003268715552677
S07086,70,16,2025-12-06,48,31,0.0,test,3,0.0032404727504073
S07365,70,7,2025-12-06,47,14,0.0029033511214704,test,3,0.0032586935683036
S07389,70,12,2025-12-06,37,27,0.0059143959610744,test,3,0.002953934474384
S07462,70,17,2025-12-06,17,24,0.0,test,3,0.0031107969287767
S07469,70,7,2025-12-06,29,25,0.0,test,3,0.0033679471297532
S07471,70,4,2025-12-06,41,25,0.0,test,3,0.0031639134331015
S07582,70,17,2025-12-06,41,15,0.005215547999832,test,3,0.0031201957580146
S07583,70,8,2025-12-06,24,21,0.0105728259227822,test,3,0.0032851381999676
S07593,70,2,2025-12-06,48,27,0.0110885027620857,test,3,0.0031368252268934
S07603,70,2,2025-12-06,58,15,0.012913535177691,test,3,0.0032746344018955
S07604,70,4,2025-12-06,42,28,0.0097538318625174,test,3,0.0031422920621895
S07605,70,5,2025-12-06,24,28,0.0066494966050105,test,3,0.0033577518239276
S07608,70,10,2025-12-06,59,17,0.0074413451316833,test,3,0.0030272911756764
S07609,70,4,2025-12-06,55,22,0.0,test,3,0.0027079572697943
S07655,70,25,2025-12-06,58,26,0.0,test,3,0.0013321981854692
S08423,70,17,2025-12-06,60,27,0.0094541736514843,test,3,0.0030410005683175
S08425,70,8,2025-12-06,24,25,0.0022563627613885,test,3,0.0032480986132268
S08436,70,2,2025-12-06,60,22,0.0079786075162656,test,3,0.0033485047450429
S08443,70,6,2025-12-06,24,29,0.0091245608116636,test,3,0.0031482395578665
S08446,70,6,2025-12-06,38,28,0.0069063748480111,test,3,0.0032925923781277
S08448,70,8,2025-12-06,27,15,0.0139023895606201,test,3,0.0031522346442991
S08449,70,7,2025-12-06,37,25,0.0153449709060681,test,3,0.0031413700310594
S08452,70,7,2025-12-06,25,17,0.003419379695627,test,3,0.0031047841221552
S08703,70,18,2025-12-06,38,29,0.0,test,3,0.0009483103471228
S08708,70,19,2025-12-06,35,23,0.0,test,3,0.0014288546985554
S08738,70,18,2025-12-06,63,21,0.0,test,3,0.0009962287734849
S08760,70,7,2025-12-06,35,18,0.0,test,3,0.0032825904830596
S08763,70,6,2025-12-06,52,23,0.0,test,3,0.0032498671118816
S08937,70,6,2025-12-06,55,24,0.0,test,3,0.002798251521722
S09015,70,25,2025-12-06,30,15,0.0,test,3,0.0008509666698198
S09030,70,22,2025-12-06,49,14,0.0,test,3,0.0012975527125862
S09193,70,16,2025-12-06,52,27,0.0,test,3,0.0028861504615923
S09525,70,8,2025-12-06,48,29,0.0,test,3,0.0030802926182835
S09844,70,8,2025-12-06,16,24,0.0063889960149119,test,3,0.0032031493115929
S09847,70,8,2025-12-06,36,28,0.007763744718076,test,3,0.0032346422024988
S09848,70,16,2025-12-06,35,13,0.0013479355160667,test,3,0.00314658645563
S09858,70,17,2025-12-06,24,27,0.0077760132677248,test,3,0.0030152794574665
S09865,70,8,2025-12-06,27,13,0.0065576798743881,test,3,0.0032697583491554
S09868,70,7,2025-12-06,17,25,0.0065465887925561,test,3,0.0032364152766486
S09869,70,10,2025-12-06,64,18,0.0102166410993681,test,3,0.0032215916975496
S09872,70,5,2025-12-06,49,19,0.0065312065517069,test,3,0.0033952409810648
S09873,70,13,2025-12-06,55,28,0.0066839346184777,test,3,0.0031001314718523
S09876,70,5,2025-12-06,43,23,0.0025724238236466,test,3,0.003346295102526
S09877,70,6,2025-12-06,45,30,0.0051958777975541,test,3,0.0032584552836798
S09886,70,2,2025-12-06,26,19,0.0052824012074059,test,3,0.0033499717374261
S09887,70,2,2025-12-06,25,29,0.0106640918356399,test,3,0.0031432412252079
S10343,70,20,2025-12-06,37,22,0.0,test,3,0.0018816370355288
S10345,70,19,2025-12-06,57,24,0.0,test,3,0.0014814046644722
S10357,70,20,2025-12-06,44,16,0.0,test,3,0.0012203369210173
S10474,70,16,2025-12-06,35,12,0.0,test,3,0.0031687958020206
S10475,70,12,2025-12-06,48,14,0.0,test,3,0.0028332526410233
S10479,70,12,2025-12-06,52,14,0.0,test,3,0.0028375145122651
S10712,70,18,2025-12-06,53,27,0.0,test,3,0.0008485155562298
S10714,70,25,2025-12-06,35,19,0.0,test,3,0.0009741045113519
S11108,70,25,2025-12-06,43,22,0.0,test,3,0.0011822982665142
S11112,70,20,2025-12-06,26,22,0.0144392095719079,test,3,0.0014208669075216
S11136,70,24,2025-12-06,23,17,0.0,test,3,0.000535958698566
S11139,70,24,2025-12-06,30,27,0.0,test,3,0.0005313061562984
S11141,70,20,2025-12-06,24,19,0.0161403987360476,test,3,0.001142653231912
S11529,70,5,2025-12-06,27,12,0.0237287427526177,test,3,0.0030361273261302
S12452,70,12,2025-12-06,56,14,0.0,test,3,0.0027185093785179
S12638,70,23,2025-12-06,32,18,0.0,test,3,0.0011523540723087
S12643,70,19,2025-12-06,26,15,0.0,test,3,0.0005958109137207
S13097,70,19,2025-12-06,55,26,0.0,test,3,0.0006585625513102
S13101,70,19,2025-12-06,21,26,0.0,test,3,0.0005959259419938
S13108,70,24,2025-12-06,40,19,0.0,test,3,0.0009938778387916
S13207,70,6,2025-12-06,43,18,0.0,test,3,0.0032312545113368
S13217,70,7,2025-12-06,48,18,0.0,test,3,0.0032981044664429
S13332,70,20,2025-12-06,32,19,0.0,test,3,0.0012513790828467
S13377,70,24,2025-12-06,38,11,0.0,test,3,0.0021814279218557
S13614,70,25,2025-12-06,30,24,0.0093841626408366,test,3,0.0014118500120717
S13916,70,2,2025-12-06,36,30,0.0091636889287149,test,3,0.0033094291504353
S13918,70,5,2025-12-06,20,28,0.0,test,3,0.0034036358481376
S13927,70,7,2025-12-06,45,21,0.0,test,3,0.0031953683957919
S13931,70,12,2025-12-06,41,27,0.00917780190721,test,3,0.0028670321104232
S13932,70,10,2025-12-06,21,23,0.0018531983518839,test,3,0.0033084510512131
S14251,70,22,2025-12-06,26,19,0.0,test,3,0.0012062987701781
S14253,70,19,2025-12-06,43,18,0.0,test,3,0.0007739130183271
S14267,70,25,2025-12-06,35,14,0.0,test,3,0.0008294379706092
S14407,70,2,2025-12-06,30,31,0.0,test,3,0.0031014922726354
S14652,70,24,2025-12-06,28,24,0.0,test,3,0.0007250394633879
S14654,70,19,2025-12-06,47,22,0.0,test,3,0.0009019487917997
S14818,70,16,2025-12-06,65,24,0.0,test,3,0.0032336799192622
S14832,70,1,2025-12-06,33,31,0.0083846831914094,test,3,0.0032960829121938
S14834,70,4,2025-12-06,32,27,0.0,test,3,0.0032111496998047
S14837,70,1,2025-12-06,24,20,0.0122778196371002,test,3,0.003432897720639
S14840,70,5,2025-12-06,45,20,0.0063086277148043,test,3,0.0033809371471994
S14841,70,4,2025-12-06,22,23,0.0020849064518835,test,3,0.0031724068010893
S15053,70,22,2025-12-06,59,18,0.0,test,3,0.0011134578312102
S15070,70,24,2025-12-06,51,24,0.0,test,3,0.0006368696600532
S15456,70,18,2025-12-06,23,25,0.0,test,3,0.001573587654121
S15459,70,24,2025-12-06,23,28,0.0,test,3,0.0005817913680943
S15465,70,25,2025-12-06,18,19,0.0,test,3,0.0008352035242954
S15708,70,23,2025-12-06,38,27,0.0,test,3,0.0011005539317466
S15805,70,7,2025-12-06,52,27,0.0,test,3,0.0033338303812219
S16172,70,25,2025-12-06,27,19,0.0,test,3,0.0014171062138711
S16177,70,24,2025-12-06,19,26,0.0,test,3,0.0006009115980859
S16200,70,20,2025-12-06,49,19,0.0,test,3,0.0012272820657888
S16704,70,22,2025-12-06,29,23,0.0,test,3,0.001439506496373
S17121,70,4,2025-12-06,31,15,0.0,test,3,0.0029161924754436
S17123,70,1,2025-12-06,32,16,0.0,test,3,0.0033129868311391
S17303,70,24,2025-12-06,62,26,0.0,test,3,0.0005663481859424
S17611,70,24,2025-12-06,38,27,0.0,test,3,0.0005840129778611
S17741,70,1,2025-12-06,29,14,0.0,test,3,0.003348659628562
S17923,70,18,2025-12-06,42,27,0.0,test,3,0.0009990889245378
S17931,70,23,2025-12-06,38,25,0.0,test,3,0.0011918961621738
S17941,70,23,2025-12-06,44,23,0.0,test,3,0.0016002477402739
S17946,70,19,2025-12-06,55,25,0.0,test,3,0.0017255128960055
S17950,70,24,2025-12-06,46,14,0.0,test,3,0.001031507474863
S17961,70,22,2025-12-06,29,17,0.0,test,3,0.0011364760495484
S18309,70,23,2025-12-06,62,20,0.0,test,3,0.0017124744025104
S18313,70,18,2025-12-06,28,13,0.0,test,3,0.0015734982490461
S18323,70,22,2025-12-06,22,16,0.0,test,3,0.0011966432712545
S18599,70,22,2025-12-06,44,22,0.0,test,3,0.0013505356715086
S18603,70,18,2025-12-06,46,12,0.0,test,3,0.0009408874314881
S18738,70,16,2025-12-06,31,12,0.0,test,3,0.0031626380757848
S19234,70,20,2025-12-06,44,24,0.0069385547004519,test,3,0.0018258064212882
S19727,70,20,2025-12-06,50,18,0.0,test,3,0.0012222651242831
S19812,70,8,2025-12-06,20,28,0.0,test,3,0.0032691941114873
S19823,70,7,2025-12-06,42,20,0.0,test,3,0.0032761206292573
S19831,70,1,2025-12-06,38,13,0.0,test,3,0.0033370003614698
S19838,70,20,2025-12-06,38,13,0.0095804273988657,test,3,0.0007908356226836
S19839,70,22,2025-12-06,51,16,0.0,test,3,0.0010979399344421
S20145,70,17,2025-12-06,32,25,0.0019048057059853,test,3,0.0030599368574652
S20147,70,12,2025-12-06,19,16,0.0039054826060648,test,3,0.0027868938147271
S20158,70,5,2025-12-06,15,25,0.0019100544961222,test,3,0.0033382552293094
S20159,70,6,2025-12-06,56,29,0.0,test,3,0.0030543456265507
S20164,70,16,2025-12-06,63,20,0.0,test,3,0.0030313055205956
S20166,70,16,2025-12-06,54,16,0.0057647249866611,test,3,0.0027188385735931
S20623,70,8,2025-12-06,36,30,0.0,test,3,0.0028485725403655
S20626,70,7,2025-12-06,21,15,0.0,test,3,0.003211565575679
S20628,70,13,2025-12-06,46,29,0.0,test,3,0.003247178440561
S20637,70,6,2025-12-06,49,27,0.0,test,3,0.0032845644193459
S20886,70,17,2025-12-06,32,30,0.0,test,3,0.0030248812248056
S20895,70,5,2025-12-06,65,20,0.0,test,3,0.0029262593088828
S20896,70,5,2025-12-06,58,25,0.0,test,3,0.0032730490000332
S21204,70,23,2025-12-06,48,26,0.0,test,3,0.0008374592642665
S21418,70,1,2025-12-06,19,27,0.0041201389407015,test,3,0.0033788310521651
S21421,70,5,2025-12-06,25,17,0.0,test,3,0.0034130960476789
S21631,70,23,2025-12-06,59,22,0.0,test,3,0.0008999670566948
S21965,70,24,2025-12-06,28,13,0.0,test,3,0.0007642056753627
S21969,70,20,2025-12-06,44,20,0.0,test,3,0.0019191242418923
S22399,70,14,2025-12-06,37,27,0.0,test,3,0.0032135064726321
S22448,70,24,2025-12-06,34,21,0.0,test,3,0.0009446749580827
S22449,70,25,2025-12-06,51,21,0.0,test,3,0.0009068983772788
S22451,70,24,2025-12-06,23,22,0.0,test,3,0.0006256038577941
S22543,70,23,2025-12-06,38,17,0.0016054994007643,test,3,0.0011011554504796
S22599,70,8,2025-12-06,60,25,0.0,test,3,0.0029420838468888
S22615,70,14,2025-12-06,21,24,0.0048158914728682,test,3,0.0030584927346741
S22616,70,17,2025-12-06,34,12,0.0015780783641328,test,3,0.003127861606832
S22617,70,7,2025-12-06,19,18,0.0015667656534705,test,3,0.0031576801999229
S22628,70,10,2025-12-06,39,27,0.0,test,3,0.0032856099472823
S22637,70,4,2025-12-06,29,20,0.0015691103112963,test,3,0.0030808577196998
S22639,70,10,2025-12-06,38,21,0.0048042532624456,test,3,0.0031985245592245
S22643,70,6,2025-12-06,43,12,0.0079330875193538,test,3,0.0029489177385975
S22644,70,2,2025-12-06,52,18,0.0063278648867159,test,3,0.0033928565162493
S22762,70,23,2025-12-06,19,28,0.0047264462259754,test,3,0.0022948912877541
S23184,70,1,2025-12-06,40,16,0.0036290617013508,test,3,0.0033503126842476
S23185,70,2,2025-12-06,48,25,0.0,test,3,0.003377056150072
S23186,70,2,2025-12-06,34,26,0.0,test,3,0.0032730626864617
S23917,70,18,2025-12-06,22,23,0.0,test,3,0.0010143210100884
S23919,70,23,2025-12-06,23,24,0.0,test,3,0.0009290057259291
S24038,70,17,2025-12-06,25,18,0.0,test,3,0.0029865958675532
S24039,70,8,2025-12-06,17,19,0.0,test,3,0.0029426890446077
S24044,70,5,2025-12-06,57,28,0.0034191209350642,test,3,0.0032897634928235
S24554,70,19,2025-12-06,48,23,0.0,test,3,0.0009341197104848
S24979,70,22,2025-12-06,28,13,0.0,test,3,0.0009965483361277
S24980,70,20,2025-12-06,55,21,0.0020773249738766,test,3,0.0015225676349246
S25189,70,13,2025-12-06,50,24,0.0,test,3,0.0033315218242962
S25193,70,10,2025-12-06,60,25,0.0,test,3,0.0033273798415637
S25278,70,22,2025-12-06,42,31,0.0,test,3,0.0025039988973904
S25455,70,14,2025-12-06,57,20,0.0,test,3,0.0025831616186709
S25456,70,8,2025-12-06,36,27,0.0031659882406151,test,3,0.0032658989016874
S25469,70,10,2025-12-06,25,24,0.0,test,3,0.0031375608598976
S25480,70,17,2025-12-06,36,30,0.0061365979540557,test,3,0.0028908467982246
S25487,70,1,2025-12-06,34,13,0.0030722820812392,test,3,0.003232495573382
S25492,70,1,2025-12-06,56,18,0.0,test,3,0.0032141201033351
S25754,70,7,2025-12-06,60,20,0.0,test,3,0.0029098117745557
S25915,70,18,2025-12-06,55,21,0.0,test,3,0.0009863683000097
S25916,70,18,2025-12-06,51,15,0.0,test,3,0.0007608500072876
S25920,70,18,2025-12-06,27,27,0.0,test,3,0.0009138770494363
S25941,70,24,2025-12-06,47,15,0.0,test,3,0.0005269160291724
S26088,70,22,2025-12-06,30,29,0.0,test,3,0.0012169901904583
S26310,70,22,2025-12-06,38,18,0.0,test,3,0.0010507820085389
S26553,70,23,2025-12-06,25,20,0.0,test,3,0.0008232794869001
S26555,70,23,2025-12-06,27,21,0.0,test,3,0.001411271570225
S26832,70,18,2025-12-06,43,29,0.0,test,3,0.0029767918323055
S27195,70,6,2025-12-06,56,18,0.0164361886155035,test,3,0.0032222043630836
S27196,70,5,2025-12-06,49,17,0.0110474722701777,test,3,0.0033351176167299
S27206,70,8,2025-12-06,40,15,0.0062449738640932,test,3,0.0032868100868232
S27208,70,7,2025-12-06,29,24,0.0025410946647237,test,3,0.0033295163267559
S27307,70,1,2025-12-06,46,30,0.0,test,3,0.0033498849264552
S27309,70,10,2025-12-06,29,26,0.0,test,3,0.0033354640950758
S27479,70,5,2025-12-06,49,12,0.0,test,3,0.0030865220905399
S27685,70,19,2025-12-06,38,21,0.0,test,3,0.0009357881010439
S27899,70,13,2025-12-06,52,19,0.0,test,3,0.0033800164932981
S27901,70,12,2025-12-06,34,18,0.0,test,3,0.0030846936765874
S27916,70,1,2025-12-06,43,24,0.0,test,3,0.0033608031068481
S27921,70,4,2025-12-06,53,21,0.0,test,3,0.0030988378537382
S27924,70,6,2025-12-06,40,23,0.0,test,3,0.0032208513527548
S27925,70,4,2025-12-06,20,25,0.0,test,3,0.0031570571847551
S27927,70,12,2025-12-06,32,15,0.0,test,3,0.0031231974167332
S28288,70,25,2025-12-06,31,12,0.0248786104019622,test,3,0.0025284236952805
S28493,70,18,2025-12-06,51,24,0.0,test,3,0.0010849932508089
S28498,70,18,2025-12-06,43,27,0.0,test,3,0.0008411014619273
S28542,70,19,2025-12-06,57,27,0.0,test,3,0.0006792461127044
S28545,70,19,2025-12-06,45,28,0.0,test,3,0.0010334746334044
S28572,70,5,2025-12-06,28,22,0.0,test,3,0.0034744824283988
S28688,70,16,2025-12-06,39,11,0.0225272525363933,test,3,0.0032072945208328
S28790,70,23,2025-12-06,60,28,0.0,test,3,0.0022485890065535
S29255,70,12,2025-12-06,41,11,0.0,test,3,0.0029881898869259
S29377,70,16,2025-12-06,22,21,0.0,test,3,0.0028213169411515
S29381,70,1,2025-12-06,53,26,0.0,test,3,0.0033682007226498
S29444,70,23,2025-12-06,29,25,0.0,test,3,0.0012379488355281
S29450,70,20,2025-12-06,51,24,0.0,test,3,0.0014438746092485
S29452,70,25,2025-12-06,25,14,0.0,test,3,0.0009593801992034
S29882,70,17,2025-12-06,55,15,0.0,test,3,0.0029773090430745
S29888,70,6,2025-12-06,53,16,0.0,test,3,0.0032002593426829
S30782,70,4,2025-12-06,46,13,0.0,test,3,0.0029670504568504
S30787,70,2,2025-12-06,28,27,0.0,test,3,0.0033329642558144
S30946,70,7,2025-12-06,56,13,0.0,test,3,0.003068558761506
S31049,70,18,2025-12-06,47,19,0.0,test,3,0.0010760588844688
S31052,70,18,2025-12-06,19,18,0.0,test,3,0.0013209101226672
S31058,70,23,2025-12-06,37,27,0.0,test,3,0.0009267035539877
S31084,70,22,2025-12-06,51,28,0.0,test,3,0.0026956824324768
S31204,70,24,2025-12-06,56,21,0.0,test,3,0.0005390230815664
S31392,70,20,2025-12-06,57,29,0.0,test,3,0.001712924596017
S31685,70,1,2025-12-06,23,21,0.0,test,3,0.0033739505020127
S32111,70,1,2025-12-06,58,29,0.0,test,3,0.0032175728275083
S32176,70,4,2025-12-06,14,23,0.0,test,3,0.0032014231193238
S32573,70,13,2025-12-06,61,23,0.016315141567501,test,3,0.0032622366800406
S32574,70,14,2025-12-06,34,13,0.0,test,3,0.0031886423941306
S32589,70,7,2025-12-06,53,29,0.0,test,3,0.0032691796538992
S32593,70,7,2025-12-06,40,18,0.0,test,3,0.0032716226084505
S32845,70,16,2025-12-06,36,27,0.0,test,3,0.0029104901053287
S32847,70,14,2025-12-06,28,28,0.0,test,3,0.0032077012323825
S33125,70,14,2025-12-06,59,23,0.0017690547125553,test,3,0.0030800511405951
S33127,70,5,2025-12-06,14,23,0.0017649649137759,test,3,0.0033150888700707
S33129,70,6,2025-12-06,19,26,0.0017887091782015,test,3,0.0027927725407274
S33807,70,19,2025-12-06,54,28,0.0,test,3,0.0015426163663346
S33817,70,24,2025-12-06,57,20,0.0,test,3,0.0005265437042867
S34057,70,8,2025-12-06,44,27,0.0216820375007634,test,3,0.0032876302625989
S34066,70,13,2025-12-06,61,19,0.0115136913311402,test,3,0.0032687148885746
S34088,70,6,2025-12-06,36,29,0.0249649489044408,test,3,0.0026954575278596
S34092,70,1,2025-12-06,22,28,0.0497657180166685,test,3,0.003392845342697
S34137,70,2,2025-12-06,35,28,0.0,test,3,0.0032886631730432
S34139,70,5,2025-12-06,18,23,0.0,test,3,0.0033673933272233
S34584,70,20,2025-12-06,25,30,0.0,test,3,0.0017399194704305
S34618,70,23,2025-12-06,29,24,0.0,test,3,0.0011537580236443
S34643,70,12,2025-12-06,18,18,0.0,test,3,0.0028747117470412
S34651,70,5,2025-12-06,36,14,0.0,test,3,0.0032756550196068
S34759,70,14,2025-12-06,35,24,0.0,test,3,0.0033299940762784
S34760,70,16,2025-12-06,27,27,0.0,test,3,0.0027803159141438
S34773,70,18,2025-12-06,37,17,0.0,test,3,0.0009775120021719
S34810,70,25,2025-12-06,18,15,0.0,test,3,0.0032763046139728
S34811,70,1,2025-12-06,46,32,0.0,test,3,0.0031402102874473
S35293,70,24,2025-12-06,19,15,0.0133755125607977,test,3,0.0023980156540666
S35405,70,4,2025-12-06,33,28,0.0,test,3,0.0032387945771949
S35410,70,5,2025-12-06,53,19,0.0217182310784827,test,3,0.0033425853138989
S35451,70,12,2025-12-06,47,23,0.0021844881561843,test,3,0.0029704602913783
S35453,70,13,2025-12-06,36,30,0.0029589673977757,test,3,0.0032320747862503
S35455,70,16,2025-12-06,24,19,0.0005858210098752,test,3,0.0028589689696924
S35456,70,12,2025-12-06,61,20,0.0150802163023589,test,3,0.0029220824796741
S35457,70,13,2025-12-06,34,21,0.0403185539387914,test,3,0.0033204305492026
S35490,70,10,2025-12-06,59,20,0.035575527409381,test,3,0.0031787039707348
S35491,70,7,2025-12-06,59,24,0.0311488673139158,test,3,0.0033322029027512
S35493,70,7,2025-12-06,46,25,0.0220073682617278,test,3,0.0033430411785154
S35498,70,12,2025-12-06,35,25,0.0081465904171258,test,3,0.0030351699285029
S35501,70,4,2025-12-06,44,16,0.0249617349661421,test,3,0.0029731025487181
S35503,70,12,2025-12-06,42,24,0.0257848958617058,test,3,0.0030067674672363
S35504,70,6,2025-12-06,47,20,0.0309078493068935,test,3,0.0030963872717587
S35515,70,4,2025-12-06,53,16,0.0119094517434766,test,3,0.0030518746513241
S35516,70,4,2025-12-06,23,27,0.0247491472250578,test,3,0.0032079559775756
S35517,70,2,2025-12-06,20,21,0.0300520377942167,test,3,0.0032743715404535
S35519,70,2,2025-12-06,18,26,0.0122276758804787,test,3,0.0031862308235926
S35610,70,14,2025-12-06,49,15,0.004057573456775,test,3,0.0032135603485366
S35613,70,16,2025-12-06,19,26,0.0,test,3,0.0027116045943534
S35627,70,6,2025-12-06,25,16,0.0121471343028229,test,3,0.0029190908688892
S35631,70,7,2025-12-06,65,20,0.0019933901269031,test,3,0.0030357969840303
S35825,70,13,2025-12-06,47,27,0.0039485810531668,test,3,0.0033207287851864
S36180,70,1,2025-12-06,44,16,0.0,test,3,0.0033127579386206
S36755,70,7,2025-12-06,23,13,0.0,test,3,0.003128665227259
S36973,70,25,2025-12-06,56,19,0.0,test,3,0.0008580054007066
S36994,70,6,2025-12-06,46,32,0.0,test,3,0.0030076591667757
S37114,70,18,2025-12-06,26,18,0.0,test,3,0.0008533351664036
S37117,70,20,2025-12-06,30,22,0.0,test,3,0.0013130703344297
S37123,70,24,2025-12-06,21,26,0.0,test,3,0.0005437685611417
S37368,70,5,2025-12-06,42,15,0.0,test,3,0.0033051190117969
S37433,70,12,2025-12-06,43,12,0.0,test,3,0.0028072051488482
S37739,70,8,2025-12-06,17,17,0.0028069105346684,test,3,0.0025211914678584
S37743,70,14,2025-12-06,54,29,0.0,test,3,0.0032394350802141
S37769,70,5,2025-12-06,15,22,0.0,test,3,0.0032892771530934
S37775,70,1,2025-12-06,61,26,0.0,test,3,0.0032993507043657
S37791,70,8,2025-12-06,54,17,0.0,test,3,0.002887409796309
S37792,70,13,2025-12-06,24,14,0.0,test,3,0.0031505915963404
S37955,70,16,2025-12-06,19,16,0.0027891185094771,test,3,0.003221000272951
S37959,70,12,2025-12-06,58,18,0.0027126229754253,test,3,0.0027561307186239
S37971,70,10,2025-12-06,52,25,0.0040467699122249,test,3,0.0033716197835417
S37972,70,7,2025-12-06,38,16,0.0096969392903033,test,3,0.0031270727627094
S37974,70,7,2025-12-06,43,22,0.0070909236177692,test,3,0.0033005949703431
S37975,70,8,2025-12-06,34,12,0.0013592270182606,test,3,0.0032530371349751
S37984,70,1,2025-12-06,50,15,0.0040697341161634,test,3,0.0033374820792489
S38208,70,2,2025-12-06,26,30,0.0082514278124584,test,3,0.0033062442945703
S38209,70,6,2025-12-06,30,31,0.0084044981821256,test,3,0.0031403850663685
S38865,70,18,2025-12-06,19,25,0.0,test,3,0.0014826389319497
S38878,70,25,2025-12-06,63,24,0.0,test,3,0.0025014913859275
S38942,70,12,2025-12-06,15,19,0.0,test,3,0.0029629953480087
S38948,70,2,2025-12-06,30,20,0.0,test,3,0.0033691522921006
S38953,70,4,2025-12-06,38,29,0.0,test,3,0.0031811368312664
S39036,70,18,2025-12-06,24,16,0.0,test,3,0.0008471655656323
S39037,70,24,2025-12-06,40,22,0.0,test,3,0.0009929973914978
S39437,70,13,2025-12-06,32,30,0.0,test,3,0.0030355842494051
S39440,70,1,2025-12-06,35,21,0.0,test,3,0.0032069724702305
S39505,70,19,2025-12-06,41,13,0.0,test,3,0.0005531275522804
S39520,70,23,2025-12-06,29,27,0.0,test,3,0.0009643604802103
S39832,70,25,2025-12-06,37,24,0.0,test,3,0.0010703325952717
S39833,70,24,2025-12-06,37,13,0.0,test,3,0.0005047651006005
S40031,70,14,2025-12-06,60,16,0.0016646904747549,test,3,0.0024324468973786
S40052,70,14,2025-12-06,41,27,0.0033430530751716,test,3,0.003227222966544
S40059,70,10,2025-12-06,31,30,0.0,test,3,0.0032712084405075
S40065,70,12,2025-12-06,21,24,0.0016717120753447,test,3,0.002925965536107
S40067,70,8,2025-12-06,47,12,0.0,test,3,0.0031347217823481
S40070,70,7,2025-12-06,45,17,0.0033348766364045,test,3,0.0032941143673923
S40078,70,6,2025-12-06,26,19,0.003307908363617,test,3,0.0032645450435088
S40079,70,7,2025-12-06,55,28,0.0,test,3,0.003168100711549
S40489,70,17,2025-12-06,45,19,0.0,test,3,0.0031580433261874
S40492,70,17,2025-12-06,21,24,0.0,test,3,0.0030628251426715
S40493,70,7,2025-12-06,27,13,0.0,test,3,0.0032375660796422
S40502,70,6,2025-12-06,52,21,0.0,test,3,0.0031600902198288
S40504,70,7,2025-12-06,27,27,0.0,test,3,0.0033242094419195
S40506,70,7,2025-12-06,31,27,0.0021664835835469,test,3,0.0032895245600836
S41109,70,24,2025-12-06,41,19,0.0,test,3,0.0008313027052211
S41308,70,4,2025-12-06,49,21,0.0,test,3,0.0030762182994107
S41901,70,17,2025-12-06,37,24,0.01889408995643,test,3,0.0032719759981101
S41910,70,14,2025-12-06,17,24,0.0145320137735076,test,3,0.0025750391332226
S41911,70,7,2025-12-06,49,17,0.0059352293994312,test,3,0.0029826488967011
S41916,70,10,2025-12-06,52,24,0.0109154739217991,test,3,0.0032952093142697
S41917,70,4,2025-12-06,59,22,0.0126630011057831,test,3,0.0031530979320527
S41918,70,10,2025-12-06,49,15,0.0024769128794486,test,3,0.0032671716029333
S41921,70,12,2025-12-06,51,24,0.01041099333864,test,3,0.0029869598915129
S41928,70,6,2025-12-06,56,19,0.0072465749180295,test,3,0.0029013004117928
S42724,70,7,2025-12-06,33,11,0.0,test,3,0.0030087272454517
S42739,70,20,2025-12-06,30,16,0.0,test,3,0.000824906761335
S42745,70,19,2025-12-06,36,20,0.0,test,3,0.0011710179449938
S42749,70,23,2025-12-06,50,28,0.0,test,3,0.0010415676974236
S42767,70,22,2025-12-06,45,27,0.0,test,3,0.0010805454394226
S42768,70,20,2025-12-06,59,20,0.0,test,3,0.0011216528874662
S42769,70,22,2025-12-06,28,22,0.0,test,3,0.0011614407019688
S42853,70,22,2025-12-06,49,23,0.0,test,3,0.0013245510641466
S42991,70,12,2025-12-06,35,12,0.0,test,3,0.0028414804713719
S42992,70,2,2025-12-06,38,18,0.0,test,3,0.0033624786729969
S42994,70,12,2025-12-06,36,15,0.0,test,3,0.0030109950558334
S43368,70,25,2025-12-06,26,21,0.0,test,3,0.0017507651566266
S43613,70,1,2025-12-06,27,31,0.0203175826807061,test,3,0.0032271026722771
S43617,70,4,2025-12-06,61,28,0.0080748015824661,test,3,0.0030890081109752
S43619,70,8,2025-12-06,60,15,0.0212191605099274,test,3,0.0030269335000206
S43695,70,13,2025-12-06,27,19,0.0090879169104739,test,3,0.0033661990902946
S43701,70,10,2025-12-06,47,30,0.0110985245275971,test,3,0.0032677881865154
S43705,70,17,2025-12-06,35,22,0.0124562123937481,test,3,0.0031354974375586
S43724,70,5,2025-12-06,50,27,0.0132569695306903,test,3,0.0032989767290494
S43725,70,4,2025-12-06,38,23,0.0,test,3,0.0032117366344887
S43727,70,6,2025-12-06,22,17,0.0130448564581226,test,3,0.0027630655213796
S43729,70,7,2025-12-06,33,25,0.0,test,3,0.0032603280018812
S00526,70,8,2025-12-06,51,17,0.0,test,4,0.0031979424580582
S00530,70,8,2025-12-06,24,20,0.0,test,4,0.0033083993039268
S00532,70,13,2025-12-06,23,26,0.0,test,4,0.0032284967668585
S00534,70,17,2025-12-06,38,22,0.0066801075268817,test,4,0.0032728255103107
S00536,70,14,2025-12-06,56,23,0.0,test,4,0.0032274554215419
S00541,70,10,2025-12-06,37,31,0.0,test,4,0.0031490972249799
S00549,70,14,2025-12-06,36,25,0.0021752450980392,test,4,0.0031491741482035
S00575,70,24,2025-12-06,25,27,0.0065642624120032,test,4,0.0005224183111045
S00848,70,23,2025-12-06,34,22,0.0,test,4,0.0027269848134729
S00849,70,20,2025-12-06,32,21,0.0,test,4,0.0022689366887642
S00851,70,23,2025-12-06,35,24,0.0,test,4,0.0014196150023765
S00861,70,24,2025-12-06,25,20,0.0,test,4,0.0006411140406179
S00863,70,24,2025-12-06,31,15,0.0,test,4,0.000816129801267
S01054,70,24,2025-12-06,33,25,0.0,test,4,0.0008538750359242
S01067,70,25,2025-12-06,20,22,0.0,test,4,0.0008550278221538
S01068,70,25,2025-12-06,26,15,0.0,test,4,0.0008559602803314
S01489,70,10,2025-12-06,22,29,0.0014783087196418,test,4,0.0032614584078925
S01498,70,14,2025-12-06,45,31,0.0014747818242784,test,4,0.0031151901311472
S01529,70,6,2025-12-06,19,17,0.0043617917573544,test,4,0.002890442283756
S02011,70,16,2025-12-06,23,24,0.0,test,4,0.0027793479292445
S02012,70,13,2025-12-06,27,22,0.0033042796072095,test,4,0.0033738684981571
S02021,70,4,2025-12-06,22,17,0.0,test,4,0.0028601939879762
S02022,70,6,2025-12-06,37,27,0.0,test,4,0.0032246696773547
S02024,70,1,2025-12-06,46,29,0.0,test,4,0.0033164451152003
S02116,70,19,2025-12-06,18,17,0.0,test,4,0.0009516234712784
S02117,70,24,2025-12-06,33,29,0.0,test,4,0.0005514738498975
S02212,70,23,2025-12-06,65,22,0.0,test,4,0.0009955462702873
S02216,70,23,2025-12-06,41,16,0.0,test,4,0.0012863368616687
S02217,70,24,2025-12-06,49,27,0.0,test,4,0.0006345661975341
S02281,70,10,2025-12-06,51,28,0.0,test,4,0.0032674289382396
S02525,70,2,2025-12-06,53,13,0.0,test,4,0.0033224437308178
S02626,70,1,2025-12-06,57,23,0.0,test,4,0.0033669990448508
S02627,70,2,2025-12-06,53,19,0.0,test,4,0.0033766222573674
S02670,70,13,2025-12-06,23,27,0.0,test,4,0.0032218184120216
S02673,70,7,2025-12-06,45,20,0.0,test,4,0.0032284663864993
S02676,70,7,2025-12-06,55,26,0.0028862794290161,test,4,0.0032794839596025
S02678,70,12,2025-12-06,29,27,0.0057765844927182,test,4,0.003025208193521
S02679,70,14,2025-12-06,44,23,0.0,test,4,0.0032169884608213
S02683,70,2,2025-12-06,63,20,0.0,test,4,0.0032367962913025
S02929,70,18,2025-12-06,53,22,0.0,test,4,0.0011389838885103
S02936,70,19,2025-12-06,37,28,0.0,test,4,0.0018941672434447
S02962,70,22,2025-12-06,49,22,0.0,test,4,0.0010831579896826
S03167,70,18,2025-12-06,51,31,0.0014962938877749,test,4,0.0022482129616401
S03399,70,24,2025-12-06,50,15,0.0,test,4,0.0005200635397257
S03564,70,24,2025-12-06,45,24,0.0,test,4,0.0012606020679668
S03568,70,19,2025-12-06,46,19,0.0,test,4,0.0009700255512733
S03605,70,24,2025-12-06,20,21,0.0,test,4,0.0005411724431018
S03805,70,17,2025-12-06,58,24,0.0278185914389264,test,4,0.0029643742340545
S03807,70,8,2025-12-06,27,29,0.0,test,4,0.003206962732262
S03850,70,18,2025-12-06,60,19,0.0,test,4,0.0007760572150696
S03952,70,23,2025-12-06,33,22,0.0,test,4,0.0011636057871581
S03975,70,22,2025-12-06,53,21,0.0,test,4,0.0011520538989939
S03977,70,25,2025-12-06,20,15,0.0,test,4,0.0030487667671345
S03980,70,24,2025-12-06,50,19,0.0,test,4,0.0004986248494525
S03983,70,22,2025-12-06,43,29,0.0,test,4,0.0012233727047518
S04121,70,22,2025-12-06,37,31,0.0,test,4,0.0013326677446262
S04125,70,19,2025-12-06,36,14,0.0,test,4,0.0005808557379908
S04136,70,22,2025-12-06,58,16,0.0,test,4,0.0010319837528
S04141,70,20,2025-12-06,55,17,0.0,test,4,0.0009046132874024
S04480,70,13,2025-12-06,24,19,0.0,test,4,0.0032105274601169
S04482,70,10,2025-12-06,36,22,0.0,test,4,0.0032642474215776
S04483,70,6,2025-12-06,16,25,0.0,test,4,0.0028751471441422
S04896,70,8,2025-12-06,50,19,0.0,test,4,0.0031422638223793
S04907,70,4,2025-12-06,20,27,0.0,test,4,0.0032319956265872
S05226,70,6,2025-12-06,42,26,0.0,test,4,0.0032789665561774
S05229,70,16,2025-12-06,47,26,0.0,test,4,0.0029098715512027
S05628,70,20,2025-12-06,28,15,0.0,test,4,0.0012062293321441
S05760,70,17,2025-12-06,46,15,0.0,test,4,0.002937517797144
S05767,70,13,2025-12-06,42,12,0.0,test,4,0.0030401626942394
S05774,70,16,2025-12-06,35,20,0.0,test,4,0.0024957936573387
S05792,70,10,2025-12-06,28,24,0.0,test,4,0.003300822109188
S05794,70,12,2025-12-06,50,30,0.0,test,4,0.0028093375887971
S05797,70,13,2025-12-06,44,31,0.0,test,4,0.0031029530581235
S05801,70,5,2025-12-06,27,23,0.0,test,4,0.0034551364635809
S05802,70,6,2025-12-06,28,23,0.0,test,4,0.0031565429147676
S05804,70,6,2025-12-06,33,29,0.0,test,4,0.0030673111948048
S06015,70,22,2025-12-06,17,20,0.0,test,4,0.0010411294776291
S06329,70,13,2025-12-06,30,23,0.0181517699801864,test,4,0.0033747110023749
S06332,70,13,2025-12-06,55,21,0.0090045203779362,test,4,0.0034016016495534
S06333,70,13,2025-12-06,34,23,0.00458360232408,test,4,0.0032875410416684
S06351,70,7,2025-12-06,43,26,0.022946157326611,test,4,0.0033198352961225
S06359,70,6,2025-12-06,38,20,0.0,test,4,0.0031799492435749
S06363,70,14,2025-12-06,52,23,0.0014946064854493,test,4,0.0031124066923598
S06368,70,4,2025-12-06,39,31,0.0106934941506986,test,4,0.0033066643606728
S06591,70,19,2025-12-06,53,19,0.0,test,4,0.0010362578100028
S06891,70,18,2025-12-06,35,29,0.0,test,4,0.001096212552597
S06894,70,18,2025-12-06,37,20,0.0,test,4,0.001622287524786
S06897,70,22,2025-12-06,31,20,0.0,test,4,0.0010670915674494
S06898,70,23,2025-12-06,31,26,0.0,test,4,0.0009281934947605
S06901,70,19,2025-12-06,46,26,0.0,test,4,0.0011546716415338
S06915,70,25,2025-12-06,39,13,0.0,test,4,0.0009433382496031
S06918,70,25,2025-12-06,40,31,0.0,test,4,0.0022413140944759
S07014,70,17,2025-12-06,56,26,0.0,test,4,0.0031449476550071
S07019,70,8,2025-12-06,16,20,0.0,test,4,0.0032691396172183
S07039,70,7,2025-12-06,62,22,0.0,test,4,0.0032786982378654
S07086,70,16,2025-12-06,51,31,0.0,test,4,0.0032642330747838
S07365,70,7,2025-12-06,46,14,0.0029033511214704,test,4,0.003126685143238
S07389,70,12,2025-12-06,38,27,0.0059143959610744,test,4,0.0029635554957338
S07462,70,17,2025-12-06,16,24,0.0,test,4,0.0031582313030833
S07469,70,7,2025-12-06,30,25,0.0,test,4,0.0033114176627026
S07471,70,4,2025-12-06,42,25,0.0,test,4,0.0031283326597562
S07582,70,17,2025-12-06,42,15,0.005215547999832,test,4,0.0031013797823003
S07583,70,8,2025-12-06,25,21,0.0105728259227822,test,4,0.0033022706120889
S07593,70,2,2025-12-06,49,27,0.0110885027620857,test,4,0.0033622423527202
S07603,70,2,2025-12-06,58,16,0.012913535177691,test,4,0.0032494849727256
S07604,70,4,2025-12-06,41,28,0.0097538318625174,test,4,0.0031806703916356
S07605,70,5,2025-12-06,23,28,0.0066494966050105,test,4,0.0033386986527707
S07608,70,10,2025-12-06,60,17,0.0074413451316833,test,4,0.0029019243368405
S07609,70,4,2025-12-06,54,22,0.0,test,4,0.0031763625639117
S07655,70,25,2025-12-06,57,26,0.0,test,4,0.0016699435484777
S08423,70,17,2025-12-06,61,27,0.0094541736514843,test,4,0.002984389298518
S08425,70,8,2025-12-06,25,25,0.0022563627613885,test,4,0.0032557932507233
S08436,70,2,2025-12-06,59,22,0.0079786075162656,test,4,0.003197810878727
S08443,70,6,2025-12-06,25,29,0.0091245608116636,test,4,0.0032111685535775
S08446,70,6,2025-12-06,37,28,0.0069063748480111,test,4,0.0031929317663103
S08448,70,8,2025-12-06,28,15,0.0139023895606201,test,4,0.0033061862345754
S08449,70,7,2025-12-06,39,25,0.0153449709060681,test,4,0.0033265102596453
S08452,70,7,2025-12-06,26,17,0.003419379695627,test,4,0.0032549457686989
S08703,70,18,2025-12-06,40,29,0.0,test,4,0.0009031405648361
S08708,70,19,2025-12-06,37,23,0.0,test,4,0.0011240068171496
S08738,70,18,2025-12-06,65,22,0.0,test,4,0.0011478729942357
S08760,70,7,2025-12-06,34,18,0.0,test,4,0.003253702967527
S08763,70,6,2025-12-06,53,23,0.0,test,4,0.0030302932719546
S08937,70,6,2025-12-06,54,24,0.0,test,4,0.0033351940941528
S09015,70,25,2025-12-06,32,15,0.0,test,4,0.0010802288005747
S09030,70,22,2025-12-06,47,14,0.0,test,4,0.0011432444582341
S09193,70,16,2025-12-06,53,27,0.0,test,4,0.0030381390356139
S09525,70,8,2025-12-06,49,29,0.0,test,4,0.0032015974241357
S09844,70,8,2025-12-06,15,24,0.0063889960149119,test,4,0.0032671682161569
S09847,70,8,2025-12-06,35,28,0.007763744718076,test,4,0.0032331185681531
S09848,70,16,2025-12-06,36,13,0.0013479355160667,test,4,0.0027661098914051
S09858,70,17,2025-12-06,25,27,0.0077760132677248,test,4,0.0029397803418841
S09865,70,8,2025-12-06,28,13,0.0065576798743881,test,4,0.0030966490961955
S09868,70,7,2025-12-06,18,25,0.0065465887925561,test,4,0.0032911789635752
S09869,70,10,2025-12-06,63,18,0.0102166410993681,test,4,0.0032989902908723
S09872,70,5,2025-12-06,50,19,0.0065312065517069,test,4,0.0033403524525246
S09873,70,13,2025-12-06,54,28,0.0066839346184777,test,4,0.0032793334440873
S09876,70,5,2025-12-06,44,23,0.0025724238236466,test,4,0.0033401199534175
S09877,70,6,2025-12-06,44,30,0.0051958777975541,test,4,0.0031681783551939
S09886,70,2,2025-12-06,27,19,0.0052824012074059,test,4,0.0033221685335755
S09887,70,2,2025-12-06,26,29,0.0106640918356399,test,4,0.0031246858607716
S10343,70,20,2025-12-06,35,22,0.0,test,4,0.0019768015451896
S10345,70,19,2025-12-06,55,24,0.0,test,4,0.0008448421276665
S10357,70,20,2025-12-06,42,16,0.0,test,4,0.0012068620250561
S10474,70,16,2025-12-06,34,12,0.0,test,4,0.0031365614733615
S10475,70,12,2025-12-06,47,14,0.0,test,4,0.0030257692958675
S10479,70,12,2025-12-06,51,14,0.0,test,4,0.0027848378170869
S10712,70,18,2025-12-06,55,27,0.0,test,4,0.000931955933551
S10714,70,25,2025-12-06,37,19,0.0,test,4,0.0009209955381616
S11108,70,25,2025-12-06,38,22,0.0,test,4,0.0016243488297527
S11112,70,20,2025-12-06,25,22,0.0144392095719079,test,4,0.0013427859706122
S11136,70,24,2025-12-06,25,17,0.0,test,4,0.0005317700666472
S11139,70,24,2025-12-06,32,27,0.0,test,4,0.0005557509615845
S11141,70,20,2025-12-06,26,19,0.0161403987360476,test,4,0.0013837440754492
S11529,70,5,2025-12-06,26,12,0.0237287427526177,test,4,0.0030184845042355
S12452,70,12,2025-12-06,55,14,0.0,test,4,0.0027626243896395
S12638,70,23,2025-12-06,30,18,0.0,test,4,0.0012818504546148
S12643,70,19,2025-12-06,27,15,0.0,test,4,0.0005547415296047
S13097,70,19,2025-12-06,53,26,0.0,test,4,0.0010063160324507
S13101,70,19,2025-12-06,19,26,0.0,test,4,0.0006204605892072
S13108,70,24,2025-12-06,42,19,0.0,test,4,0.0006887586906091
S13207,70,6,2025-12-06,42,18,0.0,test,4,0.0032918677879072
S13217,70,7,2025-12-06,47,18,0.0,test,4,0.0032551632910337
S13332,70,20,2025-12-06,34,19,0.0,test,4,0.0015669919013351
S13377,70,24,2025-12-06,41,11,0.0,test,4,0.0021846603036999
S13614,70,25,2025-12-06,27,24,0.0093841626408366,test,4,0.0015057580807074
S13916,70,2,2025-12-06,35,30,0.0091636889287149,test,4,0.0032504552629669
S13918,70,5,2025-12-06,24,29,0.0,test,4,0.0033823586994236
S13927,70,7,2025-12-06,46,21,0.0,test,4,0.0033259677647934
S13931,70,12,2025-12-06,42,27,0.00917780190721,test,4,0.0029871952888716
S13932,70,10,2025-12-06,22,23,0.0018531983518839,test,4,0.0033402061859898
S14251,70,22,2025-12-06,28,19,0.0,test,4,0.0010773137387846
S14253,70,19,2025-12-06,41,18,0.0,test,4,0.0010605646231139
S14267,70,25,2025-12-06,33,14,0.0,test,4,0.0007701001767285
S14407,70,2,2025-12-06,31,31,0.0,test,4,0.0031869575547645
S14652,70,24,2025-12-06,25,24,0.0,test,4,0.0005545276856439
S14654,70,19,2025-12-06,45,22,0.0,test,4,0.0010472874966534
S14818,70,16,2025-12-06,64,24,0.0,test,4,0.0031941435803975
S14832,70,1,2025-12-06,34,31,0.0083846831914094,test,4,0.0033172394646361
S14834,70,4,2025-12-06,33,27,0.0,test,4,0.0032605258283567
S14837,70,1,2025-12-06,23,20,0.0122778196371002,test,4,0.0033580653830261
S14840,70,5,2025-12-06,44,20,0.0063086277148043,test,4,0.0033759756444133
S14841,70,4,2025-12-06,23,23,0.0020849064518835,test,4,0.0031402950912635
S15053,70,22,2025-12-06,57,18,0.0,test,4,0.0010676676357999
S15070,70,24,2025-12-06,49,24,0.0,test,4,0.0006308866047169
S15456,70,18,2025-12-06,25,25,0.0,test,4,0.0007797418915026
S15459,70,24,2025-12-06,20,28,0.0,test,4,0.0006334868546825
S15465,70,25,2025-12-06,20,19,0.0,test,4,0.00089781837676
S15708,70,23,2025-12-06,40,27,0.0,test,4,0.0011056172817272
S15805,70,7,2025-12-06,53,27,0.0,test,4,0.0032766425599921
S16172,70,25,2025-12-06,29,19,0.0,test,4,0.0013122632501107
S16177,70,24,2025-12-06,17,26,0.0,test,4,0.0005763844745538
S16200,70,20,2025-12-06,51,19,0.0,test,4,0.001734673340498
S16704,70,22,2025-12-06,30,23,0.0,test,4,0.0013234695106349
S17121,70,4,2025-12-06,32,15,0.0,test,4,0.0031247242850116
S17123,70,1,2025-12-06,31,16,0.0,test,4,0.0033646769860091
S17303,70,24,2025-12-06,59,26,0.0,test,4,0.0005342217142893
S17611,70,24,2025-12-06,40,27,0.0,test,4,0.000782369645715
S17741,70,1,2025-12-06,28,14,0.0,test,4,0.0033536539472986
S17923,70,18,2025-12-06,44,27,0.0,test,4,0.000997655283973
S17931,70,23,2025-12-06,40,25,0.0,test,4,0.001024646839065
S17941,70,23,2025-12-06,46,23,0.0,test,4,0.0012833317941141
S17946,70,19,2025-12-06,57,25,0.0,test,4,0.0016425301614285
S17950,70,24,2025-12-06,44,14,0.0,test,4,0.0010975506326705
S17961,70,22,2025-12-06,31,17,0.0,test,4,0.00107468316039
S18309,70,23,2025-12-06,61,20,0.0,test,4,0.0008330980286972
S18313,70,18,2025-12-06,30,13,0.0,test,4,0.0011366616573751
S18323,70,22,2025-12-06,20,16,0.0,test,4,0.0010435285236994
S18599,70,22,2025-12-06,42,22,0.0,test,4,0.0009937663010448
S18603,70,18,2025-12-06,44,12,0.0,test,4,0.0009934515153349
S18738,70,16,2025-12-06,23,13,0.0,test,4,0.003142037670486
S19234,70,20,2025-12-06,42,24,0.0069385547004519,test,4,0.0015788288158911
S19727,70,20,2025-12-06,48,18,0.0,test,4,0.0011371456239409
S19812,70,8,2025-12-06,23,29,0.0,test,4,0.003170518940479
S19823,70,7,2025-12-06,41,20,0.0,test,4,0.0031437890226011
S19831,70,1,2025-12-06,39,13,0.0,test,4,0.0032919213081769
S19838,70,20,2025-12-06,40,13,0.0095804273988657,test,4,0.0010891595952407
S19839,70,22,2025-12-06,50,16,0.0,test,4,0.0014093534486407
S20145,70,17,2025-12-06,33,25,0.0019048057059853,test,4,0.0028015256854132
S20147,70,12,2025-12-06,18,16,0.0039054826060648,test,4,0.0031162565976045
S20158,70,5,2025-12-06,16,25,0.0019100544961222,test,4,0.0032904224937909
S20159,70,6,2025-12-06,52,30,0.0,test,4,0.0030860249935885
S20164,70,16,2025-12-06,62,20,0.0,test,4,0.0032291567082025
S20166,70,16,2025-12-06,52,16,0.0057647249866611,test,4,0.0024930706580849
S20623,70,8,2025-12-06,35,30,0.0,test,4,0.0030988812263138
S20626,70,7,2025-12-06,25,15,0.0,test,4,0.0032143055978592
S20628,70,13,2025-12-06,47,29,0.0,test,4,0.0033243268896451
S20637,70,6,2025-12-06,50,27,0.0,test,4,0.0032170905988711
S20886,70,17,2025-12-06,31,30,0.0,test,4,0.0030208429928208
S20895,70,5,2025-12-06,64,20,0.0,test,4,0.0030646516601912
S20896,70,5,2025-12-06,59,25,0.0,test,4,0.0033856139489667
S21204,70,23,2025-12-06,46,26,0.0,test,4,0.0009111579645639
S21418,70,1,2025-12-06,20,27,0.0041201389407015,test,4,0.0033575313091212
S21421,70,5,2025-12-06,26,17,0.0,test,4,0.0033770674528477
S21631,70,23,2025-12-06,57,22,0.0,test,4,0.0007841609677421
S21965,70,24,2025-12-06,29,13,0.0,test,4,0.0005666789647809
S21969,70,20,2025-12-06,42,20,0.0,test,4,0.0013558814718612
S22399,70,14,2025-12-06,38,27,0.0,test,4,0.0032758329677064
S22448,70,24,2025-12-06,35,21,0.0,test,4,0.000779566640395
S22449,70,25,2025-12-06,53,21,0.0,test,4,0.0011534027866014
S22451,70,24,2025-12-06,21,22,0.0,test,4,0.0008000052652434
S22543,70,23,2025-12-06,40,17,0.0016054994007643,test,4,0.0011788276401519
S22599,70,8,2025-12-06,62,25,0.0,test,4,0.0028749495489799
S22615,70,14,2025-12-06,20,24,0.0048158914728682,test,4,0.0032644315325298
S22616,70,17,2025-12-06,33,12,0.0015780783641328,test,4,0.0031543055877271
S22617,70,7,2025-12-06,18,18,0.0015667656534705,test,4,0.0030799400031097
S22628,70,10,2025-12-06,40,27,0.0,test,4,0.0032415583646421
S22637,70,4,2025-12-06,28,20,0.0015691103112963,test,4,0.0031078952757056
S22639,70,10,2025-12-06,39,21,0.0048042532624456,test,4,0.0032653648103929
S22643,70,6,2025-12-06,42,12,0.0079330875193538,test,4,0.0028165404324923
S22644,70,2,2025-12-06,51,18,0.0063278648867159,test,4,0.0033800571302091
S22762,70,23,2025-12-06,22,29,0.0047264462259754,test,4,0.0023818753866223
S23184,70,1,2025-12-06,39,16,0.0036290617013508,test,4,0.0033337095800079
S23185,70,2,2025-12-06,49,25,0.0,test,4,0.0033994963348254
S23186,70,2,2025-12-06,33,26,0.0,test,4,0.0031956267752266
S23917,70,18,2025-12-06,24,23,0.0,test,4,0.0009948083056014
S23919,70,23,2025-12-06,21,24,0.0,test,4,0.0007904696437941
S24038,70,17,2025-12-06,24,18,0.0,test,4,0.0028645170090509
S24039,70,8,2025-12-06,18,19,0.0,test,4,0.002897301389701
S24044,70,5,2025-12-06,56,28,0.0034191209350642,test,4,0.0032852033565114
S24554,70,19,2025-12-06,50,23,0.0,test,4,0.0012557731474479
S24979,70,22,2025-12-06,30,13,0.0,test,4,0.0011575435079374
S24980,70,20,2025-12-06,57,21,0.0020773249738766,test,4,0.0010514083277464
S25189,70,13,2025-12-06,49,24,0.0,test,4,0.0033308251408559
S25193,70,10,2025-12-06,61,25,0.0,test,4,0.0032135878495149
S25278,70,22,2025-12-06,44,31,0.0,test,4,0.0024058375832619
S25455,70,14,2025-12-06,56,20,0.0,test,4,0.0032119276286206
S25456,70,8,2025-12-06,37,27,0.0031659882406151,test,4,0.0031252326446696
S25469,70,10,2025-12-06,24,24,0.0,test,4,0.0032032632335803
S25480,70,17,2025-12-06,35,30,0.0061365979540557,test,4,0.002910700896435
S25487,70,1,2025-12-06,35,13,0.0030722820812392,test,4,0.0031982721308999
S25492,70,1,2025-12-06,55,18,0.0,test,4,0.0032098763300357
S25754,70,7,2025-12-06,59,20,0.0,test,4,0.0032427690419938
S25915,70,18,2025-12-06,57,21,0.0,test,4,0.0008727348854227
S25916,70,18,2025-12-06,54,15,0.0,test,4,0.0006984977952615
S25920,70,18,2025-12-06,29,27,0.0,test,4,0.0011727037436063
S25941,70,24,2025-12-06,49,15,0.0,test,4,0.0005551699657569
S26088,70,22,2025-12-06,31,29,0.0,test,4,0.0013627883603396
S26310,70,22,2025-12-06,35,18,0.0,test,4,0.00127701467616
S26553,70,23,2025-12-06,23,20,0.0,test,4,0.0007850861783423
S26555,70,23,2025-12-06,28,21,0.0,test,4,0.0014048985485118
S26832,70,18,2025-12-06,44,29,0.0,test,4,0.0010543268575011
S27195,70,6,2025-12-06,54,18,0.0164361886155035,test,4,0.0031949303227517
S27196,70,5,2025-12-06,50,17,0.0110474722701777,test,4,0.0032509432148346
S27206,70,8,2025-12-06,41,15,0.0062449738640932,test,4,0.0029713293050735
S27208,70,7,2025-12-06,28,24,0.0025410946647237,test,4,0.0033548743296337
S27307,70,1,2025-12-06,45,30,0.0,test,4,0.0032617842867038
S27309,70,10,2025-12-06,28,26,0.0,test,4,0.0033742627377669
S27479,70,5,2025-12-06,48,12,0.0,test,4,0.0028169085209035
S27685,70,19,2025-12-06,39,21,0.0,test,4,0.0015085001395227
S27899,70,13,2025-12-06,53,19,0.0,test,4,0.0033149245196385
S27901,70,12,2025-12-06,33,18,0.0,test,4,0.0029797405365312
S27916,70,1,2025-12-06,42,24,0.0,test,4,0.0033152642123962
S27921,70,4,2025-12-06,54,21,0.0,test,4,0.0027528991487379
S27924,70,6,2025-12-06,41,23,0.0,test,4,0.0031521527591137
S27925,70,4,2025-12-06,21,25,0.0,test,4,0.0030869068909575
S27927,70,12,2025-12-06,33,15,0.0,test,4,0.0030003506496547
S28288,70,25,2025-12-06,26,13,0.0248786104019622,test,4,0.0031167001168869
S28493,70,18,2025-12-06,49,24,0.0,test,4,0.000960129302424
S28498,70,18,2025-12-06,45,27,0.0,test,4,0.0011802196674432
S28542,70,19,2025-12-06,59,27,0.0,test,4,0.0012039519612558
S28545,70,19,2025-12-06,43,28,0.0,test,4,0.0013988774648693
S28572,70,5,2025-12-06,27,22,0.0,test,4,0.0035141963221859
S28688,70,16,2025-12-06,40,11,0.0225272525363933,test,4,0.0030973965980688
S28790,70,23,2025-12-06,53,30,0.0,test,4,0.0025351104586484
S29255,70,12,2025-12-06,43,11,0.0,test,4,0.0030044193026427
S29377,70,16,2025-12-06,23,21,0.0,test,4,0.0027742767335543
S29381,70,1,2025-12-06,52,26,0.0,test,4,0.0033158224913952
S29444,70,23,2025-12-06,32,25,0.0,test,4,0.0009639431017279
S29450,70,20,2025-12-06,49,24,0.0,test,4,0.0014899063391504
S29452,70,25,2025-12-06,23,14,0.0,test,4,0.0017223047528227
S29882,70,17,2025-12-06,56,15,0.0,test,4,0.002982175525432
S29888,70,6,2025-12-06,52,16,0.0,test,4,0.0031846706305741
S30782,70,4,2025-12-06,47,13,0.0,test,4,0.0029956804664538
S30787,70,2,2025-12-06,29,27,0.0,test,4,0.0033334900379224
S30946,70,7,2025-12-06,58,14,0.0,test,4,0.0030121185999964
S31049,70,18,2025-12-06,49,19,0.0,test,4,0.001250163583158
S31052,70,18,2025-12-06,17,18,0.0,test,4,0.0008658619508619
S31058,70,23,2025-12-06,39,27,0.0,test,4,0.001019620139603
S31084,70,22,2025-12-06,49,28,0.0,test,4,0.0010734611616655
S31204,70,24,2025-12-06,58,21,0.0,test,4,0.0005484247045389
S31392,70,20,2025-12-06,55,30,0.0,test,4,0.0020385918338005
S31685,70,1,2025-12-06,24,21,0.0,test,4,0.0033330155590251
S32111,70,1,2025-12-06,56,30,0.0,test,4,0.0031781652995719
S32176,70,4,2025-12-06,15,23,0.0,test,4,0.0031986895645273
S32573,70,13,2025-12-06,62,23,0.016315141567501,test,4,0.0032297048760977
S32574,70,14,2025-12-06,35,13,0.0,test,4,0.0031989006771899
S32589,70,7,2025-12-06,54,29,0.0,test,4,0.0031809923272672
S32593,70,7,2025-12-06,39,18,0.0,test,4,0.0031315214914586
S32845,70,16,2025-12-06,37,27,0.0,test,4,0.0030667998952074
S32847,70,14,2025-12-06,27,28,0.0,test,4,0.0032415693102069
S33125,70,14,2025-12-06,60,23,0.0017690547125553,test,4,0.0023377088769253
S33127,70,5,2025-12-06,15,23,0.0017649649137759,test,4,0.0032706277241383
S33129,70,6,2025-12-06,18,26,0.0017887091782015,test,4,0.002970108487004
S33807,70,19,2025-12-06,52,28,0.0,test,4,0.0012618034596299
S33817,70,24,2025-12-06,56,20,0.0,test,4,0.0005676613018388
S34057,70,8,2025-12-06,45,27,0.0216820375007634,test,4,0.0032702779110702
S34066,70,13,2025-12-06,62,19,0.0115136913311402,test,4,0.0031485105267066
S34088,70,6,2025-12-06,37,29,0.0249649489044408,test,4,0.0028312218865975
S34092,70,1,2025-12-06,21,28,0.0497657180166685,test,4,0.0033345098223629
S34137,70,2,2025-12-06,34,28,0.0,test,4,0.0031451618540561
S34139,70,5,2025-12-06,19,23,0.0,test,4,0.0034414859669231
S34584,70,20,2025-12-06,28,31,0.0,test,4,0.0027824776891088
S34618,70,23,2025-12-06,28,24,0.0,test,4,0.0011837839171568
S34643,70,12,2025-12-06,17,18,0.0,test,4,0.0027521593569738
S34651,70,5,2025-12-06,35,14,0.0,test,4,0.0032585174897523
S34759,70,14,2025-12-06,34,24,0.0,test,4,0.0033319782640698
S34760,70,16,2025-12-06,29,27,0.0,test,4,0.0030723472598136
S34773,70,18,2025-12-06,39,17,0.0,test,4,0.0009266322428941
S34810,70,25,2025-12-06,16,17,0.0,test,4,0.0032193263734407
S34811,70,1,2025-12-06,43,32,0.0,test,4,0.0031050908462782
S35293,70,24,2025-12-06,17,16,0.0133755125607977,test,4,0.0017073237921457
S35405,70,4,2025-12-06,32,28,0.0,test,4,0.0032303688598576
S35410,70,5,2025-12-06,54,19,0.0217182310784827,test,4,0.0033387077820597
S35451,70,12,2025-12-06,48,23,0.0021844881561843,test,4,0.0029636021544528
S35453,70,13,2025-12-06,35,30,0.0029589673977757,test,4,0.0032952074117577
S35455,70,16,2025-12-06,25,19,0.0005858210098752,test,4,0.0030053972381744
S35456,70,12,2025-12-06,60,20,0.0150802163023589,test,4,0.0028683036615735
S35457,70,13,2025-12-06,35,21,0.0403185539387914,test,4,0.0032917116353266
S35490,70,10,2025-12-06,58,20,0.035575527409381,test,4,0.003347982166811
S35491,70,7,2025-12-06,58,24,0.0311488673139158,test,4,0.0033567622270135
S35493,70,7,2025-12-06,47,25,0.0220073682617278,test,4,0.0033084984568985
S35498,70,12,2025-12-06,36,25,0.0081465904171258,test,4,0.003026542522613
S35501,70,4,2025-12-06,43,16,0.0249617349661421,test,4,0.0029850595947031
S35503,70,12,2025-12-06,41,24,0.0257848958617058,test,4,0.0031542548006167
S35504,70,6,2025-12-06,46,20,0.0309078493068935,test,4,0.0031698656088497
S35515,70,4,2025-12-06,51,16,0.0119094517434766,test,4,0.0028420556432697
S35516,70,4,2025-12-06,24,27,0.0247491472250578,test,4,0.0031523033541954
S35517,70,2,2025-12-06,21,21,0.0300520377942167,test,4,0.0032955271233066
S35519,70,2,2025-12-06,17,26,0.0122276758804787,test,4,0.0032391286962174
S35610,70,14,2025-12-06,51,15,0.004057573456775,test,4,0.0026247334801757
S35613,70,16,2025-12-06,18,26,0.0,test,4,0.0030316525824287
S35627,70,6,2025-12-06,23,16,0.0121471343028229,test,4,0.0032212479771398
S35631,70,7,2025-12-06,63,20,0.0019933901269031,test,4,0.0030302061817385
S35825,70,13,2025-12-06,48,27,0.0039485810531668,test,4,0.0033266355566646
S36180,70,1,2025-12-06,43,16,0.0,test,4,0.0033222318107021
S36755,70,7,2025-12-06,24,13,0.0,test,4,0.003212312896434
S36973,70,25,2025-12-06,58,19,0.0,test,4,0.0011190282736378
S36994,70,6,2025-12-06,45,32,0.0,test,4,0.0030726809557355
S37114,70,18,2025-12-06,24,18,0.0,test,4,0.0008576835854039
S37117,70,20,2025-12-06,29,22,0.0,test,4,0.0013404201382381
S37123,70,24,2025-12-06,18,26,0.0,test,4,0.0008405850880325
S37368,70,5,2025-12-06,43,15,0.0,test,4,0.0032163311046265
S37433,70,12,2025-12-06,42,12,0.0,test,4,0.0029050888439746
S37739,70,8,2025-12-06,18,17,0.0028069105346684,test,4,0.0032017803641003
S37743,70,14,2025-12-06,55,29,0.0,test,4,0.0030625202240756
S37769,70,5,2025-12-06,14,22,0.0,test,4,0.0033006111097653
S37775,70,1,2025-12-06,60,26,0.0,test,4,0.0033475231515475
S37791,70,8,2025-12-06,55,17,0.0,test,4,0.0031118950519716
S37792,70,13,2025-12-06,23,14,0.0,test,4,0.0028690346562615
S37955,70,16,2025-12-06,19,17,0.0027891185094771,test,4,0.0026642221435978
S37959,70,12,2025-12-06,57,18,0.0027126229754253,test,4,0.0027604604591698
S37971,70,10,2025-12-06,53,25,0.0040467699122249,test,4,0.0033091741194846
S37972,70,7,2025-12-06,37,16,0.0096969392903033,test,4,0.0033043204560272
S37974,70,7,2025-12-06,42,22,0.0070909236177692,test,4,0.0030553020386057
S37975,70,8,2025-12-06,33,12,0.0013592270182606,test,4,0.0030962907756843
S37984,70,1,2025-12-06,51,15,0.0040697341161634,test,4,0.0033706947274308
S38208,70,2,2025-12-06,27,31,0.0082514278124584,test,4,0.0032361130753714
S38209,70,6,2025-12-06,31,31,0.0084044981821256,test,4,0.0030153063063127
S38865,70,18,2025-12-06,20,25,0.0,test,4,0.0014564239956451
S38878,70,25,2025-12-06,61,24,0.0,test,4,0.0013551729564347
S38942,70,12,2025-12-06,17,19,0.0,test,4,0.0028756111525034
S38948,70,2,2025-12-06,29,20,0.0,test,4,0.0033700388206938
S38953,70,4,2025-12-06,39,29,0.0,test,4,0.0031908282459799
S39036,70,18,2025-12-06,21,16,0.0,test,4,0.0008246024844181
S39037,70,24,2025-12-06,38,22,0.0,test,4,0.0009490394477152
S39437,70,13,2025-12-06,31,30,0.0,test,4,0.003046125138027
S39440,70,1,2025-12-06,36,21,0.0,test,4,0.0032476138499411
S39505,70,19,2025-12-06,43,13,0.0,test,4,0.0013795238499386
S39520,70,23,2025-12-06,31,27,0.0,test,4,0.0009585088914313
S39832,70,25,2025-12-06,35,24,0.0,test,4,0.0010975475819304
S39833,70,24,2025-12-06,39,13,0.0,test,4,0.0005741143953341
S40031,70,14,2025-12-06,59,16,0.0016646904747549,test,4,0.0031926922139667
S40052,70,14,2025-12-06,42,27,0.0033430530751716,test,4,0.0032612439572935
S40059,70,10,2025-12-06,30,30,0.0,test,4,0.0032852285026641
S40065,70,12,2025-12-06,20,24,0.0016717120753447,test,4,0.002875303930682
S40067,70,8,2025-12-06,46,12,0.0,test,4,0.0028082138095225
S40070,70,7,2025-12-06,46,17,0.0033348766364045,test,4,0.0033026424198448
S40078,70,6,2025-12-06,27,19,0.003307908363617,test,4,0.0032486464714141
S40079,70,7,2025-12-06,54,28,0.0,test,4,0.0030862685430547
S40489,70,17,2025-12-06,46,19,0.0,test,4,0.0027682047531801
S40492,70,17,2025-12-06,20,24,0.0,test,4,0.0031678885048352
S40493,70,7,2025-12-06,28,13,0.0,test,4,0.0031221731797996
S40502,70,6,2025-12-06,53,21,0.0,test,4,0.0032564500253466
S40504,70,7,2025-12-06,28,27,0.0,test,4,0.0033269526313626
S40506,70,7,2025-12-06,32,27,0.0021664835835469,test,4,0.0032734788284185
S41109,70,24,2025-12-06,43,19,0.0,test,4,0.0007574974607092
S41308,70,4,2025-12-06,50,21,0.0,test,4,0.0031780134171508
S41901,70,17,2025-12-06,36,24,0.01889408995643,test,4,0.0032344405067957
S41910,70,14,2025-12-06,16,24,0.0145320137735076,test,4,0.0031753438784857
S41911,70,7,2025-12-06,50,17,0.0059352293994312,test,4,0.0029417369437111
S41916,70,10,2025-12-06,51,24,0.0109154739217991,test,4,0.003324986272615
S41917,70,4,2025-12-06,58,22,0.0126630011057831,test,4,0.00311679974369
S41918,70,10,2025-12-06,51,15,0.0024769128794486,test,4,0.0031223647210068
S41921,70,12,2025-12-06,50,24,0.01041099333864,test,4,0.0028789503192373
S41928,70,6,2025-12-06,57,19,0.0072465749180295,test,4,0.0032451758363136
S42724,70,7,2025-12-06,34,11,0.0,test,4,0.0030414157311092
S42739,70,20,2025-12-06,28,16,0.0,test,4,0.0008417181588249
S42745,70,19,2025-12-06,34,20,0.0,test,4,0.001582885820884
S42749,70,23,2025-12-06,48,28,0.0,test,4,0.0008692276411164
S42767,70,22,2025-12-06,47,27,0.0,test,4,0.0012333405195261
S42768,70,20,2025-12-06,57,20,0.0,test,4,0.0010132125109023
S42769,70,22,2025-12-06,26,22,0.0,test,4,0.0011396224169526
S42853,70,22,2025-12-06,51,23,0.0,test,4,0.0012314608091011
S42991,70,12,2025-12-06,34,12,0.0,test,4,0.0029358888183724
S42992,70,2,2025-12-06,37,18,0.0,test,4,0.0033144648988359
S42994,70,12,2025-12-06,37,15,0.0,test,4,0.0030199623680782
S43368,70,25,2025-12-06,29,21,0.0,test,4,0.001608432722555
S43613,70,1,2025-12-06,28,31,0.0203175826807061,test,4,0.0032374332259141
S43617,70,4,2025-12-06,59,28,0.0080748015824661,test,4,0.0031945329719149
S43619,70,8,2025-12-06,62,16,0.0212191605099274,test,4,0.0032270591670718
S43695,70,13,2025-12-06,28,19,0.0090879169104739,test,4,0.0032559653757884
S43701,70,10,2025-12-06,46,30,0.0110985245275971,test,4,0.0033001123184286
S43705,70,17,2025-12-06,34,22,0.0124562123937481,test,4,0.0029342801230868
S43724,70,5,2025-12-06,51,27,0.0132569695306903,test,4,0.0032382890838296
S43725,70,4,2025-12-06,39,23,0.0,test,4,0.0031781178829506
S43727,70,6,2025-12-06,23,17,0.0130448564581226,test,4,0.0028668131898642
S43729,70,7,2025-12-06,34,25,0.0,test,4,0.0031344216201339
