ufs_serial,run_id,wafer_no,date,die_x,die_y,health,split,position,pred
S00291,80,1,2025-12-12,52,31,0.0023998532081739,test,1,0.0031575399071377
S00293,80,17,2025-12-12,24,30,0.0,test,1,0.0030249152236136
S00333,80,15,2025-12-12,38,31,0.0,test,1,0.0024222783605063
S00346,80,18,2025-12-12,48,17,0.0,test,1,0.0031394429909765
S00641,80,7,2025-12-12,30,18,0.0,test,1,0.003099470553716
S00802,80,17,2025-12-12,40,19,0.0,test,1,0.0029953529784461
S00806,80,12,2025-12-12,27,27,0.0,test,1,0.0028612892482395
S00995,80,13,2025-12-12,35,20,0.0,test,1,0.0028513970130534
S00997,80,14,2025-12-12,34,24,0.0,test,1,0.0031230803441313
S01192,80,24,2025-12-12,23,13,0.0075729871396355,test,1,0.0030262468912502
S01206,80,6,2025-12-12,25,19,0.0,test,1,0.0028243758909014
S01207,80,5,2025-12-12,39,17,0.0,test,1,0.0031263336832274
S01208,80,6,2025-12-12,46,26,0.0,test,1,0.0027980742878637
S01211,80,2,2025-12-12,38,30,0.0,test,1,0.0030780653761997
S01220,80,7,2025-12-12,62,24,0.0,test,1,0.0032230208483701
S01221,80,16,2025-12-12,27,29,0.0088564173386198,test,1,0.0025346823434502
S01222,80,7,2025-12-12,35,19,0.0044000212475875,test,1,0.0029604030279274
S01227,80,13,2025-12-12,45,27,0.008871831488754,test,1,0.0029341825459907
S01236,80,22,2025-12-12,32,28,0.0057715533259011,test,1,0.0029171834422198
S01237,80,23,2025-12-12,54,19,0.0029621418013636,test,1,0.0029288695334728
S01240,80,22,2025-12-12,55,27,0.0014513703330559,test,1,0.0030784118737606
S01241,80,18,2025-12-12,40,26,0.0,test,1,0.0030896392526537
S01851,80,6,2025-12-12,43,27,0.0029059739105521,test,1,0.0027334800520157
S01857,80,4,2025-12-12,62,20,0.0014457088336591,test,1,0.0032223303915973
S01858,80,4,2025-12-12,19,18,0.0099986779557747,test,1,0.0031109870582447
S01861,80,4,2025-12-12,54,26,0.0,test,1,0.0031393252890981
S01914,80,13,2025-12-12,26,30,0.0,test,1,0.0025574974129018
S02162,80,2,2025-12-12,49,16,0.0,test,1,0.0030943681940128
S02164,80,4,2025-12-12,24,16,0.0,test,1,0.0031672660585187
S02388,80,4,2025-12-12,20,24,0.0,test,1,0.0030463550798137
S02463,80,24,2025-12-12,55,25,0.0,test,1,0.0023848300445474
S02472,80,4,2025-12-12,63,18,0.0,test,1,0.0032012090657003
S02473,80,1,2025-12-12,47,18,0.0,test,1,0.0026641912092356
S02796,80,23,2025-12-12,26,26,0.0,test,1,0.002555249199626
S02798,80,21,2025-12-12,22,15,0.0,test,1,0.0024820485576813
S02876,80,19,2025-12-12,51,20,0.0,test,1,0.0030792474715375
S03227,80,21,2025-12-12,34,30,0.0030708868189752,test,1,0.0027102906271144
S03379,80,6,2025-12-12,44,31,0.0,test,1,0.0026675812077452
S03380,80,2,2025-12-12,30,22,0.0,test,1,0.0029909312450423
S03414,80,11,2025-12-12,37,28,0.0028697801182557,test,1,0.0031255807607361
S03421,80,13,2025-12-12,46,19,0.0,test,1,0.0031092055633189
S03428,80,7,2025-12-12,41,31,0.0,test,1,0.0029224863466124
S03431,80,10,2025-12-12,54,26,0.0062342223685654,test,1,0.0028069493118412
S03432,80,6,2025-12-12,33,13,0.0,test,1,0.0029672070159795
S03440,80,15,2025-12-12,28,21,0.0,test,1,0.001815391453938
S03844,80,17,2025-12-12,26,14,0.0,test,1,0.0031172869392201
S03865,80,15,2025-12-12,19,27,0.0,test,1,0.0028280998018236
S04101,80,12,2025-12-12,49,31,0.0,test,1,0.0032008666202322
S04278,80,16,2025-12-12,31,16,0.0,test,1,0.0027009898595744
S04279,80,14,2025-12-12,31,29,0.0,test,1,0.0031397756419961
S04280,80,14,2025-12-12,35,18,0.0,test,1,0.0030595319759609
S04496,80,22,2025-12-12,16,21,0.0,test,1,0.0028451646482362
S04585,80,7,2025-12-12,41,12,0.0,test,1,0.0028230255046698
S04588,80,14,2025-12-12,50,14,0.0,test,1,0.0031704289845739
S04595,80,24,2025-12-12,21,26,0.0,test,1,0.0023828412516774
S04599,80,24,2025-12-12,34,27,0.0,test,1,0.0022149454701327
S04600,80,17,2025-12-12,41,22,0.0,test,1,0.0029656051277769
S04859,80,15,2025-12-12,39,30,0.0,test,1,0.0026745782443654
S05111,80,19,2025-12-12,48,25,0.0,test,1,0.0030864040103686
S05113,80,20,2025-12-12,61,19,0.0,test,1,0.002687415350304
S05115,80,6,2025-12-12,19,23,0.0,test,1,0.0028434658392981
S05653,80,13,2025-12-12,54,26,0.0,test,1,0.0030243408455796
S05655,80,10,2025-12-12,27,22,0.0051439690326854,test,1,0.0025340858886505
S05658,80,14,2025-12-12,48,29,0.0086976913492096,test,1,0.0031385720965287
S05664,80,22,2025-12-12,26,19,0.0,test,1,0.0028507088958796
S05670,80,24,2025-12-12,24,24,0.0,test,1,0.0023965736801533
S05672,80,22,2025-12-12,45,12,0.0017055827808206,test,1,0.0028262862635582
S05677,80,24,2025-12-12,50,13,0.0,test,1,0.0025516428007712
S05678,80,18,2025-12-12,63,23,0.0,test,1,0.003067711036151
S05679,80,20,2025-12-12,32,27,0.0,test,1,0.0025259475155513
S05823,80,5,2025-12-12,33,21,0.0,test,1,0.0027325883213357
S05830,80,1,2025-12-12,46,28,0.0,test,1,0.0031057842791517
S06034,80,10,2025-12-12,46,22,0.0,test,1,0.0025743609255787
S06037,80,13,2025-12-12,46,26,0.0,test,1,0.0029545882341637
S06074,80,16,2025-12-12,50,31,0.0,test,1,0.0027379579770745
S06522,80,15,2025-12-12,35,32,0.0136387336376359,test,1,0.0029762417396614
S06523,80,7,2025-12-12,25,13,0.0,test,1,0.0031784858375095
S06627,80,17,2025-12-12,39,24,0.0015440297000481,test,1,0.0030587155412717
S06633,80,1,2025-12-12,23,27,0.0,test,1,0.0031348609280843
S06929,80,22,2025-12-12,34,19,0.0,test,1,0.0030124636666873
S06932,80,4,2025-12-12,27,18,0.0,test,1,0.0030362026967169
S06936,80,10,2025-12-12,45,21,0.0,test,1,0.002619213215932
S06937,80,7,2025-12-12,53,25,0.0,test,1,0.0032058488856128
S06940,80,13,2025-12-12,47,18,0.0,test,1,0.0030450346576747
S06941,80,7,2025-12-12,45,26,0.0,test,1,0.0030932918194526
S06960,80,4,2025-12-12,19,28,0.0,test,1,0.0031412444359442
S07523,80,18,2025-12-12,33,32,0.0071066193082699,test,1,0.0030629358037744
S07554,80,6,2025-12-12,24,24,0.0,test,1,0.0029250297862943
S07569,80,15,2025-12-12,25,13,0.0075061760359019,test,1,0.0029836522613686
S07570,80,5,2025-12-12,26,13,0.0075176596935457,test,1,0.0032404322913982
S07722,80,10,2025-12-12,45,13,0.0105960886148545,test,1,0.002536289498991
S07724,80,6,2025-12-12,53,14,0.0205895371224361,test,1,0.0030336283389517
S07827,80,18,2025-12-12,40,15,0.0122628516569541,test,1,0.0030775644090242
S07830,80,19,2025-12-12,25,23,0.0,test,1,0.0029614733788921
S07837,80,17,2025-12-12,29,13,0.0165933196864129,test,1,0.0030589381829113
S07845,80,1,2025-12-12,50,16,0.006347300800756,test,1,0.0028889659964291
S07846,80,6,2025-12-12,30,18,0.020680713695963,test,1,0.0029188172877814
S07847,80,1,2025-12-12,33,17,0.019608745684695,test,1,0.0031281484417035
S07900,80,5,2025-12-12,34,25,0.0,test,1,0.0023804024824581
S08089,80,2,2025-12-12,58,22,0.0093533574224631,test,1,0.0031487394431285
S08090,80,1,2025-12-12,40,16,0.0070837579549746,test,1,0.0030717716180753
S08091,80,17,2025-12-12,56,24,0.005648754318967,test,1,0.0029192611081212
S08092,80,17,2025-12-12,48,29,0.0134908624515638,test,1,0.0029177349433708
S08458,80,5,2025-12-12,20,29,0.01138774705912,test,1,0.0029357206230352
S08611,80,10,2025-12-12,22,16,0.0104488594554819,test,1,0.0023851523491028
S08618,80,7,2025-12-12,19,19,0.0178769342136914,test,1,0.0031045726055176
S08622,80,14,2025-12-12,50,23,0.0057102020745152,test,1,0.0030284858552424
S08623,80,14,2025-12-12,45,21,0.008264148702417,test,1,0.002937032881995
S08625,80,14,2025-12-12,40,29,0.0,test,1,0.0031044361938267
S08633,80,21,2025-12-12,49,14,0.0082946496052948,test,1,0.0028045940139229
S08638,80,19,2025-12-12,51,19,0.0,test,1,0.0031200418864547
S09121,80,17,2025-12-12,27,19,0.0,test,1,0.0030837741884895
S09123,80,22,2025-12-12,31,23,0.0,test,1,0.0029592775056993
S09124,80,20,2025-12-12,38,18,0.0,test,1,0.0028268107189074
S09133,80,4,2025-12-12,14,21,0.0,test,1,0.0031699449777682
S09260,80,19,2025-12-12,33,23,0.0,test,1,0.0030347379301764
S09267,80,17,2025-12-12,26,16,0.0,test,1,0.0031907730521481
S09471,80,10,2025-12-12,53,27,0.0,test,1,0.0029151808025024
S09613,80,24,2025-12-12,42,29,0.0,test,1,0.0024142594452971
S09614,80,22,2025-12-12,58,17,0.0,test,1,0.0029627963963893
S09927,80,11,2025-12-12,56,15,0.0078168620882188,test,1,0.0031762124450493
S09929,80,11,2025-12-12,27,27,0.0250037069988137,test,1,0.0030749976096679
S09930,80,15,2025-12-12,38,30,0.003952914976537,test,1,0.002317539607699
S09943,80,20,2025-12-12,33,29,0.0119554497125399,test,1,0.0027331260641065
S09952,80,18,2025-12-12,47,29,0.0064275164955679,test,1,0.0030583522505107
S10084,80,24,2025-12-12,51,31,0.0065550851369709,test,1,0.0025930599429179
S10147,80,2,2025-12-12,37,27,0.0076746089346654,test,1,0.003094443391556
S10148,80,17,2025-12-12,26,24,0.0053798358987681,test,1,0.0031392825157445
S10149,80,17,2025-12-12,26,27,0.0065004028418662,test,1,0.0031409619577115
S10179,80,14,2025-12-12,32,29,0.0,test,1,0.0031157324603187
S10183,80,7,2025-12-12,37,27,0.0,test,1,0.003115906710218
S10406,80,19,2025-12-12,25,29,0.0,test,1,0.002901151851529
S10726,80,21,2025-12-12,49,21,0.0,test,1,0.002792209972508
S10727,80,20,2025-12-12,15,18,0.0,test,1,0.0025644181433626
S10728,80,18,2025-12-12,32,13,0.0,test,1,0.0030418269664323
S10735,80,6,2025-12-12,34,24,0.0,test,1,0.0027784041499302
S10789,80,10,2025-12-12,56,14,0.0068897319427565,test,1,0.0026075184045984
S10806,80,17,2025-12-12,25,17,0.0225531618346566,test,1,0.0031628579538066
S10811,80,21,2025-12-12,55,27,0.0133036744374044,test,1,0.0027698170616533
S11022,80,15,2025-12-12,58,14,0.0101456819610124,test,1,0.0031564806784437
S11454,80,1,2025-12-12,19,26,0.0187673761074687,test,1,0.003053344710222
S11459,80,5,2025-12-12,25,21,0.0153759032384764,test,1,0.0031099815769017
S11467,80,1,2025-12-12,43,17,0.0090356180399099,test,1,0.0027391010672782
S11675,80,5,2025-12-12,40,19,0.0,test,1,0.0030066029063199
S11974,80,24,2025-12-12,33,22,0.0,test,1,0.0023904808190826
S11977,80,21,2025-12-12,26,26,0.0,test,1,0.0027910967612121
S12099,80,7,2025-12-12,37,25,0.0026474473706639,test,1,0.0030685897166126
S12102,80,24,2025-12-12,50,27,0.0,test,1,0.002362795009427
S12107,80,17,2025-12-12,34,18,0.0,test,1,0.0031353531163148
S12111,80,20,2025-12-12,55,26,0.0,test,1,0.0027804272985474
S12112,80,19,2025-12-12,27,25,0.0,test,1,0.0029988860997303
S12114,80,22,2025-12-12,30,19,0.0052509244585314,test,1,0.0029041887808888
S12333,80,11,2025-12-12,39,15,0.0,test,1,0.0031503620767294
S12334,80,22,2025-12-12,24,22,0.0,test,1,0.0028819823943842
S12378,80,1,2025-12-12,36,14,0.0040737371005155,test,1,0.0031848342997477
S12451,80,22,2025-12-12,40,32,0.0,test,1,0.0025763846570292
S12945,80,15,2025-12-12,47,16,0.0,test,1,0.0022012589991508
S12996,80,23,2025-12-12,49,26,0.0,test,1,0.0028474917236438
S13004,80,1,2025-12-12,42,15,0.0,test,1,0.003130072104347
S13151,80,15,2025-12-12,33,29,0.0,test,1,0.002305220010749
S13152,80,7,2025-12-12,27,20,0.0,test,1,0.0030586091636849
S13184,80,22,2025-12-12,14,24,0.0,test,1,0.0027464598060088
S13248,80,21,2025-12-12,36,32,0.0,test,1,0.0013214831141323
S13317,80,15,2025-12-12,25,23,0.0,test,1,0.0019449725784994
S13457,80,6,2025-12-12,59,15,0.0018543599846278,test,1,0.0031662705178379
S13458,80,21,2025-12-12,29,12,0.0037939076103343,test,1,0.0017337759628192
S14469,80,7,2025-12-12,20,20,0.0,test,1,0.0031077381674514
S14481,80,19,2025-12-12,36,25,0.0,test,1,0.0029463201757614
S14949,80,1,2025-12-12,16,24,0.0,test,1,0.0030372942015762
S14950,80,1,2025-12-12,23,21,0.0,test,1,0.003094334551083
S15719,80,10,2025-12-12,48,31,0.0016832451069046,test,1,0.0023636669876525
S15772,80,6,2025-12-12,23,22,0.0,test,1,0.0029165456068058
S15813,80,11,2025-12-12,30,29,0.0018774128721772,test,1,0.0031385994895853
S15814,80,13,2025-12-12,47,15,0.0,test,1,0.0030166395277534
S15817,80,13,2025-12-12,63,18,0.0,test,1,0.0028376028470168
S15821,80,12,2025-12-12,58,15,0.0131485953792835,test,1,0.0031248085439451
S15822,80,13,2025-12-12,33,29,0.0036811133701444,test,1,0.0029197379332391
S15824,80,15,2025-12-12,35,13,0.0037657078128966,test,1,0.0027960443561905
S15825,80,10,2025-12-12,28,13,0.0093873835076704,test,1,0.0024429462969107
S15833,80,21,2025-12-12,59,23,0.0092449980282297,test,1,0.0028503338559636
S15834,80,16,2025-12-12,56,26,0.0,test,1,0.0027303881538395
S16463,80,14,2025-12-12,43,30,0.0,test,1,0.0031542113113557
S16464,80,7,2025-12-12,21,24,0.0,test,1,0.003133481713928
S16465,80,16,2025-12-12,34,19,0.0,test,1,0.0014955601504822
S16477,80,20,2025-12-12,35,25,0.0,test,1,0.0025948671234937
S16481,80,21,2025-12-12,48,20,0.0,test,1,0.0027097474771231
S16486,80,4,2025-12-12,50,13,0.0,test,1,0.0032325068341746
S16946,80,5,2025-12-12,28,22,0.0,test,1,0.0031137828361234
S17099,80,19,2025-12-12,28,12,0.0026077329513555,test,1,0.002860370932017
S17101,80,23,2025-12-12,53,30,0.0,test,1,0.0029546294427597
S17324,80,1,2025-12-12,32,18,0.0052066636914302,test,1,0.0030652041891014
S17329,80,2,2025-12-12,44,26,0.0083513410875899,test,1,0.0030379030618881
S17330,80,2,2025-12-12,34,28,0.022073437482651,test,1,0.003118735517862
S17331,80,1,2025-12-12,30,23,0.009224022174772,test,1,0.0031037200997117
S17332,80,1,2025-12-12,15,21,0.0207413899235239,test,1,0.0030861127499688
S17334,80,1,2025-12-12,39,23,0.0177120238503405,test,1,0.0030121206289164
S17337,80,1,2025-12-12,59,26,0.0019559690508237,test,1,0.0031389988080197
S17338,80,2,2025-12-12,24,17,0.0270514367529788,test,1,0.0031037539839625
S17657,80,11,2025-12-12,18,15,0.0332048986280079,test,1,0.0028742959556497
S17659,80,21,2025-12-12,59,15,0.0167533299310848,test,1,0.0019078880679901
S17662,80,18,2025-12-12,48,25,0.0150812857023646,test,1,0.003127578117351
S17663,80,21,2025-12-12,41,14,0.0242351541394813,test,1,0.0027260079457613
S17786,80,11,2025-12-12,51,19,0.0098168476462774,test,1,0.0030219305210605
S17788,80,12,2025-12-12,27,13,0.0271252902082782,test,1,0.0031620837488945
S17789,80,13,2025-12-12,38,23,0.0256874427427159,test,1,0.0029171280176517
S17793,80,7,2025-12-12,36,25,0.0358144227241758,test,1,0.0030329476969338
S18174,80,19,2025-12-12,16,24,0.0,test,1,0.0027071134892267
S18185,80,2,2025-12-12,38,25,0.0,test,1,0.0028805546004071
S18187,80,17,2025-12-12,62,26,0.0,test,1,0.003052186146533
S18190,80,6,2025-12-12,53,28,0.0,test,1,0.0027495125545216
S18438,80,21,2025-12-12,31,27,0.0,test,1,0.0027826600832336
S19312,80,18,2025-12-12,23,17,0.0,test,1,0.0031386674113367
S19320,80,24,2025-12-12,47,20,0.0,test,1,0.002279253127183
S19332,80,1,2025-12-12,41,29,0.0058753295267818,test,1,0.0026506116429239
S19335,80,4,2025-12-12,27,27,0.0,test,1,0.0030854879418954
S19678,80,18,2025-12-12,28,29,0.0,test,1,0.0030253272881484
S19680,80,21,2025-12-12,46,26,0.0,test,1,0.0028295932635629
S19685,80,22,2025-12-12,40,28,0.0,test,1,0.0029151682388599
S19977,80,4,2025-12-12,53,13,0.0038315505444733,test,1,0.0033214732148608
S19988,80,13,2025-12-12,46,15,0.0,test,1,0.0030433501925596
S20137,80,18,2025-12-12,29,20,0.0,test,1,0.0031658745036456
S20561,80,5,2025-12-12,45,24,0.0,test,1,0.0023852408778633
S20778,80,10,2025-12-12,54,24,0.0,test,1,0.0027799012083245
S20785,80,14,2025-12-12,33,23,0.0,test,1,0.0030056228702185
S20789,80,14,2025-12-12,41,22,0.0,test,1,0.0030005736999262
S20791,80,21,2025-12-12,29,19,0.0,test,1,0.0026899190143916
S20793,80,22,2025-12-12,22,27,0.0,test,1,0.0028286933415091
S21004,80,20,2025-12-12,28,12,0.0,test,1,0.0025728593453552
S21186,80,5,2025-12-12,41,20,0.004308289773663,test,1,0.0023179388941467
S21501,80,16,2025-12-12,48,26,0.0,test,1,0.0018039710720174
S21504,80,6,2025-12-12,37,14,0.0,test,1,0.0029992575057996
S21507,80,13,2025-12-12,24,24,0.0,test,1,0.0028300821693964
S21514,80,18,2025-12-12,50,30,0.0,test,1,0.0028617347563498
S22083,80,13,2025-12-12,43,30,0.0,test,1,0.0028732890468298
S22090,80,19,2025-12-12,53,21,0.0,test,1,0.0030798549145504
S22177,80,20,2025-12-12,58,29,0.0,test,1,0.002561133749728
S22353,80,11,2025-12-12,47,23,0.0,test,1,0.0030618307174601
S22499,80,6,2025-12-12,51,27,0.0078927977029894,test,1,0.0026616176662566
S22501,80,1,2025-12-12,46,24,0.007987400157498,test,1,0.0030677072483539
S22788,80,2,2025-12-12,53,13,0.0113378241415158,test,1,0.0032670978680821
S22957,80,21,2025-12-12,55,23,0.0,test,1,0.0028891633468558
S22971,80,5,2025-12-12,19,27,0.0,test,1,0.0028956825364985
S22972,80,4,2025-12-12,63,24,0.0,test,1,0.0031485855290664
S22982,80,14,2025-12-12,31,27,0.0,test,1,0.0030735206542222
S23168,80,20,2025-12-12,55,13,0.0,test,1,0.0027416900183453
S23903,80,6,2025-12-12,14,18,0.0,test,1,0.0031041139914889
S24085,80,23,2025-12-12,16,23,0.0,test,1,0.0029343481889368
S24097,80,6,2025-12-12,61,21,0.0,test,1,0.0029064220543083
S24212,80,24,2025-12-12,27,15,0.0,test,1,0.0026175499366292
S24570,80,18,2025-12-12,45,12,0.0,test,1,0.0030457949768563
S24607,80,16,2025-12-12,55,27,0.0061965438994588,test,1,0.00277674840777
S24912,80,23,2025-12-12,17,25,0.0,test,1,0.0029345882562091
S24913,80,17,2025-12-12,45,22,0.0082817804994896,test,1,0.002846423320792
S24918,80,24,2025-12-12,40,12,0.0,test,1,0.0025172254755275
S25504,80,20,2025-12-12,43,15,0.0,test,1,0.0029469729309777
S25519,80,2,2025-12-12,18,18,0.0,test,1,0.0030523200429858
S25729,80,7,2025-12-12,43,32,0.0,test,1,0.0032509023091732
S26155,80,2,2025-12-12,46,21,0.0,test,1,0.0029411663108544
S26241,80,7,2025-12-12,51,16,0.0,test,1,0.0029488553040227
S26399,80,1,2025-12-12,21,22,0.0,test,1,0.0031032078544294
S26404,80,6,2025-12-12,39,22,0.0,test,1,0.0026045441543844
S26744,80,7,2025-12-12,32,31,0.0125398651649105,test,1,0.0031158904579878
S26747,80,7,2025-12-12,55,27,0.0111346765641569,test,1,0.002843072598971
S26748,80,7,2025-12-12,50,22,0.0084997740071584,test,1,0.0031760664219752
S26753,80,16,2025-12-12,46,15,0.0098249983938005,test,1,0.0027278260732973
S26758,80,17,2025-12-12,43,13,0.0075195933065028,test,1,0.0030064226299867
S26760,80,21,2025-12-12,20,16,0.0147738588903256,test,1,0.0027895778165556
S26765,80,20,2025-12-12,34,24,0.0074004586199708,test,1,0.0027505883688434
S27095,80,2,2025-12-12,36,31,0.0,test,1,0.0028663322367801
S27098,80,2,2025-12-12,34,16,0.006356978222553,test,1,0.0031032960016906
S27299,80,4,2025-12-12,37,29,0.0,test,1,0.0026010055532244
S27302,80,2,2025-12-12,26,15,0.0,test,1,0.0031637929944064
S27539,80,14,2025-12-12,50,25,0.0,test,1,0.0031820277468528
S27543,80,12,2025-12-12,20,25,0.0,test,1,0.0029547665815775
S27544,80,14,2025-12-12,34,14,0.0,test,1,0.0031444719672535
S27545,80,13,2025-12-12,55,18,0.0,test,1,0.0029847221303826
S27548,80,12,2025-12-12,45,14,0.0,test,1,0.0029217031349929
S27553,80,16,2025-12-12,21,25,0.0,test,1,0.0026360556558549
S27558,80,15,2025-12-12,41,28,0.0,test,1,0.0020678962627864
S27651,80,18,2025-12-12,16,17,0.0,test,1,0.0030828086836699
S27652,80,20,2025-12-12,53,30,0.0,test,1,0.0025962461414732
S27711,80,20,2025-12-12,32,17,0.0023343854507195,test,1,0.0028778103918907
S27729,80,1,2025-12-12,37,24,0.0047447206629243,test,1,0.0030128839628147
S28136,80,18,2025-12-12,47,31,0.0,test,1,0.0029574365503147
S28175,80,13,2025-12-12,54,19,0.0,test,1,0.0029806518767239
S28177,80,12,2025-12-12,29,14,0.0,test,1,0.0029165394397988
S28256,80,5,2025-12-12,27,12,0.0,test,1,0.0031889200603723
S28984,80,15,2025-12-12,55,22,0.0,test,1,0.002725629294977
S28986,80,7,2025-12-12,60,23,0.0,test,1,0.003241942163829
S29080,80,16,2025-12-12,20,26,0.0,test,1,0.0024327602550956
S29083,80,7,2025-12-12,29,25,0.0,test,1,0.0030950890114213
S29353,80,5,2025-12-12,29,29,0.0,test,1,0.0031410405979756
S29624,80,16,2025-12-12,28,26,0.0,test,1,0.0017070410856692
S29629,80,17,2025-12-12,34,13,0.0,test,1,0.003105398149215
S29630,80,19,2025-12-12,42,23,0.0,test,1,0.002926954641117
S30089,80,17,2025-12-12,62,22,0.0,test,1,0.0030037671216183
S30093,80,23,2025-12-12,48,17,0.0,test,1,0.0023834358361864
S30140,80,10,2025-12-12,37,28,0.0,test,1,0.0026692470348641
S30141,80,7,2025-12-12,44,15,0.0,test,1,0.0027986880188558
S30826,80,18,2025-12-12,42,14,0.0101008561339328,test,1,0.0030686530346788
S30840,80,15,2025-12-12,50,14,0.0,test,1,0.0029619609867549
S30878,80,1,2025-12-12,56,25,0.0080398595855509,test,1,0.0031360403175816
S30883,80,4,2025-12-12,61,19,0.015715624256283,test,1,0.0031591807879287
S30884,80,2,2025-12-12,25,28,0.0167077149550238,test,1,0.0031346277190668
S31265,80,23,2025-12-12,34,17,0.0031748161066022,test,1,0.0026401052317671
S31268,80,13,2025-12-12,63,22,0.0047847811227387,test,1,0.0028481448729668
S31271,80,24,2025-12-12,28,23,0.00787359162516,test,1,0.002286061213858
S31273,80,22,2025-12-12,41,15,0.0145958963113791,test,1,0.0030218142132592
S31278,80,19,2025-12-12,51,26,0.0064335944958463,test,1,0.0030408869356137
S31279,80,18,2025-12-12,41,22,0.0065185884698367,test,1,0.0031422011952273
S31283,80,19,2025-12-12,25,22,0.0,test,1,0.0029128621196688
S31285,80,23,2025-12-12,29,27,0.0047724217399654,test,1,0.0026354518161466
S31288,80,19,2025-12-12,16,25,0.0064390958058424,test,1,0.0028905208347307
S31676,80,4,2025-12-12,27,15,0.0,test,1,0.0032164324161931
S31820,80,4,2025-12-12,18,22,0.0,test,1,0.0030927854757018
S32180,80,12,2025-12-12,20,18,0.0,test,1,0.0028631055054833
S32182,80,7,2025-12-12,54,24,0.0,test,1,0.0031940658156634
S32187,80,15,2025-12-12,25,28,0.0026969682170164,test,1,0.0028659940747732
S32188,80,10,2025-12-12,54,21,0.0,test,1,0.0027776856598842
S32535,80,17,2025-12-12,42,14,0.0,test,1,0.0031732940680064
S32536,80,19,2025-12-12,38,27,0.0,test,1,0.0029784483953509
S32537,80,20,2025-12-12,25,15,0.0,test,1,0.0026397827242996
S32544,80,23,2025-12-12,28,18,0.0027307542266251,test,1,0.0025533284353804
S32547,80,22,2025-12-12,44,31,0.0,test,1,0.0027348748218676
S32554,80,5,2025-12-12,47,14,0.0,test,1,0.003181255115818
S32558,80,6,2025-12-12,41,24,0.0,test,1,0.0026562672888237
S32561,80,17,2025-12-12,57,23,0.0,test,1,0.0029573210656276
S32692,80,20,2025-12-12,32,30,0.0,test,1,0.0026755483436688
S32697,80,20,2025-12-12,52,18,0.0,test,1,0.0026387220101977
S32996,80,11,2025-12-12,58,26,0.0051038746315865,test,1,0.0031427812072181
S32997,80,16,2025-12-12,18,19,0.0051522078299045,test,1,0.0026163981263883
S33004,80,15,2025-12-12,16,21,0.0,test,1,0.0028765934277732
S33009,80,7,2025-12-12,45,25,0.0,test,1,0.0027843680754253
S33222,80,10,2025-12-12,34,15,0.0018192733156164,test,1,0.0025615769494125
S33226,80,14,2025-12-12,40,13,0.009003721054939,test,1,0.003143216850215
S33227,80,14,2025-12-12,28,20,0.008957279005724,test,1,0.0031046969701504
S33228,80,11,2025-12-12,55,15,0.0017762052821557,test,1,0.0031527174039866
S33238,80,23,2025-12-12,46,31,0.0072764540097361,test,1,0.0027252314348315
S33240,80,19,2025-12-12,21,23,0.0,test,1,0.0029163209653236
S33483,80,4,2025-12-12,18,17,0.0,test,1,0.0032050809043467
S33485,80,4,2025-12-12,35,19,0.0036024673639651,test,1,0.0020215924788784
S33545,80,20,2025-12-12,34,32,0.0072185911401597,test,1,0.0023813747535885
S33822,80,14,2025-12-12,44,28,0.0,test,1,0.0031852624211741
S34108,80,4,2025-12-12,19,19,0.0,test,1,0.003100771672502
S34174,80,6,2025-12-12,55,30,0.0,test,1,0.0027507228312274
S34362,80,19,2025-12-12,29,29,0.0,test,1,0.0029769819914028
S34363,80,22,2025-12-12,31,30,0.0,test,1,0.0028193183540101
S34366,80,24,2025-12-12,52,17,0.0,test,1,0.0022558906975158
S34368,80,18,2025-12-12,24,29,0.0,test,1,0.0029818014158366
S34447,80,4,2025-12-12,34,29,0.0,test,1,0.0026164797905006
S34593,80,13,2025-12-12,38,26,0.0,test,1,0.0029318834947754
S34597,80,12,2025-12-12,54,14,0.0,test,1,0.0031517498010198
S34600,80,11,2025-12-12,47,19,0.0,test,1,0.0030378255107202
S35063,80,22,2025-12-12,47,16,0.0,test,1,0.003033802917789
S35065,80,23,2025-12-12,43,15,0.0,test,1,0.0026800322593363
S35068,80,23,2025-12-12,51,30,0.0,test,1,0.0030518530393012
S35926,80,10,2025-12-12,62,22,0.0059668879737793,test,1,0.0026944381220623
S35933,80,22,2025-12-12,27,23,0.0019809004527772,test,1,0.0028330560995668
S35935,80,24,2025-12-12,34,21,0.0,test,1,0.0024446673131355
S35937,80,20,2025-12-12,19,25,0.0040479564742869,test,1,0.0026958445784645
S35941,80,24,2025-12-12,38,14,0.007951554712936,test,1,0.0024237929141559
S36092,80,5,2025-12-12,54,16,0.0,test,1,0.0031425926614626
S36157,80,13,2025-12-12,36,13,0.0,test,1,0.0028683776610087
S36377,80,11,2025-12-12,39,19,0.0,test,1,0.0029417017467152
S37037,80,16,2025-12-12,23,21,0.0,test,1,0.0018526988127528
S37306,80,6,2025-12-12,37,30,0.0,test,1,0.0026909057095054
S37308,80,6,2025-12-12,38,15,0.0,test,1,0.0028651902484153
S37310,80,20,2025-12-12,18,26,0.0,test,1,0.0026339991668389
S38012,80,18,2025-12-12,55,16,0.0028306507649022,test,1,0.0030431707765489
S38015,80,19,2025-12-12,25,27,0.0109705759000507,test,1,0.0028900904547518
S38025,80,2,2025-12-12,61,18,0.0108386899796638,test,1,0.0031153839487384
S38026,80,1,2025-12-12,63,23,0.0040976848492843,test,1,0.0031202032874422
S38034,80,5,2025-12-12,23,19,0.010872299699207,test,1,0.0030753351808158
S38131,80,11,2025-12-12,54,29,0.0081386018635269,test,1,0.0031187845262498
S38138,80,10,2025-12-12,61,22,0.0027320376768334,test,1,0.0026118029026496
S38141,80,7,2025-12-12,18,23,0.0013786828446915,test,1,0.0030979979266089
S38142,80,11,2025-12-12,37,22,0.0084944196619323,test,1,0.0029525139177414
S38343,80,20,2025-12-12,50,31,0.0138729549952407,test,1,0.0023993293229592
S38347,80,20,2025-12-12,36,11,0.0013695421540666,test,1,0.0023171758787686
S38604,80,17,2025-12-12,37,25,0.0,test,1,0.0029472963688592
S38822,80,23,2025-12-12,28,12,0.0,test,1,0.0019188020291245
S38824,80,12,2025-12-12,24,30,0.0,test,1,0.0032167303859574
S38940,80,22,2025-12-12,60,15,0.0,test,1,0.0028751544501911
S39273,80,21,2025-12-12,34,15,0.0,test,1,0.0026634484431372
S39274,80,22,2025-12-12,27,18,0.0,test,1,0.00278473150225
S39747,80,21,2025-12-12,52,13,0.0,test,1,0.002651788203655
S39882,80,17,2025-12-12,24,28,0.0,test,1,0.0031232888040549
S39948,80,12,2025-12-12,29,17,0.0,test,1,0.002830434929565
S39957,80,24,2025-12-12,28,20,0.0065227591139809,test,1,0.0021826197150381
S39959,80,22,2025-12-12,54,29,0.0083117595509977,test,1,0.0028937569804789
S39963,80,21,2025-12-12,55,25,0.0,test,1,0.0029150688650698
S39964,80,18,2025-12-12,50,18,0.0038835558368593,test,1,0.0031793597275827
S40514,80,11,2025-12-12,49,13,0.0042147397165015,test,1,0.0031724735728016
S40542,80,20,2025-12-12,42,16,0.0,test,1,0.0026924152186127
S40544,80,24,2025-12-12,55,15,0.0,test,1,0.0024255197581312
S40546,80,22,2025-12-12,60,26,0.0,test,1,0.0029895194012329
S40556,80,6,2025-12-12,29,30,0.0021566406741563,test,1,0.0026561183398168
S40559,80,2,2025-12-12,45,24,0.0,test,1,0.0024526502726825
S40653,80,14,2025-12-12,21,14,0.0130111524163568,test,1,0.0028611889942598
S41161,80,18,2025-12-12,25,20,0.0,test,1,0.0031852009637159
S41427,80,4,2025-12-12,56,27,0.0,test,1,0.0031023185699573
S41432,80,4,2025-12-12,35,26,0.0048355005521421,test,1,0.0022021594226714
S41971,80,22,2025-12-12,53,19,0.0,test,1,0.0030970963172875
S41972,80,21,2025-12-12,25,19,0.0045393724340443,test,1,0.0025934547305062
S41985,80,5,2025-12-12,47,18,0.0022530792839106,test,1,0.0030820891335795
S41990,80,4,2025-12-12,29,26,0.0022558097312999,test,1,0.0027547398800098
S42130,80,23,2025-12-12,22,14,0.0236174324424216,test,1,0.0019403060212886
S42210,80,13,2025-12-12,51,28,0.0136154358497576,test,1,0.0029518081427037
S42213,80,11,2025-12-12,39,29,0.014681148423235,test,1,0.003066886338767
S42232,80,18,2025-12-12,33,18,0.0127389701170637,test,1,0.0030416025986062
S42924,80,5,2025-12-12,59,28,0.0,test,1,0.0031316572769563
S42962,80,15,2025-12-12,63,25,0.0,test,1,0.0029135418191822
S43047,80,5,2025-12-12,15,25,0.0,test,1,0.0031073994281837
S43048,80,6,2025-12-12,15,20,0.0,test,1,0.0028734196775331
S43339,80,18,2025-12-12,19,28,0.0201536053461797,test,1,0.0030820042814803
S43633,80,19,2025-12-12,37,14,0.0212564105554972,test,1,0.0030613954559592
S43635,80,18,2025-12-12,36,15,0.0151961627395899,test,1,0.0030237898194882
S43638,80,24,2025-12-12,50,26,0.0152102891332124,test,1,0.0024196766486589
S43642,80,18,2025-12-12,56,24,0.0191867075108045,test,1,0.0030913961440181
S43660,80,4,2025-12-12,46,24,0.0,test,1,0.0028016156823314
S43661,80,17,2025-12-12,51,24,0.0149424250623853,test,1,0.0028852040796467
S43663,80,6,2025-12-12,43,29,0.006794192030153,test,1,0.0027061295278854
S43669,80,1,2025-12-12,28,19,0.0081689677843524,test,1,0.0030155127631221
S00291,80,1,2025-12-12,46,32,0.0023998532081739,test,2,0.0031776437075051
S00293,80,17,2025-12-12,25,30,0.0,test,2,0.0030740260913434
S00333,80,15,2025-12-12,40,31,0.0,test,2,0.0022896144345277
S00346,80,18,2025-12-12,49,17,0.0,test,2,0.0031437995777403
S00641,80,7,2025-12-12,28,18,0.0,test,2,0.0031041795866508
S00802,80,17,2025-12-12,41,19,0.0,test,2,0.002929004771349
S00806,80,12,2025-12-12,29,27,0.0,test,2,0.0028250659199325
S00995,80,13,2025-12-12,32,20,0.0,test,2,0.0028667109814246
S00997,80,14,2025-12-12,32,24,0.0,test,2,0.0031234916113694
S01192,80,24,2025-12-12,24,13,0.0075729871396355,test,2,0.0029610064448408
S01206,80,6,2025-12-12,27,19,0.0,test,2,0.0027714039782715
S01207,80,5,2025-12-12,41,17,0.0,test,2,0.0029922188831568
S01208,80,6,2025-12-12,44,26,0.0,test,2,0.0027321853746244
S01211,80,2,2025-12-12,36,30,0.0,test,2,0.0030716002639567
S01220,80,7,2025-12-12,60,24,0.0,test,2,0.0032391357197211
S01221,80,16,2025-12-12,29,29,0.0088564173386198,test,2,0.0021273137159468
S01222,80,7,2025-12-12,36,19,0.0044000212475875,test,2,0.0023447937750156
S01227,80,13,2025-12-12,47,27,0.008871831488754,test,2,0.0029809985565237
S01236,80,22,2025-12-12,31,28,0.0057715533259011,test,2,0.0029113296013188
S01237,80,23,2025-12-12,55,19,0.0029621418013636,test,2,0.0029240110091102
S01240,80,22,2025-12-12,56,27,0.0014513703330559,test,2,0.0029473216449857
S01241,80,18,2025-12-12,39,26,0.0,test,2,0.0030695103721715
S01851,80,6,2025-12-12,45,27,0.0029059739105521,test,2,0.002778893255691
S01857,80,4,2025-12-12,60,20,0.0014457088336591,test,2,0.003194647795996
S01858,80,4,2025-12-12,17,18,0.0099986779557747,test,2,0.0031580200182658
S01861,80,4,2025-12-12,49,26,0.0,test,2,0.002974140368803
S01914,80,13,2025-12-12,39,32,0.0,test,2,0.0024588188544737
S02162,80,2,2025-12-12,47,16,0.0,test,2,0.0030899840203799
S02164,80,4,2025-12-12,22,16,0.0,test,2,0.0031704123013442
S02388,80,4,2025-12-12,18,24,0.0,test,2,0.0031215716400043
S02463,80,24,2025-12-12,56,25,0.0,test,2,0.0025030301961936
S02472,80,4,2025-12-12,61,18,0.0,test,2,0.0030898857508281
S02473,80,1,2025-12-12,45,18,0.0,test,2,0.0029970141658809
S02796,80,23,2025-12-12,25,26,0.0,test,2,0.0029557584209682
S02798,80,21,2025-12-12,23,15,0.0,test,2,0.0026497196883337
S02876,80,19,2025-12-12,50,20,0.0,test,2,0.0030996068394341
S03227,80,21,2025-12-12,33,30,0.0030708868189752,test,2,0.0025357429083189
S03379,80,6,2025-12-12,46,31,0.0,test,2,0.002674126941245
S03380,80,2,2025-12-12,28,22,0.0,test,2,0.0031083983204644
S03414,80,11,2025-12-12,35,28,0.0028697801182557,test,2,0.0030900632503816
S03421,80,13,2025-12-12,48,19,0.0,test,2,0.0029378208434729
S03428,80,7,2025-12-12,43,31,0.0,test,2,0.0029822156349303
S03431,80,10,2025-12-12,52,26,0.0062342223685654,test,2,0.002837620862685
S03432,80,6,2025-12-12,35,13,0.0,test,2,0.0030659542260368
S03440,80,15,2025-12-12,51,21,0.0,test,2,0.0019061371491627
S03844,80,17,2025-12-12,25,14,0.0,test,2,0.0031491227141463
S03865,80,15,2025-12-12,21,27,0.0,test,2,0.0028804648193958
S04101,80,12,2025-12-12,51,31,0.0,test,2,0.0031897473205258
S04278,80,16,2025-12-12,29,16,0.0,test,2,0.0027938604329368
S04279,80,14,2025-12-12,33,29,0.0,test,2,0.0031304123649173
S04280,80,14,2025-12-12,33,18,0.0,test,2,0.0031708264350795
S04496,80,22,2025-12-12,17,21,0.0,test,2,0.0028536714917256
S04585,80,7,2025-12-12,39,12,0.0,test,2,0.0028001179167571
S04588,80,14,2025-12-12,48,14,0.0,test,2,0.0031806772974101
S04595,80,24,2025-12-12,20,26,0.0,test,2,0.00235400800977
S04599,80,24,2025-12-12,35,27,0.0,test,2,0.0022597937932807
S04600,80,17,2025-12-12,40,22,0.0,test,2,0.0030392271367717
S04859,80,15,2025-12-12,37,30,0.0,test,2,0.0021938967701146
S05111,80,19,2025-12-12,49,25,0.0,test,2,0.0030685813419257
S05113,80,20,2025-12-12,62,19,0.0,test,2,0.0027125204604124
S05115,80,6,2025-12-12,21,23,0.0,test,2,0.0028865262430034
S05653,80,13,2025-12-12,52,26,0.0,test,2,0.0030328672425695
S05655,80,10,2025-12-12,25,22,0.0051439690326854,test,2,0.0025301966572904
S05658,80,14,2025-12-12,50,29,0.0086976913492096,test,2,0.0031646033520696
S05664,80,22,2025-12-12,27,19,0.0,test,2,0.0028288894206738
S05670,80,24,2025-12-12,23,24,0.0,test,2,0.0021936896556418
S05672,80,22,2025-12-12,44,12,0.0017055827808206,test,2,0.0027938434041753
S05677,80,24,2025-12-12,51,13,0.0,test,2,0.0026737921334932
S05678,80,18,2025-12-12,64,23,0.0,test,2,0.0030044895613423
S05679,80,20,2025-12-12,33,27,0.0,test,2,0.0025514912691528
S05823,80,5,2025-12-12,35,21,0.0,test,2,0.0029274058126938
S05830,80,1,2025-12-12,45,28,0.0,test,2,0.0031190974480953
S06034,80,10,2025-12-12,44,22,0.0,test,2,0.0025591514376883
S06037,80,13,2025-12-12,44,26,0.0,test,2,0.0030304074066984
S06074,80,16,2025-12-12,44,32,0.0,test,2,0.0027298486738122
S06522,80,15,2025-12-12,37,32,0.0136387336376359,test,2,0.0030075943941891
S06523,80,7,2025-12-12,22,14,0.0,test,2,0.0027466032557927
S06627,80,17,2025-12-12,38,24,0.0015440297000481,test,2,0.003008360268434
S06633,80,1,2025-12-12,24,27,0.0,test,2,0.0030943099389051
S06929,80,22,2025-12-12,35,19,0.0,test,2,0.0028084653889422
S06932,80,4,2025-12-12,25,18,0.0,test,2,0.0030614618744694
S06936,80,10,2025-12-12,47,21,0.0,test,2,0.002649052742116
S06937,80,7,2025-12-12,55,25,0.0,test,2,0.0032583605036406
S06940,80,13,2025-12-12,45,18,0.0,test,2,0.0030488276655337
S06941,80,7,2025-12-12,43,26,0.0,test,2,0.002710807375379
S06960,80,4,2025-12-12,23,30,0.0,test,2,0.0031690284289876
S07523,80,18,2025-12-12,34,11,0.0071066193082699,test,2,0.0023875675455534
S07554,80,6,2025-12-12,22,24,0.0,test,2,0.0029158922012998
S07569,80,15,2025-12-12,21,14,0.0075061760359019,test,2,0.0027388132502311
S07570,80,5,2025-12-12,24,13,0.0075176596935457,test,2,0.0032521495172327
S07722,80,10,2025-12-12,47,13,0.0105960886148545,test,2,0.0026161127525922
S07724,80,6,2025-12-12,51,14,0.0205895371224361,test,2,0.0030556475332018
S07827,80,18,2025-12-12,42,15,0.0122628516569541,test,2,0.0030539143358029
S07830,80,19,2025-12-12,26,23,0.0,test,2,0.0029603029435463
S07837,80,17,2025-12-12,30,13,0.0165933196864129,test,2,0.0029957491625749
S07845,80,1,2025-12-12,48,16,0.006347300800756,test,2,0.0030879756580249
S07846,80,6,2025-12-12,28,18,0.020680713695963,test,2,0.0029457886983436
S07847,80,1,2025-12-12,35,17,0.019608745684695,test,2,0.0030541024106974
S07900,80,5,2025-12-12,37,25,0.0,test,2,0.0029689371647639
S08089,80,2,2025-12-12,56,22,0.0093533574224631,test,2,0.0030927315331986
S08090,80,1,2025-12-12,38,16,0.0070837579549746,test,2,0.0031143186299234
S08091,80,17,2025-12-12,55,24,0.005648754318967,test,2,0.0029540694980249
S08092,80,17,2025-12-12,49,29,0.0134908624515638,test,2,0.0030820880323797
S08458,80,5,2025-12-12,23,30,0.01138774705912,test,2,0.0030729789905181
S08611,80,10,2025-12-12,20,16,0.0104488594554819,test,2,0.0025221713007137
S08618,80,7,2025-12-12,22,19,0.0178769342136914,test,2,0.003114235424575
S08622,80,14,2025-12-12,52,23,0.0057102020745152,test,2,0.0031798614229638
S08623,80,14,2025-12-12,47,21,0.008264148702417,test,2,0.0031027000824067
S08625,80,14,2025-12-12,42,29,0.0,test,2,0.003055303578069
S08633,80,21,2025-12-12,48,14,0.0082946496052948,test,2,0.0027766372981636
S08638,80,19,2025-12-12,52,19,0.0,test,2,0.0030118863779352
S09121,80,17,2025-12-12,28,19,0.0,test,2,0.0030705006373222
S09123,80,22,2025-12-12,37,23,0.0,test,2,0.0030017236961121
S09124,80,20,2025-12-12,37,18,0.0,test,2,0.002880173734413
S09133,80,4,2025-12-12,16,21,0.0,test,2,0.0031829782552455
S09260,80,19,2025-12-12,34,23,0.0,test,2,0.0030349378157944
S09267,80,17,2025-12-12,25,16,0.0,test,2,0.0030548814439765
S09471,80,10,2025-12-12,55,27,0.0,test,2,0.0027823667792265
S09613,80,24,2025-12-12,43,29,0.0,test,2,0.0022646348971366
S09614,80,22,2025-12-12,59,17,0.0,test,2,0.0029973974235399
S09927,80,11,2025-12-12,58,15,0.0078168620882188,test,2,0.0031220044828205
S09929,80,11,2025-12-12,29,27,0.0250037069988137,test,2,0.0031209078098037
S09930,80,15,2025-12-12,36,30,0.003952914976537,test,2,0.0026875536454963
S09943,80,20,2025-12-12,34,29,0.0119554497125399,test,2,0.0027639334060324
S09952,80,18,2025-12-12,48,29,0.0064275164955679,test,2,0.0030346911549949
S10084,80,24,2025-12-12,50,31,0.0065550851369709,test,2,0.0025384461149787
S10147,80,2,2025-12-12,39,27,0.0076746089346654,test,2,0.0031296459810721
S10148,80,17,2025-12-12,25,24,0.0053798358987681,test,2,0.0030983606352116
S10149,80,17,2025-12-12,27,27,0.0065004028418662,test,2,0.003084704095661
S10179,80,14,2025-12-12,34,29,0.0,test,2,0.0030981489208461
S10183,80,7,2025-12-12,39,27,0.0,test,2,0.0031162270829666
S10406,80,19,2025-12-12,26,29,0.0,test,2,0.0029845575041275
S10726,80,21,2025-12-12,50,21,0.0,test,2,0.002864440940145
S10727,80,20,2025-12-12,14,19,0.0,test,2,0.0026219671780426
S10728,80,18,2025-12-12,33,13,0.0,test,2,0.0029984359086354
S10735,80,6,2025-12-12,32,24,0.0,test,2,0.0027514341504305
S10789,80,10,2025-12-12,54,14,0.0068897319427565,test,2,0.0026132881170244
S10806,80,17,2025-12-12,26,17,0.0225531618346566,test,2,0.0031296666906496
S10811,80,21,2025-12-12,56,27,0.0133036744374044,test,2,0.0027658703830489
S11022,80,15,2025-12-12,63,17,0.0101456819610124,test,2,0.0030857078732575
S11454,80,1,2025-12-12,18,26,0.0187673761074687,test,2,0.0031012915706412
S11459,80,5,2025-12-12,27,21,0.0153759032384764,test,2,0.0031457224553644
S11467,80,1,2025-12-12,46,17,0.0090356180399099,test,2,0.0030119194526332
S11675,80,5,2025-12-12,42,19,0.0,test,2,0.0022231171899513
S11974,80,24,2025-12-12,32,22,0.0,test,2,0.0024791411375821
S11977,80,21,2025-12-12,25,26,0.0,test,2,0.002739440573013
S12099,80,7,2025-12-12,39,25,0.0026474473706639,test,2,0.0026871558476853
S12102,80,24,2025-12-12,51,27,0.0,test,2,0.0024215185722683
S12107,80,17,2025-12-12,33,18,0.0,test,2,0.0030891582753541
S12111,80,20,2025-12-12,54,26,0.0,test,2,0.002578037191357
S12112,80,19,2025-12-12,28,25,0.0,test,2,0.0029910515564225
S12114,80,22,2025-12-12,31,19,0.0052509244585314,test,2,0.0028845654195326
S12333,80,11,2025-12-12,41,15,0.0,test,2,0.0031452767401505
S12334,80,22,2025-12-12,23,22,0.0,test,2,0.0029185667026987
S12378,80,1,2025-12-12,34,14,0.0040737371005155,test,2,0.0031846697320727
S12451,80,22,2025-12-12,39,32,0.0,test,2,0.002543595180155
S12945,80,15,2025-12-12,39,16,0.0,test,2,0.0018129125619138
S12996,80,23,2025-12-12,48,26,0.0,test,2,0.0026631472033686
S13004,80,1,2025-12-12,44,15,0.0,test,2,0.002843124103758
S13151,80,15,2025-12-12,35,29,0.0,test,2,0.0021707121933588
S13152,80,7,2025-12-12,25,20,0.0,test,2,0.0030477158720917
S13184,80,22,2025-12-12,15,25,0.0,test,2,0.0027821926207442
S13248,80,21,2025-12-12,35,32,0.0,test,2,0.0013060792531952
S13317,80,15,2025-12-12,30,23,0.0,test,2,0.0017835030987309
S13457,80,6,2025-12-12,61,15,0.0018543599846278,test,2,0.0031996263853379
S13458,80,21,2025-12-12,28,12,0.0037939076103343,test,2,0.0016717262419238
S14469,80,7,2025-12-12,18,20,0.0,test,2,0.0031012859256378
S14481,80,19,2025-12-12,37,25,0.0,test,2,0.0030708029231704
S14949,80,1,2025-12-12,15,24,0.0,test,2,0.0031132541947299
S14950,80,1,2025-12-12,25,21,0.0,test,2,0.0030690400682803
S15719,80,10,2025-12-12,44,32,0.0016832451069046,test,2,0.0023511627665544
S15772,80,6,2025-12-12,21,22,0.0,test,2,0.0029112845008748
S15813,80,11,2025-12-12,33,29,0.0018774128721772,test,2,0.0031247602949363
S15814,80,13,2025-12-12,49,15,0.0,test,2,0.0030654664594762
S15817,80,13,2025-12-12,61,18,0.0,test,2,0.0028813834395415
S15821,80,12,2025-12-12,60,16,0.0131485953792835,test,2,0.0031628256485326
S15822,80,13,2025-12-12,35,29,0.0036811133701444,test,2,0.0028953578191288
S15824,80,15,2025-12-12,37,13,0.0037657078128966,test,2,0.0028338025088555
S15825,80,10,2025-12-12,30,13,0.0093873835076704,test,2,0.0025456352787511
S15833,80,21,2025-12-12,60,23,0.0092449980282297,test,2,0.002831543922498
S15834,80,16,2025-12-12,54,26,0.0,test,2,0.0026887103615532
S16463,80,14,2025-12-12,41,30,0.0,test,2,0.0031487057757008
S16464,80,7,2025-12-12,19,24,0.0,test,2,0.0031403124873789
S16465,80,16,2025-12-12,48,19,0.0,test,2,0.0015544491986306
S16477,80,20,2025-12-12,36,25,0.0,test,2,0.0025982208846483
S16481,80,21,2025-12-12,47,20,0.0,test,2,0.0027314334957984
S16486,80,4,2025-12-12,52,13,0.0,test,2,0.0032439696798657
S16946,80,5,2025-12-12,26,22,0.0,test,2,0.0027997882369473
S17099,80,19,2025-12-12,27,12,0.0026077329513555,test,2,0.0026611154104618
S17101,80,23,2025-12-12,51,31,0.0,test,2,0.0027395907209675
S17324,80,1,2025-12-12,31,18,0.0052066636914302,test,2,0.0030647783399893
S17329,80,2,2025-12-12,42,26,0.0083513410875899,test,2,0.0030026179927424
S17330,80,2,2025-12-12,32,28,0.022073437482651,test,2,0.0027195401327782
S17331,80,1,2025-12-12,32,23,0.009224022174772,test,2,0.0030758911238672
S17332,80,1,2025-12-12,17,21,0.0207413899235239,test,2,0.0030435096094504
S17334,80,1,2025-12-12,41,23,0.0177120238503405,test,2,0.0030036929183438
S17337,80,1,2025-12-12,58,26,0.0019559690508237,test,2,0.0031726917393364
S17338,80,2,2025-12-12,26,17,0.0270514367529788,test,2,0.0030997520894745
S17657,80,11,2025-12-12,16,17,0.0332048986280079,test,2,0.0028055543006398
S17659,80,21,2025-12-12,60,15,0.0167533299310848,test,2,0.0016148903577835
S17662,80,18,2025-12-12,49,25,0.0150812857023646,test,2,0.0030617522555965
S17663,80,21,2025-12-12,40,14,0.0242351541394813,test,2,0.0027405449668707
S17786,80,11,2025-12-12,52,19,0.0098168476462774,test,2,0.0030791815039773
S17788,80,12,2025-12-12,29,13,0.0271252902082782,test,2,0.0030810018435289
S17789,80,13,2025-12-12,40,23,0.0256874427427159,test,2,0.0029503389542341
S17793,80,7,2025-12-12,38,25,0.0358144227241758,test,2,0.0029443254818888
S18174,80,19,2025-12-12,15,24,0.0,test,2,0.0029051454057749
S18185,80,2,2025-12-12,40,25,0.0,test,2,0.0029757983559778
S18187,80,17,2025-12-12,61,26,0.0,test,2,0.0029830218347981
S18190,80,6,2025-12-12,51,28,0.0,test,2,0.002787928423556
S18438,80,21,2025-12-12,32,27,0.0,test,2,0.0027582543871247
S19312,80,18,2025-12-12,24,17,0.0,test,2,0.0031279276161015
S19320,80,24,2025-12-12,46,20,0.0,test,2,0.0023497214269636
S19332,80,1,2025-12-12,42,29,0.0058753295267818,test,2,0.0030665607316175
S19335,80,4,2025-12-12,29,27,0.0,test,2,0.0028214628307543
S19678,80,18,2025-12-12,29,29,0.0,test,2,0.0030414729402279
S19680,80,21,2025-12-12,45,26,0.0,test,2,0.0027201481922286
S19685,80,22,2025-12-12,39,28,0.0,test,2,0.0027962912715827
S19977,80,4,2025-12-12,58,14,0.0038315505444733,test,2,0.0033649167445539
S19988,80,13,2025-12-12,48,15,0.0,test,2,0.0029734665968639
S20137,80,18,2025-12-12,28,20,0.0,test,2,0.0031363833135126
S20561,80,5,2025-12-12,43,24,0.0,test,2,0.0028861481378108
S20778,80,10,2025-12-12,51,24,0.0,test,2,0.002814957366198
S20785,80,14,2025-12-12,35,23,0.0,test,2,0.003072424171432
S20789,80,14,2025-12-12,38,22,0.0,test,2,0.0029860242484726
S20791,80,21,2025-12-12,30,19,0.0,test,2,0.0026631767193912
S20793,80,22,2025-12-12,23,27,0.0,test,2,0.0028997242589287
S21004,80,20,2025-12-12,27,12,0.0,test,2,0.0024246276270169
S21186,80,5,2025-12-12,39,20,0.004308289773663,test,2,0.0024585867768181
S21501,80,16,2025-12-12,46,26,0.0,test,2,0.0015877772368726
S21504,80,6,2025-12-12,35,14,0.0,test,2,0.0030031016597399
S21507,80,13,2025-12-12,22,24,0.0,test,2,0.0028197177647395
S21514,80,18,2025-12-12,49,30,0.0,test,2,0.0030135772839061
S22083,80,13,2025-12-12,41,30,0.0,test,2,0.0028923595102325
S22090,80,19,2025-12-12,54,21,0.0,test,2,0.003117958699779
S22177,80,20,2025-12-12,57,29,0.0,test,2,0.0025604222227928
S22353,80,11,2025-12-12,49,23,0.0,test,2,0.0030455642934073
S22499,80,6,2025-12-12,53,27,0.0078927977029894,test,2,0.0027380832660194
S22501,80,1,2025-12-12,44,24,0.007987400157498,test,2,0.0030344500996162
S22788,80,2,2025-12-12,55,13,0.0113378241415158,test,2,0.0032988455599105
S22957,80,21,2025-12-12,56,23,0.0,test,2,0.0029267895656083
S22971,80,5,2025-12-12,20,27,0.0,test,2,0.0030836152965452
S22972,80,4,2025-12-12,60,24,0.0,test,2,0.0031494045539634
S22982,80,14,2025-12-12,34,27,0.0,test,2,0.0031393169383648
S23168,80,20,2025-12-12,56,13,0.0,test,2,0.0027430652656974
S23903,80,6,2025-12-12,14,25,0.0,test,2,0.0028184090581239
S24085,80,23,2025-12-12,17,23,0.0,test,2,0.002880951441036
S24097,80,6,2025-12-12,63,21,0.0,test,2,0.0029059342317039
S24212,80,24,2025-12-12,28,15,0.0,test,2,0.0024201087083244
S24570,80,18,2025-12-12,44,12,0.0,test,2,0.00302960353391
S24607,80,16,2025-12-12,57,27,0.0061965438994588,test,2,0.0027721677504598
S24912,80,23,2025-12-12,18,25,0.0,test,2,0.0028274385062053
S24913,80,17,2025-12-12,44,22,0.0082817804994896,test,2,0.0028549456152252
S24918,80,24,2025-12-12,39,12,0.0,test,2,0.0024546435213507
S25504,80,20,2025-12-12,44,15,0.0,test,2,0.0028958482368655
S25519,80,2,2025-12-12,16,18,0.0,test,2,0.00306798395264
S25729,80,7,2025-12-12,48,31,0.0,test,2,0.0032416774865971
S26155,80,2,2025-12-12,47,21,0.0,test,2,0.0029617048892069
S26241,80,7,2025-12-12,48,16,0.0,test,2,0.0027391028820798
S26399,80,1,2025-12-12,19,22,0.0,test,2,0.0030371954152403
S26404,80,6,2025-12-12,37,22,0.0,test,2,0.0024920510370372
S26744,80,7,2025-12-12,34,31,0.0125398651649105,test,2,0.0029159720000412
S26747,80,7,2025-12-12,57,27,0.0111346765641569,test,2,0.0032538091232475
S26748,80,7,2025-12-12,48,22,0.0084997740071584,test,2,0.0030883790507507
S26753,80,16,2025-12-12,48,15,0.0098249983938005,test,2,0.0026842426679925
S26758,80,17,2025-12-12,44,13,0.0075195933065028,test,2,0.0030054420261242
S26760,80,21,2025-12-12,19,16,0.0147738588903256,test,2,0.0026173562694797
S26765,80,20,2025-12-12,33,24,0.0074004586199708,test,2,0.0025571590613617
S27095,80,2,2025-12-12,38,31,0.0,test,2,0.0027828665568987
S27098,80,2,2025-12-12,32,16,0.006356978222553,test,2,0.0030823915328347
S27299,80,4,2025-12-12,39,29,0.0,test,2,0.0025116548548918
S27302,80,2,2025-12-12,28,15,0.0,test,2,0.0031227874970994
S27539,80,14,2025-12-12,52,25,0.0,test,2,0.0031504803309784
S27543,80,12,2025-12-12,22,25,0.0,test,2,0.0029539751445032
S27544,80,14,2025-12-12,32,14,0.0,test,2,0.0031676090637644
S27545,80,13,2025-12-12,53,18,0.0,test,2,0.0029670583333857
S27548,80,12,2025-12-12,43,14,0.0,test,2,0.0028035955510605
S27553,80,16,2025-12-12,23,25,0.0,test,2,0.0024839624553102
S27558,80,15,2025-12-12,39,28,0.0,test,2,0.0019141133991691
S27651,80,18,2025-12-12,15,17,0.0,test,2,0.003109230254519
S27652,80,20,2025-12-12,52,31,0.0,test,2,0.002438543376021
S27711,80,20,2025-12-12,33,17,0.0023343854507195,test,2,0.0027016327355439
S27729,80,1,2025-12-12,36,24,0.0047447206629243,test,2,0.0030276814167988
S28136,80,18,2025-12-12,48,31,0.0,test,2,0.0031004823918932
S28175,80,13,2025-12-12,56,19,0.0,test,2,0.0029323283809305
S28177,80,12,2025-12-12,27,14,0.0,test,2,0.0029905249564597
S28256,80,5,2025-12-12,25,13,0.0,test,2,0.0032127454569274
S28984,80,15,2025-12-12,53,22,0.0,test,2,0.0025125550669018
S28986,80,7,2025-12-12,62,23,0.0,test,2,0.0031641341000518
S29080,80,16,2025-12-12,18,26,0.0,test,2,0.0026522317143448
S29083,80,7,2025-12-12,31,25,0.0,test,2,0.0031198345075219
S29353,80,5,2025-12-12,31,29,0.0,test,2,0.003112562640966
S29624,80,16,2025-12-12,26,26,0.0,test,2,0.0017779498406829
S29629,80,17,2025-12-12,35,13,0.0,test,2,0.0030629094309589
S29630,80,19,2025-12-12,43,23,0.0,test,2,0.0030225432723331
S30089,80,17,2025-12-12,61,22,0.0,test,2,0.0030021065276241
S30093,80,23,2025-12-12,49,17,0.0,test,2,0.0028225037594287
S30140,80,10,2025-12-12,35,28,0.0,test,2,0.00262946613311
S30141,80,7,2025-12-12,46,15,0.0,test,2,0.0027851947469763
S30826,80,18,2025-12-12,41,14,0.0101008561339328,test,2,0.003097282165497
S30840,80,15,2025-12-12,49,14,0.0,test,2,0.0028740498299612
S30878,80,1,2025-12-12,57,25,0.0080398595855509,test,2,0.003145215569504
S30883,80,4,2025-12-12,63,19,0.015715624256283,test,2,0.0032185229980876
S30884,80,2,2025-12-12,23,28,0.0167077149550238,test,2,0.0031001520748261
S31265,80,23,2025-12-12,35,17,0.0031748161066022,test,2,0.0028091684238888
S31268,80,13,2025-12-12,61,22,0.0047847811227387,test,2,0.0029253086317144
S31271,80,24,2025-12-12,29,23,0.00787359162516,test,2,0.0022454144539325
S31273,80,22,2025-12-12,42,15,0.0145958963113791,test,2,0.0030795530091914
S31278,80,19,2025-12-12,50,26,0.0064335944958463,test,2,0.0030493329664486
S31279,80,18,2025-12-12,40,22,0.0065185884698367,test,2,0.0031562226612197
S31283,80,19,2025-12-12,24,22,0.0,test,2,0.0028871765322391
S31285,80,23,2025-12-12,30,27,0.0047724217399654,test,2,0.0025181093861825
S31288,80,19,2025-12-12,17,26,0.0064390958058424,test,2,0.0028242268580185
S31676,80,4,2025-12-12,29,15,0.0,test,2,0.0032149418986043
S31820,80,4,2025-12-12,16,22,0.0,test,2,0.0031501883715384
S32180,80,12,2025-12-12,18,18,0.0,test,2,0.001231317386443
S32182,80,7,2025-12-12,52,24,0.0,test,2,0.0032572531367546
S32187,80,15,2025-12-12,22,28,0.0026969682170164,test,2,0.0028505597556899
S32188,80,10,2025-12-12,56,21,0.0,test,2,0.0025950109069977
S32535,80,17,2025-12-12,41,14,0.0,test,2,0.0031472771349004
S32536,80,19,2025-12-12,39,27,0.0,test,2,0.0029692239690031
S32537,80,20,2025-12-12,26,15,0.0,test,2,0.0026382588570916
S32544,80,23,2025-12-12,27,18,0.0027307542266251,test,2,0.0025103804272459
S32547,80,22,2025-12-12,45,31,0.0,test,2,0.0026668803628051
S32554,80,5,2025-12-12,45,14,0.0,test,2,0.0032043000341176
S32558,80,6,2025-12-12,39,24,0.0,test,2,0.0023795214431759
S32561,80,17,2025-12-12,58,23,0.0,test,2,0.0029204742137109
S32692,80,20,2025-12-12,31,30,0.0,test,2,0.0026760124352
S32697,80,20,2025-12-12,51,18,0.0,test,2,0.0027799286820065
S32996,80,11,2025-12-12,56,26,0.0051038746315865,test,2,0.0029951720680647
S32997,80,16,2025-12-12,20,19,0.0051522078299045,test,2,0.0025499467978639
S33004,80,15,2025-12-12,18,21,0.0,test,2,0.0027632386946538
S33009,80,7,2025-12-12,47,25,0.0,test,2,0.0031919307832957
S33222,80,10,2025-12-12,36,15,0.0018192733156164,test,2,0.0024731884936509
S33226,80,14,2025-12-12,42,13,0.009003721054939,test,2,0.003171103593885
S33227,80,14,2025-12-12,27,20,0.008957279005724,test,2,0.00313646356303
S33228,80,11,2025-12-12,57,15,0.0017762052821557,test,2,0.0031454427682381
S33238,80,23,2025-12-12,47,31,0.0072764540097361,test,2,0.0026822953360196
S33240,80,19,2025-12-12,22,23,0.0,test,2,0.0029167407518549
S33483,80,4,2025-12-12,20,17,0.0,test,2,0.0031571721432554
S33485,80,4,2025-12-12,47,19,0.0036024673639651,test,2,0.0028097748271214
S33545,80,20,2025-12-12,35,32,0.0072185911401597,test,2,0.0024476186978592
S33822,80,14,2025-12-12,42,28,0.0,test,2,0.003082665164684
S34108,80,4,2025-12-12,21,19,0.0,test,2,0.0030599442419113
S34174,80,6,2025-12-12,53,30,0.0,test,2,0.0027532342793291
S34362,80,19,2025-12-12,30,29,0.0,test,2,0.0029751384381523
S34363,80,22,2025-12-12,30,30,0.0,test,2,0.002761796456353
S34366,80,24,2025-12-12,53,17,0.0,test,2,0.0024337865703399
S34368,80,18,2025-12-12,25,29,0.0,test,2,0.0030226867626474
S34447,80,4,2025-12-12,36,29,0.0,test,2,0.0029793378157748
S34593,80,13,2025-12-12,36,26,0.0,test,2,0.0029768931248799
S34597,80,12,2025-12-12,52,14,0.0,test,2,0.0030935965029351
S34600,80,11,2025-12-12,49,19,0.0,test,2,0.0030387706624428
S35063,80,22,2025-12-12,46,16,0.0,test,2,0.0030781961302067
S35065,80,23,2025-12-12,46,15,0.0,test,2,0.002642952205091
S35068,80,23,2025-12-12,50,30,0.0,test,2,0.003066978736716
S35926,80,10,2025-12-12,60,22,0.0059668879737793,test,2,0.002647669717866
S35933,80,22,2025-12-12,28,23,0.0019809004527772,test,2,0.0029111371197183
S35935,80,24,2025-12-12,48,21,0.0,test,2,0.0023813040138247
S35937,80,20,2025-12-12,20,25,0.0040479564742869,test,2,0.0026086836620533
S35941,80,24,2025-12-12,37,14,0.007951554712936,test,2,0.0023858326790797
S36092,80,5,2025-12-12,52,16,0.0,test,2,0.0031667337259222
S36157,80,13,2025-12-12,38,13,0.0,test,2,0.0028094233798982
S36377,80,11,2025-12-12,41,19,0.0,test,2,0.0025705734678771
S37037,80,16,2025-12-12,25,21,0.0,test,2,0.0018126301551433
S37306,80,6,2025-12-12,35,30,0.0,test,2,0.0027090785708493
S37308,80,6,2025-12-12,40,15,0.0,test,2,0.0029141713366845
S37310,80,20,2025-12-12,17,26,0.0,test,2,0.0026435123828781
S38012,80,18,2025-12-12,54,16,0.0028306507649022,test,2,0.0030631361524131
S38015,80,19,2025-12-12,26,27,0.0109705759000507,test,2,0.0029201654911722
S38025,80,2,2025-12-12,59,18,0.0108386899796638,test,2,0.0031437989215576
S38026,80,1,2025-12-12,65,23,0.0040976848492843,test,2,0.0031144400688744
S38034,80,5,2025-12-12,25,19,0.010872299699207,test,2,0.0030937907368024
S38131,80,11,2025-12-12,56,29,0.0081386018635269,test,2,0.0031044950442104
S38138,80,10,2025-12-12,59,22,0.0027320376768334,test,2,0.0026756391067411
S38141,80,7,2025-12-12,20,23,0.0013786828446915,test,2,0.0031295723238543
S38142,80,11,2025-12-12,35,22,0.0084944196619323,test,2,0.0029599168104169
S38343,80,20,2025-12-12,51,31,0.0138729549952407,test,2,0.0024708384316967
S38347,80,20,2025-12-12,37,11,0.0013695421540666,test,2,0.002166302890247
S38604,80,17,2025-12-12,38,25,0.0,test,2,0.002934811389838
S38822,80,23,2025-12-12,24,13,0.0,test,2,0.0018845405055885
S38824,80,12,2025-12-12,26,31,0.0,test,2,0.0031812181495702
S38940,80,22,2025-12-12,62,16,0.0,test,2,0.0029262059942407
S39273,80,21,2025-12-12,35,15,0.0,test,2,0.0027018187735755
S39274,80,22,2025-12-12,26,18,0.0,test,2,0.0029447726615387
S39747,80,21,2025-12-12,52,14,0.0,test,2,0.0027996441945918
S39882,80,17,2025-12-12,23,28,0.0,test,2,0.0031214655312992
S39948,80,12,2025-12-12,40,17,0.0,test,2,0.0024420299155005
S39957,80,24,2025-12-12,27,20,0.0065227591139809,test,2,0.0022920547016511
S39959,80,22,2025-12-12,55,29,0.0083117595509977,test,2,0.002891058406789
S39963,80,21,2025-12-12,56,25,0.0,test,2,0.0028947767531731
S39964,80,18,2025-12-12,49,18,0.0038835558368593,test,2,0.0030967646375231
S40514,80,11,2025-12-12,51,13,0.0042147397165015,test,2,0.003199533253357
S40542,80,20,2025-12-12,41,16,0.0,test,2,0.0029469292024717
S40544,80,24,2025-12-12,56,15,0.0,test,2,0.0023989837593699
S40546,80,22,2025-12-12,59,26,0.0,test,2,0.0029382478571606
S40556,80,6,2025-12-12,27,30,0.0021566406741563,test,2,0.0027108092166449
S40559,80,2,2025-12-12,43,24,0.0,test,2,0.0029422828339216
S40653,80,14,2025-12-12,19,15,0.0130111524163568,test,2,0.0028903458376266
S41161,80,18,2025-12-12,24,20,0.0,test,2,0.003134381977073
S41427,80,4,2025-12-12,58,27,0.0,test,2,0.0031617690000864
S41432,80,4,2025-12-12,33,26,0.0048355005521421,test,2,0.0026037461362999
S41971,80,22,2025-12-12,54,19,0.0,test,2,0.0030271858750535
S41972,80,21,2025-12-12,26,19,0.0045393724340443,test,2,0.002664903999466
S41985,80,5,2025-12-12,45,18,0.0022530792839106,test,2,0.0027253374406243
S41990,80,4,2025-12-12,27,26,0.0022558097312999,test,2,0.0030753820875304
S42130,80,23,2025-12-12,21,14,0.0236174324424216,test,2,0.0021175879276604
S42210,80,13,2025-12-12,49,28,0.0136154358497576,test,2,0.0029592032415603
S42213,80,11,2025-12-12,41,29,0.014681148423235,test,2,0.0030970431858051
S42232,80,18,2025-12-12,32,18,0.0127389701170637,test,2,0.0031403182623368
S42924,80,5,2025-12-12,56,30,0.0,test,2,0.003229709988566
S42962,80,15,2025-12-12,62,26,0.0,test,2,0.0029166492823625
S43047,80,5,2025-12-12,17,25,0.0,test,2,0.0030949911325816
S43048,80,6,2025-12-12,13,21,0.0,test,2,0.0028198871035255
S43339,80,18,2025-12-12,21,29,0.0201536053461797,test,2,0.0030863118959166
S43633,80,19,2025-12-12,36,14,0.0212564105554972,test,2,0.0030509415521518
S43635,80,18,2025-12-12,37,15,0.0151961627395899,test,2,0.003108307436909
S43638,80,24,2025-12-12,49,26,0.0152102891332124,test,2,0.0021817492724652
S43642,80,18,2025-12-12,55,24,0.0191867075108045,test,2,0.0031440421526498
S43660,80,4,2025-12-12,34,24,0.0,test,2,0.0023015958007259
S43661,80,17,2025-12-12,50,24,0.0149424250623853,test,2,0.0028881880865743
S43663,80,6,2025-12-12,45,29,0.006794192030153,test,2,0.002610937778934
S43669,80,1,2025-12-12,30,19,0.0081689677843524,test,2,0.0030643633171147
S00291,80,1,2025-12-12,50,31,0.0023998532081739,test,3,0.003132963454953
S00293,80,17,2025-12-12,21,29,0.0,test,3,0.003107379899215
S00333,80,15,2025-12-12,33,31,0.0,test,3,0.0029234897817052
S00346,80,18,2025-12-12,46,17,0.0,test,3,0.0031799118517572
S00641,80,7,2025-12-12,32,18,0.0,test,3,0.0031163291444424
S00802,80,17,2025-12-12,37,19,0.0,test,3,0.0029477224650393
S00806,80,12,2025-12-12,23,27,0.0,test,3,0.0028925390572649
S00995,80,13,2025-12-12,39,20,0.0,test,3,0.0029953269470531
S00997,80,14,2025-12-12,39,24,0.0,test,3,0.0029385315810364
S01192,80,24,2025-12-12,27,12,0.0075729871396355,test,3,0.002749178838864
S01206,80,6,2025-12-12,21,19,0.0,test,3,0.0028761652653952
S01207,80,5,2025-12-12,35,17,0.0,test,3,0.0030438451123374
S01208,80,6,2025-12-12,50,26,0.0,test,3,0.0026561586323781
S01211,80,2,2025-12-12,43,30,0.0,test,3,0.0031346845954469
S01220,80,7,2025-12-12,63,23,0.0,test,3,0.0031671411131148
S01221,80,16,2025-12-12,23,28,0.0088564173386198,test,3,0.0028478851741267
S01222,80,7,2025-12-12,32,19,0.0044000212475875,test,3,0.0030371220860522
S01227,80,13,2025-12-12,41,27,0.008871831488754,test,3,0.0029838217315594
S01236,80,22,2025-12-12,34,28,0.0057715533259011,test,3,0.002862543009797
S01237,80,23,2025-12-12,52,19,0.0029621418013636,test,3,0.0027923682390757
S01240,80,22,2025-12-12,53,27,0.0014513703330559,test,3,0.0030865255540321
S01241,80,18,2025-12-12,43,26,0.0,test,3,0.0031937748121966
S01851,80,6,2025-12-12,39,27,0.0029059739105521,test,3,0.0027761294078911
S01857,80,4,2025-12-12,64,19,0.0014457088336591,test,3,0.0032083621443144
S01858,80,4,2025-12-12,23,18,0.0099986779557747,test,3,0.0031372561311382
S01861,80,4,2025-12-12,58,26,0.0,test,3,0.0030689126385471
S01914,80,13,2025-12-12,21,29,0.0,test,3,0.0025105439977072
S02162,80,2,2025-12-12,53,16,0.0,test,3,0.0031424067371157
S02164,80,4,2025-12-12,28,16,0.0,test,3,0.0031169184822686
S02388,80,4,2025-12-12,24,24,0.0,test,3,0.0030548899420331
S02463,80,24,2025-12-12,53,25,0.0,test,3,0.0024316855147576
S02472,80,4,2025-12-12,60,17,0.0,test,3,0.0032281390035147
S02473,80,1,2025-12-12,51,18,0.0,test,3,0.0030895279025035
S02796,80,23,2025-12-12,28,26,0.0,test,3,0.0026346930391432
S02798,80,21,2025-12-12,20,15,0.0,test,3,0.0024004720231561
S02876,80,19,2025-12-12,53,20,0.0,test,3,0.0031068428581264
S03227,80,21,2025-12-12,36,30,0.0030708868189752,test,3,0.0026774649624779
S03379,80,6,2025-12-12,40,31,0.0,test,3,0.0026733800463879
S03380,80,2,2025-12-12,34,22,0.0,test,3,0.0031001198774339
S03414,80,11,2025-12-12,41,28,0.0028697801182557,test,3,0.0030765274367124
S03421,80,13,2025-12-12,42,19,0.0,test,3,0.0030097770333712
S03428,80,7,2025-12-12,37,31,0.0,test,3,0.0029609397942975
S03431,80,10,2025-12-12,58,26,0.0062342223685654,test,3,0.0028709372992115
S03432,80,6,2025-12-12,29,13,0.0,test,3,0.0030284776983176
S03440,80,15,2025-12-12,20,21,0.0,test,3,0.0026577675245134
S03844,80,17,2025-12-12,28,14,0.0,test,3,0.0031878156274533
S03865,80,15,2025-12-12,19,26,0.0,test,3,0.0028104069228633
S04101,80,12,2025-12-12,43,31,0.0,test,3,0.0031403221278498
S04278,80,16,2025-12-12,35,16,0.0,test,3,0.00248996166915
S04279,80,14,2025-12-12,27,29,0.0,test,3,0.0030903482722732
S04280,80,14,2025-12-12,46,18,0.0,test,3,0.0027734058857916
S04496,80,22,2025-12-12,14,21,0.0,test,3,0.0029046976225859
S04585,80,7,2025-12-12,47,12,0.0,test,3,0.0028367650047364
S04588,80,14,2025-12-12,54,14,0.0,test,3,0.0031912153486328
S04595,80,24,2025-12-12,23,26,0.0,test,3,0.0022972749552014
S04599,80,24,2025-12-12,32,27,0.0,test,3,0.0023712911350358
S04600,80,17,2025-12-12,43,22,0.0,test,3,0.0027959777713244
S04859,80,15,2025-12-12,43,30,0.0,test,3,0.0027572952774891
S05111,80,19,2025-12-12,46,25,0.0,test,3,0.003043532529556
S05113,80,20,2025-12-12,59,19,0.0,test,3,0.0026864550059814
S05115,80,6,2025-12-12,15,23,0.0,test,3,0.0027416643122402
S05653,80,13,2025-12-12,58,26,0.0,test,3,0.0029223034890994
S05655,80,10,2025-12-12,31,22,0.0051439690326854,test,3,0.0024408939023387
S05658,80,14,2025-12-12,44,29,0.0086976913492096,test,3,0.0028562681590669
S05664,80,22,2025-12-12,24,19,0.0,test,3,0.0029129166888205
S05670,80,24,2025-12-12,26,24,0.0,test,3,0.0023411216167534
S05672,80,22,2025-12-12,47,12,0.0017055827808206,test,3,0.0028505475700948
S05677,80,24,2025-12-12,48,13,0.0,test,3,0.0025298235311662
S05678,80,18,2025-12-12,61,23,0.0,test,3,0.0030497137392628
S05679,80,20,2025-12-12,30,27,0.0,test,3,0.0025441654170772
S05823,80,5,2025-12-12,29,21,0.0,test,3,0.0030320518402843
S05830,80,1,2025-12-12,48,28,0.0,test,3,0.0031683840847924
S06034,80,10,2025-12-12,50,22,0.0,test,3,0.0027613281651273
S06037,80,13,2025-12-12,50,26,0.0,test,3,0.0030482562898163
S06074,80,16,2025-12-12,58,29,0.0,test,3,0.0029267800313562
S06522,80,15,2025-12-12,28,31,0.0136387336376359,test,3,0.0030076749008269
S06523,80,7,2025-12-12,31,12,0.0,test,3,0.0030186074724618
S06627,80,17,2025-12-12,41,24,0.0015440297000481,test,3,0.0030686658933978
S06633,80,1,2025-12-12,21,27,0.0,test,3,0.0031052923638173
S06929,80,22,2025-12-12,32,19,0.0,test,3,0.0029320785861786
S06932,80,4,2025-12-12,31,18,0.0,test,3,0.0030850769251845
S06936,80,10,2025-12-12,41,21,0.0,test,3,0.0025722071131815
S06937,80,7,2025-12-12,49,25,0.0,test,3,0.0031847761724671
S06940,80,13,2025-12-12,51,18,0.0,test,3,0.0030561007462065
S06941,80,7,2025-12-12,49,26,0.0,test,3,0.0031409972291846
S06960,80,4,2025-12-12,17,16,0.0,test,3,0.0032757417376658
S07523,80,18,2025-12-12,36,32,0.0071066193082699,test,3,0.003100195572032
S07554,80,6,2025-12-12,29,24,0.0,test,3,0.0028065208793951
S07569,80,15,2025-12-12,23,13,0.0075061760359019,test,3,0.0030272227334305
S07570,80,5,2025-12-12,30,12,0.0075176596935457,test,3,0.0032653888346472
S07722,80,10,2025-12-12,41,13,0.0105960886148545,test,3,0.0025900851984177
S07724,80,6,2025-12-12,55,14,0.0205895371224361,test,3,0.0031052933182318
S07827,80,18,2025-12-12,38,15,0.0122628516569541,test,3,0.0030653176279059
S07830,80,19,2025-12-12,23,23,0.0,test,3,0.0029440368482735
S07837,80,17,2025-12-12,27,13,0.0165933196864129,test,3,0.0029656749637908
S07845,80,1,2025-12-12,56,16,0.006347300800756,test,3,0.0031724748783084
S07846,80,6,2025-12-12,34,18,0.020680713695963,test,3,0.0027464053305854
S07847,80,1,2025-12-12,29,17,0.019608745684695,test,3,0.0030830823809788
S07900,80,5,2025-12-12,30,25,0.0,test,3,0.003057218061451
S08089,80,2,2025-12-12,63,22,0.0093533574224631,test,3,0.0031196396220621
S08090,80,1,2025-12-12,44,16,0.0070837579549746,test,3,0.0030311344182305
S08091,80,17,2025-12-12,58,24,0.005648754318967,test,3,0.0029183461980539
S08092,80,17,2025-12-12,46,29,0.0134908624515638,test,3,0.0030201465880255
S08458,80,5,2025-12-12,16,26,0.01138774705912,test,3,0.0031397608242355
S08611,80,10,2025-12-12,26,16,0.0104488594554819,test,3,0.0024425865021624
S08618,80,7,2025-12-12,15,19,0.0178769342136914,test,3,0.0030399403711532
S08622,80,14,2025-12-12,46,23,0.0057102020745152,test,3,0.0030460037915745
S08623,80,14,2025-12-12,41,21,0.008264148702417,test,3,0.003011421712891
S08625,80,14,2025-12-12,36,29,0.0,test,3,0.0030943919080106
S08633,80,21,2025-12-12,51,14,0.0082946496052948,test,3,0.0027069262966583
S08638,80,19,2025-12-12,49,19,0.0,test,3,0.0030573378181558
S09121,80,17,2025-12-12,25,19,0.0,test,3,0.0031116187358008
S09123,80,22,2025-12-12,29,23,0.0,test,3,0.002914858219921
S09124,80,20,2025-12-12,46,18,0.0,test,3,0.0028377550922297
S09133,80,4,2025-12-12,16,20,0.0,test,3,0.0022658614883126
S09260,80,19,2025-12-12,31,23,0.0,test,3,0.0029352304037588
S09267,80,17,2025-12-12,28,16,0.0,test,3,0.0031571897718245
S09471,80,10,2025-12-12,49,27,0.0,test,3,0.0028314320489547
S09613,80,24,2025-12-12,40,29,0.0,test,3,0.0024061740835664
S09614,80,22,2025-12-12,56,17,0.0,test,3,0.0030420038499355
S09927,80,11,2025-12-12,52,15,0.0078168620882188,test,3,0.0031159740747966
S09929,80,11,2025-12-12,23,27,0.0250037069988137,test,3,0.0031222521076018
S09930,80,15,2025-12-12,42,30,0.003952914976537,test,3,0.0027530254548825
S09943,80,20,2025-12-12,31,29,0.0119554497125399,test,3,0.0025878158385509
S09952,80,18,2025-12-12,45,29,0.0064275164955679,test,3,0.0030734091639979
S10084,80,24,2025-12-12,54,30,0.0065550851369709,test,3,0.0024543882626502
S10147,80,2,2025-12-12,33,27,0.0076746089346654,test,3,0.0027866953457871
S10148,80,17,2025-12-12,28,24,0.0053798358987681,test,3,0.0030321277983073
S10149,80,17,2025-12-12,24,27,0.0065004028418662,test,3,0.0031604422984683
S10179,80,14,2025-12-12,28,29,0.0,test,3,0.003108783370353
S10183,80,7,2025-12-12,33,27,0.0,test,3,0.0031324411331751
S10406,80,19,2025-12-12,23,29,0.0,test,3,0.0028149447956865
S10726,80,21,2025-12-12,32,21,0.0,test,3,0.0026346359040537
S10727,80,20,2025-12-12,18,18,0.0,test,3,0.0026209981465893
S10728,80,18,2025-12-12,33,12,0.0,test,3,0.0028507104293021
S10735,80,6,2025-12-12,38,24,0.0,test,3,0.0027863060829292
S10789,80,10,2025-12-12,49,13,0.0068897319427565,test,3,0.0025966781785207
S10806,80,17,2025-12-12,23,17,0.0225531618346566,test,3,0.003090364857072
S10811,80,21,2025-12-12,53,27,0.0133036744374044,test,3,0.0028332413977753
S11022,80,15,2025-12-12,41,11,0.0101456819610124,test,3,0.0025011020189992
S11454,80,1,2025-12-12,21,26,0.0187673761074687,test,3,0.003057755471117
S11459,80,5,2025-12-12,21,21,0.0153759032384764,test,3,0.0031236448396289
S11467,80,1,2025-12-12,39,17,0.0090356180399099,test,3,0.0030766889413259
S11675,80,5,2025-12-12,36,19,0.0,test,3,0.0030147835936715
S11974,80,24,2025-12-12,48,22,0.0,test,3,0.0023734139605912
S11977,80,21,2025-12-12,28,26,0.0,test,3,0.0028463549421164
S12099,80,7,2025-12-12,33,25,0.0026474473706639,test,3,0.0027286337217185
S12102,80,24,2025-12-12,48,27,0.0,test,3,0.0024198599786976
S12107,80,17,2025-12-12,36,18,0.0,test,3,0.0029440504786188
S12111,80,20,2025-12-12,57,26,0.0,test,3,0.0025254928868215
S12112,80,19,2025-12-12,25,25,0.0,test,3,0.0030001820106902
S12114,80,22,2025-12-12,28,19,0.0052509244585314,test,3,0.0028703757413057
S12333,80,11,2025-12-12,35,15,0.0,test,3,0.0031272854866933
S12334,80,22,2025-12-12,26,22,0.0,test,3,0.0029434050536128
S12378,80,1,2025-12-12,40,14,0.0040737371005155,test,3,0.003165114018389
S12451,80,22,2025-12-12,42,32,0.0,test,3,0.0025088749082466
S12945,80,15,2025-12-12,51,16,0.0,test,3,0.00272261389032
S12996,80,23,2025-12-12,51,26,0.0,test,3,0.0029445295478836
S13004,80,1,2025-12-12,38,15,0.0,test,3,0.0031576116216359
S13151,80,15,2025-12-12,29,29,0.0,test,3,0.0028022090847691
S13152,80,7,2025-12-12,31,20,0.0,test,3,0.0030960120954117
S13184,80,22,2025-12-12,16,24,0.0,test,3,0.0027938686134496
S13248,80,21,2025-12-12,38,32,0.0,test,3,0.0013063826338704
S13317,80,15,2025-12-12,21,23,0.0,test,3,0.002583039787404
S13457,80,6,2025-12-12,54,13,0.0018543599846278,test,3,0.0032420456488779
S13458,80,21,2025-12-12,31,12,0.0037939076103343,test,3,0.0017952541827255
S14469,80,7,2025-12-12,24,20,0.0,test,3,0.0030933416777668
S14481,80,19,2025-12-12,33,25,0.0,test,3,0.0029977645184705
S14949,80,1,2025-12-12,18,24,0.0,test,3,0.0030393993700536
S14950,80,1,2025-12-12,19,21,0.0,test,3,0.0030752750368396
S15719,80,10,2025-12-12,57,29,0.0016832451069046,test,3,0.0027115289302371
S15772,80,6,2025-12-12,28,22,0.0,test,3,0.0028843878227228
S15813,80,11,2025-12-12,26,29,0.0018774128721772,test,3,0.0031249758176207
S15814,80,13,2025-12-12,43,15,0.0,test,3,0.003001156166812
S15817,80,13,2025-12-12,60,17,0.0,test,3,0.0028312819897615
S15821,80,12,2025-12-12,54,15,0.0131485953792835,test,3,0.0030107202242177
S15822,80,13,2025-12-12,28,29,0.0036811133701444,test,3,0.0028363408690352
S15824,80,15,2025-12-12,31,13,0.0037657078128966,test,3,0.0029057415684533
S15825,80,10,2025-12-12,34,12,0.0093873835076704,test,3,0.0024284175340203
S15833,80,21,2025-12-12,57,23,0.0092449980282297,test,3,0.0028907315556799
S15834,80,16,2025-12-12,60,26,0.0,test,3,0.0029317370176666
S16463,80,14,2025-12-12,48,30,0.0,test,3,0.0031418085846041
S16464,80,7,2025-12-12,25,24,0.0,test,3,0.0030959705002213
S16465,80,16,2025-12-12,30,19,0.0,test,3,0.0021165385962333
S16477,80,20,2025-12-12,33,25,0.0,test,3,0.0025374302351183
S16481,80,21,2025-12-12,50,20,0.0,test,3,0.002829942979713
S16486,80,4,2025-12-12,45,13,0.0,test,3,0.0032160003278046
S16946,80,5,2025-12-12,32,22,0.0,test,3,0.0030193624134659
S17099,80,19,2025-12-12,31,12,0.0026077329513555,test,3,0.0028833070970641
S17101,80,23,2025-12-12,58,29,0.0,test,3,0.0029652190762936
S17324,80,1,2025-12-12,35,18,0.0052066636914302,test,3,0.0024587790657576
S17329,80,2,2025-12-12,48,26,0.0083513410875899,test,3,0.0031089475268416
S17330,80,2,2025-12-12,39,28,0.022073437482651,test,3,0.0031415100358303
S17331,80,1,2025-12-12,26,23,0.009224022174772,test,3,0.0030804957243679
S17332,80,1,2025-12-12,14,20,0.0207413899235239,test,3,0.0031018437132993
S17334,80,1,2025-12-12,35,23,0.0177120238503405,test,3,0.0030358270558978
S17337,80,1,2025-12-12,61,26,0.0019559690508237,test,3,0.0031265875023443
S17338,80,2,2025-12-12,20,17,0.0270514367529788,test,3,0.003080472618673
S17657,80,11,2025-12-12,29,12,0.0332048986280079,test,3,0.0029783186994874
S17659,80,21,2025-12-12,58,14,0.0167533299310848,test,3,0.0017255701702428
S17662,80,18,2025-12-12,46,25,0.0150812857023646,test,3,0.0031929915305266
S17663,80,21,2025-12-12,43,14,0.0242351541394813,test,3,0.0027450515104812
S17786,80,11,2025-12-12,48,19,0.0098168476462774,test,3,0.0030918475657826
S17788,80,12,2025-12-12,35,12,0.0271252902082782,test,3,0.0030659025624165
S17789,80,13,2025-12-12,34,23,0.0256874427427159,test,3,0.0029705146649435
S17793,80,7,2025-12-12,32,25,0.0358144227241758,test,3,0.0030904478087917
S18174,80,19,2025-12-12,19,24,0.0,test,3,0.0028962099117937
S18185,80,2,2025-12-12,34,25,0.0,test,3,0.002594822199817
S18187,80,17,2025-12-12,61,25,0.0,test,3,0.0028313461561611
S18190,80,6,2025-12-12,57,28,0.0,test,3,0.0027368404007945
S18438,80,21,2025-12-12,29,27,0.0,test,3,0.0027814334601071
S19312,80,18,2025-12-12,21,17,0.0,test,3,0.003106441246575
S19320,80,24,2025-12-12,49,20,0.0,test,3,0.0024109981179361
S19332,80,1,2025-12-12,39,29,0.0058753295267818,test,3,0.0030679885818159
S19335,80,4,2025-12-12,23,27,0.0,test,3,0.0031167322113261
S19678,80,18,2025-12-12,26,29,0.0,test,3,0.0030194907777713
S19680,80,21,2025-12-12,50,26,0.0,test,3,0.002870102622073
S19685,80,22,2025-12-12,42,28,0.0,test,3,0.0030398296610288
S19977,80,4,2025-12-12,36,11,0.0038315505444733,test,3,0.0033701111614982
S19988,80,13,2025-12-12,42,15,0.0,test,3,0.0031026594610556
S20137,80,18,2025-12-12,31,20,0.0,test,3,0.0031190964493486
S20561,80,5,2025-12-12,49,24,0.0,test,3,0.003049027233744
S20778,80,10,2025-12-12,58,24,0.0,test,3,0.0028755513647096
S20785,80,14,2025-12-12,29,23,0.0,test,3,0.0031355208237069
S20789,80,14,2025-12-12,46,22,0.0,test,3,0.0030364298982756
S20791,80,21,2025-12-12,27,19,0.0,test,3,0.0027801182809634
S20793,80,22,2025-12-12,20,27,0.0,test,3,0.0028554806286276
S21004,80,20,2025-12-12,31,12,0.0,test,3,0.0025489008843329
S21186,80,5,2025-12-12,45,20,0.004308289773663,test,3,0.003008896161495
S21501,80,16,2025-12-12,53,26,0.0,test,3,0.0026517239797821
S21504,80,6,2025-12-12,41,14,0.0,test,3,0.0030266074040939
S21507,80,13,2025-12-12,28,24,0.0,test,3,0.0028317182618949
S21514,80,18,2025-12-12,52,30,0.0,test,3,0.0029546346434241
S22083,80,13,2025-12-12,47,30,0.0,test,3,0.0029172546438807
S22090,80,19,2025-12-12,51,21,0.0,test,3,0.0031285303616411
S22177,80,20,2025-12-12,59,28,0.0,test,3,0.0025406051019315
S22353,80,11,2025-12-12,42,23,0.0,test,3,0.0031298868148586
S22499,80,6,2025-12-12,47,27,0.0078927977029894,test,3,0.002700305222589
S22501,80,1,2025-12-12,48,24,0.007987400157498,test,3,0.0030422597311228
S22788,80,2,2025-12-12,51,12,0.0113378241415158,test,3,0.00335553502307
S22957,80,21,2025-12-12,53,23,0.0,test,3,0.0028804311294054
S22971,80,5,2025-12-12,18,26,0.0,test,3,0.0030476272103965
S22972,80,4,2025-12-12,64,23,0.0,test,3,0.0031997282104994
S22982,80,14,2025-12-12,27,27,0.0,test,3,0.0031336856002909
S23168,80,20,2025-12-12,53,13,0.0,test,3,0.0029353759587481
S23903,80,6,2025-12-12,15,17,0.0,test,3,0.0031922115536616
S24085,80,23,2025-12-12,14,23,0.0,test,3,0.0029172668005597
S24097,80,6,2025-12-12,57,21,0.0,test,3,0.0028269116639984
S24212,80,24,2025-12-12,25,15,0.0,test,3,0.0024515000845453
S24570,80,18,2025-12-12,47,12,0.0,test,3,0.0030378253248104
S24607,80,16,2025-12-12,51,27,0.0061965438994588,test,3,0.0026635242440092
S24912,80,23,2025-12-12,15,25,0.0,test,3,0.0029652629789671
S24913,80,17,2025-12-12,47,22,0.0082817804994896,test,3,0.0028596536581814
S24918,80,24,2025-12-12,43,12,0.0,test,3,0.0025293866101537
S25504,80,20,2025-12-12,41,15,0.0,test,3,0.0029114155848944
S25519,80,2,2025-12-12,22,18,0.0,test,3,0.0030890352418496
S25729,80,7,2025-12-12,18,28,0.0,test,3,0.0030304683358419
S26155,80,2,2025-12-12,44,21,0.0,test,3,0.0029049854171759
S26241,80,7,2025-12-12,56,16,0.0,test,3,0.0032574099567769
S26399,80,1,2025-12-12,25,22,0.0,test,3,0.0030383288822532
S26404,80,6,2025-12-12,43,22,0.0,test,3,0.0025744839964481
S26744,80,7,2025-12-12,33,30,0.0125398651649105,test,3,0.0032152966903696
S26747,80,7,2025-12-12,50,27,0.0111346765641569,test,3,0.0032547526557627
S26748,80,7,2025-12-12,54,22,0.0084997740071584,test,3,0.0031076022780401
S26753,80,16,2025-12-12,42,15,0.0098249983938005,test,3,0.0027775241185743
S26758,80,17,2025-12-12,41,13,0.0075195933065028,test,3,0.0030215807117619
S26760,80,21,2025-12-12,22,16,0.0147738588903256,test,3,0.0026612995951945
S26765,80,20,2025-12-12,45,24,0.0074004586199708,test,3,0.0026134316742533
S27095,80,2,2025-12-12,32,31,0.0,test,3,0.0030219908988801
S27098,80,2,2025-12-12,38,16,0.006356978222553,test,3,0.0030592241102119
S27299,80,4,2025-12-12,33,29,0.0,test,3,0.0026479787431152
S27302,80,2,2025-12-12,22,15,0.0,test,3,0.0008735189405719
S27539,80,14,2025-12-12,45,25,0.0,test,3,0.0031732028052394
S27543,80,12,2025-12-12,15,25,0.0,test,3,0.0030668459731809
S27544,80,14,2025-12-12,38,14,0.0,test,3,0.0030813248584557
S27545,80,13,2025-12-12,59,18,0.0,test,3,0.0029023877682269
S27548,80,12,2025-12-12,49,14,0.0,test,3,0.0030602292417108
S27553,80,16,2025-12-12,17,25,0.0,test,3,0.0027246805813469
S27558,80,15,2025-12-12,45,28,0.0,test,3,0.0025601175650244
S27651,80,18,2025-12-12,18,15,0.0,test,3,0.0030898135271427
S27652,80,20,2025-12-12,55,30,0.0,test,3,0.0028399404149781
S27711,80,20,2025-12-12,30,17,0.0023343854507195,test,3,0.0028840162752648
S27729,80,1,2025-12-12,39,24,0.0047447206629243,test,3,0.0030006848963543
S28136,80,18,2025-12-12,45,31,0.0,test,3,0.0029690202470854
S28175,80,13,2025-12-12,50,19,0.0,test,3,0.0030792752424779
S28177,80,12,2025-12-12,35,14,0.0,test,3,0.0028847933096353
S28256,80,5,2025-12-12,31,12,0.0,test,3,0.0032658365662891
S28984,80,15,2025-12-12,60,22,0.0,test,3,0.002863605333555
S28986,80,7,2025-12-12,56,23,0.0,test,3,0.0031777892918052
S29080,80,16,2025-12-12,24,26,0.0,test,3,0.0020038805261799
S29083,80,7,2025-12-12,25,25,0.0,test,3,0.0030662114539526
S29353,80,5,2025-12-12,25,29,0.0,test,3,0.002751995606304
S29624,80,16,2025-12-12,39,26,0.0,test,3,0.0015913729169164
S29629,80,17,2025-12-12,31,13,0.0,test,3,0.0032064527921834
S29630,80,19,2025-12-12,40,23,0.0,test,3,0.0030234436306106
S30089,80,17,2025-12-12,64,22,0.0,test,3,0.0030533830930773
S30093,80,23,2025-12-12,36,17,0.0,test,3,0.0023458646677962
S30140,80,10,2025-12-12,42,28,0.0,test,3,0.0026629479593449
S30141,80,7,2025-12-12,42,15,0.0,test,3,0.0028825136116503
S30826,80,18,2025-12-12,44,14,0.0101008561339328,test,3,0.003090743571762
S30840,80,15,2025-12-12,53,14,0.0,test,3,0.0030177347064921
S30878,80,1,2025-12-12,54,25,0.0080398595855509,test,3,0.0031591015964217
S30883,80,4,2025-12-12,57,19,0.015715624256283,test,3,0.0030906675850903
S30884,80,2,2025-12-12,29,28,0.0167077149550238,test,3,0.0028462788642698
S31265,80,23,2025-12-12,32,17,0.0031748161066022,test,3,0.002638292490923
S31268,80,13,2025-12-12,62,21,0.0047847811227387,test,3,0.0028733721243101
S31271,80,24,2025-12-12,26,23,0.00787359162516,test,3,0.0023869112738202
S31273,80,22,2025-12-12,39,15,0.0145958963113791,test,3,0.0030197715302488
S31278,80,19,2025-12-12,53,26,0.0064335944958463,test,3,0.0029971756451482
S31279,80,18,2025-12-12,43,22,0.0065185884698367,test,3,0.0031555505675757
S31283,80,19,2025-12-12,27,22,0.0,test,3,0.0029563966284299
S31285,80,23,2025-12-12,27,27,0.0047724217399654,test,3,0.0027216608928521
S31288,80,19,2025-12-12,14,24,0.0064390958058424,test,3,0.0028674032870417
S31676,80,4,2025-12-12,23,15,0.0,test,3,0.0032256744593844
S31820,80,4,2025-12-12,22,22,0.0,test,3,0.0030638805827209
S32180,80,12,2025-12-12,25,18,0.0,test,3,0.0027015548241714
S32182,80,7,2025-12-12,58,24,0.0,test,3,0.0032212714076842
S32187,80,15,2025-12-12,29,28,0.0026969682170164,test,3,0.0023586168710321
S32188,80,10,2025-12-12,50,21,0.0,test,3,0.0026618261758843
S32535,80,17,2025-12-12,44,14,0.0,test,3,0.0031585559905397
S32536,80,19,2025-12-12,36,27,0.0,test,3,0.0029668619552473
S32537,80,20,2025-12-12,20,15,0.0,test,3,0.0026553283943765
S32544,80,23,2025-12-12,30,18,0.0027307542266251,test,3,0.0025193210570046
S32547,80,22,2025-12-12,42,31,0.0,test,3,0.0026293268522766
S32554,80,5,2025-12-12,51,14,0.0,test,3,0.0031746236646717
S32558,80,6,2025-12-12,45,24,0.0,test,3,0.0027985771946431
S32561,80,17,2025-12-12,55,23,0.0,test,3,0.0029022986854255
S32692,80,20,2025-12-12,34,30,0.0,test,3,0.0027001814204299
S32697,80,20,2025-12-12,54,18,0.0,test,3,0.0025640276274658
S32996,80,11,2025-12-12,62,26,0.0051038746315865,test,3,0.0030839631382518
S32997,80,16,2025-12-12,14,19,0.0051522078299045,test,3,0.0029561524729087
S33004,80,15,2025-12-12,13,20,0.0,test,3,0.0027145614352737
S33009,80,7,2025-12-12,40,25,0.0,test,3,0.0026765323720907
S33222,80,10,2025-12-12,30,15,0.0018192733156164,test,3,0.002551518832377
S33226,80,14,2025-12-12,36,13,0.009003721054939,test,3,0.0031662629678073
S33227,80,14,2025-12-12,31,20,0.008957279005724,test,3,0.0030805526555345
S33228,80,11,2025-12-12,51,15,0.0017762052821557,test,3,0.0031824338254891
S33238,80,23,2025-12-12,44,31,0.0072764540097361,test,3,0.002510552614842
S33240,80,19,2025-12-12,19,23,0.0,test,3,0.0028574784416722
S33483,80,4,2025-12-12,21,16,0.0,test,3,0.0031799075179607
S33485,80,4,2025-12-12,31,19,0.0036024673639651,test,3,0.0029666230443647
S33545,80,20,2025-12-12,30,31,0.0072185911401597,test,3,0.002492258322561
S33822,80,14,2025-12-12,50,28,0.0,test,3,0.0030619415383955
S34108,80,4,2025-12-12,14,19,0.0,test,3,0.003080621033968
S34174,80,6,2025-12-12,59,28,0.0,test,3,0.0027612894385187
S34362,80,19,2025-12-12,27,29,0.0,test,3,0.0029044781426736
S34363,80,22,2025-12-12,33,30,0.0,test,3,0.00269481221513
S34366,80,24,2025-12-12,50,17,0.0,test,3,0.0023196410871047
S34368,80,18,2025-12-12,20,28,0.0,test,3,0.0029224069157687
S34447,80,4,2025-12-12,30,29,0.0,test,3,0.0031285971582549
S34593,80,13,2025-12-12,42,26,0.0,test,3,0.0030222325549944
S34597,80,12,2025-12-12,51,13,0.0,test,3,0.0031637318663194
S34600,80,11,2025-12-12,43,19,0.0,test,3,0.0024935266260442
S35063,80,22,2025-12-12,49,16,0.0,test,3,0.0030291747800997
S35065,80,23,2025-12-12,40,15,0.0,test,3,0.0024611629525562
S35068,80,23,2025-12-12,56,29,0.0,test,3,0.0029299694287646
S35926,80,10,2025-12-12,65,21,0.0059668879737793,test,3,0.0026264387654681
S35933,80,22,2025-12-12,25,23,0.0019809004527772,test,3,0.002885184245251
S35935,80,24,2025-12-12,32,21,0.0,test,3,0.0025071156314519
S35937,80,20,2025-12-12,17,25,0.0040479564742869,test,3,0.0025652639653301
S35941,80,24,2025-12-12,40,14,0.007951554712936,test,3,0.0023838957666873
S36092,80,5,2025-12-12,58,16,0.0,test,3,0.0031898244124102
S36157,80,13,2025-12-12,29,13,0.0,test,3,0.0026129981672007
S36377,80,11,2025-12-12,35,19,0.0,test,3,0.0030303225564902
S37037,80,16,2025-12-12,19,21,0.0,test,3,0.0024030960566552
S37306,80,6,2025-12-12,41,30,0.0,test,3,0.0027272915342694
S37308,80,6,2025-12-12,34,15,0.0,test,3,0.0030491254536049
S37310,80,20,2025-12-12,20,26,0.0,test,3,0.0025726251503986
S38012,80,18,2025-12-12,57,16,0.0028306507649022,test,3,0.0029972670945182
S38015,80,19,2025-12-12,23,27,0.0109705759000507,test,3,0.0028522467933114
S38025,80,2,2025-12-12,61,17,0.0108386899796638,test,3,0.0031716394209823
S38026,80,1,2025-12-12,59,23,0.0040976848492843,test,3,0.0031666064412906
S38034,80,5,2025-12-12,19,19,0.010872299699207,test,3,0.0030965306633039
S38131,80,11,2025-12-12,50,29,0.0081386018635269,test,3,0.0031538457173816
S38138,80,10,2025-12-12,65,22,0.0027320376768334,test,3,0.0025806395221356
S38141,80,7,2025-12-12,14,23,0.0013786828446915,test,3,0.0031522089551412
S38142,80,11,2025-12-12,41,22,0.0084944196619323,test,3,0.0029777382075984
S38343,80,20,2025-12-12,48,31,0.0138729549952407,test,3,0.0026190885043664
S38347,80,20,2025-12-12,34,11,0.0013695421540666,test,3,0.0025641326473868
S38604,80,17,2025-12-12,35,25,0.0,test,3,0.0028901771381743
S38822,80,23,2025-12-12,31,12,0.0,test,3,0.0023484146069439
S38824,80,12,2025-12-12,20,29,0.0,test,3,0.003204486766664
S38940,80,22,2025-12-12,58,14,0.0,test,3,0.0029271303821025
S39273,80,21,2025-12-12,32,15,0.0,test,3,0.0027892255916027
S39274,80,22,2025-12-12,29,18,0.0,test,3,0.0028684456907118
S39747,80,21,2025-12-12,50,13,0.0,test,3,0.0026816544281488
S39882,80,17,2025-12-12,26,28,0.0,test,3,0.0031723872604578
S39948,80,12,2025-12-12,24,17,0.0,test,3,0.0028664142343203
S39957,80,24,2025-12-12,30,20,0.0065227591139809,test,3,0.0021826041464541
S39959,80,22,2025-12-12,52,29,0.0083117595509977,test,3,0.0028931619684427
S39963,80,21,2025-12-12,53,25,0.0,test,3,0.0028778838302384
S39964,80,18,2025-12-12,52,18,0.0038835558368593,test,3,0.0031299340013568
S40514,80,11,2025-12-12,45,13,0.0042147397165015,test,3,0.0031761402090248
S40542,80,20,2025-12-12,44,16,0.0,test,3,0.0027942585496802
S40544,80,24,2025-12-12,53,15,0.0,test,3,0.0024452431685293
S40546,80,22,2025-12-12,62,26,0.0,test,3,0.0029645828281441
S40556,80,6,2025-12-12,33,30,0.0021566406741563,test,3,0.0026885163350054
S40559,80,2,2025-12-12,49,24,0.0,test,3,0.0030511585497398
S40653,80,14,2025-12-12,28,12,0.0130111524163568,test,3,0.0028506694854967
S41161,80,18,2025-12-12,27,20,0.0,test,3,0.0031352122823384
S41427,80,4,2025-12-12,48,27,0.0,test,3,0.0029349405266445
S41432,80,4,2025-12-12,39,26,0.0048355005521421,test,3,0.0021304763098938
S41971,80,22,2025-12-12,51,19,0.0,test,3,0.0031471491595041
S41972,80,21,2025-12-12,23,19,0.0045393724340443,test,3,0.0026780340176491
S41985,80,5,2025-12-12,51,18,0.0022530792839106,test,3,0.00307205916795
S41990,80,4,2025-12-12,34,26,0.0022558097312999,test,3,0.0026616471316393
S42130,80,23,2025-12-12,25,13,0.0236174324424216,test,3,0.0020831159226426
S42210,80,13,2025-12-12,55,28,0.0136154358497576,test,3,0.0028209299292464
S42213,80,11,2025-12-12,35,29,0.014681148423235,test,3,0.0031387281276302
S42232,80,18,2025-12-12,35,18,0.0127389701170637,test,3,0.0031569345564162
S42924,80,5,2025-12-12,62,16,0.0,test,3,0.0030108141771501
S42962,80,15,2025-12-12,58,25,0.0,test,3,0.00285844097543
S43047,80,5,2025-12-12,17,24,0.0,test,3,0.0031038514670469
S43048,80,6,2025-12-12,19,20,0.0,test,3,0.002879272077295
S43339,80,18,2025-12-12,16,26,0.0201536053461797,test,3,0.0031215125670365
S43633,80,19,2025-12-12,39,14,0.0212564105554972,test,3,0.0030629297716313
S43635,80,18,2025-12-12,33,15,0.0151961627395899,test,3,0.0030722496802235
S43638,80,24,2025-12-12,52,26,0.0152102891332124,test,3,0.0023478201211671
S43642,80,18,2025-12-12,58,24,0.0191867075108045,test,3,0.0031601233667467
S43660,80,4,2025-12-12,50,24,0.0,test,3,0.002944905254734
S43661,80,17,2025-12-12,53,24,0.0149424250623853,test,3,0.0029142378767845
S43663,80,6,2025-12-12,39,29,0.006794192030153,test,3,0.002706565013553
S43669,80,1,2025-12-12,24,19,0.0081689677843524,test,3,0.0030638552868616
S00291,80,1,2025-12-12,51,31,0.0023998532081739,test,4,0.0031423327560892
S00293,80,17,2025-12-12,22,29,0.0,test,4,0.0031309563442789
S00333,80,15,2025-12-12,35,31,0.0,test,4,0.0025620014685918
S00346,80,18,2025-12-12,47,17,0.0,test,4,0.0031695212068402
S00641,80,7,2025-12-12,31,18,0.0,test,4,0.0028804012025205
S00802,80,17,2025-12-12,38,19,0.0,test,4,0.0029793778490013
S00806,80,12,2025-12-12,25,27,0.0,test,4,0.0029215682970004
S00995,80,13,2025-12-12,37,20,0.0,test,4,0.002875080249532
S00997,80,14,2025-12-12,37,24,0.0,test,4,0.0031056080182593
S01192,80,24,2025-12-12,26,12,0.0075729871396355,test,4,0.0027745533476831
S01206,80,6,2025-12-12,23,19,0.0,test,4,0.0028637059830424
S01207,80,5,2025-12-12,37,17,0.0,test,4,0.0030430726710913
S01208,80,6,2025-12-12,48,26,0.0,test,4,0.0027263558139273
S01211,80,2,2025-12-12,41,30,0.0,test,4,0.0031296900597331
S01220,80,7,2025-12-12,64,24,0.0,test,4,0.0031636839065034
S01221,80,16,2025-12-12,20,28,0.0088564173386198,test,4,0.0027609549814413
S01222,80,7,2025-12-12,34,19,0.0044000212475875,test,4,0.002537784619093
S01227,80,13,2025-12-12,43,27,0.008871831488754,test,4,0.0030716705079258
S01236,80,22,2025-12-12,33,28,0.0057715533259011,test,4,0.002878851429929
S01237,80,23,2025-12-12,53,19,0.0029621418013636,test,4,0.0029361161558391
S01240,80,22,2025-12-12,54,27,0.0014513703330559,test,4,0.0029274625593533
S01241,80,18,2025-12-12,42,26,0.0,test,4,0.0031749661936886
S01851,80,6,2025-12-12,41,27,0.0029059739105521,test,4,0.0027133158745728
S01857,80,4,2025-12-12,64,20,0.0014457088336591,test,4,0.0032122913829928
S01858,80,4,2025-12-12,21,18,0.0099986779557747,test,4,0.0031275502327811
S01861,80,4,2025-12-12,56,26,0.0,test,4,0.0031638629875265
S01914,80,13,2025-12-12,24,30,0.0,test,4,0.0025046327143143
S02162,80,2,2025-12-12,51,16,0.0,test,4,0.0031453148963465
S02164,80,4,2025-12-12,26,16,0.0,test,4,0.0031981080032024
S02388,80,4,2025-12-12,22,24,0.0,test,4,0.0031008074852199
S02463,80,24,2025-12-12,54,25,0.0,test,4,0.0023978381679501
S02472,80,4,2025-12-12,62,17,0.0,test,4,0.0032626399704573
S02473,80,1,2025-12-12,49,18,0.0,test,4,0.0030968356749861
S02796,80,23,2025-12-12,27,26,0.0,test,4,0.002970292056487
S02798,80,21,2025-12-12,21,15,0.0,test,4,0.0025408298161754
S02876,80,19,2025-12-12,52,20,0.0,test,4,0.0030773884903179
S03227,80,21,2025-12-12,35,30,0.0030708868189752,test,4,0.002760133770383
S03379,80,6,2025-12-12,42,31,0.0,test,4,0.0026684805395808
S03380,80,2,2025-12-12,32,22,0.0,test,4,0.0030448679746011
S03414,80,11,2025-12-12,39,28,0.0028697801182557,test,4,0.0030897231957066
S03421,80,13,2025-12-12,44,19,0.0,test,4,0.0030446135080966
S03428,80,7,2025-12-12,39,31,0.0,test,4,0.002958122674544
S03431,80,10,2025-12-12,56,26,0.0062342223685654,test,4,0.0028675801908768
S03432,80,6,2025-12-12,31,13,0.0,test,4,0.0029932257070607
S03440,80,15,2025-12-12,22,21,0.0,test,4,0.0022871023923764
S03844,80,17,2025-12-12,27,14,0.0,test,4,0.0031498438436799
S03865,80,15,2025-12-12,17,26,0.0,test,4,0.0028144319107615
S04101,80,12,2025-12-12,45,31,0.0,test,4,0.0031064978889221
S04278,80,16,2025-12-12,33,16,0.0,test,4,0.0019034534645413
S04279,80,14,2025-12-12,29,29,0.0,test,4,0.0031592290660755
S04280,80,14,2025-12-12,41,18,0.0,test,4,0.0026187058271829
S04496,80,22,2025-12-12,15,21,0.0,test,4,0.0027069884228883
S04585,80,7,2025-12-12,43,12,0.0,test,4,0.0028776195055109
S04588,80,14,2025-12-12,52,14,0.0,test,4,0.0032109691158606
S04595,80,24,2025-12-12,22,26,0.0,test,4,0.002251896874368
S04599,80,24,2025-12-12,33,27,0.0,test,4,0.0022100857262697
S04600,80,17,2025-12-12,42,22,0.0,test,4,0.002827107490918
S04859,80,15,2025-12-12,41,30,0.0,test,4,0.0026671927181211
S05111,80,19,2025-12-12,47,25,0.0,test,4,0.0030157195779737
S05113,80,20,2025-12-12,60,19,0.0,test,4,0.0027536965087309
S05115,80,6,2025-12-12,17,23,0.0,test,4,0.0028612480506328
S05653,80,13,2025-12-12,56,26,0.0,test,4,0.0029318503893211
S05655,80,10,2025-12-12,29,22,0.0051439690326854,test,4,0.0024462082731886
S05658,80,14,2025-12-12,46,29,0.0086976913492096,test,4,0.0031254792592633
S05664,80,22,2025-12-12,25,19,0.0,test,4,0.0029164115055289
S05670,80,24,2025-12-12,25,24,0.0,test,4,0.0022964028966587
S05672,80,22,2025-12-12,46,12,0.0017055827808206,test,4,0.0027708745046647
S05677,80,24,2025-12-12,49,13,0.0,test,4,0.0026720368550668
S05678,80,18,2025-12-12,62,23,0.0,test,4,0.0030034064284216
S05679,80,20,2025-12-12,31,27,0.0,test,4,0.0025907018346926
S05823,80,5,2025-12-12,31,21,0.0,test,4,0.0030800490430044
S05830,80,1,2025-12-12,47,28,0.0,test,4,0.003128994526784
S06034,80,10,2025-12-12,48,22,0.0,test,4,0.0026945984435054
S06037,80,13,2025-12-12,48,26,0.0,test,4,0.0030545161573234
S06074,80,16,2025-12-12,52,31,0.0,test,4,0.0029362348327596
S06522,80,15,2025-12-12,33,32,0.0136387336376359,test,4,0.0029920277073508
S06523,80,7,2025-12-12,28,12,0.0,test,4,0.0032644434528817
S06627,80,17,2025-12-12,40,24,0.0015440297000481,test,4,0.0031166347173557
S06633,80,1,2025-12-12,22,27,0.0,test,4,0.0031123279146193
S06929,80,22,2025-12-12,33,19,0.0,test,4,0.0030079257019342
S06932,80,4,2025-12-12,29,18,0.0,test,4,0.0030461094053424
S06936,80,10,2025-12-12,43,21,0.0,test,4,0.0026338899115798
S06937,80,7,2025-12-12,51,25,0.0,test,4,0.0032221788999554
S06940,80,13,2025-12-12,49,18,0.0,test,4,0.0030622209503332
S06941,80,7,2025-12-12,47,26,0.0,test,4,0.0031211499390964
S06960,80,4,2025-12-12,16,26,0.0,test,4,0.0031848340566975
S07523,80,18,2025-12-12,34,32,0.0071066193082699,test,4,0.0030893279839724
S07554,80,6,2025-12-12,27,24,0.0,test,4,0.0028632403729257
S07569,80,15,2025-12-12,26,13,0.0075061760359019,test,4,0.0030685692487554
S07570,80,5,2025-12-12,28,12,0.0075176596935457,test,4,0.0032366355137549
S07722,80,10,2025-12-12,43,13,0.0105960886148545,test,4,0.0025291252984192
S07724,80,6,2025-12-12,54,14,0.0205895371224361,test,4,0.0030378781865847
S07827,80,18,2025-12-12,39,15,0.0122628516569541,test,4,0.0030131977179108
S07830,80,19,2025-12-12,24,23,0.0,test,4,0.00295631881944
S07837,80,17,2025-12-12,28,13,0.0165933196864129,test,4,0.0031068166126755
S07845,80,1,2025-12-12,52,16,0.006347300800756,test,4,0.0031696274998842
S07846,80,6,2025-12-12,32,18,0.020680713695963,test,4,0.0027925925380545
S07847,80,1,2025-12-12,31,17,0.019608745684695,test,4,0.0030966647951805
S07900,80,5,2025-12-12,32,25,0.0,test,4,0.0030704258601947
S08089,80,2,2025-12-12,61,22,0.0093533574224631,test,4,0.0031441289072678
S08090,80,1,2025-12-12,42,16,0.0070837579549746,test,4,0.0030491143726807
S08091,80,17,2025-12-12,57,24,0.005648754318967,test,4,0.0028807135831381
S08092,80,17,2025-12-12,47,29,0.0134908624515638,test,4,0.0030939797908374
S08458,80,5,2025-12-12,21,29,0.01138774705912,test,4,0.0029583011336736
S08611,80,10,2025-12-12,24,16,0.0104488594554819,test,4,0.0024734368982109
S08618,80,7,2025-12-12,17,19,0.0178769342136914,test,4,0.00303962108454
S08622,80,14,2025-12-12,48,23,0.0057102020745152,test,4,0.003120062705259
S08623,80,14,2025-12-12,43,21,0.008264148702417,test,4,0.0030072461907075
S08625,80,14,2025-12-12,38,29,0.0,test,4,0.0029414604923551
S08633,80,21,2025-12-12,50,14,0.0082946496052948,test,4,0.0027880783907736
S08638,80,19,2025-12-12,50,19,0.0,test,4,0.0030129588564656
S09121,80,17,2025-12-12,26,19,0.0,test,4,0.0030918863966254
S09123,80,22,2025-12-12,30,23,0.0,test,4,0.0028199891793577
S09124,80,20,2025-12-12,40,18,0.0,test,4,0.0027916704478715
S09133,80,4,2025-12-12,13,20,0.0,test,4,0.0031744058408958
S09260,80,19,2025-12-12,32,23,0.0,test,4,0.0028829817851378
S09267,80,17,2025-12-12,27,16,0.0,test,4,0.0031696067137933
S09471,80,10,2025-12-12,51,27,0.0,test,4,0.0026789304751366
S09613,80,24,2025-12-12,41,29,0.0,test,4,0.0022280656463827
S09614,80,22,2025-12-12,57,17,0.0,test,4,0.0030370464421876
S09927,80,11,2025-12-12,54,15,0.0078168620882188,test,4,0.0031848745738776
S09929,80,11,2025-12-12,25,27,0.0250037069988137,test,4,0.003143281411263
S09930,80,15,2025-12-12,40,30,0.003952914976537,test,4,0.0026471000780047
S09943,80,20,2025-12-12,32,29,0.0119554497125399,test,4,0.0027768141775119
S09952,80,18,2025-12-12,46,29,0.0064275164955679,test,4,0.0030534385739009
S10084,80,24,2025-12-12,52,31,0.0065550851369709,test,4,0.0024678359704385
S10147,80,2,2025-12-12,35,27,0.0076746089346654,test,4,0.0030797024818831
S10148,80,17,2025-12-12,27,24,0.0053798358987681,test,4,0.0031765948178904
S10149,80,17,2025-12-12,25,27,0.0065004028418662,test,4,0.0031169057217206
S10179,80,14,2025-12-12,30,29,0.0,test,4,0.0031100637738347
S10183,80,7,2025-12-12,35,27,0.0,test,4,0.0031475273615582
S10406,80,19,2025-12-12,24,29,0.0,test,4,0.0028063067309457
S10726,80,21,2025-12-12,48,21,0.0,test,4,0.0028657910719504
S10727,80,20,2025-12-12,17,18,0.0,test,4,0.0025916924896649
S10728,80,18,2025-12-12,32,12,0.0,test,4,0.003004916493715
S10735,80,6,2025-12-12,36,24,0.0,test,4,0.0026713875721108
S10789,80,10,2025-12-12,51,13,0.0068897319427565,test,4,0.0025894495947596
S10806,80,17,2025-12-12,24,17,0.0225531618346566,test,4,0.0031544075025832
S10811,80,21,2025-12-12,54,27,0.0133036744374044,test,4,0.0026375676525294
S11022,80,15,2025-12-12,50,12,0.0101456819610124,test,4,0.0024961895600727
S11454,80,1,2025-12-12,20,26,0.0187673761074687,test,4,0.0030782970862065
S11459,80,5,2025-12-12,23,21,0.0153759032384764,test,4,0.0030993571245019
S11467,80,1,2025-12-12,41,17,0.0090356180399099,test,4,0.0027146196655977
S11675,80,5,2025-12-12,38,19,0.0,test,4,0.0025363797718706
S11974,80,24,2025-12-12,45,22,0.0,test,4,0.0024266362130878
S11977,80,21,2025-12-12,27,26,0.0,test,4,0.0026458266386472
S12099,80,7,2025-12-12,35,25,0.0026474473706639,test,4,0.0030611466222596
S12102,80,24,2025-12-12,49,27,0.0,test,4,0.0024147036818247
S12107,80,17,2025-12-12,35,18,0.0,test,4,0.0030475542766748
S12111,80,20,2025-12-12,56,26,0.0,test,4,0.0028569956886372
S12112,80,19,2025-12-12,26,25,0.0,test,4,0.0029809391425177
S12114,80,22,2025-12-12,29,19,0.0052509244585314,test,4,0.0028289313860797
S12333,80,11,2025-12-12,37,15,0.0,test,4,0.0031019428819802
S12334,80,22,2025-12-12,25,22,0.0,test,4,0.0029501966620789
S12378,80,1,2025-12-12,38,14,0.0040737371005155,test,4,0.0031724880868174
S12451,80,22,2025-12-12,41,32,0.0,test,4,0.002547797405614
S12945,80,15,2025-12-12,49,16,0.0,test,4,0.0020076270379036
S12996,80,23,2025-12-12,50,26,0.0,test,4,0.002973708265526
S13004,80,1,2025-12-12,40,15,0.0,test,4,0.0031091841212794
S13151,80,15,2025-12-12,31,29,0.0,test,4,0.0028219765544824
S13152,80,7,2025-12-12,29,20,0.0,test,4,0.0031110687235192
S13184,80,22,2025-12-12,15,24,0.0,test,4,0.0028299635770652
S13248,80,21,2025-12-12,37,32,0.0,test,4,0.0013312731437395
S13317,80,15,2025-12-12,23,23,0.0,test,4,0.0020413177922825
S13457,80,6,2025-12-12,56,13,0.0018543599846278,test,4,0.0032862088108705
S13458,80,21,2025-12-12,30,12,0.0037939076103343,test,4,0.0018687031903992
S14469,80,7,2025-12-12,22,20,0.0,test,4,0.0030967828110802
S14481,80,19,2025-12-12,35,25,0.0,test,4,0.0030154778782815
S14949,80,1,2025-12-12,17,24,0.0,test,4,0.0030770923438219
S14950,80,1,2025-12-12,21,21,0.0,test,4,0.003086347163987
S15719,80,10,2025-12-12,52,31,0.0016832451069046,test,4,0.0024533241606539
S15772,80,6,2025-12-12,25,22,0.0,test,4,0.0028788461816092
S15813,80,11,2025-12-12,28,29,0.0018774128721772,test,4,0.0031499399785565
S15814,80,13,2025-12-12,45,15,0.0,test,4,0.0030012076695741
S15817,80,13,2025-12-12,62,17,0.0,test,4,0.0028625746654093
S15821,80,12,2025-12-12,56,15,0.0131485953792835,test,4,0.0030584620792785
S15822,80,13,2025-12-12,31,29,0.0036811133701444,test,4,0.0028327575785435
S15824,80,15,2025-12-12,33,13,0.0037657078128966,test,4,0.0028391691220088
S15825,80,10,2025-12-12,32,12,0.0093873835076704,test,4,0.0023712947850873
S15833,80,21,2025-12-12,58,23,0.0092449980282297,test,4,0.0028112291220218
S15834,80,16,2025-12-12,58,26,0.0,test,4,0.0027160604272012
S16463,80,14,2025-12-12,45,30,0.0,test,4,0.0031731475240318
S16464,80,7,2025-12-12,23,24,0.0,test,4,0.0031273475031268
S16465,80,16,2025-12-12,32,19,0.0,test,4,0.0022869202021366
S16477,80,20,2025-12-12,34,25,0.0,test,4,0.0025317930225259
S16481,80,21,2025-12-12,49,20,0.0,test,4,0.0027951465800303
S16486,80,4,2025-12-12,48,13,0.0,test,4,0.0032549768630389
S16946,80,5,2025-12-12,30,22,0.0,test,4,0.0030927654412305
S17099,80,19,2025-12-12,30,12,0.0026077329513555,test,4,0.0028984519306393
S17101,80,23,2025-12-12,54,30,0.0,test,4,0.0029237427453015
S17324,80,1,2025-12-12,33,18,0.0052066636914302,test,4,0.0030707395089151
S17329,80,2,2025-12-12,46,26,0.0083513410875899,test,4,0.0030344874111165
S17330,80,2,2025-12-12,37,28,0.022073437482651,test,4,0.0031153592130946
S17331,80,1,2025-12-12,28,23,0.009224022174772,test,4,0.0030522350329188
S17332,80,1,2025-12-12,13,21,0.0207413899235239,test,4,0.0031378538309694
S17334,80,1,2025-12-12,37,23,0.0177120238503405,test,4,0.0030307959768842
S17337,80,1,2025-12-12,60,26,0.0019559690508237,test,4,0.003147503307091
S17338,80,2,2025-12-12,22,17,0.0270514367529788,test,4,0.0030659672912076
S17657,80,11,2025-12-12,21,14,0.0332048986280079,test,4,0.0029276051096387
S17659,80,21,2025-12-12,57,14,0.0167533299310848,test,4,0.0018032335298691
S17662,80,18,2025-12-12,47,25,0.0150812857023646,test,4,0.0031492199682577
S17663,80,21,2025-12-12,42,14,0.0242351541394813,test,4,0.0027190906112714
S17786,80,11,2025-12-12,50,19,0.0098168476462774,test,4,0.003072270961769
S17788,80,12,2025-12-12,33,12,0.0271252902082782,test,4,0.0030847000791174
S17789,80,13,2025-12-12,36,23,0.0256874427427159,test,4,0.0028815397055199
S17793,80,7,2025-12-12,34,25,0.0358144227241758,test,4,0.0027578572829449
S18174,80,19,2025-12-12,18,24,0.0,test,4,0.0029437050139439
S18185,80,2,2025-12-12,36,25,0.0,test,4,0.0029592352094129
S18187,80,17,2025-12-12,64,25,0.0,test,4,0.0031089831127213
S18190,80,6,2025-12-12,55,28,0.0,test,4,0.0027397655426854
S18438,80,21,2025-12-12,30,27,0.0,test,4,0.0027736056049343
S19312,80,18,2025-12-12,22,17,0.0,test,4,0.0031035891662568
S19320,80,24,2025-12-12,48,20,0.0,test,4,0.0024566992832903
S19332,80,1,2025-12-12,40,29,0.0058753295267818,test,4,0.0026135121227775
S19335,80,4,2025-12-12,25,27,0.0,test,4,0.0031519371805323
S19678,80,18,2025-12-12,27,29,0.0,test,4,0.0030030069789654
S19680,80,21,2025-12-12,49,26,0.0,test,4,0.0029146789399076
S19685,80,22,2025-12-12,41,28,0.0,test,4,0.0029316786204244
S19977,80,4,2025-12-12,50,12,0.0038315505444733,test,4,0.0032015953342655
S19988,80,13,2025-12-12,44,15,0.0,test,4,0.0030091249367766
S20137,80,18,2025-12-12,30,20,0.0,test,4,0.0031669440442226
S20561,80,5,2025-12-12,47,24,0.0,test,4,0.0030517927748545
S20778,80,10,2025-12-12,56,24,0.0,test,4,0.0028381123154252
S20785,80,14,2025-12-12,31,23,0.0,test,4,0.0031079252374313
S20789,80,14,2025-12-12,43,22,0.0,test,4,0.0030847413363613
S20791,80,21,2025-12-12,28,19,0.0,test,4,0.0027231278733789
S20793,80,22,2025-12-12,21,27,0.0,test,4,0.0027538616383052
S21004,80,20,2025-12-12,29,12,0.0,test,4,0.002457132396187
S21186,80,5,2025-12-12,43,20,0.004308289773663,test,4,0.0024298051678161
S21501,80,16,2025-12-12,51,26,0.0,test,4,0.002869677982764
S21504,80,6,2025-12-12,39,14,0.0,test,4,0.0030178050281606
S21507,80,13,2025-12-12,26,24,0.0,test,4,0.0029603010557297
S21514,80,18,2025-12-12,51,30,0.0,test,4,0.0029384318769925
S22083,80,13,2025-12-12,45,30,0.0,test,4,0.0029345407263932
S22090,80,19,2025-12-12,52,21,0.0,test,4,0.0030449163137869
S22177,80,20,2025-12-12,59,29,0.0,test,4,0.0025072108942173
S22353,80,11,2025-12-12,45,23,0.0,test,4,0.0031015765191003
S22499,80,6,2025-12-12,49,27,0.0078927977029894,test,4,0.0027515932864357
S22501,80,1,2025-12-12,47,24,0.007987400157498,test,4,0.0030526927949215
S22788,80,2,2025-12-12,49,12,0.0113378241415158,test,4,0.0031341639155348
S22957,80,21,2025-12-12,54,23,0.0,test,4,0.0028829533602195
S22971,80,5,2025-12-12,18,27,0.0,test,4,0.0030592158523537
S22972,80,4,2025-12-12,65,24,0.0,test,4,0.003211252670798
S22982,80,14,2025-12-12,29,27,0.0,test,4,0.003117910010939
S23168,80,20,2025-12-12,54,13,0.0,test,4,0.0029536283432969
S23903,80,6,2025-12-12,16,17,0.0,test,4,0.0031073766930154
S24085,80,23,2025-12-12,15,23,0.0,test,4,0.0029402673731266
S24097,80,6,2025-12-12,59,21,0.0,test,4,0.0029212858636542
S24212,80,24,2025-12-12,26,15,0.0,test,4,0.0024143085127109
S24570,80,18,2025-12-12,46,12,0.0,test,4,0.0029578140578666
S24607,80,16,2025-12-12,53,27,0.0061965438994588,test,4,0.0027566938949341
S24912,80,23,2025-12-12,16,25,0.0,test,4,0.0029486306150324
S24913,80,17,2025-12-12,46,22,0.0082817804994896,test,4,0.0029181591980957
S24918,80,24,2025-12-12,42,12,0.0,test,4,0.0024175977156696
S25504,80,20,2025-12-12,42,15,0.0,test,4,0.0026970892564326
S25519,80,2,2025-12-12,20,18,0.0,test,4,0.0030717481104787
S25729,80,7,2025-12-12,30,31,0.0,test,4,0.003150045512783
S26155,80,2,2025-12-12,45,21,0.0,test,4,0.0028890857589393
S26241,80,7,2025-12-12,53,16,0.0,test,4,0.0032154040362029
S26399,80,1,2025-12-12,23,22,0.0,test,4,0.0030788243148433
S26404,80,6,2025-12-12,41,22,0.0,test,4,0.0024412929923779
S26744,80,7,2025-12-12,31,30,0.0125398651649105,test,4,0.0032315060717821
S26747,80,7,2025-12-12,53,27,0.0111346765641569,test,4,0.0032615594218525
S26748,80,7,2025-12-12,52,22,0.0084997740071584,test,4,0.0031258201947331
S26753,80,16,2025-12-12,44,15,0.0098249983938005,test,4,0.0026544549837126
S26758,80,17,2025-12-12,42,13,0.0075195933065028,test,4,0.0030225253064746
S26760,80,21,2025-12-12,21,16,0.0147738588903256,test,4,0.0027630884239168
S26765,80,20,2025-12-12,43,24,0.0074004586199708,test,4,0.0027334190498553
S27095,80,2,2025-12-12,34,31,0.0,test,4,0.0028997013203624
S27098,80,2,2025-12-12,36,16,0.006356978222553,test,4,0.0030347024225476
S27299,80,4,2025-12-12,35,29,0.0,test,4,0.00267353887195
S27302,80,2,2025-12-12,24,15,0.0,test,4,0.0031438595676859
S27539,80,14,2025-12-12,47,25,0.0,test,4,0.0031261947958803
S27543,80,12,2025-12-12,18,25,0.0,test,4,0.0029210098291514
S27544,80,14,2025-12-12,36,14,0.0,test,4,0.0031395175304123
S27545,80,13,2025-12-12,57,18,0.0,test,4,0.0030235110880273
S27548,80,12,2025-12-12,47,14,0.0,test,4,0.0029878627120481
S27553,80,16,2025-12-12,19,25,0.0,test,4,0.0025435116790297
S27558,80,15,2025-12-12,43,28,0.0,test,4,0.002154190077703
S27651,80,18,2025-12-12,17,16,0.0,test,4,0.0029427067852263
S27652,80,20,2025-12-12,54,30,0.0,test,4,0.002585977774739
S27711,80,20,2025-12-12,31,17,0.0023343854507195,test,4,0.002633991034984
S27729,80,1,2025-12-12,38,24,0.0047447206629243,test,4,0.0030039760669232
S28136,80,18,2025-12-12,46,31,0.0,test,4,0.0030118160711365
S28175,80,13,2025-12-12,52,19,0.0,test,4,0.0028756850337001
S28177,80,12,2025-12-12,31,14,0.0,test,4,0.0029151408283101
S28256,80,5,2025-12-12,29,12,0.0,test,4,0.0032573487880901
S28984,80,15,2025-12-12,57,22,0.0,test,4,0.0027875791361036
S28986,80,7,2025-12-12,58,23,0.0,test,4,0.0032359055451463
S29080,80,16,2025-12-12,22,26,0.0,test,4,0.0023654196186353
S29083,80,7,2025-12-12,27,25,0.0,test,4,0.0031156470719284
S29353,80,5,2025-12-12,27,29,0.0,test,4,0.0031273763949507
S29624,80,16,2025-12-12,36,26,0.0,test,4,0.0014073756989922
S29629,80,17,2025-12-12,33,13,0.0,test,4,0.0030676601256169
S29630,80,19,2025-12-12,41,23,0.0,test,4,0.0030101129046009
S30089,80,17,2025-12-12,63,22,0.0,test,4,0.0030182182963986
S30093,80,23,2025-12-12,37,17,0.0,test,4,0.0027219830749376
S30140,80,10,2025-12-12,39,28,0.0,test,4,0.0026476301421763
S30141,80,7,2025-12-12,43,15,0.0,test,4,0.0028191795379432
S30826,80,18,2025-12-12,43,14,0.0101008561339328,test,4,0.0030670172583946
S30840,80,15,2025-12-12,51,14,0.0,test,4,0.0030098586936479
S30878,80,1,2025-12-12,55,25,0.0080398595855509,test,4,0.0031685991935172
S30883,80,4,2025-12-12,59,19,0.015715624256283,test,4,0.0031820154842277
S30884,80,2,2025-12-12,27,28,0.0167077149550238,test,4,0.0031228542761117
S31265,80,23,2025-12-12,33,17,0.0031748161066022,test,4,0.002607518768866
S31268,80,13,2025-12-12,65,22,0.0047847811227387,test,4,0.0028576821991883
S31271,80,24,2025-12-12,27,23,0.00787359162516,test,4,0.0022378389882764
S31273,80,22,2025-12-12,40,15,0.0145958963113791,test,4,0.0030178354064773
S31278,80,19,2025-12-12,52,26,0.0064335944958463,test,4,0.0030081243202163
S31279,80,18,2025-12-12,42,22,0.0065185884698367,test,4,0.0031501759811527
S31283,80,19,2025-12-12,26,22,0.0,test,4,0.0029412441757678
S31285,80,23,2025-12-12,28,27,0.0047724217399654,test,4,0.0028696601842992
S31288,80,19,2025-12-12,15,25,0.0064390958058424,test,4,0.0027129289376387
S31676,80,4,2025-12-12,25,15,0.0,test,4,0.0032024995033583
S31820,80,4,2025-12-12,20,22,0.0,test,4,0.0030934205554858
S32180,80,12,2025-12-12,22,18,0.0,test,4,0.0028070622428716
S32182,80,7,2025-12-12,56,24,0.0,test,4,0.0031987965210963
S32187,80,15,2025-12-12,27,28,0.0026969682170164,test,4,0.0029046661009021
S32188,80,10,2025-12-12,52,21,0.0,test,4,0.002689288204718
S32535,80,17,2025-12-12,43,14,0.0,test,4,0.0031627989982005
S32536,80,19,2025-12-12,37,27,0.0,test,4,0.0029498631779806
S32537,80,20,2025-12-12,21,15,0.0,test,4,0.0025463349247707
S32544,80,23,2025-12-12,29,18,0.0027307542266251,test,4,0.0025498776451761
S32547,80,22,2025-12-12,43,31,0.0,test,4,0.0026566675209595
S32554,80,5,2025-12-12,49,14,0.0,test,4,0.0032121092509416
S32558,80,6,2025-12-12,43,24,0.0,test,4,0.0026955535807717
S32561,80,17,2025-12-12,56,23,0.0,test,4,0.0028913817858699
S32692,80,20,2025-12-12,33,30,0.0,test,4,0.0024893269238701
S32697,80,20,2025-12-12,53,18,0.0,test,4,0.0026084214981861
S32996,80,11,2025-12-12,60,26,0.0051038746315865,test,4,0.0031043859989248
S32997,80,16,2025-12-12,16,19,0.0051522078299045,test,4,0.0028689602519741
S33004,80,15,2025-12-12,14,21,0.0,test,4,0.0027428268612001
S33009,80,7,2025-12-12,42,25,0.0,test,4,0.0030721325818096
S33222,80,10,2025-12-12,32,15,0.0018192733156164,test,4,0.0026407255240592
S33226,80,14,2025-12-12,38,13,0.009003721054939,test,4,0.0031887930873462
S33227,80,14,2025-12-12,29,20,0.008957279005724,test,4,0.0031305055423159
S33228,80,11,2025-12-12,53,15,0.0017762052821557,test,4,0.0031672295963566
S33238,80,23,2025-12-12,45,31,0.0072764540097361,test,4,0.0027205798532699
S33240,80,19,2025-12-12,20,23,0.0,test,4,0.0029163569011752
S33483,80,4,2025-12-12,18,16,0.0,test,4,0.0032145546180422
S33485,80,4,2025-12-12,33,19,0.0036024673639651,test,4,0.0027943624128904
S33545,80,20,2025-12-12,31,31,0.0072185911401597,test,4,0.0025759129677053
S33822,80,14,2025-12-12,46,28,0.0,test,4,0.0031407197210073
S34108,80,4,2025-12-12,17,19,0.0,test,4,0.003114553265059
S34174,80,6,2025-12-12,57,29,0.0,test,4,0.0027399412598308
S34362,80,19,2025-12-12,28,29,0.0,test,4,0.0029628684132475
S34363,80,22,2025-12-12,32,30,0.0,test,4,0.0028911230248864
S34366,80,24,2025-12-12,51,17,0.0,test,4,0.0024286190493529
S34368,80,18,2025-12-12,23,29,0.0,test,4,0.0029599320694001
S34447,80,4,2025-12-12,32,29,0.0,test,4,0.0030254418468535
S34593,80,13,2025-12-12,40,26,0.0,test,4,0.0029033004967417
S34597,80,12,2025-12-12,56,14,0.0,test,4,0.0030503583199993
S34600,80,11,2025-12-12,45,19,0.0,test,4,0.0025844000767237
S35063,80,22,2025-12-12,48,16,0.0,test,4,0.003036439754409
S35065,80,23,2025-12-12,41,15,0.0,test,4,0.0025224653702811
S35068,80,23,2025-12-12,52,30,0.0,test,4,0.0030879312563708
S35926,80,10,2025-12-12,64,22,0.0059668879737793,test,4,0.0026528639800904
S35933,80,22,2025-12-12,26,23,0.0019809004527772,test,4,0.0028667738565954
S35935,80,24,2025-12-12,33,21,0.0,test,4,0.0025174464905821
S35937,80,20,2025-12-12,18,25,0.0040479564742869,test,4,0.0026296077380407
S35941,80,24,2025-12-12,39,14,0.007951554712936,test,4,0.0023367868921389
S36092,80,5,2025-12-12,56,16,0.0,test,4,0.0031991730587262
S36157,80,13,2025-12-12,34,13,0.0,test,4,0.0028453219556563
S36377,80,11,2025-12-12,37,19,0.0,test,4,0.0028938511272823
S37037,80,16,2025-12-12,21,21,0.0,test,4,0.0024564529601064
S37306,80,6,2025-12-12,39,30,0.0,test,4,0.0026336419022519
S37308,80,6,2025-12-12,36,15,0.0,test,4,0.0028458383681203
S37310,80,20,2025-12-12,19,26,0.0,test,4,0.0025677256370847
S38012,80,18,2025-12-12,56,16,0.0028306507649022,test,4,0.0030551778129717
S38015,80,19,2025-12-12,24,27,0.0109705759000507,test,4,0.002921722471438
S38025,80,2,2025-12-12,64,18,0.0108386899796638,test,4,0.0031555204290243
S38026,80,1,2025-12-12,61,23,0.0040976848492843,test,4,0.0031473809587775
S38034,80,5,2025-12-12,21,19,0.010872299699207,test,4,0.0031165173267567
S38131,80,11,2025-12-12,52,29,0.0081386018635269,test,4,0.0030903159260271
S38138,80,10,2025-12-12,63,22,0.0027320376768334,test,4,0.0026379140198779
S38141,80,7,2025-12-12,16,23,0.0013786828446915,test,4,0.0030140064041206
S38142,80,11,2025-12-12,39,22,0.0084944196619323,test,4,0.0025709054100784
S38343,80,20,2025-12-12,49,31,0.0138729549952407,test,4,0.0024534991325885
S38347,80,20,2025-12-12,35,11,0.0013695421540666,test,4,0.002322867952402
S38604,80,17,2025-12-12,36,25,0.0,test,4,0.0029096513605376
S38822,80,23,2025-12-12,30,12,0.0,test,4,0.0023961072190197
S38824,80,12,2025-12-12,22,29,0.0,test,4,0.0031791085580116
S38940,80,22,2025-12-12,59,15,0.0,test,4,0.0029283068175161
S39273,80,21,2025-12-12,33,15,0.0,test,4,0.0027128745920969
S39274,80,22,2025-12-12,28,18,0.0,test,4,0.0029144309730296
S39747,80,21,2025-12-12,51,13,0.0,test,4,0.002633217856441
S39882,80,17,2025-12-12,25,28,0.0,test,4,0.003169067441973
S39948,80,12,2025-12-12,27,17,0.0,test,4,0.0027509762598446
S39957,80,24,2025-12-12,29,20,0.0065227591139809,test,4,0.0023051294499278
S39959,80,22,2025-12-12,53,29,0.0083117595509977,test,4,0.002999049189534
S39963,80,21,2025-12-12,54,25,0.0,test,4,0.0028999595483174
S39964,80,18,2025-12-12,51,18,0.0038835558368593,test,4,0.0031224531390044
S40514,80,11,2025-12-12,47,13,0.0042147397165015,test,4,0.0032068754421469
S40542,80,20,2025-12-12,43,16,0.0,test,4,0.0027253219929043
S40544,80,24,2025-12-12,54,15,0.0,test,4,0.0023973201592065
S40546,80,22,2025-12-12,61,26,0.0,test,4,0.0029641553404046
S40556,80,6,2025-12-12,31,30,0.0021566406741563,test,4,0.002712171739416
S40559,80,2,2025-12-12,47,24,0.0,test,4,0.0031025147486775
S40653,80,14,2025-12-12,26,13,0.0130111524163568,test,4,0.0029153918931577
S41161,80,18,2025-12-12,26,20,0.0,test,4,0.003178208146267
S41427,80,4,2025-12-12,50,27,0.0,test,4,0.0024383185615122
S41432,80,4,2025-12-12,37,26,0.0048355005521421,test,4,0.0028670770214338
S41971,80,22,2025-12-12,52,19,0.0,test,4,0.003073226250506
S41972,80,21,2025-12-12,24,19,0.0045393724340443,test,4,0.0026609790075209
S41985,80,5,2025-12-12,49,18,0.0022530792839106,test,4,0.0030946462580656
S41990,80,4,2025-12-12,31,26,0.0022558097312999,test,4,0.0024365675480286
S42130,80,23,2025-12-12,26,13,0.0236174324424216,test,4,0.0019025582677067
S42210,80,13,2025-12-12,53,28,0.0136154358497576,test,4,0.0030165341012782
S42213,80,11,2025-12-12,37,29,0.014681148423235,test,4,0.003109984806253
S42232,80,18,2025-12-12,34,18,0.0127389701170637,test,4,0.0031319536978329
S42924,80,5,2025-12-12,64,26,0.0,test,4,0.0031741023974659
S42962,80,15,2025-12-12,61,25,0.0,test,4,0.0029629611888016
S43047,80,5,2025-12-12,15,24,0.0,test,4,0.0030839479950186
S43048,80,6,2025-12-12,17,20,0.0,test,4,0.002940582929031
S43339,80,18,2025-12-12,18,28,0.0201536053461797,test,4,0.0031161705074791
S43633,80,19,2025-12-12,38,14,0.0212564105554972,test,4,0.0030740482524804
S43635,80,18,2025-12-12,34,15,0.0151961627395899,test,4,0.0030791629989523
S43638,80,24,2025-12-12,51,26,0.0152102891332124,test,4,0.0023712939970087
S43642,80,18,2025-12-12,57,24,0.0191867075108045,test,4,0.0031262852248174
S43660,80,4,2025-12-12,48,24,0.0,test,4,0.0029146435259431
S43661,80,17,2025-12-12,52,24,0.0149424250623853,test,4,0.0028703036646576
S43663,80,6,2025-12-12,41,29,0.006794192030153,test,4,0.0027242132659729
S43669,80,1,2025-12-12,26,19,0.0081689677843524,test,4,0.0030992571962442
