ufs_serial,run_id,wafer_no,date,die_x,die_y,pred,health,clf_proba,split,position
S00082,73,8,2025-12-08,44,32,0.0028739542989489,0.0,0.4808547459587844,test,1
S00203,73,9,2025-12-08,35,22,0.0032911731504683,0.0,0.435389246851884,test,1
S00972,73,7,2025-12-08,48,17,0.0032620822431997,0.0,0.4695156306782557,test,1
S00974,73,19,2025-12-08,21,27,0.0031705005304846,0.0,0.4274777955073841,test,1
S00978,73,6,2025-12-08,38,18,0.0032121021645795,0.0,0.4247099801168048,test,1
S00981,73,17,2025-12-08,63,22,0.0033759472507103,0.0,0.4279451951149173,test,1
S00983,73,24,2025-12-08,31,25,0.0034885723090768,0.0,0.4353041459199958,test,1
S00986,73,18,2025-12-08,22,22,0.0033726411118903,0.0,0.4554336279941148,test,1
S01532,73,19,2025-12-08,58,14,0.0025495772355292,0.0057298827218672,0.4336596295964245,test,1
S01831,73,15,2025-12-08,44,25,0.003453105736812,0.0059237540152205,0.4710010285615255,test,1
S01833,73,9,2025-12-08,35,16,0.003298072187274,0.0059645427733923,0.4752977082061365,test,1
S02187,73,25,2025-12-08,37,29,0.0013797115372124,0.0,0.2486938481475705,test,1
S02351,73,25,2025-12-08,14,19,0.0014412805859826,0.0,0.3693505291724672,test,1
S02371,73,6,2025-12-08,51,19,0.0032874154817643,0.0,0.4969588946066863,test,1
S02392,73,15,2025-12-08,61,25,0.0033250756613896,0.0,0.4964775865496538,test,1
S02443,73,25,2025-12-08,48,30,0.0014131811442141,0.0,0.273516697395433,test,1
S02578,73,1,2025-12-08,21,27,0.0034279294212095,0.0,0.422266953192712,test,1
S02579,73,17,2025-12-08,16,25,0.0033613909975735,0.0,0.4133874195902687,test,1
S02781,73,2,2025-12-08,23,17,0.0029519808489078,0.0,0.4104761500862455,test,1
S02782,73,2,2025-12-08,35,15,0.0030611818110959,0.0,0.4106780865847454,test,1
S02862,73,25,2025-12-08,50,27,0.0013801096991336,0.0,0.2475758672917077,test,1
S02863,73,25,2025-12-08,30,17,0.0012018822861619,0.0,0.2422519415150864,test,1
S02997,73,20,2025-12-08,38,23,0.0033293950989692,0.0,0.4545443006475422,test,1
S03033,73,3,2025-12-08,41,27,0.0033306775807414,0.0172686367505776,0.4076674454986062,test,1
S03047,73,2,2025-12-08,45,29,0.0031168795909169,0.0045379839298758,0.4086972486279884,test,1
S03056,73,18,2025-12-08,59,26,0.0029877935966629,0.0062130630588397,0.3820442700374,test,1
S03326,73,25,2025-12-08,33,28,0.0015038878620682,0.0058160286003498,0.2711192850956643,test,1
S03903,73,14,2025-12-08,30,30,0.0030461192212087,0.0,0.468806682503992,test,1
S04095,73,5,2025-12-08,28,29,0.0033379777477947,0.0,0.4757111794646588,test,1
S04487,73,15,2025-12-08,45,30,0.0033858458229025,0.0,0.4593304211435692,test,1
S04490,73,9,2025-12-08,29,30,0.0031960272003525,0.0,0.4640455394479525,test,1
S04492,73,15,2025-12-08,37,30,0.0033784103380097,0.0,0.4209900574946768,test,1
S04526,73,17,2025-12-08,52,27,0.0030492416747585,0.0,0.4340126103572725,test,1
S04631,73,15,2025-12-08,37,31,0.0033691139527798,0.0,0.4708266924956472,test,1
S04632,73,9,2025-12-08,36,17,0.0031941521209988,0.0,0.4969588497361012,test,1
S04828,73,1,2025-12-08,18,24,0.0034716012058309,0.0,0.4239527462177166,test,1
S04833,73,14,2025-12-08,32,25,0.0032229648444265,0.0,0.4280856320607223,test,1
S05106,73,25,2025-12-08,36,15,0.0010344013399159,0.0,0.2354413189094293,test,1
S05119,73,2,2025-12-08,26,16,0.0031565649014799,0.0,0.4294197252681814,test,1
S05121,73,19,2025-12-08,49,14,0.0031842105848803,0.0,0.4863099847909891,test,1
S05310,73,25,2025-12-08,60,24,0.0011425555804305,0.0,0.2190020983201933,test,1
S06043,73,1,2025-12-08,39,15,0.0033547783507191,0.0,0.4222769135394905,test,1
S06081,73,25,2025-12-08,20,25,0.0018827102146583,0.0,0.2506448221366819,test,1
S06638,73,3,2025-12-08,49,15,0.0032350394656439,0.0091018972969013,0.4564316976941159,test,1
S06783,73,1,2025-12-08,45,32,0.0032702642966615,0.0,0.3649136588774911,test,1
S06966,73,2,2025-12-08,61,16,0.0024976801273184,0.0068351853889316,0.3556982464524243,test,1
S06969,73,6,2025-12-08,49,20,0.0032065620613005,0.002299903746483,0.4429046010141217,test,1
S06977,73,14,2025-12-08,29,30,0.0030524437049828,0.0022771737387344,0.4711239119061783,test,1
S07218,73,14,2025-12-08,39,17,0.0030759380305243,0.0,0.4535066735168959,test,1
S07275,73,19,2025-12-08,42,26,0.0031010321220318,0.0102801860421136,0.4302217331849702,test,1
S07277,73,2,2025-12-08,26,19,0.0031133805758144,0.0014765300059417,0.4205094993313172,test,1
S07290,73,20,2025-12-08,38,16,0.0031461213662719,0.0071150432342667,0.4012389984443061,test,1
S07296,73,20,2025-12-08,58,16,0.0034514264407709,0.0100768727226383,0.4499823964096912,test,1
S07561,73,3,2025-12-08,26,19,0.003381915330699,0.0,0.460295436343661,test,1
S07665,73,14,2025-12-08,24,19,0.0031519473528874,0.0159475815508621,0.4526389403550252,test,1
S07667,73,13,2025-12-08,29,17,0.0032410977332361,0.0120462547980098,0.4427760290819296,test,1
S07668,73,1,2025-12-08,38,19,0.0034150507417961,0.0072474184066512,0.4328719015326106,test,1
S07671,73,2,2025-12-08,16,18,0.0030562051642128,0.0185697205201016,0.4480144507775725,test,1
S07677,73,1,2025-12-08,45,14,0.0033797147010868,0.0094254341325882,0.4285560941062307,test,1
S07684,73,24,2025-12-08,24,20,0.0035307822276329,0.0318720236987021,0.4160438974426808,test,1
S07686,73,19,2025-12-08,27,15,0.0032750719355139,0.0117417628322841,0.433085062460303,test,1
S07689,73,5,2025-12-08,23,25,0.0033444915795321,0.0,0.483757189060034,test,1
S08054,73,15,2025-12-08,32,29,0.0034377967282551,0.0165318317355097,0.4760677850841048,test,1
S08488,73,18,2025-12-08,22,24,0.0034517052197683,0.0,0.4205518132903491,test,1
S08785,73,1,2025-12-08,36,11,0.0021283736162414,0.0,0.29958073208217,test,1
S09170,73,25,2025-12-08,57,25,0.0011481673220989,0.0,0.213872916589512,test,1
S09408,73,13,2025-12-08,42,11,0.0031685033792711,0.0,0.4741467635048607,test,1
S09496,73,2,2025-12-08,25,26,0.0030567288723153,0.0,0.4310980511279497,test,1
S09500,73,1,2025-12-08,51,20,0.0034601485404164,0.0,0.4874321784859805,test,1
S09536,73,18,2025-12-08,39,19,0.0020939861742561,0.0,0.3250174130239366,test,1
S09636,73,9,2025-12-08,40,12,0.0031956135734032,0.0,0.4839481866526687,test,1
S10285,73,8,2025-12-08,54,25,0.0027630472864286,0.0,0.4440149840277415,test,1
S10455,73,14,2025-12-08,21,21,0.003256115193416,0.0,0.4053274404203872,test,1
S10487,73,7,2025-12-08,14,22,0.0025493005532825,0.0,0.4661419591048439,test,1
S10488,73,20,2025-12-08,45,12,0.0030221822853945,0.0,0.4961758327690164,test,1
S10690,73,19,2025-12-08,59,24,0.0028461686684149,0.0,0.4436142534606763,test,1
S10745,73,13,2025-12-08,24,19,0.0032055083278034,0.0,0.4594131340587037,test,1
S10746,73,13,2025-12-08,44,15,0.0031868806049314,0.0,0.4417151993592423,test,1
S11233,73,1,2025-12-08,21,15,0.0034488004748877,0.0132601350025817,0.4564039337089203,test,1
S11234,73,14,2025-12-08,57,21,0.0032246786632397,0.0014831791960989,0.4399355600798937,test,1
S11235,73,1,2025-12-08,62,26,0.0034012111526945,0.022297932001402,0.4450597404045937,test,1
S11242,73,19,2025-12-08,33,23,0.0032805294317952,0.006325629937921,0.4635775455588304,test,1
S11245,73,20,2025-12-08,31,30,0.0035110086643988,0.0125929304311018,0.4072310845208767,test,1
S11589,73,7,2025-12-08,26,15,0.0033300004151439,0.0,0.4760086145753235,test,1
S11591,73,7,2025-12-08,25,21,0.003238063446359,0.0,0.5229396337834671,test,1
S11592,73,2,2025-12-08,42,19,0.0029545809806836,0.0,0.4287055091056368,test,1
S11911,73,25,2025-12-08,34,27,0.0014567874694839,0.0,0.2166600723272955,test,1
S12286,73,15,2025-12-08,27,16,0.0034809949228685,0.0,0.5000174918149242,test,1
S12383,73,20,2025-12-08,45,29,0.0033908997103127,0.0,0.4437421089804329,test,1
S12392,73,6,2025-12-08,52,13,0.0033115409030772,0.0,0.4680713106552183,test,1
S12735,73,15,2025-12-08,45,26,0.0034627100968159,0.0,0.4723670316348678,test,1
S13048,73,2,2025-12-08,37,18,0.0030611455861412,0.0,0.460716676243648,test,1
S13461,73,1,2025-12-08,39,32,0.0032642393178422,0.0055240635767478,0.4216231790016126,test,1
S13619,73,5,2025-12-08,61,25,0.0032120841865904,0.00377850509566,0.4432003769683693,test,1
S13623,73,5,2025-12-08,39,18,0.0032609828670918,0.0018428702797306,0.43884507577211,test,1
S13628,73,1,2025-12-08,15,19,0.0034384594275554,0.0018386977432482,0.4634951626491554,test,1
S13631,73,13,2025-12-08,56,27,0.0032065189163064,0.0018932251490391,0.4167194155208884,test,1
S13935,73,18,2025-12-08,22,19,0.0033788405096372,0.0157970853265101,0.3981057817647206,test,1
S13940,73,2,2025-12-08,18,19,0.0031009160782245,0.0053147690695411,0.4410658469012487,test,1
S13952,73,20,2025-12-08,37,29,0.0033327388326578,0.0155534866254097,0.4827364428351432,test,1
S14089,73,15,2025-12-08,39,28,0.0034162032510905,0.0092503223919488,0.4789420205508753,test,1
S14357,73,15,2025-12-08,22,14,0.0032239901702752,0.0,0.4731585230464781,test,1
S14383,73,19,2025-12-08,46,19,0.0031947521520707,0.0,0.4649210077931778,test,1
S14385,73,24,2025-12-08,41,15,0.0034111703465316,0.0,0.4204216545343948,test,1
S14387,73,25,2025-12-08,61,17,0.0013250578361029,0.0,0.3376361001819172,test,1
S14630,73,14,2025-12-08,28,12,0.0032675630152313,0.0,0.409931368281734,test,1
S14728,73,15,2025-12-08,57,26,0.0034223409861422,0.0,0.4172348465419031,test,1
S14736,73,9,2025-12-08,19,22,0.003286749417851,0.0,0.4365881375933921,test,1
S14808,73,5,2025-12-08,28,17,0.0032733995214641,0.0,0.4052887887823113,test,1
S14812,73,20,2025-12-08,35,25,0.0031945698300637,0.0,0.4774602519876641,test,1
S15555,73,6,2025-12-08,34,12,0.0032116532898563,0.0131005805639575,0.4764492047629824,test,1
S15560,73,14,2025-12-08,40,15,0.0030930900096516,0.0098479219299549,0.398602890445048,test,1
S15570,73,2,2025-12-08,40,17,0.0029423105631037,0.0050082631303156,0.3773061350359997,test,1
S15571,73,1,2025-12-08,40,25,0.0034703525551782,0.0016920992244261,0.3910780046274371,test,1
S15596,73,18,2025-12-08,39,12,0.0021482949344451,0.0016603859311524,0.3357498963637608,test,1
S15604,73,8,2025-12-08,29,17,0.0030172569627626,0.0066144299712199,0.4766045342791038,test,1
S15781,73,15,2025-12-08,57,27,0.0033849073251777,0.0018972796750574,0.4524201545780522,test,1
S15788,73,3,2025-12-08,35,14,0.0032784137596886,0.0,0.4414020634807098,test,1
S16095,73,25,2025-12-08,52,24,0.0009636159821566,0.0,0.2268464517247558,test,1
S16427,73,14,2025-12-08,32,28,0.0032833854678239,0.0,0.4455555702293603,test,1
S16431,73,5,2025-12-08,19,22,0.0033129734910269,0.0,0.4089787100954392,test,1
S16435,73,17,2025-12-08,32,15,0.0033118356141713,0.0,0.4376806354737043,test,1
S16436,73,20,2025-12-08,27,25,0.0034785443367882,0.0,0.4288268020292154,test,1
S16456,73,25,2025-12-08,54,21,0.0010872671700692,0.0,0.2272658575952299,test,1
S16499,73,17,2025-12-08,47,20,0.0032977189643588,0.0,0.4347373509320419,test,1
S16501,73,18,2025-12-08,21,22,0.0032909954387709,0.0,0.4151320939577682,test,1
S16581,73,25,2025-12-08,42,25,0.001255041269748,0.0,0.2656003057620864,test,1
S16729,73,7,2025-12-08,60,19,0.0033268122373714,0.0,0.4982004825088555,test,1
S16733,73,19,2025-12-08,31,22,0.003284580899806,0.0050968085979161,0.4277495634424124,test,1
S17137,73,5,2025-12-08,51,24,0.0031619149752818,0.0,0.4518995116155769,test,1
S17145,73,17,2025-12-08,52,16,0.0034511256070072,0.0,0.4467911660342968,test,1
S17831,73,18,2025-12-08,50,15,0.0027623413841979,0.002139014417904,0.413567078517344,test,1
S17833,73,20,2025-12-08,45,16,0.0033984152393127,0.0149872101972291,0.3986422461729703,test,1
S17836,73,14,2025-12-08,20,21,0.0032786129788897,0.0236599834895121,0.4539654189893379,test,1
S17841,73,1,2025-12-08,34,13,0.0034292561983869,0.0052253854904607,0.4952820679773671,test,1
S17842,73,6,2025-12-08,32,27,0.003181290916881,0.0202276812147899,0.4993250234010857,test,1
S17843,73,14,2025-12-08,38,27,0.0029805592519335,0.0176123857636168,0.4516089272689927,test,1
S17846,73,20,2025-12-08,48,26,0.0034373492110105,0.0202436495593571,0.4189100636514712,test,1
S17848,73,2,2025-12-08,31,28,0.0030933505101848,0.0247641076476851,0.460376813535199,test,1
S17851,73,18,2025-12-08,30,21,0.002472998301638,0.0250524087257933,0.3853720590458451,test,1
S18040,73,20,2025-12-08,21,16,0.003481257828905,0.0,0.4157086054363216,test,1
S18041,73,17,2025-12-08,16,24,0.0033014990983619,0.0,0.4260252685829306,test,1
S18044,73,6,2025-12-08,25,26,0.0032364641035998,0.0,0.4728623418244527,test,1
S18046,73,19,2025-12-08,36,25,0.0031473230465434,0.0,0.4690936167213017,test,1
S18047,73,19,2025-12-08,27,22,0.0032544718177238,0.0,0.4699695138157986,test,1
S18051,73,24,2025-12-08,34,14,0.0034782332540509,0.0,0.4031403858137345,test,1
S19091,73,3,2025-12-08,43,20,0.003358241469217,0.0118841883992756,0.4576082504022123,test,1
S19249,73,1,2025-12-08,58,27,0.0034580764275415,0.0017241857818852,0.4555986512799335,test,1
S19257,73,2,2025-12-08,39,22,0.0030870556955972,0.0017178923500214,0.4353830748117673,test,1
S19265,73,24,2025-12-08,39,27,0.0033639792221089,0.0034227589365343,0.3983783017412034,test,1
S19278,73,24,2025-12-08,62,18,0.0034531509023754,0.0068809879824998,0.5172563159350977,test,1
S19280,73,20,2025-12-08,23,17,0.0035713032343568,0.0034760835658882,0.4533743467249843,test,1
S19304,73,3,2025-12-08,33,18,0.0034391261390296,0.0051105398457583,0.4603743308704988,test,1
S19307,73,3,2025-12-08,53,16,0.0033201810788475,0.0034694953175774,0.4128311335773125,test,1
S19308,73,3,2025-12-08,52,14,0.0032280523884963,0.0035091435430346,0.3980345616190637,test,1
S19309,73,9,2025-12-08,37,31,0.0031559045353168,0.0051486584481508,0.4494638481255101,test,1
S20092,73,19,2025-12-08,32,17,0.0032509652516527,0.0,0.4716459137690688,test,1
S20093,73,1,2025-12-08,33,18,0.0034385780642633,0.001958721037925,0.4485213835846408,test,1
S20104,73,5,2025-12-08,61,26,0.0032159909270842,0.0019527873387084,0.4656314061938534,test,1
S20106,73,13,2025-12-08,46,26,0.003107371677205,0.0038643060965843,0.4156800458578695,test,1
S20116,73,8,2025-12-08,48,25,0.0021652606939885,0.001941140859648,0.4512856821613599,test,1
S20408,73,3,2025-12-08,62,18,0.0033539903454085,0.0038012199086024,0.4139704305139826,test,1
S20409,73,3,2025-12-08,58,15,0.0032124587215633,0.0076145826151571,0.4224752131094235,test,1
S21277,73,24,2025-12-08,57,29,0.0033347570110332,0.0,0.453334227026238,test,1
S21740,73,25,2025-12-08,42,27,0.0010585945366949,0.0,0.2457633157498252,test,1
S22817,73,6,2025-12-08,30,18,0.0032065930955062,0.0081208354166462,0.4546867916626521,test,1
S22818,73,5,2025-12-08,42,20,0.0032462903221131,0.0,0.4342987315772563,test,1
S22824,73,5,2025-12-08,35,24,0.0033243116856888,0.0,0.4585709657246831,test,1
S22828,73,8,2025-12-08,25,16,0.0029865144415636,0.0031770688503421,0.4604077685037755,test,1
S23025,73,13,2025-12-08,26,14,0.0032210169151951,0.0,0.4655190351854314,test,1
S23026,73,19,2025-12-08,51,17,0.0032451882280861,0.0,0.4614341196527807,test,1
S23528,73,20,2025-12-08,23,13,0.0027717842878254,0.0,0.3712835026378231,test,1
S24019,73,1,2025-12-08,34,27,0.0033660861303006,0.0,0.4497083311755256,test,1
S24021,73,2,2025-12-08,20,21,0.0031169575720461,0.0,0.4354683381752096,test,1
S24023,73,13,2025-12-08,33,19,0.0032233236735134,0.0,0.373830511391305,test,1
S24026,73,20,2025-12-08,23,28,0.0033837424063216,0.0,0.4123302493307763,test,1
S24102,73,5,2025-12-08,42,13,0.0032533509311387,0.0,0.4709721865198322,test,1
S24104,73,24,2025-12-08,59,16,0.0033498134676532,0.0,0.4356897420620267,test,1
S24175,73,24,2025-12-08,59,15,0.0033588504996311,0.0,0.4222527232484432,test,1
S24293,73,17,2025-12-08,40,12,0.003415348011481,0.0,0.4415162869329418,test,1
S24296,73,14,2025-12-08,32,23,0.003215976187997,0.0,0.4079074841485861,test,1
S24297,73,13,2025-12-08,42,31,0.0029670047507179,0.0,0.4279654196772124,test,1
S24298,73,2,2025-12-08,43,13,0.0030037310193434,0.0,0.4274846096486775,test,1
S24304,73,2,2025-12-08,47,30,0.0030654230927547,0.0,0.4372952464686551,test,1
S24306,73,1,2025-12-08,42,31,0.0034052128571116,0.0,0.4568514407604596,test,1
S24459,73,25,2025-12-08,17,25,0.0017844944930648,0.0,0.3310686916603052,test,1
S24805,73,15,2025-12-08,52,14,0.0034237919079605,0.0,0.4844531293699006,test,1
S24810,73,9,2025-12-08,54,28,0.0032041695909448,0.0,0.4566951011230779,test,1
S24843,73,19,2025-12-08,54,22,0.003262105036564,0.0020963830011599,0.4742856095763346,test,1
S24853,73,5,2025-12-08,43,31,0.0031434391781059,0.0041674003639138,0.4293724096343161,test,1
S24854,73,5,2025-12-08,43,21,0.0033120527303813,0.0020835429452996,0.4290205515618759,test,1
S24859,73,1,2025-12-08,32,19,0.0034807655657677,0.0020437535981577,0.3986288504616633,test,1
S25237,73,3,2025-12-08,56,15,0.0030633448060275,0.0,0.4118481998730853,test,1
S25537,73,13,2025-12-08,44,21,0.0032250993815492,0.0,0.4487516179519559,test,1
S25542,73,1,2025-12-08,59,23,0.003519267960654,0.0,0.4612075614655215,test,1
S25547,73,24,2025-12-08,37,26,0.0033150799922956,0.0,0.4195235289916662,test,1
S25551,73,20,2025-12-08,40,24,0.0033208724892694,0.0,0.4046451289032138,test,1
S26175,73,24,2025-12-08,36,26,0.0033972775014894,0.0,0.429383534573784,test,1
S26178,73,13,2025-12-08,43,29,0.0031103362541071,0.0,0.4525284295196346,test,1
S26363,73,14,2025-12-08,58,23,0.0030918450893078,0.0,0.4270835248051871,test,1
S27032,73,13,2025-12-08,58,22,0.003255997963782,0.0025044848924633,0.4764451047121198,test,1
S27039,73,24,2025-12-08,60,22,0.0034585734782327,0.0048055539440351,0.4339765202375433,test,1
S27043,73,18,2025-12-08,57,24,0.003087358467145,0.0036856312292358,0.4302799915732263,test,1
S27082,73,9,2025-12-08,41,18,0.003305567502713,0.0,0.4491110895208053,test,1
S27084,73,3,2025-12-08,59,19,0.003303102145111,0.0024237813427358,0.445378467808226,test,1
S27246,73,15,2025-12-08,37,11,0.0030634727767566,0.0,0.4516159727915823,test,1
S27381,73,9,2025-12-08,35,21,0.003168822202603,0.0,0.470302463992945,test,1
S27382,73,3,2025-12-08,56,18,0.0032847023331797,0.0,0.4318201618634734,test,1
S27383,73,15,2025-12-08,24,18,0.0033851017570153,0.0,0.4749516359914573,test,1
S27519,73,17,2025-12-08,52,20,0.0032576694538577,0.0,0.4289712436838324,test,1
S27521,73,6,2025-12-08,35,27,0.0032075122655834,0.0,0.4389319187963612,test,1
S27755,73,15,2025-12-08,44,24,0.0034215827651692,0.0,0.4703617626382012,test,1
S27757,73,3,2025-12-08,20,25,0.0032432142312284,0.0,0.4357302555912435,test,1
S28092,73,20,2025-12-08,24,27,0.0034732524908848,0.0046902500365688,0.4488651464013255,test,1
S28099,73,20,2025-12-08,47,15,0.0027537647235709,0.0046638420862482,0.4445908009038105,test,1
S28164,73,25,2025-12-08,63,21,0.0013066264316796,0.007145835430116,0.293449061255688,test,1
S28261,73,15,2025-12-08,15,23,0.0034281415420161,0.0,0.4407170863136873,test,1
S28362,73,25,2025-12-08,30,18,0.001301274688899,0.0,0.220767532441477,test,1
S28734,73,19,2025-12-08,44,32,0.0023603883281112,0.0124059568562256,0.4066505347725971,test,1
S29089,73,13,2025-12-08,61,23,0.003205169178711,0.0035201291894495,0.4256465120872533,test,1
S29098,73,18,2025-12-08,27,13,0.0029146532726811,0.0,0.3403165915246746,test,1
S29099,73,1,2025-12-08,37,14,0.0034140884778386,0.011280431062267,0.4654985090311783,test,1
S29103,73,7,2025-12-08,45,28,0.0031725765528706,0.0103302063269915,0.4814697160598089,test,1
S29112,73,13,2025-12-08,54,28,0.0031383904405382,0.0059871439034732,0.4144738534146743,test,1
S31642,73,15,2025-12-08,25,15,0.0034732637812355,0.0,0.4865522752119957,test,1
S31697,73,5,2025-12-08,42,27,0.0032084409755047,0.0,0.4142309093635983,test,1
S31703,73,2,2025-12-08,38,25,0.0030476806611251,0.0022104214477593,0.4118362982660922,test,1
S31705,73,1,2025-12-08,42,29,0.0034139836315363,0.0,0.4677598113836247,test,1
S31708,73,1,2025-12-08,41,28,0.0033782476113851,0.004418190142191,0.4318505889870961,test,1
S31712,73,18,2025-12-08,43,23,0.0031748015960908,0.0,0.418777531463522,test,1
S31714,73,24,2025-12-08,26,16,0.0035681496511333,0.0022117789467125,0.4431181996160031,test,1
S31771,73,18,2025-12-08,38,19,0.0020395149656683,0.0,0.3501449836044006,test,1
S31773,73,6,2025-12-08,29,21,0.003251665697464,0.0,0.4299749887391675,test,1
S32299,73,5,2025-12-08,45,30,0.0032943446604819,0.0,0.456537789596076,test,1
S32300,73,5,2025-12-08,17,19,0.003349640098483,0.0,0.500106740412381,test,1
S32308,73,18,2025-12-08,58,27,0.0033856581083263,0.0,0.4306567531166651,test,1
S32309,73,20,2025-12-08,19,19,0.003558536672059,0.0,0.4177729713027325,test,1
S32655,73,9,2025-12-08,45,17,0.003203791674667,0.0,0.4572670943052143,test,1
S32863,73,25,2025-12-08,30,31,0.0016113385836803,0.0101297298399013,0.4312078224983377,test,1
S32869,73,15,2025-12-08,47,14,0.0034058296080067,0.0,0.4695714775592456,test,1
S33407,73,13,2025-12-08,36,26,0.0031680772485443,0.0054270676363318,0.4464288084819758,test,1
S33409,73,14,2025-12-08,20,23,0.0032835802602028,0.0036155972646588,0.4573021048866006,test,1
S33410,73,17,2025-12-08,39,28,0.003170317133757,0.0018222750205326,0.3955335264874371,test,1
S33422,73,7,2025-12-08,55,18,0.0031940005963367,0.0053999435015971,0.4317107524595315,test,1
S33464,73,3,2025-12-08,49,18,0.0033914778849602,0.0,0.4329789210509794,test,1
S33910,73,19,2025-12-08,23,28,0.0030729243692156,0.0,0.4178021612332586,test,1
S33932,73,15,2025-12-08,46,13,0.0034202051330681,0.0188046176443959,0.4935159189194846,test,1
S33933,73,15,2025-12-08,23,28,0.0034246880136091,0.0,0.4875107484425151,test,1
S33936,73,3,2025-12-08,26,24,0.0034579488897868,0.0129956299906193,0.4727057373458384,test,1
S33939,73,9,2025-12-08,45,13,0.0032893992221499,0.007234036359402,0.4774956349651765,test,1
S34395,73,13,2025-12-08,15,23,0.0032418911155047,0.0,0.4330106590791664,test,1
S34399,73,7,2025-12-08,22,24,0.0032917720112745,0.0,0.4912310614666954,test,1
S34403,73,6,2025-12-08,50,17,0.0031249283535552,0.0,0.4357218617162239,test,1
S34407,73,5,2025-12-08,60,24,0.0031552855650233,0.0,0.4993900889134828,test,1
S34408,73,18,2025-12-08,58,21,0.0027177857867209,0.0,0.3975708039192893,test,1
S34429,73,9,2025-12-08,23,15,0.00316480171931,0.003578886728595,0.4773135885057498,test,1
S34569,73,18,2025-12-08,54,30,0.003168642695039,0.0,0.4129960790415805,test,1
S34571,73,2,2025-12-08,43,11,0.0024543091580693,0.0,0.2929157975620808,test,1
S35018,73,6,2025-12-08,53,18,0.0032071112829862,0.0,0.4348270505850978,test,1
S35020,73,24,2025-12-08,36,21,0.0031955945795671,0.0,0.4786213928630546,test,1
S35085,73,15,2025-12-08,41,27,0.0034392756272015,0.0,0.4865518847324933,test,1
S35556,73,6,2025-12-08,29,17,0.0032729348723575,0.0182299381801663,0.4755810055335354,test,1
S35730,73,18,2025-12-08,45,28,0.0034347731008797,0.004050975453697,0.4297953232211051,test,1
S35732,73,6,2025-12-08,38,30,0.0031930126897144,0.0,0.4770179944034731,test,1
S35737,73,6,2025-12-08,34,16,0.0032239640177352,0.0019842933400408,0.4566924894959469,test,1
S35882,73,2,2025-12-08,21,14,0.0020374674048546,0.0,0.332214761668427,test,1
S36103,73,20,2025-12-08,19,25,0.0034506972276081,0.0,0.4436294234798445,test,1
S36270,73,3,2025-12-08,16,26,0.0032329829310551,0.0,0.4362100522650906,test,1
S36766,73,17,2025-12-08,50,31,0.0027552068232325,0.0,0.3511689374807773,test,1
S36889,73,11,2025-12-08,24,13,0.0031061405107488,0.0,0.4113089319002762,test,1
S37062,73,2,2025-12-08,21,20,0.0031226244416654,0.0,0.4341745568850316,test,1
S37067,73,24,2025-12-08,35,31,0.0034506108720958,0.0,0.4739704199447659,test,1
S37071,73,20,2025-12-08,41,14,0.0028782789679857,0.0,0.4221181997692247,test,1
S37074,73,24,2025-12-08,48,24,0.0033989509664364,0.0,0.4423021708814041,test,1
S37075,73,24,2025-12-08,23,22,0.0035737181033072,0.0,0.4715490255009055,test,1
S37076,73,24,2025-12-08,26,15,0.0033657007571233,0.0,0.3989422554547514,test,1
S37370,73,7,2025-12-08,32,30,0.0033198162562757,0.0,0.4663656266052138,test,1
S37378,73,8,2025-12-08,19,17,0.0031075353831569,0.0,0.5093059499581513,test,1
S37421,73,25,2025-12-08,46,32,0.0015758989920302,0.0,0.3144426669928667,test,1
S37831,73,6,2025-12-08,57,24,0.0031028296775572,0.0,0.469489752613455,test,1
S37836,73,14,2025-12-08,31,18,0.0031123585965941,0.0,0.4471165471078642,test,1
S37841,73,17,2025-12-08,35,30,0.0031487601738516,0.0,0.3835126277656077,test,1
S37944,73,25,2025-12-08,25,16,0.0013636791305621,0.0040555537422071,0.2152911617196545,test,1
S38046,73,5,2025-12-08,47,25,0.0033490627590908,0.0054394965455913,0.4901206535255926,test,1
S38067,73,8,2025-12-08,25,15,0.0029995753325556,0.0096309030459564,0.440971155081917,test,1
S38089,73,24,2025-12-08,61,21,0.0034502558248519,0.0013715604052312,0.4199945113080431,test,1
S38651,73,6,2025-12-08,38,22,0.0033070826453158,0.0,0.4204909097258755,test,1
S39060,73,14,2025-12-08,49,24,0.0030204621272292,0.0,0.4331043548401919,test,1
S39062,73,13,2025-12-08,37,30,0.0029774560081192,0.0,0.4105954603752357,test,1
S39280,73,15,2025-12-08,21,29,0.003238249609639,0.0,0.4904307997335906,test,1
S39654,73,2,2025-12-08,35,19,0.0029081818720381,0.0,0.3940040189979027,test,1
S39655,73,2,2025-12-08,42,27,0.0030607979610492,0.0,0.4427735978032096,test,1
S39722,73,9,2025-12-08,22,28,0.0032042512100492,0.0,0.4584351468757596,test,1
S39731,73,15,2025-12-08,37,15,0.0034131858619269,0.0,0.4690729088587574,test,1
S40440,73,25,2025-12-08,24,25,0.0015831924419885,0.0066050680939992,0.1888732929448501,test,1
S40702,73,2,2025-12-08,27,12,0.001908872766522,0.0021094091532228,0.2966091467649718,test,1
S40755,73,18,2025-12-08,30,22,0.0033499822472375,0.0085747682699067,0.4101883438397051,test,1
S40764,73,24,2025-12-08,37,13,0.0034784620316851,0.0,0.356311972989622,test,1
S40867,73,3,2025-12-08,34,27,0.003393453211155,0.0021631455705568,0.4515389814121378,test,1
S40871,73,15,2025-12-08,36,22,0.0034607821746974,0.0,0.4813671472382137,test,1
S41399,73,5,2025-12-08,34,25,0.0033306173947763,0.0,0.4513753898334139,test,1
S41493,73,8,2025-12-08,44,26,0.0026931529705793,0.002412644782959,0.4710847857131821,test,1
S41498,73,1,2025-12-08,38,22,0.0034457598855284,0.0023977691580308,0.4473418272952938,test,1
S41501,73,14,2025-12-08,27,29,0.0031105849299187,0.0,0.4460914699358754,test,1
S41994,73,6,2025-12-08,36,28,0.0031200454185042,0.0016999473255758,0.4592182189118808,test,1
S42011,73,17,2025-12-08,41,14,0.0032924885432262,0.0164389905070618,0.4289046238941185,test,1
S42017,73,24,2025-12-08,40,30,0.0034607524964061,0.0239720445344802,0.4468746283561073,test,1
S42028,73,17,2025-12-08,41,12,0.0034067850071158,0.0078835497652383,0.4297206580828556,test,1
S42029,73,20,2025-12-08,62,21,0.0034091629804966,0.011773752968039,0.4767522617536441,test,1
S42616,73,20,2025-12-08,36,21,0.0033506475229043,0.0,0.4785882206994526,test,1
S42622,73,5,2025-12-08,34,20,0.0032705451044327,0.0,0.4328845335114055,test,1
S42629,73,24,2025-12-08,30,22,0.003416533097342,0.0025262152010043,0.3792836959003121,test,1
S42631,73,18,2025-12-08,33,13,0.002617889526839,0.0024830135891286,0.3891783206073183,test,1
S42633,73,24,2025-12-08,46,18,0.0033436314483673,0.0,0.500844548445779,test,1
S42634,73,24,2025-12-08,47,29,0.0034829483814584,0.002490104714665,0.4232753087231513,test,1
S42700,73,19,2025-12-08,55,18,0.0032307563258146,0.0,0.4724530799524957,test,1
S42774,73,9,2025-12-08,45,29,0.0032373348156113,0.0,0.4779465670072588,test,1
S43290,73,1,2025-12-08,24,19,0.003510724558206,0.0009587468773209,0.4484691970568554,test,1
S43299,73,17,2025-12-08,35,27,0.0030747946929605,0.0198116103211713,0.3698194547047581,test,1
S43313,73,20,2025-12-08,42,25,0.0033052240592684,0.0127774613571281,0.4516091411257458,test,1
S43317,73,24,2025-12-08,52,15,0.0035024576800374,0.0050951783414938,0.4625952818486202,test,1
S43501,73,9,2025-12-08,50,19,0.0033166393307062,0.0048680818386265,0.4845847421056352,test,1
S43511,73,9,2025-12-08,55,29,0.003045659277922,0.0285807202587395,0.4224676358816792,test,1
S00082,73,8,2025-12-08,41,32,0.0028974356845356,0.0,0.4808547459587844,test,2
S00203,73,9,2025-12-08,33,22,0.0033402491569389,0.0,0.435389246851884,test,2
S00972,73,7,2025-12-08,54,17,0.0032471942163075,0.0,0.4695156306782557,test,2
S00974,73,19,2025-12-08,22,27,0.0032300008731033,0.0,0.4274777955073841,test,2
S00978,73,6,2025-12-08,36,18,0.0032550126058618,0.0,0.4247099801168048,test,2
S00981,73,17,2025-12-08,61,22,0.0033215425921742,0.0,0.4279451951149173,test,2
S00983,73,24,2025-12-08,33,25,0.0034998287067694,0.0,0.4353041459199958,test,2
S00986,73,18,2025-12-08,20,22,0.0034121926249147,0.0,0.4554336279941148,test,2
S01532,73,19,2025-12-08,63,17,0.0026778462903848,0.0057298827218672,0.4336596295964245,test,2
S01831,73,15,2025-12-08,46,25,0.0034282865930485,0.0059237540152205,0.4710010285615255,test,2
S01833,73,9,2025-12-08,33,16,0.0032704275739787,0.0059645427733923,0.4752977082061365,test,2
S02187,73,25,2025-12-08,38,29,0.0014175580065525,0.0,0.2486938481475705,test,2
S02351,73,25,2025-12-08,16,19,0.0015029247110554,0.0,0.3693505291724672,test,2
S02371,73,6,2025-12-08,53,19,0.0032404362836416,0.0,0.4969588946066863,test,2
S02392,73,15,2025-12-08,64,25,0.0033016476977713,0.0,0.4964775865496538,test,2
S02443,73,25,2025-12-08,47,30,0.001150712648091,0.0,0.273516697395433,test,2
S02578,73,1,2025-12-08,22,27,0.0034010889469554,0.0,0.422266953192712,test,2
S02579,73,17,2025-12-08,18,25,0.0031718686886965,0.0,0.4133874195902687,test,2
S02781,73,2,2025-12-08,25,17,0.0030113704380096,0.0,0.4104761500862455,test,2
S02782,73,2,2025-12-08,37,15,0.0030302911707942,0.0,0.4106780865847454,test,2
S02862,73,25,2025-12-08,51,27,0.0010589116116782,0.0,0.2475758672917077,test,2
S02863,73,25,2025-12-08,32,17,0.0012404057587233,0.0,0.2422519415150864,test,2
S02997,73,20,2025-12-08,40,23,0.0033192147200514,0.0,0.4545443006475422,test,2
S03033,73,3,2025-12-08,43,27,0.0033426309048061,0.0172686367505776,0.4076674454986062,test,2
S03047,73,2,2025-12-08,47,29,0.0028067760383472,0.0045379839298758,0.4086972486279884,test,2
S03056,73,18,2025-12-08,57,26,0.0030851144003851,0.0062130630588397,0.3820442700374,test,2
S03326,73,25,2025-12-08,32,28,0.0014583674517561,0.0058160286003498,0.2711192850956643,test,2
S03903,73,14,2025-12-08,28,30,0.0031039064527337,0.0,0.468806682503992,test,2
S04095,73,5,2025-12-08,45,29,0.0031137184502253,0.0,0.4757111794646588,test,2
S04487,73,15,2025-12-08,43,30,0.003242628644774,0.0,0.4593304211435692,test,2
S04490,73,9,2025-12-08,27,30,0.0031885676699866,0.0,0.4640455394479525,test,2
S04492,73,15,2025-12-08,35,30,0.0033135917112684,0.0,0.4209900574946768,test,2
S04526,73,17,2025-12-08,54,27,0.0030763163866941,0.0,0.4340126103572725,test,2
S04631,73,15,2025-12-08,39,31,0.0033532308907785,0.0,0.4708266924956472,test,2
S04632,73,9,2025-12-08,38,17,0.0033002106939876,0.0,0.4969588497361012,test,2
S04828,73,1,2025-12-08,17,24,0.0034490034952802,0.0,0.4239527462177166,test,2
S04833,73,14,2025-12-08,33,25,0.0032315209388803,0.0,0.4280856320607223,test,2
S05106,73,25,2025-12-08,39,15,0.0011050604887152,0.0,0.2354413189094293,test,2
S05119,73,2,2025-12-08,25,16,0.0031251242372116,0.0,0.4294197252681814,test,2
S05121,73,19,2025-12-08,48,14,0.0032670365955151,0.0,0.4863099847909891,test,2
S05310,73,25,2025-12-08,58,24,0.0011475797023299,0.0,0.2190020983201933,test,2
S06043,73,1,2025-12-08,41,15,0.0034373843758517,0.0,0.4222769135394905,test,2
S06081,73,25,2025-12-08,21,25,0.001516250223868,0.0,0.2506448221366819,test,2
S06638,73,3,2025-12-08,51,15,0.003331270972738,0.0091018972969013,0.4564316976941159,test,2
S06783,73,1,2025-12-08,44,32,0.0033896708425592,0.0,0.3649136588774911,test,2
S06966,73,2,2025-12-08,59,16,0.0030616059159405,0.0068351853889316,0.3556982464524243,test,2
S06969,73,6,2025-12-08,47,20,0.0030230595458283,0.002299903746483,0.4429046010141217,test,2
S06977,73,14,2025-12-08,27,30,0.003129990468847,0.0022771737387344,0.4711239119061783,test,2
S07218,73,14,2025-12-08,42,17,0.0030612829950308,0.0,0.4535066735168959,test,2
S07275,73,19,2025-12-08,40,26,0.0029782528829335,0.0102801860421136,0.4302217331849702,test,2
S07277,73,2,2025-12-08,28,19,0.0031576878731662,0.0014765300059417,0.4205094993313172,test,2
S07290,73,20,2025-12-08,36,16,0.0034187615548675,0.0071150432342667,0.4012389984443061,test,2
S07296,73,20,2025-12-08,56,16,0.0034763610843982,0.0100768727226383,0.4499823964096912,test,2
S07561,73,3,2025-12-08,28,19,0.0034424636529524,0.0,0.460295436343661,test,2
S07665,73,14,2025-12-08,26,19,0.0032756313431158,0.0159475815508621,0.4526389403550252,test,2
S07667,73,13,2025-12-08,31,17,0.003189337438346,0.0120462547980098,0.4427760290819296,test,2
S07668,73,1,2025-12-08,39,19,0.0034378584497369,0.0072474184066512,0.4328719015326106,test,2
S07671,73,2,2025-12-08,15,18,0.0025961172911924,0.0185697205201016,0.4480144507775725,test,2
S07677,73,1,2025-12-08,43,14,0.0033793713063993,0.0094254341325882,0.4285560941062307,test,2
S07684,73,24,2025-12-08,22,20,0.0034856553956037,0.0318720236987021,0.4160438974426808,test,2
S07686,73,19,2025-12-08,29,15,0.0030564041614311,0.0117417628322841,0.433085062460303,test,2
S07689,73,5,2025-12-08,25,25,0.0031176973546753,0.0,0.483757189060034,test,2
S08054,73,15,2025-12-08,34,29,0.003405773259706,0.0165318317355097,0.4760677850841048,test,2
S08488,73,18,2025-12-08,20,24,0.0034875532658456,0.0,0.4205518132903491,test,2
S08785,73,1,2025-12-08,40,11,0.0031871839864646,0.0,0.29958073208217,test,2
S09170,73,25,2025-12-08,58,25,0.0011828791616935,0.0,0.213872916589512,test,2
S09408,73,13,2025-12-08,44,11,0.003285067140086,0.0,0.4741467635048607,test,2
S09496,73,2,2025-12-08,23,26,0.0030999906603026,0.0,0.4310980511279497,test,2
S09500,73,1,2025-12-08,49,20,0.0034595116295447,0.0,0.4874321784859805,test,2
S09536,73,18,2025-12-08,41,19,0.0019781198474255,0.0,0.3250174130239366,test,2
S09636,73,9,2025-12-08,38,12,0.0032745765238341,0.0,0.4839481866526687,test,2
S10285,73,8,2025-12-08,56,25,0.0029703254907777,0.0,0.4440149840277415,test,2
S10455,73,14,2025-12-08,23,21,0.0032913546708814,0.0,0.4053274404203872,test,2
S10487,73,7,2025-12-08,13,23,0.003067672755007,0.0,0.4661419591048439,test,2
S10488,73,20,2025-12-08,44,12,0.0029719662838351,0.0,0.4961758327690164,test,2
S10690,73,19,2025-12-08,57,24,0.0029026416825832,0.0,0.4436142534606763,test,2
S10745,73,13,2025-12-08,26,19,0.0033165522492699,0.0,0.4594131340587037,test,2
S10746,73,13,2025-12-08,46,15,0.0031414462952121,0.0,0.4417151993592423,test,2
S11233,73,1,2025-12-08,23,15,0.0034344848553083,0.0132601350025817,0.4564039337089203,test,2
S11234,73,14,2025-12-08,59,21,0.0032682275325454,0.0014831791960989,0.4399355600798937,test,2
S11235,73,1,2025-12-08,61,26,0.0034421079005787,0.022297932001402,0.4450597404045937,test,2
S11242,73,19,2025-12-08,50,23,0.0032367812212404,0.006325629937921,0.4635775455588304,test,2
S11245,73,20,2025-12-08,29,30,0.003306665840693,0.0125929304311018,0.4072310845208767,test,2
S11589,73,7,2025-12-08,28,15,0.0033498883630808,0.0,0.4760086145753235,test,2
S11591,73,7,2025-12-08,27,21,0.0032655489095027,0.0,0.5229396337834671,test,2
S11592,73,2,2025-12-08,44,19,0.0030155961199188,0.0,0.4287055091056368,test,2
S11911,73,25,2025-12-08,35,27,0.0013810097172993,0.0,0.2166600723272955,test,2
S12286,73,15,2025-12-08,25,16,0.0034592713098106,0.0,0.5000174918149242,test,2
S12383,73,20,2025-12-08,47,29,0.0035137240294813,0.0,0.4437421089804329,test,2
S12392,73,6,2025-12-08,51,14,0.0029234248848715,0.0,0.4680713106552183,test,2
S12735,73,15,2025-12-08,43,26,0.0033945322726533,0.0,0.4723670316348678,test,2
S13048,73,2,2025-12-08,35,18,0.0030117928934947,0.0,0.460716676243648,test,2
S13461,73,1,2025-12-08,38,32,0.0032560623761637,0.0055240635767478,0.4216231790016126,test,2
S13619,73,5,2025-12-08,63,25,0.0032639923467495,0.00377850509566,0.4432003769683693,test,2
S13623,73,5,2025-12-08,37,18,0.0032819522421873,0.0018428702797306,0.43884507577211,test,2
S13628,73,1,2025-12-08,17,19,0.0034617263737817,0.0018386977432482,0.4634951626491554,test,2
S13631,73,13,2025-12-08,58,27,0.0032516853011908,0.0018932251490391,0.4167194155208884,test,2
S13935,73,18,2025-12-08,24,19,0.0032494321670188,0.0157970853265101,0.3981057817647206,test,2
S13940,73,2,2025-12-08,20,19,0.0030343629822148,0.0053147690695411,0.4410658469012487,test,2
S13952,73,20,2025-12-08,39,29,0.0032057065659805,0.0155534866254097,0.4827364428351432,test,2
S14089,73,15,2025-12-08,37,28,0.0034348510582763,0.0092503223919488,0.4789420205508753,test,2
S14357,73,15,2025-12-08,21,14,0.0025419256025198,0.0,0.4731585230464781,test,2
S14383,73,19,2025-12-08,48,19,0.003179363237447,0.0,0.4649210077931778,test,2
S14385,73,24,2025-12-08,43,15,0.0033985282835684,0.0,0.4204216545343948,test,2
S14387,73,25,2025-12-08,62,17,0.0013411914604498,0.0,0.3376361001819172,test,2
S14630,73,14,2025-12-08,25,13,0.003138308730462,0.0,0.409931368281734,test,2
S14728,73,15,2025-12-08,55,26,0.0034468090326021,0.0,0.4172348465419031,test,2
S14736,73,9,2025-12-08,16,22,0.0032700073765637,0.0,0.4365881375933921,test,2
S14808,73,5,2025-12-08,31,17,0.0032892956096944,0.0,0.4052887887823113,test,2
S14812,73,20,2025-12-08,37,25,0.0032721232912841,0.0,0.4774602519876641,test,2
S15555,73,6,2025-12-08,33,12,0.0030984047109854,0.0131005805639575,0.4764492047629824,test,2
S15560,73,14,2025-12-08,42,15,0.0032571190609139,0.0098479219299549,0.398602890445048,test,2
S15570,73,2,2025-12-08,42,17,0.0030972030582542,0.0050082631303156,0.3773061350359997,test,2
S15571,73,1,2025-12-08,41,25,0.0034030112124424,0.0016920992244261,0.3910780046274371,test,2
S15596,73,18,2025-12-08,37,12,0.0026457044907437,0.0016603859311524,0.3357498963637608,test,2
S15604,73,8,2025-12-08,31,17,0.0028911019198471,0.0066144299712199,0.4766045342791038,test,2
S15781,73,15,2025-12-08,59,27,0.0034449280765073,0.0018972796750574,0.4524201545780522,test,2
S15788,73,3,2025-12-08,33,14,0.0026893125945938,0.0,0.4414020634807098,test,2
S16095,73,25,2025-12-08,50,24,0.0010643622245687,0.0,0.2268464517247558,test,2
S16427,73,14,2025-12-08,30,28,0.0028127340181645,0.0,0.4455555702293603,test,2
S16431,73,5,2025-12-08,17,22,0.0033065928301285,0.0,0.4089787100954392,test,2
S16435,73,17,2025-12-08,34,15,0.0033456234722812,0.0,0.4376806354737043,test,2
S16436,73,20,2025-12-08,29,25,0.0034744340425367,0.0,0.4288268020292154,test,2
S16456,73,25,2025-12-08,56,21,0.0010878696568288,0.0,0.2272658575952299,test,2
S16499,73,17,2025-12-08,46,20,0.0032661710210602,0.0,0.4347373509320419,test,2
S16501,73,18,2025-12-08,19,22,0.0033804969889113,0.0,0.4151320939577682,test,2
S16581,73,25,2025-12-08,46,25,0.0010200099099291,0.0,0.2656003057620864,test,2
S16729,73,7,2025-12-08,61,19,0.0033016863674688,0.0,0.4982004825088555,test,2
S16733,73,19,2025-12-08,29,22,0.0033262084851108,0.0050968085979161,0.4277495634424124,test,2
S17137,73,5,2025-12-08,49,24,0.0032818738111642,0.0,0.4518995116155769,test,2
S17145,73,17,2025-12-08,50,16,0.003377259900543,0.0,0.4467911660342968,test,2
S17831,73,18,2025-12-08,52,15,0.0031433404580111,0.002139014417904,0.413567078517344,test,2
S17833,73,20,2025-12-08,43,16,0.0032791610213904,0.0149872101972291,0.3986422461729703,test,2
S17836,73,14,2025-12-08,22,21,0.0032785139438599,0.0236599834895121,0.4539654189893379,test,2
S17841,73,1,2025-12-08,36,13,0.0034232049327658,0.0052253854904607,0.4952820679773671,test,2
S17842,73,6,2025-12-08,34,27,0.0032243265498209,0.0202276812147899,0.4993250234010857,test,2
S17843,73,14,2025-12-08,40,27,0.0030383688853792,0.0176123857636168,0.4516089272689927,test,2
S17846,73,20,2025-12-08,46,26,0.0035103272100512,0.0202436495593571,0.4189100636514712,test,2
S17848,73,2,2025-12-08,29,28,0.0030644567924586,0.0247641076476851,0.460376813535199,test,2
S17851,73,18,2025-12-08,32,21,0.0032668259219639,0.0250524087257933,0.3853720590458451,test,2
S18040,73,20,2025-12-08,19,16,0.0034140619399057,0.0,0.4157086054363216,test,2
S18041,73,17,2025-12-08,14,24,0.0031665116489635,0.0,0.4260252685829306,test,2
S18044,73,6,2025-12-08,23,26,0.0032488913959788,0.0,0.4728623418244527,test,2
S18046,73,19,2025-12-08,43,25,0.0031490090605756,0.0,0.4690936167213017,test,2
S18047,73,19,2025-12-08,26,22,0.0033379894072441,0.0,0.4699695138157986,test,2
S18051,73,24,2025-12-08,32,14,0.0034599786673773,0.0,0.4031403858137345,test,2
S19091,73,3,2025-12-08,41,20,0.0032108901589852,0.0118841883992756,0.4576082504022123,test,2
S19249,73,1,2025-12-08,59,27,0.0034212600696038,0.0017241857818852,0.4555986512799335,test,2
S19257,73,2,2025-12-08,37,22,0.0030801042416547,0.0017178923500214,0.4353830748117673,test,2
S19265,73,24,2025-12-08,41,27,0.0032388642107218,0.0034227589365343,0.3983783017412034,test,2
S19278,73,24,2025-12-08,61,18,0.0035103241685531,0.0068809879824998,0.5172563159350977,test,2
S19280,73,20,2025-12-08,25,17,0.0035405026263867,0.0034760835658882,0.4533743467249843,test,2
S19304,73,3,2025-12-08,31,18,0.0034446291657416,0.0051105398457583,0.4603743308704988,test,2
S19307,73,3,2025-12-08,51,16,0.0033602979753465,0.0034694953175774,0.4128311335773125,test,2
S19308,73,3,2025-12-08,50,14,0.0032665347502149,0.0035091435430346,0.3980345616190637,test,2
S19309,73,9,2025-12-08,39,31,0.0031103780999271,0.0051486584481508,0.4494638481255101,test,2
S20092,73,19,2025-12-08,34,17,0.0032038004399392,0.0,0.4716459137690688,test,2
S20093,73,1,2025-12-08,31,18,0.0034558335116172,0.001958721037925,0.4485213835846408,test,2
S20104,73,5,2025-12-08,58,26,0.0033074724272712,0.0019527873387084,0.4656314061938534,test,2
S20106,73,13,2025-12-08,44,26,0.0031019794962159,0.0038643060965843,0.4156800458578695,test,2
S20116,73,8,2025-12-08,51,25,0.0028707096709041,0.001941140859648,0.4512856821613599,test,2
S20408,73,3,2025-12-08,60,18,0.0033152465259555,0.0038012199086024,0.4139704305139826,test,2
S20409,73,3,2025-12-08,60,16,0.0033248697087145,0.0076145826151571,0.4224752131094235,test,2
S21277,73,24,2025-12-08,53,30,0.0034059177523081,0.0,0.453334227026238,test,2
S21740,73,25,2025-12-08,43,27,0.0010384037417045,0.0,0.2457633157498252,test,2
S22817,73,6,2025-12-08,28,18,0.0032069114887965,0.0081208354166462,0.4546867916626521,test,2
S22818,73,5,2025-12-08,40,20,0.0033354536730665,0.0,0.4342987315772563,test,2
S22824,73,5,2025-12-08,32,24,0.0033145827146288,0.0,0.4585709657246831,test,2
S22828,73,8,2025-12-08,23,16,0.0027855898237331,0.0031770688503421,0.4604077685037755,test,2
S23025,73,13,2025-12-08,23,14,0.0032380507263018,0.0,0.4655190351854314,test,2
S23026,73,19,2025-12-08,53,17,0.0031643705977973,0.0,0.4614341196527807,test,2
S23528,73,20,2025-12-08,21,14,0.00293068704354,0.0,0.3712835026378231,test,2
S24019,73,1,2025-12-08,35,27,0.0034412520012706,0.0,0.4497083311755256,test,2
S24021,73,2,2025-12-08,22,21,0.003103065946075,0.0,0.4354683381752096,test,2
S24023,73,13,2025-12-08,35,19,0.003200310457704,0.0,0.373830511391305,test,2
S24026,73,20,2025-12-08,21,28,0.0034772338028061,0.0,0.4123302493307763,test,2
S24102,73,5,2025-12-08,44,13,0.0033320523868962,0.0,0.4709721865198322,test,2
S24104,73,24,2025-12-08,57,16,0.0033927645895535,0.0,0.4356897420620267,test,2
S24175,73,24,2025-12-08,60,15,0.0032986128508978,0.0,0.4222527232484432,test,2
S24293,73,17,2025-12-08,37,12,0.0034046392504897,0.0,0.4415162869329418,test,2
S24296,73,14,2025-12-08,34,23,0.0032129924907805,0.0,0.4079074841485861,test,2
S24297,73,13,2025-12-08,44,31,0.0032103052655186,0.0,0.4279654196772124,test,2
S24298,73,2,2025-12-08,45,13,0.003062278615534,0.0,0.4274846096486775,test,2
S24304,73,2,2025-12-08,46,30,0.0030758017891011,0.0,0.4372952464686551,test,2
S24306,73,1,2025-12-08,43,31,0.0034229345701122,0.0,0.4568514407604596,test,2
S24459,73,25,2025-12-08,19,25,0.0019294367240151,0.0,0.3310686916603052,test,2
S24805,73,15,2025-12-08,51,14,0.0034770545261412,0.0,0.4844531293699006,test,2
S24810,73,9,2025-12-08,52,28,0.0031748589308846,0.0,0.4566951011230779,test,2
S24843,73,19,2025-12-08,52,22,0.003104251872419,0.0020963830011599,0.4742856095763346,test,2
S24853,73,5,2025-12-08,45,31,0.0032251453532145,0.0041674003639138,0.4293724096343161,test,2
S24854,73,5,2025-12-08,45,21,0.0033774775270083,0.0020835429452996,0.4290205515618759,test,2
S24859,73,1,2025-12-08,35,19,0.0034208627426567,0.0020437535981577,0.3986288504616633,test,2
S25237,73,3,2025-12-08,61,16,0.0032523017123381,0.0,0.4118481998730853,test,2
S25537,73,13,2025-12-08,46,21,0.0032004713359207,0.0,0.4487516179519559,test,2
S25542,73,1,2025-12-08,61,23,0.0032362348174595,0.0,0.4612075614655215,test,2
S25547,73,24,2025-12-08,34,26,0.0033961771843655,0.0,0.4195235289916662,test,2
S25551,73,20,2025-12-08,38,24,0.003340886315462,0.0,0.4046451289032138,test,2
S26175,73,24,2025-12-08,33,26,0.0034487850331761,0.0,0.429383534573784,test,2
S26178,73,13,2025-12-08,45,29,0.0031611367732177,0.0,0.4525284295196346,test,2
S26363,73,14,2025-12-08,60,23,0.0031842525961162,0.0,0.4270835248051871,test,2
S27032,73,13,2025-12-08,56,22,0.0032194528911057,0.0025044848924633,0.4764451047121198,test,2
S27039,73,24,2025-12-08,56,22,0.0035281965870423,0.0048055539440351,0.4339765202375433,test,2
S27043,73,18,2025-12-08,55,24,0.0025575296525664,0.0036856312292358,0.4302799915732263,test,2
S27082,73,9,2025-12-08,38,18,0.0031064752542328,0.0,0.4491110895208053,test,2
S27084,73,3,2025-12-08,61,19,0.0033614749567715,0.0024237813427358,0.445378467808226,test,2
S27246,73,15,2025-12-08,31,12,0.0032684344843713,0.0,0.4516159727915823,test,2
S27381,73,9,2025-12-08,37,21,0.0031678614888255,0.0,0.470302463992945,test,2
S27382,73,3,2025-12-08,55,18,0.0033133136416534,0.0,0.4318201618634734,test,2
S27383,73,15,2025-12-08,22,18,0.0035278142560905,0.0,0.4749516359914573,test,2
S27519,73,17,2025-12-08,50,20,0.0032954971578262,0.0,0.4289712436838324,test,2
S27521,73,6,2025-12-08,38,27,0.0031545171570761,0.0,0.4389319187963612,test,2
S27755,73,15,2025-12-08,42,24,0.0034382828762026,0.0,0.4703617626382012,test,2
S27757,73,3,2025-12-08,22,25,0.0034179812635554,0.0,0.4357302555912435,test,2
S28092,73,20,2025-12-08,27,27,0.0034781814539718,0.0046902500365688,0.4488651464013255,test,2
S28099,73,20,2025-12-08,49,15,0.0033519003438321,0.0046638420862482,0.4445908009038105,test,2
S28164,73,25,2025-12-08,65,21,0.0014210695930098,0.007145835430116,0.293449061255688,test,2
S28261,73,15,2025-12-08,17,23,0.0034713595862238,0.0,0.4407170863136873,test,2
S28362,73,25,2025-12-08,28,18,0.0013802789209353,0.0,0.220767532441477,test,2
S28734,73,19,2025-12-08,43,32,0.0025044929743764,0.0124059568562256,0.4066505347725971,test,2
S29089,73,13,2025-12-08,63,23,0.003225937056122,0.0035201291894495,0.4256465120872533,test,2
S29098,73,18,2025-12-08,29,13,0.0030094805327446,0.0,0.3403165915246746,test,2
S29099,73,1,2025-12-08,35,14,0.0033874558301137,0.011280431062267,0.4654985090311783,test,2
S29103,73,7,2025-12-08,43,28,0.0032403825898996,0.0103302063269915,0.4814697160598089,test,2
S29112,73,13,2025-12-08,52,28,0.0030487417858217,0.0059871439034732,0.4144738534146743,test,2
S31642,73,15,2025-12-08,27,15,0.0034647802490122,0.0,0.4865522752119957,test,2
S31697,73,5,2025-12-08,44,27,0.0032901991632131,0.0,0.4142309093635983,test,2
S31703,73,2,2025-12-08,40,25,0.0029457600512279,0.0022104214477593,0.4118362982660922,test,2
S31705,73,1,2025-12-08,43,29,0.0034106891530017,0.0,0.4677598113836247,test,2
S31708,73,1,2025-12-08,40,28,0.0034227109386883,0.004418190142191,0.4318505889870961,test,2
S31712,73,18,2025-12-08,45,23,0.0032207336141682,0.0,0.418777531463522,test,2
S31714,73,24,2025-12-08,24,16,0.0034862383732438,0.0022117789467125,0.4431181996160031,test,2
S31771,73,18,2025-12-08,40,19,0.0019985531966686,0.0,0.3501449836044006,test,2
S31773,73,6,2025-12-08,31,21,0.003201365552997,0.0,0.4299749887391675,test,2
S32299,73,5,2025-12-08,43,30,0.0031678725269839,0.0,0.456537789596076,test,2
S32300,73,5,2025-12-08,19,19,0.0033670617404474,0.0,0.500106740412381,test,2
S32308,73,18,2025-12-08,59,27,0.0031448599899658,0.0,0.4306567531166651,test,2
S32309,73,20,2025-12-08,21,19,0.0035310383188279,0.0,0.4177729713027325,test,2
S32655,73,9,2025-12-08,47,17,0.003178144489107,0.0,0.4572670943052143,test,2
S32863,73,25,2025-12-08,31,31,0.0015628588508857,0.0101297298399013,0.4312078224983377,test,2
S32869,73,15,2025-12-08,45,14,0.0033998496475862,0.0,0.4695714775592456,test,2
S33407,73,13,2025-12-08,34,26,0.0031834496677103,0.0054270676363318,0.4464288084819758,test,2
S33409,73,14,2025-12-08,23,23,0.003261406354782,0.0036155972646588,0.4573021048866006,test,2
S33410,73,17,2025-12-08,34,28,0.0030960376149436,0.0018222750205326,0.3955335264874371,test,2
S33422,73,7,2025-12-08,50,18,0.0033432914658931,0.0053999435015971,0.4317107524595315,test,2
S33464,73,3,2025-12-08,47,18,0.0033149442820979,0.0,0.4329789210509794,test,2
S33910,73,19,2025-12-08,21,28,0.0031636129653293,0.0,0.4178021612332586,test,2
S33932,73,15,2025-12-08,47,13,0.0034115083849843,0.0188046176443959,0.4935159189194846,test,2
S33933,73,15,2025-12-08,21,28,0.0033162463458818,0.0,0.4875107484425151,test,2
S33936,73,3,2025-12-08,24,24,0.0034624577714545,0.0129956299906193,0.4727057373458384,test,2
S33939,73,9,2025-12-08,47,13,0.0032560531639253,0.007234036359402,0.4774956349651765,test,2
S34395,73,13,2025-12-08,17,23,0.0033241470004592,0.0,0.4330106590791664,test,2
S34399,73,7,2025-12-08,18,25,0.0032520212957169,0.0,0.4912310614666954,test,2
S34403,73,6,2025-12-08,52,17,0.0031753550190149,0.0,0.4357218617162239,test,2
S34407,73,5,2025-12-08,58,24,0.0033248970704377,0.0,0.4993900889134828,test,2
S34408,73,18,2025-12-08,60,21,0.0034104966926151,0.0,0.3975708039192893,test,2
S34429,73,9,2025-12-08,25,15,0.0031967835520564,0.003578886728595,0.4773135885057498,test,2
S34569,73,18,2025-12-08,52,31,0.0032062431185871,0.0,0.4129960790415805,test,2
S34571,73,2,2025-12-08,45,11,0.0015056825117809,0.0,0.2929157975620808,test,2
S35018,73,6,2025-12-08,51,18,0.003193359752087,0.0,0.4348270505850978,test,2
S35020,73,24,2025-12-08,38,21,0.0032706420442601,0.0,0.4786213928630546,test,2
S35085,73,15,2025-12-08,43,27,0.0034202195234932,0.0,0.4865518847324933,test,2
S35556,73,6,2025-12-08,31,17,0.0032560594565686,0.0182299381801663,0.4755810055335354,test,2
S35730,73,18,2025-12-08,43,28,0.0034185867809178,0.004050975453697,0.4297953232211051,test,2
S35732,73,6,2025-12-08,37,30,0.0031934195090249,0.0,0.4770179944034731,test,2
S35737,73,6,2025-12-08,31,16,0.0032186827436728,0.0019842933400408,0.4566924894959469,test,2
S35882,73,2,2025-12-08,22,29,0.003078303499156,0.0,0.332214761668427,test,2
S36103,73,20,2025-12-08,21,25,0.003575243554007,0.0,0.4436294234798445,test,2
S36270,73,3,2025-12-08,15,26,0.003123253333511,0.0,0.4362100522650906,test,2
S36766,73,17,2025-12-08,48,31,0.0028696617715035,0.0,0.3511689374807773,test,2
S36889,73,11,2025-12-08,25,13,0.003172282661941,0.0,0.4113089319002762,test,2
S37062,73,2,2025-12-08,19,20,0.0031281628202412,0.0,0.4341745568850316,test,2
S37067,73,24,2025-12-08,38,31,0.0034068845719835,0.0,0.4739704199447659,test,2
S37071,73,20,2025-12-08,39,14,0.0030743226542703,0.0,0.4221181997692247,test,2
S37074,73,24,2025-12-08,47,24,0.0034389151733185,0.0,0.4423021708814041,test,2
S37075,73,24,2025-12-08,21,22,0.0035278058917952,0.0,0.4715490255009055,test,2
S37076,73,24,2025-12-08,28,15,0.0035086957944424,0.0,0.3989422554547514,test,2
S37370,73,7,2025-12-08,30,30,0.003335698013595,0.0,0.4663656266052138,test,2
S37378,73,8,2025-12-08,23,17,0.0030686901268944,0.0,0.5093059499581513,test,2
S37421,73,25,2025-12-08,42,32,0.0014755924200979,0.0,0.3144426669928667,test,2
S37831,73,6,2025-12-08,54,24,0.0030796286942167,0.0,0.469489752613455,test,2
S37836,73,14,2025-12-08,27,18,0.0032000857273605,0.0,0.4471165471078642,test,2
S37841,73,17,2025-12-08,33,30,0.003126920708051,0.0,0.3835126277656077,test,2
S37944,73,25,2025-12-08,23,16,0.0015036728875618,0.0040555537422071,0.2152911617196545,test,2
S38046,73,5,2025-12-08,49,25,0.0032859787914072,0.0054394965455913,0.4901206535255926,test,2
S38067,73,8,2025-12-08,27,15,0.0029556882587148,0.0096309030459564,0.440971155081917,test,2
S38089,73,24,2025-12-08,63,21,0.0034365036611224,0.0013715604052312,0.4199945113080431,test,2
S38651,73,6,2025-12-08,36,22,0.0032733996440323,0.0,0.4204909097258755,test,2
S39060,73,14,2025-12-08,48,24,0.0029320463603992,0.0,0.4331043548401919,test,2
S39062,73,13,2025-12-08,35,30,0.0030603233317459,0.0,0.4105954603752357,test,2
S39280,73,15,2025-12-08,24,30,0.0032977136163756,0.0,0.4904307997335906,test,2
S39654,73,2,2025-12-08,37,19,0.002988857327917,0.0,0.3940040189979027,test,2
S39655,73,2,2025-12-08,44,27,0.003143423396303,0.0,0.4427735978032096,test,2
S39722,73,9,2025-12-08,23,29,0.0032130456671109,0.0,0.4584351468757596,test,2
S39731,73,15,2025-12-08,39,15,0.003403192618776,0.0,0.4690729088587574,test,2
S40440,73,25,2025-12-08,25,25,0.0016080563215846,0.0066050680939992,0.1888732929448501,test,2
S40702,73,2,2025-12-08,25,13,0.0029221240551888,0.0021094091532228,0.2966091467649718,test,2
S40755,73,18,2025-12-08,28,22,0.0033342046148781,0.0085747682699067,0.4101883438397051,test,2
S40764,73,24,2025-12-08,38,13,0.0034214677416618,0.0,0.356311972989622,test,2
S40867,73,3,2025-12-08,36,27,0.0033526682587096,0.0021631455705568,0.4515389814121378,test,2
S40871,73,15,2025-12-08,34,22,0.0033586029057093,0.0,0.4813671472382137,test,2
S41399,73,5,2025-12-08,36,25,0.0032977888331384,0.0,0.4513753898334139,test,2
S41493,73,8,2025-12-08,42,26,0.0021042975548522,0.002412644782959,0.4710847857131821,test,2
S41498,73,1,2025-12-08,36,22,0.0034442793454303,0.0023977691580308,0.4473418272952938,test,2
S41501,73,14,2025-12-08,29,29,0.0032167785936637,0.0,0.4460914699358754,test,2
S41994,73,6,2025-12-08,33,28,0.0031024015479892,0.0016999473255758,0.4592182189118808,test,2
S42011,73,17,2025-12-08,39,14,0.0032660828951925,0.0164389905070618,0.4289046238941185,test,2
S42017,73,24,2025-12-08,37,30,0.0034678576669141,0.0239720445344802,0.4468746283561073,test,2
S42028,73,17,2025-12-08,38,12,0.0034034693906331,0.0078835497652383,0.4297206580828556,test,2
S42029,73,20,2025-12-08,64,21,0.0034521811187733,0.011773752968039,0.4767522617536441,test,2
S42616,73,20,2025-12-08,38,21,0.0033572686119417,0.0,0.4785882206994526,test,2
S42622,73,5,2025-12-08,32,20,0.0033049521601268,0.0,0.4328845335114055,test,2
S42629,73,24,2025-12-08,28,22,0.0035451288452117,0.0025262152010043,0.3792836959003121,test,2
S42631,73,18,2025-12-08,34,13,0.0033068624247571,0.0024830135891286,0.3891783206073183,test,2
S42633,73,24,2025-12-08,44,18,0.0034346672980126,0.0,0.500844548445779,test,2
S42634,73,24,2025-12-08,49,29,0.0034718634848164,0.002490104714665,0.4232753087231513,test,2
S42700,73,19,2025-12-08,53,18,0.0031701468516495,0.0,0.4724530799524957,test,2
S42774,73,9,2025-12-08,47,29,0.0031248977939794,0.0,0.4779465670072588,test,2
S43290,73,1,2025-12-08,26,19,0.0034799218268671,0.0009587468773209,0.4484691970568554,test,2
S43299,73,17,2025-12-08,38,27,0.0033988896353005,0.0198116103211713,0.3698194547047581,test,2
S43313,73,20,2025-12-08,44,25,0.0034990695079352,0.0127774613571281,0.4516091411257458,test,2
S43317,73,24,2025-12-08,54,15,0.0034713326147973,0.0050951783414938,0.4625952818486202,test,2
S43501,73,9,2025-12-08,52,19,0.0033001592745728,0.0048680818386265,0.4845847421056352,test,2
S43511,73,9,2025-12-08,51,30,0.0031851930486809,0.0285807202587395,0.4224676358816792,test,2
S00082,73,8,2025-12-08,55,30,0.002805693485054,0.0,0.4808547459587844,test,3
S00203,73,9,2025-12-08,40,22,0.0033008149272354,0.0,0.435389246851884,test,3
S00972,73,7,2025-12-08,44,17,0.0032956414871545,0.0,0.4695156306782557,test,3
S00974,73,19,2025-12-08,19,27,0.0032380588284715,0.0,0.4274777955073841,test,3
S00978,73,6,2025-12-08,42,18,0.0032548995697232,0.0,0.4247099801168048,test,3
S00981,73,17,2025-12-08,64,21,0.0034112144334623,0.0,0.4279451951149173,test,3
S00983,73,24,2025-12-08,27,25,0.0035005804482463,0.0,0.4353041459199958,test,3
S00986,73,18,2025-12-08,26,22,0.0034077549251288,0.0,0.4554336279941148,test,3
S01532,73,19,2025-12-08,53,13,0.0026137954746766,0.0057298827218672,0.4336596295964245,test,3
S01831,73,15,2025-12-08,37,25,0.0034496177663372,0.0059237540152205,0.4710010285615255,test,3
S01833,73,9,2025-12-08,39,16,0.0032983847602938,0.0059645427733923,0.4752977082061365,test,3
S02187,73,25,2025-12-08,35,29,0.0014630738971502,0.0,0.2486938481475705,test,3
S02351,73,25,2025-12-08,18,18,0.0015747264185824,0.0,0.3693505291724672,test,3
S02371,73,6,2025-12-08,47,19,0.0032215640747279,0.0,0.4969588946066863,test,3
S02392,73,15,2025-12-08,57,25,0.0035084324763445,0.0,0.4964775865496538,test,3
S02443,73,25,2025-12-08,50,30,0.0016240820632636,0.0,0.273516697395433,test,3
S02578,73,1,2025-12-08,19,27,0.0034464095696571,0.0,0.422266953192712,test,3
S02579,73,17,2025-12-08,17,24,0.0033854816637026,0.0,0.4133874195902687,test,3
S02781,73,2,2025-12-08,19,17,0.003048974373469,0.0,0.4104761500862455,test,3
S02782,73,2,2025-12-08,31,15,0.0030946998777498,0.0,0.4106780865847454,test,3
S02862,73,25,2025-12-08,48,27,0.0010860874958305,0.0,0.2475758672917077,test,3
S02863,73,25,2025-12-08,26,17,0.0014323134433725,0.0,0.2422519415150864,test,3
S02997,73,20,2025-12-08,34,23,0.0032385751505805,0.0,0.4545443006475422,test,3
S03033,73,3,2025-12-08,37,27,0.0033264035544949,0.0172686367505776,0.4076674454986062,test,3
S03047,73,2,2025-12-08,40,29,0.0030936776668128,0.0045379839298758,0.4086972486279884,test,3
S03056,73,18,2025-12-08,64,25,0.0031752069628805,0.0062130630588397,0.3820442700374,test,3
S03326,73,25,2025-12-08,35,28,0.0015001268778573,0.0058160286003498,0.2711192850956643,test,3
S03903,73,14,2025-12-08,37,30,0.0029958619904855,0.0,0.468806682503992,test,3
S04095,73,5,2025-12-08,22,28,0.0033062335346305,0.0,0.4757111794646588,test,3
S04487,73,15,2025-12-08,49,30,0.0031573712606966,0.0,0.4593304211435692,test,3
S04490,73,9,2025-12-08,35,30,0.0032314163557382,0.0,0.4640455394479525,test,3
S04492,73,15,2025-12-08,41,30,0.0034072584758799,0.0,0.4209900574946768,test,3
S04526,73,17,2025-12-08,48,27,0.0030864656819164,0.0,0.4340126103572725,test,3
S04631,73,15,2025-12-08,33,31,0.0032458535221324,0.0,0.4708266924956472,test,3
S04632,73,9,2025-12-08,31,17,0.0032015307817132,0.0,0.4969588497361012,test,3
S04828,73,1,2025-12-08,20,24,0.0034494134374368,0.0,0.4239527462177166,test,3
S04833,73,14,2025-12-08,29,25,0.0032351498965409,0.0,0.4280856320607223,test,3
S05106,73,25,2025-12-08,31,15,0.001412600615436,0.0,0.2354413189094293,test,3
S05119,73,2,2025-12-08,29,16,0.0030766175222942,0.0,0.4294197252681814,test,3
S05121,73,19,2025-12-08,51,14,0.0032764321038577,0.0,0.4863099847909891,test,3
S05310,73,25,2025-12-08,65,23,0.0014025901997865,0.0,0.2190020983201933,test,3
S06043,73,1,2025-12-08,35,15,0.0033931158911836,0.0,0.4222769135394905,test,3
S06081,73,25,2025-12-08,15,25,0.0021699838922066,0.0,0.2506448221366819,test,3
S06638,73,3,2025-12-08,45,15,0.0032077138524786,0.0091018972969013,0.4564316976941159,test,3
S06783,73,1,2025-12-08,47,32,0.0032175389902275,0.0,0.3649136588774911,test,3
S06966,73,2,2025-12-08,55,15,0.0024578445534482,0.0068351853889316,0.3556982464524243,test,3
S06969,73,6,2025-12-08,53,20,0.0030211866034591,0.002299903746483,0.4429046010141217,test,3
S06977,73,14,2025-12-08,33,30,0.0030523814245492,0.0022771737387344,0.4711239119061783,test,3
S07218,73,14,2025-12-08,35,17,0.003061379103643,0.0,0.4535066735168959,test,3
S07275,73,19,2025-12-08,51,26,0.0031372257380176,0.0102801860421136,0.4302217331849702,test,3
S07277,73,2,2025-12-08,22,19,0.00306583475537,0.0014765300059417,0.4205094993313172,test,3
S07290,73,20,2025-12-08,42,16,0.0032280651515364,0.0071150432342667,0.4012389984443061,test,3
S07296,73,20,2025-12-08,58,15,0.0033952394010805,0.0100768727226383,0.4499823964096912,test,3
S07561,73,3,2025-12-08,22,19,0.003449061502559,0.0,0.460295436343661,test,3
S07665,73,14,2025-12-08,20,19,0.0032271442957203,0.0159475815508621,0.4526389403550252,test,3
S07667,73,13,2025-12-08,25,17,0.0032313876978817,0.0120462547980098,0.4427760290819296,test,3
S07668,73,1,2025-12-08,36,19,0.0033464392105956,0.0072474184066512,0.4328719015326106,test,3
S07671,73,2,2025-12-08,18,18,0.0030707500563886,0.0185697205201016,0.4480144507775725,test,3
S07677,73,1,2025-12-08,52,14,0.003420437574116,0.0094254341325882,0.4285560941062307,test,3
S07684,73,24,2025-12-08,28,20,0.0034332315031142,0.0318720236987021,0.4160438974426808,test,3
S07686,73,19,2025-12-08,23,15,0.0031703991788826,0.0117417628322841,0.433085062460303,test,3
S07689,73,5,2025-12-08,19,25,0.003348166680069,0.0,0.483757189060034,test,3
S08054,73,15,2025-12-08,27,29,0.003399525100784,0.0165318317355097,0.4760677850841048,test,3
S08488,73,18,2025-12-08,26,24,0.0022381046803869,0.0,0.4205518132903491,test,3
S08785,73,1,2025-12-08,35,32,0.0031446073232572,0.0,0.29958073208217,test,3
S09170,73,25,2025-12-08,55,25,0.001184447358659,0.0,0.213872916589512,test,3
S09408,73,13,2025-12-08,34,11,0.0032341479186325,0.0,0.4741467635048607,test,3
S09496,73,2,2025-12-08,29,26,0.003030768897678,0.0,0.4310980511279497,test,3
S09500,73,1,2025-12-08,55,20,0.0035514311575772,0.0,0.4874321784859805,test,3
S09536,73,18,2025-12-08,35,19,0.0031843405699762,0.0,0.3250174130239366,test,3
S09636,73,9,2025-12-08,44,12,0.0032334169778047,0.0,0.4839481866526687,test,3
S10285,73,8,2025-12-08,52,25,0.0028461894029225,0.0,0.4440149840277415,test,3
S10455,73,14,2025-12-08,17,21,0.0032265010833257,0.0,0.4053274404203872,test,3
S10487,73,7,2025-12-08,20,22,0.0033498347973512,0.0,0.4661419591048439,test,3
S10488,73,20,2025-12-08,47,12,0.0029368136185481,0.0,0.4961758327690164,test,3
S10690,73,19,2025-12-08,63,24,0.0029940445873623,0.0,0.4436142534606763,test,3
S10745,73,13,2025-12-08,19,19,0.0033667184572636,0.0,0.4594131340587037,test,3
S10746,73,13,2025-12-08,39,15,0.0031682297226055,0.0,0.4417151993592423,test,3
S11233,73,1,2025-12-08,25,14,0.0033885797898744,0.0132601350025817,0.4564039337089203,test,3
S11234,73,14,2025-12-08,53,21,0.0032281454298625,0.0014831791960989,0.4399355600798937,test,3
S11235,73,1,2025-12-08,63,25,0.0034085426415652,0.022297932001402,0.4450597404045937,test,3
S11242,73,19,2025-12-08,29,23,0.0033548062035138,0.006325629937921,0.4635775455588304,test,3
S11245,73,20,2025-12-08,36,30,0.0033333061859679,0.0125929304311018,0.4072310845208767,test,3
S11589,73,7,2025-12-08,24,14,0.0033728957255972,0.0,0.4760086145753235,test,3
S11591,73,7,2025-12-08,21,21,0.003366332916402,0.0,0.5229396337834671,test,3
S11592,73,2,2025-12-08,38,19,0.002824547419925,0.0,0.4287055091056368,test,3
S11911,73,25,2025-12-08,32,27,0.0015542656180983,0.0,0.2166600723272955,test,3
S12286,73,15,2025-12-08,31,16,0.0034021988610727,0.0,0.5000174918149242,test,3
S12383,73,20,2025-12-08,41,29,0.0033222119159245,0.0,0.4437421089804329,test,3
S12392,73,6,2025-12-08,46,13,0.0033018179890861,0.0,0.4680713106552183,test,3
S12735,73,15,2025-12-08,49,26,0.0034935018143246,0.0,0.4723670316348678,test,3
S13048,73,2,2025-12-08,41,18,0.0029882959891972,0.0,0.460716676243648,test,3
S13461,73,1,2025-12-08,42,32,0.0033374890378378,0.0055240635767478,0.4216231790016126,test,3
S13619,73,5,2025-12-08,59,25,0.0031042963925788,0.00377850509566,0.4432003769683693,test,3
S13623,73,5,2025-12-08,43,18,0.0032838570704874,0.0018428702797306,0.43884507577211,test,3
S13628,73,1,2025-12-08,17,18,0.0034669737941058,0.0018386977432482,0.4634951626491554,test,3
S13631,73,13,2025-12-08,52,27,0.0031665041757121,0.0018932251490391,0.4167194155208884,test,3
S13935,73,18,2025-12-08,18,19,0.0034725358887219,0.0157970853265101,0.3981057817647206,test,3
S13940,73,2,2025-12-08,14,19,0.0029906241784632,0.0053147690695411,0.4410658469012487,test,3
S13952,73,20,2025-12-08,32,29,0.0034635037497622,0.0155534866254097,0.4827364428351432,test,3
S14089,73,15,2025-12-08,43,28,0.0034421884623498,0.0092503223919488,0.4789420205508753,test,3
S14357,73,15,2025-12-08,25,13,0.0032871911913708,0.0,0.4731585230464781,test,3
S14383,73,19,2025-12-08,42,19,0.0031302895827407,0.0,0.4649210077931778,test,3
S14385,73,24,2025-12-08,37,15,0.0034230310891023,0.0,0.4204216545343948,test,3
S14387,73,25,2025-12-08,59,17,0.0013164663077142,0.0,0.3376361001819172,test,3
S14630,73,14,2025-12-08,34,11,0.0030990641816998,0.0,0.409931368281734,test,3
S14728,73,15,2025-12-08,61,26,0.0033596777827428,0.0,0.4172348465419031,test,3
S14736,73,9,2025-12-08,23,22,0.0032930392050718,0.0,0.4365881375933921,test,3
S14808,73,5,2025-12-08,24,17,0.0032729573672726,0.0,0.4052887887823113,test,3
S14812,73,20,2025-12-08,31,25,0.0035066807347907,0.0,0.4774602519876641,test,3
S15555,73,6,2025-12-08,37,12,0.003137025995167,0.0131005805639575,0.4764492047629824,test,3
S15560,73,14,2025-12-08,36,15,0.0031485004763587,0.0098479219299549,0.398602890445048,test,3
S15570,73,2,2025-12-08,36,17,0.0029564617585002,0.0050082631303156,0.3773061350359997,test,3
S15571,73,1,2025-12-08,38,25,0.0034036889668808,0.0016920992244261,0.3910780046274371,test,3
S15596,73,18,2025-12-08,43,12,0.0024411461521966,0.0016603859311524,0.3357498963637608,test,3
S15604,73,8,2025-12-08,25,17,0.0030053881131672,0.0066144299712199,0.4766045342791038,test,3
S15781,73,15,2025-12-08,53,27,0.0033897310095143,0.0018972796750574,0.4524201545780522,test,3
S15788,73,3,2025-12-08,37,14,0.0032003825436989,0.0,0.4414020634807098,test,3
S16095,73,25,2025-12-08,56,24,0.0010332713045729,0.0,0.2268464517247558,test,3
S16427,73,14,2025-12-08,36,28,0.0032084794267163,0.0,0.4455555702293603,test,3
S16431,73,5,2025-12-08,24,22,0.0033794829168712,0.0,0.4089787100954392,test,3
S16435,73,17,2025-12-08,28,15,0.0032850382585438,0.0,0.4376806354737043,test,3
S16436,73,20,2025-12-08,23,25,0.0035077839214616,0.0,0.4288268020292154,test,3
S16456,73,25,2025-12-08,47,21,0.0010913623695162,0.0,0.2272658575952299,test,3
S16499,73,17,2025-12-08,49,20,0.0033570985048032,0.0,0.4347373509320419,test,3
S16501,73,18,2025-12-08,25,22,0.0033448393124997,0.0,0.4151320939577682,test,3
S16581,73,25,2025-12-08,36,25,0.0013667409325835,0.0,0.2656003057620864,test,3
S16729,73,7,2025-12-08,57,19,0.0033442732066892,0.0,0.4982004825088555,test,3
S16733,73,19,2025-12-08,50,22,0.0029542544896728,0.0050968085979161,0.4277495634424124,test,3
S17137,73,5,2025-12-08,55,24,0.0032982820505819,0.0,0.4518995116155769,test,3
S17145,73,17,2025-12-08,56,16,0.0032580111947767,0.0,0.4467911660342968,test,3
S17831,73,18,2025-12-08,46,15,0.0026726256424034,0.002139014417904,0.413567078517344,test,3
S17833,73,20,2025-12-08,49,16,0.0033775209071902,0.0149872101972291,0.3986422461729703,test,3
S17836,73,14,2025-12-08,16,21,0.0033122399833221,0.0236599834895121,0.4539654189893379,test,3
S17841,73,1,2025-12-08,30,13,0.0033927498043422,0.0052253854904607,0.4952820679773671,test,3
S17842,73,6,2025-12-08,28,27,0.003259418812728,0.0202276812147899,0.4993250234010857,test,3
S17843,73,14,2025-12-08,34,27,0.0031702312404279,0.0176123857636168,0.4516089272689927,test,3
S17846,73,20,2025-12-08,52,26,0.0033834296790616,0.0202436495593571,0.4189100636514712,test,3
S17848,73,2,2025-12-08,35,28,0.0030805808833942,0.0247641076476851,0.460376813535199,test,3
S17851,73,18,2025-12-08,26,21,0.0028147937320627,0.0250524087257933,0.3853720590458451,test,3
S18040,73,20,2025-12-08,25,16,0.0030694624711895,0.0,0.4157086054363216,test,3
S18041,73,17,2025-12-08,20,24,0.0033574775353337,0.0,0.4260252685829306,test,3
S18044,73,6,2025-12-08,30,26,0.0032774079066337,0.0,0.4728623418244527,test,3
S18046,73,19,2025-12-08,30,25,0.0031593799588924,0.0,0.4690936167213017,test,3
S18047,73,19,2025-12-08,30,22,0.0033328763625469,0.0,0.4699695138157986,test,3
S18051,73,24,2025-12-08,38,14,0.0034143033142265,0.0,0.4031403858137345,test,3
S19091,73,3,2025-12-08,48,20,0.003269544555384,0.0118841883992756,0.4576082504022123,test,3
S19249,73,1,2025-12-08,56,27,0.0034695634505804,0.0017241857818852,0.4555986512799335,test,3
S19257,73,2,2025-12-08,43,22,0.0029485324144568,0.0017178923500214,0.4353830748117673,test,3
S19265,73,24,2025-12-08,34,27,0.0033955784991964,0.0034227589365343,0.3983783017412034,test,3
S19278,73,24,2025-12-08,64,18,0.0034168464381176,0.0068809879824998,0.5172563159350977,test,3
S19280,73,20,2025-12-08,19,17,0.0033763874709037,0.0034760835658882,0.4533743467249843,test,3
S19304,73,3,2025-12-08,37,18,0.0033014813797258,0.0051105398457583,0.4603743308704988,test,3
S19307,73,3,2025-12-08,58,16,0.0033606925407922,0.0034694953175774,0.4128311335773125,test,3
S19308,73,3,2025-12-08,52,13,0.0026285364921538,0.0035091435430346,0.3980345616190637,test,3
S19309,73,9,2025-12-08,33,31,0.0031504377167464,0.0051486584481508,0.4494638481255101,test,3
S20092,73,19,2025-12-08,28,17,0.0032802521393031,0.0,0.4716459137690688,test,3
S20093,73,1,2025-12-08,37,18,0.0034176570164527,0.001958721037925,0.4485213835846408,test,3
S20104,73,5,2025-12-08,62,25,0.0032771710132361,0.0019527873387084,0.4656314061938534,test,3
S20106,73,13,2025-12-08,50,26,0.0032134888246645,0.0038643060965843,0.4156800458578695,test,3
S20116,73,8,2025-12-08,44,25,0.0023567934700209,0.001941140859648,0.4512856821613599,test,3
S20408,73,3,2025-12-08,61,17,0.003270519150574,0.0038012199086024,0.4139704305139826,test,3
S20409,73,3,2025-12-08,53,15,0.0033641968015367,0.0076145826151571,0.4224752131094235,test,3
S21277,73,24,2025-12-08,63,17,0.003382039545947,0.0,0.453334227026238,test,3
S21740,73,25,2025-12-08,40,27,0.001312370076547,0.0,0.2457633157498252,test,3
S22817,73,6,2025-12-08,34,18,0.0031457523216053,0.0081208354166462,0.4546867916626521,test,3
S22818,73,5,2025-12-08,46,20,0.0033334407416398,0.0,0.4342987315772563,test,3
S22824,73,5,2025-12-08,39,24,0.0033055648973167,0.0,0.4585709657246831,test,3
S22828,73,8,2025-12-08,32,16,0.0029113782828812,0.0031770688503421,0.4604077685037755,test,3
S23025,73,13,2025-12-08,30,14,0.0032410673969508,0.0,0.4655190351854314,test,3
S23026,73,19,2025-12-08,46,17,0.0032665688730064,0.0,0.4614341196527807,test,3
S23528,73,20,2025-12-08,29,12,0.0032354703217625,0.0,0.3712835026378231,test,3
S24019,73,1,2025-12-08,32,27,0.0034150459370997,0.0,0.4497083311755256,test,3
S24021,73,2,2025-12-08,15,21,0.0031254105567619,0.0,0.4354683381752096,test,3
S24023,73,13,2025-12-08,28,19,0.0032322368807937,0.0,0.373830511391305,test,3
S24026,73,20,2025-12-08,28,28,0.0034948054957688,0.0,0.4123302493307763,test,3
S24102,73,5,2025-12-08,38,13,0.0032672225137987,0.0,0.4709721865198322,test,3
S24104,73,24,2025-12-08,56,15,0.0033282113214502,0.0,0.4356897420620267,test,3
S24175,73,24,2025-12-08,55,13,0.0033657633111212,0.0,0.4222527232484432,test,3
S24293,73,17,2025-12-08,45,12,0.0033511635510792,0.0,0.4415162869329418,test,3
S24296,73,14,2025-12-08,28,23,0.0031779526870343,0.0,0.4079074841485861,test,3
S24297,73,13,2025-12-08,37,31,0.0031722149917474,0.0,0.4279654196772124,test,3
S24298,73,2,2025-12-08,38,13,0.0030411395867247,0.0,0.4274846096486775,test,3
S24304,73,2,2025-12-08,49,30,0.0028697693452499,0.0,0.4372952464686551,test,3
S24306,73,1,2025-12-08,39,31,0.003376925534311,0.0,0.4568514407604596,test,3
S24459,73,25,2025-12-08,16,24,0.0022790357550784,0.0,0.3310686916603052,test,3
S24805,73,15,2025-12-08,52,13,0.0034136603154736,0.0,0.4844531293699006,test,3
S24810,73,9,2025-12-08,60,27,0.0031641176649634,0.0,0.4566951011230779,test,3
S24843,73,19,2025-12-08,58,22,0.0031559683364805,0.0020963830011599,0.4742856095763346,test,3
S24853,73,5,2025-12-08,41,31,0.0031000207381968,0.0041674003639138,0.4293724096343161,test,3
S24854,73,5,2025-12-08,37,21,0.0032353941135748,0.0020835429452996,0.4290205515618759,test,3
S24859,73,1,2025-12-08,28,19,0.0034683993539001,0.0020437535981577,0.3986288504616633,test,3
S25237,73,3,2025-12-08,52,15,0.0033115536543297,0.0,0.4118481998730853,test,3
S25537,73,13,2025-12-08,40,21,0.0031198434203127,0.0,0.4487516179519559,test,3
S25542,73,1,2025-12-08,55,23,0.0034734493889473,0.0,0.4612075614655215,test,3
S25547,73,24,2025-12-08,44,26,0.003365594341113,0.0,0.4195235289916662,test,3
S25551,73,20,2025-12-08,44,24,0.0033620440955555,0.0,0.4046451289032138,test,3
S26175,73,24,2025-12-08,43,26,0.0034371533676336,0.0,0.429383534573784,test,3
S26178,73,13,2025-12-08,34,29,0.0030963677452832,0.0,0.4525284295196346,test,3
S26363,73,14,2025-12-08,54,23,0.0030235824303043,0.0,0.4270835248051871,test,3
S27032,73,13,2025-12-08,63,22,0.0032439953306515,0.0025044848924633,0.4764451047121198,test,3
S27039,73,24,2025-12-08,65,22,0.0034168504289749,0.0048055539440351,0.4339765202375433,test,3
S27043,73,18,2025-12-08,61,24,0.002984162914379,0.0036856312292358,0.4302799915732263,test,3
S27082,73,9,2025-12-08,45,18,0.0032838878837638,0.0,0.4491110895208053,test,3
S27084,73,3,2025-12-08,54,19,0.0033335660871283,0.0024237813427358,0.445378467808226,test,3
S27246,73,15,2025-12-08,35,11,0.0030300459618556,0.0,0.4516159727915823,test,3
S27381,73,9,2025-12-08,31,21,0.0032372647201753,0.0,0.470302463992945,test,3
S27382,73,3,2025-12-08,58,18,0.0033697493701694,0.0,0.4318201618634734,test,3
S27383,73,15,2025-12-08,28,18,0.0035273563833346,0.0,0.4749516359914573,test,3
S27519,73,17,2025-12-08,56,20,0.003249526925617,0.0,0.4289712436838324,test,3
S27521,73,6,2025-12-08,31,27,0.003191230692914,0.0,0.4389319187963612,test,3
S27755,73,15,2025-12-08,48,24,0.0034624972325489,0.0,0.4703617626382012,test,3
S27757,73,3,2025-12-08,16,25,0.0032963167755098,0.0,0.4357302555912435,test,3
S28092,73,20,2025-12-08,20,27,0.0034704863362629,0.0046902500365688,0.4488651464013255,test,3
S28099,73,20,2025-12-08,43,15,0.0034078267153093,0.0046638420862482,0.4445908009038105,test,3
S28164,73,25,2025-12-08,59,21,0.0011284783214411,0.007145835430116,0.293449061255688,test,3
S28261,73,15,2025-12-08,18,22,0.0035093057879843,0.0,0.4407170863136873,test,3
S28362,73,25,2025-12-08,35,18,0.0012123839228509,0.0,0.220767532441477,test,3
S28734,73,19,2025-12-08,45,31,0.0029006381972682,0.0124059568562256,0.4066505347725971,test,3
S29089,73,13,2025-12-08,57,23,0.0032739464979741,0.0035201291894495,0.4256465120872533,test,3
S29098,73,18,2025-12-08,35,12,0.0026764374376405,0.0,0.3403165915246746,test,3
S29099,73,1,2025-12-08,41,14,0.0034367980671645,0.011280431062267,0.4654985090311783,test,3
S29103,73,7,2025-12-08,49,28,0.0030374207791835,0.0103302063269915,0.4814697160598089,test,3
S29112,73,13,2025-12-08,58,28,0.0032150312741187,0.0059871439034732,0.4144738534146743,test,3
S31642,73,15,2025-12-08,21,15,0.0033788083350953,0.0,0.4865522752119957,test,3
S31697,73,5,2025-12-08,37,27,0.0032890551889306,0.0,0.4142309093635983,test,3
S31703,73,2,2025-12-08,34,25,0.0030333946921609,0.0022104214477593,0.4118362982660922,test,3
S31705,73,1,2025-12-08,40,29,0.0033982137973581,0.0,0.4677598113836247,test,3
S31708,73,1,2025-12-08,43,28,0.0034124056247404,0.004418190142191,0.4318505889870961,test,3
S31712,73,18,2025-12-08,39,23,0.0030257494188871,0.0,0.418777531463522,test,3
S31714,73,24,2025-12-08,30,16,0.0034961300210813,0.0022117789467125,0.4431181996160031,test,3
S31771,73,18,2025-12-08,34,19,0.0032296105694243,0.0,0.3501449836044006,test,3
S31773,73,6,2025-12-08,24,21,0.0032497970587211,0.0,0.4299749887391675,test,3
S32299,73,5,2025-12-08,49,30,0.0030478566100853,0.0,0.456537789596076,test,3
S32300,73,5,2025-12-08,15,18,0.0032973756861341,0.0,0.500106740412381,test,3
S32308,73,18,2025-12-08,56,27,0.0031000379805405,0.0,0.4306567531166651,test,3
S32309,73,20,2025-12-08,15,19,0.0036059667515514,0.0,0.4177729713027325,test,3
S32655,73,9,2025-12-08,41,17,0.0032031539093571,0.0,0.4572670943052143,test,3
S32863,73,25,2025-12-08,28,31,0.0016484127854196,0.0101297298399013,0.4312078224983377,test,3
S32869,73,15,2025-12-08,50,14,0.0034734296046316,0.0,0.4695714775592456,test,3
S33407,73,13,2025-12-08,41,26,0.0031566867794331,0.0054270676363318,0.4464288084819758,test,3
S33409,73,14,2025-12-08,14,23,0.0031442564765724,0.0036155972646588,0.4573021048866006,test,3
S33410,73,17,2025-12-08,43,28,0.003117334322917,0.0018222750205326,0.3955335264874371,test,3
S33422,73,7,2025-12-08,59,18,0.0033338252865184,0.0053999435015971,0.4317107524595315,test,3
S33464,73,3,2025-12-08,53,18,0.0032729312710993,0.0,0.4329789210509794,test,3
S33910,73,19,2025-12-08,27,28,0.0030532249461206,0.0,0.4178021612332586,test,3
S33932,73,15,2025-12-08,43,13,0.0033799507178799,0.0188046176443959,0.4935159189194846,test,3
S33933,73,15,2025-12-08,27,28,0.0034189029628601,0.0,0.4875107484425151,test,3
S33936,73,3,2025-12-08,30,24,0.0033863468576552,0.0129956299906193,0.4727057373458384,test,3
S33939,73,9,2025-12-08,41,13,0.0032820143386839,0.007234036359402,0.4774956349651765,test,3
S34395,73,13,2025-12-08,16,22,0.0032762236202098,0.0,0.4330106590791664,test,3
S34399,73,7,2025-12-08,26,24,0.0033148919393619,0.0,0.4912310614666954,test,3
S34403,73,6,2025-12-08,45,17,0.0032231896789368,0.0,0.4357218617162239,test,3
S34407,73,5,2025-12-08,65,23,0.0033040645570637,0.0,0.4993900889134828,test,3
S34408,73,18,2025-12-08,52,21,0.0033537089266205,0.0,0.3975708039192893,test,3
S34429,73,9,2025-12-08,23,14,0.003191682739847,0.003578886728595,0.4773135885057498,test,3
S34569,73,18,2025-12-08,59,28,0.0032694828671817,0.0,0.4129960790415805,test,3
S34571,73,2,2025-12-08,39,11,0.0024137700987732,0.0,0.2929157975620808,test,3
S35018,73,6,2025-12-08,57,18,0.0031897053085163,0.0,0.4348270505850978,test,3
S35020,73,24,2025-12-08,32,21,0.0033034955699509,0.0,0.4786213928630546,test,3
S35085,73,15,2025-12-08,37,27,0.0034409133913311,0.0,0.4865518847324933,test,3
S35556,73,6,2025-12-08,24,17,0.0032182852287477,0.0182299381801663,0.4755810055335354,test,3
S35730,73,18,2025-12-08,50,28,0.0028871766649163,0.004050975453697,0.4297953232211051,test,3
S35732,73,6,2025-12-08,40,30,0.0031817996170125,0.0,0.4770179944034731,test,3
S35737,73,6,2025-12-08,38,16,0.0033071362371497,0.0019842933400408,0.4566924894959469,test,3
S35882,73,2,2025-12-08,23,13,0.0021528046148037,0.0,0.332214761668427,test,3
S36103,73,20,2025-12-08,15,25,0.0034649900246201,0.0,0.4436294234798445,test,3
S36270,73,3,2025-12-08,19,15,0.0024873513507659,0.0,0.4362100522650906,test,3
S36766,73,17,2025-12-08,58,29,0.0029257815141461,0.0,0.3511689374807773,test,3
S36889,73,11,2025-12-08,31,12,0.0032183266381147,0.0,0.4113089319002762,test,3
S37062,73,2,2025-12-08,25,20,0.0031571616158368,0.0,0.4341745568850316,test,3
S37067,73,24,2025-12-08,27,30,0.0033915983093727,0.0,0.4739704199447659,test,3
S37071,73,20,2025-12-08,45,14,0.0031844123635429,0.0,0.4221181997692247,test,3
S37074,73,24,2025-12-08,50,24,0.0034277687957044,0.0,0.4423021708814041,test,3
S37075,73,24,2025-12-08,27,22,0.0035171943899054,0.0,0.4715490255009055,test,3
S37076,73,24,2025-12-08,21,15,0.0033989533209057,0.0,0.3989422554547514,test,3
S37370,73,7,2025-12-08,36,30,0.0032750487293082,0.0,0.4663656266052138,test,3
S37378,73,8,2025-12-08,20,16,0.002961228577364,0.0,0.5093059499581513,test,3
S37421,73,25,2025-12-08,47,31,0.0016325332155672,0.0,0.3144426669928667,test,3
S37831,73,6,2025-12-08,63,23,0.0032379928132536,0.0,0.469489752613455,test,3
S37836,73,14,2025-12-08,35,18,0.0031181977459488,0.0,0.4471165471078642,test,3
S37841,73,17,2025-12-08,39,30,0.0032386839704385,0.0,0.3835126277656077,test,3
S37944,73,25,2025-12-08,29,16,0.0014867954388556,0.0040555537422071,0.2152911617196545,test,3
S38046,73,5,2025-12-08,37,25,0.0033346396582917,0.0054394965455913,0.4901206535255926,test,3
S38067,73,8,2025-12-08,20,15,0.0030132456118803,0.0096309030459564,0.440971155081917,test,3
S38089,73,24,2025-12-08,57,21,0.0034659350402729,0.0013715604052312,0.4199945113080431,test,3
S38651,73,6,2025-12-08,42,22,0.0032576094941484,0.0,0.4204909097258755,test,3
S39060,73,14,2025-12-08,52,24,0.0031290069274397,0.0,0.4331043548401919,test,3
S39062,73,13,2025-12-08,42,30,0.0031338226928323,0.0,0.4105954603752357,test,3
S39280,73,15,2025-12-08,19,28,0.0033467657038624,0.0,0.4904307997335906,test,3
S39654,73,2,2025-12-08,31,19,0.0030186035073951,0.0,0.3940040189979027,test,3
S39655,73,2,2025-12-08,38,27,0.0030427938455485,0.0,0.4427735978032096,test,3
S39722,73,9,2025-12-08,27,28,0.0032871991698994,0.0,0.4584351468757596,test,3
S39731,73,15,2025-12-08,33,15,0.0033907759976482,0.0,0.4690729088587574,test,3
S40440,73,25,2025-12-08,22,25,0.0021394608691004,0.0066050680939992,0.1888732929448501,test,3
S40702,73,2,2025-12-08,31,12,0.0028419056200751,0.0021094091532228,0.2966091467649718,test,3
S40755,73,18,2025-12-08,35,22,0.0023995773648869,0.0085747682699067,0.4101883438397051,test,3
S40764,73,24,2025-12-08,35,13,0.0034079264334334,0.0,0.356311972989622,test,3
S40867,73,3,2025-12-08,30,27,0.0033672773140485,0.0021631455705568,0.4515389814121378,test,3
S40871,73,15,2025-12-08,40,22,0.0033411830932087,0.0,0.4813671472382137,test,3
S41399,73,5,2025-12-08,30,25,0.0032889972806099,0.0,0.4513753898334139,test,3
S41493,73,8,2025-12-08,48,26,0.0029293303327253,0.002412644782959,0.4710847857131821,test,3
S41498,73,1,2025-12-08,42,22,0.0034772283186548,0.0023977691580308,0.4473418272952938,test,3
S41501,73,14,2025-12-08,23,29,0.0031869193007898,0.0,0.4460914699358754,test,3
S41994,73,6,2025-12-08,41,28,0.0031551649750422,0.0016999473255758,0.4592182189118808,test,3
S42011,73,17,2025-12-08,45,14,0.003398929454656,0.0164389905070618,0.4289046238941185,test,3
S42017,73,24,2025-12-08,44,30,0.0033929276451675,0.0239720445344802,0.4468746283561073,test,3
S42028,73,17,2025-12-08,46,12,0.0032007513315824,0.0078835497652383,0.4297206580828556,test,3
S42029,73,20,2025-12-08,58,21,0.0035207707262445,0.011773752968039,0.4767522617536441,test,3
S42616,73,20,2025-12-08,32,21,0.0033910305291261,0.0,0.4785882206994526,test,3
S42622,73,5,2025-12-08,38,20,0.0033174312118935,0.0,0.4328845335114055,test,3
S42629,73,24,2025-12-08,34,22,0.0034118160924605,0.0025262152010043,0.3792836959003121,test,3
S42631,73,18,2025-12-08,31,13,0.0030320785588836,0.0024830135891286,0.3891783206073183,test,3
S42633,73,24,2025-12-08,52,18,0.0033363000738857,0.0,0.500844548445779,test,3
S42634,73,24,2025-12-08,42,29,0.0034456176667566,0.002490104714665,0.4232753087231513,test,3
S42700,73,19,2025-12-08,59,18,0.0032272973349981,0.0,0.4724530799524957,test,3
S42774,73,9,2025-12-08,41,29,0.0031710409093093,0.0,0.4779465670072588,test,3
S43290,73,1,2025-12-08,20,19,0.0035007544956019,0.0009587468773209,0.4484691970568554,test,3
S43299,73,17,2025-12-08,31,27,0.0033172399620685,0.0198116103211713,0.3698194547047581,test,3
S43313,73,20,2025-12-08,38,25,0.0034303372619551,0.0127774613571281,0.4516091411257458,test,3
S43317,73,24,2025-12-08,47,15,0.0032774524596327,0.0050951783414938,0.4625952818486202,test,3
S43501,73,9,2025-12-08,46,19,0.0032462151504756,0.0048680818386265,0.4845847421056352,test,3
S43511,73,9,2025-12-08,48,29,0.0031714673369808,0.0285807202587395,0.4224676358816792,test,3
S00082,73,8,2025-12-08,51,31,0.0028720299656348,0.0,0.4808547459587844,test,4
S00203,73,9,2025-12-08,37,22,0.003295777522426,0.0,0.435389246851884,test,4
S00972,73,7,2025-12-08,46,17,0.0033280619642632,0.0,0.4695156306782557,test,4
S00974,73,19,2025-12-08,20,27,0.0032256772863833,0.0,0.4274777955073841,test,4
S00978,73,6,2025-12-08,40,18,0.0029474472494921,0.0,0.4247099801168048,test,4
S00981,73,17,2025-12-08,65,22,0.0033715772038207,0.0,0.4279451951149173,test,4
S00983,73,24,2025-12-08,29,25,0.0035069184756958,0.0,0.4353041459199958,test,4
S00986,73,18,2025-12-08,24,22,0.003465453382383,0.0,0.4554336279941148,test,4
S01532,73,19,2025-12-08,55,13,0.0024506886606376,0.0057298827218672,0.4336596295964245,test,4
S01831,73,15,2025-12-08,40,25,0.0034686615494034,0.0059237540152205,0.4710010285615255,test,4
S01833,73,9,2025-12-08,37,16,0.0032554591335585,0.0059645427733923,0.4752977082061365,test,4
S02187,73,25,2025-12-08,36,29,0.0013980972721889,0.0,0.2486938481475705,test,4
S02351,73,25,2025-12-08,16,18,0.0015903620406972,0.0,0.3693505291724672,test,4
S02371,73,6,2025-12-08,49,19,0.0032673409460949,0.0,0.4969588946066863,test,4
S02392,73,15,2025-12-08,59,25,0.0034410862766486,0.0,0.4964775865496538,test,4
S02443,73,25,2025-12-08,49,30,0.0014976056226384,0.0,0.273516697395433,test,4
S02578,73,1,2025-12-08,20,27,0.0033938211430696,0.0,0.422266953192712,test,4
S02579,73,17,2025-12-08,15,24,0.00337571704634,0.0,0.4133874195902687,test,4
S02781,73,2,2025-12-08,21,17,0.0030997192752697,0.0,0.4104761500862455,test,4
S02782,73,2,2025-12-08,33,15,0.003068407974821,0.0,0.4106780865847454,test,4
S02862,73,25,2025-12-08,49,27,0.0010410973822038,0.0,0.2475758672917077,test,4
S02863,73,25,2025-12-08,28,17,0.0013344294031048,0.0,0.2422519415150864,test,4
S02997,73,20,2025-12-08,36,23,0.0033152258392393,0.0,0.4545443006475422,test,4
S03033,73,3,2025-12-08,39,27,0.0033873481494932,0.0172686367505776,0.4076674454986062,test,4
S03047,73,2,2025-12-08,42,29,0.0030547267985297,0.0045379839298758,0.4086972486279884,test,4
S03056,73,18,2025-12-08,61,26,0.0033077708869875,0.0062130630588397,0.3820442700374,test,4
S03326,73,25,2025-12-08,34,28,0.0015058743214877,0.0058160286003498,0.2711192850956643,test,4
S03903,73,14,2025-12-08,32,30,0.0031558380257465,0.0,0.468806682503992,test,4
S04095,73,5,2025-12-08,26,29,0.0032805917015515,0.0,0.4757111794646588,test,4
S04487,73,15,2025-12-08,47,30,0.0033935563644352,0.0,0.4593304211435692,test,4
S04490,73,9,2025-12-08,31,30,0.0031218412567273,0.0,0.4640455394479525,test,4
S04492,73,15,2025-12-08,39,30,0.003416200611363,0.0,0.4209900574946768,test,4
S04526,73,17,2025-12-08,50,27,0.002980768869437,0.0,0.4340126103572725,test,4
S04631,73,15,2025-12-08,35,31,0.0034110133796402,0.0,0.4708266924956472,test,4
S04632,73,9,2025-12-08,34,17,0.0032123086807466,0.0,0.4969588497361012,test,4
S04828,73,1,2025-12-08,19,24,0.0035196987152813,0.0,0.4239527462177166,test,4
S04833,73,14,2025-12-08,31,25,0.0032163269382393,0.0,0.4280856320607223,test,4
S05106,73,25,2025-12-08,34,15,0.0010679471718762,0.0,0.2354413189094293,test,4
S05119,73,2,2025-12-08,27,16,0.0030571658002681,0.0,0.4294197252681814,test,4
S05121,73,19,2025-12-08,50,14,0.0032903881865304,0.0,0.4863099847909891,test,4
S05310,73,25,2025-12-08,63,24,0.0014323211482579,0.0,0.2190020983201933,test,4
S06043,73,1,2025-12-08,37,15,0.0034197489652178,0.0,0.4222769135394905,test,4
S06081,73,25,2025-12-08,18,25,0.0024534918142467,0.0,0.2506448221366819,test,4
S06638,73,3,2025-12-08,47,15,0.0030654529387278,0.0091018972969013,0.4564316976941159,test,4
S06783,73,1,2025-12-08,46,32,0.0032956206331908,0.0,0.3649136588774911,test,4
S06966,73,2,2025-12-08,57,15,0.0031605777253253,0.0068351853889316,0.3556982464524243,test,4
S06969,73,6,2025-12-08,51,20,0.0032902231480264,0.002299903746483,0.4429046010141217,test,4
S06977,73,14,2025-12-08,31,30,0.0031048534257598,0.0022771737387344,0.4711239119061783,test,4
S07218,73,14,2025-12-08,37,17,0.0030237979824846,0.0,0.4535066735168959,test,4
S07275,73,19,2025-12-08,45,26,0.0030545358784271,0.0102801860421136,0.4302217331849702,test,4
S07277,73,2,2025-12-08,24,19,0.0031263528134224,0.0014765300059417,0.4205094993313172,test,4
S07290,73,20,2025-12-08,40,16,0.0029933815102343,0.0071150432342667,0.4012389984443061,test,4
S07296,73,20,2025-12-08,60,16,0.003256343851889,0.0100768727226383,0.4499823964096912,test,4
S07561,73,3,2025-12-08,24,19,0.0034034417122714,0.0,0.460295436343661,test,4
S07665,73,14,2025-12-08,22,19,0.0032173800692468,0.0159475815508621,0.4526389403550252,test,4
S07667,73,13,2025-12-08,27,17,0.0032301377935051,0.0120462547980098,0.4427760290819296,test,4
S07668,73,1,2025-12-08,37,19,0.0034426837766621,0.0072474184066512,0.4328719015326106,test,4
S07671,73,2,2025-12-08,17,18,0.0031441600361226,0.0185697205201016,0.4480144507775725,test,4
S07677,73,1,2025-12-08,47,14,0.0034098249349161,0.0094254341325882,0.4285560941062307,test,4
S07684,73,24,2025-12-08,26,20,0.0034908690445118,0.0318720236987021,0.4160438974426808,test,4
S07686,73,19,2025-12-08,25,15,0.003115836607543,0.0117417628322841,0.433085062460303,test,4
S07689,73,5,2025-12-08,21,25,0.0033533648807263,0.0,0.483757189060034,test,4
S08054,73,15,2025-12-08,29,29,0.0033991185798728,0.0165318317355097,0.4760677850841048,test,4
S08488,73,18,2025-12-08,24,24,0.0033265589108807,0.0,0.4205518132903491,test,4
S08785,73,1,2025-12-08,34,11,0.0030793551267007,0.0,0.29958073208217,test,4
S09170,73,25,2025-12-08,56,25,0.0010759727388334,0.0,0.213872916589512,test,4
S09408,73,13,2025-12-08,40,11,0.0032690541933239,0.0,0.4741467635048607,test,4
S09496,73,2,2025-12-08,27,26,0.0030277449546391,0.0,0.4310980511279497,test,4
S09500,73,1,2025-12-08,53,20,0.0034822861595761,0.0,0.4874321784859805,test,4
S09536,73,18,2025-12-08,37,19,0.00300418536721,0.0,0.3250174130239366,test,4
S09636,73,9,2025-12-08,42,12,0.0032577688014564,0.0,0.4839481866526687,test,4
S10285,73,8,2025-12-08,53,25,0.0029483568325005,0.0,0.4440149840277415,test,4
S10455,73,14,2025-12-08,19,21,0.0032720668999906,0.0,0.4053274404203872,test,4
S10487,73,7,2025-12-08,18,22,0.0033372541513067,0.0,0.4661419591048439,test,4
S10488,73,20,2025-12-08,46,12,0.0028192607443757,0.0,0.4961758327690164,test,4
S10690,73,19,2025-12-08,61,24,0.0030763808860502,0.0,0.4436142534606763,test,4
S10745,73,13,2025-12-08,22,19,0.0033451149712376,0.0,0.4594131340587037,test,4
S10746,73,13,2025-12-08,41,15,0.0031812166328064,0.0,0.4417151993592423,test,4
S11233,73,1,2025-12-08,23,14,0.0033618370305142,0.0132601350025817,0.4564039337089203,test,4
S11234,73,14,2025-12-08,55,21,0.003189316972101,0.0014831791960989,0.4399355600798937,test,4
S11235,73,1,2025-12-08,64,25,0.0033939542556,0.022297932001402,0.4450597404045937,test,4
S11242,73,19,2025-12-08,31,23,0.0033788277056297,0.006325629937921,0.4635775455588304,test,4
S11245,73,20,2025-12-08,34,30,0.003130843387624,0.0125929304311018,0.4072310845208767,test,4
S11589,73,7,2025-12-08,24,15,0.0031749574701595,0.0,0.4760086145753235,test,4
S11591,73,7,2025-12-08,23,21,0.0033464616153943,0.0,0.5229396337834671,test,4
S11592,73,2,2025-12-08,40,19,0.0029452147959022,0.0,0.4287055091056368,test,4
S11911,73,25,2025-12-08,33,27,0.001523704086449,0.0,0.2166600723272955,test,4
S12286,73,15,2025-12-08,29,16,0.0033897169228064,0.0,0.5000174918149242,test,4
S12383,73,20,2025-12-08,43,29,0.0034141493873304,0.0,0.4437421089804329,test,4
S12392,73,6,2025-12-08,48,13,0.0032573968755015,0.0,0.4680713106552183,test,4
S12735,73,15,2025-12-08,47,26,0.0034402911481042,0.0,0.4723670316348678,test,4
S13048,73,2,2025-12-08,39,18,0.0030478619576324,0.0,0.460716676243648,test,4
S13461,73,1,2025-12-08,40,32,0.0033086009171936,0.0055240635767478,0.4216231790016126,test,4
S13619,73,5,2025-12-08,60,25,0.0033676634490739,0.00377850509566,0.4432003769683693,test,4
S13623,73,5,2025-12-08,41,18,0.0033032325972118,0.0018428702797306,0.43884507577211,test,4
S13628,73,1,2025-12-08,15,18,0.0032527667210755,0.0018386977432482,0.4634951626491554,test,4
S13631,73,13,2025-12-08,54,27,0.0032322689424409,0.0018932251490391,0.4167194155208884,test,4
S13935,73,18,2025-12-08,20,19,0.0032266264176751,0.0157970853265101,0.3981057817647206,test,4
S13940,73,2,2025-12-08,16,19,0.0031686922429894,0.0053147690695411,0.4410658469012487,test,4
S13952,73,20,2025-12-08,35,29,0.0034525637742806,0.0155534866254097,0.4827364428351432,test,4
S14089,73,15,2025-12-08,41,28,0.0033842364789753,0.0092503223919488,0.4789420205508753,test,4
S14357,73,15,2025-12-08,26,13,0.0034143616525635,0.0,0.4731585230464781,test,4
S14383,73,19,2025-12-08,44,19,0.0031803359190948,0.0,0.4649210077931778,test,4
S14385,73,24,2025-12-08,39,15,0.0034569989158349,0.0,0.4204216545343948,test,4
S14387,73,25,2025-12-08,60,17,0.0013464739058637,0.0,0.3376361001819172,test,4
S14630,73,14,2025-12-08,30,12,0.0033282894629805,0.0,0.409931368281734,test,4
S14728,73,15,2025-12-08,59,26,0.003492573788286,0.0,0.4172348465419031,test,4
S14736,73,9,2025-12-08,21,22,0.0033440115604429,0.0,0.4365881375933921,test,4
S14808,73,5,2025-12-08,26,17,0.0033588154508673,0.0,0.4052887887823113,test,4
S14812,73,20,2025-12-08,33,25,0.0034277053031722,0.0,0.4774602519876641,test,4
S15555,73,6,2025-12-08,35,12,0.0032616528750876,0.0131005805639575,0.4764492047629824,test,4
S15560,73,14,2025-12-08,38,15,0.0032056930338573,0.0098479219299549,0.398602890445048,test,4
S15570,73,2,2025-12-08,38,17,0.0030549858708808,0.0050082631303156,0.3773061350359997,test,4
S15571,73,1,2025-12-08,39,25,0.0034265238262425,0.0016920992244261,0.3910780046274371,test,4
S15596,73,18,2025-12-08,41,12,0.0022411465827951,0.0016603859311524,0.3357498963637608,test,4
S15604,73,8,2025-12-08,27,17,0.0029333304950682,0.0066144299712199,0.4766045342791038,test,4
S15781,73,15,2025-12-08,55,27,0.0034237350624795,0.0018972796750574,0.4524201545780522,test,4
S15788,73,3,2025-12-08,36,14,0.0033507441625803,0.0,0.4414020634807098,test,4
S16095,73,25,2025-12-08,54,24,0.0010801610557488,0.0,0.2268464517247558,test,4
S16427,73,14,2025-12-08,34,28,0.0030884900067214,0.0,0.4455555702293603,test,4
S16431,73,5,2025-12-08,22,22,0.0033292159367308,0.0,0.4089787100954392,test,4
S16435,73,17,2025-12-08,30,15,0.0033146577769246,0.0,0.4376806354737043,test,4
S16436,73,20,2025-12-08,25,25,0.0033663859576968,0.0,0.4288268020292154,test,4
S16456,73,25,2025-12-08,52,21,0.0009908214671384,0.0,0.2272658575952299,test,4
S16499,73,17,2025-12-08,48,20,0.0033486137403758,0.0,0.4347373509320419,test,4
S16501,73,18,2025-12-08,23,22,0.0019967175125036,0.0,0.4151320939577682,test,4
S16581,73,25,2025-12-08,40,25,0.001383840761778,0.0,0.2656003057620864,test,4
S16729,73,7,2025-12-08,58,19,0.0032454237296138,0.0,0.4982004825088555,test,4
S16733,73,19,2025-12-08,33,22,0.003277367312898,0.0050968085979161,0.4277495634424124,test,4
S17137,73,5,2025-12-08,53,24,0.0032332168267364,0.0,0.4518995116155769,test,4
S17145,73,17,2025-12-08,54,16,0.0032111088160604,0.0,0.4467911660342968,test,4
S17831,73,18,2025-12-08,48,15,0.0031674884305716,0.002139014417904,0.413567078517344,test,4
S17833,73,20,2025-12-08,47,16,0.0033355697190605,0.0149872101972291,0.3986422461729703,test,4
S17836,73,14,2025-12-08,18,21,0.0032854504660286,0.0236599834895121,0.4539654189893379,test,4
S17841,73,1,2025-12-08,32,13,0.0034620668800267,0.0052253854904607,0.4952820679773671,test,4
S17842,73,6,2025-12-08,30,27,0.0032033410093376,0.0202276812147899,0.4993250234010857,test,4
S17843,73,14,2025-12-08,36,27,0.0031896004599446,0.0176123857636168,0.4516089272689927,test,4
S17846,73,20,2025-12-08,50,26,0.0033421280630785,0.0202436495593571,0.4189100636514712,test,4
S17848,73,2,2025-12-08,33,28,0.0030901787656338,0.0247641076476851,0.460376813535199,test,4
S17851,73,18,2025-12-08,28,21,0.0035062350731986,0.0250524087257933,0.3853720590458451,test,4
S18040,73,20,2025-12-08,23,16,0.0034914304758427,0.0,0.4157086054363216,test,4
S18041,73,17,2025-12-08,18,24,0.0033713269631177,0.0,0.4260252685829306,test,4
S18044,73,6,2025-12-08,28,26,0.0031915108350944,0.0,0.4728623418244527,test,4
S18046,73,19,2025-12-08,32,25,0.0031939193915256,0.0,0.4690936167213017,test,4
S18047,73,19,2025-12-08,28,22,0.0033163897765271,0.0,0.4699695138157986,test,4
S18051,73,24,2025-12-08,36,14,0.0034223174036302,0.0,0.4031403858137345,test,4
S19091,73,3,2025-12-08,45,20,0.00327401949998,0.0118841883992756,0.4576082504022123,test,4
S19249,73,1,2025-12-08,57,27,0.0034386995211786,0.0017241857818852,0.4555986512799335,test,4
S19257,73,2,2025-12-08,41,22,0.0029777883079322,0.0017178923500214,0.4353830748117673,test,4
S19265,73,24,2025-12-08,37,27,0.0034473285782497,0.0034227589365343,0.3983783017412034,test,4
S19278,73,24,2025-12-08,63,18,0.0034238911744847,0.0068809879824998,0.5172563159350977,test,4
S19280,73,20,2025-12-08,21,17,0.0033886002240393,0.0034760835658882,0.4533743467249843,test,4
S19304,73,3,2025-12-08,35,18,0.0033097390229149,0.0051105398457583,0.4603743308704988,test,4
S19307,73,3,2025-12-08,55,16,0.0033419683597014,0.0034694953175774,0.4128311335773125,test,4
S19308,73,3,2025-12-08,55,14,0.0031943164439957,0.0035091435430346,0.3980345616190637,test,4
S19309,73,9,2025-12-08,35,31,0.0030064809710282,0.0051486584481508,0.4494638481255101,test,4
S20092,73,19,2025-12-08,30,17,0.0033009559343917,0.0,0.4716459137690688,test,4
S20093,73,1,2025-12-08,35,18,0.0034285799570339,0.001958721037925,0.4485213835846408,test,4
S20104,73,5,2025-12-08,64,25,0.0033196441946491,0.0019527873387084,0.4656314061938534,test,4
S20106,73,13,2025-12-08,48,26,0.0030854851291397,0.0038643060965843,0.4156800458578695,test,4
S20116,73,8,2025-12-08,46,25,0.0027567311221251,0.001941140859648,0.4512856821613599,test,4
S20408,73,3,2025-12-08,64,18,0.0032925971445896,0.0038012199086024,0.4139704305139826,test,4
S20409,73,3,2025-12-08,55,15,0.0032951705863907,0.0076145826151571,0.4224752131094235,test,4
S21277,73,24,2025-12-08,63,26,0.003246820088744,0.0,0.453334227026238,test,4
S21740,73,25,2025-12-08,41,27,0.0012053592258191,0.0,0.2457633157498252,test,4
S22817,73,6,2025-12-08,32,18,0.0033051655547007,0.0081208354166462,0.4546867916626521,test,4
S22818,73,5,2025-12-08,44,20,0.0033831988887645,0.0,0.4342987315772563,test,4
S22824,73,5,2025-12-08,37,24,0.0033100858620993,0.0,0.4585709657246831,test,4
S22828,73,8,2025-12-08,29,16,0.0028224638921835,0.0031770688503421,0.4604077685037755,test,4
S23025,73,13,2025-12-08,28,14,0.0032449690241011,0.0,0.4655190351854314,test,4
S23026,73,19,2025-12-08,49,17,0.0032311570420998,0.0,0.4614341196527807,test,4
S23528,73,20,2025-12-08,26,13,0.0033990329209919,0.0,0.3712835026378231,test,4
S24019,73,1,2025-12-08,33,27,0.0033760852315682,0.0,0.4497083311755256,test,4
S24021,73,2,2025-12-08,18,21,0.0031217371875021,0.0,0.4354683381752096,test,4
S24023,73,13,2025-12-08,30,19,0.0032374350363239,0.0,0.373830511391305,test,4
S24026,73,20,2025-12-08,26,28,0.0035058073540481,0.0,0.4123302493307763,test,4
S24102,73,5,2025-12-08,40,13,0.0033282225712061,0.0,0.4709721865198322,test,4
S24104,73,24,2025-12-08,58,15,0.0033991172946003,0.0,0.4356897420620267,test,4
S24175,73,24,2025-12-08,57,14,0.0033949553833904,0.0,0.4222527232484432,test,4
S24293,73,17,2025-12-08,43,12,0.0032757139189716,0.0,0.4415162869329418,test,4
S24296,73,14,2025-12-08,30,23,0.0031096143177357,0.0,0.4079074841485861,test,4
S24297,73,13,2025-12-08,39,31,0.0031971555281613,0.0,0.4279654196772124,test,4
S24298,73,2,2025-12-08,41,13,0.0029456060315769,0.0,0.4274846096486775,test,4
S24304,73,2,2025-12-08,48,30,0.0031557986987753,0.0,0.4372952464686551,test,4
S24306,73,1,2025-12-08,41,31,0.0033771899337957,0.0,0.4568514407604596,test,4
S24459,73,25,2025-12-08,14,24,0.0020142485343608,0.0,0.3310686916603052,test,4
S24805,73,15,2025-12-08,53,14,0.0033593032630577,0.0,0.4844531293699006,test,4
S24810,73,9,2025-12-08,58,28,0.0031998265580178,0.0,0.4566951011230779,test,4
S24843,73,19,2025-12-08,56,22,0.0032237975515439,0.0020963830011599,0.4742856095763346,test,4
S24853,73,5,2025-12-08,42,31,0.0032260755321203,0.0041674003639138,0.4293724096343161,test,4
S24854,73,5,2025-12-08,41,21,0.0033807886974285,0.0020835429452996,0.4290205515618759,test,4
S24859,73,1,2025-12-08,30,19,0.003486789783286,0.0020437535981577,0.3986288504616633,test,4
S25237,73,3,2025-12-08,54,15,0.0033256725688556,0.0,0.4118481998730853,test,4
S25537,73,13,2025-12-08,42,21,0.003271975988044,0.0,0.4487516179519559,test,4
S25542,73,1,2025-12-08,57,23,0.0034172954007867,0.0,0.4612075614655215,test,4
S25547,73,24,2025-12-08,42,26,0.0034472920635571,0.0,0.4195235289916662,test,4
S25551,73,20,2025-12-08,42,24,0.0033816982769503,0.0,0.4046451289032138,test,4
S26175,73,24,2025-12-08,41,26,0.0034608861509615,0.0,0.429383534573784,test,4
S26178,73,13,2025-12-08,41,29,0.0031580536658346,0.0,0.4525284295196346,test,4
S26363,73,14,2025-12-08,56,23,0.0031938298505089,0.0,0.4270835248051871,test,4
S27032,73,13,2025-12-08,60,22,0.0032598233615291,0.0025044848924633,0.4764451047121198,test,4
S27039,73,24,2025-12-08,62,22,0.003466889206879,0.0048055539440351,0.4339765202375433,test,4
S27043,73,18,2025-12-08,59,24,0.0034483813962285,0.0036856312292358,0.4302799915732263,test,4
S27082,73,9,2025-12-08,43,18,0.0032546973218805,0.0,0.4491110895208053,test,4
S27084,73,3,2025-12-08,56,19,0.003391067518579,0.0024237813427358,0.445378467808226,test,4
S27246,73,15,2025-12-08,36,11,0.0024557830490708,0.0,0.4516159727915823,test,4
S27381,73,9,2025-12-08,33,21,0.003182321179161,0.0,0.470302463992945,test,4
S27382,73,3,2025-12-08,57,18,0.0033618822348227,0.0,0.4318201618634734,test,4
S27383,73,15,2025-12-08,26,18,0.0035167507590944,0.0,0.4749516359914573,test,4
S27519,73,17,2025-12-08,54,20,0.0033022283513063,0.0,0.4289712436838324,test,4
S27521,73,6,2025-12-08,33,27,0.0031911988441806,0.0,0.4389319187963612,test,4
S27755,73,15,2025-12-08,46,24,0.0033667130375721,0.0,0.4703617626382012,test,4
S27757,73,3,2025-12-08,18,25,0.0031648978280558,0.0,0.4357302555912435,test,4
S28092,73,20,2025-12-08,22,27,0.0035565093381176,0.0046902500365688,0.4488651464013255,test,4
S28099,73,20,2025-12-08,45,15,0.0033983807724215,0.0046638420862482,0.4445908009038105,test,4
S28164,73,25,2025-12-08,61,21,0.001231696733055,0.007145835430116,0.293449061255688,test,4
S28261,73,15,2025-12-08,16,22,0.003502795823184,0.0,0.4407170863136873,test,4
S28362,73,25,2025-12-08,32,18,0.0012036955190242,0.0,0.220767532441477,test,4
S28734,73,19,2025-12-08,47,31,0.0029688162629741,0.0124059568562256,0.4066505347725971,test,4
S29089,73,13,2025-12-08,59,23,0.0031112884353684,0.0035201291894495,0.4256465120872533,test,4
S29098,73,18,2025-12-08,33,12,0.0027700644709927,0.0,0.3403165915246746,test,4
S29099,73,1,2025-12-08,39,14,0.0034163271009432,0.011280431062267,0.4654985090311783,test,4
S29103,73,7,2025-12-08,47,28,0.0031896487575193,0.0103302063269915,0.4814697160598089,test,4
S29112,73,13,2025-12-08,56,28,0.0032216207003161,0.0059871439034732,0.4144738534146743,test,4
S31642,73,15,2025-12-08,23,15,0.0034212576961371,0.0,0.4865522752119957,test,4
S31697,73,5,2025-12-08,40,27,0.00332138098255,0.0,0.4142309093635983,test,4
S31703,73,2,2025-12-08,36,25,0.0029899333693698,0.0022104214477593,0.4118362982660922,test,4
S31705,73,1,2025-12-08,41,29,0.0034567901404862,0.0,0.4677598113836247,test,4
S31708,73,1,2025-12-08,42,28,0.0034167240432297,0.004418190142191,0.4318505889870961,test,4
S31712,73,18,2025-12-08,41,23,0.0029228232907109,0.0,0.418777531463522,test,4
S31714,73,24,2025-12-08,28,16,0.0034539911914911,0.0022117789467125,0.4431181996160031,test,4
S31771,73,18,2025-12-08,36,19,0.0032101730107279,0.0,0.3501449836044006,test,4
S31773,73,6,2025-12-08,26,21,0.0032066177786471,0.0,0.4299749887391675,test,4
S32299,73,5,2025-12-08,47,30,0.0031650115669021,0.0,0.456537789596076,test,4
S32300,73,5,2025-12-08,15,19,0.0033009004502271,0.0,0.500106740412381,test,4
S32308,73,18,2025-12-08,57,27,0.0030886138726961,0.0,0.4306567531166651,test,4
S32309,73,20,2025-12-08,17,19,0.0035218727789605,0.0,0.4177729713027325,test,4
S32655,73,9,2025-12-08,43,17,0.0033117235939847,0.0,0.4572670943052143,test,4
S32863,73,25,2025-12-08,29,31,0.0014732816774493,0.0101297298399013,0.4312078224983377,test,4
S32869,73,15,2025-12-08,49,14,0.0033871359229093,0.0,0.4695714775592456,test,4
S33407,73,13,2025-12-08,39,26,0.0025638570021703,0.0054270676363318,0.4464288084819758,test,4
S33409,73,14,2025-12-08,18,23,0.0032866946965492,0.0036155972646588,0.4573021048866006,test,4
S33410,73,17,2025-12-08,41,28,0.003046554197484,0.0018222750205326,0.3955335264874371,test,4
S33422,73,7,2025-12-08,57,18,0.0033019237446035,0.0053999435015971,0.4317107524595315,test,4
S33464,73,3,2025-12-08,51,18,0.0033213540332728,0.0,0.4329789210509794,test,4
S33910,73,19,2025-12-08,25,28,0.0030638687687315,0.0,0.4178021612332586,test,4
S33932,73,15,2025-12-08,44,13,0.0033772376180828,0.0188046176443959,0.4935159189194846,test,4
S33933,73,15,2025-12-08,25,28,0.0034738340604412,0.0,0.4875107484425151,test,4
S33936,73,3,2025-12-08,28,24,0.0034266955622492,0.0129956299906193,0.4727057373458384,test,4
S33939,73,9,2025-12-08,43,13,0.0032704684678339,0.007234036359402,0.4774956349651765,test,4
S34395,73,13,2025-12-08,14,22,0.0032824184309173,0.0,0.4330106590791664,test,4
S34399,73,7,2025-12-08,24,24,0.0033246150476422,0.0,0.4912310614666954,test,4
S34403,73,6,2025-12-08,48,17,0.0032503183239642,0.0,0.4357218617162239,test,4
S34407,73,5,2025-12-08,62,24,0.0032583311281517,0.0,0.4993900889134828,test,4
S34408,73,18,2025-12-08,55,21,0.0025398332240505,0.0,0.3975708039192893,test,4
S34429,73,9,2025-12-08,21,15,0.0031094658580545,0.003578886728595,0.4773135885057498,test,4
S34569,73,18,2025-12-08,57,29,0.003242024480844,0.0,0.4129960790415805,test,4
S34571,73,2,2025-12-08,41,11,0.0014750358629322,0.0,0.2929157975620808,test,4
S35018,73,6,2025-12-08,55,18,0.0032107908873202,0.0,0.4348270505850978,test,4
S35020,73,24,2025-12-08,34,21,0.0032634897593872,0.0,0.4786213928630546,test,4
S35085,73,15,2025-12-08,39,27,0.0033932437761436,0.0,0.4865518847324933,test,4
S35556,73,6,2025-12-08,27,17,0.00323736716787,0.0182299381801663,0.4755810055335354,test,4
S35730,73,18,2025-12-08,47,28,0.0031443816080267,0.004050975453697,0.4297953232211051,test,4
S35732,73,6,2025-12-08,39,30,0.0032008360745848,0.0,0.4770179944034731,test,4
S35737,73,6,2025-12-08,36,16,0.0032719740238951,0.0019842933400408,0.4566924894959469,test,4
S35882,73,2,2025-12-08,22,14,0.0028728351749796,0.0,0.332214761668427,test,4
S36103,73,20,2025-12-08,17,25,0.0034827152193073,0.0,0.4436294234798445,test,4
S36270,73,3,2025-12-08,16,17,0.0024447778114226,0.0,0.4362100522650906,test,4
S36766,73,17,2025-12-08,54,30,0.0029307274417363,0.0,0.3511689374807773,test,4
S36889,73,11,2025-12-08,23,13,0.0031640320561512,0.0,0.4113089319002762,test,4
S37062,73,2,2025-12-08,23,20,0.0031112430258923,0.0,0.4341745568850316,test,4
S37067,73,24,2025-12-08,33,31,0.0034181212221869,0.0,0.4739704199447659,test,4
S37071,73,20,2025-12-08,43,14,0.0031376647838426,0.0,0.4221181997692247,test,4
S37074,73,24,2025-12-08,49,24,0.0033078496346552,0.0,0.4423021708814041,test,4
S37075,73,24,2025-12-08,25,22,0.0035461310932921,0.0,0.4715490255009055,test,4
S37076,73,24,2025-12-08,24,15,0.003521444489496,0.0,0.3989422554547514,test,4
S37370,73,7,2025-12-08,34,30,0.0033233728141913,0.0,0.4663656266052138,test,4
S37378,73,8,2025-12-08,18,16,0.0029518642528318,0.0,0.5093059499581513,test,4
S37421,73,25,2025-12-08,48,31,0.0015001741887497,0.0,0.3144426669928667,test,4
S37831,73,6,2025-12-08,61,24,0.0031564331581205,0.0,0.469489752613455,test,4
S37836,73,14,2025-12-08,33,18,0.0029939139789418,0.0,0.4471165471078642,test,4
S37841,73,17,2025-12-08,37,30,0.003147158706153,0.0,0.3835126277656077,test,4
S37944,73,25,2025-12-08,27,16,0.0013235454252037,0.0040555537422071,0.2152911617196545,test,4
S38046,73,5,2025-12-08,41,25,0.0032648127479849,0.0054394965455913,0.4901206535255926,test,4
S38067,73,8,2025-12-08,23,15,0.0030633420322934,0.0096309030459564,0.440971155081917,test,4
S38089,73,24,2025-12-08,59,21,0.0035144035671762,0.0013715604052312,0.4199945113080431,test,4
S38651,73,6,2025-12-08,40,22,0.0031121465848456,0.0,0.4204909097258755,test,4
S39060,73,14,2025-12-08,50,24,0.0030944540461894,0.0,0.4331043548401919,test,4
S39062,73,13,2025-12-08,40,30,0.0031814667268164,0.0,0.4105954603752357,test,4
S39280,73,15,2025-12-08,18,28,0.0032934121399052,0.0,0.4904307997335906,test,4
S39654,73,2,2025-12-08,33,19,0.0031146832077766,0.0,0.3940040189979027,test,4
S39655,73,2,2025-12-08,40,27,0.0030168266844241,0.0,0.4427735978032096,test,4
S39722,73,9,2025-12-08,24,28,0.0031581824165619,0.0,0.4584351468757596,test,4
S39731,73,15,2025-12-08,35,15,0.0034147769608256,0.0,0.4690729088587574,test,4
S40440,73,25,2025-12-08,23,25,0.001993411002835,0.0066050680939992,0.1888732929448501,test,4
S40702,73,2,2025-12-08,29,12,0.0027588418499464,0.0021094091532228,0.2966091467649718,test,4
S40755,73,18,2025-12-08,33,22,0.0019346657026881,0.0085747682699067,0.4101883438397051,test,4
S40764,73,24,2025-12-08,36,13,0.003425355643561,0.0,0.356311972989622,test,4
S40867,73,3,2025-12-08,32,27,0.0033997928345085,0.0021631455705568,0.4515389814121378,test,4
S40871,73,15,2025-12-08,38,22,0.0033330948377628,0.0,0.4813671472382137,test,4
S41399,73,5,2025-12-08,32,25,0.0033221547382747,0.0,0.4513753898334139,test,4
S41493,73,8,2025-12-08,46,26,0.0020939284715138,0.002412644782959,0.4710847857131821,test,4
S41498,73,1,2025-12-08,40,22,0.0035172627905445,0.0023977691580308,0.4473418272952938,test,4
S41501,73,14,2025-12-08,25,29,0.0032974158661362,0.0,0.4460914699358754,test,4
S41994,73,6,2025-12-08,38,28,0.0031595894697527,0.0016999473255758,0.4592182189118808,test,4
S42011,73,17,2025-12-08,43,14,0.0033251442069068,0.0164389905070618,0.4289046238941185,test,4
S42017,73,24,2025-12-08,42,30,0.0034178450110592,0.0239720445344802,0.4468746283561073,test,4
S42028,73,17,2025-12-08,44,12,0.0033313196054459,0.0078835497652383,0.4297206580828556,test,4
S42029,73,20,2025-12-08,60,21,0.0034491292496924,0.011773752968039,0.4767522617536441,test,4
S42616,73,20,2025-12-08,34,21,0.0034102672461845,0.0,0.4785882206994526,test,4
S42622,73,5,2025-12-08,36,20,0.0032706158585636,0.0,0.4328845335114055,test,4
S42629,73,24,2025-12-08,32,22,0.0034269817020333,0.0025262152010043,0.3792836959003121,test,4
S42631,73,18,2025-12-08,32,13,0.0028062932467305,0.0024830135891286,0.3891783206073183,test,4
S42633,73,24,2025-12-08,50,18,0.0032272193615649,0.0,0.500844548445779,test,4
S42634,73,24,2025-12-08,45,29,0.0034438323620261,0.002490104714665,0.4232753087231513,test,4
S42700,73,19,2025-12-08,57,18,0.0031916470910339,0.0,0.4724530799524957,test,4
S42774,73,9,2025-12-08,43,29,0.0031535901341617,0.0,0.4779465670072588,test,4
S43290,73,1,2025-12-08,22,19,0.0034560692813538,0.0009587468773209,0.4484691970568554,test,4
S43299,73,17,2025-12-08,33,27,0.0031780760336803,0.0198116103211713,0.3698194547047581,test,4
S43313,73,20,2025-12-08,40,25,0.0034599013210294,0.0127774613571281,0.4516091411257458,test,4
S43317,73,24,2025-12-08,50,15,0.0034476558168166,0.0050951783414938,0.4625952818486202,test,4
S43501,73,9,2025-12-08,48,19,0.003310798063783,0.0048680818386265,0.4845847421056352,test,4
S43511,73,9,2025-12-08,51,29,0.003191597606829,0.0285807202587395,0.4224676358816792,test,4
