ufs_serial,run_id,wafer_no,date,die_x,die_y,health,split,position,pred
S00017,3,3,2025-10-04,19,16,0.0,train,1,0.0021813757246825
S00214,3,16,2025-10-04,54,27,0.0,train,1,0.0022995737262504
S00216,3,14,2025-10-04,39,30,0.0,train,1,0.0027210002676334
S00217,3,22,2025-10-04,35,18,0.0,train,1,0.0027835611501506
S00408,3,8,2025-10-04,57,23,0.0022408584697236,train,1,0.0024981676427744
S00409,3,6,2025-10-04,19,25,0.002175502182068,train,1,0.0023843393574908
S00410,3,3,2025-10-04,21,17,0.0,train,1,0.0023365902834263
S00632,3,22,2025-10-04,58,14,0.0,train,1,0.0012875277167682
S00636,3,6,2025-10-04,52,17,0.0,train,1,0.0024065768384929
S00637,3,8,2025-10-04,48,20,0.0,train,1,0.0011505980755605
S00791,3,18,2025-10-04,51,19,0.0,train,1,0.0030142048587069
S00792,3,21,2025-10-04,56,28,0.0,train,1,0.0030826949582316
S00793,3,21,2025-10-04,32,14,0.0,train,1,0.0027713226820097
S00794,3,15,2025-10-04,61,20,0.0,train,1,0.0028374600243198
S00795,3,2,2025-10-04,48,19,0.0,train,1,0.0030922428656171
S01317,3,18,2025-10-04,23,14,0.0,train,1,0.0029949739093873
S01887,3,24,2025-10-04,52,30,0.0,train,1,0.0027733537381295
S01891,3,21,2025-10-04,31,18,0.0,train,1,0.0027820046644215
S01893,3,15,2025-10-04,32,27,0.0,train,1,0.0022390302405946
S01895,3,10,2025-10-04,42,14,0.0,train,1,0.0029809843577208
S01896,3,15,2025-10-04,23,27,0.0,train,1,0.0024717561994501
S02103,3,3,2025-10-04,28,22,0.0,train,1,0.002072573459201
S02104,3,8,2025-10-04,44,27,0.003256539288148,train,1,0.0019079945736616
S02437,3,11,2025-10-04,28,28,0.0,train,1,0.0029399901977253
S02576,3,3,2025-10-04,37,28,0.0,train,1,0.0015648345160408
S02577,3,8,2025-10-04,59,18,0.0,train,1,0.0024719964558428
S03360,3,20,2025-10-04,49,26,0.0401748338558717,train,1,0.0025295410486617
S03361,3,21,2025-10-04,48,19,0.0,train,1,0.0022778398217686
S03362,3,15,2025-10-04,49,24,0.0028811594202898,train,1,0.0025492806548117
S03364,3,4,2025-10-04,28,29,0.0028502282476544,train,1,0.0026544865619381
S03365,3,20,2025-10-04,35,20,0.0,train,1,0.002732180158741
S03366,3,4,2025-10-04,44,31,0.0,train,1,0.002630292696441
S03367,3,20,2025-10-04,32,25,0.0,train,1,0.0027745805226929
S03401,3,16,2025-10-04,40,16,0.0057922370038867,train,1,0.0022300698489601
S03402,3,11,2025-10-04,38,29,0.0,train,1,0.0028341230439916
S03404,3,9,2025-10-04,33,16,0.0,train,1,0.0020473872396766
S03405,3,11,2025-10-04,44,27,0.0,train,1,0.0023531785928145
S03406,3,14,2025-10-04,51,24,0.0,train,1,0.0024291880946741
S03408,3,9,2025-10-04,31,24,0.0,train,1,0.0022373220019846
S03409,3,16,2025-10-04,61,19,0.0,train,1,0.0027104119490388
S03410,3,9,2025-10-04,36,31,0.0,train,1,0.0022314701664541
S03478,3,9,2025-10-04,53,26,0.0,train,1,0.0023200461022774
S03479,3,17,2025-10-04,46,13,0.0,train,1,0.0025583087772253
S03482,3,14,2025-10-04,43,27,0.0,train,1,0.0028163268859006
S03484,3,18,2025-10-04,20,17,0.0,train,1,0.0030126578639302
S03485,3,21,2025-10-04,32,27,0.0,train,1,0.0026790165558574
S03486,3,12,2025-10-04,56,29,0.0,train,1,0.0027550848335439
S03490,3,4,2025-10-04,39,32,0.0,train,1,0.0011353024891714
S03688,3,3,2025-10-04,53,16,0.0,train,1,0.0020819849075237
S03689,3,3,2025-10-04,51,20,0.0,train,1,0.0012582037358053
S03690,3,8,2025-10-04,28,18,0.0,train,1,0.0021615904498283
S03691,3,3,2025-10-04,27,22,0.0,train,1,0.0018087920298413
S03880,3,20,2025-10-04,28,31,0.0,train,1,0.001093216948946
S03892,3,18,2025-10-04,33,29,0.0,train,1,0.0030803792223253
S03893,3,21,2025-10-04,52,14,0.0,train,1,0.0029237289571007
S03895,3,2,2025-10-04,39,31,0.0,train,1,0.0025953730584321
S04035,3,9,2025-10-04,56,29,0.0,train,1,0.0015860476338393
S04036,3,24,2025-10-04,51,27,0.0,train,1,0.0027908549143134
S04039,3,11,2025-10-04,24,14,0.0,train,1,0.0029835277919558
S04040,3,14,2025-10-04,53,26,0.0,train,1,0.0021587332442874
S04096,3,10,2025-10-04,33,28,0.0,train,1,0.0026746130456955
S04097,3,21,2025-10-04,38,23,0.0,train,1,0.0028041625905865
S04098,3,20,2025-10-04,27,18,0.0,train,1,0.002828580550747
S04099,3,20,2025-10-04,36,17,0.0,train,1,0.0028416142259373
S04142,3,12,2025-10-04,38,26,0.0,train,1,0.0027189101852017
S04143,3,10,2025-10-04,57,17,0.0,train,1,0.0030191352111678
S04144,3,10,2025-10-04,38,22,0.0,train,1,0.0028799202140769
S04145,3,12,2025-10-04,48,27,0.0,train,1,0.0026107721593956
S04147,3,23,2025-10-04,51,25,0.0,train,1,0.0022328057419345
S04149,3,20,2025-10-04,32,19,0.0,train,1,0.0025413367755375
S04275,3,8,2025-10-04,49,28,0.0,train,1,0.0024282055557792
S04276,3,3,2025-10-04,17,25,0.0,train,1,0.0021972903128934
S04277,3,6,2025-10-04,23,15,0.0,train,1,0.0019649572826971
S04373,3,12,2025-10-04,15,17,0.0,train,1,0.0007668280184531
S04374,3,15,2025-10-04,54,13,0.0,train,1,0.0011580080759566
S04384,3,8,2025-10-04,46,30,0.0,train,1,0.0023437611729459
S04386,3,3,2025-10-04,34,15,0.0,train,1,0.0020598910183829
S04504,3,20,2025-10-04,41,26,0.0,train,1,0.0029225533297345
S04505,3,23,2025-10-04,37,27,0.0,train,1,0.0020234226722812
S04746,3,24,2025-10-04,40,32,0.0,train,1,0.000809386754642
S04755,3,8,2025-10-04,28,22,0.0,train,1,0.002313262706554
S04757,3,8,2025-10-04,43,21,0.0,train,1,0.0022561756824648
S04855,3,8,2025-10-04,19,24,0.0122679699842022,train,1,0.0021672880073271
S04857,3,6,2025-10-04,48,25,0.0,train,1,0.0020110614521419
S05047,3,14,2025-10-04,62,25,0.0,train,1,0.0024609656941187
S05048,3,24,2025-10-04,50,21,0.0,train,1,0.0029537549404064
S05049,3,24,2025-10-04,29,23,0.0,train,1,0.0028924557947374
S05051,3,11,2025-10-04,23,14,0.0,train,1,0.0028353613470725
S05052,3,22,2025-10-04,31,25,0.0,train,1,0.0021605241270044
S05053,3,14,2025-10-04,26,20,0.0,train,1,0.0025739325613855
S05054,3,17,2025-10-04,21,27,0.0,train,1,0.0023705466461423
S05055,3,24,2025-10-04,27,16,0.0,train,1,0.0026316173244552
S05056,3,8,2025-10-04,30,14,0.0,train,1,0.002243468009004
S05060,3,17,2025-10-04,62,24,0.0,train,1,0.0026052795855459
S05062,3,22,2025-10-04,59,19,0.0,train,1,0.0022940867725635
S05064,3,9,2025-10-04,20,27,0.0,train,1,0.0020759268878065
S05065,3,9,2025-10-04,53,24,0.0,train,1,0.0024636115512319
S05066,3,9,2025-10-04,30,17,0.0,train,1,0.0022229639244699
S05067,3,9,2025-10-04,42,12,0.0,train,1,0.0026198281830308
S05068,3,16,2025-10-04,49,28,0.0,train,1,0.0027342032990581
S05069,3,17,2025-10-04,42,12,0.0,train,1,0.0019992441336533
S05070,3,14,2025-10-04,46,20,0.0,train,1,0.0027156157433908
S05072,3,2,2025-10-04,63,23,0.0,train,1,0.0027927294643415
S05074,3,21,2025-10-04,55,28,0.0034911001531307,train,1,0.0029461239505474
S05075,3,23,2025-10-04,47,29,0.0034852979333655,train,1,0.0019520956748712
S05076,3,15,2025-10-04,54,29,0.0,train,1,0.0023827085983547
S05077,3,10,2025-10-04,21,20,0.0,train,1,0.0029646624673569
S05078,3,10,2025-10-04,46,20,0.0,train,1,0.0029768357114168
S05080,3,4,2025-10-04,59,23,0.0,train,1,0.0027458289026039
S05082,3,10,2025-10-04,32,25,0.0,train,1,0.002737395736979
S05083,3,20,2025-10-04,53,13,0.0,train,1,0.0006165076025917
S05130,3,16,2025-10-04,36,31,0.0,train,1,0.0026511005138599
S05131,3,8,2025-10-04,36,17,0.0,train,1,0.0021910837855026
S05132,3,9,2025-10-04,41,28,0.0,train,1,0.002024135611955
S05159,3,22,2025-10-04,20,17,0.0,train,1,0.0019587101066597
S05160,3,17,2025-10-04,38,28,0.0,train,1,0.0024958034305209
S05161,3,14,2025-10-04,26,24,0.0,train,1,0.0024656395990824
S05163,3,10,2025-10-04,24,26,0.0,train,1,0.0029708232645656
S05165,3,21,2025-10-04,30,31,0.0,train,1,0.0007473274912258
S05260,3,16,2025-10-04,57,29,0.0,train,1,0.0014363020034258
S05263,3,8,2025-10-04,20,27,0.0,train,1,0.0019931010483103
S05264,3,2,2025-10-04,19,23,0.0,train,1,0.0029390204148468
S05315,3,9,2025-10-04,51,31,0.0,train,1,0.0011555118075968
S05346,3,6,2025-10-04,23,26,0.0224405729448867,train,1,0.0024155928581981
S05581,3,24,2025-10-04,35,12,0.0051224439313984,train,1,0.0026369934051796
S05582,3,9,2025-10-04,49,22,0.0,train,1,0.0017375868264815
S05585,3,9,2025-10-04,51,14,0.001709736900044,train,1,0.0017953202524799
S05586,3,11,2025-10-04,40,14,0.0017319728460112,train,1,0.00166226160703
S05587,3,17,2025-10-04,50,18,0.0102506986768967,train,1,0.00253591006951
S05590,3,21,2025-10-04,61,19,0.0170111684995601,train,1,0.0028711096122609
S05591,3,21,2025-10-04,32,21,0.0086575109568901,train,1,0.002663320249615
S05592,3,10,2025-10-04,61,26,0.0139729397293972,train,1,0.0028774424362579
S05593,3,20,2025-10-04,33,13,0.0103860822318583,train,1,0.0027725258728092
S05594,3,2,2025-10-04,43,28,0.0052894285927139,train,1,0.002635869699327
S05596,3,18,2025-10-04,58,27,0.006912642694957,train,1,0.0029766909847218
S05598,3,2,2025-10-04,42,17,0.0017265217361096,train,1,0.0024301352259544
S05611,3,11,2025-10-04,52,19,0.0,train,1,0.0028200138815362
S05612,3,9,2025-10-04,34,12,0.0,train,1,0.0024501660555316
S05613,3,14,2025-10-04,51,17,0.0,train,1,0.0026747355371914
S05614,3,11,2025-10-04,50,17,0.0,train,1,0.0030029667308159
S05617,3,24,2025-10-04,62,19,0.0,train,1,0.0029760096877349
S05894,3,16,2025-10-04,53,15,0.0,train,1,0.0023234888369409
S05927,3,15,2025-10-04,61,16,0.0,train,1,0.0026130927404092
S05997,3,23,2025-10-04,19,15,0.0,train,1,0.0015906497736705
S06102,3,11,2025-10-04,44,30,0.0075933276497963,train,1,0.0028033245258616
S06103,3,9,2025-10-04,58,15,0.0,train,1,0.0025868523666038
S06104,3,24,2025-10-04,51,19,0.0030384730602987,train,1,0.0025995606461852
S06105,3,24,2025-10-04,44,13,0.0,train,1,0.0029631359429466
S06108,3,14,2025-10-04,26,21,0.0,train,1,0.002803906631159
S06109,3,17,2025-10-04,42,21,0.0060498718814858,train,1,0.0026292856827578
S06111,3,2,2025-10-04,44,31,0.004533637400228,train,1,0.0023075785691183
S06113,3,2,2025-10-04,58,23,0.0,train,1,0.0031040502331656
S06114,3,2,2025-10-04,41,27,0.0015154148486262,train,1,0.0023841671549384
S06115,3,2,2025-10-04,48,29,0.0105845700759995,train,1,0.0027670468190525
S06116,3,15,2025-10-04,56,15,0.0045407617881647,train,1,0.0025639164677031
S06118,3,10,2025-10-04,14,24,0.0015491118321598,train,1,0.00278225379563
S06119,3,23,2025-10-04,34,25,0.0091795648479923,train,1,0.0023546207740255
S06120,3,21,2025-10-04,48,28,0.0077858194692483,train,1,0.0026516526457993
S06122,3,15,2025-10-04,50,22,0.0092705719961574,train,1,0.002770642838148
S06177,3,3,2025-10-04,34,27,0.0,train,1,0.0019163773680601
S06178,3,6,2025-10-04,23,23,0.0076934746332054,train,1,0.0023257131270352
S06854,3,8,2025-10-04,42,15,0.0,train,1,0.0020851566652213
S06855,3,14,2025-10-04,59,25,0.0,train,1,0.0023106681279586
S06856,3,9,2025-10-04,24,16,0.0,train,1,0.0021660801210433
S06857,3,14,2025-10-04,19,22,0.0022518236600063,train,1,0.0023006992697259
S06858,3,9,2025-10-04,38,17,0.0,train,1,0.0020150237953921
S06861,3,22,2025-10-04,43,13,0.0,train,1,0.0020486409977769
S06947,3,23,2025-10-04,17,26,0.0,train,1,0.0021496611869861
S07180,3,2,2025-10-04,40,16,0.018963842195943,train,1,0.0030952674364756
S07181,3,4,2025-10-04,43,16,0.0,train,1,0.0021573334757268
S07182,3,12,2025-10-04,27,15,0.0028509149314518,train,1,0.0026755029917088
S07183,3,15,2025-10-04,16,22,0.012799601675709,train,1,0.0021845773918442
S07185,3,4,2025-10-04,37,31,0.0072605409322125,train,1,0.0028964128305452
S07187,3,4,2025-10-04,41,23,0.0,train,1,0.0027402837695988
S07189,3,12,2025-10-04,45,16,0.0,train,1,0.0027378715806438
S07190,3,12,2025-10-04,44,20,0.0,train,1,0.0027837908756145
S07191,3,20,2025-10-04,47,16,0.0,train,1,0.0029318392333922
S07192,3,21,2025-10-04,33,26,0.0,train,1,0.0027603081062299
S07193,3,10,2025-10-04,55,22,0.0014886167246238,train,1,0.0027817826031981
S07194,3,18,2025-10-04,38,21,0.0074196823121939,train,1,0.0028292221513123
S07195,3,18,2025-10-04,50,20,0.0057802627867961,train,1,0.0027601644383105
S07196,3,21,2025-10-04,56,27,0.0029731726504009,train,1,0.0029176593062882
S07197,3,18,2025-10-04,38,16,0.0,train,1,0.0029817466567161
S07198,3,21,2025-10-04,40,17,0.0074315978982185,train,1,0.0025869922523172
S07199,3,15,2025-10-04,52,19,0.0,train,1,0.0026018220059364
S07202,3,23,2025-10-04,49,18,0.0104007844684807,train,1,0.0026543717883651
S07203,3,23,2025-10-04,24,23,0.0059003879178575,train,1,0.002058002608774
S07204,3,20,2025-10-04,55,17,0.0132441507221659,train,1,0.0025201039235319
S07206,3,10,2025-10-04,47,13,0.0029704804767113,train,1,0.0031163547376352
S07207,3,23,2025-10-04,48,15,0.0,train,1,0.0022553807783174
S07208,3,23,2025-10-04,33,22,0.0,train,1,0.0024193181368575
S07209,3,4,2025-10-04,48,22,0.0,train,1,0.0025445570144382
S07210,3,2,2025-10-04,43,22,0.0088168247013012,train,1,0.0030832237276622
S07353,3,8,2025-10-04,39,26,0.0087690665443349,train,1,0.0023844358350636
S07354,3,8,2025-10-04,51,21,0.0,train,1,0.002043626319569
S07361,3,9,2025-10-04,40,32,0.0,train,1,0.0014003060355897
S07395,3,16,2025-10-04,22,16,0.0074259348908372,train,1,0.0021524841678678
S07396,3,9,2025-10-04,52,27,0.0042815668639461,train,1,0.002215897386468
S07399,3,16,2025-10-04,48,25,0.0073080712279618,train,1,0.0026128068788084
S07401,3,11,2025-10-04,46,24,0.0043918948773008,train,1,0.0030232886691105
S07402,3,24,2025-10-04,29,14,0.0014593739080388,train,1,0.0029424153216419
S07849,3,22,2025-10-04,28,26,0.0031138009673458,train,1,0.0019525633721193
S07851,3,9,2025-10-04,26,16,0.010791843364102,train,1,0.002205513735848
S07852,3,22,2025-10-04,24,25,0.0241432330938229,train,1,0.0026160473952337
S07853,3,22,2025-10-04,35,13,0.0,train,1,0.0022700664381116
S07854,3,22,2025-10-04,50,27,0.0,train,1,0.0024456436856028
S07856,3,22,2025-10-04,21,24,0.0083135739586077,train,1,0.0026102888625036
S07861,3,16,2025-10-04,28,26,0.0031990422183458,train,1,0.0025534726519884
S07863,3,10,2025-10-04,39,13,0.0138730532956285,train,1,0.0029462200764719
S07865,3,10,2025-10-04,29,23,0.0095832476347182,train,1,0.0027702833209245
S07868,3,20,2025-10-04,23,19,0.0174985751600331,train,1,0.0029263272526932
S07869,3,4,2025-10-04,53,29,0.0280523292276045,train,1,0.0025914996004646
S07872,3,10,2025-10-04,17,16,0.0,train,1,0.0011472734421578
S07874,3,3,2025-10-04,40,14,0.0,train,1,0.0022741920381279
S07948,3,22,2025-10-04,22,28,0.0078850804486721,train,1,0.0025129372898262
S07950,3,14,2025-10-04,29,23,0.0033964327205631,train,1,0.0022174237833011
S07952,3,11,2025-10-04,23,23,0.0035385502623653,train,1,0.0029113181885182
S07953,3,11,2025-10-04,33,14,0.015911128185427,train,1,0.002835331507215
S07954,3,24,2025-10-04,26,18,0.01270201949796,train,1,0.0029320529202806
S07955,3,17,2025-10-04,31,14,0.0251745224807058,train,1,0.0018311896434119
S07958,3,11,2025-10-04,43,22,0.0083482709552639,train,1,0.0027309680554351
S07959,3,11,2025-10-04,39,16,0.0104723441615452,train,1,0.0027363862769331
S07960,3,9,2025-10-04,28,27,0.0011351385919713,train,1,0.002154684389079
S08163,3,6,2025-10-04,26,25,0.0114150531707205,train,1,0.0024753017725379
S08404,3,4,2025-10-04,44,15,0.0057397193196411,train,1,0.0019331445226835
S08405,3,2,2025-10-04,58,25,0.0117039214023982,train,1,0.0028661601196335
S08407,3,20,2025-10-04,14,21,0.0134677397501558,train,1,0.0023297293654978
S08409,3,18,2025-10-04,60,16,0.0160899445939821,train,1,0.0029737873297925
S08413,3,18,2025-10-04,49,24,0.0188534753982535,train,1,0.0030317003872441
S08414,3,4,2025-10-04,37,19,0.0250583422167161,train,1,0.0024728540149555
S08415,3,4,2025-10-04,37,29,0.0305722819512128,train,1,0.002649983945254
S08758,3,6,2025-10-04,30,12,0.0,train,1,0.0005412438254867
S08835,3,3,2025-10-04,29,29,0.0,train,1,0.0021790905427436
S08836,3,6,2025-10-04,45,17,0.0,train,1,0.0022779066257851
S08853,3,17,2025-10-04,42,29,0.0,train,1,0.0024533717844855
S08855,3,14,2025-10-04,29,25,0.0,train,1,0.0024238762158949
S08856,3,14,2025-10-04,44,14,0.0,train,1,0.0025745739970847
S08857,3,24,2025-10-04,49,13,0.0,train,1,0.0029260829580565
S08858,3,24,2025-10-04,30,28,0.0,train,1,0.0028473380807511
S08859,3,17,2025-10-04,56,22,0.0,train,1,0.0021899259052025
S08870,3,21,2025-10-04,50,16,0.0,train,1,0.0026917053954974
S09092,3,9,2025-10-04,29,31,0.0,train,1,0.0016562345892985
S09093,3,17,2025-10-04,50,31,0.0,train,1,0.0015774708064373
S09095,3,6,2025-10-04,27,18,0.0,train,1,0.0019677323000955
S09148,3,12,2025-10-04,33,17,0.0,train,1,0.0026750529176789
S09149,3,18,2025-10-04,50,24,0.0,train,1,0.003113148973308
S09151,3,23,2025-10-04,56,15,0.0,train,1,0.0016945919365671
S09311,3,6,2025-10-04,25,30,0.0,train,1,0.001330503982971
S09316,3,6,2025-10-04,60,16,0.0,train,1,0.0026026938201966
S09518,3,10,2025-10-04,25,30,0.0,train,1,0.0012124265348957
S09711,3,2,2025-10-04,14,20,0.0,train,1,0.0022140891849507
S09712,3,15,2025-10-04,41,24,0.0,train,1,0.0025575686672525
S09713,3,21,2025-10-04,44,25,0.0,train,1,0.0024459622128003
S09714,3,23,2025-10-04,60,25,0.0,train,1,0.0026388659520834
S09715,3,15,2025-10-04,17,24,0.0,train,1,0.0023880844712901
S09716,3,20,2025-10-04,15,19,0.0,train,1,0.0028389194215426
S09717,3,23,2025-10-04,46,30,0.0,train,1,0.0026496085334037
S09909,3,6,2025-10-04,49,21,0.0103535195716934,train,1,0.0020038855067348
S09910,3,8,2025-10-04,35,24,0.0146015619157505,train,1,0.0023741294436133
S09911,3,8,2025-10-04,17,23,0.0025810204118726,train,1,0.0021149212055086
S09913,3,8,2025-10-04,56,28,0.0092283859741265,train,1,0.0022928968000335
S10101,3,6,2025-10-04,16,26,0.0,train,1,0.000589891130148
S10102,3,11,2025-10-04,54,30,0.0,train,1,0.0008121572417958
S10104,3,8,2025-10-04,58,17,0.0,train,1,0.002328936320578
S10106,3,16,2025-10-04,31,16,0.0025660685197089,train,1,0.00254874478928
S10107,3,24,2025-10-04,44,22,0.0090330085189137,train,1,0.0029351925757614
S10108,3,24,2025-10-04,53,18,0.0051476852247451,train,1,0.0030474200943507
S10111,3,18,2025-10-04,52,22,0.003851578604752,train,1,0.0030976372332123
S10113,3,20,2025-10-04,43,12,0.007689391888233,train,1,0.002774196110554
S10116,3,21,2025-10-04,39,31,0.0118930819115078,train,1,0.0026345170420991
S10117,3,12,2025-10-04,18,19,0.0025805379668787,train,1,0.0027384227462558
S10119,3,10,2025-10-04,63,23,0.0053777402670475,train,1,0.0029080159802997
S10121,3,4,2025-10-04,17,17,0.0116774486615184,train,1,0.0027646955289148
S10122,3,23,2025-10-04,56,20,0.0076552223403108,train,1,0.0024919538481411
S10174,3,3,2025-10-04,57,15,0.0,train,1,0.0024562536215392
S10175,3,6,2025-10-04,49,16,0.0,train,1,0.0022828251171168
S10177,3,3,2025-10-04,50,16,0.0,train,1,0.001320311383982
S10305,3,2,2025-10-04,29,14,0.0,train,1,0.0022317989752573
S10306,3,2,2025-10-04,19,21,0.0,train,1,0.0028894951633094
S10307,3,10,2025-10-04,34,29,0.0,train,1,0.0028860182433026
S10308,3,12,2025-10-04,38,19,0.0,train,1,0.002671924432153
S10309,3,12,2025-10-04,45,12,0.0038922694985472,train,1,0.0027160739701588
S10312,3,21,2025-10-04,52,23,0.0,train,1,0.0026984504180207
S10314,3,10,2025-10-04,28,19,0.0,train,1,0.0027431416423933
S10335,3,6,2025-10-04,44,27,0.0,train,1,0.0018606469824736
S10336,3,6,2025-10-04,50,21,0.0,train,1,0.0027424998537698
S10414,3,22,2025-10-04,23,28,0.0,train,1,0.0023537366242915
S10415,3,9,2025-10-04,18,21,0.0,train,1,0.0023834649485545
S10417,3,14,2025-10-04,14,23,0.0,train,1,0.00255643163469
S10418,3,10,2025-10-04,41,31,0.0,train,1,0.0027291774210372
S10419,3,2,2025-10-04,42,12,0.0,train,1,0.0025894916188793
S10625,3,15,2025-10-04,60,20,0.0,train,1,0.0027480266182916
S10626,3,21,2025-10-04,52,30,0.0,train,1,0.0029089554086526
S10627,3,20,2025-10-04,40,17,0.0,train,1,0.0025163904646656
S10629,3,15,2025-10-04,58,22,0.0,train,1,0.0028488563660885
S10630,3,12,2025-10-04,27,16,0.0,train,1,0.0027730317596949
S10633,3,2,2025-10-04,50,26,0.0,train,1,0.0031055480694265
S10653,3,6,2025-10-04,56,23,0.0,train,1,0.0018758094769346
S10655,3,6,2025-10-04,53,17,0.0,train,1,0.0025912424993167
S10679,3,9,2025-10-04,34,14,0.0,train,1,0.0015362927615824
S10680,3,22,2025-10-04,54,18,0.0,train,1,0.002240517019864
S10683,3,22,2025-10-04,36,26,0.0,train,1,0.002651094973878
S10684,3,11,2025-10-04,48,16,0.0,train,1,0.0027361010506376
S10685,3,2,2025-10-04,42,21,0.0,train,1,0.0026549981949772
S10687,3,2,2025-10-04,20,14,0.0,train,1,0.0006119317157452
S10838,3,11,2025-10-04,38,17,0.0057701461692963,train,1,0.0025042322400792
S10839,3,9,2025-10-04,50,20,0.0199239211773509,train,1,0.0019766408075222
S10840,3,16,2025-10-04,29,30,0.0202382798245243,train,1,0.0024162720649318
S10845,3,22,2025-10-04,40,19,0.0187497098017365,train,1,0.0021685329601322
S10886,3,20,2025-10-04,33,15,0.0,train,1,0.0027775145034435
S10887,3,21,2025-10-04,50,26,0.0,train,1,0.0025335537465031
S10891,3,20,2025-10-04,56,25,0.0,train,1,0.0022042064626475
S10892,3,2,2025-10-04,60,18,0.0150077069942173,train,1,0.002508599871786
S10893,3,4,2025-10-04,31,21,0.0,train,1,0.0029944363275544
S11261,3,6,2025-10-04,47,23,0.0196326288761603,train,1,0.0024552916869934
S11262,3,3,2025-10-04,60,21,0.0154451837458373,train,1,0.0017113665538459
S11538,3,8,2025-10-04,52,21,0.0,train,1,0.0019907626039232
S11539,3,8,2025-10-04,15,23,0.0,train,1,0.0023196766245912
S12068,3,9,2025-10-04,47,17,0.0,train,1,0.0019825382864286
S12069,3,24,2025-10-04,28,16,0.0,train,1,0.0029588065092634
S12071,3,17,2025-10-04,48,30,0.0,train,1,0.0024306586453597
S12072,3,22,2025-10-04,26,29,0.0,train,1,0.0022951556817269
S12074,3,11,2025-10-04,19,26,0.0,train,1,0.0027579186494658
S12077,3,2,2025-10-04,28,27,0.0026191944264385,train,1,0.0021810744056667
S12078,3,21,2025-10-04,44,23,0.0,train,1,0.0026167789958035
S12079,3,18,2025-10-04,15,24,0.0,train,1,0.0030934991496836
S12080,3,18,2025-10-04,30,15,0.0,train,1,0.0030357330784428
S12082,3,23,2025-10-04,19,16,0.0,train,1,0.001762140736817
S12083,3,20,2025-10-04,36,24,0.0,train,1,0.0027923424319633
S12085,3,12,2025-10-04,41,29,0.007932707654983,train,1,0.0028599048587967
S12086,3,20,2025-10-04,21,20,0.0160307067058026,train,1,0.0026265725746514
S12088,3,4,2025-10-04,13,22,0.0,train,1,0.0028033786500246
S12089,3,20,2025-10-04,42,18,0.0,train,1,0.0029191337177185
S12490,3,15,2025-10-04,36,13,0.0,train,1,0.0028403191601882
S12491,3,18,2025-10-04,28,27,0.0,train,1,0.00304768831339
S12492,3,20,2025-10-04,47,27,0.0,train,1,0.0028819937430934
S12495,3,4,2025-10-04,44,25,0.0,train,1,0.0029128868715638
S12496,3,4,2025-10-04,40,23,0.0,train,1,0.0029224508034125
S12497,3,21,2025-10-04,22,23,0.0,train,1,0.0027350603286723
S12511,3,14,2025-10-04,57,21,0.0,train,1,0.0021327191918881
S12513,3,9,2025-10-04,47,29,0.0,train,1,0.0021662169985744
S12514,3,9,2025-10-04,33,19,0.0,train,1,0.0015095344512381
S12515,3,24,2025-10-04,27,20,0.0,train,1,0.0029202971143599
S12517,3,17,2025-10-04,41,17,0.0,train,1,0.0025986566759411
S12866,3,2,2025-10-04,33,32,0.0,train,1,0.0016962540333051
S12867,3,8,2025-10-04,30,31,0.0,train,1,0.0006355800821866
S12880,3,3,2025-10-04,43,22,0.0,train,1,0.0010990946482439
S12882,3,3,2025-10-04,32,20,0.0,train,1,0.0011094350122926
S12884,3,6,2025-10-04,35,18,0.0,train,1,0.001487824998172
S12916,3,12,2025-10-04,51,21,0.0,train,1,0.0029730983803754
S13026,3,11,2025-10-04,27,15,0.0,train,1,0.0028741267779114
S13150,3,6,2025-10-04,23,19,0.0,train,1,0.0021491285510682
S13231,3,10,2025-10-04,37,20,0.0,train,1,0.0026315504301453
S13232,3,18,2025-10-04,47,21,0.0,train,1,0.0030486360247248
S13233,3,20,2025-10-04,32,15,0.0,train,1,0.0026193293815659
S13237,3,9,2025-10-04,44,23,0.0,train,1,0.0020858022519493
S13238,3,16,2025-10-04,40,30,0.0,train,1,0.0022300353884964
S13239,3,22,2025-10-04,49,19,0.0,train,1,0.0022457349141089
S13242,3,22,2025-10-04,38,20,0.0,train,1,0.0022525474680103
S13826,3,24,2025-10-04,51,14,0.0,train,1,0.0030026965450235
S13827,3,16,2025-10-04,53,19,0.0036901327928068,train,1,0.0021155301951368
S13829,3,22,2025-10-04,17,26,0.0056629787040096,train,1,0.0022754023982779
S13831,3,9,2025-10-04,26,18,0.0,train,1,0.001894836017103
S13833,3,20,2025-10-04,43,23,0.0056323024444419,train,1,0.0029464849423514
S13838,3,12,2025-10-04,34,17,0.0074995378805883,train,1,0.0027714578270695
S13839,3,10,2025-10-04,38,27,0.0056489469317238,train,1,0.0028142630564328
S13840,3,15,2025-10-04,54,14,0.0037861474235914,train,1,0.0022657861474864
S13841,3,15,2025-10-04,30,14,0.0018585831388739,train,1,0.0022733690620892
S13842,3,4,2025-10-04,31,23,0.0,train,1,0.0029941161014343
S13843,3,4,2025-10-04,50,24,0.0018823404650176,train,1,0.0027567663807771
S13845,3,23,2025-10-04,28,18,0.0074995378805883,train,1,0.002065447979708
S14154,3,17,2025-10-04,45,26,0.0,train,1,0.0025106336962122
S14155,3,15,2025-10-04,33,31,0.0,train,1,0.0022723501016227
S14185,3,3,2025-10-04,45,16,0.0,train,1,0.0021807428458801
S14187,3,6,2025-10-04,57,16,0.0,train,1,0.0017028086654401
S14451,3,17,2025-10-04,40,14,0.0,train,1,0.0023175208018309
S14453,3,8,2025-10-04,26,16,0.0,train,1,0.0023766165953216
S14455,3,16,2025-10-04,53,29,0.0,train,1,0.0024233825431471
S14581,3,21,2025-10-04,37,25,0.0,train,1,0.0027204412102269
S14586,3,18,2025-10-04,37,23,0.0,train,1,0.0029186544047523
S14587,3,21,2025-10-04,54,16,0.0,train,1,0.0024968491886431
S14701,3,4,2025-10-04,26,13,0.0,train,1,0.0008318640041256
S14702,3,17,2025-10-04,31,31,0.0,train,1,0.0011813970690113
S14704,3,11,2025-10-04,60,15,0.0,train,1,0.0012901254407755
S14712,3,3,2025-10-04,39,18,0.0,train,1,0.0009388016526236
S14713,3,3,2025-10-04,45,23,0.0,train,1,0.0017205561241436
S14715,3,6,2025-10-04,52,16,0.0,train,1,0.002251998896604
S14848,3,8,2025-10-04,21,14,0.0,train,1,0.0007211798957727
S14895,3,3,2025-10-04,24,21,0.0,train,1,0.0020056605327084
S14896,3,8,2025-10-04,34,21,0.0,train,1,0.0024587924427326
S15252,3,14,2025-10-04,54,29,0.0,train,1,0.0022296867083086
S15255,3,11,2025-10-04,28,27,0.0,train,1,0.0028613786133973
S15256,3,17,2025-10-04,29,30,0.0,train,1,0.0021930974244666
S15257,3,21,2025-10-04,58,18,0.0,train,1,0.0027850186869218
S15259,3,15,2025-10-04,36,19,0.0,train,1,0.0022979837730968
S15260,3,10,2025-10-04,41,14,0.0,train,1,0.0030063121946684
S15262,3,10,2025-10-04,37,27,0.0,train,1,0.0029568240480535
S15263,3,15,2025-10-04,49,31,0.0,train,1,0.0014242672301872
S15287,3,3,2025-10-04,18,24,0.0049651341685148,train,1,0.0017194378766766
S15288,3,3,2025-10-04,45,13,0.0033574842512371,train,1,0.0011594726881513
S15303,3,12,2025-10-04,34,22,0.0,train,1,0.0028352227312672
S15304,3,12,2025-10-04,36,13,0.0,train,1,0.0029901129875579
S15305,3,20,2025-10-04,47,22,0.0,train,1,0.0028917357130948
S15308,3,4,2025-10-04,33,12,0.0,train,1,0.0029788296264761
S15436,3,23,2025-10-04,42,23,0.0,train,1,0.0023237495452718
S15474,3,16,2025-10-04,30,28,0.0,train,1,0.0027605625213745
S15475,3,9,2025-10-04,15,23,0.0,train,1,0.0021983932136501
S15477,3,14,2025-10-04,43,12,0.0089207186832516,train,1,0.0023181874186025
S15478,3,22,2025-10-04,34,27,0.0,train,1,0.0024147181463468
S15481,3,24,2025-10-04,28,25,0.0,train,1,0.0029758037057007
S15902,3,8,2025-10-04,61,16,0.0,train,1,0.0021647100727469
S15903,3,18,2025-10-04,19,22,0.0,train,1,0.0030065122905583
S15905,3,15,2025-10-04,27,13,0.0,train,1,0.0022182549266792
S15906,3,20,2025-10-04,48,17,0.0,train,1,0.0028647908167083
S15907,3,21,2025-10-04,40,15,0.0,train,1,0.0024452717658133
S15908,3,21,2025-10-04,22,26,0.0,train,1,0.0029010130293901
S15911,3,15,2025-10-04,24,23,0.0,train,1,0.0022862352909188
S15912,3,4,2025-10-04,45,30,0.0,train,1,0.0026753643475252
S15913,3,2,2025-10-04,35,31,0.0,train,1,0.0024107060294428
S16239,3,8,2025-10-04,47,29,0.0,train,1,0.0024472477044423
S16240,3,3,2025-10-04,15,19,0.0,train,1,0.0015377900457266
S16241,3,8,2025-10-04,59,25,0.0,train,1,0.0025392043298946
S16242,3,3,2025-10-04,40,21,0.0,train,1,0.0015416260618084
S16526,3,9,2025-10-04,48,29,0.0,train,1,0.0017705513659937
S16527,3,17,2025-10-04,55,22,0.0,train,1,0.0022773443040915
S16528,3,24,2025-10-04,43,15,0.0,train,1,0.0029115595738958
S16529,3,9,2025-10-04,50,28,0.0,train,1,0.0019478851392416
S16532,3,11,2025-10-04,46,15,0.0,train,1,0.0029397306727608
S16533,3,14,2025-10-04,55,23,0.0,train,1,0.0029088221106142
S16535,3,20,2025-10-04,19,24,0.0,train,1,0.0028355082537045
S16536,3,21,2025-10-04,38,29,0.0,train,1,0.0026552682247919
S16537,3,21,2025-10-04,48,24,0.0,train,1,0.0027863844086793
S16539,3,18,2025-10-04,61,24,0.0,train,1,0.0031121518136685
S16541,3,12,2025-10-04,47,13,0.0,train,1,0.0029878416794961
S16542,3,2,2025-10-04,38,18,0.0,train,1,0.0029456605141469
S16544,3,4,2025-10-04,41,18,0.0,train,1,0.0025688604557009
S16547,3,18,2025-10-04,63,26,0.0,train,1,0.0024193063206314
S16586,3,17,2025-10-04,54,26,0.0,train,1,0.0022694310074657
S16620,3,3,2025-10-04,16,19,0.0,train,1,0.0020437604798897
S16809,3,21,2025-10-04,40,11,0.0,train,1,0.0025082938664814
S16909,3,3,2025-10-04,53,19,0.0,train,1,0.0022959090733701
S16910,3,6,2025-10-04,35,29,0.0,train,1,0.0018895037756415
S16911,3,6,2025-10-04,21,22,0.0,train,1,0.0022894833689336
S16912,3,6,2025-10-04,34,21,0.0031111695368301,train,1,0.001779799794552
S17783,3,6,2025-10-04,17,24,0.0193202580302895,train,1,0.0022846278523172
S17784,3,8,2025-10-04,42,25,0.0257954851413204,train,1,0.0017892195117131
S17797,3,11,2025-10-04,45,18,0.0,train,1,0.0027825550110036
S17799,3,11,2025-10-04,45,19,0.0071311340611262,train,1,0.0029073605550341
S17800,3,11,2025-10-04,34,25,0.0100361462813755,train,1,0.0026088177928187
S17802,3,24,2025-10-04,47,29,0.0141740008327581,train,1,0.0026067180308671
S17805,3,24,2025-10-04,36,13,0.0107448699305218,train,1,0.0029554643591699
S17807,3,9,2025-10-04,31,21,0.0207035058331751,train,1,0.0020895090913158
S17884,3,4,2025-10-04,55,19,0.0,train,1,0.0030491393256323
S17885,3,15,2025-10-04,46,29,0.0,train,1,0.0022904149857735
S17886,3,12,2025-10-04,34,15,0.0,train,1,0.0028049585810004
S17889,3,23,2025-10-04,29,14,0.0,train,1,0.0019464269206003
S17891,3,12,2025-10-04,19,27,0.0,train,1,0.0026765689254667
S17893,3,23,2025-10-04,32,30,0.0,train,1,0.0024730072946848
S17894,3,20,2025-10-04,21,21,0.0,train,1,0.0027986718484277
S17895,3,10,2025-10-04,29,18,0.0,train,1,0.0027333497430268
S18151,3,3,2025-10-04,35,24,0.0,train,1,0.0015621147198475
S18152,3,8,2025-10-04,48,17,0.0,train,1,0.0018485571937818
S18257,3,2,2025-10-04,43,20,0.0,train,1,0.0029672902222212
S18258,3,15,2025-10-04,37,14,0.0,train,1,0.0024383722401554
S18262,3,2,2025-10-04,46,24,0.0,train,1,0.0031102652613137
S18292,3,10,2025-10-04,63,20,0.0,train,1,0.0029095426106959
S18294,3,20,2025-10-04,54,22,0.0,train,1,0.0029631319180456
S18296,3,21,2025-10-04,18,18,0.0,train,1,0.0028706227435032
S18298,3,21,2025-10-04,14,21,0.0,train,1,0.0027049820906199
S18299,3,10,2025-10-04,44,12,0.0,train,1,0.0028209152006717
S18368,3,11,2025-10-04,37,26,0.0,train,1,0.0028238455974599
S18370,3,24,2025-10-04,42,19,0.0,train,1,0.0029710515339637
S18371,3,17,2025-10-04,53,14,0.0,train,1,0.0017917542853924
S18397,3,9,2025-10-04,61,16,0.0019926947889227,train,1,0.0024862252885716
S18398,3,9,2025-10-04,51,21,0.0020101762645505,train,1,0.002329558996265
S18399,3,14,2025-10-04,45,25,0.0040430663851976,train,1,0.0026138268107155
S18401,3,22,2025-10-04,43,24,0.0,train,1,0.0022246498813992
S18402,3,22,2025-10-04,32,30,0.0,train,1,0.0025408858568798
S18406,3,16,2025-10-04,54,15,0.0078765115136531,train,1,0.0025975321566039
S18408,3,18,2025-10-04,15,18,0.002033418434145,train,1,0.0019370857421476
S18410,3,20,2025-10-04,49,19,0.002033568196139,train,1,0.0028158086854305
S18411,3,12,2025-10-04,52,20,0.0078907676430896,train,1,0.002805732272243
S18414,3,2,2025-10-04,46,26,0.0039663538274915,train,1,0.0030863711000078
S18415,3,12,2025-10-04,26,23,0.0099657515018808,train,1,0.0027430032805603
S18416,3,10,2025-10-04,30,23,0.0,train,1,0.0027342260343245
S18417,3,4,2025-10-04,57,17,0.0040339108237862,train,1,0.0026366895452028
S18418,3,10,2025-10-04,33,14,0.0040161616161616,train,1,0.0029991789741685
S18426,3,17,2025-10-04,49,31,0.0,train,1,0.0008645239004931
S18916,3,8,2025-10-04,60,16,0.0,train,1,0.0022072305092894
S18917,3,17,2025-10-04,59,21,0.0,train,1,0.0025896896328609
S19465,3,10,2025-10-04,51,27,0.0,train,1,0.0030535808658013
S19466,3,10,2025-10-04,19,16,0.0029647923452282,train,1,0.0030456887413253
S19468,3,10,2025-10-04,53,21,0.0,train,1,0.0030228790730045
S19471,3,20,2025-10-04,26,18,0.0,train,1,0.0029097889129744
S19473,3,20,2025-10-04,57,20,0.0,train,1,0.0028901781281612
S19476,3,23,2025-10-04,29,24,0.0,train,1,0.0024397366061502
S19477,3,4,2025-10-04,52,15,0.0,train,1,0.0023866960361623
S19478,3,18,2025-10-04,52,23,0.0029246476593991,train,1,0.0029398688199859
S19669,3,17,2025-10-04,23,14,0.0,train,1,0.0023782712068446
S19671,3,8,2025-10-04,29,17,0.0,train,1,0.002245743828673
S19674,3,10,2025-10-04,36,15,0.0,train,1,0.002888089052909
S19675,3,10,2025-10-04,55,27,0.0,train,1,0.0027934630583279
S19676,3,12,2025-10-04,25,17,0.0,train,1,0.0027079569823028
S19677,3,2,2025-10-04,29,19,0.0,train,1,0.0028523122360788
S19982,3,3,2025-10-04,52,24,0.0,train,1,0.0013836085131495
S20089,3,3,2025-10-04,20,20,0.0,train,1,0.0017030397901542
S20652,3,24,2025-10-04,44,23,0.0,train,1,0.0029243412336379
S20655,3,14,2025-10-04,28,27,0.0,train,1,0.0024546859201703
S20656,3,9,2025-10-04,24,15,0.0,train,1,0.0025159131802438
S20659,3,21,2025-10-04,41,24,0.0,train,1,0.0024052055851747
S20662,3,12,2025-10-04,25,19,0.0,train,1,0.0026734660086568
S20663,3,10,2025-10-04,13,21,0.0,train,1,0.0028201367920944
S20668,3,10,2025-10-04,56,25,0.0,train,1,0.0029850290607442
S21152,3,3,2025-10-04,18,25,0.0,train,1,0.0021871451379554
S21153,3,6,2025-10-04,20,27,0.0,train,1,0.0025276853484882
S21217,3,16,2025-10-04,38,28,0.0,train,1,0.0026850777977333
S21218,3,9,2025-10-04,53,27,0.0,train,1,0.0023625014459779
S21220,3,22,2025-10-04,58,24,0.0,train,1,0.0022224530233471
S21221,3,16,2025-10-04,18,22,0.0,train,1,0.0027180826083994
S21594,3,18,2025-10-04,59,25,0.0,train,1,0.0031487244538658
S21596,3,23,2025-10-04,24,22,0.0,train,1,0.00258528378802
S21598,3,21,2025-10-04,31,28,0.0041360829546778,train,1,0.0028585370112267
S21600,3,2,2025-10-04,42,29,0.0,train,1,0.0029793817583089
S21711,3,16,2025-10-04,62,19,0.0,train,1,0.002278279679349
S21712,3,24,2025-10-04,47,30,0.0,train,1,0.0028595224551207
S22030,3,3,2025-10-04,39,12,0.0,train,1,0.0022983352689557
S22178,3,17,2025-10-04,33,18,0.0,train,1,0.0026724695041007
S22184,3,9,2025-10-04,25,29,0.0,train,1,0.0021442996015148
S22185,3,14,2025-10-04,31,13,0.0,train,1,0.0025804555324547
S22186,3,14,2025-10-04,55,20,0.0,train,1,0.0020743116321092
S22187,3,14,2025-10-04,37,25,0.0044941178598233,train,1,0.0022019394091531
S22189,3,20,2025-10-04,50,15,0.0,train,1,0.0025576465794356
S22191,3,10,2025-10-04,33,24,0.0,train,1,0.0025759575877896
S22192,3,12,2025-10-04,50,15,0.0,train,1,0.0028689459419632
S22194,3,2,2025-10-04,34,13,0.0,train,1,0.0022091611108059
S22195,3,10,2025-10-04,36,19,0.0,train,1,0.0025737721180789
S22196,3,23,2025-10-04,27,18,0.0,train,1,0.002677434949352
S22198,3,23,2025-10-04,30,20,0.0,train,1,0.0025215829251425
S22199,3,2,2025-10-04,57,29,0.0,train,1,0.0019501805927044
S22280,3,8,2025-10-04,48,31,0.0,train,1,0.0012739822275727
S22477,3,11,2025-10-04,18,26,0.0,train,1,0.002895883990527
S22479,3,9,2025-10-04,38,26,0.0,train,1,0.0018669178629719
S22480,3,8,2025-10-04,21,15,0.0,train,1,0.0021882510108378
S22481,3,16,2025-10-04,47,30,0.0,train,1,0.0026114368809065
S22482,3,9,2025-10-04,41,16,0.0,train,1,0.0020078028349568
S22483,3,15,2025-10-04,30,21,0.0,train,1,0.0026419135383266
S22484,3,2,2025-10-04,50,24,0.0,train,1,0.0026476458468885
S22485,3,2,2025-10-04,48,25,0.0,train,1,0.00258758480367
S22487,3,4,2025-10-04,51,18,0.0,train,1,0.0025935237240262
S22488,3,18,2025-10-04,40,14,0.0,train,1,0.0030311485539338
S22489,3,4,2025-10-04,32,28,0.0,train,1,0.0026738735356793
S22648,3,9,2025-10-04,55,19,0.0,train,1,0.0018338990554354
S22649,3,16,2025-10-04,53,24,0.0,train,1,0.0023725382725938
S22727,3,14,2025-10-04,63,17,0.0,train,1,0.0012392331336052
S22728,3,6,2025-10-04,58,14,0.0,train,1,0.0017570211482252
S22729,3,22,2025-10-04,58,29,0.0,train,1,0.0013821074541933
S22740,3,3,2025-10-04,50,17,0.0,train,1,0.0014840403731617
S22871,3,21,2025-10-04,32,24,0.0,train,1,0.0026578089253253
S22873,3,15,2025-10-04,50,23,0.00643084736442,train,1,0.0025752231303557
S22874,3,12,2025-10-04,32,25,0.0,train,1,0.002753554295797
S22876,3,20,2025-10-04,31,16,0.0096979394317827,train,1,0.0025514855504132
S22877,3,20,2025-10-04,52,30,0.0031985686887799,train,1,0.002710293246463
S22878,3,4,2025-10-04,44,16,0.0,train,1,0.0028961799705422
S22879,3,21,2025-10-04,36,17,0.009677639201254,train,1,0.0026197052706835
S22880,3,20,2025-10-04,46,16,0.0064712277754991,train,1,0.0028883849740654
S22881,3,2,2025-10-04,36,14,0.0,train,1,0.0024432495077297
S22882,3,18,2025-10-04,22,18,0.0096429021837196,train,1,0.0030864303955848
S22883,3,23,2025-10-04,21,20,0.0,train,1,0.0029684120466875
S22928,3,6,2025-10-04,34,16,0.0016130183890587,train,1,0.0024793066517471
S22929,3,6,2025-10-04,54,28,0.0015952495586583,train,1,0.0016545535017636
S22930,3,8,2025-10-04,31,28,0.0080274192089519,train,1,0.0022252834535965
S22977,3,6,2025-10-04,21,20,0.0,train,1,0.0025460651584451
S23075,3,8,2025-10-04,49,15,0.0,train,1,0.0021267554602662
S23076,3,17,2025-10-04,41,21,0.0032227107082182,train,1,0.0029035509030567
S23078,3,22,2025-10-04,48,14,0.0,train,1,0.001790554765268
S23081,3,16,2025-10-04,27,23,0.0,train,1,0.0022555792731855
S23084,3,23,2025-10-04,29,20,0.0,train,1,0.0024426156653864
S23085,3,12,2025-10-04,34,27,0.0,train,1,0.0026564380343483
S23086,3,15,2025-10-04,42,23,0.0,train,1,0.0025638887285806
S23090,3,4,2025-10-04,25,23,0.0,train,1,0.0029916406099964
S23432,3,24,2025-10-04,25,24,0.0,train,1,0.0028948345632313
S23436,3,9,2025-10-04,46,18,0.0,train,1,0.0019523837018447
S23567,3,20,2025-10-04,25,13,0.0,train,1,0.0013113179922132
S23576,3,6,2025-10-04,44,13,0.0,train,1,0.0020560702535
S23577,3,3,2025-10-04,59,25,0.0,train,1,0.002558636802314
S23600,3,12,2025-10-04,58,28,0.0,train,1,0.0029879017895009
S23601,3,15,2025-10-04,44,26,0.0,train,1,0.0023333642417857
S23602,3,23,2025-10-04,59,17,0.0,train,1,0.0026200500960754
S23603,3,20,2025-10-04,23,28,0.0,train,1,0.0027738655819791
S23604,3,21,2025-10-04,57,17,0.0,train,1,0.0028555848683679
S23929,3,20,2025-10-04,45,17,0.0,train,1,0.0025278985677842
S23930,3,20,2025-10-04,45,30,0.0,train,1,0.0025271259575461
S23931,3,18,2025-10-04,24,24,0.0,train,1,0.0031005235180145
S23932,3,12,2025-10-04,57,22,0.0,train,1,0.0029752559192162
S23933,3,4,2025-10-04,56,28,0.0,train,1,0.0026736895544019
S23934,3,4,2025-10-04,54,26,0.0,train,1,0.00297078622166
S23935,3,10,2025-10-04,57,19,0.0067665999537093,train,1,0.0027889132873966
S23950,3,6,2025-10-04,48,23,0.0,train,1,0.0025564400974293
S24050,3,16,2025-10-04,48,26,0.0,train,1,0.0023154220040637
S24051,3,11,2025-10-04,44,25,0.0,train,1,0.0028897354342585
S24052,3,11,2025-10-04,53,27,0.0,train,1,0.0028204244081821
S24055,3,9,2025-10-04,40,13,0.0,train,1,0.0022787318636948
S24057,3,24,2025-10-04,35,18,0.0,train,1,0.0028475483762495
S24059,3,22,2025-10-04,31,28,0.0,train,1,0.0022024349382867
S24199,3,12,2025-10-04,34,30,0.0,train,1,0.0027373849425673
S24200,3,2,2025-10-04,45,14,0.0,train,1,0.0028083658315928
S24201,3,12,2025-10-04,36,12,0.0027655821355636,train,1,0.0028869151029076
S24203,3,21,2025-10-04,42,26,0.0028278966025411,train,1,0.0025531384242983
S24205,3,21,2025-10-04,48,14,0.0,train,1,0.0019725485506799
S24409,3,8,2025-10-04,17,21,0.0083511165627678,train,1,0.0018552009432728
S24411,3,6,2025-10-04,31,23,0.0,train,1,0.0025481117596866
S24473,3,6,2025-10-04,22,14,0.0,train,1,0.0016763347324905
S24510,3,12,2025-10-04,43,15,0.0,train,1,0.0025487711478411
S24662,3,14,2025-10-04,20,27,0.0,train,1,0.002511588352566
S24663,3,11,2025-10-04,29,26,0.0,train,1,0.0024341392031947
S24667,3,18,2025-10-04,24,29,0.0062801688190249,train,1,0.0027748684564959
S24668,3,20,2025-10-04,49,15,0.0,train,1,0.0028941961537148
S24670,3,10,2025-10-04,22,22,0.0,train,1,0.0028244995645124
S24672,3,20,2025-10-04,19,18,0.0,train,1,0.0026405508504418
S24674,3,10,2025-10-04,30,27,0.0,train,1,0.0024799507839525
S24675,3,12,2025-10-04,53,24,0.0,train,1,0.0028027588680157
S25178,3,8,2025-10-04,29,31,0.0,train,1,0.0012880282093106
S25179,3,17,2025-10-04,40,32,0.0,train,1,0.0021312658559416
S25185,3,3,2025-10-04,44,12,0.0,train,1,0.0020980401502499
S25186,3,6,2025-10-04,36,27,0.0,train,1,0.002107497870809
S25338,3,6,2025-10-04,56,19,0.0,train,1,0.002527951996149
S25339,3,8,2025-10-04,27,24,0.0,train,1,0.0024242806615351
S25609,3,15,2025-10-04,51,20,0.0,train,1,0.0027676274953504
S25615,3,20,2025-10-04,43,13,0.0,train,1,0.0028978120045354
S25618,3,20,2025-10-04,18,27,0.0,train,1,0.002786053031567
S25619,3,23,2025-10-04,13,21,0.0,train,1,0.0027225839400043
S25620,3,21,2025-10-04,28,26,0.0,train,1,0.0029363376629638
S25622,3,20,2025-10-04,30,14,0.0,train,1,0.0027760828534744
S25623,3,18,2025-10-04,48,14,0.0,train,1,0.002975983669157
S25624,3,23,2025-10-04,63,18,0.0,train,1,0.0022559777682448
S25625,3,2,2025-10-04,62,25,0.0,train,1,0.0029680285578336
S25627,3,17,2025-10-04,25,29,0.0,train,1,0.0024370848097157
S25630,3,11,2025-10-04,27,22,0.0030414853708837,train,1,0.0024804002740025
S25632,3,24,2025-10-04,35,19,0.0,train,1,0.0029679669169319
S25633,3,24,2025-10-04,59,16,0.0030147522686465,train,1,0.0025700671256209
S25634,3,9,2025-10-04,34,28,0.0,train,1,0.0017661916958887
S25635,3,24,2025-10-04,58,25,0.0,train,1,0.0029056500724166
S25748,3,14,2025-10-04,24,30,0.0,train,1,0.0006185721064213
S25875,3,17,2025-10-04,54,24,0.0,train,1,0.0026699835792417
S25888,3,11,2025-10-04,27,25,0.0,train,1,0.0029323798707468
S25889,3,9,2025-10-04,43,23,0.0,train,1,0.0020639861564341
S25892,3,15,2025-10-04,43,22,0.0,train,1,0.0026703975938039
S26165,3,22,2025-10-04,44,18,0.0,train,1,0.0019969509703711
S26166,3,16,2025-10-04,19,18,0.0,train,1,0.0027719768415896
S26168,3,11,2025-10-04,17,18,0.0,train,1,0.0028470361456079
S26169,3,23,2025-10-04,35,31,0.0,train,1,0.0023093840693349
S26171,3,15,2025-10-04,15,20,0.0,train,1,0.0024074903465138
S26173,3,4,2025-10-04,18,21,0.0,train,1,0.002802950060945
S26200,3,21,2025-10-04,24,21,0.0,train,1,0.0026744360251647
S26235,3,8,2025-10-04,27,22,0.0,train,1,0.0025433870807333
S26267,3,16,2025-10-04,23,14,0.0,train,1,0.0023318832417795
S26268,3,8,2025-10-04,44,13,0.0,train,1,0.0021645491208457
S26269,3,22,2025-10-04,23,25,0.0,train,1,0.002906782742256
S26270,3,11,2025-10-04,27,19,0.0,train,1,0.0029120124972144
S26316,3,4,2025-10-04,54,15,0.0,train,1,0.0028209815350986
S26317,3,10,2025-10-04,54,15,0.0,train,1,0.0029736744493517
S26318,3,12,2025-10-04,18,23,0.0,train,1,0.0030354108641667
S26321,3,21,2025-10-04,56,20,0.0,train,1,0.0028074461986119
S26337,3,3,2025-10-04,44,22,0.0,train,1,0.0015802901221459
S26519,3,24,2025-10-04,54,15,0.0,train,1,0.0029465438329586
S26520,3,24,2025-10-04,58,17,0.0,train,1,0.0029427616613961
S26521,3,24,2025-10-04,38,26,0.0364122570837225,train,1,0.0028133586339891
S26522,3,24,2025-10-04,38,29,0.0,train,1,0.0026757169526857
S26523,3,24,2025-10-04,43,27,0.0,train,1,0.0028847248889647
S26524,3,16,2025-10-04,43,22,0.0275224277328607,train,1,0.002695675472918
S26575,3,21,2025-10-04,19,19,0.0,train,1,0.0029392250161281
S26576,3,10,2025-10-04,21,23,0.0,train,1,0.0030269273765471
S26601,3,6,2025-10-04,54,27,0.0012473960294154,train,1,0.0021245013542592
S26896,3,24,2025-10-04,43,19,0.0074063587389817,train,1,0.002766335572246
S26897,3,22,2025-10-04,45,17,0.0088333346028554,train,1,0.0020625707804961
S26898,3,9,2025-10-04,52,16,0.0050337014923861,train,1,0.0022588000158721
S26899,3,17,2025-10-04,23,17,0.0112155859786369,train,1,0.0023189186242193
S26901,3,18,2025-10-04,46,28,0.014889043671033,train,1,0.0030214963621429
S26902,3,15,2025-10-04,51,22,0.0254021335163591,train,1,0.0028788226668567
S26903,3,21,2025-10-04,30,29,0.003723655325876,train,1,0.0029275283917155
S26904,3,18,2025-10-04,54,16,0.007525684996328,train,1,0.0030340487884567
S26909,3,21,2025-10-04,15,24,0.0144267053701015,train,1,0.0027191505400135
S26910,3,20,2025-10-04,42,24,0.0061272243550387,train,1,0.0028776110543107
S26912,3,21,2025-10-04,62,18,0.0037943565626336,train,1,0.0027674649465736
S26913,3,10,2025-10-04,23,25,0.0164478624906763,train,1,0.0027862167237136
S26915,3,10,2025-10-04,13,22,0.0063542961178702,train,1,0.0029159623905291
S26916,3,2,2025-10-04,20,18,0.0124606374230298,train,1,0.002749948717625
S26918,3,2,2025-10-04,49,21,0.0221438384138417,train,1,0.0025205661118455
S27275,3,12,2025-10-04,58,15,0.0,train,1,0.0026514313395973
S27276,3,15,2025-10-04,26,26,0.0,train,1,0.002321722322774
S27277,3,18,2025-10-04,49,27,0.0,train,1,0.0031154429352184
S27450,3,17,2025-10-04,30,27,0.0,train,1,0.0025201962795209
S27451,3,17,2025-10-04,59,26,0.0,train,1,0.0019948800720004
S27452,3,14,2025-10-04,60,27,0.0,train,1,0.0023227357780852
S27453,3,9,2025-10-04,41,15,0.0,train,1,0.0020884902944433
S27454,3,22,2025-10-04,40,25,0.0,train,1,0.0018981193556236
S27455,3,24,2025-10-04,19,20,0.0,train,1,0.0026275368760025
S27456,3,22,2025-10-04,28,20,0.0,train,1,0.0024015483072482
S27458,3,9,2025-10-04,39,24,0.0,train,1,0.0019933199050908
S27459,3,18,2025-10-04,19,25,0.0,train,1,0.0030288881001278
S27462,3,12,2025-10-04,24,13,0.0,train,1,0.0011160534073531
S27538,3,3,2025-10-04,41,21,0.0,train,1,0.0015750996532026
S27603,3,3,2025-10-04,41,11,0.0,train,1,0.0016298540800738
S27604,3,22,2025-10-04,26,13,0.0,train,1,0.0010383711010304
S28053,3,22,2025-10-04,23,16,0.0023474511026407,train,1,0.0019591452654294
S28057,3,20,2025-10-04,39,21,0.0,train,1,0.0028265242673923
S28058,3,21,2025-10-04,60,25,0.0023621785274644,train,1,0.0027455658993402
S28059,3,21,2025-10-04,37,30,0.0,train,1,0.0029848378103773
S28060,3,12,2025-10-04,47,24,0.0023475841611283,train,1,0.0026645603834967
S28061,3,2,2025-10-04,28,19,0.0,train,1,0.003124137428442
S28169,3,6,2025-10-04,30,22,0.0,train,1,0.0027448756612055
S28235,3,12,2025-10-04,48,12,0.0,train,1,0.0012408558094369
S28238,3,11,2025-10-04,62,27,0.0,train,1,0.0012248565122114
S28255,3,3,2025-10-04,54,27,0.0,train,1,0.0022919675475566
S28290,3,24,2025-10-04,17,24,0.0,train,1,0.0028854302601266
S28292,3,12,2025-10-04,39,13,0.0,train,1,0.0027639018466124
S28293,3,12,2025-10-04,50,17,0.0,train,1,0.0027406423705302
S28295,3,4,2025-10-04,26,21,0.0,train,1,0.0029879797949633
S28296,3,20,2025-10-04,58,20,0.0,train,1,0.0030452662409652
S28297,3,21,2025-10-04,46,11,0.0,train,1,0.0009271379659219
S28754,3,11,2025-10-04,21,27,0.0,train,1,0.0024736177351376
S28755,3,14,2025-10-04,60,24,0.0,train,1,0.0024125990981499
S28756,3,22,2025-10-04,41,25,0.0,train,1,0.0019841931074187
S28760,3,15,2025-10-04,59,22,0.0,train,1,0.0026335356728245
S28761,3,15,2025-10-04,48,12,0.0,train,1,0.0006473616568185
S28762,3,12,2025-10-04,60,15,0.0,train,1,0.0007037575473059
S28763,3,20,2025-10-04,14,25,0.0,train,1,0.0008876428891988
S28820,3,16,2025-10-04,26,19,0.0,train,1,0.0025376130152813
S28975,3,20,2025-10-04,38,14,0.0,train,1,0.0027547829992858
S28976,3,20,2025-10-04,32,13,0.0,train,1,0.0026644992915524
S28977,3,2,2025-10-04,26,14,0.0,train,1,0.0024489482394826
S29554,3,8,2025-10-04,44,11,0.0,train,1,0.0007801361000545
S29643,3,11,2025-10-04,63,20,0.0,train,1,0.0027917973975979
S29644,3,9,2025-10-04,19,27,0.0,train,1,0.0021217615597958
S29646,3,21,2025-10-04,39,28,0.0,train,1,0.0027969971022984
S29648,3,12,2025-10-04,17,22,0.0,train,1,0.0027266481396468
S29650,3,15,2025-10-04,15,21,0.0,train,1,0.0026862873179924
S29651,3,12,2025-10-04,29,26,0.0,train,1,0.0027979074344452
S29754,3,10,2025-10-04,40,32,0.0,train,1,0.0016327540519795
S29755,3,4,2025-10-04,54,13,0.0,train,1,0.0006031091019022
S29877,3,11,2025-10-04,38,32,0.0,train,1,0.0011706855357968
S29891,3,17,2025-10-04,41,29,0.0,train,1,0.0019394443439818
S29892,3,17,2025-10-04,32,19,0.0,train,1,0.002637223627903
S29893,3,22,2025-10-04,37,17,0.0,train,1,0.0027189329962416
S29896,3,21,2025-10-04,24,24,0.0,train,1,0.0028268462044827
S30129,3,3,2025-10-04,29,18,0.0,train,1,0.0010637730858508
S30130,3,6,2025-10-04,43,29,0.0,train,1,0.0024245007682789
S30191,3,3,2025-10-04,17,27,0.0109095022930048,train,1,0.0006228891444032
S30749,3,14,2025-10-04,24,25,0.0,train,1,0.0029403538973617
S30752,3,14,2025-10-04,19,24,0.0049800597206356,train,1,0.002162018050387
S30753,3,11,2025-10-04,55,15,0.0,train,1,0.0028869511229129
S30754,3,9,2025-10-04,39,17,0.0050113183195446,train,1,0.0020328248751711
S30755,3,16,2025-10-04,29,13,0.0025257145180306,train,1,0.0025451641213322
S30759,3,11,2025-10-04,16,23,0.0,train,1,0.0023192608971406
S30760,3,9,2025-10-04,22,26,0.0,train,1,0.0023619956606413
S30761,3,9,2025-10-04,52,25,0.0,train,1,0.0021866036617825
S30805,3,20,2025-10-04,27,23,0.0216017830815878,train,1,0.0028046468320101
S30806,3,21,2025-10-04,49,13,0.0009017197991904,train,1,0.0024948148717894
S30807,3,23,2025-10-04,50,17,0.0101843313680014,train,1,0.0024116406421856
S30808,3,21,2025-10-04,61,17,0.0190529960461635,train,1,0.002882438870604
S30811,3,12,2025-10-04,51,17,0.0118748954674694,train,1,0.0028876964792659
S30812,3,12,2025-10-04,43,28,0.027470249774766,train,1,0.0029533884490845
S30819,3,4,2025-10-04,36,19,0.0137387698686938,train,1,0.0025407109465791
S30820,3,20,2025-10-04,56,23,0.015961636629784,train,1,0.002851706224614
S30910,3,9,2025-10-04,52,26,0.0,train,1,0.0024265229889419
S30912,3,17,2025-10-04,25,18,0.0,train,1,0.0025249293556213
S31085,3,10,2025-10-04,40,30,0.0,train,1,0.0027362196536163
S31211,3,14,2025-10-04,34,17,0.008042773964068,train,1,0.0020894436756496
S31213,3,14,2025-10-04,20,18,0.0,train,1,0.0029671987822036
S31214,3,22,2025-10-04,40,14,0.0,train,1,0.0020649589351798
S31215,3,9,2025-10-04,37,30,0.0064716069638136,train,1,0.0021579464574699
S31220,3,11,2025-10-04,42,28,0.0,train,1,0.0026966199632498
S31223,3,9,2025-10-04,32,29,0.0,train,1,0.0022803128953403
S31224,3,24,2025-10-04,34,24,0.0015667063859834,train,1,0.0027555263170271
S31225,3,16,2025-10-04,44,19,0.0,train,1,0.0026818283359722
S31228,3,8,2025-10-04,19,16,0.004803371057998,train,1,0.002179863934328
S31360,3,15,2025-10-04,52,31,0.0,train,1,0.0014874339846925
S31371,3,6,2025-10-04,20,18,0.0,train,1,0.0020346148404768
S31372,3,6,2025-10-04,28,15,0.0,train,1,0.0019163055023323
S31637,3,12,2025-10-04,47,19,0.0,train,1,0.0029069989605842
S31638,3,10,2025-10-04,42,30,0.0,train,1,0.0028999777327378
S31639,3,20,2025-10-04,62,19,0.0,train,1,0.0028676494458289
S31853,3,2,2025-10-04,57,21,0.0022235345699227,train,1,0.0027675656054027
S31856,3,12,2025-10-04,18,18,0.0067016356305875,train,1,0.0028708964350877
S31857,3,15,2025-10-04,43,31,0.0,train,1,0.0020944610417301
S31858,3,10,2025-10-04,55,20,0.0,train,1,0.0030475368154421
S31860,3,15,2025-10-04,33,30,0.0,train,1,0.0022431476234075
S31862,3,12,2025-10-04,21,26,0.0110981595366015,train,1,0.0027255249434797
S31863,3,21,2025-10-04,22,18,0.0,train,1,0.0029108787575064
S31866,3,21,2025-10-04,49,17,0.0,train,1,0.0027946643273989
S31868,3,23,2025-10-04,45,27,0.0,train,1,0.0024240062423052
S31870,3,12,2025-10-04,50,25,0.0021896202308573,train,1,0.002664707699801
S31873,3,18,2025-10-04,54,17,0.0044829296892617,train,1,0.0030428109328196
S31874,3,23,2025-10-04,47,20,0.0,train,1,0.0024276869494517
S31876,3,23,2025-10-04,63,24,0.0021860375101164,train,1,0.0022515792014967
S31878,3,10,2025-10-04,37,15,0.0043809196405354,train,1,0.0029642934281342
S31879,3,23,2025-10-04,45,12,0.0,train,1,0.0012313431741242
S31881,3,4,2025-10-04,38,21,0.006691980395325,train,1,0.0027801544819891
S32041,3,17,2025-10-04,47,14,0.0134077910866515,train,1,0.0018956398975703
S32042,3,17,2025-10-04,34,23,0.0,train,1,0.0025206365974933
S32043,3,22,2025-10-04,32,28,0.0044108967788028,train,1,0.0026768913364594
S32046,3,9,2025-10-04,47,19,0.0066225165562913,train,1,0.002039183590176
S32048,3,9,2025-10-04,54,18,0.0,train,1,0.0022138941114609
S32051,3,24,2025-10-04,35,17,0.0,train,1,0.0027164914740959
S32052,3,24,2025-10-04,23,23,0.0,train,1,0.0029043812509579
S32053,3,9,2025-10-04,53,23,0.0,train,1,0.0025002775364798
S32054,3,16,2025-10-04,55,18,0.0,train,1,0.0026262142043506
S32055,3,14,2025-10-04,41,21,0.0,train,1,0.0023086847344523
S32056,3,14,2025-10-04,16,21,0.0,train,1,0.0028889869750381
S32418,3,3,2025-10-04,36,22,0.0,train,1,0.0014873371144425
S32571,3,6,2025-10-04,53,30,0.0,train,1,0.0014036958616126
S32635,3,16,2025-10-04,31,29,0.0,train,1,0.0020659361224967
S32636,3,9,2025-10-04,23,26,0.0,train,1,0.0022783402801643
S32637,3,11,2025-10-04,31,13,0.0,train,1,0.0029679680392766
S32639,3,9,2025-10-04,20,18,0.0,train,1,0.0021251591668536
S32641,3,24,2025-10-04,61,26,0.0,train,1,0.0028734064032543
S32642,3,22,2025-10-04,13,21,0.0,train,1,0.0026074196805029
S32644,3,22,2025-10-04,34,16,0.0,train,1,0.0018598694240537
S32782,3,17,2025-10-04,23,19,0.0,train,1,0.0022587742113445
S32783,3,11,2025-10-04,22,16,0.0,train,1,0.0014274755787171
S32784,3,9,2025-10-04,46,30,0.0025532352110143,train,1,0.0018425950687682
S32785,3,24,2025-10-04,63,23,0.0,train,1,0.0029709448344139
S32787,3,16,2025-10-04,61,23,0.0,train,1,0.0024034360962993
S32789,3,4,2025-10-04,45,31,0.0025781485055038,train,1,0.0026134064200571
S32791,3,15,2025-10-04,37,13,0.0,train,1,0.0025615108199643
S32792,3,21,2025-10-04,27,18,0.0025354167623187,train,1,0.0025867444541058
S32793,3,18,2025-10-04,56,14,0.0,train,1,0.0032428852096248
S32794,3,20,2025-10-04,30,30,0.0051574206670402,train,1,0.0027182966195292
S32796,3,15,2025-10-04,31,28,0.0,train,1,0.0026314582167365
S32797,3,2,2025-10-04,50,15,0.0,train,1,0.0029348345234568
S32799,3,2,2025-10-04,26,29,0.0,train,1,0.0023592130344912
S32800,3,12,2025-10-04,21,24,0.0,train,1,0.0027698070166593
S32801,3,4,2025-10-04,54,14,0.0,train,1,0.0029434597967864
S32803,3,4,2025-10-04,34,16,0.0025845033801352,train,1,0.002517936182443
S32804,3,20,2025-10-04,47,21,0.0025445292620865,train,1,0.002894779266975
S32989,3,6,2025-10-04,39,28,0.0,train,1,0.0020235614499263
S32990,3,3,2025-10-04,61,24,0.0,train,1,0.0019535622992349
S33724,3,22,2025-10-04,41,22,0.0,train,1,0.0028643490257035
S33725,3,24,2025-10-04,35,31,0.0,train,1,0.0026729699797559
S33726,3,23,2025-10-04,18,19,0.0,train,1,0.0025498457472005
S33728,3,23,2025-10-04,41,22,0.0,train,1,0.0022737481268833
S33733,3,15,2025-10-04,37,31,0.0,train,1,0.0025995295526829
S33734,3,23,2025-10-04,36,31,0.0,train,1,0.0022872905098767
S33735,3,21,2025-10-04,54,24,0.0,train,1,0.0026508525536071
S33757,3,11,2025-10-04,19,19,0.0,train,1,0.0025602306604341
S33758,3,17,2025-10-04,28,24,0.0,train,1,0.0024842312418921
S33759,3,16,2025-10-04,47,18,0.0,train,1,0.0019494997196329
S33760,3,24,2025-10-04,60,18,0.0,train,1,0.0027863507286847
S33781,3,18,2025-10-04,29,31,0.0,train,1,0.0011898858323129
S33783,3,24,2025-10-04,49,31,0.0,train,1,0.0013294899377852
S33857,3,9,2025-10-04,24,20,0.0,train,1,0.0021841049554356
S33862,3,17,2025-10-04,58,20,0.0,train,1,0.0024527443235701
S34311,3,16,2025-10-04,19,19,0.0,train,1,0.002526217457919
S34314,3,21,2025-10-04,40,18,0.0,train,1,0.0026744962779426
S34316,3,4,2025-10-04,32,12,0.0,train,1,0.0028175794968138
S34318,3,10,2025-10-04,59,15,0.0,train,1,0.0025644248145294
S34587,3,8,2025-10-04,46,31,0.0,train,1,0.0021932455652746
S34589,3,3,2025-10-04,35,22,0.0,train,1,0.0014967869322372
S34590,3,6,2025-10-04,35,13,0.0,train,1,0.0022724317059047
S34635,3,22,2025-10-04,31,31,0.0,train,1,0.0006927416157906
S34898,3,15,2025-10-04,56,30,0.0,train,1,0.0014295761208782
S34901,3,6,2025-10-04,24,13,0.0,train,1,0.0007504492734613
S34902,3,6,2025-10-04,42,11,0.0,train,1,0.0009063569986495
S34913,3,3,2025-10-04,35,15,0.0,train,1,0.001955660728986
S34915,3,6,2025-10-04,36,17,0.0,train,1,0.0025728319714555
S34918,3,6,2025-10-04,36,14,0.0,train,1,0.0017800216539526
S35000,3,22,2025-10-04,51,26,0.0,train,1,0.0018056732731423
S35001,3,8,2025-10-04,36,15,0.0,train,1,0.0017426093668367
S35003,3,22,2025-10-04,55,17,0.0,train,1,0.0019118863899465
S35004,3,22,2025-10-04,23,15,0.0,train,1,0.0017006645228672
S35030,3,2,2025-10-04,35,23,0.0,train,1,0.0030041962455376
S35032,3,12,2025-10-04,25,22,0.0,train,1,0.0027354535831301
S35035,3,12,2025-10-04,33,20,0.0,train,1,0.0027825803337715
S35037,3,20,2025-10-04,42,13,0.0,train,1,0.0027866023546808
S35326,3,24,2025-10-04,28,20,0.0,train,1,0.0028230059312789
S35327,3,24,2025-10-04,37,23,0.0,train,1,0.0025704461252178
S35328,3,9,2025-10-04,29,17,0.0,train,1,0.0019565151610392
S35329,3,22,2025-10-04,56,23,0.0,train,1,0.0019190107374246
S35330,3,9,2025-10-04,38,18,0.0,train,1,0.002113751216299
S35331,3,2,2025-10-04,55,28,0.0022327871540611,train,1,0.0024339919846982
S35332,3,18,2025-10-04,29,23,0.0087352055146037,train,1,0.0029941022748952
S35333,3,21,2025-10-04,58,16,0.0203385351811643,train,1,0.0023537958434083
S35334,3,21,2025-10-04,20,21,0.0,train,1,0.0028579356633304
S35340,3,21,2025-10-04,57,29,0.0,train,1,0.0016819529528381
S35402,3,9,2025-10-04,16,26,0.0,train,1,0.0012561128540349
S35521,3,6,2025-10-04,27,29,0.0,train,1,0.0021900776157214
S35522,3,6,2025-10-04,38,22,0.0,train,1,0.0026764569860181
S36158,3,22,2025-10-04,31,30,0.0,train,1,0.0023655179717134
S36160,3,22,2025-10-04,42,16,0.0,train,1,0.0018308216322685
S36466,3,11,2025-10-04,17,24,0.0,train,1,0.0026258437519333
S36468,3,9,2025-10-04,28,25,0.0,train,1,0.0019185579678567
S36470,3,14,2025-10-04,17,19,0.0,train,1,0.0024542397868396
S36471,3,24,2025-10-04,21,26,0.0,train,1,0.002808888548121
S36475,3,14,2025-10-04,16,25,0.0,train,1,0.0028725974973863
S36476,3,14,2025-10-04,47,24,0.0,train,1,0.0027991147790052
S36477,3,20,2025-10-04,40,21,0.0,train,1,0.0029412615927872
S36478,3,2,2025-10-04,18,21,0.0,train,1,0.0027164351278392
S36479,3,21,2025-10-04,36,19,0.0,train,1,0.0026862992047506
S36480,3,23,2025-10-04,23,28,0.0,train,1,0.002442062738036
S36483,3,12,2025-10-04,26,20,0.0,train,1,0.0028582390272686
S36485,3,12,2025-10-04,28,24,0.0,train,1,0.0028208490068926
S36488,3,4,2025-10-04,47,21,0.0,train,1,0.0025199252929749
S36489,3,2,2025-10-04,23,27,0.0,train,1,0.0027948855557252
S36491,3,4,2025-10-04,17,20,0.0,train,1,0.002831330554969
S36493,3,4,2025-10-04,45,21,0.0,train,1,0.0028970259437583
S36494,3,23,2025-10-04,49,17,0.0,train,1,0.0025144741994363
S36893,3,24,2025-10-04,43,11,0.0,train,1,0.0018860032313422
S36895,3,22,2025-10-04,42,32,0.0,train,1,0.0011149004008483
S37084,3,11,2025-10-04,26,15,0.0,train,1,0.0028562878780517
S37087,3,18,2025-10-04,29,27,0.0,train,1,0.0027124813149507
S37089,3,20,2025-10-04,24,25,0.0,train,1,0.0028796953532785
S37090,3,4,2025-10-04,30,30,0.0,train,1,0.0026274015760295
S37092,3,2,2025-10-04,28,24,0.0,train,1,0.0028222490377886
S37242,3,16,2025-10-04,41,14,0.0,train,1,0.0026716794492444
S37243,3,24,2025-10-04,26,25,0.0,train,1,0.0026838292975276
S37244,3,11,2025-10-04,59,22,0.0,train,1,0.0026909701140653
S37248,3,20,2025-10-04,28,29,0.0,train,1,0.0027360077007958
S37249,3,18,2025-10-04,23,16,0.0,train,1,0.0031095856422017
S37252,3,10,2025-10-04,61,21,0.0,train,1,0.0031012223805464
S37254,3,10,2025-10-04,30,22,0.0,train,1,0.003061891440436
S37255,3,23,2025-10-04,22,21,0.0,train,1,0.0026341191451488
S37315,3,14,2025-10-04,40,22,0.0,train,1,0.0029158426491157
S37317,3,24,2025-10-04,22,27,0.0,train,1,0.0025612671193826
S37410,3,8,2025-10-04,34,25,0.0,train,1,0.0022933033050147
S37459,3,8,2025-10-04,28,17,0.0,train,1,0.0022772361946871
S37463,3,9,2025-10-04,40,19,0.0,train,1,0.0022471122884285
S37464,3,11,2025-10-04,46,29,0.0,train,1,0.0028367964256068
S37465,3,11,2025-10-04,18,25,0.0,train,1,0.0029006918279461
S37466,3,14,2025-10-04,34,19,0.0,train,1,0.0026481750370548
S37467,3,22,2025-10-04,45,31,0.0,train,1,0.0026160556269256
S37620,3,10,2025-10-04,55,25,0.0,train,1,0.0029073854884046
S37621,3,23,2025-10-04,23,17,0.0050101816568882,train,1,0.0021330555436692
S37624,3,20,2025-10-04,28,20,0.0,train,1,0.0026627865184298
S37625,3,18,2025-10-04,44,22,0.0,train,1,0.0026197327865331
S37802,3,15,2025-10-04,36,32,0.0,train,1,0.0012721341124078
S38477,3,17,2025-10-04,33,15,0.0083221701272605,train,1,0.0024978796511616
S38532,3,10,2025-10-04,47,22,0.0027729655387894,train,1,0.0028173588750382
S38534,3,2,2025-10-04,57,18,0.0040580041478191,train,1,0.0027083659185236
S38536,3,21,2025-10-04,34,20,0.0070045184076488,train,1,0.0025813271784442
S38537,3,18,2025-10-04,24,14,0.0124153780819864,train,1,0.0028668039590579
S38538,3,21,2025-10-04,44,14,0.0084237288135593,train,1,0.0024931217902709
S38540,3,4,2025-10-04,42,20,0.0069019725476472,train,1,0.0027746109406528
S38548,3,9,2025-10-04,59,15,0.0042403610705845,train,1,0.000568390792452
S38660,3,12,2025-10-04,45,11,0.0,train,1,0.0006135347316772
S38992,3,3,2025-10-04,29,23,0.0,train,1,0.0009035111349424
S38993,3,3,2025-10-04,49,21,0.0,train,1,0.0016216246636331
S38994,3,8,2025-10-04,27,29,0.0,train,1,0.0020842893945429
S39145,3,11,2025-10-04,56,22,0.0,train,1,0.0025557981310328
S39147,3,24,2025-10-04,46,17,0.0,train,1,0.0029140725005867
S39149,3,24,2025-10-04,45,22,0.0,train,1,0.0028084214546913
S39150,3,16,2025-10-04,41,16,0.0,train,1,0.002666312097287
S39152,3,22,2025-10-04,39,15,0.0,train,1,0.0026336763020874
S39352,3,9,2025-10-04,21,14,0.0,train,1,0.0011364992274981
S39353,3,8,2025-10-04,14,25,0.0,train,1,0.001535056710814
S39375,3,8,2025-10-04,36,29,0.0,train,1,0.0024662766934072
S39395,3,16,2025-10-04,51,27,0.0,train,1,0.0024451220345112
S39396,3,22,2025-10-04,25,23,0.0,train,1,0.0023129010739931
S39398,3,9,2025-10-04,35,12,0.0974170661603387,train,1,0.0013878633522419
S39521,3,22,2025-10-04,31,19,0.0,train,1,0.0024071923585208
S39523,3,24,2025-10-04,58,20,0.0,train,1,0.0027553289782485
S39525,3,24,2025-10-04,46,26,0.0,train,1,0.0026450128377804
S39526,3,23,2025-10-04,45,30,0.0,train,1,0.0024551493464516
S39527,3,20,2025-10-04,58,17,0.0,train,1,0.002779388236287
S39528,3,4,2025-10-04,44,14,0.0,train,1,0.0026642381336518
S39576,3,24,2025-10-04,29,12,0.0,train,1,0.0009616869516
S39584,3,6,2025-10-04,33,25,0.0,train,1,0.0025541876612303
S39834,3,11,2025-10-04,32,14,0.0,train,1,0.0027441177525712
S39836,3,14,2025-10-04,16,19,0.0,train,1,0.0028926547720725
S39858,3,15,2025-10-04,48,25,0.0065424005476134,train,1,0.002497882267439
S39859,3,10,2025-10-04,56,24,0.0049135433864892,train,1,0.002877498297095
S39860,3,20,2025-10-04,33,25,0.003285961275905,train,1,0.0028104988672179
S39861,3,12,2025-10-04,53,27,0.0033724867509449,train,1,0.0028405807728016
S39862,3,21,2025-10-04,58,15,0.0,train,1,0.0028413719156722
S40100,3,11,2025-10-04,38,16,0.0115348399246704,train,1,0.0023975361491489
S40101,3,17,2025-10-04,41,18,0.0,train,1,0.0025525787057574
S40102,3,17,2025-10-04,47,25,0.0114476563399746,train,1,0.0023461205122373
S40104,3,8,2025-10-04,36,13,0.0,train,1,0.001966570245685
S40106,3,24,2025-10-04,35,24,0.0057432744753628,train,1,0.0028175715411276
S40107,3,17,2025-10-04,31,19,0.0033847515919229,train,1,0.0022868249812333
S40108,3,24,2025-10-04,27,19,0.0099013846000597,train,1,0.0026543335466361
S40109,3,9,2025-10-04,60,26,0.0,train,1,0.0025627697057867
S40110,3,14,2025-10-04,45,31,0.0033285113450668,train,1,0.0018627179704434
S40111,3,11,2025-10-04,46,21,0.0033477143598085,train,1,0.0028110271850857
S40112,3,17,2025-10-04,24,28,0.0,train,1,0.0018107496559894
S40114,3,22,2025-10-04,29,17,0.0,train,1,0.0026059384910453
S40115,3,17,2025-10-04,38,24,0.0019563155139362,train,1,0.002565884121802
S40117,3,14,2025-10-04,53,14,0.0033385729447959,train,1,0.0022819783870743
S40118,3,14,2025-10-04,25,19,0.0,train,1,0.0028880221423803
S40119,3,21,2025-10-04,40,29,0.0019506260057302,train,1,0.0028821064523893
S40120,3,20,2025-10-04,42,31,0.0,train,1,0.0025260337890105
S40121,3,21,2025-10-04,19,22,0.0058694317161887,train,1,0.0027293320635332
S40123,3,2,2025-10-04,51,22,0.0038914466472485,train,1,0.0026564233469695
S40125,3,21,2025-10-04,44,30,0.017362243234431,train,1,0.0028628751092163
S40463,3,14,2025-10-04,59,19,0.0,train,1,0.0023924003112999
S40465,3,11,2025-10-04,57,16,0.0,train,1,0.0028437790713341
S40467,3,24,2025-10-04,16,19,0.0148896649718384,train,1,0.003017415480123
S40470,3,24,2025-10-04,18,18,0.0043195793407644,train,1,0.0029231858301078
S40939,3,23,2025-10-04,41,12,0.0,train,1,0.0012732491596795
S40940,3,15,2025-10-04,28,15,0.0021364490239823,train,1,0.0023383001005315
S40945,3,21,2025-10-04,51,26,0.0,train,1,0.0028106017244585
S40947,3,10,2025-10-04,56,17,0.0021390420362647,train,1,0.0030134455832525
S40949,3,23,2025-10-04,29,28,0.0064917253360153,train,1,0.0024668889247984
S40950,3,20,2025-10-04,18,18,0.0,train,1,0.0028328922346924
S40951,3,2,2025-10-04,49,23,0.0,train,1,0.0031911367963096
S41336,3,4,2025-10-04,17,25,0.0,train,1,0.0027896484057565
S41338,3,2,2025-10-04,35,20,0.0027237951179945,train,1,0.0028352508043859
S41339,3,2,2025-10-04,39,28,0.0,train,1,0.0028827797941851
S41340,3,21,2025-10-04,40,31,0.0,train,1,0.0027987798529038
S41341,3,10,2025-10-04,25,26,0.0,train,1,0.0030249220117549
S41344,3,12,2025-10-04,42,18,0.0,train,1,0.0026469200758188
S41347,3,18,2025-10-04,38,15,0.0,train,1,0.0030588229810159
S41348,3,18,2025-10-04,39,28,0.0,train,1,0.00296480751822
S41349,3,21,2025-10-04,48,27,0.0,train,1,0.0027979397942412
S41350,3,21,2025-10-04,32,13,0.0,train,1,0.0027255701702458
S41351,3,23,2025-10-04,46,24,0.0,train,1,0.0026025797231947
S41352,3,10,2025-10-04,30,21,0.0026819055019534,train,1,0.0030942552188088
S41353,3,2,2025-10-04,43,13,0.0,train,1,0.0026025480676989
S41354,3,4,2025-10-04,55,14,0.0,train,1,0.0029235195735575
S41355,3,23,2025-10-04,18,23,0.0,train,1,0.0025300247952982
S41356,3,2,2025-10-04,35,13,0.0,train,1,0.0028148729092876
S41379,3,21,2025-10-04,39,11,0.0,train,1,0.0014255520142565
S41380,3,23,2025-10-04,26,13,0.0,train,1,0.0014204028856423
S41382,3,6,2025-10-04,41,32,0.0,train,1,0.0005908908913203
S41387,3,8,2025-10-04,57,22,0.0,train,1,0.0024460557954288
S41388,3,6,2025-10-04,27,14,0.0,train,1,0.002091679876382
S41395,3,9,2025-10-04,36,27,0.0,train,1,0.0022348256933758
S41396,3,11,2025-10-04,54,25,0.0,train,1,0.0022903506035207
S41398,3,14,2025-10-04,27,18,0.0,train,1,0.0022889915309427
S41465,3,4,2025-10-04,29,30,0.0,train,1,0.0026934514971407
S41467,3,23,2025-10-04,47,16,0.0024358446548648,train,1,0.0018149435775375
S41469,3,10,2025-10-04,21,28,0.0072190105452749,train,1,0.0028766382733242
S41470,3,12,2025-10-04,54,16,0.0,train,1,0.0030184617170805
S41471,3,10,2025-10-04,31,30,0.0,train,1,0.0029960985593715
S41472,3,4,2025-10-04,45,19,0.0048700423801474,train,1,0.0024397194527268
S41535,3,6,2025-10-04,39,23,0.0,train,1,0.0019142727408174
S41538,3,3,2025-10-04,60,25,0.0036282669002774,train,1,0.0020948528649409
S41657,3,4,2025-10-04,58,24,0.0126465862577882,train,1,0.0030104015826529
S41660,3,15,2025-10-04,34,23,0.0,train,1,0.0024678299241603
S41661,3,15,2025-10-04,52,26,0.012443175924833,train,1,0.0023242199223149
S41662,3,12,2025-10-04,54,14,0.0054047000228367,train,1,0.0030234646454506
S41663,3,10,2025-10-04,31,25,0.0127349132093152,train,1,0.0027706918799094
S41664,3,20,2025-10-04,57,15,0.0018237193600469,train,1,0.0026849468223321
S41665,3,20,2025-10-04,32,26,0.003574948030182,train,1,0.0028374799259389
S41666,3,21,2025-10-04,58,26,0.0107317915829932,train,1,0.0030178191497954
S41667,3,21,2025-10-04,23,23,0.0018027036928221,train,1,0.0026289361054791
S41668,3,18,2025-10-04,44,26,0.0088330116482008,train,1,0.0028654485062044
S41669,3,21,2025-10-04,28,21,0.0,train,1,0.0027406569271758
S41671,3,18,2025-10-04,32,28,0.0036129557540136,train,1,0.0030127819433833
S41674,3,4,2025-10-04,28,15,0.0,train,1,0.0025874749401682
S41716,3,16,2025-10-04,36,18,0.0,train,1,0.0025841498172261
S41717,3,11,2025-10-04,36,30,0.0017930845383438,train,1,0.0025645226511493
S41718,3,24,2025-10-04,56,29,0.0017884388404295,train,1,0.002571491053549
S41720,3,9,2025-10-04,31,18,0.0,train,1,0.0023272328275925
S41722,3,22,2025-10-04,48,19,0.0036038387771602,train,1,0.0019679710106489
S41956,3,4,2025-10-04,34,13,0.0046206553521041,train,1,0.0026555300957452
S41957,3,20,2025-10-04,40,28,0.002273080687504,train,1,0.0026749113506393
S41960,3,21,2025-10-04,36,14,0.0,train,1,0.0027513711284255
S41962,3,20,2025-10-04,42,12,0.00449460556897,train,1,0.0028712683189102
S41965,3,12,2025-10-04,48,30,0.0022565471650139,train,1,0.0027291476057647
S42358,3,8,2025-10-04,55,26,0.0,train,1,0.0027340381028258
S42359,3,3,2025-10-04,23,14,0.0,train,1,0.0020336340553018
S42360,3,8,2025-10-04,23,28,0.0,train,1,0.0024958494164023
S42366,3,2,2025-10-04,27,28,0.0,train,1,0.0023677676740819
S42368,3,15,2025-10-04,20,15,0.0,train,1,0.0026772631765502
S42369,3,2,2025-10-04,59,26,0.0025196451204055,train,1,0.0031125797155489
S42372,3,23,2025-10-04,53,27,0.0024760367469759,train,1,0.0024404827883572
S42373,3,10,2025-10-04,29,20,0.0,train,1,0.0027423281731328
S42374,3,23,2025-10-04,31,17,0.0,train,1,0.0027173065927434
S42375,3,15,2025-10-04,55,25,0.0025234062430187,train,1,0.0024764000147538
S42376,3,20,2025-10-04,37,19,0.0049744521346605,train,1,0.0029460344013267
S42377,3,20,2025-10-04,17,25,0.0,train,1,0.0028941831671515
S42379,3,23,2025-10-04,33,12,0.0,train,1,0.001598668596414
S42383,3,8,2025-10-04,44,21,0.0,train,1,0.0024944980622683
S42384,3,8,2025-10-04,24,20,0.0,train,1,0.0023022333758416
S42552,3,8,2025-10-04,16,19,0.0,train,1,0.0023453498588793
S42553,3,6,2025-10-04,32,23,0.0,train,1,0.0025991587306135
S42601,3,16,2025-10-04,33,25,0.0,train,1,0.0023167880613604
S42603,3,16,2025-10-04,54,29,0.0,train,1,0.0024970259683513
S42605,3,23,2025-10-04,47,21,0.0,train,1,0.0022903000472212
S42606,3,18,2025-10-04,60,19,0.0,train,1,0.0031099254157087
S42607,3,23,2025-10-04,39,16,0.0,train,1,0.0027035028318525
S42610,3,10,2025-10-04,18,18,0.0,train,1,0.0029179894160961
S42613,3,20,2025-10-04,35,32,0.0,train,1,0.0013461921101027
S42614,3,18,2025-10-04,49,31,0.0,train,1,0.0006210488421951
S42960,3,6,2025-10-04,40,26,0.0,train,1,0.0026483878123946
S42989,3,3,2025-10-04,22,14,0.0,train,1,0.0011284139608349
S42990,3,24,2025-10-04,39,11,0.0,train,1,0.0012880281124784
S43013,3,9,2025-10-04,33,13,0.0,train,1,0.0024345970113285
S43015,3,9,2025-10-04,50,13,0.0,train,1,0.0026290196506687
S43016,3,16,2025-10-04,45,26,0.0,train,1,0.0028244433408908
S43017,3,22,2025-10-04,48,15,0.0,train,1,0.0017447440566499
S43021,3,18,2025-10-04,60,17,0.0,train,1,0.0030323363762599
S43022,3,21,2025-10-04,45,17,0.0,train,1,0.0029130028945412
S43023,3,8,2025-10-04,48,18,0.0,train,1,0.0023709987261153
S43027,3,2,2025-10-04,44,13,0.0,train,1,0.0027154393959786
S43341,3,17,2025-10-04,28,28,0.0113476796620811,train,1,0.0019103058685843
S43342,3,22,2025-10-04,18,22,0.0160202808526452,train,1,0.002303552042206
S43344,3,16,2025-10-04,36,19,0.019880568016229,train,1,0.0023890120199344
S43346,3,9,2025-10-04,34,15,0.0102321368078053,train,1,0.0019477329134326
S43347,3,9,2025-10-04,16,20,0.0175303489021486,train,1,0.0023673526230818
S43348,3,11,2025-10-04,30,24,0.0106030368090425,train,1,0.0023327035257614
S43349,3,14,2025-10-04,29,15,0.0019692332075322,train,1,0.0025261773158445
S43350,3,22,2025-10-04,56,20,0.0039387239168509,train,1,0.0020610849111733
S43352,3,11,2025-10-04,48,13,0.0067528484636735,train,1,0.00259955176108
S43354,3,10,2025-10-04,54,23,0.0,train,1,0.0030285888226642
S43356,3,10,2025-10-04,37,21,0.0,train,1,0.002890940330044
S43357,3,20,2025-10-04,25,26,0.0,train,1,0.0028409754407674
S43358,3,20,2025-10-04,34,18,0.0,train,1,0.0024847032126313
S43359,3,21,2025-10-04,47,31,0.0,train,1,0.0029348051095297
S43733,3,2,2025-10-04,44,25,0.009159433110337,train,1,0.0026647316028897
S43734,3,15,2025-10-04,57,27,0.0169457531323268,train,1,0.002495500025381
S43736,3,12,2025-10-04,61,21,0.0153352463821777,train,1,0.002774080958108
S43737,3,23,2025-10-04,42,19,0.0172686367505776,train,1,0.0027834611777577
S43740,3,10,2025-10-04,41,26,0.0207087031316035,train,1,0.0029696195272658
S00017,3,3,2025-10-04,17,17,0.0,train,2,0.0022386197746728
S00214,3,16,2025-10-04,56,27,0.0,train,2,0.0023589491394284
S00216,3,14,2025-10-04,37,30,0.0,train,2,0.002858340524785
S00217,3,22,2025-10-04,33,18,0.0,train,2,0.0027033016657609
S00408,3,8,2025-10-04,59,23,0.0022408584697236,train,2,0.0024341691330435
S00409,3,6,2025-10-04,21,25,0.002175502182068,train,2,0.0023814402433337
S00410,3,3,2025-10-04,22,17,0.0,train,2,0.0021235104150416
S00632,3,22,2025-10-04,61,28,0.0,train,2,0.0011503828535806
S00636,3,6,2025-10-04,54,17,0.0,train,2,0.0025047875864378
S00637,3,8,2025-10-04,46,20,0.0,train,2,0.0022354206856871
S00791,3,18,2025-10-04,53,19,0.0,train,2,0.0031300019598456
S00792,3,21,2025-10-04,54,28,0.0,train,2,0.002897385149417
S00793,3,21,2025-10-04,31,14,0.0,train,2,0.0029094416090083
S00794,3,15,2025-10-04,59,20,0.0,train,2,0.0026653881129702
S00795,3,2,2025-10-04,50,19,0.0,train,2,0.0029777383970035
S01317,3,18,2025-10-04,22,15,0.0,train,2,0.0029783233046165
S01887,3,24,2025-10-04,50,30,0.0,train,2,0.0026239589483782
S01891,3,21,2025-10-04,30,18,0.0,train,2,0.0028096846165746
S01893,3,15,2025-10-04,34,27,0.0,train,2,0.0022232726674317
S01895,3,10,2025-10-04,40,14,0.0,train,2,0.0030245516141871
S01896,3,15,2025-10-04,26,27,0.0,train,2,0.0024346485474339
S02103,3,3,2025-10-04,26,22,0.0,train,2,0.0010437408112752
S02104,3,8,2025-10-04,46,27,0.003256539288148,train,2,0.0018747306132619
S02437,3,11,2025-10-04,27,28,0.0,train,2,0.0029021615374828
S02576,3,3,2025-10-04,35,28,0.0,train,2,0.001460457738568
S02577,3,8,2025-10-04,57,18,0.0,train,2,0.0024145306198223
S03360,3,20,2025-10-04,47,26,0.0401748338558717,train,2,0.0028516536843749
S03361,3,21,2025-10-04,49,19,0.0,train,2,0.0028636821386088
S03362,3,15,2025-10-04,47,24,0.0028811594202898,train,2,0.0025382246566155
S03364,3,4,2025-10-04,30,29,0.0028502282476544,train,2,0.0025936661230162
S03365,3,20,2025-10-04,34,20,0.0,train,2,0.0019900372784757
S03366,3,4,2025-10-04,46,31,0.0,train,2,0.0026744839676754
S03367,3,20,2025-10-04,34,25,0.0,train,2,0.0027914555361174
S03401,3,16,2025-10-04,38,16,0.0057922370038867,train,2,0.0024283988700633
S03402,3,11,2025-10-04,40,29,0.0,train,2,0.002780243646419
S03404,3,9,2025-10-04,31,16,0.0,train,2,0.001987648733312
S03405,3,11,2025-10-04,46,27,0.0,train,2,0.0024385204420233
S03406,3,14,2025-10-04,49,24,0.0,train,2,0.002450312270859
S03408,3,9,2025-10-04,29,24,0.0,train,2,0.0023110338509253
S03409,3,16,2025-10-04,63,19,0.0,train,2,0.0027640444552005
S03410,3,9,2025-10-04,38,31,0.0,train,2,0.0020230370581041
S03478,3,9,2025-10-04,51,26,0.0,train,2,0.0024363987288413
S03479,3,17,2025-10-04,49,13,0.0,train,2,0.0025234339933543
S03482,3,14,2025-10-04,46,27,0.0,train,2,0.0028532843572685
S03484,3,18,2025-10-04,23,17,0.0,train,2,0.0030020898698411
S03485,3,21,2025-10-04,34,27,0.0,train,2,0.0026127757906029
S03486,3,12,2025-10-04,51,30,0.0,train,2,0.0027097657555281
S03490,3,4,2025-10-04,45,11,0.0,train,2,0.0022114945786873
S03688,3,3,2025-10-04,51,16,0.0,train,2,0.00222695026012
S03689,3,3,2025-10-04,49,20,0.0,train,2,0.0010935278024948
S03690,3,8,2025-10-04,26,18,0.0,train,2,0.0021666587128445
S03691,3,3,2025-10-04,25,22,0.0,train,2,0.0022210707982592
S03880,3,20,2025-10-04,30,31,0.0,train,2,0.0009189053217703
S03892,3,18,2025-10-04,35,29,0.0,train,2,0.0030926679448051
S03893,3,21,2025-10-04,51,14,0.0,train,2,0.0029209925186502
S03895,3,2,2025-10-04,40,31,0.0,train,2,0.0027094672540157
S04035,3,9,2025-10-04,51,30,0.0,train,2,0.001612516083267
S04036,3,24,2025-10-04,53,27,0.0,train,2,0.0028466489257241
S04039,3,11,2025-10-04,20,15,0.0,train,2,0.0018111492915045
S04040,3,14,2025-10-04,51,26,0.0,train,2,0.0021718044496235
S04096,3,10,2025-10-04,31,28,0.0,train,2,0.0029192553262565
S04097,3,21,2025-10-04,40,23,0.0,train,2,0.0026609190474018
S04098,3,20,2025-10-04,25,18,0.0,train,2,0.002736284030534
S04099,3,20,2025-10-04,39,17,0.0,train,2,0.0028277699463477
S04142,3,12,2025-10-04,36,26,0.0,train,2,0.0027628453923372
S04143,3,10,2025-10-04,59,17,0.0,train,2,0.0030001936376057
S04144,3,10,2025-10-04,36,22,0.0,train,2,0.0029945297410869
S04145,3,12,2025-10-04,50,27,0.0,train,2,0.0026815745387296
S04147,3,23,2025-10-04,53,25,0.0,train,2,0.0021206886209922
S04149,3,20,2025-10-04,34,19,0.0,train,2,0.0026586668877797
S04275,3,8,2025-10-04,48,28,0.0,train,2,0.0025524218089116
S04276,3,3,2025-10-04,19,25,0.0,train,2,0.0022606681181215
S04277,3,6,2025-10-04,25,15,0.0,train,2,0.0018408550287359
S04373,3,12,2025-10-04,15,26,0.0,train,2,0.0023535771650543
S04374,3,15,2025-10-04,55,13,0.0,train,2,0.0012909419355213
S04384,3,8,2025-10-04,44,30,0.0,train,2,0.0022711195077325
S04386,3,3,2025-10-04,36,15,0.0,train,2,0.0021634435561793
S04504,3,20,2025-10-04,38,26,0.0,train,2,0.0028751288700978
S04505,3,23,2025-10-04,39,27,0.0,train,2,0.0025586341512138
S04746,3,24,2025-10-04,41,32,0.0,train,2,0.0008165623812892
S04755,3,8,2025-10-04,26,22,0.0,train,2,0.0024237250488434
S04757,3,8,2025-10-04,45,21,0.0,train,2,0.0021728527431474
S04855,3,8,2025-10-04,17,24,0.0122679699842022,train,2,0.0024021265707112
S04857,3,6,2025-10-04,51,25,0.0,train,2,0.0019638499274959
S05047,3,14,2025-10-04,62,26,0.0,train,2,0.0023236015050229
S05048,3,24,2025-10-04,53,21,0.0,train,2,0.002913830942947
S05049,3,24,2025-10-04,30,23,0.0,train,2,0.0027864475572066
S05051,3,11,2025-10-04,21,15,0.0,train,2,0.0018863385247953
S05052,3,22,2025-10-04,33,25,0.0,train,2,0.0021135665674575
S05053,3,14,2025-10-04,24,20,0.0,train,2,0.0024721508719011
S05054,3,17,2025-10-04,24,27,0.0,train,2,0.002535287671485
S05055,3,24,2025-10-04,25,16,0.0,train,2,0.0026243444722399
S05056,3,8,2025-10-04,28,14,0.0,train,2,0.0023886096571875
S05060,3,17,2025-10-04,60,24,0.0,train,2,0.0025713416907658
S05062,3,22,2025-10-04,61,19,0.0,train,2,0.0026556910219899
S05064,3,9,2025-10-04,22,27,0.0,train,2,0.0021703208767182
S05065,3,9,2025-10-04,52,24,0.0,train,2,0.0023266791786292
S05066,3,9,2025-10-04,33,17,0.0,train,2,0.0024858297610279
S05067,3,9,2025-10-04,40,12,0.0,train,2,0.0027169899878094
S05068,3,16,2025-10-04,47,28,0.0,train,2,0.0026384499082114
S05069,3,17,2025-10-04,40,13,0.0,train,2,0.0019774739973502
S05070,3,14,2025-10-04,44,20,0.0,train,2,0.0025362810129917
S05072,3,2,2025-10-04,64,23,0.0,train,2,0.0027356249890667
S05074,3,21,2025-10-04,53,28,0.0034911001531307,train,2,0.002925016492666
S05075,3,23,2025-10-04,49,29,0.0034852979333655,train,2,0.0018332557880882
S05076,3,15,2025-10-04,56,29,0.0,train,2,0.002354672180152
S05077,3,10,2025-10-04,19,20,0.0,train,2,0.0030024544792829
S05078,3,10,2025-10-04,44,20,0.0,train,2,0.0030162266754953
S05080,3,4,2025-10-04,61,23,0.0,train,2,0.0027434623015037
S05082,3,10,2025-10-04,34,25,0.0,train,2,0.0028069637796633
S05083,3,20,2025-10-04,57,14,0.0,train,2,0.0005906337061553
S05130,3,16,2025-10-04,38,31,0.0,train,2,0.0025195418563443
S05131,3,8,2025-10-04,38,17,0.0,train,2,0.0021397543455755
S05132,3,9,2025-10-04,39,28,0.0,train,2,0.0020271367989581
S05159,3,22,2025-10-04,22,17,0.0,train,2,0.0024588192427913
S05160,3,17,2025-10-04,36,28,0.0,train,2,0.002540674044417
S05161,3,14,2025-10-04,24,24,0.0,train,2,0.0025486483753457
S05163,3,10,2025-10-04,22,26,0.0,train,2,0.0030642693210271
S05165,3,21,2025-10-04,37,32,0.0,train,2,0.0007774879862913
S05260,3,16,2025-10-04,58,29,0.0,train,2,0.00114299586921
S05263,3,8,2025-10-04,22,27,0.0,train,2,0.0023881554691339
S05264,3,2,2025-10-04,21,23,0.0,train,2,0.0029592759269975
S05315,3,9,2025-10-04,49,31,0.0,train,2,0.001568266995732
S05346,3,6,2025-10-04,21,26,0.0224405729448867,train,2,0.0020376490195892
S05581,3,24,2025-10-04,34,12,0.0051224439313984,train,2,0.0028350203036738
S05582,3,9,2025-10-04,47,22,0.0,train,2,0.0018567889535304
S05585,3,9,2025-10-04,50,14,0.001709736900044,train,2,0.0016983932139398
S05586,3,11,2025-10-04,38,14,0.0017319728460112,train,2,0.0025325024424838
S05587,3,17,2025-10-04,48,18,0.0102506986768967,train,2,0.0024934938606807
S05590,3,21,2025-10-04,62,19,0.0170111684995601,train,2,0.0029612279138872
S05591,3,21,2025-10-04,33,21,0.0086575109568901,train,2,0.0027858789786988
S05592,3,10,2025-10-04,59,26,0.0139729397293972,train,2,0.0028101005733347
S05593,3,20,2025-10-04,35,13,0.0103860822318583,train,2,0.002741545930363
S05594,3,2,2025-10-04,42,28,0.0052894285927139,train,2,0.0025915934274767
S05596,3,18,2025-10-04,60,27,0.006912642694957,train,2,0.003050413568034
S05598,3,2,2025-10-04,44,17,0.0017265217361096,train,2,0.0026101028935371
S05611,3,11,2025-10-04,54,19,0.0,train,2,0.0028613452155097
S05612,3,9,2025-10-04,32,12,0.0,train,2,0.0024933598950601
S05613,3,14,2025-10-04,54,17,0.0,train,2,0.0028594152684763
S05614,3,11,2025-10-04,53,17,0.0,train,2,0.0028996446775209
S05617,3,24,2025-10-04,65,20,0.0,train,2,0.0028917906812233
S05894,3,16,2025-10-04,55,15,0.0,train,2,0.002221172380785
S05927,3,15,2025-10-04,59,16,0.0,train,2,0.0026826985009683
S05997,3,23,2025-10-04,16,17,0.0,train,2,0.0015911952739878
S06102,3,11,2025-10-04,42,30,0.0075933276497963,train,2,0.0027312358725231
S06103,3,9,2025-10-04,60,16,0.0,train,2,0.0026949094663233
S06104,3,24,2025-10-04,53,19,0.0030384730602987,train,2,0.002674237425653
S06105,3,24,2025-10-04,46,13,0.0,train,2,0.0027584903716404
S06108,3,14,2025-10-04,28,21,0.0,train,2,0.0022018636447364
S06109,3,17,2025-10-04,44,21,0.0060498718814858,train,2,0.0026076130231247
S06111,3,2,2025-10-04,45,31,0.004533637400228,train,2,0.0024482597123443
S06113,3,2,2025-10-04,59,23,0.0,train,2,0.0031163181222354
S06114,3,2,2025-10-04,42,27,0.0015154148486262,train,2,0.0023362441175199
S06115,3,2,2025-10-04,49,29,0.0105845700759995,train,2,0.0026699495919834
S06116,3,15,2025-10-04,58,15,0.0045407617881647,train,2,0.002684285572597
S06118,3,10,2025-10-04,17,25,0.0015491118321598,train,2,0.0027867022805372
S06119,3,23,2025-10-04,36,25,0.0091795648479923,train,2,0.0018216875216387
S06120,3,21,2025-10-04,46,28,0.0077858194692483,train,2,0.0026375305670944
S06122,3,15,2025-10-04,48,22,0.0092705719961574,train,2,0.0028314764644962
S06177,3,3,2025-10-04,36,27,0.0,train,2,0.0018363562746945
S06178,3,6,2025-10-04,25,23,0.0076934746332054,train,2,0.0025955296504703
S06854,3,8,2025-10-04,43,15,0.0,train,2,0.0021314164281798
S06855,3,14,2025-10-04,61,25,0.0,train,2,0.0024364228577691
S06856,3,9,2025-10-04,22,16,0.0,train,2,0.0021988275496823
S06857,3,14,2025-10-04,17,22,0.0022518236600063,train,2,0.0021742853054828
S06858,3,9,2025-10-04,40,17,0.0,train,2,0.0021135413207667
S06861,3,22,2025-10-04,45,13,0.0,train,2,0.002265900139195
S06947,3,23,2025-10-04,19,27,0.0,train,2,0.0022140682423441
S07180,3,2,2025-10-04,38,16,0.018963842195943,train,2,0.003001365257893
S07181,3,4,2025-10-04,41,16,0.0,train,2,0.0022646517785974
S07182,3,12,2025-10-04,29,15,0.0028509149314518,train,2,0.0027211390461485
S07183,3,15,2025-10-04,14,22,0.012799601675709,train,2,0.0022962097223376
S07185,3,4,2025-10-04,39,31,0.0072605409322125,train,2,0.0028933895758883
S07187,3,4,2025-10-04,43,23,0.0,train,2,0.0029570732808542
S07189,3,12,2025-10-04,43,16,0.0,train,2,0.0028709266241096
S07190,3,12,2025-10-04,40,20,0.0,train,2,0.0028954474213608
S07191,3,20,2025-10-04,45,16,0.0,train,2,0.0028912809669125
S07192,3,21,2025-10-04,31,26,0.0,train,2,0.0027772938259531
S07193,3,10,2025-10-04,53,22,0.0014886167246238,train,2,0.0025551917709431
S07194,3,18,2025-10-04,40,21,0.0074196823121939,train,2,0.0029269355785381
S07195,3,18,2025-10-04,47,20,0.0057802627867961,train,2,0.0027313848667023
S07196,3,21,2025-10-04,58,27,0.0029731726504009,train,2,0.0027581922458999
S07197,3,18,2025-10-04,36,16,0.0,train,2,0.0029411589668028
S07198,3,21,2025-10-04,41,17,0.0074315978982185,train,2,0.0024624998089338
S07199,3,15,2025-10-04,54,19,0.0,train,2,0.0026824622202636
S07202,3,23,2025-10-04,47,18,0.0104007844684807,train,2,0.0024513631982839
S07203,3,23,2025-10-04,26,23,0.0059003879178575,train,2,0.0022786319464823
S07204,3,20,2025-10-04,57,17,0.0132441507221659,train,2,0.0027516129839167
S07206,3,10,2025-10-04,49,13,0.0029704804767113,train,2,0.0029310918629544
S07207,3,23,2025-10-04,50,15,0.0,train,2,0.0021857782764735
S07208,3,23,2025-10-04,31,22,0.0,train,2,0.0022466867897243
S07209,3,4,2025-10-04,47,22,0.0,train,2,0.0024922188926318
S07210,3,2,2025-10-04,41,22,0.0088168247013012,train,2,0.0030248562975896
S07353,3,8,2025-10-04,36,26,0.0087690665443349,train,2,0.0022483184542738
S07354,3,8,2025-10-04,53,21,0.0,train,2,0.0017882312137756
S07361,3,9,2025-10-04,45,11,0.0,train,2,0.0014790336960812
S07395,3,16,2025-10-04,20,16,0.0074259348908372,train,2,0.0021431285534448
S07396,3,9,2025-10-04,54,27,0.0042815668639461,train,2,0.0020724629811781
S07399,3,16,2025-10-04,49,25,0.0073080712279618,train,2,0.0024824429102722
S07401,3,11,2025-10-04,44,24,0.0043918948773008,train,2,0.0030464829047028
S07402,3,24,2025-10-04,27,14,0.0014593739080388,train,2,0.0029041578333925
S07849,3,22,2025-10-04,26,26,0.0031138009673458,train,2,0.0022312472160028
S07851,3,9,2025-10-04,23,16,0.010791843364102,train,2,0.0021470158608337
S07852,3,22,2025-10-04,26,25,0.0241432330938229,train,2,0.002511570248543
S07853,3,22,2025-10-04,37,13,0.0,train,2,0.0026660732441803
S07854,3,22,2025-10-04,52,27,0.0,train,2,0.0025017623071093
S07856,3,22,2025-10-04,19,24,0.0083135739586077,train,2,0.0026998433078826
S07861,3,16,2025-10-04,26,26,0.0031990422183458,train,2,0.0027909030064688
S07863,3,10,2025-10-04,41,13,0.0138730532956285,train,2,0.0028857056551131
S07865,3,10,2025-10-04,31,23,0.0095832476347182,train,2,0.0027375990295025
S07868,3,20,2025-10-04,25,19,0.0174985751600331,train,2,0.0028164657872614
S07869,3,4,2025-10-04,51,30,0.0280523292276045,train,2,0.0027097021280677
S07872,3,10,2025-10-04,14,18,0.0,train,2,0.0012911074832776
S07874,3,3,2025-10-04,38,14,0.0,train,2,0.0021955599236304
S07948,3,22,2025-10-04,20,28,0.0078850804486721,train,2,0.002207578927784
S07950,3,14,2025-10-04,32,23,0.0033964327205631,train,2,0.0022438423792027
S07952,3,11,2025-10-04,25,23,0.0035385502623653,train,2,0.0028912301796566
S07953,3,11,2025-10-04,31,14,0.015911128185427,train,2,0.0028259604394682
S07954,3,24,2025-10-04,23,18,0.01270201949796,train,2,0.0030036808430151
S07955,3,17,2025-10-04,29,14,0.0251745224807058,train,2,0.001806259060473
S07958,3,11,2025-10-04,41,22,0.0083482709552639,train,2,0.0027029388324141
S07959,3,11,2025-10-04,37,16,0.0104723441615452,train,2,0.0027809636137966
S07960,3,9,2025-10-04,30,27,0.0011351385919713,train,2,0.0020081628516676
S08163,3,6,2025-10-04,27,25,0.0114150531707205,train,2,0.0023582784380578
S08404,3,4,2025-10-04,46,15,0.0057397193196411,train,2,0.0026886124374875
S08405,3,2,2025-10-04,59,25,0.0117039214023982,train,2,0.0027923775746502
S08407,3,20,2025-10-04,16,21,0.0134677397501558,train,2,0.0028625928836417
S08409,3,18,2025-10-04,58,16,0.0160899445939821,train,2,0.0029867141045057
S08413,3,18,2025-10-04,47,24,0.0188534753982535,train,2,0.0029026454425656
S08414,3,4,2025-10-04,39,19,0.0250583422167161,train,2,0.0025620915301737
S08415,3,4,2025-10-04,39,29,0.0305722819512128,train,2,0.0025961132670329
S08758,3,6,2025-10-04,29,12,0.0,train,2,0.0005334367111217
S08835,3,3,2025-10-04,31,29,0.0,train,2,0.0022243962976713
S08836,3,6,2025-10-04,47,17,0.0,train,2,0.0023103312415503
S08853,3,17,2025-10-04,45,29,0.0,train,2,0.0023596702826397
S08855,3,14,2025-10-04,31,25,0.0,train,2,0.0024575095170754
S08856,3,14,2025-10-04,42,14,0.0,train,2,0.0025714618338061
S08857,3,24,2025-10-04,52,13,0.0,train,2,0.002614373266775
S08858,3,24,2025-10-04,28,28,0.0,train,2,0.0027446684746908
S08859,3,17,2025-10-04,54,22,0.0,train,2,0.0022658543646681
S08870,3,21,2025-10-04,49,16,0.0,train,2,0.0026364240624261
S09092,3,9,2025-10-04,37,32,0.0,train,2,0.0011437927191238
S09093,3,17,2025-10-04,54,13,0.0,train,2,0.0013247624573776
S09095,3,6,2025-10-04,25,18,0.0,train,2,0.0019397738361697
S09148,3,12,2025-10-04,35,17,0.0,train,2,0.0026493202913879
S09149,3,18,2025-10-04,48,24,0.0,train,2,0.0030846497333815
S09151,3,23,2025-10-04,58,15,0.0,train,2,0.0015701200145714
S09311,3,6,2025-10-04,27,31,0.0,train,2,0.0011728052741559
S09316,3,6,2025-10-04,58,16,0.0,train,2,0.002691011636565
S09518,3,10,2025-10-04,26,30,0.0,train,2,0.0012352006368068
S09711,3,2,2025-10-04,13,21,0.0,train,2,0.0022681950750718
S09712,3,15,2025-10-04,39,24,0.0,train,2,0.0028024386515087
S09713,3,21,2025-10-04,46,25,0.0,train,2,0.0025809980491417
S09714,3,23,2025-10-04,63,25,0.0,train,2,0.0026398481170189
S09715,3,15,2025-10-04,15,24,0.0,train,2,0.0024734205882378
S09716,3,20,2025-10-04,17,19,0.0,train,2,0.0028519409451108
S09717,3,23,2025-10-04,43,30,0.0,train,2,0.0026249900197115
S09909,3,6,2025-10-04,51,21,0.0103535195716934,train,2,0.0022130175246857
S09910,3,8,2025-10-04,33,24,0.0146015619157505,train,2,0.0023120977811588
S09911,3,8,2025-10-04,19,23,0.0025810204118726,train,2,0.0019090183670316
S09913,3,8,2025-10-04,53,28,0.0092283859741265,train,2,0.002152731092231
S10101,3,6,2025-10-04,16,17,0.0,train,2,0.0021790588676973
S10102,3,11,2025-10-04,50,31,0.0,train,2,0.0008158015367307
S10104,3,8,2025-10-04,60,17,0.0,train,2,0.0023891438651775
S10106,3,16,2025-10-04,29,16,0.0025660685197089,train,2,0.0023892882476029
S10107,3,24,2025-10-04,42,22,0.0090330085189137,train,2,0.0028689378551905
S10108,3,24,2025-10-04,51,18,0.0051476852247451,train,2,0.0029291104509931
S10111,3,18,2025-10-04,50,22,0.003851578604752,train,2,0.002920457860919
S10113,3,20,2025-10-04,41,12,0.007689391888233,train,2,0.0028374194923597
S10116,3,21,2025-10-04,41,31,0.0118930819115078,train,2,0.0026185303017012
S10117,3,12,2025-10-04,20,19,0.0025805379668787,train,2,0.002766126192712
S10119,3,10,2025-10-04,65,23,0.0053777402670475,train,2,0.0029641258669591
S10121,3,4,2025-10-04,19,17,0.0116774486615184,train,2,0.002832762792615
S10122,3,23,2025-10-04,54,20,0.0076552223403108,train,2,0.0021678292635488
S10174,3,3,2025-10-04,61,16,0.0,train,2,0.002822194869507
S10175,3,6,2025-10-04,48,16,0.0,train,2,0.001895615449833
S10177,3,3,2025-10-04,48,16,0.0,train,2,0.0013420750822331
S10305,3,2,2025-10-04,25,14,0.0,train,2,0.0022906681621966
S10306,3,2,2025-10-04,21,21,0.0,train,2,0.0028841760536393
S10307,3,10,2025-10-04,37,29,0.0,train,2,0.0028134569223768
S10308,3,12,2025-10-04,40,19,0.0,train,2,0.0028106914147867
S10309,3,12,2025-10-04,44,12,0.0038922694985472,train,2,0.0026398989913937
S10312,3,21,2025-10-04,54,23,0.0,train,2,0.0027698123183074
S10314,3,10,2025-10-04,30,19,0.0,train,2,0.002722713253867
S10335,3,6,2025-10-04,46,27,0.0,train,2,0.0021258186846622
S10336,3,6,2025-10-04,52,21,0.0,train,2,0.0025375357828444
S10414,3,22,2025-10-04,21,28,0.0,train,2,0.0021357987389153
S10415,3,9,2025-10-04,20,21,0.0,train,2,0.0022808544737145
S10417,3,14,2025-10-04,16,23,0.0,train,2,0.0025518813259317
S10418,3,10,2025-10-04,44,31,0.0,train,2,0.0026838293288034
S10419,3,2,2025-10-04,40,12,0.0,train,2,0.0027226095820035
S10625,3,15,2025-10-04,58,20,0.0,train,2,0.0026389345838549
S10626,3,21,2025-10-04,50,30,0.0,train,2,0.0030491143214281
S10627,3,20,2025-10-04,42,17,0.0,train,2,0.0019887233392132
S10629,3,15,2025-10-04,56,22,0.0,train,2,0.0027343528810009
S10630,3,12,2025-10-04,25,16,0.0,train,2,0.002592567999418
S10633,3,2,2025-10-04,49,26,0.0,train,2,0.0029258624871545
S10653,3,6,2025-10-04,58,23,0.0,train,2,0.0020250957518314
S10655,3,6,2025-10-04,55,17,0.0,train,2,0.0022340129587242
S10679,3,9,2025-10-04,32,14,0.0,train,2,0.001470011779279
S10680,3,22,2025-10-04,52,18,0.0,train,2,0.002091464887325
S10683,3,22,2025-10-04,34,26,0.0,train,2,0.0027215240787598
S10684,3,11,2025-10-04,45,16,0.0,train,2,0.0028096585979333
S10685,3,2,2025-10-04,44,21,0.0,train,2,0.0025661008554327
S10687,3,2,2025-10-04,15,17,0.0,train,2,0.0005930052039422
S10838,3,11,2025-10-04,42,17,0.0057701461692963,train,2,0.0029176634398616
S10839,3,9,2025-10-04,48,20,0.0199239211773509,train,2,0.0023305428873515
S10840,3,16,2025-10-04,27,30,0.0202382798245243,train,2,0.0024678820381056
S10845,3,22,2025-10-04,42,19,0.0187497098017365,train,2,0.0023236744777503
S10886,3,20,2025-10-04,35,15,0.0,train,2,0.0028629398518401
S10887,3,21,2025-10-04,48,26,0.0,train,2,0.0025198292828925
S10891,3,20,2025-10-04,58,25,0.0,train,2,0.002957439612118
S10892,3,2,2025-10-04,56,18,0.0150077069942173,train,2,0.002730841201637
S10893,3,4,2025-10-04,32,21,0.0,train,2,0.0029006388404762
S11261,3,6,2025-10-04,49,23,0.0196326288761603,train,2,0.0020555647922692
S11262,3,3,2025-10-04,62,21,0.0154451837458373,train,2,0.0018017680547449
S11538,3,8,2025-10-04,54,21,0.0,train,2,0.0024184116231782
S11539,3,8,2025-10-04,18,23,0.0,train,2,0.0023054797509258
S12068,3,9,2025-10-04,49,17,0.0,train,2,0.0020913207644431
S12069,3,24,2025-10-04,26,16,0.0,train,2,0.0032114101116219
S12071,3,17,2025-10-04,46,30,0.0,train,2,0.0023279890342865
S12072,3,22,2025-10-04,28,29,0.0,train,2,0.0022428915102846
S12074,3,11,2025-10-04,17,26,0.0,train,2,0.0027785304652962
S12077,3,2,2025-10-04,29,27,0.0026191944264385,train,2,0.0022361505539827
S12078,3,21,2025-10-04,45,23,0.0,train,2,0.0026779415920963
S12079,3,18,2025-10-04,15,25,0.0,train,2,0.0030943203853273
S12080,3,18,2025-10-04,32,15,0.0,train,2,0.0029724476150306
S12082,3,23,2025-10-04,17,17,0.0,train,2,0.0015769196188764
S12083,3,20,2025-10-04,34,24,0.0,train,2,0.0027859787185985
S12085,3,12,2025-10-04,43,29,0.007932707654983,train,2,0.0028544749246014
S12086,3,20,2025-10-04,19,20,0.0160307067058026,train,2,0.0027687110097665
S12088,3,4,2025-10-04,14,23,0.0,train,2,0.0027559310846022
S12089,3,20,2025-10-04,40,18,0.0,train,2,0.0028034421489955
S12490,3,15,2025-10-04,38,13,0.0,train,2,0.0027218398559804
S12491,3,18,2025-10-04,30,27,0.0,train,2,0.0030191834065048
S12492,3,20,2025-10-04,49,27,0.0,train,2,0.0028643587470937
S12495,3,4,2025-10-04,46,25,0.0,train,2,0.0028076637687242
S12496,3,4,2025-10-04,42,23,0.0,train,2,0.0029856776275448
S12497,3,21,2025-10-04,24,23,0.0,train,2,0.0027514307422288
S12511,3,14,2025-10-04,60,21,0.0,train,2,0.0021400964536872
S12513,3,9,2025-10-04,49,29,0.0,train,2,0.002221700312886
S12514,3,9,2025-10-04,35,19,0.0,train,2,0.0018541822903594
S12515,3,24,2025-10-04,25,20,0.0,train,2,0.0028732541869639
S12517,3,17,2025-10-04,43,17,0.0,train,2,0.0024531843843693
S12866,3,2,2025-10-04,35,32,0.0,train,2,0.0016552081744219
S12867,3,8,2025-10-04,41,32,0.0,train,2,0.0007162824799694
S12880,3,3,2025-10-04,41,22,0.0,train,2,0.0021203996978938
S12882,3,3,2025-10-04,30,20,0.0,train,2,0.001237459556768
S12884,3,6,2025-10-04,33,18,0.0,train,2,0.0017736927177387
S12916,3,12,2025-10-04,53,21,0.0,train,2,0.0028953826424496
S13026,3,11,2025-10-04,30,15,0.0,train,2,0.0030424606917143
S13150,3,6,2025-10-04,25,19,0.0,train,2,0.0022215189981829
S13231,3,10,2025-10-04,35,20,0.0,train,2,0.0028198428861239
S13232,3,18,2025-10-04,49,21,0.0,train,2,0.0030253240672664
S13233,3,20,2025-10-04,34,15,0.0,train,2,0.0028567494268211
S13237,3,9,2025-10-04,47,23,0.0,train,2,0.0021442622643867
S13238,3,16,2025-10-04,38,30,0.0,train,2,0.0022936219856095
S13239,3,22,2025-10-04,51,19,0.0,train,2,0.0023326992357475
S13242,3,22,2025-10-04,36,20,0.0,train,2,0.0023746079586626
S13826,3,24,2025-10-04,49,14,0.0,train,2,0.0030379539742261
S13827,3,16,2025-10-04,55,19,0.0036901327928068,train,2,0.002177628378188
S13829,3,22,2025-10-04,18,27,0.0056629787040096,train,2,0.0023521354921767
S13831,3,9,2025-10-04,25,18,0.0,train,2,0.00203767189163
S13833,3,20,2025-10-04,45,23,0.0056323024444419,train,2,0.0028172496813166
S13838,3,12,2025-10-04,36,17,0.0074995378805883,train,2,0.0027643994291037
S13839,3,10,2025-10-04,40,27,0.0056489469317238,train,2,0.0026946369132719
S13840,3,15,2025-10-04,53,14,0.0037861474235914,train,2,0.0023978040538428
S13841,3,15,2025-10-04,28,14,0.0018585831388739,train,2,0.0022714513116332
S13842,3,4,2025-10-04,33,23,0.0,train,2,0.002973137649071
S13843,3,4,2025-10-04,48,24,0.0018823404650176,train,2,0.0023896834564529
S13845,3,23,2025-10-04,26,18,0.0074995378805883,train,2,0.0024389429332311
S14154,3,17,2025-10-04,43,26,0.0,train,2,0.0026836753111895
S14155,3,15,2025-10-04,34,31,0.0,train,2,0.0020765648979529
S14185,3,3,2025-10-04,43,16,0.0,train,2,0.0017282830077823
S14187,3,6,2025-10-04,55,16,0.0,train,2,0.001755643272314
S14451,3,17,2025-10-04,38,14,0.0,train,2,0.0019560204282413
S14453,3,8,2025-10-04,24,16,0.0,train,2,0.0024630839069012
S14455,3,16,2025-10-04,55,29,0.0,train,2,0.0023029239179144
S14581,3,21,2025-10-04,39,25,0.0,train,2,0.0026568464584643
S14586,3,18,2025-10-04,39,23,0.0,train,2,0.0029166531826942
S14587,3,21,2025-10-04,53,16,0.0,train,2,0.0023362916447787
S14701,3,4,2025-10-04,24,13,0.0,train,2,0.0008216568067144
S14702,3,17,2025-10-04,42,32,0.0,train,2,0.001265458985756
S14704,3,11,2025-10-04,62,16,0.0,train,2,0.001417340470897
S14712,3,3,2025-10-04,36,18,0.0,train,2,0.0013586146599982
S14713,3,3,2025-10-04,47,23,0.0,train,2,0.0014837368687045
S14715,3,6,2025-10-04,50,16,0.0,train,2,0.0020210173235195
S14848,3,8,2025-10-04,17,16,0.0,train,2,0.0010092196116874
S14895,3,3,2025-10-04,26,21,0.0,train,2,0.0019411471038371
S14896,3,8,2025-10-04,36,21,0.0,train,2,0.0023633231087139
S15252,3,14,2025-10-04,56,29,0.0,train,2,0.0021594100625967
S15255,3,11,2025-10-04,30,27,0.0,train,2,0.0027631052104194
S15256,3,17,2025-10-04,27,30,0.0,train,2,0.0021659312849001
S15257,3,21,2025-10-04,57,18,0.0,train,2,0.0028477561490525
S15259,3,15,2025-10-04,45,19,0.0,train,2,0.0023119317199442
S15260,3,10,2025-10-04,39,14,0.0,train,2,0.0029761368052497
S15262,3,10,2025-10-04,39,27,0.0,train,2,0.002986057846011
S15263,3,15,2025-10-04,45,32,0.0,train,2,0.0013735836987295
S15287,3,3,2025-10-04,16,24,0.0049651341685148,train,2,0.0018291324124235
S15288,3,3,2025-10-04,47,13,0.0033574842512371,train,2,0.001344004313634
S15303,3,12,2025-10-04,32,22,0.0,train,2,0.0029256690695592
S15304,3,12,2025-10-04,38,13,0.0,train,2,0.003035111057206
S15305,3,20,2025-10-04,44,22,0.0,train,2,0.0029600810779626
S15308,3,4,2025-10-04,27,13,0.0,train,2,0.0029654040769978
S15436,3,23,2025-10-04,44,23,0.0,train,2,0.002512014757432
S15474,3,16,2025-10-04,28,28,0.0,train,2,0.0026593448504501
S15475,3,9,2025-10-04,20,23,0.0,train,2,0.0020912543843268
S15477,3,14,2025-10-04,41,12,0.0089207186832516,train,2,0.0021528249629096
S15478,3,22,2025-10-04,36,27,0.0,train,2,0.0023227030189388
S15481,3,24,2025-10-04,30,25,0.0,train,2,0.0029354854059244
S15902,3,8,2025-10-04,59,16,0.0,train,2,0.0021832586396961
S15903,3,18,2025-10-04,17,22,0.0,train,2,0.0029424941365133
S15905,3,15,2025-10-04,29,13,0.0,train,2,0.0022366882055232
S15906,3,20,2025-10-04,50,17,0.0,train,2,0.0028740645535214
S15907,3,21,2025-10-04,41,15,0.0,train,2,0.002128558812461
S15908,3,21,2025-10-04,20,26,0.0,train,2,0.0030148983077522
S15911,3,15,2025-10-04,26,23,0.0,train,2,0.0023696146438072
S15912,3,4,2025-10-04,43,30,0.0,train,2,0.0027260043879541
S15913,3,2,2025-10-04,36,31,0.0,train,2,0.0022891343321694
S16239,3,8,2025-10-04,49,29,0.0,train,2,0.0020618392679385
S16240,3,3,2025-10-04,17,19,0.0,train,2,0.0015325022632692
S16241,3,8,2025-10-04,61,25,0.0,train,2,0.0022889915661124
S16242,3,3,2025-10-04,42,21,0.0,train,2,0.0015786399052493
S16526,3,9,2025-10-04,50,29,0.0,train,2,0.0016680565573627
S16527,3,17,2025-10-04,53,22,0.0,train,2,0.0024139808732355
S16528,3,24,2025-10-04,47,15,0.0,train,2,0.0029981020380076
S16529,3,9,2025-10-04,48,28,0.0,train,2,0.0019351576733927
S16532,3,11,2025-10-04,48,15,0.0,train,2,0.0029065602677868
S16533,3,14,2025-10-04,57,23,0.0,train,2,0.0027890052260455
S16535,3,20,2025-10-04,17,24,0.0,train,2,0.0028558335217839
S16536,3,21,2025-10-04,41,29,0.0,train,2,0.0026770646619162
S16537,3,21,2025-10-04,47,24,0.0,train,2,0.0028429468425955
S16539,3,18,2025-10-04,59,24,0.0,train,2,0.0031133781040069
S16541,3,12,2025-10-04,49,13,0.0,train,2,0.0030725070906952
S16542,3,2,2025-10-04,36,18,0.0,train,2,0.0030680564872694
S16544,3,4,2025-10-04,39,18,0.0,train,2,0.0023146128088227
S16547,3,18,2025-10-04,59,28,0.0,train,2,0.0018011778683689
S16586,3,17,2025-10-04,51,26,0.0,train,2,0.0023824269677406
S16620,3,3,2025-10-04,18,19,0.0,train,2,0.0022234256894319
S16809,3,21,2025-10-04,42,11,0.0,train,2,0.0014952089848004
S16909,3,3,2025-10-04,55,19,0.0,train,2,0.0022394975785506
S16910,3,6,2025-10-04,37,29,0.0,train,2,0.0017971640241289
S16911,3,6,2025-10-04,19,22,0.0,train,2,0.0024256363814985
S16912,3,6,2025-10-04,36,21,0.0031111695368301,train,2,0.0018995345358452
S17783,3,6,2025-10-04,15,24,0.0193202580302895,train,2,0.001756013195259
S17784,3,8,2025-10-04,44,25,0.0257954851413204,train,2,0.0019743589265104
S17797,3,11,2025-10-04,42,18,0.0,train,2,0.0025168656408506
S17799,3,11,2025-10-04,47,19,0.0071311340611262,train,2,0.0025191007610546
S17800,3,11,2025-10-04,37,25,0.0100361462813755,train,2,0.0026936254325931
S17802,3,24,2025-10-04,49,29,0.0141740008327581,train,2,0.002615187976406
S17805,3,24,2025-10-04,37,13,0.0107448699305218,train,2,0.002975987168044
S17807,3,9,2025-10-04,33,21,0.0207035058331751,train,2,0.0020321654193215
S17884,3,4,2025-10-04,58,19,0.0,train,2,0.0029441564321732
S17885,3,15,2025-10-04,48,29,0.0,train,2,0.0023228468254756
S17886,3,12,2025-10-04,36,15,0.0,train,2,0.0028232919697446
S17889,3,23,2025-10-04,27,14,0.0,train,2,0.0021712044480844
S17891,3,12,2025-10-04,20,27,0.0,train,2,0.0026859994682958
S17893,3,23,2025-10-04,30,30,0.0,train,2,0.0024389354754365
S17894,3,20,2025-10-04,23,21,0.0,train,2,0.0029335246111245
S17895,3,10,2025-10-04,27,18,0.0,train,2,0.0027571221238696
S18151,3,3,2025-10-04,33,24,0.0,train,2,0.0018802397609799
S18152,3,8,2025-10-04,50,17,0.0,train,2,0.0017317187503764
S18257,3,2,2025-10-04,41,20,0.0,train,2,0.0028998255014224
S18258,3,15,2025-10-04,36,14,0.0,train,2,0.0024067988897184
S18262,3,2,2025-10-04,45,24,0.0,train,2,0.0029446395190045
S18292,3,10,2025-10-04,61,20,0.0,train,2,0.0028313597658409
S18294,3,20,2025-10-04,52,22,0.0,train,2,0.0029446269438293
S18296,3,21,2025-10-04,17,18,0.0,train,2,0.0030299129270879
S18298,3,21,2025-10-04,16,21,0.0,train,2,0.0022466641223523
S18299,3,10,2025-10-04,43,12,0.0,train,2,0.0028563798143619
S18368,3,11,2025-10-04,35,26,0.0,train,2,0.0025149184581377
S18370,3,24,2025-10-04,44,19,0.0,train,2,0.0028620562412595
S18371,3,17,2025-10-04,51,14,0.0,train,2,0.0017204918982683
S18397,3,9,2025-10-04,59,16,0.0019926947889227,train,2,0.0025646065505913
S18398,3,9,2025-10-04,53,21,0.0020101762645505,train,2,0.0021704845119729
S18399,3,14,2025-10-04,47,25,0.0040430663851976,train,2,0.0026850620668531
S18401,3,22,2025-10-04,41,24,0.0,train,2,0.0023650528203838
S18402,3,22,2025-10-04,30,30,0.0,train,2,0.0016491732229305
S18406,3,16,2025-10-04,56,15,0.0078765115136531,train,2,0.0026480505078401
S18408,3,18,2025-10-04,15,19,0.002033418434145,train,2,0.0031775447283477
S18410,3,20,2025-10-04,51,19,0.002033568196139,train,2,0.002629287418994
S18411,3,12,2025-10-04,49,20,0.0078907676430896,train,2,0.0028678876970018
S18414,3,2,2025-10-04,45,26,0.0039663538274915,train,2,0.0031500069406807
S18415,3,12,2025-10-04,28,23,0.0099657515018808,train,2,0.0026178659808736
S18416,3,10,2025-10-04,32,23,0.0,train,2,0.002609036658072
S18417,3,4,2025-10-04,59,17,0.0040339108237862,train,2,0.0027095263048038
S18418,3,10,2025-10-04,31,14,0.0040161616161616,train,2,0.0029173732645113
S18426,3,17,2025-10-04,53,13,0.0,train,2,0.0008496680765347
S18916,3,8,2025-10-04,57,16,0.0,train,2,0.0021142291612666
S18917,3,17,2025-10-04,61,21,0.0,train,2,0.0025269762490222
S19465,3,10,2025-10-04,52,27,0.0,train,2,0.0030436238189868
S19466,3,10,2025-10-04,17,17,0.0029647923452282,train,2,0.0029730128056997
S19468,3,10,2025-10-04,55,21,0.0,train,2,0.0031258584767633
S19471,3,20,2025-10-04,24,18,0.0,train,2,0.0028609883994936
S19473,3,20,2025-10-04,55,20,0.0,train,2,0.0029114467505723
S19476,3,23,2025-10-04,27,24,0.0,train,2,0.0025074126451002
S19477,3,4,2025-10-04,56,15,0.0,train,2,0.0026898676628362
S19478,3,18,2025-10-04,54,23,0.0029246476593991,train,2,0.0028757976952253
S19669,3,17,2025-10-04,22,15,0.0,train,2,0.0023689765040868
S19671,3,8,2025-10-04,31,17,0.0,train,2,0.0023814579108517
S19674,3,10,2025-10-04,38,15,0.0,train,2,0.0029379789827458
S19675,3,10,2025-10-04,56,27,0.0,train,2,0.0028416770947665
S19676,3,12,2025-10-04,28,17,0.0,train,2,0.0027300909018872
S19677,3,2,2025-10-04,31,19,0.0,train,2,0.0030119671984976
S19982,3,3,2025-10-04,50,24,0.0,train,2,0.0013528258546981
S20089,3,3,2025-10-04,18,20,0.0,train,2,0.0016877369979891
S20652,3,24,2025-10-04,46,23,0.0,train,2,0.0028461063110809
S20655,3,14,2025-10-04,30,27,0.0,train,2,0.0023759784376928
S20656,3,9,2025-10-04,26,15,0.0,train,2,0.0023547754817354
S20659,3,21,2025-10-04,39,24,0.0,train,2,0.002564364538284
S20662,3,12,2025-10-04,27,19,0.0,train,2,0.0026393592567996
S20663,3,10,2025-10-04,15,21,0.0,train,2,0.0030654326948755
S20668,3,10,2025-10-04,58,25,0.0,train,2,0.0030419270034271
S21152,3,3,2025-10-04,20,25,0.0,train,2,0.0021182763647632
S21153,3,6,2025-10-04,22,27,0.0,train,2,0.0026745395226852
S21217,3,16,2025-10-04,36,28,0.0,train,2,0.0027148875663282
S21218,3,9,2025-10-04,55,27,0.0,train,2,0.0023988128358397
S21220,3,22,2025-10-04,56,24,0.0,train,2,0.0021449016714202
S21221,3,16,2025-10-04,16,22,0.0,train,2,0.0027821004458496
S21594,3,18,2025-10-04,61,26,0.0,train,2,0.0031101739971619
S21596,3,23,2025-10-04,22,22,0.0,train,2,0.0025485048291709
S21598,3,21,2025-10-04,29,28,0.0041360829546778,train,2,0.0028839154240045
S21600,3,2,2025-10-04,44,29,0.0,train,2,0.0030312717382976
S21711,3,16,2025-10-04,64,19,0.0,train,2,0.0025542988048241
S21712,3,24,2025-10-04,45,30,0.0,train,2,0.0028317174748696
S22030,3,3,2025-10-04,37,12,0.0,train,2,0.0022591652213083
S22178,3,17,2025-10-04,31,18,0.0,train,2,0.0022663595218269
S22184,3,9,2025-10-04,27,29,0.0,train,2,0.0022473952687714
S22185,3,14,2025-10-04,33,13,0.0,train,2,0.0025985973930828
S22186,3,14,2025-10-04,52,20,0.0,train,2,0.0020090626213458
S22187,3,14,2025-10-04,39,25,0.0044941178598233,train,2,0.0021976961931912
S22189,3,20,2025-10-04,52,15,0.0,train,2,0.0028564616960133
S22191,3,10,2025-10-04,31,24,0.0,train,2,0.0027149587387968
S22192,3,12,2025-10-04,52,15,0.0,train,2,0.0028777787402268
S22194,3,2,2025-10-04,37,13,0.0,train,2,0.002267965410382
S22195,3,10,2025-10-04,38,19,0.0,train,2,0.0028220648797576
S22196,3,23,2025-10-04,25,18,0.0,train,2,0.0026520829261451
S22198,3,23,2025-10-04,28,20,0.0,train,2,0.0024045409705844
S22199,3,2,2025-10-04,55,30,0.0,train,2,0.0015745891394615
S22280,3,8,2025-10-04,49,31,0.0,train,2,0.001160587340036
S22477,3,11,2025-10-04,18,27,0.0,train,2,0.0029564067426276
S22479,3,9,2025-10-04,37,26,0.0,train,2,0.0019841878694085
S22480,3,8,2025-10-04,23,15,0.0,train,2,0.0023033033522575
S22481,3,16,2025-10-04,45,30,0.0,train,2,0.0027256688142036
S22482,3,9,2025-10-04,39,16,0.0,train,2,0.0019912481325506
S22483,3,15,2025-10-04,32,21,0.0,train,2,0.0026283269753856
S22484,3,2,2025-10-04,49,24,0.0,train,2,0.002781034997003
S22485,3,2,2025-10-04,49,25,0.0,train,2,0.0024610067270962
S22487,3,4,2025-10-04,48,18,0.0,train,2,0.0027337634617766
S22488,3,18,2025-10-04,38,14,0.0,train,2,0.0030048794837381
S22489,3,4,2025-10-04,30,28,0.0,train,2,0.0028317899406572
S22648,3,9,2025-10-04,59,19,0.0,train,2,0.0024905916967207
S22649,3,16,2025-10-04,51,24,0.0,train,2,0.0024109576662239
S22727,3,14,2025-10-04,61,28,0.0,train,2,0.0010697551631928
S22728,3,6,2025-10-04,60,15,0.0,train,2,0.0013405835144558
S22729,3,22,2025-10-04,54,30,0.0,train,2,0.0012318328189396
S22740,3,3,2025-10-04,52,17,0.0,train,2,0.0016718640112024
S22871,3,21,2025-10-04,30,24,0.0,train,2,0.0027042565389709
S22873,3,15,2025-10-04,52,23,0.00643084736442,train,2,0.0027275855822618
S22874,3,12,2025-10-04,34,25,0.0,train,2,0.0027664447241018
S22876,3,20,2025-10-04,29,16,0.0096979394317827,train,2,0.0025527434762361
S22877,3,20,2025-10-04,50,30,0.0031985686887799,train,2,0.002650013336999
S22878,3,4,2025-10-04,42,16,0.0,train,2,0.0026333085779184
S22879,3,21,2025-10-04,37,17,0.009677639201254,train,2,0.0021424854452279
S22880,3,20,2025-10-04,44,16,0.0064712277754991,train,2,0.0028202620881707
S22881,3,2,2025-10-04,34,14,0.0,train,2,0.0029707066978961
S22882,3,18,2025-10-04,20,18,0.0096429021837196,train,2,0.0030337889878835
S22883,3,23,2025-10-04,19,20,0.0,train,2,0.0027426692812117
S22928,3,6,2025-10-04,32,16,0.0016130183890587,train,2,0.002439122093143
S22929,3,6,2025-10-04,53,28,0.0015952495586583,train,2,0.0020384749742086
S22930,3,8,2025-10-04,29,28,0.0080274192089519,train,2,0.0022415485495762
S22977,3,6,2025-10-04,19,20,0.0,train,2,0.0024713821018758
S23075,3,8,2025-10-04,52,15,0.0,train,2,0.0022113487442546
S23076,3,17,2025-10-04,43,21,0.0032227107082182,train,2,0.0027554536068174
S23078,3,22,2025-10-04,46,14,0.0,train,2,0.0022314189369769
S23081,3,16,2025-10-04,29,23,0.0,train,2,0.0022876297934858
S23084,3,23,2025-10-04,27,20,0.0,train,2,0.0024252775750515
S23085,3,12,2025-10-04,36,27,0.0,train,2,0.0026242762525588
S23086,3,15,2025-10-04,44,23,0.0,train,2,0.0026132690432553
S23090,3,4,2025-10-04,26,23,0.0,train,2,0.0029560024837485
S23432,3,24,2025-10-04,23,24,0.0,train,2,0.0028510770686695
S23436,3,9,2025-10-04,44,18,0.0,train,2,0.0018000211667645
S23567,3,20,2025-10-04,21,14,0.0,train,2,0.0019128844905155
S23576,3,6,2025-10-04,46,13,0.0,train,2,0.0020400767273293
S23577,3,3,2025-10-04,61,25,0.0,train,2,0.002657000263109
S23600,3,12,2025-10-04,55,28,0.0,train,2,0.0029943825359458
S23601,3,15,2025-10-04,41,26,0.0,train,2,0.0025998544403139
S23602,3,23,2025-10-04,61,17,0.0,train,2,0.0024542553180689
S23603,3,20,2025-10-04,21,28,0.0,train,2,0.0026946402706895
S23604,3,21,2025-10-04,58,17,0.0,train,2,0.0027471702802843
S23929,3,20,2025-10-04,47,17,0.0,train,2,0.0025786018490906
S23930,3,20,2025-10-04,38,30,0.0,train,2,0.0028030266787313
S23931,3,18,2025-10-04,21,24,0.0,train,2,0.0031538990835204
S23932,3,12,2025-10-04,55,22,0.0,train,2,0.0029134883786165
S23933,3,4,2025-10-04,54,28,0.0,train,2,0.002731063884677
S23934,3,4,2025-10-04,52,26,0.0,train,2,0.0028808591848144
S23935,3,10,2025-10-04,60,19,0.0067665999537093,train,2,0.0027824682438413
S23950,3,6,2025-10-04,50,23,0.0,train,2,0.0027156469847897
S24050,3,16,2025-10-04,46,26,0.0,train,2,0.0024035013831971
S24051,3,11,2025-10-04,46,25,0.0,train,2,0.0029816246430952
S24052,3,11,2025-10-04,55,27,0.0,train,2,0.0028491998892106
S24055,3,9,2025-10-04,42,13,0.0,train,2,0.0024374043566719
S24057,3,24,2025-10-04,33,18,0.0,train,2,0.0028609757657741
S24059,3,22,2025-10-04,29,28,0.0,train,2,0.0025549121699108
S24199,3,12,2025-10-04,32,30,0.0,train,2,0.0026475438511004
S24200,3,2,2025-10-04,43,14,0.0,train,2,0.002728046486351
S24201,3,12,2025-10-04,34,12,0.0027655821355636,train,2,0.0028883442017154
S24203,3,21,2025-10-04,40,26,0.0028278966025411,train,2,0.0026001819474814
S24205,3,21,2025-10-04,47,14,0.0,train,2,0.0023159384193387
S24409,3,8,2025-10-04,19,21,0.0083511165627678,train,2,0.0018576879514284
S24411,3,6,2025-10-04,33,23,0.0,train,2,0.0027069581769065
S24473,3,6,2025-10-04,19,15,0.0,train,2,0.0016016827488503
S24510,3,12,2025-10-04,45,15,0.0,train,2,0.002614513206299
S24662,3,14,2025-10-04,22,27,0.0,train,2,0.0025834627197292
S24663,3,11,2025-10-04,26,26,0.0,train,2,0.0023679533356507
S24667,3,18,2025-10-04,27,29,0.0062801688190249,train,2,0.0028306954299254
S24668,3,20,2025-10-04,51,15,0.0,train,2,0.0028912067199719
S24670,3,10,2025-10-04,20,22,0.0,train,2,0.0028593731695231
S24672,3,20,2025-10-04,17,18,0.0,train,2,0.0026322927318504
S24674,3,10,2025-10-04,32,27,0.0,train,2,0.0025821335076848
S24675,3,12,2025-10-04,52,24,0.0,train,2,0.0026657817489005
S25178,3,8,2025-10-04,36,32,0.0,train,2,0.0013694224612692
S25179,3,17,2025-10-04,48,31,0.0,train,2,0.0014958258733494
S25185,3,3,2025-10-04,42,12,0.0,train,2,0.0022104180392148
S25186,3,6,2025-10-04,38,27,0.0,train,2,0.0020949126029253
S25338,3,6,2025-10-04,58,19,0.0,train,2,0.0024780531452147
S25339,3,8,2025-10-04,25,24,0.0,train,2,0.0024546067726718
S25609,3,15,2025-10-04,49,20,0.0,train,2,0.0026879333722004
S25615,3,20,2025-10-04,45,13,0.0,train,2,0.0029250328121341
S25618,3,20,2025-10-04,20,27,0.0,train,2,0.0028392843281425
S25619,3,23,2025-10-04,17,21,0.0,train,2,0.0024181026743288
S25620,3,21,2025-10-04,27,26,0.0,train,2,0.0028003010158318
S25622,3,20,2025-10-04,28,14,0.0,train,2,0.0028427875043962
S25623,3,18,2025-10-04,46,14,0.0,train,2,0.002975459970646
S25624,3,23,2025-10-04,62,18,0.0,train,2,0.0021445131800239
S25625,3,2,2025-10-04,64,25,0.0,train,2,0.0029859632978176
S25627,3,17,2025-10-04,27,29,0.0,train,2,0.0023319157833058
S25630,3,11,2025-10-04,26,22,0.0030414853708837,train,2,0.002404389382318
S25632,3,24,2025-10-04,37,19,0.0,train,2,0.0029523066325301
S25633,3,24,2025-10-04,57,16,0.0030147522686465,train,2,0.0026252594324257
S25634,3,9,2025-10-04,31,28,0.0,train,2,0.0020344429855959
S25635,3,24,2025-10-04,60,25,0.0,train,2,0.0028811834694177
S25748,3,14,2025-10-04,26,30,0.0,train,2,0.0006053317077446
S25875,3,17,2025-10-04,52,24,0.0,train,2,0.0028279357141989
S25888,3,11,2025-10-04,29,25,0.0,train,2,0.0028590963560125
S25889,3,9,2025-10-04,46,23,0.0,train,2,0.0017971168307951
S25892,3,15,2025-10-04,41,22,0.0,train,2,0.0022743109782754
S26165,3,22,2025-10-04,42,18,0.0,train,2,0.0019671778727615
S26166,3,16,2025-10-04,17,18,0.0,train,2,0.0027067888380475
S26168,3,11,2025-10-04,15,18,0.0,train,2,0.0018264116384957
S26169,3,23,2025-10-04,37,31,0.0,train,2,0.0024016314965232
S26171,3,15,2025-10-04,13,20,0.0,train,2,0.0023919235263771
S26173,3,4,2025-10-04,20,21,0.0,train,2,0.002773654066584
S26200,3,21,2025-10-04,25,21,0.0,train,2,0.0026615514006288
S26235,3,8,2025-10-04,25,22,0.0,train,2,0.0025510552410436
S26267,3,16,2025-10-04,20,15,0.0,train,2,0.0020964004861441
S26268,3,8,2025-10-04,46,13,0.0,train,2,0.0020439289843875
S26269,3,22,2025-10-04,25,25,0.0,train,2,0.0027946668119032
S26270,3,11,2025-10-04,30,19,0.0,train,2,0.0027975725961604
S26316,3,4,2025-10-04,57,15,0.0,train,2,0.0027340296568898
S26317,3,10,2025-10-04,56,15,0.0,train,2,0.0027776222206732
S26318,3,12,2025-10-04,20,23,0.0,train,2,0.0030113068215281
S26321,3,21,2025-10-04,55,20,0.0,train,2,0.0024313306653118
S26337,3,3,2025-10-04,42,22,0.0,train,2,0.0017407376857721
S26519,3,24,2025-10-04,56,15,0.0,train,2,0.0029632273490184
S26520,3,24,2025-10-04,60,17,0.0,train,2,0.0028356684325266
S26521,3,24,2025-10-04,36,26,0.0364122570837225,train,2,0.0025519605495702
S26522,3,24,2025-10-04,40,29,0.0,train,2,0.0027236863365689
S26523,3,24,2025-10-04,45,27,0.0,train,2,0.0029554609607597
S26524,3,16,2025-10-04,41,22,0.0275224277328607,train,2,0.0026239136001862
S26575,3,21,2025-10-04,20,19,0.0,train,2,0.0028214117387213
S26576,3,10,2025-10-04,23,23,0.0,train,2,0.0028602358276245
S26601,3,6,2025-10-04,56,27,0.0012473960294154,train,2,0.0020922764756382
S26896,3,24,2025-10-04,45,19,0.0074063587389817,train,2,0.0029963399352027
S26897,3,22,2025-10-04,47,17,0.0088333346028554,train,2,0.0022389376383952
S26898,3,9,2025-10-04,49,16,0.0050337014923861,train,2,0.0018484932502621
S26899,3,17,2025-10-04,25,17,0.0112155859786369,train,2,0.0022940238686364
S26901,3,18,2025-10-04,44,28,0.014889043671033,train,2,0.0031166390256467
S26902,3,15,2025-10-04,49,22,0.0254021335163591,train,2,0.0029361305615091
S26903,3,21,2025-10-04,32,29,0.003723655325876,train,2,0.0027500002640454
S26904,3,18,2025-10-04,53,16,0.007525684996328,train,2,0.0030202735026118
S26909,3,21,2025-10-04,15,25,0.0144267053701015,train,2,0.0026137606067893
S26910,3,20,2025-10-04,41,24,0.0061272243550387,train,2,0.0029656736899293
S26912,3,21,2025-10-04,61,18,0.0037943565626336,train,2,0.0028792102851548
S26913,3,10,2025-10-04,26,25,0.0164478624906763,train,2,0.0026481184679029
S26915,3,10,2025-10-04,16,23,0.0063542961178702,train,2,0.0030580732995627
S26916,3,2,2025-10-04,17,18,0.0124606374230298,train,2,0.0024504737675274
S26918,3,2,2025-10-04,51,21,0.0221438384138417,train,2,0.0026601294100727
S27275,3,12,2025-10-04,60,16,0.0,train,2,0.0028595300191899
S27276,3,15,2025-10-04,24,26,0.0,train,2,0.0023625945306105
S27277,3,18,2025-10-04,51,27,0.0,train,2,0.0031518396524339
S27450,3,17,2025-10-04,32,27,0.0,train,2,0.0024450636522914
S27451,3,17,2025-10-04,58,26,0.0,train,2,0.0021281264592628
S27452,3,14,2025-10-04,58,28,0.0,train,2,0.0022100751935829
S27453,3,9,2025-10-04,43,15,0.0,train,2,0.0020708614697663
S27454,3,22,2025-10-04,42,25,0.0,train,2,0.0020374203117067
S27455,3,24,2025-10-04,17,20,0.0,train,2,0.0026757043046281
S27456,3,22,2025-10-04,26,20,0.0,train,2,0.0025527543629014
S27458,3,9,2025-10-04,37,24,0.0,train,2,0.0019217267535334
S27459,3,18,2025-10-04,20,25,0.0,train,2,0.0030312094978151
S27462,3,12,2025-10-04,26,13,0.0,train,2,0.00117057576957
S27538,3,3,2025-10-04,43,21,0.0,train,2,0.0015141349989624
S27603,3,3,2025-10-04,44,11,0.0,train,2,0.001074736736704
S27604,3,22,2025-10-04,22,14,0.0,train,2,0.0011578551961554
S28053,3,22,2025-10-04,21,16,0.0023474511026407,train,2,0.0021337515023534
S28057,3,20,2025-10-04,41,21,0.0,train,2,0.0029412989246764
S28058,3,21,2025-10-04,62,25,0.0023621785274644,train,2,0.0027603104473348
S28059,3,21,2025-10-04,35,30,0.0,train,2,0.0029811220797377
S28060,3,12,2025-10-04,44,24,0.0023475841611283,train,2,0.0027541234911307
S28061,3,2,2025-10-04,30,19,0.0,train,2,0.0030716873326189
S28169,3,6,2025-10-04,27,22,0.0,train,2,0.0026049931552267
S28235,3,12,2025-10-04,50,12,0.0,train,2,0.0010975757741337
S28238,3,11,2025-10-04,59,28,0.0,train,2,0.001171912831488
S28255,3,3,2025-10-04,56,27,0.0,train,2,0.0022370769869125
S28290,3,24,2025-10-04,15,24,0.0,train,2,0.0028215094463062
S28292,3,12,2025-10-04,41,13,0.0,train,2,0.0028085799953715
S28293,3,12,2025-10-04,52,17,0.0,train,2,0.0029309702008781
S28295,3,4,2025-10-04,28,21,0.0,train,2,0.0029776502166976
S28296,3,20,2025-10-04,56,20,0.0,train,2,0.0030442097865658
S28297,3,21,2025-10-04,48,12,0.0,train,2,0.0016514284403726
S28754,3,11,2025-10-04,22,27,0.0,train,2,0.0025644703470919
S28755,3,14,2025-10-04,57,24,0.0,train,2,0.0023274633564746
S28756,3,22,2025-10-04,43,25,0.0,train,2,0.0020435879138204
S28760,3,15,2025-10-04,57,22,0.0,train,2,0.0027537349044626
S28761,3,15,2025-10-04,50,12,0.0,train,2,0.0005971974086143
S28762,3,12,2025-10-04,62,16,0.0,train,2,0.000700389293914
S28763,3,20,2025-10-04,15,26,0.0,train,2,0.0008572262560507
S28820,3,16,2025-10-04,28,19,0.0,train,2,0.0023043801248086
S28975,3,20,2025-10-04,36,14,0.0,train,2,0.0027624348212287
S28976,3,20,2025-10-04,34,13,0.0,train,2,0.0026238918961846
S28977,3,2,2025-10-04,24,14,0.0,train,2,0.0023389998343826
S29554,3,8,2025-10-04,46,11,0.0,train,2,0.0007736220756399
S29643,3,11,2025-10-04,62,20,0.0,train,2,0.0028930024418436
S29644,3,9,2025-10-04,21,27,0.0,train,2,0.0020489440873703
S29646,3,21,2025-10-04,37,28,0.0,train,2,0.0027328515363907
S29648,3,12,2025-10-04,15,22,0.0,train,2,0.0027856339924403
S29650,3,15,2025-10-04,16,21,0.0,train,2,0.0027085086547421
S29651,3,12,2025-10-04,27,26,0.0,train,2,0.002754818097774
S29754,3,10,2025-10-04,37,32,0.0,train,2,0.0016066128739213
S29755,3,4,2025-10-04,57,14,0.0,train,2,0.0006346416570326
S29877,3,11,2025-10-04,36,32,0.0,train,2,0.00107067684615
S29891,3,17,2025-10-04,44,29,0.0,train,2,0.0018958748885242
S29892,3,17,2025-10-04,35,19,0.0,train,2,0.0028031774137001
S29893,3,22,2025-10-04,39,17,0.0,train,2,0.0027212814021759
S29896,3,21,2025-10-04,21,24,0.0,train,2,0.002776958074979
S30129,3,3,2025-10-04,27,18,0.0,train,2,0.001767434815025
S30130,3,6,2025-10-04,45,29,0.0,train,2,0.0024475172911414
S30191,3,3,2025-10-04,19,28,0.0109095022930048,train,2,0.0006159390211992
S30749,3,14,2025-10-04,26,25,0.0,train,2,0.0026218566096032
S30752,3,14,2025-10-04,17,24,0.0049800597206356,train,2,0.0024825683807854
S30753,3,11,2025-10-04,57,15,0.0,train,2,0.0028899340409188
S30754,3,9,2025-10-04,41,17,0.0050113183195446,train,2,0.0021572674704032
S30755,3,16,2025-10-04,31,13,0.0025257145180306,train,2,0.0025920091767458
S30759,3,11,2025-10-04,18,23,0.0,train,2,0.0024937320837368
S30760,3,9,2025-10-04,20,26,0.0,train,2,0.0022147813394455
S30761,3,9,2025-10-04,54,25,0.0,train,2,0.0020063867707983
S30805,3,20,2025-10-04,29,23,0.0216017830815878,train,2,0.0028278185241536
S30806,3,21,2025-10-04,50,13,0.0009017197991904,train,2,0.0027449592769521
S30807,3,23,2025-10-04,52,17,0.0101843313680014,train,2,0.0023000309673827
S30808,3,21,2025-10-04,62,17,0.0190529960461635,train,2,0.0028606320815067
S30811,3,12,2025-10-04,53,17,0.0118748954674694,train,2,0.0028294266680059
S30812,3,12,2025-10-04,40,28,0.027470249774766,train,2,0.0028994987880703
S30819,3,4,2025-10-04,38,19,0.0137387698686938,train,2,0.0025063928736354
S30820,3,20,2025-10-04,58,23,0.015961636629784,train,2,0.0029288637105867
S30910,3,9,2025-10-04,50,26,0.0,train,2,0.0023301008089184
S30912,3,17,2025-10-04,22,18,0.0,train,2,0.0025929259532722
S31085,3,10,2025-10-04,37,30,0.0,train,2,0.0027710565471018
S31211,3,14,2025-10-04,36,17,0.008042773964068,train,2,0.0021431371925556
S31213,3,14,2025-10-04,18,18,0.0,train,2,0.0029594298366725
S31214,3,22,2025-10-04,38,14,0.0,train,2,0.0017226491449016
S31215,3,9,2025-10-04,35,30,0.0064716069638136,train,2,0.0021652650967727
S31220,3,11,2025-10-04,40,28,0.0,train,2,0.0026599190453746
S31223,3,9,2025-10-04,33,29,0.0,train,2,0.0021462540143106
S31224,3,24,2025-10-04,32,24,0.0015667063859834,train,2,0.0027431765478216
S31225,3,16,2025-10-04,46,19,0.0,train,2,0.0027508469957634
S31228,3,8,2025-10-04,17,17,0.004803371057998,train,2,0.0022732726068804
S31360,3,15,2025-10-04,44,32,0.0,train,2,0.0013342036184346
S31371,3,6,2025-10-04,19,18,0.0,train,2,0.0019698285629144
S31372,3,6,2025-10-04,29,15,0.0,train,2,0.0017782212757843
S31637,3,12,2025-10-04,49,19,0.0,train,2,0.0029549680631954
S31638,3,10,2025-10-04,38,30,0.0,train,2,0.0029117667025774
S31639,3,20,2025-10-04,64,19,0.0,train,2,0.0027728459650914
S31853,3,2,2025-10-04,59,21,0.0022235345699227,train,2,0.0027941524093047
S31856,3,12,2025-10-04,16,18,0.0067016356305875,train,2,0.0028038458163962
S31857,3,15,2025-10-04,44,31,0.0,train,2,0.0021480545687005
S31858,3,10,2025-10-04,53,20,0.0,train,2,0.0031163352436031
S31860,3,15,2025-10-04,31,30,0.0,train,2,0.0021744826057711
S31862,3,12,2025-10-04,19,26,0.0110981595366015,train,2,0.0027143634472532
S31863,3,21,2025-10-04,21,18,0.0,train,2,0.0028351488409681
S31866,3,21,2025-10-04,50,17,0.0,train,2,0.0027141101820809
S31868,3,23,2025-10-04,47,27,0.0,train,2,0.0024053290474425
S31870,3,12,2025-10-04,52,25,0.0021896202308573,train,2,0.0028299532398292
S31873,3,18,2025-10-04,58,17,0.0044829296892617,train,2,0.0030328817204246
S31874,3,23,2025-10-04,44,20,0.0,train,2,0.002681160318774
S31876,3,23,2025-10-04,60,24,0.0021860375101164,train,2,0.002469578314923
S31878,3,10,2025-10-04,39,15,0.0043809196405354,train,2,0.0026766955042354
S31879,3,23,2025-10-04,44,12,0.0,train,2,0.0013182741336786
S31881,3,4,2025-10-04,40,21,0.006691980395325,train,2,0.0024242116607952
S32041,3,17,2025-10-04,46,14,0.0134077910866515,train,2,0.0018783833352581
S32042,3,17,2025-10-04,36,23,0.0,train,2,0.0025944955143979
S32043,3,22,2025-10-04,30,28,0.0044108967788028,train,2,0.0027619487075862
S32046,3,9,2025-10-04,49,19,0.0066225165562913,train,2,0.0022012573731466
S32048,3,9,2025-10-04,52,18,0.0,train,2,0.0021995967225172
S32051,3,24,2025-10-04,37,17,0.0,train,2,0.0025961142752957
S32052,3,24,2025-10-04,25,23,0.0,train,2,0.0029123383060634
S32053,3,9,2025-10-04,56,23,0.0,train,2,0.002319049437522
S32054,3,16,2025-10-04,54,18,0.0,train,2,0.0027415154944005
S32055,3,14,2025-10-04,43,21,0.0,train,2,0.0023129558384563
S32056,3,14,2025-10-04,18,21,0.0,train,2,0.002966280808377
S32418,3,3,2025-10-04,34,22,0.0,train,2,0.0015979187254796
S32571,3,6,2025-10-04,54,30,0.0,train,2,0.0012283932735366
S32635,3,16,2025-10-04,33,29,0.0,train,2,0.0020304103905937
S32636,3,9,2025-10-04,21,26,0.0,train,2,0.0022262170461104
S32637,3,11,2025-10-04,33,13,0.0,train,2,0.0029101701668468
S32639,3,9,2025-10-04,18,18,0.0,train,2,0.0019931495695512
S32641,3,24,2025-10-04,59,26,0.0,train,2,0.0029869887072471
S32642,3,22,2025-10-04,16,21,0.0,train,2,0.0025631721096473
S32644,3,22,2025-10-04,32,16,0.0,train,2,0.00194983710577
S32782,3,17,2025-10-04,25,19,0.0,train,2,0.0023637098365752
S32783,3,11,2025-10-04,20,16,0.0,train,2,0.0012399392568929
S32784,3,9,2025-10-04,44,30,0.0025532352110143,train,2,0.0018855501204597
S32785,3,24,2025-10-04,65,23,0.0,train,2,0.0026101235104024
S32787,3,16,2025-10-04,63,23,0.0,train,2,0.0025478328351124
S32789,3,4,2025-10-04,47,31,0.0025781485055038,train,2,0.0026680478821965
S32791,3,15,2025-10-04,39,13,0.0,train,2,0.0025817170005614
S32792,3,21,2025-10-04,26,18,0.0025354167623187,train,2,0.0025965598124126
S32793,3,18,2025-10-04,54,14,0.0,train,2,0.0031757891752828
S32794,3,20,2025-10-04,28,30,0.0051574206670402,train,2,0.002659044035112
S32796,3,15,2025-10-04,29,28,0.0,train,2,0.0024736795141854
S32797,3,2,2025-10-04,53,15,0.0,train,2,0.0029989660760295
S32799,3,2,2025-10-04,27,29,0.0,train,2,0.0023529554877094
S32800,3,12,2025-10-04,19,24,0.0,train,2,0.0026974802850907
S32801,3,4,2025-10-04,52,14,0.0,train,2,0.0029728951105271
S32803,3,4,2025-10-04,32,16,0.0025845033801352,train,2,0.0026443810238593
S32804,3,20,2025-10-04,49,21,0.0025445292620865,train,2,0.0028023577192744
S32989,3,6,2025-10-04,37,28,0.0,train,2,0.0021080438637598
S32990,3,3,2025-10-04,59,24,0.0,train,2,0.0016207330368948
S33724,3,22,2025-10-04,36,22,0.0,train,2,0.0028406292939158
S33725,3,24,2025-10-04,36,31,0.0,train,2,0.0025848347431521
S33726,3,23,2025-10-04,20,19,0.0,train,2,0.0029133859898863
S33728,3,23,2025-10-04,39,22,0.0,train,2,0.0020738275552497
S33733,3,15,2025-10-04,39,31,0.0,train,2,0.002344531157333
S33734,3,23,2025-10-04,39,31,0.0,train,2,0.0022470947488484
S33735,3,21,2025-10-04,52,24,0.0,train,2,0.0026134515582937
S33757,3,11,2025-10-04,21,19,0.0,train,2,0.0027705339350775
S33758,3,17,2025-10-04,25,24,0.0,train,2,0.0025729263349656
S33759,3,16,2025-10-04,45,18,0.0,train,2,0.0018715212336173
S33760,3,24,2025-10-04,58,18,0.0,train,2,0.0026670765343437
S33781,3,18,2025-10-04,33,32,0.0,train,2,0.0008827445519067
S33783,3,24,2025-10-04,43,32,0.0,train,2,0.0014140525280954
S33857,3,9,2025-10-04,22,20,0.0,train,2,0.0022589221168849
S33862,3,17,2025-10-04,56,20,0.0,train,2,0.0025894383159155
S34311,3,16,2025-10-04,21,19,0.0,train,2,0.0025935637550318
S34314,3,21,2025-10-04,39,18,0.0,train,2,0.002080735388133
S34316,3,4,2025-10-04,28,13,0.0,train,2,0.0029342260275332
S34318,3,10,2025-10-04,63,17,0.0,train,2,0.0021034453591995
S34587,3,8,2025-10-04,45,12,0.0,train,2,0.0021145374546864
S34589,3,3,2025-10-04,33,22,0.0,train,2,0.0016612404287173
S34590,3,6,2025-10-04,37,13,0.0,train,2,0.0020485783304874
S34635,3,22,2025-10-04,40,32,0.0,train,2,0.0007698664209933
S34898,3,15,2025-10-04,54,30,0.0,train,2,0.0027000988807713
S34901,3,6,2025-10-04,21,14,0.0,train,2,0.0023374432397267
S34902,3,6,2025-10-04,44,11,0.0,train,2,0.0007613492540284
S34913,3,3,2025-10-04,37,15,0.0,train,2,0.0014584423134338
S34915,3,6,2025-10-04,38,17,0.0,train,2,0.0023334534854242
S34918,3,6,2025-10-04,34,14,0.0,train,2,0.001753741915226
S35000,3,22,2025-10-04,49,26,0.0,train,2,0.002100080966312
S35001,3,8,2025-10-04,38,15,0.0,train,2,0.0017937600518028
S35003,3,22,2025-10-04,57,17,0.0,train,2,0.001731413224901
S35004,3,22,2025-10-04,24,15,0.0,train,2,0.0022551827513882
S35030,3,2,2025-10-04,37,23,0.0,train,2,0.0029619228077606
S35032,3,12,2025-10-04,23,22,0.0,train,2,0.0026725686446528
S35035,3,12,2025-10-04,31,20,0.0,train,2,0.0028770012295585
S35037,3,20,2025-10-04,44,13,0.0,train,2,0.0029250754835454
S35326,3,24,2025-10-04,26,20,0.0,train,2,0.0029135136649421
S35327,3,24,2025-10-04,39,23,0.0,train,2,0.0027775122455535
S35328,3,9,2025-10-04,31,17,0.0,train,2,0.0020192885630925
S35329,3,22,2025-10-04,58,23,0.0,train,2,0.0019576723209362
S35330,3,9,2025-10-04,36,18,0.0,train,2,0.0020357986890461
S35331,3,2,2025-10-04,54,28,0.0022327871540611,train,2,0.0023790735124917
S35332,3,18,2025-10-04,30,23,0.0087352055146037,train,2,0.0031179759971524
S35333,3,21,2025-10-04,57,16,0.0203385351811643,train,2,0.0026037067171029
S35334,3,21,2025-10-04,21,21,0.0,train,2,0.0027869624396285
S35340,3,21,2025-10-04,50,31,0.0,train,2,0.0014421617985786
S35402,3,9,2025-10-04,21,29,0.0,train,2,0.0012039991556482
S35521,3,6,2025-10-04,29,29,0.0,train,2,0.002105687539697
S35522,3,6,2025-10-04,36,22,0.0,train,2,0.0020574825732225
S36158,3,22,2025-10-04,29,30,0.0,train,2,0.0023287201833863
S36160,3,22,2025-10-04,40,16,0.0,train,2,0.0019296616508242
S36466,3,11,2025-10-04,15,24,0.0,train,2,0.0024976915966554
S36468,3,9,2025-10-04,30,25,0.0,train,2,0.001997093578415
S36470,3,14,2025-10-04,19,19,0.0,train,2,0.0025318659968295
S36471,3,24,2025-10-04,19,26,0.0,train,2,0.0027950817271371
S36475,3,14,2025-10-04,17,25,0.0,train,2,0.002784896314032
S36476,3,14,2025-10-04,45,24,0.0,train,2,0.0027199100657199
S36477,3,20,2025-10-04,42,21,0.0,train,2,0.0028765754273581
S36478,3,2,2025-10-04,20,21,0.0,train,2,0.0027325987319217
S36479,3,21,2025-10-04,37,19,0.0,train,2,0.0027171888184888
S36480,3,23,2025-10-04,21,28,0.0,train,2,0.0024916367339655
S36483,3,12,2025-10-04,24,20,0.0,train,2,0.0028927513408534
S36485,3,12,2025-10-04,26,24,0.0,train,2,0.0028247575522646
S36488,3,4,2025-10-04,49,21,0.0,train,2,0.0025501831892532
S36489,3,2,2025-10-04,25,27,0.0,train,2,0.0029270371999712
S36491,3,4,2025-10-04,15,20,0.0,train,2,0.0027663658729636
S36493,3,4,2025-10-04,48,21,0.0,train,2,0.0030280220759084
S36494,3,23,2025-10-04,51,17,0.0,train,2,0.0022367216211847
S36893,3,24,2025-10-04,44,11,0.0,train,2,0.0015856401520326
S36895,3,22,2025-10-04,58,29,0.0,train,2,0.0012967330071989
S37084,3,11,2025-10-04,29,15,0.0,train,2,0.0028672221865822
S37087,3,18,2025-10-04,33,27,0.0,train,2,0.0026858874820829
S37089,3,20,2025-10-04,26,25,0.0,train,2,0.0029563375918371
S37090,3,4,2025-10-04,28,30,0.0,train,2,0.0027098094845478
S37092,3,2,2025-10-04,27,24,0.0,train,2,0.0029494116669403
S37242,3,16,2025-10-04,35,14,0.0,train,2,0.0025916713665928
S37243,3,24,2025-10-04,29,25,0.0,train,2,0.0026940624976982
S37244,3,11,2025-10-04,57,22,0.0,train,2,0.0028443870392091
S37248,3,20,2025-10-04,30,29,0.0,train,2,0.0028009506696438
S37249,3,18,2025-10-04,21,16,0.0,train,2,0.0031156577142238
S37252,3,10,2025-10-04,63,21,0.0,train,2,0.0031980812863373
S37254,3,10,2025-10-04,27,22,0.0,train,2,0.0030187595343745
S37255,3,23,2025-10-04,24,21,0.0,train,2,0.0025564715310179
S37315,3,14,2025-10-04,38,22,0.0,train,2,0.0026512260587794
S37317,3,24,2025-10-04,24,27,0.0,train,2,0.0026034898096922
S37410,3,8,2025-10-04,36,25,0.0,train,2,0.0022327361654838
S37459,3,8,2025-10-04,30,17,0.0,train,2,0.0022443320114191
S37463,3,9,2025-10-04,42,19,0.0,train,2,0.0016373710920735
S37464,3,11,2025-10-04,48,29,0.0,train,2,0.0029372182199203
S37465,3,11,2025-10-04,20,25,0.0,train,2,0.0029520396679759
S37466,3,14,2025-10-04,36,19,0.0,train,2,0.0025676725658186
S37467,3,22,2025-10-04,47,31,0.0,train,2,0.002647222638415
S37620,3,10,2025-10-04,57,25,0.0,train,2,0.0030642378890024
S37621,3,23,2025-10-04,25,17,0.0050101816568882,train,2,0.0024921524480374
S37624,3,20,2025-10-04,26,20,0.0,train,2,0.0027849447282936
S37625,3,18,2025-10-04,42,22,0.0,train,2,0.0030512649264082
S37802,3,15,2025-10-04,24,30,0.0,train,2,0.0013911497621636
S38477,3,17,2025-10-04,35,15,0.0083221701272605,train,2,0.0022726932968019
S38532,3,10,2025-10-04,45,22,0.0027729655387894,train,2,0.0027368310649337
S38534,3,2,2025-10-04,55,18,0.0040580041478191,train,2,0.0025310987831174
S38536,3,21,2025-10-04,33,20,0.0070045184076488,train,2,0.0025928633337382
S38537,3,18,2025-10-04,20,15,0.0124153780819864,train,2,0.0029824916716308
S38538,3,21,2025-10-04,43,14,0.0084237288135593,train,2,0.0027139187791846
S38540,3,4,2025-10-04,40,20,0.0069019725476472,train,2,0.0028729797791995
S38548,3,9,2025-10-04,63,17,0.0042403610705845,train,2,0.0006597880844637
S38660,3,12,2025-10-04,49,12,0.0,train,2,0.0005946353803621
S38992,3,3,2025-10-04,31,23,0.0,train,2,0.0010393697817353
S38993,3,3,2025-10-04,51,21,0.0,train,2,0.0016005054050602
S38994,3,8,2025-10-04,29,29,0.0,train,2,0.0021663138602471
S39145,3,11,2025-10-04,54,22,0.0,train,2,0.002737119282674
S39147,3,24,2025-10-04,49,17,0.0,train,2,0.0029573415419686
S39149,3,24,2025-10-04,43,22,0.0,train,2,0.0027684894573611
S39150,3,16,2025-10-04,39,16,0.0,train,2,0.0024972805250742
S39152,3,22,2025-10-04,41,15,0.0,train,2,0.0021330538649958
S39352,3,9,2025-10-04,17,16,0.0,train,2,0.0010961885364402
S39353,3,8,2025-10-04,16,26,0.0,train,2,0.0016831950923964
S39375,3,8,2025-10-04,38,29,0.0,train,2,0.0024840212087635
S39395,3,16,2025-10-04,53,27,0.0,train,2,0.0023069499669629
S39396,3,22,2025-10-04,28,23,0.0,train,2,0.0022436717550145
S39398,3,9,2025-10-04,33,12,0.0974170661603387,train,2,0.0013059511584706
S39521,3,22,2025-10-04,33,19,0.0,train,2,0.0024889664130087
S39523,3,24,2025-10-04,56,20,0.0,train,2,0.0028231366773749
S39525,3,24,2025-10-04,44,26,0.0,train,2,0.0027007997629898
S39526,3,23,2025-10-04,42,30,0.0,train,2,0.0022188923879938
S39527,3,20,2025-10-04,60,17,0.0,train,2,0.0028391970036432
S39528,3,4,2025-10-04,43,14,0.0,train,2,0.0027732781148564
S39576,3,24,2025-10-04,28,12,0.0,train,2,0.0009108355439192
S39584,3,6,2025-10-04,35,25,0.0,train,2,0.0026063556359223
S39834,3,11,2025-10-04,30,14,0.0,train,2,0.0027264045001937
S39836,3,14,2025-10-04,18,19,0.0,train,2,0.0028858968142951
S39858,3,15,2025-10-04,50,25,0.0065424005476134,train,2,0.0024360658534444
S39859,3,10,2025-10-04,54,24,0.0049135433864892,train,2,0.002848967707615
S39860,3,20,2025-10-04,35,25,0.003285961275905,train,2,0.0028181402443583
S39861,3,12,2025-10-04,55,27,0.0033724867509449,train,2,0.0027205019879385
S39862,3,21,2025-10-04,61,16,0.0,train,2,0.0030141039137638
S40100,3,11,2025-10-04,36,16,0.0115348399246704,train,2,0.0023587368828523
S40101,3,17,2025-10-04,39,18,0.0,train,2,0.0024603257202792
S40102,3,17,2025-10-04,48,25,0.0114476563399746,train,2,0.0022693823584468
S40104,3,8,2025-10-04,38,13,0.0,train,2,0.0018723668690798
S40106,3,24,2025-10-04,33,24,0.0057432744753628,train,2,0.0028509143761628
S40107,3,17,2025-10-04,33,19,0.0033847515919229,train,2,0.0025746603653955
S40108,3,24,2025-10-04,29,19,0.0099013846000597,train,2,0.0025935440425429
S40109,3,9,2025-10-04,58,26,0.0,train,2,0.0023813110706435
S40110,3,14,2025-10-04,47,31,0.0033285113450668,train,2,0.0019132826422921
S40111,3,11,2025-10-04,48,21,0.0033477143598085,train,2,0.0028401234089479
S40112,3,17,2025-10-04,23,28,0.0,train,2,0.0019638908788971
S40114,3,22,2025-10-04,31,17,0.0,train,2,0.0025775927256425
S40115,3,17,2025-10-04,36,24,0.0019563155139362,train,2,0.002423493996858
S40117,3,14,2025-10-04,51,14,0.0033385729447959,train,2,0.0023225632855465
S40118,3,14,2025-10-04,27,19,0.0,train,2,0.0023636694355405
S40119,3,21,2025-10-04,43,29,0.0019506260057302,train,2,0.0028188062737064
S40120,3,20,2025-10-04,44,31,0.0,train,2,0.0023808859475733
S40121,3,21,2025-10-04,16,22,0.0058694317161887,train,2,0.002221685841047
S40123,3,2,2025-10-04,49,22,0.0038914466472485,train,2,0.0026332992449161
S40125,3,21,2025-10-04,42,30,0.017362243234431,train,2,0.0029940610930489
S40463,3,14,2025-10-04,61,19,0.0,train,2,0.0023196475576806
S40465,3,11,2025-10-04,54,16,0.0,train,2,0.0030534212597544
S40467,3,24,2025-10-04,17,19,0.0148896649718384,train,2,0.0029186328681046
S40470,3,24,2025-10-04,16,18,0.0043195793407644,train,2,0.0023916335485888
S40939,3,23,2025-10-04,40,12,0.0,train,2,0.0013697188279852
S40940,3,15,2025-10-04,30,15,0.0021364490239823,train,2,0.0023892857084191
S40945,3,21,2025-10-04,49,26,0.0,train,2,0.0028771310467994
S40947,3,10,2025-10-04,58,17,0.0021390420362647,train,2,0.0027325793001041
S40949,3,23,2025-10-04,27,28,0.0064917253360153,train,2,0.0023293324755711
S40950,3,20,2025-10-04,16,18,0.0,train,2,0.0027023891947563
S40951,3,2,2025-10-04,50,23,0.0,train,2,0.0030868821543824
S41336,3,4,2025-10-04,19,25,0.0,train,2,0.0028110081110092
S41338,3,2,2025-10-04,33,20,0.0027237951179945,train,2,0.0028302332175074
S41339,3,2,2025-10-04,38,28,0.0,train,2,0.0028149917642922
S41340,3,21,2025-10-04,42,31,0.0,train,2,0.0026272003530087
S41341,3,10,2025-10-04,23,26,0.0,train,2,0.0029126310624184
S41344,3,12,2025-10-04,40,18,0.0,train,2,0.002910357312868
S41347,3,18,2025-10-04,40,15,0.0,train,2,0.0030689095548222
S41348,3,18,2025-10-04,37,28,0.0,train,2,0.0030100997148298
S41349,3,21,2025-10-04,50,27,0.0,train,2,0.0029463119636205
S41350,3,21,2025-10-04,33,13,0.0,train,2,0.0027738449775765
S41351,3,23,2025-10-04,44,24,0.0,train,2,0.0026630926559855
S41352,3,10,2025-10-04,32,21,0.0026819055019534,train,2,0.0027906123713889
S41353,3,2,2025-10-04,45,13,0.0,train,2,0.0024654681746664
S41354,3,4,2025-10-04,53,14,0.0,train,2,0.0028441600841882
S41355,3,23,2025-10-04,19,23,0.0,train,2,0.0026603002626458
S41356,3,2,2025-10-04,38,13,0.0,train,2,0.0027988780406636
S41379,3,21,2025-10-04,41,11,0.0,train,2,0.0024580322534161
S41380,3,23,2025-10-04,25,13,0.0,train,2,0.0012890090651805
S41382,3,6,2025-10-04,39,32,0.0,train,2,0.0005713090944415
S41387,3,8,2025-10-04,53,22,0.0,train,2,0.0020088603341054
S41388,3,6,2025-10-04,25,14,0.0,train,2,0.002325655065197
S41395,3,9,2025-10-04,38,27,0.0,train,2,0.0022205936617643
S41396,3,11,2025-10-04,56,25,0.0,train,2,0.0023263157535572
S41398,3,14,2025-10-04,25,18,0.0,train,2,0.0026358230262554
S41465,3,4,2025-10-04,27,30,0.0,train,2,0.0026754856704031
S41467,3,23,2025-10-04,45,16,0.0024358446548648,train,2,0.0025289290059207
S41469,3,10,2025-10-04,20,28,0.0072190105452749,train,2,0.0028642870325307
S41470,3,12,2025-10-04,52,16,0.0,train,2,0.0029275162702675
S41471,3,10,2025-10-04,29,30,0.0,train,2,0.0028642437254022
S41472,3,4,2025-10-04,48,19,0.0048700423801474,train,2,0.0024376426568294
S41535,3,6,2025-10-04,41,23,0.0,train,2,0.0021431138330511
S41538,3,3,2025-10-04,62,25,0.0036282669002774,train,2,0.0020845347558195
S41657,3,4,2025-10-04,56,24,0.0126465862577882,train,2,0.0029459033793187
S41660,3,15,2025-10-04,36,23,0.0,train,2,0.0024581856442242
S41661,3,15,2025-10-04,50,26,0.012443175924833,train,2,0.0024379119886313
S41662,3,12,2025-10-04,53,14,0.0054047000228367,train,2,0.0028999275031783
S41663,3,10,2025-10-04,33,25,0.0127349132093152,train,2,0.0027247841682662
S41664,3,20,2025-10-04,61,16,0.0018237193600469,train,2,0.0028719399731591
S41665,3,20,2025-10-04,30,26,0.003574948030182,train,2,0.0029223700283868
S41666,3,21,2025-10-04,56,26,0.0107317915829932,train,2,0.0027764649310041
S41667,3,21,2025-10-04,25,23,0.0018027036928221,train,2,0.0026794116808139
S41668,3,18,2025-10-04,40,26,0.0088330116482008,train,2,0.0028846376209829
S41669,3,21,2025-10-04,29,21,0.0,train,2,0.0026271637997673
S41671,3,18,2025-10-04,31,28,0.0036129557540136,train,2,0.0031079950062303
S41674,3,4,2025-10-04,30,15,0.0,train,2,0.002680626361384
S41716,3,16,2025-10-04,34,18,0.0,train,2,0.0025717837884427
S41717,3,11,2025-10-04,34,30,0.0017930845383438,train,2,0.0026071692367699
S41718,3,24,2025-10-04,51,30,0.0017884388404295,train,2,0.0026214586782914
S41720,3,9,2025-10-04,29,18,0.0,train,2,0.0022905277904806
S41722,3,22,2025-10-04,50,19,0.0036038387771602,train,2,0.0020031690458941
S41956,3,4,2025-10-04,36,13,0.0046206553521041,train,2,0.0027123024071552
S41957,3,20,2025-10-04,38,28,0.002273080687504,train,2,0.0025577411136244
S41960,3,21,2025-10-04,35,14,0.0,train,2,0.0028048477207059
S41962,3,20,2025-10-04,40,12,0.00449460556897,train,2,0.0028052188336586
S41965,3,12,2025-10-04,46,30,0.0022565471650139,train,2,0.0026991470059174
S42358,3,8,2025-10-04,54,26,0.0,train,2,0.0025894206553685
S42359,3,3,2025-10-04,21,15,0.0,train,2,0.0021100375864948
S42360,3,8,2025-10-04,21,28,0.0,train,2,0.0025826288995462
S42366,3,2,2025-10-04,26,28,0.0,train,2,0.0024679174810056
S42368,3,15,2025-10-04,22,15,0.0,train,2,0.0028423039584523
S42369,3,2,2025-10-04,58,26,0.0025196451204055,train,2,0.0030729803441021
S42372,3,23,2025-10-04,55,27,0.0024760367469759,train,2,0.0023722123793411
S42373,3,10,2025-10-04,27,20,0.0,train,2,0.0028340056068293
S42374,3,23,2025-10-04,33,17,0.0,train,2,0.0027730960248097
S42375,3,15,2025-10-04,57,25,0.0025234062430187,train,2,0.0024858537452192
S42376,3,20,2025-10-04,39,19,0.0049744521346605,train,2,0.0029794715009865
S42377,3,20,2025-10-04,19,25,0.0,train,2,0.0029311637351022
S42379,3,23,2025-10-04,32,12,0.0,train,2,0.0012977666611164
S42383,3,8,2025-10-04,46,21,0.0,train,2,0.002559776687158
S42384,3,8,2025-10-04,22,20,0.0,train,2,0.002350955968646
S42552,3,8,2025-10-04,18,19,0.0,train,2,0.0022169387025412
S42553,3,6,2025-10-04,34,23,0.0,train,2,0.0023853947636899
S42601,3,16,2025-10-04,35,25,0.0,train,2,0.0022882799891489
S42603,3,16,2025-10-04,56,29,0.0,train,2,0.0023055020864461
S42605,3,23,2025-10-04,49,21,0.0,train,2,0.0025653759117778
S42606,3,18,2025-10-04,62,19,0.0,train,2,0.0031641185675274
S42607,3,23,2025-10-04,37,16,0.0,train,2,0.0027442661330763
S42610,3,10,2025-10-04,15,18,0.0,train,2,0.0029780230415393
S42613,3,20,2025-10-04,36,11,0.0,train,2,0.0015237177373396
S42614,3,18,2025-10-04,44,32,0.0,train,2,0.000658235721408
S42960,3,6,2025-10-04,37,26,0.0,train,2,0.0024854960996346
S42989,3,3,2025-10-04,19,15,0.0,train,2,0.0012739084305209
S42990,3,24,2025-10-04,40,11,0.0,train,2,0.0012884486551898
S43013,3,9,2025-10-04,35,13,0.0,train,2,0.0024718131998802
S43015,3,9,2025-10-04,52,13,0.0,train,2,0.0027223360815811
S43016,3,16,2025-10-04,41,26,0.0,train,2,0.0028425676741386
S43017,3,22,2025-10-04,52,15,0.0,train,2,0.0022854168672034
S43021,3,18,2025-10-04,61,17,0.0,train,2,0.0030280182063619
S43022,3,21,2025-10-04,46,17,0.0,train,2,0.0028526724220451
S43023,3,8,2025-10-04,46,18,0.0,train,2,0.0022892920613815
S43027,3,2,2025-10-04,46,13,0.0,train,2,0.0025814405165705
S43341,3,17,2025-10-04,26,28,0.0113476796620811,train,2,0.001891741827714
S43342,3,22,2025-10-04,16,22,0.0160202808526452,train,2,0.002083413899695
S43344,3,16,2025-10-04,38,19,0.019880568016229,train,2,0.0025114489884264
S43346,3,9,2025-10-04,36,15,0.0102321368078053,train,2,0.0018225496448206
S43347,3,9,2025-10-04,14,20,0.0175303489021486,train,2,0.0020515573748817
S43348,3,11,2025-10-04,28,24,0.0106030368090425,train,2,0.0024706342437496
S43349,3,14,2025-10-04,31,15,0.0019692332075322,train,2,0.0023592120523486
S43350,3,22,2025-10-04,54,20,0.0039387239168509,train,2,0.001751700508329
S43352,3,11,2025-10-04,50,13,0.0067528484636735,train,2,0.0024962943126952
S43354,3,10,2025-10-04,56,23,0.0,train,2,0.0029766900208558
S43356,3,10,2025-10-04,39,21,0.0,train,2,0.002845463629541
S43357,3,20,2025-10-04,23,26,0.0,train,2,0.0028683658746576
S43358,3,20,2025-10-04,32,18,0.0,train,2,0.0025552679324288
S43359,3,21,2025-10-04,44,32,0.0,train,2,0.0009016898425656
S43733,3,2,2025-10-04,45,25,0.009159433110337,train,2,0.0026180035013451
S43734,3,15,2025-10-04,59,27,0.0169457531323268,train,2,0.0025048683273665
S43736,3,12,2025-10-04,64,22,0.0153352463821777,train,2,0.0028119988439743
S43737,3,23,2025-10-04,44,19,0.0172686367505776,train,2,0.002664014682151
S43740,3,10,2025-10-04,39,26,0.0207087031316035,train,2,0.0028423194870364
S00017,3,3,2025-10-04,24,16,0.0,train,3,0.0021913361761908
S00214,3,16,2025-10-04,50,27,0.0,train,3,0.0022565966371811
S00216,3,14,2025-10-04,43,30,0.0,train,3,0.0027925209998049
S00217,3,22,2025-10-04,40,18,0.0,train,3,0.0026858944157398
S00408,3,8,2025-10-04,51,23,0.0022408584697236,train,3,0.0025444471087131
S00409,3,6,2025-10-04,15,25,0.002175502182068,train,3,0.0020890854603053
S00410,3,3,2025-10-04,19,17,0.0,train,3,0.0020880083187653
S00632,3,22,2025-10-04,48,12,0.0,train,3,0.0015421074499559
S00636,3,6,2025-10-04,48,17,0.0,train,3,0.0023063997240489
S00637,3,8,2025-10-04,52,20,0.0,train,3,0.0017069599821143
S00791,3,18,2025-10-04,46,19,0.0,train,3,0.0031232678691414
S00792,3,21,2025-10-04,60,27,0.0,train,3,0.0031158065309808
S00793,3,21,2025-10-04,34,14,0.0,train,3,0.0028793136853411
S00794,3,15,2025-10-04,63,19,0.0,train,3,0.0026223821674394
S00795,3,2,2025-10-04,43,19,0.0,train,3,0.0030707381686708
S01317,3,18,2025-10-04,27,14,0.0,train,3,0.0029765767023954
S01887,3,24,2025-10-04,52,29,0.0,train,3,0.002792842204765
S01891,3,21,2025-10-04,33,18,0.0,train,3,0.0027985533948393
S01893,3,15,2025-10-04,28,27,0.0,train,3,0.002372071087878
S01895,3,10,2025-10-04,46,14,0.0,train,3,0.0030053046621377
S01896,3,15,2025-10-04,19,27,0.0,train,3,0.0021897232273042
S02103,3,3,2025-10-04,32,22,0.0,train,3,0.000901352376024
S02104,3,8,2025-10-04,40,27,0.003256539288148,train,3,0.0018995837716532
S02437,3,11,2025-10-04,30,28,0.0,train,3,0.0028039996860552
S02576,3,3,2025-10-04,41,28,0.0,train,3,0.002014593939916
S02577,3,8,2025-10-04,63,18,0.0,train,3,0.0025402100472577
S03360,3,20,2025-10-04,53,26,0.0401748338558717,train,3,0.0027751919699899
S03361,3,21,2025-10-04,46,19,0.0,train,3,0.0026927538940575
S03362,3,15,2025-10-04,53,24,0.0028811594202898,train,3,0.0024562123196402
S03364,3,4,2025-10-04,23,29,0.0028502282476544,train,3,0.0026995978094569
S03365,3,20,2025-10-04,37,20,0.0,train,3,0.0028937894509306
S03366,3,4,2025-10-04,40,31,0.0,train,3,0.0027655929480906
S03367,3,20,2025-10-04,28,25,0.0,train,3,0.0028436465814742
S03401,3,16,2025-10-04,53,16,0.0057922370038867,train,3,0.002226279073559
S03402,3,11,2025-10-04,34,29,0.0,train,3,0.0028390423723439
S03404,3,9,2025-10-04,37,16,0.0,train,3,0.0019640460554914
S03405,3,11,2025-10-04,39,27,0.0,train,3,0.0024387313519173
S03406,3,14,2025-10-04,55,24,0.0,train,3,0.0025677184802251
S03408,3,9,2025-10-04,35,24,0.0,train,3,0.0020883771399833
S03409,3,16,2025-10-04,57,19,0.0,train,3,0.0025560163730314
S03410,3,9,2025-10-04,32,31,0.0,train,3,0.0021215421123701
S03478,3,9,2025-10-04,57,26,0.0,train,3,0.0023463828563964
S03479,3,17,2025-10-04,41,13,0.0,train,3,0.0025480121636113
S03482,3,14,2025-10-04,39,27,0.0,train,3,0.0028386944854643
S03484,3,18,2025-10-04,18,16,0.0,train,3,0.0029735202018844
S03485,3,21,2025-10-04,26,27,0.0,train,3,0.002705123225438
S03486,3,12,2025-10-04,54,29,0.0,train,3,0.002770179591428
S03490,3,4,2025-10-04,50,31,0.0,train,3,0.0010469342659519
S03688,3,3,2025-10-04,57,16,0.0,train,3,0.0022675273429084
S03689,3,3,2025-10-04,55,20,0.0,train,3,0.0014644936209979
S03690,3,8,2025-10-04,32,18,0.0,train,3,0.0021443235292124
S03691,3,3,2025-10-04,31,22,0.0,train,3,0.0015604243681227
S03880,3,20,2025-10-04,19,28,0.0,train,3,0.0012336020921578
S03892,3,18,2025-10-04,29,29,0.0,train,3,0.0030756126446765
S03893,3,21,2025-10-04,54,14,0.0,train,3,0.0028682475347578
S03895,3,2,2025-10-04,37,31,0.0,train,3,0.0026866437325024
S04035,3,9,2025-10-04,52,29,0.0,train,3,0.0020019502922929
S04036,3,24,2025-10-04,47,27,0.0,train,3,0.0027847329354867
S04039,3,11,2025-10-04,29,14,0.0,train,3,0.0028779112217355
S04040,3,14,2025-10-04,57,26,0.0,train,3,0.0022034351728965
S04096,3,10,2025-10-04,37,28,0.0,train,3,0.0027749883876806
S04097,3,21,2025-10-04,34,23,0.0,train,3,0.0026093974442493
S04098,3,20,2025-10-04,31,18,0.0,train,3,0.0027382200022802
S04099,3,20,2025-10-04,31,17,0.0,train,3,0.0028702790925573
S04142,3,12,2025-10-04,42,26,0.0,train,3,0.0027355031637054
S04143,3,10,2025-10-04,53,17,0.0,train,3,0.003010753342381
S04144,3,10,2025-10-04,42,22,0.0,train,3,0.0030579733320871
S04145,3,12,2025-10-04,46,27,0.0,train,3,0.0026361229572743
S04147,3,23,2025-10-04,47,25,0.0,train,3,0.0024545201538239
S04149,3,20,2025-10-04,27,19,0.0,train,3,0.0024132236322522
S04275,3,8,2025-10-04,51,28,0.0,train,3,0.0023148948164147
S04276,3,3,2025-10-04,15,24,0.0,train,3,0.0020351046174538
S04277,3,6,2025-10-04,23,14,0.0,train,3,0.0019944365057709
S04373,3,12,2025-10-04,18,15,0.0,train,3,0.0013319154228763
S04374,3,15,2025-10-04,51,12,0.0,train,3,0.001272976718267
S04384,3,8,2025-10-04,50,30,0.0,train,3,0.0024500130781487
S04386,3,3,2025-10-04,30,15,0.0,train,3,0.0023601579037392
S04504,3,20,2025-10-04,45,26,0.0,train,3,0.0029173979442606
S04505,3,23,2025-10-04,32,27,0.0,train,3,0.0025856386437058
S04746,3,24,2025-10-04,31,31,0.0,train,3,0.0008735083680944
S04755,3,8,2025-10-04,32,22,0.0,train,3,0.0023583197456736
S04757,3,8,2025-10-04,38,21,0.0,train,3,0.0024913110455498
S04855,3,8,2025-10-04,23,24,0.0122679699842022,train,3,0.0024212276269533
S04857,3,6,2025-10-04,44,25,0.0,train,3,0.002285802191912
S05047,3,14,2025-10-04,58,25,0.0,train,3,0.0023763906872369
S05048,3,24,2025-10-04,46,21,0.0,train,3,0.0028934402025873
S05049,3,24,2025-10-04,27,23,0.0,train,3,0.0028214357647834
S05051,3,11,2025-10-04,28,14,0.0,train,3,0.0024837372177318
S05052,3,22,2025-10-04,27,25,0.0,train,3,0.0023751286409699
S05053,3,14,2025-10-04,30,20,0.0,train,3,0.0025697522876829
S05054,3,17,2025-10-04,18,26,0.0,train,3,0.002411274516387
S05055,3,24,2025-10-04,31,16,0.0,train,3,0.0028225280655775
S05056,3,8,2025-10-04,34,14,0.0,train,3,0.0021786941370798
S05060,3,17,2025-10-04,64,23,0.0,train,3,0.0026720383485249
S05062,3,22,2025-10-04,53,19,0.0,train,3,0.0027249982947366
S05064,3,9,2025-10-04,18,26,0.0,train,3,0.002128604506291
S05065,3,9,2025-10-04,55,24,0.0,train,3,0.0024164186346671
S05066,3,9,2025-10-04,26,17,0.0,train,3,0.0023120192611014
S05067,3,9,2025-10-04,46,12,0.0,train,3,0.0026831114206199
S05068,3,16,2025-10-04,53,28,0.0,train,3,0.002539175355929
S05069,3,17,2025-10-04,46,12,0.0,train,3,0.001904575715246
S05070,3,14,2025-10-04,50,20,0.0,train,3,0.0025624327115118
S05072,3,2,2025-10-04,61,23,0.0,train,3,0.00257378985496
S05074,3,21,2025-10-04,61,27,0.0034911001531307,train,3,0.0028160924495941
S05075,3,23,2025-10-04,41,29,0.0034852979333655,train,3,0.0020827290977454
S05076,3,15,2025-10-04,50,29,0.0,train,3,0.0025600955805412
S05077,3,10,2025-10-04,25,20,0.0,train,3,0.0029264392389561
S05078,3,10,2025-10-04,51,20,0.0,train,3,0.0030297412617259
S05080,3,4,2025-10-04,54,23,0.0,train,3,0.002507329450908
S05082,3,10,2025-10-04,28,25,0.0,train,3,0.002686624549303
S05083,3,20,2025-10-04,39,32,0.0,train,3,0.0007324905751737
S05130,3,16,2025-10-04,32,31,0.0,train,3,0.0026243526343919
S05131,3,8,2025-10-04,32,17,0.0,train,3,0.002174092955211
S05132,3,9,2025-10-04,45,28,0.0,train,3,0.00207780871045
S05159,3,22,2025-10-04,20,16,0.0,train,3,0.0013929940948774
S05160,3,17,2025-10-04,43,28,0.0,train,3,0.0024506199220328
S05161,3,14,2025-10-04,30,24,0.0,train,3,0.0025011919786368
S05163,3,10,2025-10-04,28,26,0.0,train,3,0.0030019751932322
S05165,3,21,2025-10-04,21,29,0.0,train,3,0.0007727362334662
S05260,3,16,2025-10-04,63,17,0.0,train,3,0.0013042453315542
S05263,3,8,2025-10-04,18,26,0.0,train,3,0.002194316767029
S05264,3,2,2025-10-04,14,23,0.0,train,3,0.0029104967441095
S05315,3,9,2025-10-04,58,29,0.0,train,3,0.0019928871497777
S05346,3,6,2025-10-04,27,26,0.0224405729448867,train,3,0.0021629509131324
S05581,3,24,2025-10-04,37,12,0.0051224439313984,train,3,0.0028281235905323
S05582,3,9,2025-10-04,53,22,0.0,train,3,0.0019783092909089
S05585,3,9,2025-10-04,53,14,0.001709736900044,train,3,0.0017090392066912
S05586,3,11,2025-10-04,44,14,0.0017319728460112,train,3,0.002394601197916
S05587,3,17,2025-10-04,55,18,0.0102506986768967,train,3,0.002407159283706
S05590,3,21,2025-10-04,59,19,0.0170111684995601,train,3,0.0029244829745488
S05591,3,21,2025-10-04,30,21,0.0086575109568901,train,3,0.0027683948209331
S05592,3,10,2025-10-04,62,25,0.0139729397293972,train,3,0.0028880397767258
S05593,3,20,2025-10-04,29,13,0.0103860822318583,train,3,0.0026843365968166
S05594,3,2,2025-10-04,45,28,0.0052894285927139,train,3,0.0024628425899512
S05596,3,18,2025-10-04,54,27,0.006912642694957,train,3,0.0029979373788027
S05598,3,2,2025-10-04,38,17,0.0017265217361096,train,3,0.0024829626803216
S05611,3,11,2025-10-04,48,19,0.0,train,3,0.0028022298696844
S05612,3,9,2025-10-04,38,12,0.0,train,3,0.0025077141128691
S05613,3,14,2025-10-04,47,17,0.0,train,3,0.0026249877586744
S05614,3,11,2025-10-04,46,17,0.0,train,3,0.0028898538100031
S05617,3,24,2025-10-04,57,19,0.0,train,3,0.002971112170175
S05894,3,16,2025-10-04,41,15,0.0,train,3,0.0023480823706364
S05927,3,15,2025-10-04,55,15,0.0,train,3,0.0026666990872053
S05997,3,23,2025-10-04,22,14,0.0,train,3,0.0014431380508668
S06102,3,11,2025-10-04,48,30,0.0075933276497963,train,3,0.002847880632432
S06103,3,9,2025-10-04,53,15,0.0,train,3,0.0025699464406978
S06104,3,24,2025-10-04,46,19,0.0030384730602987,train,3,0.0028074214577201
S06105,3,24,2025-10-04,42,13,0.0,train,3,0.0028939307870975
S06108,3,14,2025-10-04,21,21,0.0,train,3,0.0029302340980241
S06109,3,17,2025-10-04,38,21,0.0060498718814858,train,3,0.0026964512054933
S06111,3,2,2025-10-04,41,31,0.004533637400228,train,3,0.0026170536743054
S06113,3,2,2025-10-04,56,23,0.0,train,3,0.003151387180067
S06114,3,2,2025-10-04,39,27,0.0015154148486262,train,3,0.0025082579952417
S06115,3,2,2025-10-04,46,29,0.0105845700759995,train,3,0.0029719974098505
S06116,3,15,2025-10-04,51,15,0.0045407617881647,train,3,0.0026941438635678
S06118,3,10,2025-10-04,19,24,0.0015491118321598,train,3,0.0029277733434801
S06119,3,23,2025-10-04,29,25,0.0091795648479923,train,3,0.0020471181439832
S06120,3,21,2025-10-04,52,28,0.0077858194692483,train,3,0.0026819245649676
S06122,3,15,2025-10-04,54,22,0.0092705719961574,train,3,0.0024882954980386
S06177,3,3,2025-10-04,30,27,0.0,train,3,0.0019648360530779
S06178,3,6,2025-10-04,19,23,0.0076934746332054,train,3,0.0024376973232861
S06854,3,8,2025-10-04,40,15,0.0,train,3,0.0020966186054455
S06855,3,14,2025-10-04,54,25,0.0,train,3,0.0024832862577355
S06856,3,9,2025-10-04,29,16,0.0,train,3,0.0021032385554264
S06857,3,14,2025-10-04,23,22,0.0022518236600063,train,3,0.0021556541441945
S06858,3,9,2025-10-04,34,17,0.0,train,3,0.002071153173766
S06861,3,22,2025-10-04,39,13,0.0,train,3,0.0025892431944687
S06947,3,23,2025-10-04,21,26,0.0,train,3,0.0023481701971292
S07180,3,2,2025-10-04,44,16,0.018963842195943,train,3,0.0030569383790078
S07181,3,4,2025-10-04,47,16,0.0,train,3,0.0022073778213323
S07182,3,12,2025-10-04,23,15,0.0028509149314518,train,3,0.0026985438238774
S07183,3,15,2025-10-04,20,22,0.012799601675709,train,3,0.0022655572576121
S07185,3,4,2025-10-04,33,31,0.0072605409322125,train,3,0.0027597290718007
S07187,3,4,2025-10-04,36,23,0.0,train,3,0.00296168650799
S07189,3,12,2025-10-04,50,16,0.0,train,3,0.0027569846902118
S07190,3,12,2025-10-04,48,20,0.0,train,3,0.0028718885924945
S07191,3,20,2025-10-04,51,16,0.0,train,3,0.0028420174207006
S07192,3,21,2025-10-04,37,26,0.0,train,3,0.0027216156186989
S07193,3,10,2025-10-04,59,22,0.0014886167246238,train,3,0.0027721811388875
S07194,3,18,2025-10-04,33,21,0.0074196823121939,train,3,0.0029770299024522
S07195,3,18,2025-10-04,54,20,0.0057802627867961,train,3,0.0029947217323153
S07196,3,21,2025-10-04,52,27,0.0029731726504009,train,3,0.0029602591833407
S07197,3,18,2025-10-04,43,16,0.0,train,3,0.0029906878788974
S07198,3,21,2025-10-04,38,17,0.0074315978982185,train,3,0.0026470165563328
S07199,3,15,2025-10-04,48,19,0.0,train,3,0.0025824766807423
S07202,3,23,2025-10-04,53,18,0.0104007844684807,train,3,0.0026885566621576
S07203,3,23,2025-10-04,20,23,0.0059003879178575,train,3,0.0022841651560587
S07204,3,20,2025-10-04,49,17,0.0132441507221659,train,3,0.0025490613236768
S07206,3,10,2025-10-04,43,13,0.0029704804767113,train,3,0.0030562501172211
S07207,3,23,2025-10-04,44,15,0.0,train,3,0.0028365275038514
S07208,3,23,2025-10-04,37,22,0.0,train,3,0.0023498673061997
S07209,3,4,2025-10-04,50,22,0.0,train,3,0.0025559144998464
S07210,3,2,2025-10-04,47,22,0.0088168247013012,train,3,0.0031384128957477
S07353,3,8,2025-10-04,43,26,0.0087690665443349,train,3,0.0021783397950035
S07354,3,8,2025-10-04,47,21,0.0,train,3,0.0018792163759199
S07361,3,9,2025-10-04,44,32,0.0,train,3,0.0013970949884431
S07395,3,16,2025-10-04,26,16,0.0074259348908372,train,3,0.0024038393172232
S07396,3,9,2025-10-04,48,27,0.0042815668639461,train,3,0.0022013904060296
S07399,3,16,2025-10-04,46,25,0.0073080712279618,train,3,0.0024744790623648
S07401,3,11,2025-10-04,50,24,0.0043918948773008,train,3,0.0029622851000109
S07402,3,24,2025-10-04,33,14,0.0014593739080388,train,3,0.0029229279371442
S07849,3,22,2025-10-04,32,26,0.0031138009673458,train,3,0.0019921143540274
S07851,3,9,2025-10-04,30,16,0.010791843364102,train,3,0.0021421049239547
S07852,3,22,2025-10-04,19,25,0.0241432330938229,train,3,0.0025862553687987
S07853,3,22,2025-10-04,31,13,0.0,train,3,0.0027436747305096
S07854,3,22,2025-10-04,46,27,0.0,train,3,0.0023787267378662
S07856,3,22,2025-10-04,26,24,0.0083135739586077,train,3,0.0024296777437063
S07861,3,16,2025-10-04,33,26,0.0031990422183458,train,3,0.0025583138584168
S07863,3,10,2025-10-04,35,13,0.0138730532956285,train,3,0.002952797883235
S07865,3,10,2025-10-04,25,23,0.0095832476347182,train,3,0.002804174262296
S07868,3,20,2025-10-04,19,19,0.0174985751600331,train,3,0.0027784951032268
S07869,3,4,2025-10-04,49,29,0.0280523292276045,train,3,0.0026493919627514
S07872,3,10,2025-10-04,25,13,0.0,train,3,0.0017342610388527
S07874,3,3,2025-10-04,44,14,0.0,train,3,0.0023241842189208
S07948,3,22,2025-10-04,27,28,0.0078850804486721,train,3,0.0023090480766445
S07950,3,14,2025-10-04,25,23,0.0033964327205631,train,3,0.002668397463415
S07952,3,11,2025-10-04,19,23,0.0035385502623653,train,3,0.0028124900750293
S07953,3,11,2025-10-04,37,14,0.015911128185427,train,3,0.0028987585685682
S07954,3,24,2025-10-04,30,18,0.01270201949796,train,3,0.0027915458248607
S07955,3,17,2025-10-04,35,14,0.0251745224807058,train,3,0.0018284036909182
S07958,3,11,2025-10-04,47,22,0.0083482709552639,train,3,0.0029192738962369
S07959,3,11,2025-10-04,43,16,0.0104723441615452,train,3,0.0027882037341489
S07960,3,9,2025-10-04,24,27,0.0011351385919713,train,3,0.0020147153203728
S08163,3,6,2025-10-04,23,25,0.0114150531707205,train,3,0.0022873975368083
S08404,3,4,2025-10-04,40,15,0.0057397193196411,train,3,0.0023343094295219
S08405,3,2,2025-10-04,56,25,0.0117039214023982,train,3,0.0027758457972384
S08407,3,20,2025-10-04,16,20,0.0134677397501558,train,3,0.0028045354939183
S08409,3,18,2025-10-04,54,15,0.0160899445939821,train,3,0.0030153898101807
S08413,3,18,2025-10-04,53,24,0.0188534753982535,train,3,0.0030042389074196
S08414,3,4,2025-10-04,32,19,0.0250583422167161,train,3,0.0024566198488948
S08415,3,4,2025-10-04,32,29,0.0305722819512128,train,3,0.0026232387546215
S08758,3,6,2025-10-04,45,11,0.0,train,3,0.0006476034270482
S08835,3,3,2025-10-04,25,29,0.0,train,3,0.0020764235957825
S08836,3,6,2025-10-04,41,17,0.0,train,3,0.0023034642167199
S08853,3,17,2025-10-04,38,29,0.0,train,3,0.0024628313068596
S08855,3,14,2025-10-04,27,25,0.0,train,3,0.0024315305501581
S08856,3,14,2025-10-04,48,14,0.0,train,3,0.0024979190006258
S08857,3,24,2025-10-04,45,13,0.0,train,3,0.0029736721309462
S08858,3,24,2025-10-04,34,28,0.0,train,3,0.0027309842776342
S08859,3,17,2025-10-04,60,22,0.0,train,3,0.0021270587164456
S08870,3,21,2025-10-04,52,16,0.0,train,3,0.0023206841239607
S09092,3,9,2025-10-04,26,30,0.0,train,3,0.001726614929698
S09093,3,17,2025-10-04,44,31,0.0,train,3,0.0023593837801419
S09095,3,6,2025-10-04,31,18,0.0,train,3,0.0020034386245115
S09148,3,12,2025-10-04,29,17,0.0,train,3,0.0026084583394024
S09149,3,18,2025-10-04,54,24,0.0,train,3,0.0031294049923696
S09151,3,23,2025-10-04,52,15,0.0,train,3,0.0020515689013258
S09311,3,6,2025-10-04,20,29,0.0,train,3,0.0014327976194997
S09316,3,6,2025-10-04,55,15,0.0,train,3,0.0025225027359937
S09518,3,10,2025-10-04,16,26,0.0,train,3,0.0013775406912588
S09711,3,2,2025-10-04,19,20,0.0,train,3,0.0022534078800641
S09712,3,15,2025-10-04,46,24,0.0,train,3,0.0028741140924354
S09713,3,21,2025-10-04,40,25,0.0,train,3,0.0026397733850806
S09714,3,23,2025-10-04,56,25,0.0,train,3,0.0026668010339911
S09715,3,15,2025-10-04,21,24,0.0,train,3,0.0025474953019294
S09716,3,20,2025-10-04,15,18,0.0,train,3,0.0027466434884869
S09717,3,23,2025-10-04,50,30,0.0,train,3,0.0024364863752068
S09909,3,6,2025-10-04,45,21,0.0103535195716934,train,3,0.0021512724922105
S09910,3,8,2025-10-04,40,24,0.0146015619157505,train,3,0.002334642033158
S09911,3,8,2025-10-04,15,22,0.0025810204118726,train,3,0.0020010219347224
S09913,3,8,2025-10-04,60,27,0.0092283859741265,train,3,0.0025310426237102
S10101,3,6,2025-10-04,18,15,0.0,train,3,0.0018256337075631
S10102,3,11,2025-10-04,60,28,0.0,train,3,0.0008016661511753
S10104,3,8,2025-10-04,52,17,0.0,train,3,0.001861786245159
S10106,3,16,2025-10-04,37,16,0.0025660685197089,train,3,0.0021466431266344
S10107,3,24,2025-10-04,49,22,0.0090330085189137,train,3,0.0029862271256695
S10108,3,24,2025-10-04,57,18,0.0051476852247451,train,3,0.0029214829052796
S10111,3,18,2025-10-04,57,22,0.003851578604752,train,3,0.0030164399605041
S10113,3,20,2025-10-04,47,12,0.007689391888233,train,3,0.0026697760199492
S10116,3,21,2025-10-04,35,31,0.0118930819115078,train,3,0.0027184669090257
S10117,3,12,2025-10-04,14,19,0.0025805379668787,train,3,0.0030265573673178
S10119,3,10,2025-10-04,59,23,0.0053777402670475,train,3,0.0027365789437605
S10121,3,4,2025-10-04,23,16,0.0116774486615184,train,3,0.0027735680243271
S10122,3,23,2025-10-04,61,20,0.0076552223403108,train,3,0.0023248716845376
S10174,3,3,2025-10-04,55,15,0.0,train,3,0.0023937096112807
S10175,3,6,2025-10-04,53,16,0.0,train,3,0.0023427738513682
S10177,3,3,2025-10-04,55,16,0.0,train,3,0.0015436168037867
S10305,3,2,2025-10-04,33,14,0.0,train,3,0.0021641314233173
S10306,3,2,2025-10-04,15,21,0.0,train,3,0.0028485254189735
S10307,3,10,2025-10-04,30,29,0.0,train,3,0.0028065057957006
S10308,3,12,2025-10-04,34,19,0.0,train,3,0.0027426986616155
S10309,3,12,2025-10-04,47,12,0.0038922694985472,train,3,0.0025815727954545
S10312,3,21,2025-10-04,47,23,0.0,train,3,0.0026371358757299
S10314,3,10,2025-10-04,24,19,0.0,train,3,0.0030271641945993
S10335,3,6,2025-10-04,40,27,0.0,train,3,0.0020416429744356
S10336,3,6,2025-10-04,46,21,0.0,train,3,0.0026202838741493
S10414,3,22,2025-10-04,28,28,0.0,train,3,0.0023888024397108
S10415,3,9,2025-10-04,14,21,0.0,train,3,0.0023784744490779
S10417,3,14,2025-10-04,15,22,0.0,train,3,0.0025010570383527
S10418,3,10,2025-10-04,37,31,0.0,train,3,0.0027543409553124
S10419,3,2,2025-10-04,46,12,0.0,train,3,0.0026266866254739
S10625,3,15,2025-10-04,64,19,0.0,train,3,0.0026285757892532
S10626,3,21,2025-10-04,53,29,0.0,train,3,0.003115929202768
S10627,3,20,2025-10-04,34,17,0.0,train,3,0.0025684989845768
S10629,3,15,2025-10-04,62,22,0.0,train,3,0.0026878333760769
S10630,3,12,2025-10-04,32,16,0.0,train,3,0.0027169830961013
S10633,3,2,2025-10-04,52,26,0.0,train,3,0.0030552364368472
S10653,3,6,2025-10-04,52,23,0.0,train,3,0.0020172414738796
S10655,3,6,2025-10-04,49,17,0.0,train,3,0.0022958047165329
S10679,3,9,2025-10-04,38,14,0.0,train,3,0.0018497310578879
S10680,3,22,2025-10-04,59,18,0.0,train,3,0.0019501539104228
S10683,3,22,2025-10-04,40,26,0.0,train,3,0.0026080647856803
S10684,3,11,2025-10-04,52,16,0.0,train,3,0.0027774592889056
S10685,3,2,2025-10-04,37,21,0.0,train,3,0.0025915681922128
S10687,3,2,2025-10-04,31,12,0.0,train,3,0.0008162240900313
S10838,3,11,2025-10-04,34,17,0.0057701461692963,train,3,0.0027992262526128
S10839,3,9,2025-10-04,54,20,0.0199239211773509,train,3,0.0021150911012414
S10840,3,16,2025-10-04,35,30,0.0202382798245243,train,3,0.0024408401913511
S10845,3,22,2025-10-04,34,19,0.0187497098017365,train,3,0.0023974654589998
S10886,3,20,2025-10-04,29,15,0.0,train,3,0.0028481659136035
S10887,3,21,2025-10-04,54,26,0.0,train,3,0.0028158886319151
S10891,3,20,2025-10-04,52,25,0.0,train,3,0.003017477799553
S10892,3,2,2025-10-04,56,17,0.0150077069942173,train,3,0.0024922218284572
S10893,3,4,2025-10-04,29,21,0.0,train,3,0.0028851624447635
S11261,3,6,2025-10-04,43,23,0.0196326288761603,train,3,0.002000355029632
S11262,3,3,2025-10-04,56,21,0.0154451837458373,train,3,0.0017245746543091
S11538,3,8,2025-10-04,48,21,0.0,train,3,0.0019783757109835
S11539,3,8,2025-10-04,16,22,0.0,train,3,0.002301934212936
S12068,3,9,2025-10-04,43,17,0.0,train,3,0.0018515534504722
S12069,3,24,2025-10-04,32,16,0.0,train,3,0.0027552190062298
S12071,3,17,2025-10-04,52,30,0.0,train,3,0.0024183395621162
S12072,3,22,2025-10-04,23,29,0.0,train,3,0.0022524547199321
S12074,3,11,2025-10-04,24,26,0.0,train,3,0.0028579715769619
S12077,3,2,2025-10-04,26,27,0.0026191944264385,train,3,0.0022686979177434
S12078,3,21,2025-10-04,42,23,0.0,train,3,0.0026270072677637
S12079,3,18,2025-10-04,19,24,0.0,train,3,0.0030992364137187
S12080,3,18,2025-10-04,26,15,0.0,train,3,0.0030385389976242
S12082,3,23,2025-10-04,26,16,0.0,train,3,0.0026456889828531
S12083,3,20,2025-10-04,40,24,0.0,train,3,0.0028571445338014
S12085,3,12,2025-10-04,37,29,0.007932707654983,train,3,0.0028347041342304
S12086,3,20,2025-10-04,25,20,0.0160307067058026,train,3,0.0026157551399242
S12088,3,4,2025-10-04,17,22,0.0,train,3,0.0029394724570636
S12089,3,20,2025-10-04,46,18,0.0,train,3,0.0028599538766415
S12490,3,15,2025-10-04,32,13,0.0,train,3,0.002695366088795
S12491,3,18,2025-10-04,24,27,0.0,train,3,0.0029374708124834
S12492,3,20,2025-10-04,43,27,0.0,train,3,0.0028771196642177
S12495,3,4,2025-10-04,39,25,0.0,train,3,0.0027903325000742
S12496,3,4,2025-10-04,35,23,0.0,train,3,0.0029879830236723
S12497,3,21,2025-10-04,18,23,0.0,train,3,0.0027415683800214
S12511,3,14,2025-10-04,53,21,0.0,train,3,0.0022081980800129
S12513,3,9,2025-10-04,43,29,0.0,train,3,0.0022100932238711
S12514,3,9,2025-10-04,29,19,0.0,train,3,0.0019086003847458
S12515,3,24,2025-10-04,32,20,0.0,train,3,0.0029473417473659
S12517,3,17,2025-10-04,37,17,0.0,train,3,0.0023220095809808
S12866,3,2,2025-10-04,29,31,0.0,train,3,0.0013098395061983
S12867,3,8,2025-10-04,20,29,0.0,train,3,0.0005903345172945
S12880,3,3,2025-10-04,49,22,0.0,train,3,0.0010505310823369
S12882,3,3,2025-10-04,40,20,0.0,train,3,0.0009944388119878
S12884,3,6,2025-10-04,39,18,0.0,train,3,0.0018032046490037
S12916,3,12,2025-10-04,47,21,0.0,train,3,0.0028475373796785
S13026,3,11,2025-10-04,23,15,0.0,train,3,0.0026718789035784
S13150,3,6,2025-10-04,18,19,0.0,train,3,0.0017185856313604
S13231,3,10,2025-10-04,41,20,0.0,train,3,0.0029855039724043
S13232,3,18,2025-10-04,43,21,0.0,train,3,0.0030466073853292
S13233,3,20,2025-10-04,28,15,0.0,train,3,0.002790176917064
S13237,3,9,2025-10-04,40,23,0.0,train,3,0.0019038513996452
S13238,3,16,2025-10-04,44,30,0.0,train,3,0.0024073625480732
S13239,3,22,2025-10-04,45,19,0.0,train,3,0.0025349805314658
S13242,3,22,2025-10-04,42,20,0.0,train,3,0.0022050287059662
S13826,3,24,2025-10-04,54,14,0.0,train,3,0.0028229590200846
S13827,3,16,2025-10-04,48,19,0.0036901327928068,train,3,0.0019945945924054
S13829,3,22,2025-10-04,24,26,0.0056629787040096,train,3,0.0024071377081044
S13831,3,9,2025-10-04,28,18,0.0,train,3,0.0019542232648259
S13833,3,20,2025-10-04,39,23,0.0056323024444419,train,3,0.00293198987298
S13838,3,12,2025-10-04,30,17,0.0074995378805883,train,3,0.0027085948033048
S13839,3,10,2025-10-04,34,27,0.0056489469317238,train,3,0.0026954637717852
S13840,3,15,2025-10-04,52,13,0.0037861474235914,train,3,0.0022794349688739
S13841,3,15,2025-10-04,34,14,0.0018585831388739,train,3,0.0021489064126904
S13842,3,4,2025-10-04,27,23,0.0,train,3,0.002980821182775
S13843,3,4,2025-10-04,54,24,0.0018823404650176,train,3,0.0028431814664424
S13845,3,23,2025-10-04,32,18,0.0074995378805883,train,3,0.0021962836820969
S14154,3,17,2025-10-04,49,26,0.0,train,3,0.0025263387303365
S14155,3,15,2025-10-04,29,30,0.0,train,3,0.0021899003721958
S14185,3,3,2025-10-04,49,16,0.0,train,3,0.0016358122658563
S14187,3,6,2025-10-04,58,15,0.0,train,3,0.0015175495234874
S14451,3,17,2025-10-04,44,14,0.0,train,3,0.0025294595375127
S14453,3,8,2025-10-04,31,16,0.0,train,3,0.0021922147548211
S14455,3,16,2025-10-04,49,29,0.0,train,3,0.0025469414238597
S14581,3,21,2025-10-04,33,25,0.0,train,3,0.0026654368890281
S14586,3,18,2025-10-04,33,23,0.0,train,3,0.0029334142969775
S14587,3,21,2025-10-04,56,16,0.0,train,3,0.0027777428038817
S14701,3,4,2025-10-04,31,12,0.0,train,3,0.000858211172763
S14702,3,17,2025-10-04,26,30,0.0,train,3,0.0012130506212122
S14704,3,11,2025-10-04,58,14,0.0,train,3,0.0016303552779394
S14712,3,3,2025-10-04,46,18,0.0,train,3,0.0012014828494914
S14713,3,3,2025-10-04,41,23,0.0,train,3,0.0015827254862617
S14715,3,6,2025-10-04,56,16,0.0,train,3,0.0024009303491696
S14848,3,8,2025-10-04,31,12,0.0,train,3,0.0010376088050288
S14895,3,3,2025-10-04,20,21,0.0,train,3,0.0022164964976264
S14896,3,8,2025-10-04,30,21,0.0,train,3,0.0022147449787444
S15252,3,14,2025-10-04,50,29,0.0,train,3,0.0022807812576722
S15255,3,11,2025-10-04,24,27,0.0,train,3,0.0029799368994206
S15256,3,17,2025-10-04,35,30,0.0,train,3,0.0020085796056203
S15257,3,21,2025-10-04,60,18,0.0,train,3,0.0027924930683994
S15259,3,15,2025-10-04,32,19,0.0,train,3,0.0022976173123548
S15260,3,10,2025-10-04,45,14,0.0,train,3,0.0030374828910995
S15262,3,10,2025-10-04,33,27,0.0,train,3,0.0026746639897177
S15263,3,15,2025-10-04,45,31,0.0,train,3,0.0021809304640354
S15287,3,3,2025-10-04,22,24,0.0049651341685148,train,3,0.0016897685732005
S15288,3,3,2025-10-04,40,13,0.0033574842512371,train,3,0.0011831694966587
S15303,3,12,2025-10-04,38,22,0.0,train,3,0.0029435386055832
S15304,3,12,2025-10-04,33,13,0.0,train,3,0.0029919236083533
S15305,3,20,2025-10-04,51,22,0.0,train,3,0.0028295139205333
S15308,3,4,2025-10-04,37,12,0.0,train,3,0.0029973656958062
S15436,3,23,2025-10-04,37,23,0.0,train,3,0.0024078323882886
S15474,3,16,2025-10-04,34,28,0.0,train,3,0.00260971801428
S15475,3,9,2025-10-04,16,22,0.0,train,3,0.0023195447545559
S15477,3,14,2025-10-04,47,12,0.0089207186832516,train,3,0.0022384100997478
S15478,3,22,2025-10-04,29,27,0.0,train,3,0.0024468576230923
S15481,3,24,2025-10-04,23,25,0.0,train,3,0.0028833090713292
S15902,3,8,2025-10-04,54,15,0.0,train,3,0.0021160788009789
S15903,3,18,2025-10-04,24,22,0.0,train,3,0.0029379254010438
S15905,3,15,2025-10-04,35,12,0.0,train,3,0.0022038556600345
S15906,3,20,2025-10-04,44,17,0.0,train,3,0.0028358157832916
S15907,3,21,2025-10-04,37,15,0.0,train,3,0.0024916076478991
S15908,3,21,2025-10-04,26,26,0.0,train,3,0.0028579312783997
S15911,3,15,2025-10-04,20,23,0.0,train,3,0.0024631703561481
S15912,3,4,2025-10-04,47,30,0.0,train,3,0.0027949487034405
S15913,3,2,2025-10-04,33,31,0.0,train,3,0.0023348050205364
S16239,3,8,2025-10-04,42,29,0.0,train,3,0.0022345285023411
S16240,3,3,2025-10-04,17,18,0.0,train,3,0.0014759550747091
S16241,3,8,2025-10-04,55,25,0.0,train,3,0.0023281647535631
S16242,3,3,2025-10-04,35,21,0.0,train,3,0.001378366427036
S16526,3,9,2025-10-04,44,29,0.0,train,3,0.0020097382058112
S16527,3,17,2025-10-04,59,22,0.0,train,3,0.0023404993599513
S16528,3,24,2025-10-04,38,15,0.0,train,3,0.0029446636394479
S16529,3,9,2025-10-04,55,28,0.0,train,3,0.0025240612810664
S16532,3,11,2025-10-04,40,15,0.0,train,3,0.0028501725555761
S16533,3,14,2025-10-04,50,23,0.0,train,3,0.0025464887409578
S16535,3,20,2025-10-04,23,24,0.0,train,3,0.002946467082849
S16536,3,21,2025-10-04,34,29,0.0,train,3,0.0027237682478274
S16537,3,21,2025-10-04,50,24,0.0,train,3,0.0026507494894883
S16539,3,18,2025-10-04,57,23,0.0,train,3,0.0031492751795655
S16541,3,12,2025-10-04,43,13,0.0,train,3,0.0029534551421963
S16542,3,2,2025-10-04,42,18,0.0,train,3,0.0030163428048173
S16544,3,4,2025-10-04,45,18,0.0,train,3,0.00246490079315
S16547,3,18,2025-10-04,58,14,0.0,train,3,0.00124186297358
S16586,3,17,2025-10-04,57,26,0.0,train,3,0.0024464507741064
S16620,3,3,2025-10-04,16,18,0.0,train,3,0.0020652875622066
S16809,3,21,2025-10-04,36,11,0.0,train,3,0.001400941864856
S16909,3,3,2025-10-04,49,19,0.0,train,3,0.0015429825193963
S16910,3,6,2025-10-04,31,29,0.0,train,3,0.0019699257918948
S16911,3,6,2025-10-04,25,22,0.0,train,3,0.002425100483792
S16912,3,6,2025-10-04,30,21,0.0031111695368301,train,3,0.0019303095163092
S17783,3,6,2025-10-04,21,24,0.0193202580302895,train,3,0.0020385815001559
S17784,3,8,2025-10-04,38,25,0.0257954851413204,train,3,0.0019528311317262
S17797,3,11,2025-10-04,49,18,0.0,train,3,0.0026353706599611
S17799,3,11,2025-10-04,41,19,0.0071311340611262,train,3,0.0028322831629303
S17800,3,11,2025-10-04,30,25,0.0100361462813755,train,3,0.0026020458146727
S17802,3,24,2025-10-04,42,29,0.0141740008327581,train,3,0.0025475320017441
S17805,3,24,2025-10-04,34,13,0.0107448699305218,train,3,0.0030155296058252
S17807,3,9,2025-10-04,27,21,0.0207035058331751,train,3,0.0020081154854388
S17884,3,4,2025-10-04,50,19,0.0,train,3,0.0026613684368522
S17885,3,15,2025-10-04,41,29,0.0,train,3,0.0022346273880986
S17886,3,12,2025-10-04,30,15,0.0,train,3,0.0028649335851896
S17889,3,23,2025-10-04,33,14,0.0,train,3,0.0027555761719027
S17891,3,12,2025-10-04,17,26,0.0,train,3,0.0026995154013803
S17893,3,23,2025-10-04,36,30,0.0,train,3,0.0024622243400377
S17894,3,20,2025-10-04,17,21,0.0,train,3,0.0028603841179444
S17895,3,10,2025-10-04,33,18,0.0,train,3,0.0027566709024083
S18151,3,3,2025-10-04,39,24,0.0,train,3,0.0014845147919112
S18152,3,8,2025-10-04,44,17,0.0,train,3,0.0011465576202134
S18257,3,2,2025-10-04,47,20,0.0,train,3,0.0028519407918026
S18258,3,15,2025-10-04,41,14,0.0,train,3,0.0022200817810544
S18262,3,2,2025-10-04,48,24,0.0,train,3,0.0030801379627112
S18292,3,10,2025-10-04,64,19,0.0,train,3,0.0030318618555418
S18294,3,20,2025-10-04,60,22,0.0,train,3,0.0029656279673964
S18296,3,21,2025-10-04,20,18,0.0,train,3,0.0028418772822751
S18298,3,21,2025-10-04,13,20,0.0,train,3,0.0025887052656173
S18299,3,10,2025-10-04,47,12,0.0,train,3,0.0027721978840135
S18368,3,11,2025-10-04,41,26,0.0,train,3,0.0026905473204468
S18370,3,24,2025-10-04,38,19,0.0,train,3,0.0028112960453755
S18371,3,17,2025-10-04,51,13,0.0,train,3,0.0018066116059312
S18397,3,9,2025-10-04,54,15,0.0019926947889227,train,3,0.00250208871006
S18398,3,9,2025-10-04,45,21,0.0020101762645505,train,3,0.0022108127993972
S18399,3,14,2025-10-04,41,25,0.0040430663851976,train,3,0.0026933171522118
S18401,3,22,2025-10-04,47,24,0.0,train,3,0.0025195364159213
S18402,3,22,2025-10-04,37,30,0.0,train,3,0.0025114945451308
S18406,3,16,2025-10-04,50,15,0.0078765115136531,train,3,0.0027796864498549
S18408,3,18,2025-10-04,19,18,0.002033418434145,train,3,0.0030833735520388
S18410,3,20,2025-10-04,44,19,0.002033568196139,train,3,0.0028766880459879
S18411,3,12,2025-10-04,57,20,0.0078907676430896,train,3,0.002857481188293
S18414,3,2,2025-10-04,48,26,0.0039663538274915,train,3,0.0029504427417947
S18415,3,12,2025-10-04,22,23,0.0099657515018808,train,3,0.0027828783978728
S18416,3,10,2025-10-04,26,23,0.0,train,3,0.0027218866016797
S18417,3,4,2025-10-04,53,17,0.0040339108237862,train,3,0.0025176163044461
S18418,3,10,2025-10-04,37,14,0.0040161616161616,train,3,0.0030062132210097
S18426,3,17,2025-10-04,43,31,0.0,train,3,0.0019146622029137
S18916,3,8,2025-10-04,56,15,0.0,train,3,0.0020975486755907
S18917,3,17,2025-10-04,55,21,0.0,train,3,0.002777087254543
S19465,3,10,2025-10-04,49,27,0.0,train,3,0.0030116866910393
S19466,3,10,2025-10-04,28,16,0.0029647923452282,train,3,0.0029344368993664
S19468,3,10,2025-10-04,49,21,0.0,train,3,0.0020636422304425
S19471,3,20,2025-10-04,30,18,0.0,train,3,0.0029036151716583
S19473,3,20,2025-10-04,63,20,0.0,train,3,0.0028231859131987
S19476,3,23,2025-10-04,33,24,0.0,train,3,0.0023276678373278
S19477,3,4,2025-10-04,48,15,0.0,train,3,0.002116145009452
S19478,3,18,2025-10-04,48,23,0.0029246476593991,train,3,0.0028648767050817
S19669,3,17,2025-10-04,27,14,0.0,train,3,0.0023906581393705
S19671,3,8,2025-10-04,25,17,0.0,train,3,0.0022170028307196
S19674,3,10,2025-10-04,31,15,0.0,train,3,0.0030034371995555
S19675,3,10,2025-10-04,53,27,0.0,train,3,0.0027902598151431
S19676,3,12,2025-10-04,20,17,0.0,train,3,0.0028002334013248
S19677,3,2,2025-10-04,24,19,0.0,train,3,0.0029040134255529
S19982,3,3,2025-10-04,56,24,0.0,train,3,0.0026752035886866
S20089,3,3,2025-10-04,28,20,0.0,train,3,0.0009886758760354
S20652,3,24,2025-10-04,40,23,0.0,train,3,0.002914422777998
S20655,3,14,2025-10-04,24,27,0.0,train,3,0.0024753044809612
S20656,3,9,2025-10-04,20,15,0.0,train,3,0.0025474821710141
S20659,3,21,2025-10-04,45,24,0.0,train,3,0.0023631064658302
S20662,3,12,2025-10-04,21,19,0.0,train,3,0.0027393224789398
S20663,3,10,2025-10-04,17,20,0.0,train,3,0.0029503135551284
S20668,3,10,2025-10-04,52,25,0.0,train,3,0.0030496654209383
S21152,3,3,2025-10-04,14,24,0.0,train,3,0.0022529138950877
S21153,3,6,2025-10-04,18,26,0.0,train,3,0.0025931966424352
S21217,3,16,2025-10-04,42,28,0.0,train,3,0.0026864734926476
S21218,3,9,2025-10-04,49,27,0.0,train,3,0.0022295577140287
S21220,3,22,2025-10-04,62,24,0.0,train,3,0.002181440113469
S21221,3,16,2025-10-04,22,22,0.0,train,3,0.0026407088598398
S21594,3,18,2025-10-04,54,25,0.0,train,3,0.0031424275086511
S21596,3,23,2025-10-04,28,22,0.0,train,3,0.0024423156568367
S21598,3,21,2025-10-04,35,28,0.0041360829546778,train,3,0.0028697704496756
S21600,3,2,2025-10-04,40,29,0.0,train,3,0.002937128852322
S21711,3,16,2025-10-04,58,19,0.0,train,3,0.0023520860662399
S21712,3,24,2025-10-04,49,30,0.0,train,3,0.0028399918958551
S22030,3,3,2025-10-04,43,12,0.0,train,3,0.0024241048126682
S22178,3,17,2025-10-04,38,18,0.0,train,3,0.0024895311114357
S22184,3,9,2025-10-04,21,28,0.0,train,3,0.0021223646320992
S22185,3,14,2025-10-04,27,13,0.0,train,3,0.0024956315977466
S22186,3,14,2025-10-04,59,20,0.0,train,3,0.0022194552501813
S22187,3,14,2025-10-04,33,25,0.0044941178598233,train,3,0.0024488085460548
S22189,3,20,2025-10-04,45,15,0.0,train,3,0.002550025212789
S22191,3,10,2025-10-04,37,24,0.0,train,3,0.0027164849167854
S22192,3,12,2025-10-04,46,15,0.0,train,3,0.0027986533758271
S22194,3,2,2025-10-04,30,13,0.0,train,3,0.0022689448189637
S22195,3,10,2025-10-04,32,19,0.0,train,3,0.0028432289540495
S22196,3,23,2025-10-04,31,18,0.0,train,3,0.0025987923613891
S22198,3,23,2025-10-04,34,20,0.0,train,3,0.0024282687727288
S22199,3,2,2025-10-04,59,28,0.0,train,3,0.0019445914725304
S22280,3,8,2025-10-04,59,28,0.0,train,3,0.001273089599255
S22477,3,11,2025-10-04,23,26,0.0,train,3,0.0029268615827819
S22479,3,9,2025-10-04,40,26,0.0,train,3,0.0020172569456898
S22480,3,8,2025-10-04,26,14,0.0,train,3,0.0021315919682283
S22481,3,16,2025-10-04,51,30,0.0,train,3,0.0026270022290756
S22482,3,9,2025-10-04,46,16,0.0,train,3,0.0021589468582418
S22483,3,15,2025-10-04,26,21,0.0,train,3,0.002491054856308
S22484,3,2,2025-10-04,53,24,0.0,train,3,0.0027033820090663
S22485,3,2,2025-10-04,46,25,0.0,train,3,0.002579338492429
S22487,3,4,2025-10-04,55,18,0.0,train,3,0.0026880969375976
S22488,3,18,2025-10-04,44,14,0.0,train,3,0.0030034520494029
S22489,3,4,2025-10-04,36,28,0.0,train,3,0.0026779615084701
S22648,3,9,2025-10-04,51,19,0.0,train,3,0.0018420010505001
S22649,3,16,2025-10-04,58,24,0.0,train,3,0.0022445977409967
S22727,3,14,2025-10-04,57,14,0.0,train,3,0.0012678933740749
S22728,3,6,2025-10-04,53,13,0.0,train,3,0.0013115868345135
S22729,3,22,2025-10-04,59,28,0.0,train,3,0.000996323430884
S22740,3,3,2025-10-04,46,17,0.0,train,3,0.0014227219197857
S22871,3,21,2025-10-04,37,24,0.0,train,3,0.0028472647937935
S22873,3,15,2025-10-04,46,23,0.00643084736442,train,3,0.002365889503667
S22874,3,12,2025-10-04,28,25,0.0,train,3,0.0028119526398604
S22876,3,20,2025-10-04,35,16,0.0096979394317827,train,3,0.0026045355727766
S22877,3,20,2025-10-04,53,29,0.0031985686887799,train,3,0.002778639675733
S22878,3,4,2025-10-04,48,16,0.0,train,3,0.0028525895902297
S22879,3,21,2025-10-04,33,17,0.009677639201254,train,3,0.0027542303354617
S22880,3,20,2025-10-04,50,16,0.0064712277754991,train,3,0.0029256916419683
S22881,3,2,2025-10-04,41,14,0.0,train,3,0.0026733196659604
S22882,3,18,2025-10-04,27,18,0.0096429021837196,train,3,0.0030778350251967
S22883,3,23,2025-10-04,25,20,0.0,train,3,0.0026763568948419
S22928,3,6,2025-10-04,38,16,0.0016130183890587,train,3,0.0023300133807019
S22929,3,6,2025-10-04,57,28,0.0015952495586583,train,3,0.0017618935843362
S22930,3,8,2025-10-04,35,28,0.0080274192089519,train,3,0.0020647979516921
S22977,3,6,2025-10-04,25,20,0.0,train,3,0.0024773156965155
S23075,3,8,2025-10-04,44,15,0.0,train,3,0.0021834045182138
S23076,3,17,2025-10-04,37,21,0.0032227107082182,train,3,0.002650718404939
S23078,3,22,2025-10-04,53,14,0.0,train,3,0.0022652032760215
S23081,3,16,2025-10-04,21,23,0.0,train,3,0.0022822285222525
S23084,3,23,2025-10-04,33,20,0.0,train,3,0.0023876430862124
S23085,3,12,2025-10-04,30,27,0.0,train,3,0.0027555933705905
S23086,3,15,2025-10-04,38,23,0.0,train,3,0.0024672398844248
S23090,3,4,2025-10-04,22,23,0.0,train,3,0.0029804082892016
S23432,3,24,2025-10-04,29,24,0.0,train,3,0.0027515132131128
S23436,3,9,2025-10-04,50,18,0.0,train,3,0.0021486808393241
S23567,3,20,2025-10-04,30,12,0.0,train,3,0.0013771234771979
S23576,3,6,2025-10-04,40,13,0.0,train,3,0.0020827567366782
S23577,3,3,2025-10-04,54,25,0.0,train,3,0.0018887040730342
S23600,3,12,2025-10-04,57,27,0.0,train,3,0.0029823527920294
S23601,3,15,2025-10-04,48,26,0.0,train,3,0.0024446709687725
S23602,3,23,2025-10-04,55,17,0.0,train,3,0.0027962788910206
S23603,3,20,2025-10-04,27,28,0.0,train,3,0.0028199807537733
S23604,3,21,2025-10-04,55,17,0.0,train,3,0.0028174522253515
S23929,3,20,2025-10-04,41,17,0.0,train,3,0.0026538666004192
S23930,3,20,2025-10-04,49,30,0.0,train,3,0.0025153320712721
S23931,3,18,2025-10-04,28,24,0.0,train,3,0.0030967734577543
S23932,3,12,2025-10-04,61,22,0.0,train,3,0.0029200798643388
S23933,3,4,2025-10-04,60,27,0.0,train,3,0.0027690338857947
S23934,3,4,2025-10-04,58,26,0.0,train,3,0.0029253855776037
S23935,3,10,2025-10-04,53,19,0.0067665999537093,train,3,0.0028603080753907
S23950,3,6,2025-10-04,44,23,0.0,train,3,0.0020890430544614
S24050,3,16,2025-10-04,52,26,0.0,train,3,0.0023282970643005
S24051,3,11,2025-10-04,39,25,0.0,train,3,0.0028451810022292
S24052,3,11,2025-10-04,49,27,0.0,train,3,0.0028812047688733
S24055,3,9,2025-10-04,36,13,0.0,train,3,0.0024546080562137
S24057,3,24,2025-10-04,39,18,0.0,train,3,0.0029161227816961
S24059,3,22,2025-10-04,35,28,0.0,train,3,0.0023882569291997
S24199,3,12,2025-10-04,40,30,0.0,train,3,0.002827467759993
S24200,3,2,2025-10-04,49,14,0.0,train,3,0.0027716642187544
S24201,3,12,2025-10-04,39,12,0.0027655821355636,train,3,0.0029385292955737
S24203,3,21,2025-10-04,47,26,0.0028278966025411,train,3,0.0025745350636022
S24205,3,21,2025-10-04,50,14,0.0,train,3,0.0021284240166412
S24409,3,8,2025-10-04,13,21,0.0083511165627678,train,3,0.0017412747405587
S24411,3,6,2025-10-04,27,23,0.0,train,3,0.0025960667090004
S24473,3,6,2025-10-04,27,12,0.0,train,3,0.0018089981433122
S24510,3,12,2025-10-04,39,15,0.0,train,3,0.0026652481836507
S24662,3,14,2025-10-04,19,26,0.0,train,3,0.0024372400497811
S24663,3,11,2025-10-04,33,26,0.0,train,3,0.002522420196772
S24667,3,18,2025-10-04,22,28,0.0062801688190249,train,3,0.0028482928006179
S24668,3,20,2025-10-04,44,15,0.0,train,3,0.0026752183282639
S24670,3,10,2025-10-04,26,22,0.0,train,3,0.0028342987201047
S24672,3,20,2025-10-04,23,18,0.0,train,3,0.002700778689854
S24674,3,10,2025-10-04,26,27,0.0,train,3,0.0028463603763394
S24675,3,12,2025-10-04,55,24,0.0,train,3,0.0028901833564751
S25178,3,8,2025-10-04,19,28,0.0,train,3,0.0013435833477539
S25179,3,17,2025-10-04,25,30,0.0,train,3,0.0015340286827003
S25185,3,3,2025-10-04,47,12,0.0,train,3,0.0021449680669181
S25186,3,6,2025-10-04,32,27,0.0,train,3,0.0024304723492975
S25338,3,6,2025-10-04,52,19,0.0,train,3,0.0024556799885492
S25339,3,8,2025-10-04,31,24,0.0,train,3,0.0024830455074244
S25609,3,15,2025-10-04,56,20,0.0,train,3,0.0027282495678076
S25615,3,20,2025-10-04,37,13,0.0,train,3,0.0028396743355679
S25618,3,20,2025-10-04,20,26,0.0,train,3,0.0029018868871967
S25619,3,23,2025-10-04,17,20,0.0,train,3,0.0028137945360976
S25620,3,21,2025-10-04,30,26,0.0,train,3,0.0028952934250332
S25622,3,20,2025-10-04,34,14,0.0,train,3,0.0027939944158069
S25623,3,18,2025-10-04,52,14,0.0,train,3,0.0029204378746404
S25624,3,23,2025-10-04,62,17,0.0,train,3,0.0021271223616025
S25625,3,2,2025-10-04,60,25,0.0,train,3,0.0030720616122256
S25627,3,17,2025-10-04,21,28,0.0,train,3,0.0023715180857247
S25630,3,11,2025-10-04,31,22,0.0030414853708837,train,3,0.0026487175584718
S25632,3,24,2025-10-04,31,19,0.0,train,3,0.0028514880295843
S25633,3,24,2025-10-04,57,15,0.0030147522686465,train,3,0.0026606764651525
S25634,3,9,2025-10-04,38,28,0.0,train,3,0.0021035170844822
S25635,3,24,2025-10-04,54,25,0.0,train,3,0.0028736518243871
S25748,3,14,2025-10-04,20,29,0.0,train,3,0.0006350069373825
S25875,3,17,2025-10-04,59,24,0.0,train,3,0.0026466940689239
S25888,3,11,2025-10-04,23,25,0.0,train,3,0.0029177935800468
S25889,3,9,2025-10-04,39,23,0.0,train,3,0.0018510125561427
S25892,3,15,2025-10-04,47,22,0.0,train,3,0.0028827001648331
S26165,3,22,2025-10-04,50,18,0.0,train,3,0.0018599709278042
S26166,3,16,2025-10-04,23,18,0.0,train,3,0.0026856253182479
S26168,3,11,2025-10-04,21,18,0.0,train,3,0.0028981681501334
S26169,3,23,2025-10-04,29,30,0.0,train,3,0.0023792298315191
S26171,3,15,2025-10-04,19,20,0.0,train,3,0.0023996674704108
S26173,3,4,2025-10-04,13,21,0.0,train,3,0.002865171471023
S26200,3,21,2025-10-04,22,21,0.0,train,3,0.0028213040441395
S26235,3,8,2025-10-04,31,22,0.0,train,3,0.002511076618197
S26267,3,16,2025-10-04,25,14,0.0,train,3,0.0024241477278867
S26268,3,8,2025-10-04,40,13,0.0,train,3,0.0021492301599051
S26269,3,22,2025-10-04,18,25,0.0,train,3,0.0027651785878052
S26270,3,11,2025-10-04,23,19,0.0,train,3,0.002850600275252
S26316,3,4,2025-10-04,49,15,0.0,train,3,0.0022214051648475
S26317,3,10,2025-10-04,49,15,0.0,train,3,0.0030070233464225
S26318,3,12,2025-10-04,14,22,0.0,train,3,0.0027843459165375
S26321,3,21,2025-10-04,58,20,0.0,train,3,0.0027808062074038
S26337,3,3,2025-10-04,50,22,0.0,train,3,0.0015007765447844
S26519,3,24,2025-10-04,50,15,0.0,train,3,0.0028662858351034
S26520,3,24,2025-10-04,52,17,0.0,train,3,0.0030016495734174
S26521,3,24,2025-10-04,42,26,0.0364122570837225,train,3,0.0025351543811953
S26522,3,24,2025-10-04,34,29,0.0,train,3,0.0028548864716458
S26523,3,24,2025-10-04,41,27,0.0,train,3,0.0029351064379478
S26524,3,16,2025-10-04,47,22,0.0275224277328607,train,3,0.0025848989062654
S26575,3,21,2025-10-04,17,19,0.0,train,3,0.0028472056794413
S26576,3,10,2025-10-04,17,23,0.0,train,3,0.002958581157955
S26601,3,6,2025-10-04,49,27,0.0012473960294154,train,3,0.0022916601351112
S26896,3,24,2025-10-04,39,19,0.0074063587389817,train,3,0.0029343353543476
S26897,3,22,2025-10-04,40,17,0.0088333346028554,train,3,0.002120637315631
S26898,3,9,2025-10-04,58,16,0.0050337014923861,train,3,0.0025613925900758
S26899,3,17,2025-10-04,19,17,0.0112155859786369,train,3,0.0021723102325431
S26901,3,18,2025-10-04,50,28,0.014889043671033,train,3,0.0030354168390179
S26902,3,15,2025-10-04,55,22,0.0254021335163591,train,3,0.002729092555266
S26903,3,21,2025-10-04,26,29,0.003723655325876,train,3,0.0028235002276599
S26904,3,18,2025-10-04,59,16,0.007525684996328,train,3,0.0030455618951509
S26909,3,21,2025-10-04,19,24,0.0144267053701015,train,3,0.0028035522263096
S26910,3,20,2025-10-04,44,24,0.0061272243550387,train,3,0.0029322487963345
S26912,3,21,2025-10-04,64,18,0.0037943565626336,train,3,0.0025571002114675
S26913,3,10,2025-10-04,19,25,0.0164478624906763,train,3,0.0027583429229439
S26915,3,10,2025-10-04,17,22,0.0063542961178702,train,3,0.0031231833868291
S26916,3,2,2025-10-04,24,18,0.0124606374230298,train,3,0.0028044379665415
S26918,3,2,2025-10-04,45,21,0.0221438384138417,train,3,0.0025776575300598
S27275,3,12,2025-10-04,54,15,0.0,train,3,0.0027444657223343
S27276,3,15,2025-10-04,30,26,0.0,train,3,0.002331155187058
S27277,3,18,2025-10-04,45,27,0.0,train,3,0.0030404590383307
S27450,3,17,2025-10-04,25,27,0.0,train,3,0.0026110947249093
S27451,3,17,2025-10-04,64,25,0.0,train,3,0.0018448553408887
S27452,3,14,2025-10-04,56,27,0.0,train,3,0.0022709917577084
S27453,3,9,2025-10-04,37,15,0.0,train,3,0.0017520529795301
S27454,3,22,2025-10-04,35,25,0.0,train,3,0.0019464724779736
S27455,3,24,2025-10-04,24,20,0.0,train,3,0.0029990270497225
S27456,3,22,2025-10-04,33,20,0.0,train,3,0.0022728643512286
S27458,3,9,2025-10-04,43,24,0.0,train,3,0.001830993919825
S27459,3,18,2025-10-04,17,25,0.0,train,3,0.003130301320557
S27462,3,12,2025-10-04,28,12,0.0,train,3,0.0008103993975106
S27538,3,3,2025-10-04,36,21,0.0,train,3,0.0015737723113723
S27603,3,3,2025-10-04,37,11,0.0,train,3,0.0010886870631853
S27604,3,22,2025-10-04,31,12,0.0,train,3,0.001020979548247
S28053,3,22,2025-10-04,28,16,0.0023474511026407,train,3,0.0019230676152629
S28057,3,20,2025-10-04,35,21,0.0,train,3,0.0027846741450279
S28058,3,21,2025-10-04,56,25,0.0023621785274644,train,3,0.0026738173068343
S28059,3,21,2025-10-04,41,30,0.0,train,3,0.003001391755073
S28060,3,12,2025-10-04,51,24,0.0023475841611283,train,3,0.002624592262345
S28061,3,2,2025-10-04,23,19,0.0,train,3,0.0030702908045166
S28169,3,6,2025-10-04,34,22,0.0,train,3,0.0024103478146131
S28235,3,12,2025-10-04,40,11,0.0,train,3,0.0008292263902012
S28238,3,11,2025-10-04,66,20,0.0,train,3,0.0009783168403293
S28255,3,3,2025-10-04,49,27,0.0,train,3,0.002279403597599
S28290,3,24,2025-10-04,21,24,0.0,train,3,0.0028820055309381
S28292,3,12,2025-10-04,35,13,0.0,train,3,0.0028748002752061
S28293,3,12,2025-10-04,46,17,0.0,train,3,0.0027983609519399
S28295,3,4,2025-10-04,22,21,0.0,train,3,0.0030332778611924
S28296,3,20,2025-10-04,64,20,0.0,train,3,0.0028119980643571
S28297,3,21,2025-10-04,43,11,0.0,train,3,0.0007986467628128
S28754,3,11,2025-10-04,19,27,0.0,train,3,0.0025501623755945
S28755,3,14,2025-10-04,64,24,0.0,train,3,0.0023717829668894
S28756,3,22,2025-10-04,36,25,0.0,train,3,0.0022394981468658
S28760,3,15,2025-10-04,63,22,0.0,train,3,0.0027498126970887
S28761,3,15,2025-10-04,43,11,0.0,train,3,0.000662775065348
S28762,3,12,2025-10-04,58,14,0.0,train,3,0.0007673480234475
S28763,3,20,2025-10-04,15,17,0.0,train,3,0.0008223582286458
S28820,3,16,2025-10-04,22,19,0.0,train,3,0.002364948868287
S28975,3,20,2025-10-04,42,14,0.0,train,3,0.0028254912833096
S28976,3,20,2025-10-04,28,13,0.0,train,3,0.0027064470034264
S28977,3,2,2025-10-04,32,14,0.0,train,3,0.0021900898708339
S29554,3,8,2025-10-04,43,32,0.0,train,3,0.0009369422206863
S29643,3,11,2025-10-04,65,19,0.0,train,3,0.0028707181806623
S29644,3,9,2025-10-04,19,26,0.0,train,3,0.0021407798770472
S29646,3,21,2025-10-04,43,28,0.0,train,3,0.002809129217977
S29648,3,12,2025-10-04,21,22,0.0,train,3,0.0027716687284572
S29650,3,15,2025-10-04,13,21,0.0,train,3,0.0024870816157781
S29651,3,12,2025-10-04,33,26,0.0,train,3,0.0028402237118178
S29754,3,10,2025-10-04,46,31,0.0,train,3,0.0026125571705034
S29755,3,4,2025-10-04,33,11,0.0,train,3,0.0013759250935181
S29877,3,11,2025-10-04,42,32,0.0,train,3,0.0011074190436077
S29891,3,17,2025-10-04,37,29,0.0,train,3,0.0021142400059235
S29892,3,17,2025-10-04,28,19,0.0,train,3,0.0024614435623256
S29893,3,22,2025-10-04,33,17,0.0,train,3,0.0026608359124309
S29896,3,21,2025-10-04,29,24,0.0,train,3,0.0028021810741688
S30129,3,3,2025-10-04,33,18,0.0,train,3,0.0009375238754569
S30130,3,6,2025-10-04,39,29,0.0,train,3,0.0025073046777047
S30191,3,3,2025-10-04,16,17,0.0109095022930048,train,3,0.0005163811256415
S30749,3,14,2025-10-04,20,25,0.0,train,3,0.0028640753095146
S30752,3,14,2025-10-04,23,24,0.0049800597206356,train,3,0.0020544438415115
S30753,3,11,2025-10-04,50,15,0.0,train,3,0.0028489400136592
S30754,3,9,2025-10-04,35,17,0.0050113183195446,train,3,0.0020081509276758
S30755,3,16,2025-10-04,34,12,0.0025257145180306,train,3,0.0027652407911084
S30759,3,11,2025-10-04,15,22,0.0,train,3,0.0027543747266379
S30760,3,9,2025-10-04,27,26,0.0,train,3,0.002350903742041
S30761,3,9,2025-10-04,48,25,0.0,train,3,0.002141826535907
S30805,3,20,2025-10-04,23,23,0.0216017830815878,train,3,0.002865814398545
S30806,3,21,2025-10-04,47,13,0.0009017197991904,train,3,0.0026839376318153
S30807,3,23,2025-10-04,46,17,0.0101843313680014,train,3,0.0023643436429435
S30808,3,21,2025-10-04,59,17,0.0190529960461635,train,3,0.0028736382580985
S30811,3,12,2025-10-04,47,17,0.0118748954674694,train,3,0.0027851729515166
S30812,3,12,2025-10-04,47,28,0.027470249774766,train,3,0.0030210675862927
S30819,3,4,2025-10-04,31,19,0.0137387698686938,train,3,0.0024263548680272
S30820,3,20,2025-10-04,51,23,0.015961636629784,train,3,0.0028245407484385
S30910,3,9,2025-10-04,56,26,0.0,train,3,0.0023853921224794
S30912,3,17,2025-10-04,29,18,0.0,train,3,0.0026080548240394
S31085,3,10,2025-10-04,45,30,0.0,train,3,0.0027115861413832
S31211,3,14,2025-10-04,30,17,0.008042773964068,train,3,0.0022530562573465
S31213,3,14,2025-10-04,24,18,0.0,train,3,0.002936340070806
S31214,3,22,2025-10-04,44,14,0.0,train,3,0.0016720725674719
S31215,3,9,2025-10-04,41,30,0.0064716069638136,train,3,0.0020923573680509
S31220,3,11,2025-10-04,46,28,0.0,train,3,0.0026301547177405
S31223,3,9,2025-10-04,29,29,0.0,train,3,0.0022479577607995
S31224,3,24,2025-10-04,38,24,0.0015667063859834,train,3,0.0027829700807542
S31225,3,16,2025-10-04,39,19,0.0,train,3,0.0027390983594155
S31228,3,8,2025-10-04,23,16,0.004803371057998,train,3,0.0020444895771501
S31360,3,15,2025-10-04,46,31,0.0,train,3,0.0022219597551454
S31371,3,6,2025-10-04,23,18,0.0,train,3,0.0019457717168892
S31372,3,6,2025-10-04,26,15,0.0,train,3,0.0020571958816587
S31637,3,12,2025-10-04,42,19,0.0,train,3,0.0028458012350293
S31638,3,10,2025-10-04,47,30,0.0,train,3,0.0028986662108417
S31639,3,20,2025-10-04,55,19,0.0,train,3,0.0029979234087228
S31853,3,2,2025-10-04,53,21,0.0022235345699227,train,3,0.0026427635910549
S31856,3,12,2025-10-04,22,18,0.0067016356305875,train,3,0.002807161650828
S31857,3,15,2025-10-04,41,31,0.0,train,3,0.0020577624410672
S31858,3,10,2025-10-04,60,20,0.0,train,3,0.0030136630168748
S31860,3,15,2025-10-04,37,30,0.0,train,3,0.002274870465679
S31862,3,12,2025-10-04,25,26,0.0110981595366015,train,3,0.0027612510978495
S31863,3,21,2025-10-04,25,18,0.0,train,3,0.0029154906406283
S31866,3,21,2025-10-04,47,17,0.0,train,3,0.0028986416084766
S31868,3,23,2025-10-04,41,27,0.0,train,3,0.0023326928053951
S31870,3,12,2025-10-04,46,25,0.0021896202308573,train,3,0.0026005870025868
S31873,3,18,2025-10-04,50,17,0.0044829296892617,train,3,0.0031093942890159
S31874,3,23,2025-10-04,52,20,0.0,train,3,0.0025386468980949
S31876,3,23,2025-10-04,64,23,0.0021860375101164,train,3,0.0020489308078832
S31878,3,10,2025-10-04,33,15,0.0043809196405354,train,3,0.0029246635898164
S31879,3,23,2025-10-04,47,12,0.0,train,3,0.0012107629917593
S31881,3,4,2025-10-04,34,21,0.006691980395325,train,3,0.0027095016940894
S32041,3,17,2025-10-04,49,14,0.0134077910866515,train,3,0.0018118954229612
S32042,3,17,2025-10-04,29,23,0.0,train,3,0.0026354526896277
S32043,3,22,2025-10-04,36,28,0.0044108967788028,train,3,0.0025191563464645
S32046,3,9,2025-10-04,45,19,0.0066225165562913,train,3,0.0024680356301997
S32048,3,9,2025-10-04,59,18,0.0,train,3,0.0025050572000865
S32051,3,24,2025-10-04,31,17,0.0,train,3,0.0028056260157688
S32052,3,24,2025-10-04,19,23,0.0,train,3,0.0029854297952432
S32053,3,9,2025-10-04,48,23,0.0,train,3,0.0024872780366654
S32054,3,16,2025-10-04,57,18,0.0,train,3,0.0027236022331963
S32055,3,14,2025-10-04,37,21,0.0,train,3,0.0020240369390473
S32056,3,14,2025-10-04,14,20,0.0,train,3,0.0021320047631613
S32418,3,3,2025-10-04,40,22,0.0,train,3,0.001837796429337
S32571,3,6,2025-10-04,59,28,0.0,train,3,0.0014943958065615
S32635,3,16,2025-10-04,27,29,0.0,train,3,0.0023205743018935
S32636,3,9,2025-10-04,28,26,0.0,train,3,0.0020512995345779
S32637,3,11,2025-10-04,27,13,0.0,train,3,0.0026432882009127
S32639,3,9,2025-10-04,24,18,0.0,train,3,0.0020948900064173
S32641,3,24,2025-10-04,62,25,0.0,train,3,0.0029384758400863
S32642,3,22,2025-10-04,16,20,0.0,train,3,0.0024947432675644
S32644,3,22,2025-10-04,38,16,0.0,train,3,0.0018102650107692
S32782,3,17,2025-10-04,18,19,0.0,train,3,0.0022130036859634
S32783,3,11,2025-10-04,26,16,0.0,train,3,0.0023462127740444
S32784,3,9,2025-10-04,50,30,0.0025532352110143,train,3,0.0017037663136653
S32785,3,24,2025-10-04,59,23,0.0,train,3,0.0029445496864575
S32787,3,16,2025-10-04,57,23,0.0,train,3,0.0024182633365034
S32789,3,4,2025-10-04,41,31,0.0025781485055038,train,3,0.0027588839153771
S32791,3,15,2025-10-04,33,13,0.0,train,3,0.0026505526757651
S32792,3,21,2025-10-04,29,18,0.0025354167623187,train,3,0.0026419798144018
S32793,3,18,2025-10-04,49,13,0.0,train,3,0.0031965011083913
S32794,3,20,2025-10-04,36,30,0.0051574206670402,train,3,0.0027759527219324
S32796,3,15,2025-10-04,35,28,0.0,train,3,0.002535079569697
S32797,3,2,2025-10-04,46,15,0.0,train,3,0.0030326670121144
S32799,3,2,2025-10-04,20,28,0.0,train,3,0.0023114454336826
S32800,3,12,2025-10-04,25,24,0.0,train,3,0.0029168258172384
S32801,3,4,2025-10-04,51,13,0.0,train,3,0.002815939363407
S32803,3,4,2025-10-04,39,16,0.0025845033801352,train,3,0.0023814361791183
S32804,3,20,2025-10-04,43,21,0.0025445292620865,train,3,0.0026359153722848
S32989,3,6,2025-10-04,43,28,0.0,train,3,0.0021877290493389
S32990,3,3,2025-10-04,65,24,0.0,train,3,0.0024018444217615
S33724,3,22,2025-10-04,45,22,0.0,train,3,0.0028812866489096
S33725,3,24,2025-10-04,27,30,0.0,train,3,0.0025501011493833
S33726,3,23,2025-10-04,14,19,0.0,train,3,0.0024119941322004
S33728,3,23,2025-10-04,46,22,0.0,train,3,0.0023935192616342
S33733,3,15,2025-10-04,35,31,0.0,train,3,0.0024759424103929
S33734,3,23,2025-10-04,28,30,0.0,train,3,0.0022719956095974
S33735,3,21,2025-10-04,58,24,0.0,train,3,0.0028766260745215
S33757,3,11,2025-10-04,14,19,0.0,train,3,0.0021638895162227
S33758,3,17,2025-10-04,34,24,0.0,train,3,0.0027036511364141
S33759,3,16,2025-10-04,52,18,0.0,train,3,0.0020957017348579
S33760,3,24,2025-10-04,62,17,0.0,train,3,0.0026713231565957
S33781,3,18,2025-10-04,24,30,0.0,train,3,0.0008807009768278
S33783,3,24,2025-10-04,57,29,0.0,train,3,0.0015135916198171
S33857,3,9,2025-10-04,28,20,0.0,train,3,0.0021073949154453
S33862,3,17,2025-10-04,62,20,0.0,train,3,0.0025498300383778
S34311,3,16,2025-10-04,15,18,0.0,train,3,0.0023495256397443
S34314,3,21,2025-10-04,43,18,0.0,train,3,0.0027024577778112
S34316,3,4,2025-10-04,36,12,0.0,train,3,0.0028701620846355
S34318,3,10,2025-10-04,36,32,0.0,train,3,0.0010639985343143
S34587,3,8,2025-10-04,42,31,0.0,train,3,0.0023703155217323
S34589,3,3,2025-10-04,39,22,0.0,train,3,0.0015371043163168
S34590,3,6,2025-10-04,31,13,0.0,train,3,0.0021281078410105
S34635,3,22,2025-10-04,26,30,0.0,train,3,0.0006618216719058
S34898,3,15,2025-10-04,62,27,0.0,train,3,0.0013956053184066
S34901,3,6,2025-10-04,28,12,0.0,train,3,0.0022524712795217
S34902,3,6,2025-10-04,37,11,0.0,train,3,0.0007609032029361
S34913,3,3,2025-10-04,31,15,0.0,train,3,0.0019762645370622
S34915,3,6,2025-10-04,32,17,0.0,train,3,0.0024350807237897
S34918,3,6,2025-10-04,40,14,0.0,train,3,0.0016795707189983
S35000,3,22,2025-10-04,55,26,0.0,train,3,0.0019139884186608
S35001,3,8,2025-10-04,32,15,0.0,train,3,0.0017448405252581
S35003,3,22,2025-10-04,51,17,0.0,train,3,0.0019775446222025
S35004,3,22,2025-10-04,21,15,0.0,train,3,0.0015899264151549
S35030,3,2,2025-10-04,31,23,0.0,train,3,0.0027877681192982
S35032,3,12,2025-10-04,29,22,0.0,train,3,0.0027419170792034
S35035,3,12,2025-10-04,37,20,0.0,train,3,0.0028153423586744
S35037,3,20,2025-10-04,36,13,0.0,train,3,0.0029028902965332
S35326,3,24,2025-10-04,33,20,0.0,train,3,0.002941529068022
S35327,3,24,2025-10-04,32,23,0.0,train,3,0.0025684936266848
S35328,3,9,2025-10-04,25,17,0.0,train,3,0.0019555623276425
S35329,3,22,2025-10-04,50,23,0.0,train,3,0.0016898124305023
S35330,3,9,2025-10-04,42,18,0.0,train,3,0.0018784345549373
S35331,3,2,2025-10-04,57,28,0.0022327871540611,train,3,0.0023842837838986
S35332,3,18,2025-10-04,27,23,0.0087352055146037,train,3,0.0030256289829545
S35333,3,21,2025-10-04,60,16,0.0203385351811643,train,3,0.002515429647769
S35334,3,21,2025-10-04,18,21,0.0,train,3,0.0030508559893431
S35340,3,21,2025-10-04,62,27,0.0,train,3,0.0013306387058235
S35402,3,9,2025-10-04,16,17,0.0,train,3,0.0011910849833341
S35521,3,6,2025-10-04,23,29,0.0,train,3,0.0020191587404373
S35522,3,6,2025-10-04,42,22,0.0,train,3,0.0020646855090071
S36158,3,22,2025-10-04,36,30,0.0,train,3,0.0024402322098649
S36160,3,22,2025-10-04,46,16,0.0,train,3,0.0019066365301053
S36466,3,11,2025-10-04,21,24,0.0,train,3,0.0026227116548931
S36468,3,9,2025-10-04,24,25,0.0,train,3,0.0020755071128275
S36470,3,14,2025-10-04,15,18,0.0,train,3,0.0025151485904272
S36471,3,24,2025-10-04,25,26,0.0,train,3,0.0028787549728293
S36475,3,14,2025-10-04,14,24,0.0,train,3,0.0028302652968371
S36476,3,14,2025-10-04,52,24,0.0,train,3,0.0027724719666916
S36477,3,20,2025-10-04,36,21,0.0,train,3,0.0028915090093716
S36478,3,2,2025-10-04,14,21,0.0,train,3,0.0025238683013756
S36479,3,21,2025-10-04,34,19,0.0,train,3,0.0028763233494098
S36480,3,23,2025-10-04,28,28,0.0,train,3,0.0023500835801234
S36483,3,12,2025-10-04,30,20,0.0,train,3,0.0030331634325829
S36485,3,12,2025-10-04,32,24,0.0,train,3,0.0029454552492385
S36488,3,4,2025-10-04,42,21,0.0,train,3,0.002686557996295
S36489,3,2,2025-10-04,21,27,0.0,train,3,0.0028249812576667
S36491,3,4,2025-10-04,22,20,0.0,train,3,0.0028954253247139
S36493,3,4,2025-10-04,41,21,0.0,train,3,0.0030424535367579
S36494,3,23,2025-10-04,45,17,0.0,train,3,0.0023038528996852
S36893,3,24,2025-10-04,41,11,0.0,train,3,0.0012601627470622
S36895,3,22,2025-10-04,51,31,0.0,train,3,0.0010372417165226
S37084,3,11,2025-10-04,22,15,0.0,train,3,0.0031677395445426
S37087,3,18,2025-10-04,25,27,0.0,train,3,0.0028648973253557
S37089,3,20,2025-10-04,20,25,0.0,train,3,0.002926910865186
S37090,3,4,2025-10-04,34,30,0.0,train,3,0.0029522617260462
S37092,3,2,2025-10-04,30,24,0.0,train,3,0.0030623405247507
S37242,3,16,2025-10-04,48,14,0.0,train,3,0.0026298479569397
S37243,3,24,2025-10-04,22,25,0.0,train,3,0.0027579099104912
S37244,3,11,2025-10-04,64,22,0.0,train,3,0.0026845716688743
S37248,3,20,2025-10-04,24,29,0.0,train,3,0.0028365366383975
S37249,3,18,2025-10-04,27,16,0.0,train,3,0.0031002020255859
S37252,3,10,2025-10-04,57,21,0.0,train,3,0.0030854567188303
S37254,3,10,2025-10-04,34,22,0.0,train,3,0.0027939628027213
S37255,3,23,2025-10-04,18,21,0.0,train,3,0.0020669020278794
S37315,3,14,2025-10-04,44,22,0.0,train,3,0.0028004379959379
S37317,3,24,2025-10-04,17,26,0.0,train,3,0.0026549850377805
S37410,3,8,2025-10-04,30,25,0.0,train,3,0.0023178085922414
S37459,3,8,2025-10-04,23,17,0.0,train,3,0.0022247030056498
S37463,3,9,2025-10-04,36,19,0.0,train,3,0.0019117795269019
S37464,3,11,2025-10-04,41,29,0.0,train,3,0.0028658740580017
S37465,3,11,2025-10-04,14,24,0.0,train,3,0.0027924007305427
S37466,3,14,2025-10-04,29,19,0.0,train,3,0.0025423507753229
S37467,3,22,2025-10-04,41,31,0.0,train,3,0.002688510896494
S37620,3,10,2025-10-04,51,25,0.0,train,3,0.0029137511560534
S37621,3,23,2025-10-04,19,17,0.0050101816568882,train,3,0.0020278348614953
S37624,3,20,2025-10-04,32,20,0.0,train,3,0.0027325361824175
S37625,3,18,2025-10-04,48,22,0.0,train,3,0.0028578803457107
S37802,3,15,2025-10-04,26,30,0.0,train,3,0.001432610435483
S38477,3,17,2025-10-04,29,15,0.0083221701272605,train,3,0.0022778180636621
S38532,3,10,2025-10-04,51,22,0.0027729655387894,train,3,0.0029891959234241
S38534,3,2,2025-10-04,57,17,0.0040580041478191,train,3,0.002302863288998
S38536,3,21,2025-10-04,36,20,0.0070045184076488,train,3,0.0025155223013619
S38537,3,18,2025-10-04,28,14,0.0124153780819864,train,3,0.0028753074651355
S38538,3,21,2025-10-04,46,14,0.0084237288135593,train,3,0.0023017927193986
S38540,3,4,2025-10-04,46,20,0.0069019725476472,train,3,0.0026913201552604
S38548,3,9,2025-10-04,38,11,0.0042403610705845,train,3,0.0005183145706484
S38660,3,12,2025-10-04,39,11,0.0,train,3,0.0005746366298267
S38992,3,3,2025-10-04,25,23,0.0,train,3,0.001558911570305
S38993,3,3,2025-10-04,45,21,0.0,train,3,0.0015757906899509
S38994,3,8,2025-10-04,23,29,0.0,train,3,0.0022259539913557
S39145,3,11,2025-10-04,61,22,0.0,train,3,0.002464612889034
S39147,3,24,2025-10-04,39,17,0.0,train,3,0.0029447347888923
S39149,3,24,2025-10-04,51,22,0.0,train,3,0.0028846900015235
S39150,3,16,2025-10-04,54,16,0.0,train,3,0.002540033253106
S39152,3,22,2025-10-04,35,15,0.0,train,3,0.0017661875502212
S39352,3,9,2025-10-04,29,12,0.0,train,3,0.0014675882164447
S39353,3,8,2025-10-04,15,17,0.0,train,3,0.0011645124359899
S39375,3,8,2025-10-04,32,29,0.0,train,3,0.0024068109221581
S39395,3,16,2025-10-04,47,27,0.0,train,3,0.0023099000687367
S39396,3,22,2025-10-04,20,23,0.0,train,3,0.0021465427841718
S39398,3,9,2025-10-04,39,12,0.0974170661603387,train,3,0.0013068329267561
S39521,3,22,2025-10-04,26,19,0.0,train,3,0.0024967598801447
S39523,3,24,2025-10-04,63,20,0.0,train,3,0.0029419411395765
S39525,3,24,2025-10-04,50,26,0.0,train,3,0.0026664403172873
S39526,3,23,2025-10-04,49,30,0.0,train,3,0.0023537085824819
S39527,3,20,2025-10-04,52,17,0.0,train,3,0.0029207366740236
S39528,3,4,2025-10-04,51,14,0.0,train,3,0.0026252286790998
S39576,3,24,2025-10-04,31,12,0.0,train,3,0.0010209779243818
S39584,3,6,2025-10-04,29,25,0.0,train,3,0.0026524449472365
S39834,3,11,2025-10-04,36,14,0.0,train,3,0.0027555737567953
S39836,3,14,2025-10-04,16,18,0.0,train,3,0.0029197230965596
S39858,3,15,2025-10-04,40,25,0.0065424005476134,train,3,0.0022153757375133
S39859,3,10,2025-10-04,60,24,0.0049135433864892,train,3,0.0028930620406103
S39860,3,20,2025-10-04,29,25,0.003285961275905,train,3,0.0028276343915611
S39861,3,12,2025-10-04,49,27,0.0033724867509449,train,3,0.0026730885433447
S39862,3,21,2025-10-04,56,15,0.0,train,3,0.0028439729893512
S40100,3,11,2025-10-04,42,16,0.0115348399246704,train,3,0.0023508639945245
S40101,3,17,2025-10-04,46,18,0.0,train,3,0.0024374959425513
S40102,3,17,2025-10-04,45,25,0.0114476563399746,train,3,0.0022189835667673
S40104,3,8,2025-10-04,31,13,0.0,train,3,0.0018653369279584
S40106,3,24,2025-10-04,39,24,0.0057432744753628,train,3,0.0028965274257872
S40107,3,17,2025-10-04,27,19,0.0033847515919229,train,3,0.0024525619302618
S40108,3,24,2025-10-04,23,19,0.0099013846000597,train,3,0.0030314555859506
S40109,3,9,2025-10-04,62,26,0.0,train,3,0.0024875918583843
S40110,3,14,2025-10-04,41,31,0.0033285113450668,train,3,0.0020128467812643
S40111,3,11,2025-10-04,42,21,0.0033477143598085,train,3,0.0029568513607193
S40112,3,17,2025-10-04,27,28,0.0,train,3,0.0018586709699982
S40114,3,22,2025-10-04,25,17,0.0,train,3,0.0024265538904346
S40115,3,17,2025-10-04,42,24,0.0019563155139362,train,3,0.0025730125843881
S40117,3,14,2025-10-04,51,13,0.0033385729447959,train,3,0.002335851877618
S40118,3,14,2025-10-04,21,19,0.0,train,3,0.0029111557969683
S40119,3,21,2025-10-04,35,29,0.0019506260057302,train,3,0.002917623855342
S40120,3,20,2025-10-04,33,31,0.0,train,3,0.002526060278261
S40121,3,21,2025-10-04,23,22,0.0058694317161887,train,3,0.0026913270461021
S40123,3,2,2025-10-04,55,22,0.0038914466472485,train,3,0.002616562948261
S40125,3,21,2025-10-04,48,30,0.017362243234431,train,3,0.0029972104461121
S40463,3,14,2025-10-04,55,19,0.0,train,3,0.0023472988743484
S40465,3,11,2025-10-04,58,15,0.0,train,3,0.0027044097869217
S40467,3,24,2025-10-04,14,19,0.0148896649718384,train,3,0.0022884328095375
S40470,3,24,2025-10-04,22,18,0.0043195793407644,train,3,0.0029134032257843
S40939,3,23,2025-10-04,43,12,0.0,train,3,0.0013545852260585
S40940,3,15,2025-10-04,23,15,0.0021364490239823,train,3,0.0022328022381373
S40945,3,21,2025-10-04,55,26,0.0,train,3,0.0028848342477429
S40947,3,10,2025-10-04,52,17,0.0021390420362647,train,3,0.0029915332734783
S40949,3,23,2025-10-04,33,28,0.0064917253360153,train,3,0.0021221996855647
S40950,3,20,2025-10-04,22,18,0.0,train,3,0.002771672407859
S40951,3,2,2025-10-04,47,23,0.0,train,3,0.0031985139021997
S41336,3,4,2025-10-04,15,24,0.0,train,3,0.002707319049024
S41338,3,2,2025-10-04,39,20,0.0027237951179945,train,3,0.002895040209835
S41339,3,2,2025-10-04,41,28,0.0,train,3,0.0030252487924239
S41340,3,21,2025-10-04,36,31,0.0,train,3,0.0027529957606032
S41341,3,10,2025-10-04,29,26,0.0,train,3,0.002973629178467
S41344,3,12,2025-10-04,47,18,0.0,train,3,0.0029359184638378
S41347,3,18,2025-10-04,34,15,0.0,train,3,0.0030609694684253
S41348,3,18,2025-10-04,43,28,0.0,train,3,0.0029263134691593
S41349,3,21,2025-10-04,43,27,0.0,train,3,0.0026223880412894
S41350,3,21,2025-10-04,30,13,0.0,train,3,0.002699807850641
S41351,3,23,2025-10-04,50,24,0.0,train,3,0.0025106731955988
S41352,3,10,2025-10-04,26,21,0.0026819055019534,train,3,0.0027029754072573
S41353,3,2,2025-10-04,39,13,0.0,train,3,0.0028310083926104
S41354,3,4,2025-10-04,45,13,0.0,train,3,0.0028387059749602
S41355,3,23,2025-10-04,16,23,0.0,train,3,0.0023664393228391
S41356,3,2,2025-10-04,31,13,0.0,train,3,0.0028148110019665
S41379,3,21,2025-10-04,33,11,0.0,train,3,0.0023052231776848
S41380,3,23,2025-10-04,31,12,0.0,train,3,0.0010301032538444
S41382,3,6,2025-10-04,45,32,0.0,train,3,0.0006354254270875
S41387,3,8,2025-10-04,61,22,0.0,train,3,0.0024654865872278
S41388,3,6,2025-10-04,31,14,0.0,train,3,0.0022163034143204
S41395,3,9,2025-10-04,32,27,0.0,train,3,0.0021490361257144
S41396,3,11,2025-10-04,49,25,0.0,train,3,0.0025124007876103
S41398,3,14,2025-10-04,31,18,0.0,train,3,0.0023369690506695
S41465,3,4,2025-10-04,33,30,0.0,train,3,0.0027180631028215
S41467,3,23,2025-10-04,51,16,0.0024358446548648,train,3,0.0020867367965148
S41469,3,10,2025-10-04,24,28,0.0072190105452749,train,3,0.0027858198416113
S41470,3,12,2025-10-04,58,16,0.0,train,3,0.0029863864855302
S41471,3,10,2025-10-04,35,30,0.0,train,3,0.0029427920812073
S41472,3,4,2025-10-04,41,19,0.0048700423801474,train,3,0.002319340457732
S41535,3,6,2025-10-04,35,23,0.0,train,3,0.0022844787022286
S41538,3,3,2025-10-04,55,25,0.0036282669002774,train,3,0.0016692592894416
S41657,3,4,2025-10-04,60,24,0.0126465862577882,train,3,0.0029592474122825
S41660,3,15,2025-10-04,29,23,0.0,train,3,0.0024282154384572
S41661,3,15,2025-10-04,56,26,0.012443175924833,train,3,0.002492610661388
S41662,3,12,2025-10-04,56,14,0.0054047000228367,train,3,0.0030649040734784
S41663,3,10,2025-10-04,27,25,0.0127349132093152,train,3,0.0027758527050509
S41664,3,20,2025-10-04,53,15,0.0018237193600469,train,3,0.0026446029917419
S41665,3,20,2025-10-04,36,26,0.003574948030182,train,3,0.0029003806701679
S41666,3,21,2025-10-04,62,26,0.0107317915829932,train,3,0.0029695445724161
S41667,3,21,2025-10-04,19,23,0.0018027036928221,train,3,0.0027701899586328
S41668,3,18,2025-10-04,48,26,0.0088330116482008,train,3,0.002871449875764
S41669,3,21,2025-10-04,26,21,0.0,train,3,0.0028224542506389
S41671,3,18,2025-10-04,35,28,0.0036129557540136,train,3,0.003104648386093
S41674,3,4,2025-10-04,24,15,0.0,train,3,0.0026991216607095
S41716,3,16,2025-10-04,40,18,0.0,train,3,0.0027288342681565
S41717,3,11,2025-10-04,40,30,0.0017930845383438,train,3,0.002699015977779
S41718,3,24,2025-10-04,51,29,0.0017884388404295,train,3,0.0025328169443365
S41720,3,9,2025-10-04,33,18,0.0,train,3,0.0022739946976797
S41722,3,22,2025-10-04,44,19,0.0036038387771602,train,3,0.0020382918177722
S41956,3,4,2025-10-04,30,13,0.0046206553521041,train,3,0.0026718762886499
S41957,3,20,2025-10-04,44,28,0.002273080687504,train,3,0.0027897834537342
S41960,3,21,2025-10-04,38,14,0.0,train,3,0.0025778975483637
S41962,3,20,2025-10-04,46,12,0.00449460556897,train,3,0.0029181400023655
S41965,3,12,2025-10-04,52,30,0.0022565471650139,train,3,0.0027032043658186
S42358,3,8,2025-10-04,57,26,0.0,train,3,0.0025813287720678
S42359,3,3,2025-10-04,27,14,0.0,train,3,0.0019659822790307
S42360,3,8,2025-10-04,27,28,0.0,train,3,0.0025211389423884
S42366,3,2,2025-10-04,29,28,0.0,train,3,0.0024656961495408
S42368,3,15,2025-10-04,26,14,0.0,train,3,0.0027357631315795
S42369,3,2,2025-10-04,62,26,0.0025196451204055,train,3,0.0028614939826454
S42372,3,23,2025-10-04,49,27,0.0024760367469759,train,3,0.0023308292085063
S42373,3,10,2025-10-04,34,20,0.0,train,3,0.0027848926080189
S42374,3,23,2025-10-04,27,17,0.0,train,3,0.0028912873459071
S42375,3,15,2025-10-04,51,25,0.0025234062430187,train,3,0.0025711248352676
S42376,3,20,2025-10-04,33,19,0.0049744521346605,train,3,0.0028392593254133
S42377,3,20,2025-10-04,15,24,0.0,train,3,0.0029299423623165
S42379,3,23,2025-10-04,35,12,0.0,train,3,0.0013440075421407
S42383,3,8,2025-10-04,39,21,0.0,train,3,0.0024856372752898
S42384,3,8,2025-10-04,28,20,0.0,train,3,0.0022360811997998
S42552,3,8,2025-10-04,16,18,0.0,train,3,0.0022995699587555
S42553,3,6,2025-10-04,28,23,0.0,train,3,0.0025656475905615
S42601,3,16,2025-10-04,29,25,0.0,train,3,0.0027028075774501
S42603,3,16,2025-10-04,50,29,0.0,train,3,0.0024507436867638
S42605,3,23,2025-10-04,43,21,0.0,train,3,0.002592756196232
S42606,3,18,2025-10-04,56,19,0.0,train,3,0.0031008634134935
S42607,3,23,2025-10-04,43,16,0.0,train,3,0.0028946367718197
S42610,3,10,2025-10-04,22,18,0.0,train,3,0.0028836090771998
S42613,3,20,2025-10-04,45,31,0.0,train,3,0.0027698729935752
S42614,3,18,2025-10-04,55,30,0.0,train,3,0.0006005325383402
S42960,3,6,2025-10-04,44,26,0.0,train,3,0.002698609584202
S42989,3,3,2025-10-04,30,12,0.0,train,3,0.0011479737082627
S42990,3,24,2025-10-04,35,11,0.0,train,3,0.0014256447547618
S43013,3,9,2025-10-04,29,13,0.0,train,3,0.0024679283854379
S43015,3,9,2025-10-04,45,13,0.0,train,3,0.0025362554596429
S43016,3,16,2025-10-04,49,26,0.0,train,3,0.0027243985876065
S43017,3,22,2025-10-04,43,15,0.0,train,3,0.0022720798026395
S43021,3,18,2025-10-04,57,17,0.0,train,3,0.003037851120915
S43022,3,21,2025-10-04,42,17,0.0,train,3,0.0027956090447197
S43023,3,8,2025-10-04,52,18,0.0,train,3,0.0022891650635468
S43027,3,2,2025-10-04,40,13,0.0,train,3,0.0026328545101618
S43341,3,17,2025-10-04,32,28,0.0113476796620811,train,3,0.0022390409038307
S43342,3,22,2025-10-04,22,22,0.0160202808526452,train,3,0.002561286122069
S43344,3,16,2025-10-04,31,19,0.019880568016229,train,3,0.0024921580746845
S43346,3,9,2025-10-04,29,15,0.0102321368078053,train,3,0.0018928353360026
S43347,3,9,2025-10-04,20,20,0.0175303489021486,train,3,0.0021619818105597
S43348,3,11,2025-10-04,34,24,0.0106030368090425,train,3,0.0024799546062216
S43349,3,14,2025-10-04,25,15,0.0019692332075322,train,3,0.0024911143688508
S43350,3,22,2025-10-04,60,20,0.0039387239168509,train,3,0.0020522906259931
S43352,3,11,2025-10-04,43,13,0.0067528484636735,train,3,0.0024062170600182
S43354,3,10,2025-10-04,50,23,0.0,train,3,0.0029921873937532
S43356,3,10,2025-10-04,33,21,0.0,train,3,0.0029392897157844
S43357,3,20,2025-10-04,29,26,0.0,train,3,0.0029378863780084
S43358,3,20,2025-10-04,38,18,0.0,train,3,0.0025547432510283
S43359,3,21,2025-10-04,43,31,0.0,train,3,0.0029141758248106
S43733,3,2,2025-10-04,41,25,0.009159433110337,train,3,0.0023840697091879
S43734,3,15,2025-10-04,53,27,0.0169457531323268,train,3,0.0024596391005757
S43736,3,12,2025-10-04,57,21,0.0153352463821777,train,3,0.0029674644200499
S43737,3,23,2025-10-04,38,19,0.0172686367505776,train,3,0.002671450814809
S43740,3,10,2025-10-04,45,26,0.0207087031316035,train,3,0.0029638756965465
S00017,3,3,2025-10-04,22,16,0.0,train,4,0.0023632370075973
S00214,3,16,2025-10-04,52,27,0.0,train,4,0.0022867504025567
S00216,3,14,2025-10-04,41,30,0.0,train,4,0.00273862728849
S00217,3,22,2025-10-04,38,18,0.0,train,4,0.0027420534629037
S00408,3,8,2025-10-04,54,23,0.0022408584697236,train,4,0.0025158073033611
S00409,3,6,2025-10-04,17,25,0.002175502182068,train,4,0.0024324846112263
S00410,3,3,2025-10-04,20,17,0.0,train,4,0.0020836244780901
S00632,3,22,2025-10-04,54,13,0.0,train,4,0.0010492937764861
S00636,3,6,2025-10-04,50,17,0.0,train,4,0.0026073334381616
S00637,3,8,2025-10-04,50,20,0.0,train,4,0.0010711888913489
S00791,3,18,2025-10-04,49,19,0.0,train,4,0.0030639431538862
S00792,3,21,2025-10-04,58,28,0.0,train,4,0.002951000764132
S00793,3,21,2025-10-04,33,14,0.0,train,4,0.0028434667792686
S00794,3,15,2025-10-04,65,20,0.0,train,4,0.0023175921378417
S00795,3,2,2025-10-04,45,19,0.0,train,4,0.0028915529332445
S01317,3,18,2025-10-04,25,14,0.0,train,4,0.0029680222578004
S01887,3,24,2025-10-04,55,29,0.0,train,4,0.0026028878071804
S01891,3,21,2025-10-04,32,18,0.0,train,4,0.0029033553657996
S01893,3,15,2025-10-04,30,27,0.0,train,4,0.0023354791867178
S01895,3,10,2025-10-04,44,14,0.0,train,4,0.0030267216554124
S01896,3,15,2025-10-04,21,27,0.0,train,4,0.002338636755299
S02103,3,3,2025-10-04,30,22,0.0,train,4,0.0013788267797286
S02104,3,8,2025-10-04,42,27,0.003256539288148,train,4,0.0020782159704242
S02437,3,11,2025-10-04,29,28,0.0,train,4,0.0028653782984106
S02576,3,3,2025-10-04,39,28,0.0,train,4,0.002057537583926
S02577,3,8,2025-10-04,61,18,0.0,train,4,0.002481246695033
S03360,3,20,2025-10-04,51,26,0.0401748338558717,train,4,0.0027797768883531
S03361,3,21,2025-10-04,47,19,0.0,train,4,0.0027154606898168
S03362,3,15,2025-10-04,51,24,0.0028811594202898,train,4,0.0025567007447785
S03364,3,4,2025-10-04,26,29,0.0028502282476544,train,4,0.0026407719076218
S03365,3,20,2025-10-04,36,20,0.0,train,4,0.0028535066813452
S03366,3,4,2025-10-04,42,31,0.0,train,4,0.0028142643533162
S03367,3,20,2025-10-04,30,25,0.0,train,4,0.002753364627891
S03401,3,16,2025-10-04,45,16,0.0057922370038867,train,4,0.0016764725511831
S03402,3,11,2025-10-04,36,29,0.0,train,4,0.0027897984965007
S03404,3,9,2025-10-04,35,16,0.0,train,4,0.0020926192214091
S03405,3,11,2025-10-04,41,27,0.0,train,4,0.0026258546279856
S03406,3,14,2025-10-04,53,24,0.0,train,4,0.0024033286828183
S03408,3,9,2025-10-04,33,24,0.0,train,4,0.0022728453032185
S03409,3,16,2025-10-04,59,19,0.0,train,4,0.0025736465353583
S03410,3,9,2025-10-04,34,31,0.0,train,4,0.0022791615327507
S03478,3,9,2025-10-04,55,26,0.0,train,4,0.0024213263076731
S03479,3,17,2025-10-04,44,13,0.0,train,4,0.0026546802695231
S03482,3,14,2025-10-04,41,27,0.0,train,4,0.0027834894328034
S03484,3,18,2025-10-04,18,17,0.0,train,4,0.0029970436700588
S03485,3,21,2025-10-04,29,27,0.0,train,4,0.0026165336113751
S03486,3,12,2025-10-04,55,29,0.0,train,4,0.0027684965344626
S03490,3,4,2025-10-04,42,32,0.0,train,4,0.0011177567924255
S03688,3,3,2025-10-04,56,16,0.0,train,4,0.0023498812272916
S03689,3,3,2025-10-04,53,20,0.0,train,4,0.0013162236146922
S03690,3,8,2025-10-04,30,18,0.0,train,4,0.0021813187049362
S03691,3,3,2025-10-04,29,22,0.0,train,4,0.0015912815819235
S03880,3,20,2025-10-04,21,29,0.0,train,4,0.0011627465469191
S03892,3,18,2025-10-04,31,29,0.0,train,4,0.0029875423706097
S03893,3,21,2025-10-04,53,14,0.0,train,4,0.0028762019924072
S03895,3,2,2025-10-04,38,31,0.0,train,4,0.0027573043433881
S04035,3,9,2025-10-04,54,29,0.0,train,4,0.0017101265022624
S04036,3,24,2025-10-04,49,27,0.0,train,4,0.0028603194202661
S04039,3,11,2025-10-04,26,14,0.0,train,4,0.002133491929947
S04040,3,14,2025-10-04,55,26,0.0,train,4,0.0021362418616587
S04096,3,10,2025-10-04,35,28,0.0,train,4,0.0029611781885956
S04097,3,21,2025-10-04,36,23,0.0,train,4,0.0026003825872485
S04098,3,20,2025-10-04,29,18,0.0,train,4,0.0028382791103666
S04099,3,20,2025-10-04,33,17,0.0,train,4,0.0028870353619239
S04142,3,12,2025-10-04,40,26,0.0,train,4,0.0029666405660484
S04143,3,10,2025-10-04,55,17,0.0,train,4,0.003030475152477
S04144,3,10,2025-10-04,40,22,0.0,train,4,0.0029750044764001
S04145,3,12,2025-10-04,47,27,0.0,train,4,0.0026435331626039
S04147,3,23,2025-10-04,49,25,0.0,train,4,0.0021354298840414
S04149,3,20,2025-10-04,30,19,0.0,train,4,0.0025662377188608
S04275,3,8,2025-10-04,50,28,0.0,train,4,0.0024134733802055
S04276,3,3,2025-10-04,15,25,0.0,train,4,0.001939343965693
S04277,3,6,2025-10-04,21,15,0.0,train,4,0.0020563814864575
S04373,3,12,2025-10-04,17,16,0.0,train,4,0.0014916144917898
S04374,3,15,2025-10-04,53,13,0.0,train,4,0.0011681854429146
S04384,3,8,2025-10-04,48,30,0.0,train,4,0.002546377648877
S04386,3,3,2025-10-04,32,15,0.0,train,4,0.0021215613280542
S04504,3,20,2025-10-04,43,26,0.0,train,4,0.0029203351927523
S04505,3,23,2025-10-04,34,27,0.0,train,4,0.002584200725609
S04746,3,24,2025-10-04,36,32,0.0,train,4,0.000771418716267
S04755,3,8,2025-10-04,30,22,0.0,train,4,0.0023636617466744
S04757,3,8,2025-10-04,40,21,0.0,train,4,0.0022528055501483
S04855,3,8,2025-10-04,21,24,0.0122679699842022,train,4,0.002482194764549
S04857,3,6,2025-10-04,46,25,0.0,train,4,0.0022349747018566
S05047,3,14,2025-10-04,60,25,0.0,train,4,0.0023783203575627
S05048,3,24,2025-10-04,48,21,0.0,train,4,0.0029012225116775
S05049,3,24,2025-10-04,28,23,0.0,train,4,0.0028407529070201
S05051,3,11,2025-10-04,25,14,0.0,train,4,0.0018852883241517
S05052,3,22,2025-10-04,29,25,0.0,train,4,0.0022107973642112
S05053,3,14,2025-10-04,28,20,0.0,train,4,0.0024654262581082
S05054,3,17,2025-10-04,19,27,0.0,train,4,0.0024557850128082
S05055,3,24,2025-10-04,29,16,0.0,train,4,0.0028114135875691
S05056,3,8,2025-10-04,32,14,0.0,train,4,0.0023751829686793
S05060,3,17,2025-10-04,64,24,0.0,train,4,0.0025481005786473
S05062,3,22,2025-10-04,56,19,0.0,train,4,0.002753070103332
S05064,3,9,2025-10-04,18,27,0.0,train,4,0.002113341126362
S05065,3,9,2025-10-04,54,24,0.0,train,4,0.0023190765535036
S05066,3,9,2025-10-04,28,17,0.0,train,4,0.0022154756693697
S05067,3,9,2025-10-04,44,12,0.0,train,4,0.0025068872666869
S05068,3,16,2025-10-04,51,28,0.0,train,4,0.0025367859696056
S05069,3,17,2025-10-04,44,12,0.0,train,4,0.0020044834814786
S05070,3,14,2025-10-04,48,20,0.0,train,4,0.0026251868825194
S05072,3,2,2025-10-04,62,23,0.0,train,4,0.0028693863647424
S05074,3,21,2025-10-04,57,28,0.0034911001531307,train,4,0.0032083998194853
S05075,3,23,2025-10-04,45,29,0.0034852979333655,train,4,0.0021242602180711
S05076,3,15,2025-10-04,52,29,0.0,train,4,0.0025261202737636
S05077,3,10,2025-10-04,23,20,0.0,train,4,0.0028158654338301
S05078,3,10,2025-10-04,49,20,0.0,train,4,0.0030939534913844
S05080,3,4,2025-10-04,56,23,0.0,train,4,0.0028468410361024
S05082,3,10,2025-10-04,30,25,0.0,train,4,0.0027751474927369
S05083,3,20,2025-10-04,48,12,0.0,train,4,0.0006825462935155
S05130,3,16,2025-10-04,34,31,0.0,train,4,0.0025588237831515
S05131,3,8,2025-10-04,34,17,0.0,train,4,0.0021747642690964
S05132,3,9,2025-10-04,43,28,0.0,train,4,0.0021250353650193
S05159,3,22,2025-10-04,18,17,0.0,train,4,0.0021577599670964
S05160,3,17,2025-10-04,41,28,0.0,train,4,0.0025539176302902
S05161,3,14,2025-10-04,28,24,0.0,train,4,0.0025429993868057
S05163,3,10,2025-10-04,26,26,0.0,train,4,0.0029880495391578
S05165,3,21,2025-10-04,28,31,0.0,train,4,0.0007191814179541
S05260,3,16,2025-10-04,59,28,0.0,train,4,0.0011884564970119
S05263,3,8,2025-10-04,18,27,0.0,train,4,0.0017215645022853
S05264,3,2,2025-10-04,16,23,0.0,train,4,0.0028807367360657
S05315,3,9,2025-10-04,54,30,0.0,train,4,0.0010455432542505
S05346,3,6,2025-10-04,25,26,0.0224405729448867,train,4,0.0020462157588105
S05581,3,24,2025-10-04,36,12,0.0051224439313984,train,4,0.0029817493961266
S05582,3,9,2025-10-04,51,22,0.0,train,4,0.0022752321238255
S05585,3,9,2025-10-04,52,14,0.001709736900044,train,4,0.0017859209429101
S05586,3,11,2025-10-04,42,14,0.0017319728460112,train,4,0.0023714324750989
S05587,3,17,2025-10-04,52,18,0.0102506986768967,train,4,0.0026325973404749
S05590,3,21,2025-10-04,60,19,0.0170111684995601,train,4,0.0029667659937248
S05591,3,21,2025-10-04,31,21,0.0086575109568901,train,4,0.0029527187215808
S05592,3,10,2025-10-04,64,25,0.0139729397293972,train,4,0.0029270580998029
S05593,3,20,2025-10-04,31,13,0.0103860822318583,train,4,0.0028484856456589
S05594,3,2,2025-10-04,44,28,0.0052894285927139,train,4,0.0025248248600574
S05596,3,18,2025-10-04,56,27,0.006912642694957,train,4,0.002948812416911
S05598,3,2,2025-10-04,40,17,0.0017265217361096,train,4,0.0023963414310224
S05611,3,11,2025-10-04,50,19,0.0,train,4,0.0027862646679484
S05612,3,9,2025-10-04,36,12,0.0,train,4,0.0025063398780536
S05613,3,14,2025-10-04,49,17,0.0,train,4,0.002657089267411
S05614,3,11,2025-10-04,48,17,0.0,train,4,0.0030047266520847
S05617,3,24,2025-10-04,60,19,0.0,train,4,0.0029748274642642
S05894,3,16,2025-10-04,51,15,0.0,train,4,0.0023066435277997
S05927,3,15,2025-10-04,57,15,0.0,train,4,0.0022756795536005
S05997,3,23,2025-10-04,21,14,0.0,train,4,0.0015077480091629
S06102,3,11,2025-10-04,46,30,0.0075933276497963,train,4,0.0028305115551327
S06103,3,9,2025-10-04,55,15,0.0,train,4,0.0023973376987699
S06104,3,24,2025-10-04,49,19,0.0030384730602987,train,4,0.0025865905074425
S06105,3,24,2025-10-04,43,13,0.0,train,4,0.0029397204213158
S06108,3,14,2025-10-04,24,21,0.0,train,4,0.0028335393775589
S06109,3,17,2025-10-04,40,21,0.0060498718814858,train,4,0.0028769547949881
S06111,3,2,2025-10-04,43,31,0.004533637400228,train,4,0.0023697634353001
S06113,3,2,2025-10-04,57,23,0.0,train,4,0.0031183565852259
S06114,3,2,2025-10-04,40,27,0.0015154148486262,train,4,0.0025165220378954
S06115,3,2,2025-10-04,47,29,0.0105845700759995,train,4,0.0026650206617152
S06116,3,15,2025-10-04,54,15,0.0045407617881647,train,4,0.0025001493413214
S06118,3,10,2025-10-04,16,24,0.0015491118321598,train,4,0.0027904202371827
S06119,3,23,2025-10-04,32,25,0.0091795648479923,train,4,0.0022876250102172
S06120,3,21,2025-10-04,50,28,0.0077858194692483,train,4,0.0027292787168995
S06122,3,15,2025-10-04,52,22,0.0092705719961574,train,4,0.0025119390473715
S06177,3,3,2025-10-04,32,27,0.0,train,4,0.0022164324961506
S06178,3,6,2025-10-04,21,23,0.0076934746332054,train,4,0.002368735950364
S06854,3,8,2025-10-04,41,15,0.0,train,4,0.0021383835454041
S06855,3,14,2025-10-04,56,25,0.0,train,4,0.0025109238958691
S06856,3,9,2025-10-04,27,16,0.0,train,4,0.0021943960828327
S06857,3,14,2025-10-04,21,22,0.0022518236600063,train,4,0.002215872502541
S06858,3,9,2025-10-04,36,17,0.0,train,4,0.0017787622789264
S06861,3,22,2025-10-04,41,13,0.0,train,4,0.0019697734793116
S06947,3,23,2025-10-04,19,26,0.0,train,4,0.002269589976862
S07180,3,2,2025-10-04,42,16,0.018963842195943,train,4,0.0030058015841235
S07181,3,4,2025-10-04,45,16,0.0,train,4,0.002351723670808
S07182,3,12,2025-10-04,25,15,0.0028509149314518,train,4,0.0027020690941244
S07183,3,15,2025-10-04,18,22,0.012799601675709,train,4,0.0025275728871878
S07185,3,4,2025-10-04,35,31,0.0072605409322125,train,4,0.0029429395940559
S07187,3,4,2025-10-04,39,23,0.0,train,4,0.0027176764606318
S07189,3,12,2025-10-04,48,16,0.0,train,4,0.0028419405337484
S07190,3,12,2025-10-04,46,20,0.0,train,4,0.0028900300428531
S07191,3,20,2025-10-04,49,16,0.0,train,4,0.0028439275835755
S07192,3,21,2025-10-04,35,26,0.0,train,4,0.0026219205985749
S07193,3,10,2025-10-04,57,22,0.0014886167246238,train,4,0.0028498842055232
S07194,3,18,2025-10-04,35,21,0.0074196823121939,train,4,0.0028231191717019
S07195,3,18,2025-10-04,52,20,0.0057802627867961,train,4,0.0028610318482115
S07196,3,21,2025-10-04,54,27,0.0029731726504009,train,4,0.0028154477079043
S07197,3,18,2025-10-04,40,16,0.0,train,4,0.0029762377231525
S07198,3,21,2025-10-04,39,17,0.0074315978982185,train,4,0.0022173916762592
S07199,3,15,2025-10-04,50,19,0.0,train,4,0.0023449558831137
S07202,3,23,2025-10-04,51,18,0.0104007844684807,train,4,0.002547298248125
S07203,3,23,2025-10-04,22,23,0.0059003879178575,train,4,0.0017613869483362
S07204,3,20,2025-10-04,51,17,0.0132441507221659,train,4,0.002640801263022
S07206,3,10,2025-10-04,45,13,0.0029704804767113,train,4,0.0030540912833767
S07207,3,23,2025-10-04,46,15,0.0,train,4,0.0028480990299139
S07208,3,23,2025-10-04,35,22,0.0,train,4,0.0021487756424605
S07209,3,4,2025-10-04,49,22,0.0,train,4,0.0023970007012852
S07210,3,2,2025-10-04,45,22,0.0088168247013012,train,4,0.0030275876980251
S07353,3,8,2025-10-04,41,26,0.0087690665443349,train,4,0.002213897099031
S07354,3,8,2025-10-04,49,21,0.0,train,4,0.0011666899757534
S07361,3,9,2025-10-04,42,32,0.0,train,4,0.0014348059587328
S07395,3,16,2025-10-04,24,16,0.0074259348908372,train,4,0.0022224250008821
S07396,3,9,2025-10-04,50,27,0.0042815668639461,train,4,0.0021618155616397
S07399,3,16,2025-10-04,47,25,0.0073080712279618,train,4,0.0025570795060265
S07401,3,11,2025-10-04,48,24,0.0043918948773008,train,4,0.0030016183200478
S07402,3,24,2025-10-04,31,14,0.0014593739080388,train,4,0.0029628869560109
S07849,3,22,2025-10-04,30,26,0.0031138009673458,train,4,0.002069801876515
S07851,3,9,2025-10-04,28,16,0.010791843364102,train,4,0.0020316904887989
S07852,3,22,2025-10-04,22,25,0.0241432330938229,train,4,0.0025095456154111
S07853,3,22,2025-10-04,33,13,0.0,train,4,0.0026109527285561
S07854,3,22,2025-10-04,48,27,0.0,train,4,0.002356933421711
S07856,3,22,2025-10-04,23,24,0.0083135739586077,train,4,0.0027258048957848
S07861,3,16,2025-10-04,31,26,0.0031990422183458,train,4,0.0026751458263493
S07863,3,10,2025-10-04,37,13,0.0138730532956285,train,4,0.0028956808656698
S07865,3,10,2025-10-04,27,23,0.0095832476347182,train,4,0.0027240227394983
S07868,3,20,2025-10-04,21,19,0.0174985751600331,train,4,0.0028162880586014
S07869,3,4,2025-10-04,51,29,0.0280523292276045,train,4,0.002622616410247
S07872,3,10,2025-10-04,22,14,0.0,train,4,0.0012991354416092
S07874,3,3,2025-10-04,42,14,0.0,train,4,0.0021970880398826
S07948,3,22,2025-10-04,24,28,0.0078850804486721,train,4,0.0025825191625923
S07950,3,14,2025-10-04,27,23,0.0033964327205631,train,4,0.0024808687383332
S07952,3,11,2025-10-04,21,23,0.0035385502623653,train,4,0.0029557138019108
S07953,3,11,2025-10-04,35,14,0.015911128185427,train,4,0.0028487298819461
S07954,3,24,2025-10-04,28,18,0.01270201949796,train,4,0.0029519231002055
S07955,3,17,2025-10-04,33,14,0.0251745224807058,train,4,0.0018173577976107
S07958,3,11,2025-10-04,45,22,0.0083482709552639,train,4,0.0028833977261536
S07959,3,11,2025-10-04,41,16,0.0104723441615452,train,4,0.0028181946006172
S07960,3,9,2025-10-04,26,27,0.0011351385919713,train,4,0.0021315701691386
S08163,3,6,2025-10-04,25,25,0.0114150531707205,train,4,0.0022723905051328
S08404,3,4,2025-10-04,42,15,0.0057397193196411,train,4,0.0026410201243131
S08405,3,2,2025-10-04,57,25,0.0117039214023982,train,4,0.0028954653680144
S08407,3,20,2025-10-04,14,20,0.0134677397501558,train,4,0.0027368118558587
S08409,3,18,2025-10-04,57,15,0.0160899445939821,train,4,0.0029552834751603
S08413,3,18,2025-10-04,51,24,0.0188534753982535,train,4,0.0031117394576388
S08414,3,4,2025-10-04,34,19,0.0250583422167161,train,4,0.0023481713306207
S08415,3,4,2025-10-04,34,29,0.0305722819512128,train,4,0.0026379085727786
S08758,3,6,2025-10-04,31,12,0.0,train,4,0.0005837388433583
S08835,3,3,2025-10-04,27,29,0.0,train,4,0.0022634953891492
S08836,3,6,2025-10-04,43,17,0.0,train,4,0.0023103500319386
S08853,3,17,2025-10-04,40,29,0.0,train,4,0.0024979549207885
S08855,3,14,2025-10-04,28,25,0.0,train,4,0.0022189927922283
S08856,3,14,2025-10-04,46,14,0.0,train,4,0.0027053684878008
S08857,3,24,2025-10-04,47,13,0.0,train,4,0.0029403917747043
S08858,3,24,2025-10-04,32,28,0.0,train,4,0.0027783830424253
S08859,3,17,2025-10-04,58,22,0.0,train,4,0.0022298125434324
S08870,3,21,2025-10-04,51,16,0.0,train,4,0.0023132527262775
S09092,3,9,2025-10-04,24,30,0.0,train,4,0.0017457987326381
S09093,3,17,2025-10-04,47,31,0.0,train,4,0.0024830007962293
S09095,3,6,2025-10-04,29,18,0.0,train,4,0.0019961305900629
S09148,3,12,2025-10-04,31,17,0.0,train,4,0.0025739752010723
S09149,3,18,2025-10-04,52,24,0.0,train,4,0.0031282057008073
S09151,3,23,2025-10-04,54,15,0.0,train,4,0.0015949902846253
S09311,3,6,2025-10-04,22,29,0.0,train,4,0.0011221323212535
S09316,3,6,2025-10-04,57,15,0.0,train,4,0.0025405858552284
S09518,3,10,2025-10-04,22,29,0.0,train,4,0.0011886118570302
S09711,3,2,2025-10-04,16,20,0.0,train,4,0.0024677492511435
S09712,3,15,2025-10-04,44,24,0.0,train,4,0.0025818032277406
S09713,3,21,2025-10-04,42,25,0.0,train,4,0.0027330257236827
S09714,3,23,2025-10-04,58,25,0.0,train,4,0.0026447840860773
S09715,3,15,2025-10-04,19,24,0.0,train,4,0.0025746603107964
S09716,3,20,2025-10-04,14,19,0.0,train,4,0.0029187740633208
S09717,3,23,2025-10-04,48,30,0.0,train,4,0.002376282928219
S09909,3,6,2025-10-04,47,21,0.0103535195716934,train,4,0.0020789239284989
S09910,3,8,2025-10-04,37,24,0.0146015619157505,train,4,0.0021936032667747
S09911,3,8,2025-10-04,14,23,0.0025810204118726,train,4,0.0017869225200635
S09913,3,8,2025-10-04,58,28,0.0092283859741265,train,4,0.0021316248200339
S10101,3,6,2025-10-04,17,16,0.0,train,4,0.0020284402471756
S10102,3,11,2025-10-04,58,29,0.0,train,4,0.0008413064317429
S10104,3,8,2025-10-04,56,17,0.0,train,4,0.0021804975228495
S10106,3,16,2025-10-04,33,16,0.0025660685197089,train,4,0.0019190792170994
S10107,3,24,2025-10-04,46,22,0.0090330085189137,train,4,0.00279871527479
S10108,3,24,2025-10-04,55,18,0.0051476852247451,train,4,0.0019103560510588
S10111,3,18,2025-10-04,55,22,0.003851578604752,train,4,0.0029929731160943
S10113,3,20,2025-10-04,45,12,0.007689391888233,train,4,0.0026802048878514
S10116,3,21,2025-10-04,37,31,0.0118930819115078,train,4,0.0026550278237927
S10117,3,12,2025-10-04,16,19,0.0025805379668787,train,4,0.002774461810479
S10119,3,10,2025-10-04,61,23,0.0053777402670475,train,4,0.0028489969556808
S10121,3,4,2025-10-04,20,16,0.0116774486615184,train,4,0.0025658590219467
S10122,3,23,2025-10-04,58,20,0.0076552223403108,train,4,0.0023513429405307
S10174,3,3,2025-10-04,56,15,0.0,train,4,0.0023024746555896
S10175,3,6,2025-10-04,51,16,0.0,train,4,0.0022776687264902
S10177,3,3,2025-10-04,52,16,0.0,train,4,0.001383646709403
S10305,3,2,2025-10-04,31,14,0.0,train,4,0.0021297234115479
S10306,3,2,2025-10-04,17,21,0.0,train,4,0.0030008986134612
S10307,3,10,2025-10-04,32,29,0.0,train,4,0.0028889989628354
S10308,3,12,2025-10-04,36,19,0.0,train,4,0.0027098925345207
S10309,3,12,2025-10-04,46,12,0.0038922694985472,train,4,0.0026940748664418
S10312,3,21,2025-10-04,49,23,0.0,train,4,0.0026713122928681
S10314,3,10,2025-10-04,26,19,0.0,train,4,0.0028116127106679
S10335,3,6,2025-10-04,42,27,0.0,train,4,0.0017977389889348
S10336,3,6,2025-10-04,48,21,0.0,train,4,0.0026373954458607
S10414,3,22,2025-10-04,26,28,0.0,train,4,0.0025693213941629
S10415,3,9,2025-10-04,16,21,0.0,train,4,0.0021129039820681
S10417,3,14,2025-10-04,13,22,0.0,train,4,0.0024220353752122
S10418,3,10,2025-10-04,39,31,0.0,train,4,0.0026095332231939
S10419,3,2,2025-10-04,44,12,0.0,train,4,0.0026477809157008
S10625,3,15,2025-10-04,62,20,0.0,train,4,0.0027308197954849
S10626,3,21,2025-10-04,55,29,0.0,train,4,0.0031563623281882
S10627,3,20,2025-10-04,38,17,0.0,train,4,0.0025048244727377
S10629,3,15,2025-10-04,60,22,0.0,train,4,0.0028419620331278
S10630,3,12,2025-10-04,30,16,0.0,train,4,0.0026442877015762
S10633,3,2,2025-10-04,51,26,0.0,train,4,0.0030647017606969
S10653,3,6,2025-10-04,54,23,0.0,train,4,0.0020082941931827
S10655,3,6,2025-10-04,51,17,0.0,train,4,0.0023584153471733
S10679,3,9,2025-10-04,36,14,0.0,train,4,0.001757965812475
S10680,3,22,2025-10-04,57,18,0.0,train,4,0.0019058638809735
S10683,3,22,2025-10-04,38,26,0.0,train,4,0.0026079037182593
S10684,3,11,2025-10-04,50,16,0.0,train,4,0.0027038302732216
S10685,3,2,2025-10-04,39,21,0.0,train,4,0.0025399222490245
S10687,3,2,2025-10-04,22,14,0.0,train,4,0.0006713315679155
S10838,3,11,2025-10-04,36,17,0.0057701461692963,train,4,0.0027329087840523
S10839,3,9,2025-10-04,52,20,0.0199239211773509,train,4,0.0019950170135092
S10840,3,16,2025-10-04,32,30,0.0202382798245243,train,4,0.0024146463835448
S10845,3,22,2025-10-04,37,19,0.0187497098017365,train,4,0.0022177686476319
S10886,3,20,2025-10-04,31,15,0.0,train,4,0.0028239565001544
S10887,3,21,2025-10-04,52,26,0.0,train,4,0.0027564302089707
S10891,3,20,2025-10-04,54,25,0.0,train,4,0.0029689989867527
S10892,3,2,2025-10-04,60,17,0.0150077069942173,train,4,0.0025422169467644
S10893,3,4,2025-10-04,30,21,0.0,train,4,0.003008891396349
S11261,3,6,2025-10-04,45,23,0.0196326288761603,train,4,0.001811932310869
S11262,3,3,2025-10-04,58,21,0.0154451837458373,train,4,0.0016969533681082
S11538,3,8,2025-10-04,50,21,0.0,train,4,0.0018449273747218
S11539,3,8,2025-10-04,13,23,0.0,train,4,0.0024599542573317
S12068,3,9,2025-10-04,45,17,0.0,train,4,0.0016684347610584
S12069,3,24,2025-10-04,30,16,0.0,train,4,0.0027834686523864
S12071,3,17,2025-10-04,50,30,0.0,train,4,0.002363829246888
S12072,3,22,2025-10-04,24,29,0.0,train,4,0.0023079859387577
S12074,3,11,2025-10-04,22,26,0.0,train,4,0.0028076773793012
S12077,3,2,2025-10-04,27,27,0.0026191944264385,train,4,0.0023430080665189
S12078,3,21,2025-10-04,43,23,0.0,train,4,0.0025890007638675
S12079,3,18,2025-10-04,17,24,0.0,train,4,0.0029747641002304
S12080,3,18,2025-10-04,28,15,0.0,train,4,0.0029673012232376
S12082,3,23,2025-10-04,21,16,0.0,train,4,0.001700041743983
S12083,3,20,2025-10-04,38,24,0.0,train,4,0.0027669703836441
S12085,3,12,2025-10-04,39,29,0.007932707654983,train,4,0.0028067834111474
S12086,3,20,2025-10-04,23,20,0.0160307067058026,train,4,0.0026607287527083
S12088,3,4,2025-10-04,15,22,0.0,train,4,0.0028503858706503
S12089,3,20,2025-10-04,44,18,0.0,train,4,0.0028847151958823
S12490,3,15,2025-10-04,34,13,0.0,train,4,0.002768027702606
S12491,3,18,2025-10-04,26,27,0.0,train,4,0.002985157741116
S12492,3,20,2025-10-04,45,27,0.0,train,4,0.0029685263562557
S12495,3,4,2025-10-04,41,25,0.0,train,4,0.0030237342137872
S12496,3,4,2025-10-04,37,23,0.0,train,4,0.002847904360846
S12497,3,21,2025-10-04,20,23,0.0,train,4,0.002697222618363
S12511,3,14,2025-10-04,55,21,0.0,train,4,0.0020682975706641
S12513,3,9,2025-10-04,45,29,0.0,train,4,0.002284823765709
S12514,3,9,2025-10-04,31,19,0.0,train,4,0.001819304675925
S12515,3,24,2025-10-04,30,20,0.0,train,4,0.002866109785482
S12517,3,17,2025-10-04,39,17,0.0,train,4,0.0022335990063191
S12866,3,2,2025-10-04,31,31,0.0,train,4,0.001736514183797
S12867,3,8,2025-10-04,23,30,0.0,train,4,0.0005615752920272
S12880,3,3,2025-10-04,45,22,0.0,train,4,0.0010366483335173
S12882,3,3,2025-10-04,34,20,0.0,train,4,0.0011551328563921
S12884,3,6,2025-10-04,37,18,0.0,train,4,0.0017889851253634
S12916,3,12,2025-10-04,49,21,0.0,train,4,0.0028084516166205
S13026,3,11,2025-10-04,25,15,0.0,train,4,0.0029157031326586
S13150,3,6,2025-10-04,20,19,0.0,train,4,0.0020402904388738
S13231,3,10,2025-10-04,39,20,0.0,train,4,0.0027747809684713
S13232,3,18,2025-10-04,45,21,0.0,train,4,0.0030397477955618
S13233,3,20,2025-10-04,30,15,0.0,train,4,0.002827994354908
S13237,3,9,2025-10-04,42,23,0.0,train,4,0.0021850710003085
S13238,3,16,2025-10-04,42,30,0.0,train,4,0.0023354147268977
S13239,3,22,2025-10-04,47,19,0.0,train,4,0.002559418980891
S13242,3,22,2025-10-04,40,20,0.0,train,4,0.0024651489150254
S13826,3,24,2025-10-04,53,14,0.0,train,4,0.0031491185145813
S13827,3,16,2025-10-04,50,19,0.0036901327928068,train,4,0.0020141684308597
S13829,3,22,2025-10-04,21,26,0.0056629787040096,train,4,0.0022627210008492
S13831,3,9,2025-10-04,27,18,0.0,train,4,0.0019229084352583
S13833,3,20,2025-10-04,41,23,0.0056323024444419,train,4,0.0029113179902834
S13838,3,12,2025-10-04,32,17,0.0074995378805883,train,4,0.0027460072910083
S13839,3,10,2025-10-04,36,27,0.0056489469317238,train,4,0.0027941744947288
S13840,3,15,2025-10-04,55,14,0.0037861474235914,train,4,0.0023506051289143
S13841,3,15,2025-10-04,32,14,0.0018585831388739,train,4,0.0021752537438617
S13842,3,4,2025-10-04,29,23,0.0,train,4,0.0029409987798927
S13843,3,4,2025-10-04,52,24,0.0018823404650176,train,4,0.0027577357407718
S13845,3,23,2025-10-04,30,18,0.0074995378805883,train,4,0.0024681195047204
S14154,3,17,2025-10-04,47,26,0.0,train,4,0.0024928210844325
S14155,3,15,2025-10-04,32,31,0.0,train,4,0.0023268777759067
S14185,3,3,2025-10-04,47,16,0.0,train,4,0.0016737205381394
S14187,3,6,2025-10-04,59,16,0.0,train,4,0.0018086786934214
S14451,3,17,2025-10-04,42,14,0.0,train,4,0.002596586030806
S14453,3,8,2025-10-04,29,16,0.0,train,4,0.0022888237742663
S14455,3,16,2025-10-04,51,29,0.0,train,4,0.0024356966155301
S14581,3,21,2025-10-04,35,25,0.0,train,4,0.0026458297683311
S14586,3,18,2025-10-04,35,23,0.0,train,4,0.0029503607642651
S14587,3,21,2025-10-04,55,16,0.0,train,4,0.0026379564372047
S14701,3,4,2025-10-04,29,12,0.0,train,4,0.0019036238504872
S14702,3,17,2025-10-04,28,31,0.0,train,4,0.0011810304819769
S14704,3,11,2025-10-04,59,15,0.0,train,4,0.0013217025946036
S14712,3,3,2025-10-04,41,18,0.0,train,4,0.0009414414917881
S14713,3,3,2025-10-04,43,23,0.0,train,4,0.0017248632766594
S14715,3,6,2025-10-04,54,16,0.0,train,4,0.0024734916564436
S14848,3,8,2025-10-04,26,13,0.0,train,4,0.0009997332748726
S14895,3,3,2025-10-04,22,21,0.0,train,4,0.0019982691589186
S14896,3,8,2025-10-04,32,21,0.0,train,4,0.0024111831468807
S15252,3,14,2025-10-04,52,29,0.0,train,4,0.0022554208885831
S15255,3,11,2025-10-04,26,27,0.0,train,4,0.0028538531032271
S15256,3,17,2025-10-04,32,30,0.0,train,4,0.0020032417764056
S15257,3,21,2025-10-04,59,18,0.0,train,4,0.0027986471107469
S15259,3,15,2025-10-04,34,19,0.0,train,4,0.0023227628887867
S15260,3,10,2025-10-04,43,14,0.0,train,4,0.003030944050427
S15262,3,10,2025-10-04,35,27,0.0,train,4,0.0029245294013351
S15263,3,15,2025-10-04,47,31,0.0,train,4,0.0024047211221553
S15287,3,3,2025-10-04,20,24,0.0049651341685148,train,4,0.0016136904756952
S15288,3,3,2025-10-04,42,13,0.0033574842512371,train,4,0.0012145406413039
S15303,3,12,2025-10-04,36,22,0.0,train,4,0.0027926988306484
S15304,3,12,2025-10-04,34,13,0.0,train,4,0.0030188461405293
S15305,3,20,2025-10-04,49,22,0.0,train,4,0.0029037009683333
S15308,3,4,2025-10-04,35,12,0.0,train,4,0.0030267589277655
S15436,3,23,2025-10-04,39,23,0.0,train,4,0.0023909493905244
S15474,3,16,2025-10-04,32,28,0.0,train,4,0.0027571966186616
S15475,3,9,2025-10-04,13,22,0.0,train,4,0.0023905715101542
S15477,3,14,2025-10-04,45,12,0.0089207186832516,train,4,0.0022750378554846
S15478,3,22,2025-10-04,31,27,0.0,train,4,0.0024183018866716
S15481,3,24,2025-10-04,25,25,0.0,train,4,0.0029634198159619
S15902,3,8,2025-10-04,57,15,0.0,train,4,0.0021658083455019
S15903,3,18,2025-10-04,21,22,0.0,train,4,0.0029974492063488
S15905,3,15,2025-10-04,33,12,0.0,train,4,0.0022380413607122
S15906,3,20,2025-10-04,46,17,0.0,train,4,0.0028109998904956
S15907,3,21,2025-10-04,38,15,0.0,train,4,0.0026449077510619
S15908,3,21,2025-10-04,24,26,0.0,train,4,0.002948656138306
S15911,3,15,2025-10-04,22,23,0.0,train,4,0.0024887853385659
S15912,3,4,2025-10-04,46,30,0.0,train,4,0.0028027371167619
S15913,3,2,2025-10-04,34,31,0.0,train,4,0.0024298359363465
S16239,3,8,2025-10-04,45,29,0.0,train,4,0.0022076846122229
S16240,3,3,2025-10-04,15,18,0.0,train,4,0.0014939100665556
S16241,3,8,2025-10-04,57,25,0.0,train,4,0.0024779236287423
S16242,3,3,2025-10-04,38,21,0.0,train,4,0.0014090819742714
S16526,3,9,2025-10-04,46,29,0.0,train,4,0.0019225840322
S16527,3,17,2025-10-04,57,22,0.0,train,4,0.0024204917230345
S16528,3,24,2025-10-04,41,15,0.0,train,4,0.0029561699651997
S16529,3,9,2025-10-04,53,28,0.0,train,4,0.0021444821598611
S16532,3,11,2025-10-04,43,15,0.0,train,4,0.0028543843021755
S16533,3,14,2025-10-04,53,23,0.0,train,4,0.0028224601427392
S16535,3,20,2025-10-04,21,24,0.0,train,4,0.0028542435916916
S16536,3,21,2025-10-04,36,29,0.0,train,4,0.0027334223678906
S16537,3,21,2025-10-04,49,24,0.0,train,4,0.0028160707889633
S16539,3,18,2025-10-04,60,23,0.0,train,4,0.0030932455511957
S16541,3,12,2025-10-04,45,13,0.0,train,4,0.0028868849337771
S16542,3,2,2025-10-04,40,18,0.0,train,4,0.0030123097450723
S16544,3,4,2025-10-04,43,18,0.0,train,4,0.002403214727718
S16547,3,18,2025-10-04,62,16,0.0,train,4,0.0024613124703412
S16586,3,17,2025-10-04,56,26,0.0,train,4,0.0022407201174445
S16620,3,3,2025-10-04,14,19,0.0,train,4,0.0018684782499084
S16809,3,21,2025-10-04,38,11,0.0,train,4,0.0015157840453392
S16909,3,3,2025-10-04,51,19,0.0,train,4,0.0014588091347434
S16910,3,6,2025-10-04,33,29,0.0,train,4,0.001962195903213
S16911,3,6,2025-10-04,23,22,0.0,train,4,0.0022569750988922
S16912,3,6,2025-10-04,32,21,0.0031111695368301,train,4,0.0020886434771651
S17783,3,6,2025-10-04,19,24,0.0193202580302895,train,4,0.0022582944347046
S17784,3,8,2025-10-04,40,25,0.0257954851413204,train,4,0.0019544399259743
S17797,3,11,2025-10-04,47,18,0.0,train,4,0.0024182700974755
S17799,3,11,2025-10-04,43,19,0.0071311340611262,train,4,0.0028796926613594
S17800,3,11,2025-10-04,32,25,0.0100361462813755,train,4,0.0026365874194521
S17802,3,24,2025-10-04,45,29,0.0141740008327581,train,4,0.0026492446968419
S17805,3,24,2025-10-04,35,13,0.0107448699305218,train,4,0.0029564335743946
S17807,3,9,2025-10-04,29,21,0.0207035058331751,train,4,0.0019941598543749
S17884,3,4,2025-10-04,52,19,0.0,train,4,0.0028808504116299
S17885,3,15,2025-10-04,44,29,0.0,train,4,0.0022847681902601
S17886,3,12,2025-10-04,32,15,0.0,train,4,0.0028709951462073
S17889,3,23,2025-10-04,31,14,0.0,train,4,0.0019090972746399
S17891,3,12,2025-10-04,18,27,0.0,train,4,0.0027286810680716
S17893,3,23,2025-10-04,34,30,0.0,train,4,0.0026596399017822
S17894,3,20,2025-10-04,19,21,0.0,train,4,0.0029494393799166
S17895,3,10,2025-10-04,31,18,0.0,train,4,0.0026982272859387
S18151,3,3,2025-10-04,37,24,0.0,train,4,0.0015707541824209
S18152,3,8,2025-10-04,46,17,0.0,train,4,0.001063980327711
S18257,3,2,2025-10-04,45,20,0.0,train,4,0.0028415996752217
S18258,3,15,2025-10-04,39,14,0.0,train,4,0.0023484476884172
S18262,3,2,2025-10-04,47,24,0.0,train,4,0.0030389140731017
S18292,3,10,2025-10-04,65,20,0.0,train,4,0.0029719010938023
S18294,3,20,2025-10-04,56,22,0.0,train,4,0.0029394998321924
S18296,3,21,2025-10-04,19,18,0.0,train,4,0.0029780016573122
S18298,3,21,2025-10-04,13,21,0.0,train,4,0.0025581845027459
S18299,3,10,2025-10-04,45,12,0.0,train,4,0.0028219818566688
S18368,3,11,2025-10-04,39,26,0.0,train,4,0.0023727446378376
S18370,3,24,2025-10-04,40,19,0.0,train,4,0.0029408309712494
S18371,3,17,2025-10-04,56,14,0.0,train,4,0.0017414148250948
S18397,3,9,2025-10-04,57,15,0.0019926947889227,train,4,0.0025973001514878
S18398,3,9,2025-10-04,48,21,0.0020101762645505,train,4,0.0017692716554937
S18399,3,14,2025-10-04,43,25,0.0040430663851976,train,4,0.0025794290019338
S18401,3,22,2025-10-04,45,24,0.0,train,4,0.0022948569102384
S18402,3,22,2025-10-04,34,30,0.0,train,4,0.0025068251906269
S18406,3,16,2025-10-04,52,15,0.0078765115136531,train,4,0.0028211731970628
S18408,3,18,2025-10-04,17,18,0.002033418434145,train,4,0.0031624834431268
S18410,3,20,2025-10-04,47,19,0.002033568196139,train,4,0.0026850415551021
S18411,3,12,2025-10-04,54,20,0.0078907676430896,train,4,0.0027879340277605
S18414,3,2,2025-10-04,47,26,0.0039663538274915,train,4,0.0029567278931275
S18415,3,12,2025-10-04,24,23,0.0099657515018808,train,4,0.002704849164446
S18416,3,10,2025-10-04,28,23,0.0,train,4,0.0027859423103818
S18417,3,4,2025-10-04,55,17,0.0040339108237862,train,4,0.0028515358089544
S18418,3,10,2025-10-04,35,14,0.0040161616161616,train,4,0.0030500123870966
S18426,3,17,2025-10-04,46,31,0.0,train,4,0.001915198996863
S18916,3,8,2025-10-04,58,15,0.0,train,4,0.0022441611697506
S18917,3,17,2025-10-04,57,21,0.0,train,4,0.0026767262173832
S19465,3,10,2025-10-04,50,27,0.0,train,4,0.0030659980622466
S19466,3,10,2025-10-04,26,16,0.0029647923452282,train,4,0.0029938860338113
S19468,3,10,2025-10-04,51,21,0.0,train,4,0.003143562745123
S19471,3,20,2025-10-04,28,18,0.0,train,4,0.0028822420619694
S19473,3,20,2025-10-04,59,20,0.0,train,4,0.0028950738081665
S19476,3,23,2025-10-04,31,24,0.0,train,4,0.0023836068761146
S19477,3,4,2025-10-04,50,15,0.0,train,4,0.0028186095595479
S19478,3,18,2025-10-04,50,23,0.0029246476593991,train,4,0.0029286357365118
S19669,3,17,2025-10-04,25,14,0.0,train,4,0.0023858255156858
S19671,3,8,2025-10-04,27,17,0.0,train,4,0.002184307646909
S19674,3,10,2025-10-04,34,15,0.0,train,4,0.0028446301217068
S19675,3,10,2025-10-04,54,27,0.0,train,4,0.0027589288296475
S19676,3,12,2025-10-04,23,17,0.0,train,4,0.0028177868563694
S19677,3,2,2025-10-04,27,19,0.0,train,4,0.0029289956602841
S19982,3,3,2025-10-04,54,24,0.0,train,4,0.0022535689160105
S20089,3,3,2025-10-04,22,20,0.0,train,4,0.0010915966706031
S20652,3,24,2025-10-04,42,23,0.0,train,4,0.002978829699344
S20655,3,14,2025-10-04,26,27,0.0,train,4,0.00242922451236
S20656,3,9,2025-10-04,22,15,0.0,train,4,0.002451488864993
S20659,3,21,2025-10-04,43,24,0.0,train,4,0.0026816593613557
S20662,3,12,2025-10-04,23,19,0.0,train,4,0.0026843550375285
S20663,3,10,2025-10-04,15,20,0.0,train,4,0.0029701117286741
S20668,3,10,2025-10-04,54,25,0.0,train,4,0.0030803377187588
S21152,3,3,2025-10-04,16,25,0.0,train,4,0.0022378391790417
S21153,3,6,2025-10-04,18,27,0.0,train,4,0.0024364502518531
S21217,3,16,2025-10-04,40,28,0.0,train,4,0.0027786900965807
S21218,3,9,2025-10-04,51,27,0.0,train,4,0.0023780958573014
S21220,3,22,2025-10-04,60,24,0.0,train,4,0.0020934362127347
S21221,3,16,2025-10-04,20,22,0.0,train,4,0.0025182535033685
S21594,3,18,2025-10-04,56,25,0.0,train,4,0.0031476107621153
S21596,3,23,2025-10-04,26,22,0.0,train,4,0.0025792720656633
S21598,3,21,2025-10-04,33,28,0.0041360829546778,train,4,0.0028996924336117
S21600,3,2,2025-10-04,41,29,0.0,train,4,0.0029396236637742
S21711,3,16,2025-10-04,60,19,0.0,train,4,0.0023724766190851
S21712,3,24,2025-10-04,48,30,0.0,train,4,0.0027587765607506
S22030,3,3,2025-10-04,41,12,0.0,train,4,0.0021943001328176
S22178,3,17,2025-10-04,36,18,0.0,train,4,0.0024093396974488
S22184,3,9,2025-10-04,23,29,0.0,train,4,0.0022430513463512
S22185,3,14,2025-10-04,29,13,0.0,train,4,0.0026398524731747
S22186,3,14,2025-10-04,57,20,0.0,train,4,0.0020403622908896
S22187,3,14,2025-10-04,35,25,0.0044941178598233,train,4,0.0022578682195649
S22189,3,20,2025-10-04,47,15,0.0,train,4,0.0024661030236386
S22191,3,10,2025-10-04,35,24,0.0,train,4,0.0028528092611898
S22192,3,12,2025-10-04,48,15,0.0,train,4,0.0028529964857144
S22194,3,2,2025-10-04,32,13,0.0,train,4,0.0022744638601507
S22195,3,10,2025-10-04,34,19,0.0,train,4,0.0030600807665406
S22196,3,23,2025-10-04,29,18,0.0,train,4,0.0025234584052673
S22198,3,23,2025-10-04,32,20,0.0,train,4,0.0024041759422246
S22199,3,2,2025-10-04,58,29,0.0,train,4,0.001832248742576
S22280,3,8,2025-10-04,53,30,0.0,train,4,0.0012492832506025
S22477,3,11,2025-10-04,20,26,0.0,train,4,0.0028501227469993
S22479,3,9,2025-10-04,39,26,0.0,train,4,0.0019417204550305
S22480,3,8,2025-10-04,23,14,0.0,train,4,0.0022420268362436
S22481,3,16,2025-10-04,49,30,0.0,train,4,0.0025472748425964
S22482,3,9,2025-10-04,44,16,0.0,train,4,0.0021910035819306
S22483,3,15,2025-10-04,28,21,0.0,train,4,0.0026012880407409
S22484,3,2,2025-10-04,52,24,0.0,train,4,0.0027729375587501
S22485,3,2,2025-10-04,47,25,0.0,train,4,0.0026546534272544
S22487,3,4,2025-10-04,53,18,0.0,train,4,0.0026675064211173
S22488,3,18,2025-10-04,42,14,0.0,train,4,0.0030107675116782
S22489,3,4,2025-10-04,34,28,0.0,train,4,0.0026047270978035
S22648,3,9,2025-10-04,53,19,0.0,train,4,0.0025592667626766
S22649,3,16,2025-10-04,56,24,0.0,train,4,0.0023362174971716
S22727,3,14,2025-10-04,60,15,0.0,train,4,0.000986673110887
S22728,3,6,2025-10-04,55,13,0.0,train,4,0.0013336027368681
S22729,3,22,2025-10-04,57,29,0.0,train,4,0.0013416055511487
S22740,3,3,2025-10-04,48,17,0.0,train,4,0.0021441289775933
S22871,3,21,2025-10-04,34,24,0.0,train,4,0.0028835382101355
S22873,3,15,2025-10-04,48,23,0.00643084736442,train,4,0.0025168999053583
S22874,3,12,2025-10-04,30,25,0.0,train,4,0.0026976766095311
S22876,3,20,2025-10-04,33,16,0.0096979394317827,train,4,0.0025280575178897
S22877,3,20,2025-10-04,55,29,0.0031985686887799,train,4,0.0027408805568035
S22878,3,4,2025-10-04,46,16,0.0,train,4,0.0028792590972858
S22879,3,21,2025-10-04,35,17,0.009677639201254,train,4,0.0026983920393869
S22880,3,20,2025-10-04,48,16,0.0064712277754991,train,4,0.002837417621301
S22881,3,2,2025-10-04,38,14,0.0,train,4,0.0027394954517242
S22882,3,18,2025-10-04,25,18,0.0096429021837196,train,4,0.0030372897947744
S22883,3,23,2025-10-04,23,20,0.0,train,4,0.0026994024437773
S22928,3,6,2025-10-04,36,16,0.0016130183890587,train,4,0.0024682487885865
S22929,3,6,2025-10-04,55,28,0.0015952495586583,train,4,0.0021640798030651
S22930,3,8,2025-10-04,33,28,0.0080274192089519,train,4,0.0021897653107978
S22977,3,6,2025-10-04,23,20,0.0,train,4,0.0025163321308363
S23075,3,8,2025-10-04,47,15,0.0,train,4,0.0022387902914486
S23076,3,17,2025-10-04,39,21,0.0032227107082182,train,4,0.0027588105732077
S23078,3,22,2025-10-04,50,14,0.0,train,4,0.0023202713763857
S23081,3,16,2025-10-04,25,23,0.0,train,4,0.0025005036992436
S23084,3,23,2025-10-04,31,20,0.0,train,4,0.0024541509137454
S23085,3,12,2025-10-04,32,27,0.0,train,4,0.0025867367756912
S23086,3,15,2025-10-04,40,23,0.0,train,4,0.0027081020376258
S23090,3,4,2025-10-04,24,23,0.0,train,4,0.0029934118690221
S23432,3,24,2025-10-04,27,24,0.0,train,4,0.0028440984340545
S23436,3,9,2025-10-04,48,18,0.0,train,4,0.0020831338960633
S23567,3,20,2025-10-04,28,12,0.0,train,4,0.0012508187984004
S23576,3,6,2025-10-04,42,13,0.0,train,4,0.0021837447617942
S23577,3,3,2025-10-04,56,25,0.0,train,4,0.0025109021435377
S23600,3,12,2025-10-04,59,27,0.0,train,4,0.0030274501582493
S23601,3,15,2025-10-04,46,26,0.0,train,4,0.0024308351968218
S23602,3,23,2025-10-04,57,17,0.0,train,4,0.0027075607970154
S23603,3,20,2025-10-04,25,28,0.0,train,4,0.0028085309025512
S23604,3,21,2025-10-04,56,17,0.0,train,4,0.0027775703268836
S23929,3,20,2025-10-04,43,17,0.0,train,4,0.0025394989001378
S23930,3,20,2025-10-04,47,30,0.0,train,4,0.0025859779997377
S23931,3,18,2025-10-04,26,24,0.0,train,4,0.0030819034731425
S23932,3,12,2025-10-04,59,22,0.0,train,4,0.002952033540182
S23933,3,4,2025-10-04,58,28,0.0,train,4,0.0026932235870362
S23934,3,4,2025-10-04,56,26,0.0,train,4,0.003039776386629
S23935,3,10,2025-10-04,55,19,0.0067665999537093,train,4,0.0028174478077231
S23950,3,6,2025-10-04,46,23,0.0,train,4,0.0025602644588562
S24050,3,16,2025-10-04,50,26,0.0,train,4,0.0024476772727167
S24051,3,11,2025-10-04,42,25,0.0,train,4,0.0028167705860671
S24052,3,11,2025-10-04,51,27,0.0,train,4,0.0028539192641521
S24055,3,9,2025-10-04,38,13,0.0,train,4,0.0022574883667452
S24057,3,24,2025-10-04,37,18,0.0,train,4,0.0028781920524583
S24059,3,22,2025-10-04,33,28,0.0,train,4,0.0021891430077509
S24199,3,12,2025-10-04,38,30,0.0,train,4,0.0027269448228734
S24200,3,2,2025-10-04,47,14,0.0,train,4,0.0027656673042312
S24201,3,12,2025-10-04,37,12,0.0027655821355636,train,4,0.003046839807952
S24203,3,21,2025-10-04,45,26,0.0028278966025411,train,4,0.0024369081668659
S24205,3,21,2025-10-04,49,14,0.0,train,4,0.0021604287408838
S24409,3,8,2025-10-04,15,21,0.0083511165627678,train,4,0.002013813495962
S24411,3,6,2025-10-04,29,23,0.0,train,4,0.0028954193508929
S24473,3,6,2025-10-04,25,13,0.0,train,4,0.0013386803869622
S24510,3,12,2025-10-04,41,15,0.0,train,4,0.0026482196620666
S24662,3,14,2025-10-04,18,27,0.0,train,4,0.00259167596617
S24663,3,11,2025-10-04,31,26,0.0,train,4,0.0026124414376737
S24667,3,18,2025-10-04,20,28,0.0062801688190249,train,4,0.0027666393466872
S24668,3,20,2025-10-04,46,15,0.0,train,4,0.0028638063754269
S24670,3,10,2025-10-04,24,22,0.0,train,4,0.0028028236757808
S24672,3,20,2025-10-04,21,18,0.0,train,4,0.002506334141427
S24674,3,10,2025-10-04,28,27,0.0,train,4,0.0025988920880281
S24675,3,12,2025-10-04,54,24,0.0,train,4,0.0029131776863262
S25178,3,8,2025-10-04,21,29,0.0,train,4,0.001257486232956
S25179,3,17,2025-10-04,30,31,0.0,train,4,0.001524227035223
S25185,3,3,2025-10-04,46,12,0.0,train,4,0.0021173924496282
S25186,3,6,2025-10-04,34,27,0.0,train,4,0.0021568581696586
S25338,3,6,2025-10-04,54,19,0.0,train,4,0.0025286277776951
S25339,3,8,2025-10-04,29,24,0.0,train,4,0.0023711284990355
S25609,3,15,2025-10-04,54,20,0.0,train,4,0.0029901097208807
S25615,3,20,2025-10-04,41,13,0.0,train,4,0.0017912754359877
S25618,3,20,2025-10-04,18,26,0.0,train,4,0.0029404630168608
S25619,3,23,2025-10-04,15,20,0.0,train,4,0.0023664224529691
S25620,3,21,2025-10-04,29,26,0.0,train,4,0.002851198137047
S25622,3,20,2025-10-04,32,14,0.0,train,4,0.002779756861313
S25623,3,18,2025-10-04,50,14,0.0,train,4,0.0029645049295025
S25624,3,23,2025-10-04,64,18,0.0,train,4,0.0020951147413516
S25625,3,2,2025-10-04,61,25,0.0,train,4,0.0030879557205921
S25627,3,17,2025-10-04,23,29,0.0,train,4,0.0023688886291896
S25630,3,11,2025-10-04,28,22,0.0030414853708837,train,4,0.0023514845415187
S25632,3,24,2025-10-04,33,19,0.0,train,4,0.0028041274654271
S25633,3,24,2025-10-04,61,16,0.0030147522686465,train,4,0.0026687950195963
S25634,3,9,2025-10-04,36,28,0.0,train,4,0.0018890308691541
S25635,3,24,2025-10-04,56,25,0.0,train,4,0.0028087381387442
S25748,3,14,2025-10-04,22,29,0.0,train,4,0.0005943175130972
S25875,3,17,2025-10-04,56,24,0.0,train,4,0.0025979244856778
S25888,3,11,2025-10-04,25,25,0.0,train,4,0.0029144654965873
S25889,3,9,2025-10-04,41,23,0.0,train,4,0.0022113408603592
S25892,3,15,2025-10-04,45,22,0.0,train,4,0.0028856229049204
S26165,3,22,2025-10-04,46,18,0.0,train,4,0.0021364233261357
S26166,3,16,2025-10-04,21,18,0.0,train,4,0.0027582828704624
S26168,3,11,2025-10-04,19,18,0.0,train,4,0.0029670411125862
S26169,3,23,2025-10-04,27,30,0.0,train,4,0.0023807348278961
S26171,3,15,2025-10-04,17,20,0.0,train,4,0.0025727089272978
S26173,3,4,2025-10-04,16,21,0.0,train,4,0.0026467225816865
S26200,3,21,2025-10-04,23,21,0.0,train,4,0.0026087890645793
S26235,3,8,2025-10-04,29,22,0.0,train,4,0.0025159665050553
S26267,3,16,2025-10-04,24,14,0.0,train,4,0.0023067306477673
S26268,3,8,2025-10-04,42,13,0.0,train,4,0.0021860444861225
S26269,3,22,2025-10-04,20,25,0.0,train,4,0.0027818593842156
S26270,3,11,2025-10-04,25,19,0.0,train,4,0.002798112988
S26316,3,4,2025-10-04,51,15,0.0,train,4,0.0028289941003927
S26317,3,10,2025-10-04,51,15,0.0,train,4,0.003001556125088
S26318,3,12,2025-10-04,16,23,0.0,train,4,0.0030513289896202
S26321,3,21,2025-10-04,57,20,0.0,train,4,0.0026511764249959
S26337,3,3,2025-10-04,48,22,0.0,train,4,0.0016516870291513
S26519,3,24,2025-10-04,52,15,0.0,train,4,0.0029540160193217
S26520,3,24,2025-10-04,56,17,0.0,train,4,0.0029591166740985
S26521,3,24,2025-10-04,40,26,0.0364122570837225,train,4,0.0026576414549559
S26522,3,24,2025-10-04,36,29,0.0,train,4,0.0026828084716148
S26523,3,24,2025-10-04,42,27,0.0,train,4,0.002941384996971
S26524,3,16,2025-10-04,45,22,0.0275224277328607,train,4,0.0024778217754705
S26575,3,21,2025-10-04,18,19,0.0,train,4,0.002864541801709
S26576,3,10,2025-10-04,19,23,0.0,train,4,0.002993716086663
S26601,3,6,2025-10-04,51,27,0.0012473960294154,train,4,0.0023098488051966
S26896,3,24,2025-10-04,41,19,0.0074063587389817,train,4,0.0029528422791215
S26897,3,22,2025-10-04,43,17,0.0088333346028554,train,4,0.0023563002508073
S26898,3,9,2025-10-04,54,16,0.0050337014923861,train,4,0.0023452199408334
S26899,3,17,2025-10-04,21,17,0.0112155859786369,train,4,0.0022980204749903
S26901,3,18,2025-10-04,48,28,0.014889043671033,train,4,0.0030312161982625
S26902,3,15,2025-10-04,53,22,0.0254021335163591,train,4,0.0027549710504189
S26903,3,21,2025-10-04,28,29,0.003723655325876,train,4,0.0029274903941052
S26904,3,18,2025-10-04,55,16,0.007525684996328,train,4,0.0029638844421124
S26909,3,21,2025-10-04,17,24,0.0144267053701015,train,4,0.0027505867152764
S26910,3,20,2025-10-04,43,24,0.0061272243550387,train,4,0.0028382248545057
S26912,3,21,2025-10-04,63,18,0.0037943565626336,train,4,0.0027777165674186
S26913,3,10,2025-10-04,21,25,0.0164478624906763,train,4,0.0027461490196888
S26915,3,10,2025-10-04,15,22,0.0063542961178702,train,4,0.0031339911805162
S26916,3,2,2025-10-04,22,18,0.0124606374230298,train,4,0.0025850882112995
S26918,3,2,2025-10-04,47,21,0.0221438384138417,train,4,0.002538514810515
S27275,3,12,2025-10-04,56,15,0.0,train,4,0.002713386849769
S27276,3,15,2025-10-04,28,26,0.0,train,4,0.0022457553149203
S27277,3,18,2025-10-04,47,27,0.0,train,4,0.0030860569749612
S27450,3,17,2025-10-04,27,27,0.0,train,4,0.0025397300793902
S27451,3,17,2025-10-04,61,26,0.0,train,4,0.0025673766690298
S27452,3,14,2025-10-04,58,27,0.0,train,4,0.0023313267339299
S27453,3,9,2025-10-04,39,15,0.0,train,4,0.0018310414758216
S27454,3,22,2025-10-04,38,25,0.0,train,4,0.0021701449989981
S27455,3,24,2025-10-04,22,20,0.0,train,4,0.0027168126307065
S27456,3,22,2025-10-04,31,20,0.0,train,4,0.0024057650708108
S27458,3,9,2025-10-04,41,24,0.0,train,4,0.0015710705331342
S27459,3,18,2025-10-04,18,25,0.0,train,4,0.0030415729140444
S27462,3,12,2025-10-04,27,12,0.0,train,4,0.0008258995218925
S27538,3,3,2025-10-04,39,21,0.0,train,4,0.0014672431401077
S27603,3,3,2025-10-04,39,11,0.0,train,4,0.0010873732212292
S27604,3,22,2025-10-04,29,12,0.0,train,4,0.0014141351411767
S28053,3,22,2025-10-04,25,16,0.0023474511026407,train,4,0.0017125397356557
S28057,3,20,2025-10-04,37,21,0.0,train,4,0.0028183332636101
S28058,3,21,2025-10-04,58,25,0.0023621785274644,train,4,0.0028059305241942
S28059,3,21,2025-10-04,39,30,0.0,train,4,0.0029230891749176
S28060,3,12,2025-10-04,49,24,0.0023475841611283,train,4,0.0026367431048335
S28061,3,2,2025-10-04,25,19,0.0,train,4,0.0029872698480525
S28169,3,6,2025-10-04,32,22,0.0,train,4,0.0025618615462663
S28235,3,12,2025-10-04,44,11,0.0,train,4,0.0009375630976333
S28238,3,11,2025-10-04,63,26,0.0,train,4,0.0010981549153622
S28255,3,3,2025-10-04,52,27,0.0,train,4,0.002258095416067
S28290,3,24,2025-10-04,19,24,0.0,train,4,0.0029639595560773
S28292,3,12,2025-10-04,37,13,0.0,train,4,0.0028972302517872
S28293,3,12,2025-10-04,48,17,0.0,train,4,0.0028536555252788
S28295,3,4,2025-10-04,24,21,0.0,train,4,0.002903629620789
S28296,3,20,2025-10-04,60,20,0.0,train,4,0.0028958291420554
S28297,3,21,2025-10-04,44,11,0.0,train,4,0.0009441060679815
S28754,3,11,2025-10-04,20,27,0.0,train,4,0.0025413589711386
S28755,3,14,2025-10-04,62,24,0.0,train,4,0.001735591732255
S28756,3,22,2025-10-04,39,25,0.0,train,4,0.0021398077420153
S28760,3,15,2025-10-04,61,22,0.0,train,4,0.0027464821443925
S28761,3,15,2025-10-04,45,11,0.0,train,4,0.0006633097557699
S28762,3,12,2025-10-04,59,15,0.0,train,4,0.0007023979832735
S28763,3,20,2025-10-04,14,18,0.0,train,4,0.000867833670804
S28820,3,16,2025-10-04,24,19,0.0,train,4,0.0025022396721584
S28975,3,20,2025-10-04,40,14,0.0,train,4,0.0028225950267135
S28976,3,20,2025-10-04,30,13,0.0,train,4,0.0027826479448155
S28977,3,2,2025-10-04,30,14,0.0,train,4,0.0023028518158494
S29554,3,8,2025-10-04,41,32,0.0,train,4,0.0016278832541188
S29643,3,11,2025-10-04,64,20,0.0,train,4,0.0028262130842892
S29644,3,9,2025-10-04,17,26,0.0,train,4,0.0022913577025907
S29646,3,21,2025-10-04,41,28,0.0,train,4,0.0027523973658743
S29648,3,12,2025-10-04,19,22,0.0,train,4,0.0028402127114487
S29650,3,15,2025-10-04,14,21,0.0,train,4,0.002595594273582
S29651,3,12,2025-10-04,31,26,0.0,train,4,0.0027814537888189
S29754,3,10,2025-10-04,43,32,0.0,train,4,0.0016468353180338
S29755,3,4,2025-10-04,44,11,0.0,train,4,0.0006010126868307
S29877,3,11,2025-10-04,40,32,0.0,train,4,0.0011785820437142
S29891,3,17,2025-10-04,39,29,0.0,train,4,0.0020115115536986
S29892,3,17,2025-10-04,30,19,0.0,train,4,0.0026521031667189
S29893,3,22,2025-10-04,35,17,0.0,train,4,0.0027203644867084
S29896,3,21,2025-10-04,27,24,0.0,train,4,0.002701381993429
S30129,3,3,2025-10-04,31,18,0.0,train,4,0.0011856401746428
S30130,3,6,2025-10-04,41,29,0.0,train,4,0.0024147029871773
S30191,3,3,2025-10-04,14,18,0.0109095022930048,train,4,0.0005587216430623
S30749,3,14,2025-10-04,22,25,0.0,train,4,0.0025986598273143
S30752,3,14,2025-10-04,21,24,0.0049800597206356,train,4,0.0024959686503258
S30753,3,11,2025-10-04,53,15,0.0,train,4,0.0028162324875914
S30754,3,9,2025-10-04,37,17,0.0050113183195446,train,4,0.0020213606179197
S30755,3,16,2025-10-04,27,13,0.0025257145180306,train,4,0.0025108055912736
S30759,3,11,2025-10-04,14,23,0.0,train,4,0.0022259925761122
S30760,3,9,2025-10-04,24,26,0.0,train,4,0.0022283897347024
S30761,3,9,2025-10-04,50,25,0.0,train,4,0.0020618733537834
S30805,3,20,2025-10-04,25,23,0.0216017830815878,train,4,0.0028358577786585
S30806,3,21,2025-10-04,48,13,0.0009017197991904,train,4,0.0027197261952848
S30807,3,23,2025-10-04,48,17,0.0101843313680014,train,4,0.002202681561229
S30808,3,21,2025-10-04,60,17,0.0190529960461635,train,4,0.0029469922408124
S30811,3,12,2025-10-04,49,17,0.0118748954674694,train,4,0.002920119024647
S30812,3,12,2025-10-04,45,28,0.027470249774766,train,4,0.0028827659758008
S30819,3,4,2025-10-04,33,19,0.0137387698686938,train,4,0.0027101560033915
S30820,3,20,2025-10-04,53,23,0.015961636629784,train,4,0.0028628379296783
S30910,3,9,2025-10-04,54,26,0.0,train,4,0.0023890854656554
S30912,3,17,2025-10-04,27,18,0.0,train,4,0.002576921283772
S31085,3,10,2025-10-04,43,30,0.0,train,4,0.0027067630268989
S31211,3,14,2025-10-04,32,17,0.008042773964068,train,4,0.00208724021142
S31213,3,14,2025-10-04,22,18,0.0,train,4,0.0028801136718764
S31214,3,22,2025-10-04,42,14,0.0,train,4,0.0019811430730379
S31215,3,9,2025-10-04,39,30,0.0064716069638136,train,4,0.0020719611029866
S31220,3,11,2025-10-04,44,28,0.0,train,4,0.002652448610864
S31223,3,9,2025-10-04,30,29,0.0,train,4,0.0022231535972439
S31224,3,24,2025-10-04,36,24,0.0015667063859834,train,4,0.0028185064394938
S31225,3,16,2025-10-04,41,19,0.0,train,4,0.0026801580817649
S31228,3,8,2025-10-04,21,16,0.004803371057998,train,4,0.0021095068470654
S31360,3,15,2025-10-04,48,31,0.0,train,4,0.0014117317533114
S31371,3,6,2025-10-04,21,18,0.0,train,4,0.0019299325322028
S31372,3,6,2025-10-04,27,15,0.0,train,4,0.0019015528057651
S31637,3,12,2025-10-04,44,19,0.0,train,4,0.0027797148551457
S31638,3,10,2025-10-04,44,30,0.0,train,4,0.0028857531926241
S31639,3,20,2025-10-04,59,19,0.0,train,4,0.0029561882646693
S31853,3,2,2025-10-04,55,21,0.0022235345699227,train,4,0.0026097006295871
S31856,3,12,2025-10-04,20,18,0.0067016356305875,train,4,0.0028166005749597
S31857,3,15,2025-10-04,42,31,0.0,train,4,0.0021829045227355
S31858,3,10,2025-10-04,57,20,0.0,train,4,0.0030500595082433
S31860,3,15,2025-10-04,35,30,0.0,train,4,0.0021583103982417
S31862,3,12,2025-10-04,23,26,0.0110981595366015,train,4,0.0027634117440948
S31863,3,21,2025-10-04,23,18,0.0,train,4,0.0029021975057226
S31866,3,21,2025-10-04,48,17,0.0,train,4,0.0025184002719304
S31868,3,23,2025-10-04,43,27,0.0,train,4,0.0023353979358122
S31870,3,12,2025-10-04,48,25,0.0021896202308573,train,4,0.0026120332278522
S31873,3,18,2025-10-04,52,17,0.0044829296892617,train,4,0.0030729412198727
S31874,3,23,2025-10-04,50,20,0.0,train,4,0.0025204369288496
S31876,3,23,2025-10-04,65,24,0.0021860375101164,train,4,0.0020196324478819
S31878,3,10,2025-10-04,35,15,0.0043809196405354,train,4,0.0029886629009079
S31879,3,23,2025-10-04,46,12,0.0,train,4,0.0011250367749843
S31881,3,4,2025-10-04,36,21,0.006691980395325,train,4,0.0028975467402481
S32041,3,17,2025-10-04,48,14,0.0134077910866515,train,4,0.0017671753049432
S32042,3,17,2025-10-04,31,23,0.0,train,4,0.0026217665012256
S32043,3,22,2025-10-04,34,28,0.0044108967788028,train,4,0.0025603976219787
S32046,3,9,2025-10-04,46,19,0.0066225165562913,train,4,0.0023542661177697
S32048,3,9,2025-10-04,56,18,0.0,train,4,0.0024984100651216
S32051,3,24,2025-10-04,33,17,0.0,train,4,0.0026518042619905
S32052,3,24,2025-10-04,21,23,0.0,train,4,0.0028431740615285
S32053,3,9,2025-10-04,50,23,0.0,train,4,0.0021838285158827
S32054,3,16,2025-10-04,56,18,0.0,train,4,0.002751473532125
S32055,3,14,2025-10-04,39,21,0.0,train,4,0.0020056880574306
S32056,3,14,2025-10-04,14,21,0.0,train,4,0.0028120700537547
S32418,3,3,2025-10-04,38,22,0.0,train,4,0.0015151147592081
S32571,3,6,2025-10-04,55,30,0.0,train,4,0.0013643733371769
S32635,3,16,2025-10-04,29,29,0.0,train,4,0.0022100784937719
S32636,3,9,2025-10-04,26,26,0.0,train,4,0.002096976595707
S32637,3,11,2025-10-04,29,13,0.0,train,4,0.0029252928821141
S32639,3,9,2025-10-04,22,18,0.0,train,4,0.0020340898370994
S32641,3,24,2025-10-04,64,25,0.0,train,4,0.0020183459884609
S32642,3,22,2025-10-04,14,20,0.0,train,4,0.0024129093951182
S32644,3,22,2025-10-04,36,16,0.0,train,4,0.0017338135959649
S32782,3,17,2025-10-04,21,19,0.0,train,4,0.0022527353948909
S32783,3,11,2025-10-04,24,16,0.0,train,4,0.0023995458863745
S32784,3,9,2025-10-04,48,30,0.0025532352110143,train,4,0.0018314351453328
S32785,3,24,2025-10-04,61,23,0.0,train,4,0.0028589342993382
S32787,3,16,2025-10-04,59,23,0.0,train,4,0.0024729549162957
S32789,3,4,2025-10-04,43,31,0.0025781485055038,train,4,0.0027597913893774
S32791,3,15,2025-10-04,35,13,0.0,train,4,0.0026063014561774
S32792,3,21,2025-10-04,28,18,0.0025354167623187,train,4,0.0025529883594381
S32793,3,18,2025-10-04,51,13,0.0,train,4,0.0032082369181913
S32794,3,20,2025-10-04,32,30,0.0051574206670402,train,4,0.0027140359351379
S32796,3,15,2025-10-04,33,28,0.0,train,4,0.0025277711276337
S32797,3,2,2025-10-04,48,15,0.0,train,4,0.003007069575637
S32799,3,2,2025-10-04,23,29,0.0,train,4,0.0022849784054509
S32800,3,12,2025-10-04,23,24,0.0,train,4,0.0027450726142009
S32801,3,4,2025-10-04,56,14,0.0,train,4,0.0029610469921373
S32803,3,4,2025-10-04,36,16,0.0025845033801352,train,4,0.0025192650517216
S32804,3,20,2025-10-04,45,21,0.0025445292620865,train,4,0.0029443787838595
S32989,3,6,2025-10-04,41,28,0.0,train,4,0.0021676882604133
S32990,3,3,2025-10-04,63,24,0.0,train,4,0.0018734359821393
S33724,3,22,2025-10-04,43,22,0.0,train,4,0.0028332352522239
S33725,3,24,2025-10-04,33,31,0.0,train,4,0.0025962762377756
S33726,3,23,2025-10-04,16,19,0.0,train,4,0.002681733439138
S33728,3,23,2025-10-04,44,22,0.0,train,4,0.0024384283911052
S33733,3,15,2025-10-04,36,31,0.0,train,4,0.0023445496200874
S33734,3,23,2025-10-04,32,31,0.0,train,4,0.0021557412535398
S33735,3,21,2025-10-04,56,24,0.0,train,4,0.0025076114552268
S33757,3,11,2025-10-04,17,19,0.0,train,4,0.0024470150413528
S33758,3,17,2025-10-04,30,24,0.0,train,4,0.0026108584931269
S33759,3,16,2025-10-04,50,18,0.0,train,4,0.0020092215460047
S33760,3,24,2025-10-04,62,18,0.0,train,4,0.0026272709144262
S33781,3,18,2025-10-04,27,31,0.0,train,4,0.000969094143878
S33783,3,24,2025-10-04,51,31,0.0,train,4,0.0013673533346922
S33857,3,9,2025-10-04,26,20,0.0,train,4,0.0020855310057066
S33862,3,17,2025-10-04,60,20,0.0,train,4,0.002494200772609
S34311,3,16,2025-10-04,17,19,0.0,train,4,0.00253409998595
S34314,3,21,2025-10-04,42,18,0.0,train,4,0.0025606023921318
S34316,3,4,2025-10-04,34,12,0.0,train,4,0.0029017530710774
S34318,3,10,2025-10-04,54,13,0.0,train,4,0.0025322195952857
S34587,3,8,2025-10-04,44,31,0.0,train,4,0.0021233396765995
S34589,3,3,2025-10-04,37,22,0.0,train,4,0.0015795719497728
S34590,3,6,2025-10-04,33,13,0.0,train,4,0.0021736855536499
S34635,3,22,2025-10-04,29,31,0.0,train,4,0.0008036391576699
S34898,3,15,2025-10-04,59,29,0.0,train,4,0.0013404124240367
S34901,3,6,2025-10-04,26,13,0.0,train,4,0.0008542470449321
S34902,3,6,2025-10-04,40,11,0.0,train,4,0.0007748361932617
S34913,3,3,2025-10-04,33,15,0.0,train,4,0.0019550708920919
S34915,3,6,2025-10-04,34,17,0.0,train,4,0.0024851200416745
S34918,3,6,2025-10-04,38,14,0.0,train,4,0.0016536711566275
S35000,3,22,2025-10-04,53,26,0.0,train,4,0.0017590242184781
S35001,3,8,2025-10-04,34,15,0.0,train,4,0.0016784316443207
S35003,3,22,2025-10-04,53,17,0.0,train,4,0.0020822334870483
S35004,3,22,2025-10-04,22,15,0.0,train,4,0.0025347300697211
S35030,3,2,2025-10-04,33,23,0.0,train,4,0.0029474862719726
S35032,3,12,2025-10-04,27,22,0.0,train,4,0.0026878280042129
S35035,3,12,2025-10-04,35,20,0.0,train,4,0.002746669040995
S35037,3,20,2025-10-04,38,13,0.0,train,4,0.0027434952209291
S35326,3,24,2025-10-04,31,20,0.0,train,4,0.0029529071207253
S35327,3,24,2025-10-04,34,23,0.0,train,4,0.0030017798768579
S35328,3,9,2025-10-04,27,17,0.0,train,4,0.0018930199816437
S35329,3,22,2025-10-04,53,23,0.0,train,4,0.0019984119965513
S35330,3,9,2025-10-04,40,18,0.0,train,4,0.0022838081417269
S35331,3,2,2025-10-04,56,28,0.0022327871540611,train,4,0.0025063941943784
S35332,3,18,2025-10-04,28,23,0.0087352055146037,train,4,0.003078583303402
S35333,3,21,2025-10-04,59,16,0.0203385351811643,train,4,0.0027562254902022
S35334,3,21,2025-10-04,19,21,0.0,train,4,0.0028523888353268
S35340,3,21,2025-10-04,59,28,0.0,train,4,0.0018300803587841
S35402,3,9,2025-10-04,14,25,0.0,train,4,0.0012646846099099
S35521,3,6,2025-10-04,25,29,0.0,train,4,0.0021280098166577
S35522,3,6,2025-10-04,40,22,0.0,train,4,0.0022235087959267
S36158,3,22,2025-10-04,33,30,0.0,train,4,0.0025418349045499
S36160,3,22,2025-10-04,44,16,0.0,train,4,0.0023034947380935
S36466,3,11,2025-10-04,19,24,0.0,train,4,0.0025783143687484
S36468,3,9,2025-10-04,26,25,0.0,train,4,0.0020934527787673
S36470,3,14,2025-10-04,15,19,0.0,train,4,0.0025063075761059
S36471,3,24,2025-10-04,23,26,0.0,train,4,0.0029283323796368
S36475,3,14,2025-10-04,15,25,0.0,train,4,0.0028476172833546
S36476,3,14,2025-10-04,50,24,0.0,train,4,0.0026352038648552
S36477,3,20,2025-10-04,38,21,0.0,train,4,0.0029228461113104
S36478,3,2,2025-10-04,16,21,0.0,train,4,0.0026864795743057
S36479,3,21,2025-10-04,35,19,0.0,train,4,0.0027407381230121
S36480,3,23,2025-10-04,26,28,0.0,train,4,0.0023887889441058
S36483,3,12,2025-10-04,28,20,0.0,train,4,0.0029354893738309
S36485,3,12,2025-10-04,30,24,0.0,train,4,0.0029274981448765
S36488,3,4,2025-10-04,44,21,0.0,train,4,0.0026597423738382
S36489,3,2,2025-10-04,22,27,0.0,train,4,0.0030008213628545
S36491,3,4,2025-10-04,20,20,0.0,train,4,0.002860433760597
S36493,3,4,2025-10-04,43,21,0.0,train,4,0.0028778701367763
S36494,3,23,2025-10-04,47,17,0.0,train,4,0.0024675798268418
S36893,3,24,2025-10-04,42,11,0.0,train,4,0.0012697260904
S36895,3,22,2025-10-04,45,32,0.0,train,4,0.0011238392075696
S37084,3,11,2025-10-04,24,15,0.0,train,4,0.0028948153333228
S37087,3,18,2025-10-04,27,27,0.0,train,4,0.0027586309147335
S37089,3,20,2025-10-04,22,25,0.0,train,4,0.0029235316624992
S37090,3,4,2025-10-04,32,30,0.0,train,4,0.002615133542041
S37092,3,2,2025-10-04,29,24,0.0,train,4,0.0029434237724808
S37242,3,16,2025-10-04,46,14,0.0,train,4,0.0025708337137823
S37243,3,24,2025-10-04,24,25,0.0,train,4,0.0026245722328732
S37244,3,11,2025-10-04,62,22,0.0,train,4,0.0027910000468894
S37248,3,20,2025-10-04,26,29,0.0,train,4,0.0027455253235615
S37249,3,18,2025-10-04,25,16,0.0,train,4,0.0031368549275878
S37252,3,10,2025-10-04,59,21,0.0,train,4,0.0031519101150652
S37254,3,10,2025-10-04,32,22,0.0,train,4,0.002870062548563
S37255,3,23,2025-10-04,20,21,0.0,train,4,0.0025875665071128
S37315,3,14,2025-10-04,42,22,0.0,train,4,0.0027957605369822
S37317,3,24,2025-10-04,19,27,0.0,train,4,0.0025985417993227
S37410,3,8,2025-10-04,32,25,0.0,train,4,0.0023347348302996
S37459,3,8,2025-10-04,26,17,0.0,train,4,0.0022467403928451
S37463,3,9,2025-10-04,38,19,0.0,train,4,0.0019035281243678
S37464,3,11,2025-10-04,44,29,0.0,train,4,0.0028633596322783
S37465,3,11,2025-10-04,16,25,0.0,train,4,0.0028025428568469
S37466,3,14,2025-10-04,32,19,0.0,train,4,0.0025341316734888
S37467,3,22,2025-10-04,43,31,0.0,train,4,0.0025259306218075
S37620,3,10,2025-10-04,53,25,0.0,train,4,0.003032156373341
S37621,3,23,2025-10-04,21,17,0.0050101816568882,train,4,0.0022547750048131
S37624,3,20,2025-10-04,30,20,0.0,train,4,0.0021014224229703
S37625,3,18,2025-10-04,46,22,0.0,train,4,0.0027944277455417
S37802,3,15,2025-10-04,33,32,0.0,train,4,0.0012937157712269
S38477,3,17,2025-10-04,31,15,0.0083221701272605,train,4,0.0020450053992357
S38532,3,10,2025-10-04,49,22,0.0027729655387894,train,4,0.002393095234377
S38534,3,2,2025-10-04,61,18,0.0040580041478191,train,4,0.0023368763055051
S38536,3,21,2025-10-04,35,20,0.0070045184076488,train,4,0.0027818443126803
S38537,3,18,2025-10-04,26,14,0.0124153780819864,train,4,0.0029252323022721
S38538,3,21,2025-10-04,45,14,0.0084237288135593,train,4,0.0021465562001003
S38540,3,4,2025-10-04,44,20,0.0069019725476472,train,4,0.0028668205520624
S38548,3,9,2025-10-04,48,12,0.0042403610705845,train,4,0.0005817110304871
S38660,3,12,2025-10-04,41,11,0.0,train,4,0.0005718676064999
S38992,3,3,2025-10-04,27,23,0.0,train,4,0.0010669221493325
S38993,3,3,2025-10-04,47,21,0.0,train,4,0.0016516542154657
S38994,3,8,2025-10-04,25,29,0.0,train,4,0.0021349585485878
S39145,3,11,2025-10-04,58,22,0.0,train,4,0.0023902433843651
S39147,3,24,2025-10-04,41,17,0.0,train,4,0.0029634758700159
S39149,3,24,2025-10-04,48,22,0.0,train,4,0.0026496378170395
S39150,3,16,2025-10-04,52,16,0.0,train,4,0.0025441997787265
S39152,3,22,2025-10-04,37,15,0.0,train,4,0.0017417862192821
S39352,3,9,2025-10-04,25,13,0.0,train,4,0.0026007063795837
S39353,3,8,2025-10-04,14,18,0.0,train,4,0.0012339482752169
S39375,3,8,2025-10-04,34,29,0.0,train,4,0.0023789135946249
S39395,3,16,2025-10-04,49,27,0.0,train,4,0.0022253081818072
S39396,3,22,2025-10-04,23,23,0.0,train,4,0.0022461034802489
S39398,3,9,2025-10-04,37,12,0.0974170661603387,train,4,0.0012962148699176
S39521,3,22,2025-10-04,29,19,0.0,train,4,0.0025014279143169
S39523,3,24,2025-10-04,60,20,0.0,train,4,0.0027978578167392
S39525,3,24,2025-10-04,48,26,0.0,train,4,0.002561585055451
S39526,3,23,2025-10-04,47,30,0.0,train,4,0.0025499052716781
S39527,3,20,2025-10-04,56,17,0.0,train,4,0.0027878447574064
S39528,3,4,2025-10-04,45,14,0.0,train,4,0.0026600756563795
S39576,3,24,2025-10-04,30,12,0.0,train,4,0.0010561827385544
S39584,3,6,2025-10-04,31,25,0.0,train,4,0.0024209650413842
S39834,3,11,2025-10-04,34,14,0.0,train,4,0.0027142183487099
S39836,3,14,2025-10-04,14,19,0.0,train,4,0.0020734864603679
S39858,3,15,2025-10-04,46,25,0.0065424005476134,train,4,0.0025127258093721
S39859,3,10,2025-10-04,58,24,0.0049135433864892,train,4,0.002971498996642
S39860,3,20,2025-10-04,31,25,0.003285961275905,train,4,0.0027350886460548
S39861,3,12,2025-10-04,51,27,0.0033724867509449,train,4,0.0027559297327832
S39862,3,21,2025-10-04,57,15,0.0,train,4,0.0029510761423096
S40100,3,11,2025-10-04,40,16,0.0115348399246704,train,4,0.0023450426914963
S40101,3,17,2025-10-04,43,18,0.0,train,4,0.0026153511332479
S40102,3,17,2025-10-04,46,25,0.0114476563399746,train,4,0.0024489572159315
S40104,3,8,2025-10-04,34,13,0.0,train,4,0.0018213537236675
S40106,3,24,2025-10-04,37,24,0.0057432744753628,train,4,0.0028512789925939
S40107,3,17,2025-10-04,29,19,0.0033847515919229,train,4,0.0023071503027164
S40108,3,24,2025-10-04,25,19,0.0099013846000597,train,4,0.0028432750993307
S40109,3,9,2025-10-04,61,26,0.0,train,4,0.0025963569208746
S40110,3,14,2025-10-04,43,31,0.0033285113450668,train,4,0.0019096325126346
S40111,3,11,2025-10-04,44,21,0.0033477143598085,train,4,0.0028222529828139
S40112,3,17,2025-10-04,25,28,0.0,train,4,0.0020170189733292
S40114,3,22,2025-10-04,27,17,0.0,train,4,0.0026086985391037
S40115,3,17,2025-10-04,40,24,0.0019563155139362,train,4,0.0025743575872127
S40117,3,14,2025-10-04,55,14,0.0033385729447959,train,4,0.0023307280003383
S40118,3,14,2025-10-04,23,19,0.0,train,4,0.0029515124594308
S40119,3,21,2025-10-04,37,29,0.0019506260057302,train,4,0.0027652723019893
S40120,3,20,2025-10-04,36,31,0.0,train,4,0.0024888838786498
S40121,3,21,2025-10-04,21,22,0.0058694317161887,train,4,0.0027296580514427
S40123,3,2,2025-10-04,53,22,0.0038914466472485,train,4,0.0027130649278629
S40125,3,21,2025-10-04,46,30,0.017362243234431,train,4,0.0029861050920944
S40463,3,14,2025-10-04,57,19,0.0,train,4,0.0021767525578859
S40465,3,11,2025-10-04,59,16,0.0,train,4,0.0030171868450866
S40467,3,24,2025-10-04,15,19,0.0148896649718384,train,4,0.0025025047309483
S40470,3,24,2025-10-04,20,18,0.0043195793407644,train,4,0.0030006054786809
S40939,3,23,2025-10-04,42,12,0.0,train,4,0.0014338098228176
S40940,3,15,2025-10-04,26,15,0.0021364490239823,train,4,0.0023713381265358
S40945,3,21,2025-10-04,53,26,0.0,train,4,0.0028642755844946
S40947,3,10,2025-10-04,54,17,0.0021390420362647,train,4,0.0029410596405544
S40949,3,23,2025-10-04,31,28,0.0064917253360153,train,4,0.0023469544978051
S40950,3,20,2025-10-04,20,18,0.0,train,4,0.0027210293995661
S40951,3,2,2025-10-04,48,23,0.0,train,4,0.0030922351645482
S41336,3,4,2025-10-04,15,25,0.0,train,4,0.0027259008367468
S41338,3,2,2025-10-04,37,20,0.0027237951179945,train,4,0.0027512660791317
S41339,3,2,2025-10-04,40,28,0.0,train,4,0.0030157960713174
S41340,3,21,2025-10-04,38,31,0.0,train,4,0.0026263019187707
S41341,3,10,2025-10-04,27,26,0.0,train,4,0.0030151729640521
S41344,3,12,2025-10-04,45,18,0.0,train,4,0.0028481838607696
S41347,3,18,2025-10-04,36,15,0.0,train,4,0.0030826264998107
S41348,3,18,2025-10-04,41,28,0.0,train,4,0.0030005183480835
S41349,3,21,2025-10-04,45,27,0.0,train,4,0.0023737312482651
S41350,3,21,2025-10-04,31,13,0.0,train,4,0.0027490371822758
S41351,3,23,2025-10-04,48,24,0.0,train,4,0.0025569428152801
S41352,3,10,2025-10-04,28,21,0.0026819055019534,train,4,0.0030243734378173
S41353,3,2,2025-10-04,41,13,0.0,train,4,0.0024484510891648
S41354,3,4,2025-10-04,52,13,0.0,train,4,0.002752314269883
S41355,3,23,2025-10-04,17,23,0.0,train,4,0.0025063150391328
S41356,3,2,2025-10-04,33,13,0.0,train,4,0.0028016588318371
S41379,3,21,2025-10-04,37,11,0.0,train,4,0.0022500282749318
S41380,3,23,2025-10-04,29,12,0.0,train,4,0.000982741596496
S41382,3,6,2025-10-04,43,32,0.0,train,4,0.0006151656798846
S41387,3,8,2025-10-04,59,22,0.0,train,4,0.0027669687650876
S41388,3,6,2025-10-04,29,14,0.0,train,4,0.0019242242069169
S41395,3,9,2025-10-04,34,27,0.0,train,4,0.0020467662782042
S41396,3,11,2025-10-04,51,25,0.0,train,4,0.0028210864221508
S41398,3,14,2025-10-04,29,18,0.0,train,4,0.0021990164520772
S41465,3,4,2025-10-04,31,30,0.0,train,4,0.0027938909669206
S41467,3,23,2025-10-04,49,16,0.0024358446548648,train,4,0.0025298018748445
S41469,3,10,2025-10-04,22,28,0.0072190105452749,train,4,0.002858639553488
S41470,3,12,2025-10-04,56,16,0.0,train,4,0.0030369791693586
S41471,3,10,2025-10-04,33,30,0.0,train,4,0.0029070047023332
S41472,3,4,2025-10-04,43,19,0.0048700423801474,train,4,0.0026298959964434
S41535,3,6,2025-10-04,37,23,0.0,train,4,0.0019678076135074
S41538,3,3,2025-10-04,58,25,0.0036282669002774,train,4,0.0017018256665793
S41657,3,4,2025-10-04,59,24,0.0126465862577882,train,4,0.0029499504278387
S41660,3,15,2025-10-04,32,23,0.0,train,4,0.0024931642521126
S41661,3,15,2025-10-04,54,26,0.012443175924833,train,4,0.0026249155263207
S41662,3,12,2025-10-04,55,14,0.0054047000228367,train,4,0.0029210597225526
S41663,3,10,2025-10-04,29,25,0.0127349132093152,train,4,0.0027508901306564
S41664,3,20,2025-10-04,55,15,0.0018237193600469,train,4,0.0026099867492415
S41665,3,20,2025-10-04,34,26,0.003574948030182,train,4,0.0028846198525901
S41666,3,21,2025-10-04,60,26,0.0107317915829932,train,4,0.0031231949815459
S41667,3,21,2025-10-04,21,23,0.0018027036928221,train,4,0.0027024890961718
S41668,3,18,2025-10-04,46,26,0.0088330116482008,train,4,0.0028154553739816
S41669,3,21,2025-10-04,27,21,0.0,train,4,0.0027735265802874
S41671,3,18,2025-10-04,34,28,0.0036129557540136,train,4,0.0031022281955722
S41674,3,4,2025-10-04,26,15,0.0,train,4,0.0027015995240711
S41716,3,16,2025-10-04,38,18,0.0,train,4,0.0026275393853998
S41717,3,11,2025-10-04,38,30,0.0017930845383438,train,4,0.0025955805722611
S41718,3,24,2025-10-04,53,29,0.0017884388404295,train,4,0.0025830075626924
S41720,3,9,2025-10-04,32,18,0.0,train,4,0.0022174643259315
S41722,3,22,2025-10-04,46,19,0.0036038387771602,train,4,0.0020374259508415
S41956,3,4,2025-10-04,32,13,0.0046206553521041,train,4,0.0025975745598615
S41957,3,20,2025-10-04,42,28,0.002273080687504,train,4,0.0026437099878641
S41960,3,21,2025-10-04,37,14,0.0,train,4,0.0027832665365661
S41962,3,20,2025-10-04,44,12,0.00449460556897,train,4,0.0028670808441659
S41965,3,12,2025-10-04,50,30,0.0022565471650139,train,4,0.00266460513393
S42358,3,8,2025-10-04,56,26,0.0,train,4,0.0026662574376275
S42359,3,3,2025-10-04,25,14,0.0,train,4,0.002109224510697
S42360,3,8,2025-10-04,25,28,0.0,train,4,0.0024533100348751
S42366,3,2,2025-10-04,28,28,0.0,train,4,0.0026258280128921
S42368,3,15,2025-10-04,24,14,0.0,train,4,0.0025576895439664
S42369,3,2,2025-10-04,61,26,0.0025196451204055,train,4,0.0029287986039799
S42372,3,23,2025-10-04,51,27,0.0024760367469759,train,4,0.0022587779276813
S42373,3,10,2025-10-04,31,20,0.0,train,4,0.0028229691212378
S42374,3,23,2025-10-04,29,17,0.0,train,4,0.0028205318846715
S42375,3,15,2025-10-04,53,25,0.0025234062430187,train,4,0.0025009753702132
S42376,3,20,2025-10-04,35,19,0.0049744521346605,train,4,0.0029683939866211
S42377,3,20,2025-10-04,15,25,0.0,train,4,0.002734823002403
S42379,3,23,2025-10-04,34,12,0.0,train,4,0.0013523684414844
S42383,3,8,2025-10-04,41,21,0.0,train,4,0.0022743464549123
S42384,3,8,2025-10-04,26,20,0.0,train,4,0.0022491525984743
S42552,3,8,2025-10-04,14,19,0.0,train,4,0.0026992870735
S42553,3,6,2025-10-04,30,23,0.0,train,4,0.0027978848015986
S42601,3,16,2025-10-04,31,25,0.0,train,4,0.0024882299093334
S42603,3,16,2025-10-04,52,29,0.0,train,4,0.0025835745801665
S42605,3,23,2025-10-04,45,21,0.0,train,4,0.0026922171142956
S42606,3,18,2025-10-04,58,19,0.0,train,4,0.0030796857909244
S42607,3,23,2025-10-04,41,16,0.0,train,4,0.0026954818525971
S42610,3,10,2025-10-04,20,18,0.0,train,4,0.002895336912502
S42613,3,20,2025-10-04,47,31,0.0,train,4,0.0028851829127532
S42614,3,18,2025-10-04,51,31,0.0,train,4,0.0005807661228973
S42960,3,6,2025-10-04,42,26,0.0,train,4,0.0024770917204461
S42989,3,3,2025-10-04,25,13,0.0,train,4,0.0010743329337067
S42990,3,24,2025-10-04,37,11,0.0,train,4,0.0015245941370558
S43013,3,9,2025-10-04,31,13,0.0,train,4,0.0023908118357635
S43015,3,9,2025-10-04,47,13,0.0,train,4,0.002669151921195
S43016,3,16,2025-10-04,47,26,0.0,train,4,0.0028326785578095
S43017,3,22,2025-10-04,46,15,0.0,train,4,0.0020658422962629
S43021,3,18,2025-10-04,59,17,0.0,train,4,0.0029949090569184
S43022,3,21,2025-10-04,44,17,0.0,train,4,0.0025352349418499
S43023,3,8,2025-10-04,50,18,0.0,train,4,0.0024575785060417
S43027,3,2,2025-10-04,42,13,0.0,train,4,0.0025401215877216
S43341,3,17,2025-10-04,30,28,0.0113476796620811,train,4,0.0022390964321443
S43342,3,22,2025-10-04,20,22,0.0160202808526452,train,4,0.0021430819493656
S43344,3,16,2025-10-04,34,19,0.019880568016229,train,4,0.002405179682767
S43346,3,9,2025-10-04,32,15,0.0102321368078053,train,4,0.0018673998212324
S43347,3,9,2025-10-04,18,20,0.0175303489021486,train,4,0.0021396702110437
S43348,3,11,2025-10-04,32,24,0.0106030368090425,train,4,0.002659782654235
S43349,3,14,2025-10-04,27,15,0.0019692332075322,train,4,0.0025700607078442
S43350,3,22,2025-10-04,58,20,0.0039387239168509,train,4,0.0019309362678757
S43352,3,11,2025-10-04,45,13,0.0067528484636735,train,4,0.0023511070461663
S43354,3,10,2025-10-04,52,23,0.0,train,4,0.0029067532685449
S43356,3,10,2025-10-04,35,21,0.0,train,4,0.002930543785848
S43357,3,20,2025-10-04,27,26,0.0,train,4,0.002862512149218
S43358,3,20,2025-10-04,36,18,0.0,train,4,0.0025870225810471
S43359,3,21,2025-10-04,45,31,0.0,train,4,0.0029821423339721
S43733,3,2,2025-10-04,43,25,0.009159433110337,train,4,0.0027147361793549
S43734,3,15,2025-10-04,55,27,0.0169457531323268,train,4,0.0025152503157289
S43736,3,12,2025-10-04,59,21,0.0153352463821777,train,4,0.0027802426118495
S43737,3,23,2025-10-04,40,19,0.0172686367505776,train,4,0.0024874597025213
S43740,3,10,2025-10-04,43,26,0.0207087031316035,train,4,0.0029712673684206
