ufs_serial,run_id,wafer_no,date,die_x,die_y,pred,health,clf_proba,split,position
S00000,1,25,2026-06-10,24,25,0.000410446037373,0.0,0.1360612025182647,train,1
S00002,1,8,2026-06-10,37,24,0.0003815494576657,0.0,0.1478115720100636,train,1
S00003,1,13,2026-06-10,34,27,0.0006191741367477,0.0,0.2462629739046149,train,1
S00004,1,10,2026-06-10,22,15,0.0004345769379758,0.0,0.0935457989710955,train,1
S00009,1,7,2026-06-10,41,19,0.0003690954509525,0.0,0.1551693259053801,train,1
S00012,1,20,2026-06-10,50,26,0.0003013517110526,0.0,0.136106944529165,train,1
S00013,1,22,2026-06-10,24,20,0.0002834177732195,0.0,0.0920693862795238,train,1
S00411,1,23,2026-06-10,42,28,0.0002889076558387,0.0,0.1443721216725291,train,1
S00412,1,2,2026-06-10,32,24,0.000941525887647,0.0,0.12523725599115,train,1
S00416,1,13,2026-06-10,33,12,0.0019602255759759,0.0,0.2938296017960931,train,1
S00642,1,18,2026-06-10,49,16,0.0006126626205288,0.0,0.1762202460833234,train,1
S00643,1,19,2026-06-10,63,21,0.0006377759617257,0.0,0.1184047756451064,train,1
S00644,1,18,2026-06-10,15,22,0.000658988930677,0.0,0.1685965895310462,train,1
S00645,1,18,2026-06-10,50,15,0.0008177588790527,0.0,0.1692284367389198,train,1
S00646,1,18,2026-06-10,41,15,0.0004300282470844,0.0,0.1571987105881498,train,1
S00647,1,24,2026-06-10,28,24,0.0005628577065695,0.0,0.1572775188192761,train,1
S00648,1,23,2026-06-10,34,26,0.0002922269734794,0.0,0.0958352105042468,train,1
S00651,1,1,2026-06-10,19,18,0.0004925846303661,0.0,0.1602843069697566,train,1
S00654,1,11,2026-06-10,33,13,0.0003880614344329,0.0,0.1532531859796199,train,1
S00656,1,13,2026-06-10,27,30,0.0008290726332295,0.0,0.1915341811882548,train,1
S00657,1,8,2026-06-10,41,29,0.0005284271346758,0.0,0.1397634254829717,train,1
S00658,1,10,2026-06-10,54,23,0.0004112191037375,0.0,0.1072655916040798,train,1
S00935,1,16,2026-06-10,31,31,0.0031686968629847,0.0,0.2440574523265032,train,1
S00969,1,18,2026-06-10,44,22,0.0004235284301042,0.0,0.1329752302758061,train,1
S00970,1,20,2026-06-10,40,12,0.0005191966107675,0.0,0.2069185218189538,train,1
S01193,1,18,2026-06-10,19,21,0.0006599339243336,0.0,0.1578530432969045,train,1
S01755,1,1,2026-06-10,30,31,0.0030875707359774,0.019165339242226,0.2827087026478891,train,1
S01758,1,13,2026-06-10,17,16,0.0016292428573024,0.0072102341802819,0.3751321584174761,train,1
S01760,1,23,2026-06-10,20,14,0.0035325480982615,0.0044138151526185,0.3660760242343162,train,1
S01761,1,20,2026-06-10,50,31,0.0026902044093013,0.008808776873859,0.2743419575781509,train,1
S01810,1,18,2026-06-10,47,23,0.0003753343844724,0.0,0.1941259406623738,train,1
S02077,1,25,2026-06-10,17,26,0.0012795757570277,0.0,0.1576041206588924,train,1
S02078,1,22,2026-06-10,46,26,0.000289185549255,0.0,0.1337615162418272,train,1
S02079,1,16,2026-06-10,20,22,0.0004108046787666,0.0,0.0818355351317132,train,1
S02080,1,14,2026-06-10,46,28,0.0004375218849446,0.0,0.1684526398646475,train,1
S02082,1,1,2026-06-10,31,16,0.0002589941361527,0.0,0.1565423936830376,train,1
S02084,1,5,2026-06-10,61,21,0.0004673305015597,0.0,0.1599364002612401,train,1
S02085,1,5,2026-06-10,14,19,0.0006181504531158,0.0,0.2048668638306657,train,1
S02086,1,5,2026-06-10,55,22,0.0002819928144231,0.0,0.1346579250869933,train,1
S02087,1,2,2026-06-10,55,14,0.0010407286490892,0.0,0.1389858457094495,train,1
S02091,1,23,2026-06-10,28,29,0.0003174002880544,0.0,0.1319830828705724,train,1
S02092,1,22,2026-06-10,41,20,0.0003012867586474,0.0,0.1432537247943583,train,1
S02093,1,4,2026-06-10,50,19,0.0003257134703186,0.0,0.0930817570482391,train,1
S02094,1,25,2026-06-10,37,27,0.0003908946597614,0.0,0.1519428138220291,train,1
S02260,1,16,2026-06-10,55,23,0.0003676605340741,0.0,0.0969233129138827,train,1
S02261,1,8,2026-06-10,48,25,0.0005723263069679,0.0,0.1781821345972885,train,1
S02262,1,8,2026-06-10,33,29,0.0004795306175829,0.0,0.2007199984989494,train,1
S02265,1,7,2026-06-10,47,17,0.0003662784486535,0.0,0.1529430527912239,train,1
S02267,1,2,2026-06-10,32,25,0.0008034904216848,0.0,0.1630839107867681,train,1
S02269,1,2,2026-06-10,35,12,0.0023254544369368,0.0,0.1626793885385733,train,1
S02271,1,4,2026-06-10,61,18,0.0002572791101299,0.0,0.1089664931953563,train,1
S02274,1,22,2026-06-10,50,20,0.0002623516660544,0.0,0.1153506182569599,train,1
S02299,1,19,2026-06-10,50,14,0.0002479815895055,0.0,0.1379068100133453,train,1
S02302,1,18,2026-06-10,54,26,0.0006514920207552,0.0,0.1650490255377898,train,1
S02304,1,24,2026-06-10,19,26,0.0009121288523265,0.0,0.1442520021144149,train,1
S02306,1,4,2026-06-10,26,24,0.000291756167259,0.0,0.1082515186816592,train,1
S02307,1,8,2026-06-10,49,25,0.0003226905672704,0.0,0.1467042996983944,train,1
S02559,1,12,2026-06-10,58,24,0.0005646510768655,0.0,0.2064093104136994,train,1
S02561,1,11,2026-06-10,21,21,0.000542661130749,0.0,0.1415417952461683,train,1
S02562,1,13,2026-06-10,27,20,0.000528984350732,0.0,0.1267082282649505,train,1
S02563,1,14,2026-06-10,62,24,0.000475329028318,0.0,0.173298711571052,train,1
S02564,1,5,2026-06-10,46,15,0.0004108557572277,0.0,0.1536434347302053,train,1
S02565,1,7,2026-06-10,48,24,0.0006684572146677,0.0,0.1484732645743046,train,1
S02567,1,1,2026-06-10,28,15,0.0004025065544299,0.0,0.1538781898095992,train,1
S02569,1,25,2026-06-10,37,28,0.0007078223227499,0.0,0.1327978391705059,train,1
S02571,1,24,2026-06-10,39,15,0.0003055070563742,0.0,0.1267613481248583,train,1
S02572,1,4,2026-06-10,35,25,0.000304670811095,0.0,0.0870100807918061,train,1
S02573,1,24,2026-06-10,18,21,0.0003979216929703,0.0,0.127296966674163,train,1
S02574,1,2,2026-06-10,48,25,0.0004256197197297,0.0,0.1390383269359414,train,1
S02575,1,22,2026-06-10,55,24,0.0003139563386013,0.0,0.1232715484589024,train,1
S02588,1,18,2026-06-10,45,27,0.000430023273693,0.0,0.1250739198093547,train,1
S02590,1,24,2026-06-10,49,27,0.0005683801205785,0.0,0.1466466030879447,train,1
S02776,1,12,2026-06-10,27,12,0.0033437199475916,0.0,0.3979080395268979,train,1
S03133,1,12,2026-06-10,21,14,0.0031122148229684,0.0,0.4119297099911093,train,1
S03135,1,17,2026-06-10,35,28,0.0007000046403031,0.0,0.1773524098386834,train,1
S03136,1,17,2026-06-10,21,21,0.0012303591524854,0.0,0.1465011120657137,train,1
S03443,1,18,2026-06-10,35,31,0.0007286647426406,0.0,0.2265791287638422,train,1
S03445,1,22,2026-06-10,25,26,0.0003275070883344,0.0,0.1070334717478238,train,1
S03446,1,23,2026-06-10,58,20,0.0003053679044864,0.0,0.106105818616083,train,1
S03447,1,25,2026-06-10,33,27,0.0004152263471276,0.0,0.1687132193911487,train,1
S03448,1,24,2026-06-10,44,22,0.0003491846995422,0.0,0.1209635761616075,train,1
S03449,1,23,2026-06-10,47,27,0.0003509890245561,0.0,0.1248697872771487,train,1
S03451,1,4,2026-06-10,24,29,0.0004228478162568,0.0,0.1067638218648016,train,1
S03452,1,6,2026-06-10,46,28,0.0002613718610966,0.0,0.1346778467349048,train,1
S03453,1,7,2026-06-10,31,27,0.0006350689119921,0.0,0.2044506874778079,train,1
S03455,1,6,2026-06-10,31,13,0.0004980065558762,0.0,0.1033059151063543,train,1
S03457,1,16,2026-06-10,36,22,0.0003056794714044,0.0,0.0806444213843917,train,1
S03458,1,16,2026-06-10,35,18,0.000449541328347,0.0,0.0875456548360729,train,1
S03459,1,11,2026-06-10,43,28,0.0005100188161292,0.0,0.173009770353723,train,1
S03460,1,13,2026-06-10,35,20,0.0003522547416523,0.0,0.1425401254255472,train,1
S03462,1,25,2026-06-10,43,24,0.0005919094229281,0.0,0.109955271401262,train,1
S03692,1,18,2026-06-10,36,22,0.0004614332059126,0.0,0.1653263374392985,train,1
S03696,1,20,2026-06-10,24,19,0.0004377591362526,0.0,0.1427564873219198,train,1
S03697,1,23,2026-06-10,32,14,0.0003099509352074,0.0,0.1381461957540296,train,1
S03698,1,19,2026-06-10,25,26,0.0002766623086505,0.0,0.1141200777378864,train,1
S03700,1,24,2026-06-10,59,21,0.0006150389106884,0.0,0.135743377334804,train,1
S03701,1,4,2026-06-10,34,12,0.0003340906160694,0.0,0.1144725570572626,train,1
S03703,1,4,2026-06-10,45,19,0.0002456970419141,0.0,0.0806877008784359,train,1
S03704,1,7,2026-06-10,31,20,0.0008233867333783,0.0,0.1526756430538421,train,1
S03705,1,6,2026-06-10,20,24,0.0006348864259302,0.0,0.1462006507793085,train,1
S03706,1,7,2026-06-10,39,28,0.0004520592574142,0.0,0.1423200832307794,train,1
S03707,1,6,2026-06-10,32,12,0.0006657259334883,0.0,0.1524386302918169,train,1
S03709,1,2,2026-06-10,42,24,0.000720216790975,0.0,0.1258334870020074,train,1
S03713,1,14,2026-06-10,42,25,0.0003357034768323,0.0,0.0934330062666541,train,1
S03715,1,10,2026-06-10,43,15,0.0004756265089032,0.0,0.0983410410155029,train,1
S03716,1,13,2026-06-10,41,28,0.0004869053911802,0.0,0.1425686963037017,train,1
S03717,1,13,2026-06-10,27,24,0.000826199136826,0.0,0.2031842152011896,train,1
S03719,1,1,2026-06-10,23,27,0.0005330058195532,0.0,0.0870950359323698,train,1
S03843,1,17,2026-06-10,28,30,0.0008324264378101,0.0,0.1920070779958167,train,1
S03866,1,20,2026-06-10,36,30,0.000439011007378,0.0,0.1565049951910171,train,1
S03869,1,1,2026-06-10,40,20,0.000364909683638,0.0,0.1196665721560504,train,1
S03870,1,8,2026-06-10,55,15,0.0004415057895096,0.0,0.2011458164348903,train,1
S03871,1,5,2026-06-10,54,25,0.0003747662956627,0.0,0.1085275011982701,train,1
S03876,1,4,2026-06-10,36,27,0.0002414644618669,0.0,0.0803562199869404,train,1
S03877,1,25,2026-06-10,45,27,0.0004427809929244,0.0,0.1569236288334279,train,1
S03884,1,17,2026-06-10,28,26,0.0011754688432857,0.0,0.1773233803820749,train,1
S04284,1,19,2026-06-10,43,15,0.0002262884395916,0.0,0.1010557322269073,train,1
S04288,1,23,2026-06-10,36,14,0.0003010227334176,0.0,0.119327460638937,train,1
S04290,1,24,2026-06-10,23,23,0.0005126662789141,0.0,0.1235558033561435,train,1
S04291,1,6,2026-06-10,58,25,0.0004611912503129,0.0,0.1464723007392903,train,1
S04292,1,4,2026-06-10,33,31,0.0003569397627409,0.0,0.1704622064962771,train,1
S04296,1,4,2026-06-10,35,18,0.0002528166640984,0.0,0.1109318729616326,train,1
S04297,1,7,2026-06-10,62,22,0.0016835348968301,0.0,0.229949632613172,train,1
S04298,1,16,2026-06-10,50,28,0.0004340129677142,0.0,0.1237778399044924,train,1
S04299,1,16,2026-06-10,37,12,0.0004242375025098,0.0,0.1070026358686662,train,1
S04300,1,16,2026-06-10,34,31,0.0003025197959031,0.0,0.1287531592329154,train,1
S04301,1,10,2026-06-10,23,15,0.0005396094264731,0.0,0.0997232888750487,train,1
S04303,1,13,2026-06-10,60,19,0.0012691064738221,0.0,0.1937591980160201,train,1
S04304,1,12,2026-06-10,41,16,0.0005746760091971,0.0,0.1888068858593133,train,1
S04305,1,13,2026-06-10,25,28,0.000620261246024,0.0,0.1385391051424708,train,1
S04306,1,8,2026-06-10,61,23,0.0005388065120037,0.0,0.1509814775693218,train,1
S04362,1,11,2026-06-10,61,16,0.0004240410438705,0.0,0.1734248270033685,train,1
S04364,1,10,2026-06-10,34,12,0.0004924902608457,0.0,0.1320574119992063,train,1
S04365,1,12,2026-06-10,26,15,0.0004097627290914,0.0,0.132469588776957,train,1
S04366,1,6,2026-06-10,57,23,0.0004434888103335,0.0,0.1072571284516132,train,1
S04367,1,5,2026-06-10,24,19,0.000291899291461,0.0,0.1056410374229563,train,1
S04368,1,6,2026-06-10,47,21,0.0002750454987049,0.0,0.1408692539163737,train,1
S04369,1,2,2026-06-10,24,26,0.000608989165451,0.0,0.1528635877585452,train,1
S04371,1,4,2026-06-10,32,21,0.0002783700189326,0.0,0.0844031640678969,train,1
S04372,1,20,2026-06-10,52,23,0.0003585763439964,0.0,0.1286403774910298,train,1
S04723,1,13,2026-06-10,38,22,0.0006464425885962,0.0,0.1393146875621003,train,1
S04726,1,10,2026-06-10,30,21,0.0003485633373409,0.0,0.1167993280968985,train,1
S04727,1,8,2026-06-10,50,22,0.0003542720650458,0.0,0.1863490276082488,train,1
S04729,1,10,2026-06-10,26,17,0.0003662587002729,0.0,0.0741158754195187,train,1
S04730,1,14,2026-06-10,23,19,0.0003902231711836,0.0,0.1161999709418315,train,1
S04731,1,16,2026-06-10,25,20,0.0002913480257372,0.0,0.1449069970584353,train,1
S04732,1,14,2026-06-10,51,16,0.0003227046696833,0.0,0.1232258136172507,train,1
S04733,1,7,2026-06-10,33,21,0.0005456684202234,0.0,0.1568391887133554,train,1
S04736,1,2,2026-06-10,58,20,0.0006907747687256,0.0,0.1480638706300098,train,1
S04737,1,6,2026-06-10,43,14,0.0003730202713992,0.0,0.1338386573836163,train,1
S04740,1,25,2026-06-10,56,18,0.0004535227062799,0.0,0.1520431126755068,train,1
S04741,1,20,2026-06-10,62,21,0.0004418619695978,0.0,0.1708379410358012,train,1
S04742,1,22,2026-06-10,49,29,0.0003039987337611,0.0,0.138435427895342,train,1
S04743,1,22,2026-06-10,20,23,0.0003463539936484,0.0,0.1230841554045332,train,1
S04825,1,11,2026-06-10,17,17,0.000554236400523,0.0,0.1830766742403112,train,1
S04826,1,12,2026-06-10,40,26,0.0005674705562972,0.0,0.1854945026165881,train,1
S04864,1,24,2026-06-10,30,19,0.0003263672528414,0.0,0.092727304993101,train,1
S04865,1,2,2026-06-10,41,13,0.0006017709691776,0.0,0.1675851805225529,train,1
S04869,1,16,2026-06-10,50,16,0.0004271958057939,0.0,0.1617684123387775,train,1
S04870,1,16,2026-06-10,47,23,0.0004053375918673,0.0,0.0855405678439749,train,1
S04871,1,14,2026-06-10,56,29,0.0004143641810927,0.0,0.1025369127785407,train,1
S04872,1,13,2026-06-10,52,27,0.0005621210462952,0.0,0.1194595208999266,train,1
S04874,1,10,2026-06-10,50,19,0.0005678423259932,0.0,0.109691686640176,train,1
S04875,1,10,2026-06-10,30,26,0.0002852205205096,0.0,0.1167295190516452,train,1
S05240,1,25,2026-06-10,23,17,0.000431500481916,0.0,0.1208124580710374,train,1
S05241,1,20,2026-06-10,27,25,0.0003858121966801,0.0,0.1777643747919793,train,1
S05244,1,19,2026-06-10,56,15,0.0003434401139637,0.0,0.1225946681573943,train,1
S05249,1,25,2026-06-10,24,22,0.000343095287745,0.0,0.1098350225831449,train,1
S05252,1,8,2026-06-10,40,31,0.0008036834607497,0.0,0.2067065253130078,train,1
S05253,1,10,2026-06-10,36,18,0.0003979833315422,0.0,0.1302846500564278,train,1
S05255,1,14,2026-06-10,31,24,0.0003563416621613,0.0,0.1015459880177773,train,1
S05256,1,1,2026-06-10,35,12,0.0006974974910504,0.0,0.1432568864500763,train,1
S05257,1,2,2026-06-10,39,25,0.0004413877651347,0.0,0.1270903315201743,train,1
S05312,1,13,2026-06-10,59,19,0.0005366465722192,0.0,0.188248809142232,train,1
S05313,1,13,2026-06-10,53,24,0.0005408891271398,0.0,0.1697993238032661,train,1
S05314,1,2,2026-06-10,30,14,0.000644383342911,0.0,0.174227914084192,train,1
S05317,1,17,2026-06-10,30,22,0.0004772016402153,0.0077781429488082,0.1487089929414956,train,1
S05318,1,17,2026-06-10,24,26,0.0011233570577091,0.0,0.2123560035534568,train,1
S05319,1,17,2026-06-10,27,27,0.0007475964501582,0.0,0.1403074304746065,train,1
S05618,1,24,2026-06-10,23,26,0.0004247289221438,0.0051030361524955,0.1451273587141287,train,1
S05933,1,17,2026-06-10,40,14,0.0006023575408425,0.0,0.1608867276422588,train,1
S05934,1,20,2026-06-10,32,12,0.0004338694887376,0.0,0.1292381431365898,train,1
S05936,1,18,2026-06-10,55,15,0.0006326554019027,0.0,0.1915462454644617,train,1
S05974,1,11,2026-06-10,30,18,0.0005165027545855,0.0,0.1625040667120485,train,1
S05979,1,10,2026-06-10,49,17,0.000401323127646,0.0,0.1295233281643061,train,1
S05980,1,11,2026-06-10,36,22,0.0004569015198961,0.0,0.1491455572372617,train,1
S05981,1,13,2026-06-10,52,15,0.0005417906535111,0.0,0.1642720310095757,train,1
S05982,1,14,2026-06-10,55,22,0.0003449297050012,0.0,0.1181109108657802,train,1
S05983,1,6,2026-06-10,27,18,0.000420598459822,0.0,0.0949119114135857,train,1
S05986,1,5,2026-06-10,35,28,0.0006933658211004,0.0,0.1273266714783716,train,1
S05988,1,7,2026-06-10,42,31,0.0011541434904365,0.0,0.275118005810995,train,1
S05989,1,5,2026-06-10,58,28,0.0005203356990361,0.0,0.1181243898590207,train,1
S05990,1,7,2026-06-10,45,13,0.0007596954077906,0.0,0.1841664327783224,train,1
S05991,1,2,2026-06-10,38,30,0.000547939749327,0.0,0.1216166062619265,train,1
S05993,1,2,2026-06-10,31,13,0.0007278398380833,0.0,0.1502255638536548,train,1
S05994,1,23,2026-06-10,60,27,0.0003286516265418,0.0,0.1069501581532028,train,1
S06047,1,17,2026-06-10,52,18,0.000411820951155,0.0,0.1637158921534192,train,1
S06051,1,17,2026-06-10,31,18,0.0007680874602885,0.0,0.1220471768917009,train,1
S06149,1,25,2026-06-10,18,15,0.0034498790186687,0.0045638619271067,0.2860145488916736,train,1
S06150,1,24,2026-06-10,15,26,0.0032318082113084,0.0074638072926052,0.4432302596420396,train,1
S06151,1,23,2026-06-10,45,11,0.0036404749717965,0.0015301959697655,0.3507126514076075,train,1
S06155,1,10,2026-06-10,18,28,0.0032907710001101,0.0046119297724657,0.3050320227991492,train,1
S06156,1,10,2026-06-10,57,29,0.0031650353288491,0.0108109283911946,0.3192387972012656,train,1
S06158,1,12,2026-06-10,22,28,0.0009355525239365,0.0,0.1789628333547796,train,1
S06159,1,7,2026-06-10,21,22,0.0005483975138073,0.0044989182681427,0.1530921764074238,train,1
S06160,1,1,2026-06-10,26,19,0.0003438655975663,0.0,0.1273755257179371,train,1
S06606,1,24,2026-06-10,49,29,0.0005731489882142,0.0030052092308901,0.1462591398189798,train,1
S06611,1,18,2026-06-10,37,14,0.0005574859051882,0.0,0.1990141136707331,train,1
S07316,1,5,2026-06-10,23,30,0.0035749617850567,0.0060135274117632,0.3508644503497313,train,1
S07355,1,20,2026-06-10,22,15,0.0004129044973751,0.0,0.1851985945533722,train,1
S07356,1,2,2026-06-10,29,21,0.0004573398829979,0.0,0.1127343807258236,train,1
S07357,1,7,2026-06-10,20,28,0.0004936813376757,0.0,0.3176553004191046,train,1
S07358,1,10,2026-06-10,53,18,0.000340631447136,0.0,0.1025607530731873,train,1
S07359,1,10,2026-06-10,47,26,0.0003780869927511,0.0028716704223724,0.1318304763119056,train,1
S07537,1,18,2026-06-10,39,23,0.0003660712726179,0.0,0.1350681884543754,train,1
S07538,1,20,2026-06-10,31,15,0.0010198175592445,0.0,0.178845614100648,train,1
S07661,1,17,2026-06-10,38,25,0.0005875591462781,0.0,0.129283743594843,train,1
S07782,1,13,2026-06-10,54,30,0.0023221629369288,0.0021909667806233,0.3710848856598275,train,1
S07783,1,18,2026-06-10,37,32,0.0028480575121599,0.0093976906010488,0.3435675947807901,train,1
S07784,1,16,2026-06-10,19,28,0.0033300609846035,0.0077275049421381,0.3900379761032544,train,1
S07787,1,10,2026-06-10,60,15,0.0035038237818121,0.0032428764379253,0.3529179401222346,train,1
S07799,1,8,2026-06-10,31,28,0.0002912051220907,0.0108992662184151,0.197604776541055,train,1
S07800,1,6,2026-06-10,16,25,0.0003175304952624,0.0022305399971276,0.1436001366294935,train,1
S07801,1,7,2026-06-10,22,17,0.0004938623357623,0.0042724021731655,0.1684457757437881,train,1
S07876,1,22,2026-06-10,50,26,0.0004379595961584,0.0,0.1094055504374289,train,1
S07878,1,16,2026-06-10,21,25,0.0004960357713785,0.0,0.0819611758174985,train,1
S07879,1,10,2026-06-10,52,16,0.000338537529319,0.0,0.1602204431718259,train,1
S07880,1,12,2026-06-10,35,12,0.0008239637596836,0.0,0.2731234799530213,train,1
S07881,1,16,2026-06-10,34,20,0.0002834110405935,0.0,0.0989043810136109,train,1
S07882,1,10,2026-06-10,43,25,0.0003937623523538,0.0,0.1061866106768247,train,1
S07883,1,19,2026-06-10,29,13,0.000367876528415,0.0,0.1771201326510129,train,1
S07895,1,19,2026-06-10,18,16,0.0004237962309404,0.0,0.1539574580668222,train,1
S07896,1,19,2026-06-10,25,22,0.0003048797222733,0.0,0.1011516971509002,train,1
S08148,1,4,2026-06-10,51,24,0.0004069168694486,0.0,0.1019467090574238,train,1
S08841,1,18,2026-06-10,21,18,0.000344959032287,0.0,0.1326939419956485,train,1
S08842,1,22,2026-06-10,48,25,0.0003058716448875,0.0,0.113611594729552,train,1
S08843,1,6,2026-06-10,35,29,0.0002975664438481,0.0,0.102170711661319,train,1
S08844,1,7,2026-06-10,24,20,0.0007080908252001,0.0,0.1977396286143866,train,1
S08845,1,16,2026-06-10,34,17,0.0003237828842828,0.0,0.0938036830197052,train,1
S08847,1,24,2026-06-10,40,19,0.0004600401120758,0.0,0.1339062083616878,train,1
S08965,1,18,2026-06-10,21,27,0.0007161539706567,0.0,0.1501692892815079,train,1
S08967,1,20,2026-06-10,15,23,0.0004740222039352,0.0,0.1377985933188083,train,1
S08968,1,19,2026-06-10,21,23,0.000254027771049,0.0,0.1234950283629075,train,1
S09072,1,24,2026-06-10,22,24,0.0006395058452711,0.0,0.1623295930173937,train,1
S09077,1,8,2026-06-10,34,29,0.0005234329434095,0.0,0.1809723040861086,train,1
S09080,1,5,2026-06-10,61,20,0.0004624672818269,0.0,0.1194613023050087,train,1
S09087,1,4,2026-06-10,54,23,0.0004742270116352,0.0,0.1395465806335757,train,1
S09276,1,25,2026-06-10,58,17,0.0006077071610655,0.0,0.1231227039341597,train,1
S09290,1,14,2026-06-10,50,21,0.0003328372814367,0.0,0.1306165417202648,train,1
S09292,1,24,2026-06-10,57,27,0.000682591506141,0.0,0.152918286032172,train,1
S09293,1,8,2026-06-10,62,26,0.0009244464383567,0.0,0.1941897521396445,train,1
S09294,1,8,2026-06-10,38,27,0.0003995901147841,0.0,0.1549651040344312,train,1
S09295,1,8,2026-06-10,28,27,0.0004307722455684,0.0,0.1742338102212656,train,1
S09296,1,11,2026-06-10,26,28,0.0002692237765609,0.0,0.1323439816152404,train,1
S09298,1,13,2026-06-10,19,24,0.0008724210934014,0.0,0.1494825389440803,train,1
S09299,1,13,2026-06-10,16,25,0.0007231870698637,0.0,0.2293680599234995,train,1
S09301,1,12,2026-06-10,47,22,0.0007350930679551,0.0,0.2463721626200278,train,1
S09304,1,5,2026-06-10,17,23,0.0005327142056182,0.0,0.1501052409235575,train,1
S09306,1,2,2026-06-10,52,16,0.0006422844712476,0.0,0.1914848974186927,train,1
S09308,1,4,2026-06-10,41,28,0.0002476453563754,0.0,0.1406898213915056,train,1
S09309,1,22,2026-06-10,40,30,0.0003563933767748,0.0,0.1527267500862816,train,1
S09310,1,23,2026-06-10,15,25,0.00049302905649,0.0,0.1783937818329672,train,1
S09466,1,17,2026-06-10,54,16,0.0005866522140721,0.0,0.1729121157361209,train,1
S09467,1,17,2026-06-10,34,19,0.0006237937136712,0.0,0.1597740465802405,train,1
S09630,1,25,2026-06-10,26,19,0.0004398246459347,0.0,0.1390939839478109,train,1
S09631,1,18,2026-06-10,35,30,0.0006268441135918,0.0,0.1672248482884839,train,1
S09632,1,25,2026-06-10,36,12,0.0005345836561876,0.0,0.2271911603739523,train,1
S09635,1,19,2026-06-10,33,17,0.0002574460305124,0.0,0.1091999190886499,train,1
S09647,1,10,2026-06-10,52,18,0.0004384267135592,0.0,0.1050809825630234,train,1
S09651,1,12,2026-06-10,56,22,0.0005337928700051,0.0,0.2288282821843077,train,1
S09652,1,1,2026-06-10,32,17,0.0003524359569706,0.0,0.1321857807226213,train,1
S09653,1,17,2026-06-10,35,27,0.0006108178586302,0.0,0.1477378381316777,train,1
S09794,1,6,2026-06-10,45,11,0.0029372442817467,0.0117755769321897,0.3623753806074536,train,1
S09798,1,23,2026-06-10,39,32,0.0030370967674285,0.0092445705752147,0.322870017047537,train,1
S09932,1,2,2026-06-10,61,23,0.0009261577448005,0.0187187930440771,0.1531210214838254,train,1
S09933,1,12,2026-06-10,33,21,0.0004187393533659,0.0013467082872688,0.2173480522610575,train,1
S09934,1,13,2026-06-10,22,23,0.0010025784534755,0.0,0.1264395553209897,train,1
S10087,1,14,2026-06-10,47,14,0.0003937000345936,0.0,0.1291669121481957,train,1
S10089,1,14,2026-06-10,28,15,0.0002994833557934,0.0,0.1079469808898971,train,1
S10091,1,7,2026-06-10,51,15,0.0014794470016973,0.0,0.1545223756378662,train,1
S10092,1,7,2026-06-10,36,23,0.0004560089888674,0.0,0.1274959465672299,train,1
S10095,1,1,2026-06-10,22,17,0.0003010664217681,0.0,0.1319575112019577,train,1
S10096,1,4,2026-06-10,41,22,0.00041548743016,0.0,0.1229695715992943,train,1
S10099,1,22,2026-06-10,21,16,0.0003255656247543,0.0,0.1259246230418033,train,1
S10100,1,25,2026-06-10,32,31,0.0006211532033203,0.0,0.200255263489247,train,1
S10171,1,23,2026-06-10,53,13,0.0034730516248215,0.0,0.3586774877075414,train,1
S10186,1,19,2026-06-10,35,30,0.000282411212612,0.0,0.1293972922696333,train,1
S10187,1,17,2026-06-10,28,14,0.0007535906838453,0.0,0.1599298609544253,train,1
S10190,1,4,2026-06-10,25,26,0.0002840093183441,0.0,0.1354501939426797,train,1
S10191,1,1,2026-06-10,52,25,0.0004589041269158,0.0,0.110292698733184,train,1
S10192,1,1,2026-06-10,21,21,0.0004794079501676,0.0,0.1375375041055923,train,1
S10193,1,2,2026-06-10,30,28,0.0006462789935768,0.0,0.1215513901892616,train,1
S10195,1,2,2026-06-10,57,25,0.0006003971457662,0.0,0.1368603778191137,train,1
S10196,1,6,2026-06-10,28,18,0.0003894858480365,0.0,0.1080545701428452,train,1
S10197,1,6,2026-06-10,30,23,0.0003658119402849,0.0,0.1186680001268377,train,1
S10200,1,13,2026-06-10,61,25,0.0008782414089929,0.0,0.2351845993091621,train,1
S10201,1,11,2026-06-10,42,19,0.000389079947594,0.0,0.1564658533121358,train,1
S10203,1,1,2026-06-10,18,23,0.0003157592163632,0.0272056178545175,0.110351285841436,train,1
S10315,1,23,2026-06-10,19,25,0.0003133656242961,0.0,0.1194724241481913,train,1
S10316,1,16,2026-06-10,44,21,0.0003829120468365,0.0,0.1094502760277558,train,1
S10318,1,12,2026-06-10,36,25,0.0007292034118648,0.0,0.1678953777600752,train,1
S10320,1,11,2026-06-10,16,25,0.0003714230099169,0.0,0.1209351824425677,train,1
S10322,1,5,2026-06-10,51,24,0.0003052472446241,0.0,0.1134239584120059,train,1
S10323,1,6,2026-06-10,56,23,0.0002960141906656,0.0,0.1124766454249166,train,1
S10324,1,7,2026-06-10,48,30,0.0004316219147743,0.0,0.2185182021532813,train,1
S10325,1,4,2026-06-10,57,28,0.0003444159127575,0.0,0.1137555699755353,train,1
S10329,1,17,2026-06-10,53,20,0.0005182118279908,0.0,0.148376262815493,train,1
S10390,1,13,2026-06-10,59,15,0.0026073811958326,0.0,0.3212383719563744,train,1
S10420,1,19,2026-06-10,47,24,0.000245478131045,0.0,0.1204303875831641,train,1
S10421,1,20,2026-06-10,32,14,0.0004382528204029,0.0,0.1689654380619421,train,1
S10617,1,17,2026-06-10,43,11,0.0029974229136629,0.0,0.3019148723614225,train,1
S10622,1,16,2026-06-10,41,28,0.0003411187500683,0.0,0.1212248021233513,train,1
S10634,1,14,2026-06-10,39,29,0.0004355211817385,0.0,0.1244395845801582,train,1
S10635,1,8,2026-06-10,43,23,0.0004494776877818,0.0,0.1122911874665901,train,1
S10636,1,8,2026-06-10,32,28,0.0007466266050067,0.0,0.1700578664621685,train,1
S10637,1,8,2026-06-10,40,25,0.0003652753456224,0.0,0.1729042673913425,train,1
S10639,1,8,2026-06-10,32,26,0.0003974374525371,0.0,0.1409474530152882,train,1
S10641,1,13,2026-06-10,21,26,0.0006680866970805,0.0,0.1694281208765524,train,1
S10642,1,16,2026-06-10,42,26,0.0002395441063098,0.0,0.0741417365664254,train,1
S10643,1,14,2026-06-10,59,26,0.0004993337974789,0.0,0.1172109259023153,train,1
S10644,1,4,2026-06-10,44,18,0.000386155523426,0.0,0.1091294413046454,train,1
S10645,1,14,2026-06-10,31,28,0.0003907435110435,0.0,0.1192949193904039,train,1
S10647,1,1,2026-06-10,35,23,0.000438975584471,0.0,0.1220117130781767,train,1
S10648,1,5,2026-06-10,29,15,0.0002953283778058,0.0,0.1273430461490478,train,1
S10649,1,25,2026-06-10,57,27,0.0010322372504209,0.0,0.1866402533876386,train,1
S10650,1,2,2026-06-10,38,17,0.0005141724699569,0.0,0.1434610416161137,train,1
S10873,1,5,2026-06-10,51,31,0.0035699525487948,0.0029749612417021,0.4075655416332029,train,1
S10882,1,19,2026-06-10,49,31,0.0035702897175569,0.0,0.3342795551680242,train,1
S10883,1,11,2026-06-10,15,17,0.0036902815241865,0.0106879996559195,0.4388601570608539,train,1
S11248,1,16,2026-06-10,26,19,0.0002577153148337,0.0095175804928636,0.1035812013916262,train,1
S11249,1,6,2026-06-10,46,23,0.0003412581474708,0.039198170226259,0.1292571641187648,train,1
S11546,1,19,2026-06-10,22,21,0.0003621642882005,0.0,0.1307355047787516,train,1
S11547,1,18,2026-06-10,24,17,0.0004700625629456,0.0,0.1589397824969183,train,1
S11548,1,19,2026-06-10,62,22,0.0006637868672805,0.0,0.1047578408975602,train,1
S11549,1,23,2026-06-10,48,30,0.0003585528395489,0.0,0.1343997177717507,train,1
S11551,1,23,2026-06-10,26,27,0.0003561075450837,0.0,0.1035789457129086,train,1
S11553,1,25,2026-06-10,35,26,0.0002938094551362,0.0,0.1356325844775374,train,1
S11554,1,24,2026-06-10,34,14,0.0003625474890849,0.0,0.1933666221303495,train,1
S11555,1,1,2026-06-10,18,18,0.0005952936146555,0.0,0.2131931551495216,train,1
S11556,1,2,2026-06-10,47,14,0.0008202659435709,0.0,0.1481933743465662,train,1
S11557,1,1,2026-06-10,42,25,0.0002429025621762,0.0,0.1075230689363905,train,1
S11558,1,1,2026-06-10,44,16,0.0002507649780876,0.0,0.1439683317383921,train,1
S11559,1,4,2026-06-10,35,20,0.0002689777565476,0.0,0.0562604213487937,train,1
S11561,1,5,2026-06-10,55,17,0.0003390158032116,0.0,0.1248716489651963,train,1
S11562,1,7,2026-06-10,31,17,0.0006353938998978,0.0,0.1472439254840889,train,1
S11563,1,7,2026-06-10,35,18,0.0003807225295934,0.0,0.1456160347787146,train,1
S11564,1,7,2026-06-10,46,26,0.0004547493917093,0.0,0.1341066556591904,train,1
S11571,1,13,2026-06-10,59,17,0.0006441934322265,0.0,0.2120890704814243,train,1
S11574,1,8,2026-06-10,16,25,0.0005753736345942,0.0,0.282923479285405,train,1
S11575,1,2,2026-06-10,15,21,0.0014749888288989,0.0,0.1539935020173909,train,1
S11996,1,11,2026-06-10,34,32,0.0029751551279511,0.0,0.4022021540853915,train,1
S12007,1,20,2026-06-10,37,11,0.0035340451612911,0.0,0.4334686940762435,train,1
S12011,1,14,2026-06-10,22,29,0.0031024794078072,0.0,0.2519832418957815,train,1
S12365,1,25,2026-06-10,15,18,0.0009483238338103,0.0,0.2153231982818325,train,1
S12366,1,23,2026-06-10,26,24,0.0002398018725859,0.0,0.1230658914892289,train,1
S12368,1,19,2026-06-10,17,23,0.0002653721429616,0.0,0.1221601662708149,train,1
S12369,1,19,2026-06-10,54,20,0.0002773269624415,0.0,0.1312095494617829,train,1
S12488,1,19,2026-06-10,63,17,0.0034274181060335,0.0,0.4346466561836108,train,1
S12849,1,11,2026-06-10,21,20,0.0003351968648316,0.0,0.1267646373887068,train,1
S12850,1,12,2026-06-10,35,14,0.0006813119329504,0.0,0.1714709515746914,train,1
S12851,1,12,2026-06-10,46,22,0.0009721419311648,0.0,0.157909869292484,train,1
S12852,1,12,2026-06-10,51,15,0.0005138573188621,0.0,0.2188031595224734,train,1
S12854,1,16,2026-06-10,38,23,0.0003456357094262,0.0,0.068705102349899,train,1
S12857,1,11,2026-06-10,45,20,0.0003979734165241,0.0,0.1437493373162598,train,1
S12860,1,14,2026-06-10,40,14,0.0003516479153575,0.0258551177006112,0.1590425293779635,train,1
S12861,1,7,2026-06-10,54,22,0.0004953548455417,0.0,0.1148902537458302,train,1
S12864,1,25,2026-06-10,21,27,0.0004882824826132,0.0,0.1749161803250526,train,1
S12865,1,22,2026-06-10,56,25,0.0004125616280433,0.0,0.0770397207798346,train,1
S12951,1,19,2026-06-10,59,21,0.0005439209416172,0.0,0.1352273813640983,train,1
S12953,1,19,2026-06-10,32,31,0.0003325496530659,0.0,0.1525827523054223,train,1
S12957,1,23,2026-06-10,18,24,0.0003508915381951,0.0,0.1216871197017402,train,1
S12958,1,23,2026-06-10,16,21,0.0003100812246111,0.0,0.166234141877752,train,1
S13112,1,8,2026-06-10,25,19,0.0004581169019197,0.0,0.1380101033555576,train,1
S13113,1,8,2026-06-10,56,25,0.0003842517262506,0.0,0.1299295693992994,train,1
S13114,1,11,2026-06-10,22,18,0.0003338819248504,0.0,0.1418762508709554,train,1
S13115,1,16,2026-06-10,50,30,0.0002768249182559,0.027620317883739,0.0912701912097139,train,1
S13116,1,7,2026-06-10,20,22,0.00096212727763,0.0,0.182352222450281,train,1
S13117,1,6,2026-06-10,51,26,0.0003605959617274,0.0,0.0999548371514036,train,1
S13118,1,1,2026-06-10,50,25,0.0003734295678523,0.0,0.1406876005647488,train,1
S13119,1,5,2026-06-10,62,17,0.0007036536558538,0.0,0.1946327520965332,train,1
S13120,1,1,2026-06-10,36,31,0.0005228694488124,0.0,0.1234116089004461,train,1
S13123,1,20,2026-06-10,44,28,0.0004647705113004,0.0,0.127087203474988,train,1
S13155,1,18,2026-06-10,59,21,0.0007452814622267,0.0,0.1582908745945266,train,1
S13157,1,18,2026-06-10,40,13,0.0006552963054806,0.0,0.1812988061191547,train,1
S13162,1,19,2026-06-10,55,21,0.0002470047188816,0.0,0.1138296149689373,train,1
S13163,1,24,2026-06-10,46,17,0.0004822776133389,0.0,0.1231464396105839,train,1
S13164,1,23,2026-06-10,60,26,0.0004280497295934,0.0,0.1170241678097104,train,1
S13167,1,7,2026-06-10,56,14,0.0011833749694987,0.0,0.311681736692167,train,1
S13174,1,11,2026-06-10,38,20,0.0002666868363566,0.0,0.1322133646089804,train,1
S13175,1,10,2026-06-10,24,29,0.0005251534922807,0.0,0.1457876314911601,train,1
S13294,1,13,2026-06-10,42,15,0.0005707333295265,0.0,0.1405355238473668,train,1
S13305,1,17,2026-06-10,62,19,0.0008592195397402,0.0,0.2027937713934982,train,1
S13320,1,22,2026-06-10,36,25,0.0003207322689915,0.0,0.1652003415628114,train,1
S13323,1,16,2026-06-10,60,27,0.0003267415476044,0.0,0.1110104897273281,train,1
S13326,1,13,2026-06-10,29,26,0.0006463231114665,0.0,0.1541351706909752,train,1
S13327,1,10,2026-06-10,53,29,0.0004595661884996,0.0,0.1503703807321424,train,1
S13328,1,25,2026-06-10,13,23,0.001429410817533,0.0,0.2011300929151412,train,1
S13392,1,23,2026-06-10,56,24,0.0004657903850238,0.0,0.0826504895847101,train,1
S13393,1,22,2026-06-10,23,14,0.0003506432146233,0.0,0.1321541147064201,train,1
S13394,1,23,2026-06-10,28,30,0.0004780013884033,0.0,0.1421953459308367,train,1
S13396,1,18,2026-06-10,61,27,0.0016124433345951,0.0,0.2761037490045033,train,1
S13397,1,19,2026-06-10,36,25,0.0003190792998517,0.0,0.1255885480614721,train,1
S13654,1,25,2026-06-10,35,24,0.0004340025397252,0.0,0.1258603580197995,train,1
S13655,1,22,2026-06-10,24,29,0.0003949076561869,0.0,0.2069299810203892,train,1
S13656,1,1,2026-06-10,60,22,0.0003130846782645,0.001893008817536,0.0915177379614015,train,1
S13657,1,5,2026-06-10,41,23,0.0002846036168534,0.0,0.1193576400484759,train,1
S13658,1,12,2026-06-10,27,17,0.0003938965878526,0.0,0.1138150394244701,train,1
S13660,1,25,2026-06-10,29,27,0.0005248696731154,0.0,0.1615341467259256,train,1
S14166,1,8,2026-06-10,50,19,0.0003473533637976,0.0,0.1437874165537986,train,1
S14167,1,13,2026-06-10,25,25,0.0005740977433617,0.0,0.15646735617876,train,1
S14170,1,16,2026-06-10,56,14,0.0004370523249915,0.0,0.0981461925642695,train,1
S14173,1,14,2026-06-10,42,21,0.0003063936618649,0.0,0.1321866758679891,train,1
S14174,1,14,2026-06-10,53,23,0.000355228858946,0.0,0.1047229913676505,train,1
S14175,1,14,2026-06-10,59,21,0.0003732497758261,0.0,0.1105756652488039,train,1
S14176,1,14,2026-06-10,37,22,0.0003084062854997,0.0,0.096928161479888,train,1
S14179,1,2,2026-06-10,39,14,0.0005801198233147,0.0,0.1297599291634748,train,1
S14180,1,7,2026-06-10,17,21,0.0015726811394568,0.0,0.2309702898815874,train,1
S14181,1,5,2026-06-10,55,16,0.0004184566443449,0.0,0.1451649711521566,train,1
S14184,1,22,2026-06-10,47,24,0.0003195850440622,0.0,0.133911214280289,train,1
S14189,1,22,2026-06-10,58,20,0.000439129420026,0.0,0.1471800078036576,train,1
S14190,1,18,2026-06-10,45,16,0.0005565649524827,0.0,0.1345016678518917,train,1
S14191,1,20,2026-06-10,33,20,0.0004344090250963,0.0,0.1342535201368256,train,1
S14289,1,24,2026-06-10,51,28,0.0005658034250817,0.0,0.1616500085782575,train,1
S14364,1,17,2026-06-10,50,19,0.0005935833934248,0.0,0.1233645556279633,train,1
S14437,1,18,2026-06-10,24,13,0.0032355042528021,0.0,0.3541215424095558,train,1
S14675,1,24,2026-06-10,41,29,0.0006103793252336,0.0,0.1390563389372657,train,1
S14677,1,8,2026-06-10,55,29,0.000592592825978,0.0,0.211291906192558,train,1
S14678,1,11,2026-06-10,54,24,0.0003851526412509,0.0,0.1306937966654981,train,1
S14680,1,11,2026-06-10,29,19,0.0004376589284422,0.0,0.1295760935277808,train,1
S14682,1,16,2026-06-10,18,21,0.0003695574657321,0.0,0.1017180974418242,train,1
S14684,1,7,2026-06-10,21,16,0.000916890898872,0.0,0.2490522496900556,train,1
S14685,1,4,2026-06-10,44,15,0.0003130141552117,0.0,0.1080953322739627,train,1
S14686,1,6,2026-06-10,32,25,0.0003841557420135,0.0,0.1232741732522527,train,1
S14687,1,5,2026-06-10,58,15,0.0004801678560842,0.0,0.1471680294197877,train,1
S14688,1,6,2026-06-10,34,14,0.0004079870940943,0.0,0.1542286560239476,train,1
S14689,1,5,2026-06-10,56,24,0.0005094236418579,0.0,0.1442481172240054,train,1
S14690,1,6,2026-06-10,17,18,0.0010743397480499,0.0,0.1438947879364473,train,1
S14692,1,5,2026-06-10,40,13,0.0004830061094897,0.0,0.1367071719437715,train,1
S14695,1,5,2026-06-10,18,25,0.0005266442525747,0.0,0.1631641907343631,train,1
S14696,1,20,2026-06-10,59,25,0.0004253312567597,0.0,0.1345488138749445,train,1
S14697,1,22,2026-06-10,63,24,0.0004243277674163,0.0,0.1440085183145644,train,1
S14699,1,22,2026-06-10,21,27,0.0003170649369175,0.0,0.1221896080147858,train,1
S14874,1,1,2026-06-10,15,22,0.0010253641698773,0.0,0.1401521628269856,train,1
S14876,1,11,2026-06-10,45,21,0.0004157994107584,0.0,0.1963456456486294,train,1
S14877,1,12,2026-06-10,30,16,0.0004331584201171,0.0,0.1738042274793691,train,1
S14879,1,12,2026-06-10,41,23,0.0007907602606897,0.0,0.1749304202416531,train,1
S14880,1,14,2026-06-10,49,13,0.0003672739321547,0.0,0.1395954824700953,train,1
S14881,1,14,2026-06-10,41,12,0.0003498387902089,0.0,0.1365270125688246,train,1
S14882,1,14,2026-06-10,60,16,0.0004971477621424,0.0,0.1583328155394869,train,1
S14884,1,7,2026-06-10,63,21,0.0007627264256439,0.0,0.1878313461487955,train,1
S14885,1,6,2026-06-10,58,20,0.0004014461444622,0.0,0.1401099820513695,train,1
S14920,1,25,2026-06-10,39,30,0.0009238584358119,0.0,0.1618589783909235,train,1
S14921,1,23,2026-06-10,22,27,0.0003052878980742,0.0,0.136093153840898,train,1
S14922,1,22,2026-06-10,43,17,0.0004041572650981,0.0,0.0885341756726163,train,1
S14924,1,18,2026-06-10,53,16,0.000492983685651,0.0,0.211951566579108,train,1
S14927,1,1,2026-06-10,46,30,0.0005145319015114,0.0,0.1489979711638477,train,1
S15264,1,14,2026-06-10,15,24,0.000457154590983,0.0,0.1310844049143666,train,1
S15265,1,8,2026-06-10,41,18,0.0003738875102681,0.0,0.1673981377453448,train,1
S15266,1,8,2026-06-10,20,24,0.0004365306349361,0.0,0.1636278951436677,train,1
S15269,1,6,2026-06-10,38,23,0.0003463569463452,0.0,0.0869636136158023,train,1
S15271,1,20,2026-06-10,24,27,0.0003590263998842,0.0,0.1494280973553319,train,1
S15273,1,17,2026-06-10,23,29,0.0014020267465055,0.0,0.2720612993544005,train,1
S15374,1,5,2026-06-10,43,11,0.0038210817605106,0.0033815734862865,0.4364569892065417,train,1
S15375,1,25,2026-06-10,29,12,0.0033298587261347,0.0016928254175863,0.3604524383977889,train,1
S15380,1,6,2026-06-10,54,30,0.0034439492132245,0.0016491958096489,0.3304065193769811,train,1
S16245,1,22,2026-06-10,43,23,0.0002956587909833,0.0,0.1129935722635826,train,1
S16247,1,6,2026-06-10,41,20,0.0003504029981849,0.0,0.1112336541690463,train,1
S16252,1,8,2026-06-10,53,24,0.000285987971731,0.0,0.1423892420965263,train,1
S16256,1,8,2026-06-10,36,24,0.0003373923359062,0.0,0.1687312143793641,train,1
S16372,1,17,2026-06-10,52,25,0.0007774917311463,0.0,0.1638784612963054,train,1
S16380,1,20,2026-06-10,52,21,0.0004061623218992,0.0,0.1410656743103116,train,1
S16381,1,22,2026-06-10,33,23,0.0002959408032443,0.0,0.1339398362336755,train,1
S16383,1,6,2026-06-10,36,22,0.0003139386805864,0.0,0.134057424512085,train,1
S16384,1,5,2026-06-10,49,14,0.0004337549825154,0.0,0.1654621357328009,train,1
S16385,1,6,2026-06-10,20,26,0.0012827492243679,0.0,0.1327130073698942,train,1
S16387,1,16,2026-06-10,24,24,0.0004256385500291,0.0,0.1029791317267724,train,1
S16388,1,1,2026-06-10,51,17,0.0003392451175344,0.0,0.1438804899555352,train,1
S16389,1,11,2026-06-10,39,30,0.0005718212453487,0.0,0.1275115196768864,train,1
S16390,1,8,2026-06-10,38,15,0.0003807829696396,0.0,0.116814282667196,train,1
S16391,1,16,2026-06-10,25,17,0.0002514871994538,0.0,0.0908352308234437,train,1
S16395,1,16,2026-06-10,43,31,0.0004313656559247,0.0,0.1168706206772823,train,1
S16396,1,11,2026-06-10,44,23,0.000339510986812,0.0,0.143688824163394,train,1
S16398,1,10,2026-06-10,29,27,0.0003580917470456,0.0,0.1069080773234332,train,1
S16402,1,13,2026-06-10,35,30,0.0006858149904125,0.0,0.1949969079502281,train,1
S16404,1,16,2026-06-10,51,24,0.0004630976899659,0.0,0.1552272614974656,train,1
S16408,1,6,2026-06-10,59,24,0.000572926546153,0.0,0.1682889747740006,train,1
S16411,1,2,2026-06-10,47,26,0.001606868188734,0.0,0.127293978571502,train,1
S16413,1,25,2026-06-10,30,20,0.0003755837223575,0.0,0.0949417116502146,train,1
S16416,1,22,2026-06-10,29,27,0.0002854875117346,0.0,0.1171133126715339,train,1
S16418,1,22,2026-06-10,41,27,0.0003395491405899,0.0,0.1503991700419248,train,1
S16419,1,2,2026-06-10,31,25,0.0004523935028353,0.0,0.1198130713837318,train,1
S16420,1,4,2026-06-10,49,28,0.000328612791077,0.0,0.1242269287874744,train,1
S16421,1,23,2026-06-10,30,27,0.0003407392602162,0.0,0.0942744408589751,train,1
S16422,1,24,2026-06-10,55,28,0.0006276714759448,0.0,0.1466055710496984,train,1
S16423,1,17,2026-06-10,18,19,0.001024970507076,0.004356439115038,0.1388473004531326,train,1
S16621,1,18,2026-06-10,21,28,0.000414315726423,0.0,0.1483559352107609,train,1
S16623,1,23,2026-06-10,46,21,0.0005596651466209,0.0,0.1169453783188479,train,1
S16625,1,22,2026-06-10,63,18,0.00077201275564,0.0,0.1623031817387676,train,1
S16629,1,2,2026-06-10,44,17,0.0004736386259286,0.0,0.126246245018639,train,1
S16630,1,7,2026-06-10,40,30,0.0007518813905148,0.0,0.1744751621799363,train,1
S16631,1,6,2026-06-10,53,18,0.0003503494345587,0.0,0.1363524245036046,train,1
S16632,1,14,2026-06-10,29,19,0.0002920123335902,0.0,0.0990751594743438,train,1
S16633,1,10,2026-06-10,34,19,0.0004014508315264,0.0,0.0996255019744086,train,1
S16635,1,25,2026-06-10,56,26,0.000558512865101,0.0,0.1042528153783714,train,1
S16701,1,5,2026-06-10,33,32,0.003213619872276,0.0,0.3968842216928759,train,1
S16844,1,10,2026-06-10,33,16,0.0003916750937298,0.0,0.101141769007465,train,1
S16845,1,12,2026-06-10,46,17,0.0004360671536221,0.0,0.2020492069485429,train,1
S16846,1,11,2026-06-10,32,13,0.0002566560841218,0.0,0.1800011278597878,train,1
S16847,1,16,2026-06-10,57,16,0.0004635030661177,0.0,0.1041505032431032,train,1
S16848,1,13,2026-06-10,22,22,0.000443560326708,0.0189647606509835,0.154594765544606,train,1
S16849,1,13,2026-06-10,35,15,0.0005675362993007,0.0,0.1941617310412429,train,1
S16851,1,5,2026-06-10,54,19,0.000366681818636,0.0,0.1367357480658671,train,1
S16852,1,6,2026-06-10,19,16,0.000811669027634,0.0,0.1516447630819515,train,1
S16856,1,24,2026-06-10,59,25,0.0006946284960629,0.0,0.1561715441667999,train,1
S16857,1,24,2026-06-10,48,19,0.0003716514389038,0.0,0.1480714108878508,train,1
S16859,1,2,2026-06-10,38,14,0.0006410249280616,0.0,0.1352096782496598,train,1
S16860,1,5,2026-06-10,28,24,0.0003490650161131,0.0,0.1398653414371481,train,1
S16861,1,23,2026-06-10,60,16,0.0004142650037184,0.0,0.1802072610924664,train,1
S16862,1,25,2026-06-10,43,20,0.0005628860135811,0.0,0.1344085167967023,train,1
S16863,1,17,2026-06-10,59,21,0.0007347720339082,0.0,0.1667252385234879,train,1
S16865,1,17,2026-06-10,18,22,0.0014997864191341,0.0,0.1665510425458806,train,1
S16915,1,23,2026-06-10,44,26,0.0004406978731258,0.0,0.1359799243321696,train,1
S16916,1,23,2026-06-10,38,21,0.0002789012736512,0.0,0.0792349401239747,train,1
S16918,1,24,2026-06-10,25,19,0.0004768720334977,0.0,0.098149870135661,train,1
S17174,1,4,2026-06-10,30,31,0.0032748710722465,0.0,0.3343375810627305,train,1
S17175,1,13,2026-06-10,40,11,0.0015206521752968,0.0,0.2983881325290663,train,1
S17176,1,2,2026-06-10,60,15,0.0034240782335108,0.0,0.4365773549643427,train,1
S17193,1,23,2026-06-10,25,21,0.000296403225743,0.0,0.1134326444918207,train,1
S17194,1,17,2026-06-10,41,26,0.0008367090541162,0.0,0.1965471663133208,train,1
S17726,1,17,2026-06-10,54,30,0.0025724234260535,0.012930081300813,0.2965526728613113,train,1
S17728,1,22,2026-06-10,29,12,0.0024868186222461,0.0268532050771043,0.2989655197406065,train,1
S17729,1,25,2026-06-10,37,11,0.0032425923942957,0.0213938272136369,0.3647950041275671,train,1
S17730,1,20,2026-06-10,40,32,0.0031038523957514,0.01095495972083,0.3745230328818332,train,1
S17732,1,16,2026-06-10,26,13,0.0021859688610755,0.017623584671491,0.2724216072071657,train,1
S17736,1,8,2026-06-10,49,31,0.0029911411810642,0.0017851530580174,0.3143241567035942,train,1
S18068,1,25,2026-06-10,57,14,0.0026601198993633,0.0,0.2221881643304186,train,1
S18069,1,1,2026-06-10,60,15,0.003389083575369,0.0,0.4260069498300476,train,1
S18073,1,25,2026-06-10,41,32,0.003161765610658,0.0039364777632569,0.3691945647844583,train,1
S18154,1,18,2026-06-10,23,19,0.0004556351448968,0.0,0.1326969183173693,train,1
S18156,1,24,2026-06-10,47,28,0.000564748340294,0.0,0.1427724525739041,train,1
S18157,1,23,2026-06-10,29,22,0.0003121016025596,0.0,0.144069212172774,train,1
S18159,1,20,2026-06-10,36,29,0.0004743888533871,0.0,0.137368830994686,train,1
S18162,1,7,2026-06-10,40,27,0.0004716085045411,0.0,0.1622636130866052,train,1
S18163,1,16,2026-06-10,62,22,0.0006544488480343,0.0,0.1456149497913002,train,1
S18165,1,12,2026-06-10,20,23,0.0008719706804267,0.0,0.2215522215117091,train,1
S18166,1,12,2026-06-10,42,21,0.0008268074670258,0.0,0.165900148851616,train,1
S18167,1,13,2026-06-10,44,29,0.0008406297373462,0.0,0.1089897357234244,train,1
S18169,1,8,2026-06-10,14,20,0.0010661674465562,0.0,0.2022363584448367,train,1
S18231,1,17,2026-06-10,56,15,0.0007233030038474,0.0,0.1709798653841396,train,1
S18268,1,18,2026-06-10,21,22,0.0005925875866428,0.0,0.1153746911531442,train,1
S18271,1,18,2026-06-10,57,20,0.0006453815337755,0.0,0.1306107458202241,train,1
S18273,1,19,2026-06-10,26,21,0.0,0.0,0.0834223736096355,train,1
S18291,1,13,2026-06-10,26,27,0.0008137973334657,0.0,0.1572543544700887,train,1
S18419,1,13,2026-06-10,44,25,0.0005854456963467,0.0,0.11571738172733,train,1
S18421,1,7,2026-06-10,42,19,0.0004504931269929,0.0,0.2190372718439657,train,1
S18422,1,2,2026-06-10,29,30,0.00047372276198,0.0,0.2138442856885016,train,1
S18423,1,2,2026-06-10,45,17,0.0004916234595951,0.0,0.1212899741856688,train,1
S18448,1,17,2026-06-10,39,28,0.0008388505381386,0.0,0.1619706710469782,train,1
S18799,1,24,2026-06-10,53,29,0.000489094463042,0.0,0.1985388800440723,train,1
S18801,1,24,2026-06-10,35,15,0.000429226906923,0.0,0.1449988668086506,train,1
S18803,1,19,2026-06-10,62,23,0.0003618887480763,0.0,0.1144815481958455,train,1
S18807,1,18,2026-06-10,23,20,0.0006383724255105,0.0,0.1319321743228522,train,1
S19223,1,17,2026-06-10,13,19,0.0033357776597689,0.001746912148245,0.3843774725864504,train,1
S19641,1,17,2026-06-10,47,22,0.0009449868286624,0.0,0.1498860603377835,train,1
S19991,1,19,2026-06-10,60,16,0.0005115091058252,0.0,0.1989327237327871,train,1
S19992,1,20,2026-06-10,31,18,0.0004303102129838,0.0,0.1521375808240378,train,1
S19996,1,18,2026-06-10,22,26,0.0004591657953368,0.0,0.1280223310595223,train,1
S19997,1,23,2026-06-10,44,19,0.0002239828493376,0.0,0.1010301322421661,train,1
S19998,1,23,2026-06-10,58,21,0.0002532925570403,0.0038996908494578,0.0854757418580848,train,1
S20003,1,22,2026-06-10,29,23,0.000335877158387,0.0,0.090723737735284,train,1
S20004,1,4,2026-06-10,55,23,0.0002636118073318,0.0,0.0950739805781397,train,1
S20005,1,4,2026-06-10,43,31,0.0002904485762071,0.0,0.1320538856296957,train,1
S20006,1,4,2026-06-10,58,17,0.0002790475940527,0.0,0.1195170235987636,train,1
S20007,1,4,2026-06-10,49,22,0.0002581074977877,0.0,0.1024624937230469,train,1
S20009,1,7,2026-06-10,45,22,0.0003602710862336,0.0,0.1753742068046875,train,1
S20010,1,13,2026-06-10,40,14,0.0004944735020184,0.0,0.1836462538165722,train,1
S20011,1,6,2026-06-10,22,20,0.0002657228433958,0.0,0.1413776548386503,train,1
S20012,1,16,2026-06-10,28,27,0.0003977468856011,0.0,0.0961985046532462,train,1
S20013,1,14,2026-06-10,61,25,0.0003328908662885,0.0,0.1395658643700646,train,1
S20014,1,11,2026-06-10,49,16,0.0002537632088839,0.0,0.1323499746426316,train,1
S20015,1,16,2026-06-10,56,17,0.0004182899985185,0.0,0.113114992480823,train,1
S20017,1,12,2026-06-10,53,29,0.0005397070877363,0.0,0.2269767802559669,train,1
S20070,1,24,2026-06-10,19,27,0.0007479477550498,0.0,0.1901243928451335,train,1
S20072,1,4,2026-06-10,62,23,0.0003199781264652,0.0019621777409293,0.148318737222968,train,1
S20532,1,25,2026-06-10,35,13,0.0006187601235643,0.0,0.1642366045192267,train,1
S20536,1,20,2026-06-10,33,17,0.000365302910103,0.0,0.139516054500047,train,1
S20539,1,20,2026-06-10,20,17,0.0005731806443232,0.0,0.1227755801320106,train,1
S20612,1,17,2026-06-10,34,31,0.0010905056837668,0.0,0.1700282891082734,train,1
S21133,1,11,2026-06-10,36,21,0.0003076389913037,0.0,0.1166021504809792,train,1
S21135,1,12,2026-06-10,34,27,0.0004673346063303,0.0,0.1808637576063226,train,1
S21136,1,10,2026-06-10,23,28,0.0005226864969588,0.0,0.1142871883850264,train,1
S21137,1,10,2026-06-10,42,15,0.000416056500369,0.0,0.1204833849761373,train,1
S21138,1,14,2026-06-10,46,19,0.0003179160996135,0.0,0.1200922640432457,train,1
S21139,1,14,2026-06-10,36,23,0.000367898677719,0.0,0.1264159840727653,train,1
S21141,1,1,2026-06-10,60,26,0.000929850017142,0.0,0.1249569351863664,train,1
S21142,1,6,2026-06-10,27,28,0.0004672034025036,0.0,0.1338999935448278,train,1
S21143,1,1,2026-06-10,56,20,0.0004362027649158,0.0,0.1398869389005526,train,1
S21144,1,1,2026-06-10,31,14,0.0003518724139122,0.0,0.1351470943368682,train,1
S21145,1,2,2026-06-10,45,15,0.0005800766242412,0.0,0.1308289095621674,train,1
S21149,1,17,2026-06-10,17,21,0.0008725476817575,0.0037255254715001,0.2024280648322009,train,1
S21151,1,17,2026-06-10,35,29,0.0007866126305167,0.0074845452423441,0.1653370269181226,train,1
S21160,1,19,2026-06-10,13,21,0.000432645512008,0.0,0.1984620649712901,train,1
S21173,1,19,2026-06-10,30,14,0.000382639747554,0.0,0.1457933545898461,train,1
S21352,1,2,2026-06-10,23,30,0.0036156513996718,0.0,0.4071162962066445,train,1
S21684,1,19,2026-06-10,46,14,0.000374817016816,0.0,0.1473423944994928,train,1
S21685,1,10,2026-06-10,47,21,0.00037586080125,0.0,0.1584667477052479,train,1
S21686,1,12,2026-06-10,19,17,0.0008284845726796,0.0,0.2159410255000223,train,1
S21687,1,13,2026-06-10,42,12,0.001485920014975,0.0,0.241429461161032,train,1
S21688,1,11,2026-06-10,38,17,0.0003700474078937,0.0,0.138238095216228,train,1
S21689,1,13,2026-06-10,31,14,0.0007524957676662,0.0,0.1521475017971792,train,1
S21690,1,14,2026-06-10,45,20,0.0002775327700483,0.0,0.1169367561296938,train,1
S21691,1,5,2026-06-10,61,19,0.000453045201065,0.0,0.145342075530646,train,1
S21693,1,6,2026-06-10,31,19,0.0003952232672508,0.0,0.1182226139389026,train,1
S21694,1,23,2026-06-10,15,19,0.0004148495727316,0.0,0.1542134404014708,train,1
S21695,1,24,2026-06-10,32,13,0.0004563763144923,0.0,0.18560860228348,train,1
S21698,1,17,2026-06-10,31,27,0.0005710839751956,0.0041031991744066,0.1610290934782575,train,1
S21757,1,18,2026-06-10,54,18,0.000396322627601,0.004119012100116,0.1249235017450497,train,1
S21824,1,18,2026-06-10,63,26,0.0028384288826498,0.0,0.3772840208808234,train,1
S21825,1,17,2026-06-10,28,31,0.0024434960611047,0.0,0.3489401354161021,train,1
S22034,1,22,2026-06-10,53,16,0.0005259689480991,0.0,0.1084874318153569,train,1
S22035,1,25,2026-06-10,39,26,0.0006418160409358,0.0,0.1519219881899453,train,1
S22036,1,2,2026-06-10,58,28,0.0023886425701968,0.0,0.1735289760780324,train,1
S22038,1,2,2026-06-10,60,24,0.0005863723710713,0.0044375396208894,0.1637470176615202,train,1
S22039,1,1,2026-06-10,31,17,0.0002803511708129,0.0,0.1227326914954156,train,1
S22043,1,6,2026-06-10,60,22,0.0004199262027596,0.0,0.1523365179952551,train,1
S22044,1,7,2026-06-10,37,26,0.0004780964801788,0.0,0.1603272599952436,train,1
S22046,1,8,2026-06-10,47,12,0.0005240099908328,0.0,0.1702092755328315,train,1
S22047,1,8,2026-06-10,60,23,0.000497232566531,0.0,0.1863687509179671,train,1
S22048,1,8,2026-06-10,19,23,0.0005718951013355,0.0,0.1285345240642572,train,1
S22049,1,24,2026-06-10,29,13,0.0004658993352531,0.0,0.206364027509558,train,1
S22050,1,12,2026-06-10,35,29,0.0003512263919321,0.0,0.1687160712476894,train,1
S22051,1,10,2026-06-10,55,21,0.0005423581330744,0.0,0.1181031018540873,train,1
S22074,1,17,2026-06-10,59,24,0.0008004146060042,0.0,0.1583122038888559,train,1
S22344,1,17,2026-06-10,59,23,0.0006854524860318,0.0,0.161522107684567,train,1
S22345,1,17,2026-06-10,63,22,0.0010678787906886,0.0,0.1472873999834546,train,1
S22359,1,5,2026-06-10,38,25,0.0003435856467399,0.0,0.1126385382441208,train,1
S22360,1,5,2026-06-10,48,13,0.000351546787173,0.0,0.1496009304114217,train,1
S22363,1,7,2026-06-10,25,15,0.0009747464682984,0.0,0.2444776635468424,train,1
S22364,1,16,2026-06-10,53,21,0.0003690130279681,0.0,0.0960212240991043,train,1
S22367,1,13,2026-06-10,50,30,0.0007658566327863,0.0,0.2196307058984184,train,1
S22368,1,1,2026-06-10,46,18,0.0003648213272652,0.0,0.1112121206487788,train,1
S22369,1,11,2026-06-10,41,16,0.0003164500878025,0.0,0.1116971077332922,train,1
S22370,1,8,2026-06-10,50,18,0.0003430700333202,0.0,0.143964314784605,train,1
S22371,1,8,2026-06-10,33,18,0.0004560145494779,0.0,0.1715617309107187,train,1
S22474,1,20,2026-06-10,53,30,0.0035251575138434,0.0,0.2548269091909245,train,1
S22506,1,17,2026-06-10,14,19,0.0013415997443095,0.0,0.2413916195003913,train,1
S22507,1,17,2026-06-10,56,18,0.0006042959262064,0.0,0.1698224607588283,train,1
S22707,1,25,2026-06-10,45,25,0.0006768238430659,0.0,0.1650559931383219,train,1
S22710,1,8,2026-06-10,20,17,0.0005088433074396,0.0,0.1721074259598444,train,1
S22712,1,10,2026-06-10,63,25,0.0006709538828959,0.0,0.1091281503137167,train,1
S22714,1,12,2026-06-10,57,26,0.0007195120329799,0.0,0.1961382607471841,train,1
S22716,1,14,2026-06-10,54,19,0.0004002027944309,0.0,0.1389983249394837,train,1
S22717,1,16,2026-06-10,63,18,0.0007902613495336,0.0,0.1130801266876915,train,1
S22719,1,4,2026-06-10,42,16,0.0002880480365597,0.0,0.1070051301433618,train,1
S22720,1,4,2026-06-10,42,12,0.0003257026241395,0.0,0.1541599824103609,train,1
S22721,1,1,2026-06-10,53,18,0.000411337991833,0.0,0.106257821234324,train,1
S22722,1,4,2026-06-10,41,26,0.0003199670739634,0.0,0.126077907233531,train,1
S22723,1,4,2026-06-10,59,22,0.0002855625251896,0.0,0.1243216085595978,train,1
S22724,1,22,2026-06-10,56,19,0.0007451959231587,0.0,0.0990528992411603,train,1
S22725,1,22,2026-06-10,44,25,0.000355345792589,0.0,0.1443776232817031,train,1
S22932,1,5,2026-06-10,50,28,0.0003446256501731,0.0015766515980648,0.1348802053871019,train,1
S22935,1,6,2026-06-10,19,19,0.0002597583117766,0.0032352979468551,0.1030916178055346,train,1
S22993,1,1,2026-06-10,18,19,0.0003092857284998,0.0,0.1818053805544266,train,1
S22994,1,7,2026-06-10,46,16,0.0007702063056442,0.0,0.1631755613965844,train,1
S22996,1,7,2026-06-10,40,17,0.0003534903046906,0.0,0.1734805873697263,train,1
S22997,1,1,2026-06-10,41,17,0.0003361510647718,0.0,0.1265628828666359,train,1
S22998,1,7,2026-06-10,42,23,0.0004528814714824,0.0,0.1421727900123698,train,1
S23000,1,4,2026-06-10,53,15,0.0004400854309069,0.0,0.0984364380923384,train,1
S23001,1,13,2026-06-10,45,24,0.0004472831072228,0.0064689535784246,0.1120951778634203,train,1
S23004,1,10,2026-06-10,30,20,0.0003077988695919,0.0,0.0987662188966047,train,1
S23110,1,11,2026-06-10,45,31,0.0002743291453488,0.0,0.148948579526925,train,1
S23111,1,2,2026-06-10,24,30,0.003500407278293,0.0,0.346467930820953,train,1
S23114,1,17,2026-06-10,44,17,0.0009219804188653,0.0,0.179954227825411,train,1
S23342,1,18,2026-06-10,41,17,0.0004502749820943,0.0,0.1326226261330183,train,1
S23343,1,19,2026-06-10,37,31,0.0003191693515183,0.0,0.1642069079405358,train,1
S23347,1,25,2026-06-10,44,29,0.0011708557559308,0.0,0.2449636121079072,train,1
S23349,1,25,2026-06-10,48,16,0.0005578780712868,0.0,0.1552246858047695,train,1
S23350,1,11,2026-06-10,37,19,0.0004668619281302,0.0,0.1613639576072428,train,1
S23354,1,20,2026-06-10,35,15,0.0010097945439202,0.0,0.1503829278990773,train,1
S23546,1,22,2026-06-10,59,18,0.0004554836055396,0.0,0.1193228705666293,train,1
S23549,1,10,2026-06-10,47,20,0.0004729312085691,0.0,0.1279416284807498,train,1
S23552,1,14,2026-06-10,45,30,0.0003876495998985,0.0,0.140231748860567,train,1
S23556,1,5,2026-06-10,18,20,0.0003692342252523,0.0,0.1123650378808659,train,1
S23557,1,6,2026-06-10,51,20,0.0003575176393569,0.0,0.124534316307319,train,1
S23558,1,4,2026-06-10,50,16,0.0002308945942951,0.0,0.1082739590008238,train,1
S23559,1,4,2026-06-10,44,14,0.000323924513007,0.0,0.1568131948341241,train,1
S23561,1,5,2026-06-10,20,17,0.0004316853391474,0.0,0.1673105781648712,train,1
S23562,1,2,2026-06-10,39,22,0.001348938990542,0.0,0.1500112334478637,train,1
S23563,1,23,2026-06-10,63,25,0.0008105338948696,0.0,0.1020088311577878,train,1
S23564,1,4,2026-06-10,54,21,0.0003761112579577,0.0,0.0975997798043253,train,1
S23750,1,17,2026-06-10,45,32,0.0025377755445234,0.0,0.3397169957671293,train,1
S23751,1,22,2026-06-10,49,12,0.0027855138695912,0.0,0.3809696803387465,train,1
S23948,1,17,2026-06-10,62,25,0.0015559835878674,0.0,0.2168072461445377,train,1
S23949,1,17,2026-06-10,57,27,0.0006934428781105,0.0,0.2148132197790351,train,1
S23952,1,19,2026-06-10,50,20,0.000240666890665,0.0,0.1090216898559179,train,1
S23956,1,17,2026-06-10,47,13,0.000595516790699,0.0,0.1844762731116929,train,1
S23958,1,23,2026-06-10,26,15,0.0002625925429334,0.0,0.108107541231621,train,1
S23959,1,22,2026-06-10,55,17,0.0003326937698109,0.0,0.123008826008501,train,1
S23961,1,2,2026-06-10,21,23,0.0014225336073815,0.0,0.109498515196595,train,1
S23962,1,1,2026-06-10,40,31,0.000357446386776,0.0,0.1382662044861161,train,1
S23965,1,6,2026-06-10,49,23,0.0005736749082368,0.0,0.1419346966439721,train,1
S23967,1,12,2026-06-10,19,20,0.0006110317106608,0.0,0.1577281072908593,train,1
S23968,1,10,2026-06-10,20,27,0.0005214022294499,0.0,0.1357785546399314,train,1
S23971,1,10,2026-06-10,45,16,0.0003707936476045,0.0,0.0941465056586057,train,1
S23972,1,25,2026-06-10,44,21,0.0005109904101126,0.0,0.1175718447031366,train,1
S24338,1,20,2026-06-10,27,22,0.0003458186639318,0.0,0.1708448060275225,train,1
S24340,1,25,2026-06-10,29,14,0.0004995663940171,0.0,0.1784467346964194,train,1
S24380,1,25,2026-06-10,21,21,0.0004245379719535,0.0,0.104048807620127,train,1
S24382,1,8,2026-06-10,28,23,0.00036164048658,0.0,0.1636996128481161,train,1
S24383,1,11,2026-06-10,41,26,0.0002589491948041,0.0083574359319297,0.1175310996208664,train,1
S24384,1,12,2026-06-10,41,13,0.0005155032316601,0.0,0.2042590413323917,train,1
S24386,1,1,2026-06-10,58,19,0.0005944408046188,0.0,0.1089206243833994,train,1
S24389,1,7,2026-06-10,34,12,0.0004956466089096,0.0028264491950022,0.2459591825440437,train,1
S24390,1,7,2026-06-10,58,17,0.0003890935381031,0.0,0.249355174518479,train,1
S24391,1,7,2026-06-10,43,23,0.0003840595699944,0.0,0.1598357482040323,train,1
S24394,1,24,2026-06-10,38,20,0.0003845716644447,0.0,0.0810525978329769,train,1
S24395,1,22,2026-06-10,24,23,0.000460463773807,0.0,0.1437390999663332,train,1
S24396,1,17,2026-06-10,48,17,0.0005064204127772,0.0,0.1356618581594736,train,1
S24468,1,10,2026-06-10,39,21,0.0005424646315121,0.0,0.0969104548398954,train,1
S24469,1,13,2026-06-10,42,27,0.0004808440214967,0.0,0.1539677125702588,train,1
S24470,1,4,2026-06-10,24,17,0.0002460131637853,0.0,0.0949289061194725,train,1
S24472,1,24,2026-06-10,42,24,0.0004505048491785,0.0,0.1059663684081436,train,1
S24498,1,23,2026-06-10,43,25,0.0003400007544265,0.0,0.0823525718800764,train,1
S24500,1,22,2026-06-10,29,24,0.000334190695116,0.0,0.134224756346028,train,1
S24501,1,24,2026-06-10,46,18,0.0003967458358164,0.0,0.0989721852254395,train,1
S24502,1,4,2026-06-10,50,26,0.0003291008180042,0.0,0.1283567296416613,train,1
S24620,1,7,2026-06-10,32,14,0.0006777254030021,0.0,0.2049270930466383,train,1
S24705,1,4,2026-06-10,16,17,0.0033536076809029,0.0062542470993884,0.3002831217864532,train,1
S24712,1,12,2026-06-10,29,31,0.0030609576556063,0.0020830451857347,0.3441170623299863,train,1
S24713,1,11,2026-06-10,55,13,0.0035975969330949,0.0,0.4167404915175706,train,1
S24714,1,13,2026-06-10,25,13,0.0012301975634885,0.0,0.3521706122852594,train,1
S24961,1,17,2026-06-10,36,17,0.0005267162864275,0.0,0.1250872210542699,train,1
S25168,1,6,2026-06-10,32,19,0.0002356209664359,0.0,0.1310055255854834,train,1
S25169,1,7,2026-06-10,14,23,0.0010680724657565,0.0,0.2083828723938675,train,1
S25170,1,2,2026-06-10,48,18,0.0004825231131906,0.0,0.1316162605908373,train,1
S25172,1,2,2026-06-10,49,13,0.0006049432448874,0.0,0.2102353039222492,train,1
S25173,1,4,2026-06-10,44,25,0.0003967838229904,0.0,0.1064395162376381,train,1
S25174,1,24,2026-06-10,50,17,0.0004533578869395,0.0,0.1350997884932397,train,1
S25176,1,23,2026-06-10,27,16,0.0002988250247403,0.0,0.1191271586347256,train,1
S25231,1,24,2026-06-10,37,29,0.0005807461870486,0.0,0.1558339688645439,train,1
S25232,1,18,2026-06-10,61,20,0.0004609787976273,0.0060956165526038,0.2106606367216676,train,1
S25319,1,25,2026-06-10,28,25,0.0005960251065304,0.0,0.1177197958839631,train,1
S25320,1,1,2026-06-10,49,20,0.0003793430353632,0.0,0.179547263175041,train,1
S25321,1,12,2026-06-10,40,27,0.0004044907144858,0.0,0.1829421283579735,train,1
S25324,1,24,2026-06-10,31,22,0.0003395399255773,0.0,0.1092139730363332,train,1
S25325,1,25,2026-06-10,53,25,0.000486772964398,0.0,0.1445420029992707,train,1
S25326,1,25,2026-06-10,49,25,0.0004920998191442,0.0,0.1080442178213531,train,1
S25413,1,17,2026-06-10,32,30,0.0006748440383236,0.0,0.1766166392916363,train,1
S25534,1,23,2026-06-10,31,31,0.0035212037342917,0.0,0.290515631451503,train,1
S25842,1,18,2026-06-10,43,21,0.0004163667418598,0.0,0.121368721478422,train,1
S25843,1,20,2026-06-10,45,19,0.0003366767010275,0.0,0.1318500882081738,train,1
S25845,1,18,2026-06-10,60,19,0.0006943312680344,0.0,0.2063415593850411,train,1
S25848,1,22,2026-06-10,39,28,0.0003069586633763,0.0,0.1317553783067949,train,1
S25849,1,23,2026-06-10,50,20,0.0003723423253074,0.0,0.1090364558505644,train,1
S25851,1,22,2026-06-10,17,22,0.0003334995907087,0.0,0.1058630289072196,train,1
S25852,1,20,2026-06-10,58,27,0.0003808963083903,0.0,0.1428319261417933,train,1
S25853,1,23,2026-06-10,55,28,0.0004243602400593,0.0,0.1112667107903839,train,1
S25854,1,22,2026-06-10,25,27,0.0002793428212861,0.0,0.1156501598971338,train,1
S25855,1,1,2026-06-10,35,28,0.0002868537381167,0.0,0.1745640843663252,train,1
S25858,1,5,2026-06-10,38,15,0.0003306115160291,0.0,0.1075927544269906,train,1
S25860,1,16,2026-06-10,40,14,0.0003113699917593,0.0,0.1574817113374717,train,1
S25861,1,6,2026-06-10,53,28,0.0004228168864979,0.0,0.1390559638654082,train,1
S25863,1,6,2026-06-10,24,19,0.0005032226888039,0.0,0.1057131535358217,train,1
S25864,1,6,2026-06-10,54,28,0.0006595408623674,0.0,0.1561116100090141,train,1
S25865,1,16,2026-06-10,32,26,0.0003191196856545,0.0,0.1336750160258467,train,1
S25867,1,8,2026-06-10,33,20,0.0004283626870943,0.0,0.1367996294996403,train,1
S25999,1,17,2026-06-10,25,21,0.0012288998376959,0.0,0.1275286063814422,train,1
S26202,1,8,2026-06-10,35,13,0.0004435741696361,0.0,0.1923010292424131,train,1
S26204,1,10,2026-06-10,57,28,0.0005851740820038,0.0,0.1409666326340555,train,1
S26207,1,10,2026-06-10,40,17,0.0003075058329008,0.0,0.1080098545403994,train,1
S26208,1,11,2026-06-10,62,25,0.0003990824017763,0.0,0.1386616286523312,train,1
S26210,1,8,2026-06-10,53,21,0.0004570932017972,0.0,0.1505137861036534,train,1
S26211,1,13,2026-06-10,31,22,0.0004983500573974,0.0,0.1531341242474297,train,1
S26215,1,16,2026-06-10,41,26,0.0008534770840578,0.0,0.1243335222818629,train,1
S26216,1,6,2026-06-10,60,26,0.000993121185043,0.0,0.1359012472483418,train,1
S26217,1,6,2026-06-10,51,22,0.000675796898416,0.0,0.0981512559839656,train,1
S26218,1,4,2026-06-10,18,27,0.0005529381527064,0.0,0.1195932464189634,train,1
S26219,1,4,2026-06-10,17,17,0.0002871615248023,0.0,0.1502674945871623,train,1
S26220,1,2,2026-06-10,16,18,0.0010534966611683,0.0,0.1849093765566667,train,1
S26222,1,25,2026-06-10,56,20,0.0004066166016525,0.0,0.1537180037690802,train,1
S26223,1,25,2026-06-10,55,15,0.0005111947435084,0.0,0.1874927420506155,train,1
S26224,1,24,2026-06-10,35,16,0.0004153195043484,0.0,0.1624638693339023,train,1
S26225,1,17,2026-06-10,43,28,0.0007055763062876,0.0,0.1760927508994964,train,1
S26242,1,18,2026-06-10,27,24,0.0003709833905437,0.0,0.1263470755029642,train,1
S26243,1,25,2026-06-10,43,13,0.0004452676777254,0.0,0.1381068464649229,train,1
S26245,1,24,2026-06-10,28,30,0.0004521557658907,0.0,0.2035208725496999,train,1
S26246,1,20,2026-06-10,30,24,0.0004167678491482,0.0,0.1515999724180199,train,1
S26345,1,19,2026-06-10,47,21,0.0003421569983785,0.0,0.0931181220474519,train,1
S26348,1,19,2026-06-10,42,29,0.0002449565017914,0.0,0.1087112334530749,train,1
S26350,1,25,2026-06-10,63,24,0.0006245817262255,0.0091276400367309,0.19319896742009,train,1
S26351,1,24,2026-06-10,31,16,0.0003996640210663,0.0,0.1223389345145261,train,1
S26352,1,23,2026-06-10,34,28,0.0002715559468611,0.0,0.0655089821318801,train,1
S26354,1,1,2026-06-10,52,13,0.0003949673295854,0.0,0.175622122852291,train,1
S26356,1,14,2026-06-10,48,17,0.0004165341785013,0.0,0.1277645448196407,train,1
S26357,1,6,2026-06-10,39,17,0.0002486660802306,0.0,0.0793427445619878,train,1
S26358,1,16,2026-06-10,19,18,0.0004182447497872,0.0,0.0989467686439466,train,1
S26360,1,10,2026-06-10,36,16,0.000295171698719,0.0,0.1084743497231677,train,1
S26361,1,8,2026-06-10,36,17,0.0004215296189711,0.0,0.1837678067131584,train,1
S26596,1,4,2026-06-10,53,30,0.0030868601541979,0.0,0.3493014052106873,train,1
S26603,1,2,2026-06-10,48,22,0.0007436783251855,0.0012018155394507,0.1271695183807094,train,1
S26604,1,14,2026-06-10,53,15,0.0003057835382946,0.0,0.1425474456975898,train,1
S26979,1,17,2026-06-10,42,25,0.0007015228270928,0.0,0.1288279655708594,train,1
S27164,1,18,2026-06-10,58,29,0.0031350128533326,0.0037837837837837,0.3865057122035253,train,1
S27165,1,24,2026-06-10,33,32,0.0032850580639156,0.0100137008381689,0.3608624056477771,train,1
S27166,1,17,2026-06-10,17,27,0.0030806129164465,0.0084586077700542,0.3207820196981653,train,1
S27167,1,2,2026-06-10,37,32,0.0033209761862214,0.0063389299580125,0.3815186226867877,train,1
S27168,1,2,2026-06-10,33,32,0.003249201557928,0.00762129669386,0.3824412465725237,train,1
S27169,1,22,2026-06-10,43,32,0.0034647888880874,0.0050752609113003,0.4301815667953497,train,1
S27285,1,23,2026-06-10,41,14,0.0004902553163903,0.0,0.1108541797906236,train,1
S27286,1,25,2026-06-10,39,16,0.0003231599327335,0.0,0.1443167587586584,train,1
S27290,1,19,2026-06-10,16,20,0.0002723017478836,0.0,0.1536692812972551,train,1
S27311,1,22,2026-06-10,43,19,0.0003312768278919,0.0,0.1275179964210364,train,1
S27315,1,8,2026-06-10,47,15,0.0004036346682355,0.0,0.1834136157357268,train,1
S27316,1,24,2026-06-10,46,20,0.0003551681343332,0.0,0.1074294028623939,train,1
S27552,1,2,2026-06-10,55,21,0.000552206870993,0.0,0.1660994326945414,train,1
S27555,1,20,2026-06-10,53,20,0.0005134823460599,0.0,0.1403562359033026,train,1
S27557,1,19,2026-06-10,39,30,0.0003574327809356,0.0,0.1319411265648886,train,1
S27559,1,18,2026-06-10,51,30,0.0006654154157485,0.0,0.2027416143133872,train,1
S27564,1,25,2026-06-10,24,28,0.0004783332132773,0.0,0.1689575359141173,train,1
S27565,1,2,2026-06-10,33,19,0.0005229399515559,0.0,0.1771444743562986,train,1
S27566,1,4,2026-06-10,51,25,0.0003895909452082,0.0,0.150114368301962,train,1
S27567,1,5,2026-06-10,46,30,0.0003914716207939,0.0,0.1628778038994769,train,1
S27568,1,1,2026-06-10,15,20,0.0007725773578731,0.0,0.1572759700134832,train,1
S27571,1,5,2026-06-10,25,24,0.0002993650975743,0.0,0.0926957799672251,train,1
S27573,1,6,2026-06-10,45,18,0.0003586880759945,0.0,0.0729372243577991,train,1
S27574,1,7,2026-06-10,59,23,0.0005679205461081,0.0,0.1908232352608524,train,1
S27575,1,2,2026-06-10,31,28,0.0004302003176167,0.0,0.1577578964088309,train,1
S27576,1,5,2026-06-10,60,20,0.0004612819878149,0.0,0.1276261380439399,train,1
S27577,1,10,2026-06-10,35,13,0.0009214536581702,0.0,0.1244309568795992,train,1
S27578,1,12,2026-06-10,55,22,0.000547751081493,0.0,0.2160852088330777,train,1
S27579,1,10,2026-06-10,28,14,0.0008085783995834,0.0,0.1256287193815658,train,1
S27580,1,8,2026-06-10,35,17,0.000431083905008,0.0,0.1616381456005196,train,1
S27634,1,17,2026-06-10,31,28,0.0006828096223142,0.0,0.189873197242241,train,1
S27857,1,6,2026-06-10,27,31,0.0035946503732086,0.0,0.2874778120448041,train,1
S27858,1,5,2026-06-10,25,13,0.0037394626041534,0.0,0.4007145353847837,train,1
S27861,1,18,2026-06-10,52,31,0.0029769458447178,0.0,0.3463378992878724,train,1
S28182,1,23,2026-06-10,25,18,0.0003536024293819,0.0,0.1323500844726993,train,1
S28183,1,24,2026-06-10,26,20,0.0003880063500017,0.0,0.1348156069228135,train,1
S28185,1,2,2026-06-10,56,21,0.0019855451204789,0.0,0.1734689421005684,train,1
S28186,1,6,2026-06-10,49,15,0.0004106662225794,0.0,0.1556775585829772,train,1
S28187,1,7,2026-06-10,35,31,0.0009132359021092,0.0,0.2326759458204952,train,1
S28188,1,5,2026-06-10,34,12,0.0003993921823398,0.0,0.1884346286835061,train,1
S28190,1,1,2026-06-10,57,15,0.0005792782793255,0.0,0.1155941418725719,train,1
S28191,1,12,2026-06-10,63,18,0.0009542787247907,0.0,0.2158423739679397,train,1
S28192,1,8,2026-06-10,42,18,0.0003498810204453,0.0,0.12772902770534,train,1
S28215,1,8,2026-06-10,33,25,0.000557462044906,0.0,0.1629904087060984,train,1
S28216,1,10,2026-06-10,29,18,0.0003377882082824,0.0,0.1208443125766393,train,1
S28217,1,12,2026-06-10,41,15,0.0004200593048664,0.0,0.1758123804893444,train,1
S28218,1,12,2026-06-10,32,13,0.0005171361304575,0.0,0.257237612432881,train,1
S28220,1,12,2026-06-10,42,19,0.0006703930861779,0.0,0.2005717195883403,train,1
S28221,1,8,2026-06-10,42,19,0.0003671624277324,0.0,0.13805242044158,train,1
S28222,1,12,2026-06-10,38,24,0.0004747313445002,0.0,0.1868788199288809,train,1
S28224,1,14,2026-06-10,39,27,0.0003664190174045,0.0,0.0942207611287229,train,1
S28226,1,6,2026-06-10,18,19,0.0008751839595162,0.0,0.1381775081853163,train,1
S28228,1,7,2026-06-10,53,26,0.0006114224705586,0.0,0.1455608966698322,train,1
S28229,1,6,2026-06-10,33,15,0.0002623994343848,0.0,0.1249469204638088,train,1
S28230,1,5,2026-06-10,38,21,0.0003209039810204,0.0,0.1039684506570929,train,1
S28231,1,5,2026-06-10,32,19,0.0004305268977867,0.0,0.1093417987300114,train,1
S28232,1,22,2026-06-10,51,13,0.0003658625175719,0.0,0.1269414528888321,train,1
S28240,1,17,2026-06-10,19,23,0.0013432487474879,0.0,0.1594482556047524,train,1
S28241,1,17,2026-06-10,45,30,0.0009079987975224,0.0,0.2039820666610413,train,1
S28314,1,24,2026-06-10,51,13,0.0005762250119306,0.0,0.2018447578302729,train,1
S28315,1,25,2026-06-10,51,15,0.0004849541666331,0.0,0.1287003583077427,train,1
S28316,1,18,2026-06-10,46,18,0.0004050250119515,0.0,0.1155685297789852,train,1
S28320,1,18,2026-06-10,45,12,0.0004902777518004,0.0,0.216570083397129,train,1
S28533,1,17,2026-06-10,47,29,0.000987987370676,0.0,0.2360530572021865,train,1
S28574,1,23,2026-06-10,61,19,0.0004717689225424,0.0,0.1575306752733101,train,1
S28610,1,1,2026-06-10,58,24,0.0003231368092063,0.0,0.1664990520411158,train,1
S28611,1,14,2026-06-10,63,20,0.0005924728486787,0.0,0.1838388942172574,train,1
S28612,1,7,2026-06-10,47,27,0.0005676723546312,0.0,0.1597642541974558,train,1
S28613,1,5,2026-06-10,42,23,0.00039175687361,0.0,0.0925789039520655,train,1
S28614,1,6,2026-06-10,41,15,0.0004842460855759,0.0,0.1276363884913929,train,1
S28615,1,5,2026-06-10,56,26,0.0004308444286569,0.0,0.1560461369659895,train,1
S28616,1,2,2026-06-10,23,28,0.0014450203612982,0.0,0.1784190353758085,train,1
S28618,1,22,2026-06-10,58,21,0.0007205137058406,0.0,0.1877306773982036,train,1
S28872,1,13,2026-06-10,22,20,0.0007009719917075,0.0,0.2013220603479368,train,1
S28873,1,10,2026-06-10,35,30,0.0003543646166279,0.0,0.1073680574719006,train,1
S28876,1,5,2026-06-10,23,25,0.000337665110697,0.0,0.1243545260402394,train,1
S29057,1,14,2026-06-10,23,20,0.0003429447875512,0.0,0.1401669686956525,train,1
S29059,1,11,2026-06-10,59,27,0.0004458002504525,0.0,0.1284706776728722,train,1
S29063,1,24,2026-06-10,19,22,0.000453566342534,0.0,0.1321077934416407,train,1
S29064,1,2,2026-06-10,43,12,0.0017036922484812,0.0,0.1811422408105136,train,1
S29067,1,22,2026-06-10,45,27,0.0002651064808539,0.0,0.1016144177541251,train,1
S29244,1,8,2026-06-10,37,32,0.0034026263401858,0.007033085217785,0.3537034508297466,train,1
S29269,1,17,2026-06-10,47,24,0.0005079319866289,0.0044815653918551,0.1405393538834485,train,1
S29331,1,25,2026-06-10,33,14,0.0007956256336302,0.0,0.1717444669045616,train,1
S29332,1,20,2026-06-10,24,14,0.0005473002613835,0.0,0.1479526207256588,train,1
S29373,1,1,2026-06-10,17,27,0.003506838299744,0.0,0.3710251083224857,train,1
S29535,1,13,2026-06-10,60,24,0.0007546754736556,0.0,0.1583511799752915,train,1
S29536,1,13,2026-06-10,39,31,0.0007943373772234,0.0,0.1851777631868578,train,1
S29539,1,13,2026-06-10,54,29,0.0004742256080032,0.0,0.2287194482932425,train,1
S29540,1,13,2026-06-10,23,14,0.0010250924494001,0.0,0.2593085388381218,train,1
S29541,1,12,2026-06-10,34,18,0.0003734885687269,0.0,0.1785549470499086,train,1
S29546,1,2,2026-06-10,49,19,0.0008082535329412,0.0,0.146318418162699,train,1
S29547,1,4,2026-06-10,34,18,0.0002620655000735,0.0,0.0922034205882848,train,1
S29548,1,4,2026-06-10,29,23,0.0002785936388986,0.0,0.07512128923527,train,1
S29549,1,23,2026-06-10,14,23,0.0002876283786007,0.0,0.0870742990079026,train,1
S29556,1,17,2026-06-10,51,23,0.0010910628038522,0.0,0.1599740137599319,train,1
S29757,1,17,2026-06-10,47,28,0.0007799932456053,0.0,0.2144390378534805,train,1
S29862,1,12,2026-06-10,52,20,0.0008231520677659,0.0,0.1879428042062786,train,1
S29863,1,13,2026-06-10,36,18,0.000455390100361,0.0,0.1294563075236056,train,1
S30144,1,19,2026-06-10,33,23,0.000278345683209,0.0,0.0992316054665561,train,1
S30145,1,19,2026-06-10,41,23,0.0003088626906526,0.0,0.120880889098258,train,1
S30147,1,17,2026-06-10,22,15,0.0006955625911872,0.0,0.202937547249281,train,1
S30149,1,23,2026-06-10,32,12,0.0003658859400301,0.0,0.118918911179881,train,1
S30150,1,23,2026-06-10,40,19,0.0003040218518678,0.0,0.1411706481361047,train,1
S30151,1,22,2026-06-10,21,18,0.0004381900142524,0.0,0.1528249789243205,train,1
S30152,1,22,2026-06-10,48,30,0.0005626940450615,0.0,0.1112229550638221,train,1
S30153,1,24,2026-06-10,36,22,0.0005526972302187,0.0,0.0951792678576782,train,1
S30155,1,5,2026-06-10,48,26,0.0006379412100484,0.0,0.1300932108605975,train,1
S30156,1,2,2026-06-10,53,23,0.0005289864499007,0.0,0.121545174890592,train,1
S30158,1,1,2026-06-10,25,17,0.000453928412901,0.0,0.1150643113762357,train,1
S30160,1,6,2026-06-10,47,17,0.0003429168645112,0.0,0.0782006442480271,train,1
S30161,1,1,2026-06-10,19,26,0.0006429467048696,0.0,0.1634802273346519,train,1
S30162,1,6,2026-06-10,35,16,0.000274940155425,0.0,0.0919934605479446,train,1
S30163,1,5,2026-06-10,29,17,0.0003408099719374,0.0,0.1216773937228377,train,1
S30164,1,5,2026-06-10,22,18,0.0003956790990179,0.0,0.1403570127452122,train,1
S30165,1,16,2026-06-10,45,20,0.0003418025578467,0.0,0.0895672082019178,train,1
S30166,1,12,2026-06-10,31,26,0.0005981943804667,0.0,0.1287439544259561,train,1
S30167,1,10,2026-06-10,28,23,0.0003586840585501,0.0,0.1462718041895875,train,1
S30170,1,11,2026-06-10,49,17,0.0003898884651935,0.0,0.1265057932593067,train,1
S30172,1,10,2026-06-10,19,25,0.0005998899471119,0.0,0.0795249684261221,train,1
S30174,1,1,2026-06-10,39,16,0.0003553670268126,0.0,0.1340977495354015,train,1
S30189,1,4,2026-06-10,53,18,0.0005589036039564,0.0,0.1000529884312984,train,1
S30190,1,25,2026-06-10,40,29,0.0005325321968196,0.0008367721807764,0.1720646849353391,train,1
S30258,1,17,2026-06-10,24,30,0.0033424409205724,0.0,0.4008599166667613,train,1
S30964,1,14,2026-06-10,16,20,0.0005624176559769,0.0,0.1460698903128908,train,1
S30967,1,19,2026-06-10,44,18,0.0003230371150161,0.0,0.0977139261419722,train,1
S30969,1,18,2026-06-10,36,26,0.000277687784413,0.0,0.1822423416443895,train,1
S30970,1,23,2026-06-10,30,26,0.0002912313008848,0.0,0.0712084787200191,train,1
S30971,1,22,2026-06-10,26,18,0.0003203474804858,0.0,0.0878003146767426,train,1
S30972,1,20,2026-06-10,36,12,0.0004677618308857,0.0,0.1643228316041504,train,1
S30973,1,25,2026-06-10,29,17,0.0005173472784323,0.0,0.1379383981341764,train,1
S30974,1,23,2026-06-10,29,13,0.0003161784584085,0.0,0.1458714809315695,train,1
S30977,1,20,2026-06-10,39,25,0.0003112283641242,0.0,0.1083770622690881,train,1
S30978,1,5,2026-06-10,53,27,0.0004725344962237,0.0,0.1217731995102539,train,1
S30980,1,2,2026-06-10,20,19,0.0014597162532877,0.0,0.1358475906055631,train,1
S30981,1,4,2026-06-10,25,16,0.0004245875745652,0.0,0.1112289981959297,train,1
S30982,1,2,2026-06-10,46,19,0.0008224203321125,0.0,0.1217159758583392,train,1
S30987,1,16,2026-06-10,25,29,0.0004480987987231,0.0,0.1177059476273165,train,1
S30988,1,16,2026-06-10,52,25,0.0003230517405401,0.0,0.0877571781700942,train,1
S30990,1,11,2026-06-10,14,23,0.0003983999438313,0.0,0.1345241803161354,train,1
S30991,1,11,2026-06-10,60,22,0.0004829142078441,0.0,0.13802247630783,train,1
S31339,1,8,2026-06-10,54,15,0.0005507909470286,0.0,0.1542647751479718,train,1
S31343,1,12,2026-06-10,22,16,0.0005931046666796,0.0,0.2165015152680093,train,1
S31344,1,13,2026-06-10,43,27,0.0004259036394391,0.0,0.1647501806402263,train,1
S31345,1,11,2026-06-10,63,25,0.0005292691633539,0.0,0.1233813087621391,train,1
S31348,1,11,2026-06-10,54,20,0.0004409875266662,0.0,0.1523911528041261,train,1
S31351,1,13,2026-06-10,13,22,0.0012627333419372,0.0,0.237116806013187,train,1
S31352,1,16,2026-06-10,34,21,0.0003024771162791,0.0,0.0715116212408645,train,1
S31353,1,12,2026-06-10,33,18,0.00042253059303,0.0,0.1629125510973307,train,1
S31354,1,24,2026-06-10,21,19,0.0005539183245548,0.0,0.127592931109956,train,1
S31355,1,4,2026-06-10,44,30,0.0003409092391304,0.0,0.1468417736439772,train,1
S31356,1,24,2026-06-10,35,13,0.0005095752931823,0.0,0.1824047279247927,train,1
S31361,1,17,2026-06-10,48,20,0.0010569785690197,0.0,0.1424203890043024,train,1
S31606,1,17,2026-06-10,19,15,0.0031855901548437,0.0,0.3739495029240363,train,1
S31607,1,6,2026-06-10,54,13,0.0038011864905952,0.0064809743629867,0.3221629992727138,train,1
S31611,1,18,2026-06-10,57,14,0.0028885176356128,0.0048512889591691,0.348385653596015,train,1
S31659,1,19,2026-06-10,44,25,0.000286081688957,0.0,0.118769864994301,train,1
S31663,1,20,2026-06-10,43,18,0.0003988384654927,0.0,0.1653291714931655,train,1
S31664,1,18,2026-06-10,37,17,0.0005281368877555,0.0,0.1360033825321117,train,1
S31775,1,18,2026-06-10,25,14,0.0006031095576235,0.0,0.1390891783347106,train,1
S32154,1,23,2026-06-10,55,30,0.0032481832966202,0.004435222988198,0.3223094834132119,train,1
S32156,1,16,2026-06-10,43,32,0.0034461973350327,0.0,0.3706893745083455,train,1
S32157,1,13,2026-06-10,50,31,0.0027627473383702,0.0,0.3769377848329298,train,1
S32158,1,13,2026-06-10,60,15,0.0032522722300876,0.0,0.3902919978993973,train,1
S32226,1,19,2026-06-10,25,27,0.0003896427119126,0.0,0.105360545593431,train,1
S32227,1,18,2026-06-10,29,13,0.0004077994943034,0.0,0.1631570435270742,train,1
S32397,1,25,2026-06-10,57,23,0.0004501236285696,0.0,0.1240535351061527,train,1
S32398,1,24,2026-06-10,18,25,0.0010660911186507,0.0,0.2033307714159589,train,1
S32399,1,8,2026-06-10,39,28,0.0004726664904931,0.0,0.1292988806278416,train,1
S32400,1,10,2026-06-10,50,25,0.0004868919536534,0.0,0.1231564550189729,train,1
S32401,1,10,2026-06-10,18,24,0.0005052335691685,0.0,0.097472457728308,train,1
S32402,1,25,2026-06-10,20,22,0.0005200975523839,0.0,0.1424148491347604,train,1
S32403,1,11,2026-06-10,38,23,0.0003526610443651,0.0,0.1712152569593718,train,1
S32404,1,5,2026-06-10,15,19,0.0005018055596321,0.0,0.2055771428332702,train,1
S32405,1,14,2026-06-10,44,15,0.0004331791451489,0.0,0.0934640828981265,train,1
S32406,1,7,2026-06-10,55,26,0.0006029570149975,0.0,0.1494185016445997,train,1
S32407,1,5,2026-06-10,31,14,0.0004251607038904,0.0,0.1233835178442394,train,1
S32410,1,4,2026-06-10,42,31,0.000624752551644,0.0,0.1685282192336419,train,1
S32411,1,22,2026-06-10,28,29,0.0003885565117938,0.0,0.1270418356949995,train,1
S32412,1,22,2026-06-10,16,18,0.0003528832949493,0.0,0.1036728244805579,train,1
S32415,1,20,2026-06-10,57,22,0.0004607486225651,0.0,0.1404702748577397,train,1
S32835,1,5,2026-06-10,57,29,0.003435152666566,0.0,0.3475646322510843,train,1
S33006,1,2,2026-06-10,30,22,0.0007061709271434,0.0,0.1294938375289068,train,1
S33007,1,13,2026-06-10,45,20,0.0006177189521417,0.0,0.1231205127677815,train,1
S33008,1,12,2026-06-10,51,23,0.0004089828114679,0.0051638509652349,0.1972864839361384,train,1
S33010,1,19,2026-06-10,47,15,0.0002484826145947,0.0,0.1464734271029376,train,1
S33014,1,18,2026-06-10,62,26,0.0011782444201915,0.0051832384289677,0.2110192202123489,train,1
S33015,1,19,2026-06-10,42,24,0.0002543720970394,0.0,0.1396929930965766,train,1
S33017,1,2,2026-06-10,20,16,0.0006609021239047,0.0051705393694438,0.142356248182954,train,1
S33019,1,1,2026-06-10,23,20,0.0002871505546995,0.0,0.1473960866492231,train,1
S33020,1,2,2026-06-10,27,29,0.0008181618004214,0.0,0.1430563804552352,train,1
S33021,1,1,2026-06-10,23,25,0.0004544384276331,0.0,0.1482837010115291,train,1
S33026,1,14,2026-06-10,23,24,0.0004418500481705,0.0,0.1551428021799812,train,1
S33086,1,5,2026-06-10,46,31,0.0004612725628193,0.0,0.1573609135776353,train,1
S33473,1,23,2026-06-10,63,17,0.0033844131380954,0.0,0.3586331777944271,train,1
S33556,1,16,2026-06-10,42,29,0.0004628465282999,0.0,0.1270721870934536,train,1
S33671,1,25,2026-06-10,48,18,0.0004862673998897,0.0,0.1823879366184982,train,1
S33672,1,20,2026-06-10,20,19,0.0004266106026195,0.0,0.1268505346746481,train,1
S33770,1,2,2026-06-10,23,24,0.0009302854540837,0.0,0.1664779557233452,train,1
S33771,1,10,2026-06-10,61,24,0.0005113019500538,0.0,0.1325427262708623,train,1
S33772,1,16,2026-06-10,36,27,0.0003430688778798,0.0,0.0937444865808932,train,1
S33773,1,8,2026-06-10,47,29,0.0004883429215456,0.0,0.1516702510651509,train,1
S33774,1,14,2026-06-10,39,17,0.0002926232769269,0.0,0.1070770712945618,train,1
S33775,1,6,2026-06-10,56,17,0.0002696315268854,0.0,0.1137107833943544,train,1
S33777,1,7,2026-06-10,33,15,0.0004387598346514,0.0,0.2163446003556558,train,1
S33778,1,1,2026-06-10,35,26,0.0002600687775453,0.0,0.133898406754946,train,1
S33779,1,20,2026-06-10,28,14,0.0004539334070071,0.0,0.1332914205761293,train,1
S33780,1,25,2026-06-10,62,17,0.0012781197923651,0.0,0.2059645950774447,train,1
S33843,1,14,2026-06-10,53,13,0.0037137154204288,0.0,0.2749812224985461,train,1
S33917,1,17,2026-06-10,35,15,0.0005329017164479,0.0,0.1857954789546854,train,1
S33918,1,19,2026-06-10,45,26,0.0003359707641542,0.0,0.1171788109183076,train,1
S33921,1,19,2026-06-10,38,20,0.0002899778979057,0.0,0.131242036317636,train,1
S33922,1,19,2026-06-10,22,16,0.0003405951941039,0.0,0.1254638116270063,train,1
S33923,1,18,2026-06-10,14,23,0.0012175111223093,0.0,0.2082271290820578,train,1
S33924,1,20,2026-06-10,46,16,0.0003420465650591,0.0046725237739325,0.1266997340434568,train,1
S34419,1,18,2026-06-10,51,24,0.0005196003355179,0.0,0.1635708786194095,train,1
S34421,1,19,2026-06-10,42,20,0.0004269504456828,0.0,0.1272261803102183,train,1
S34423,1,19,2026-06-10,39,12,0.0003463609798166,0.0,0.1498855952542462,train,1
S34485,1,17,2026-06-10,47,31,0.0007267419583194,0.0,0.277217323290212,train,1
S34486,1,22,2026-06-10,26,13,0.0037631155308401,0.0,0.3543425293478732,train,1
S34487,1,6,2026-06-10,16,17,0.0034827786322919,0.0,0.3957924270258639,train,1
S34603,1,22,2026-06-10,21,26,0.0004084328599288,0.0,0.129509949880253,train,1
S34604,1,25,2026-06-10,20,25,0.0004941297920185,0.0,0.1397585295978328,train,1
S34605,1,23,2026-06-10,46,31,0.000308525124006,0.0,0.1128869497057585,train,1
S34606,1,1,2026-06-10,17,17,0.0005685558632368,0.0,0.1667498900139898,train,1
S34608,1,4,2026-06-10,33,16,0.000259793954286,0.0,0.1023647828922758,train,1
S34609,1,5,2026-06-10,36,27,0.0003790990819073,0.0,0.1357542235970079,train,1
S34612,1,5,2026-06-10,48,15,0.0003810947309512,0.0,0.125699018001934,train,1
S34614,1,16,2026-06-10,19,21,0.000299020492162,0.0,0.0925512962835837,train,1
S34616,1,8,2026-06-10,32,22,0.0004092654220467,0.0,0.1667134842170781,train,1
S34743,1,17,2026-06-10,35,23,0.0008062793653472,0.0,0.1469687823739046,train,1
S34859,1,10,2026-06-10,36,27,0.0003146424764812,0.0,0.1149505874259601,train,1
S34862,1,10,2026-06-10,53,27,0.0003229283282487,0.0,0.1068861815394376,train,1
S34865,1,10,2026-06-10,22,17,0.0003650967617249,0.0,0.1482873581788067,train,1
S34867,1,12,2026-06-10,28,30,0.0008756386966394,0.0,0.3020192345306998,train,1
S34871,1,14,2026-06-10,31,17,0.000297854966996,0.0,0.1151854827399106,train,1
S34872,1,14,2026-06-10,31,16,0.0003429509025658,0.0,0.1185879026318688,train,1
S34873,1,14,2026-06-10,29,14,0.0003544682955124,0.0,0.097609998470212,train,1
S34875,1,14,2026-06-10,15,20,0.0003174012548547,0.0,0.1432660558109337,train,1
S34876,1,16,2026-06-10,42,16,0.0003513626123505,0.0,0.1054050780901082,train,1
S34877,1,16,2026-06-10,34,19,0.0002920386551954,0.0,0.0939458122947205,train,1
S34879,1,6,2026-06-10,50,14,0.0002879463456228,0.0,0.1415500360531999,train,1
S34880,1,7,2026-06-10,19,18,0.0008364702913517,0.0,0.2641236287378121,train,1
S34881,1,6,2026-06-10,20,23,0.0004561159178572,0.0,0.092735082081604,train,1
S34882,1,5,2026-06-10,18,21,0.0004983212060643,0.0,0.1638679663182718,train,1
S34883,1,6,2026-06-10,50,25,0.0007409865852648,0.0,0.1223533704322011,train,1
S34886,1,7,2026-06-10,26,15,0.0012630162577729,0.0,0.1916621596528901,train,1
S34888,1,6,2026-06-10,50,24,0.00031317106324,0.0,0.091778327895133,train,1
S34889,1,2,2026-06-10,30,21,0.0013453295288517,0.0,0.1414172823739758,train,1
S34890,1,2,2026-06-10,40,18,0.0005692238503512,0.0,0.1237317963987185,train,1
S34895,1,20,2026-06-10,51,22,0.0004069452450134,0.0,0.1396838502047698,train,1
S34896,1,24,2026-06-10,43,15,0.0003697617677847,0.0,0.1029992183426297,train,1
S34897,1,22,2026-06-10,61,27,0.0003540665998757,0.0148846960167714,0.1808512275195065,train,1
S34988,1,25,2026-06-10,42,19,0.0004472743428255,0.0,0.1099021973143071,train,1
S34990,1,20,2026-06-10,59,26,0.0004480204784544,0.0,0.1605177836838282,train,1
S35527,1,22,2026-06-10,48,16,0.0002858217718193,0.0,0.1102701044830814,train,1
S35528,1,22,2026-06-10,34,18,0.0002839141327674,0.0,0.0790808565919211,train,1
S35529,1,1,2026-06-10,44,27,0.0003592875579689,0.0,0.1649579898799831,train,1
S35530,1,16,2026-06-10,23,26,0.0004294237065937,0.0,0.0769333865356756,train,1
S35531,1,7,2026-06-10,49,29,0.0006345312261333,0.0,0.2452356067013801,train,1
S35532,1,14,2026-06-10,38,24,0.0002695467400839,0.0,0.0871390229332028,train,1
S35533,1,11,2026-06-10,42,12,0.0003350910223247,0.0,0.1684532492021428,train,1
S35534,1,1,2026-06-10,52,28,0.0003023633487143,0.0,0.1356052454448744,train,1
S35535,1,10,2026-06-10,61,22,0.0004053978508507,0.0,0.1250056201056248,train,1
S35536,1,13,2026-06-10,60,21,0.0009170150670895,0.0,0.1406698042890004,train,1
S36008,1,4,2026-06-10,27,12,0.003810916300203,0.0,0.3283433903612884,train,1
S36010,1,20,2026-06-10,16,17,0.0035946878750608,0.0020155812133231,0.3826048313196184,train,1
S36018,1,8,2026-06-10,57,19,0.0004858374554273,0.0,0.1657250780790895,train,1
S36019,1,12,2026-06-10,35,25,0.0005021754198155,0.0,0.1776716420401692,train,1
S36020,1,11,2026-06-10,20,24,0.0004257369227166,0.0,0.1465359851910053,train,1
S36022,1,4,2026-06-10,54,15,0.0003143772279032,0.0,0.1161073858205073,train,1
S36023,1,24,2026-06-10,58,26,0.000443485388925,0.0,0.1465189356983102,train,1
S36024,1,4,2026-06-10,43,24,0.0005933327250637,0.0,0.1407297540715336,train,1
S36050,1,22,2026-06-10,44,22,0.0003356602989431,0.0,0.1227781802443739,train,1
S36052,1,19,2026-06-10,24,25,0.0002921765869899,0.0,0.1239000173674758,train,1
S36054,1,11,2026-06-10,56,16,0.0003561144651308,0.0,0.1127631573282296,train,1
S36117,1,5,2026-06-10,26,20,0.0004326512457115,0.0,0.0987757884036792,train,1
S36119,1,16,2026-06-10,19,22,0.0003767505746363,0.0,0.1199935373996221,train,1
S36121,1,11,2026-06-10,26,15,0.0004103185472279,0.0,0.1670204800268731,train,1
S36122,1,8,2026-06-10,30,15,0.0003013167138817,0.0,0.1900771552388896,train,1
S36123,1,23,2026-06-10,45,14,0.0003423682013549,0.0,0.1027198367774963,train,1
S36247,1,1,2026-06-10,39,11,0.0034333524880245,0.0,0.4149900018617936,train,1
S36279,1,25,2026-06-10,14,25,0.0034119255247013,0.0,0.4486021719880184,train,1
S36382,1,1,2026-06-10,22,27,0.000347138331592,0.0,0.1322525320326037,train,1
S36385,1,19,2026-06-10,33,27,0.0002859734608679,0.0,0.1089658730795122,train,1
S36388,1,18,2026-06-10,61,25,0.0007047096562432,0.0,0.1725881970962334,train,1
S36389,1,23,2026-06-10,59,25,0.0005686429375568,0.0,0.1421725167029169,train,1
S36390,1,23,2026-06-10,31,23,0.000328114958921,0.0,0.1194325959201232,train,1
S36391,1,20,2026-06-10,40,29,0.0004375140942872,0.0,0.179225070979088,train,1
S36392,1,23,2026-06-10,17,26,0.0003367309759452,0.0,0.1109558196033278,train,1
S36394,1,22,2026-06-10,38,18,0.0003778449368082,0.0,0.0941472947351837,train,1
S36397,1,24,2026-06-10,26,25,0.0006063498359697,0.0,0.1365784135571035,train,1
S36398,1,2,2026-06-10,17,18,0.0013434682441607,0.0,0.1296359575400631,train,1
S36399,1,25,2026-06-10,49,29,0.0005395129731945,0.0,0.1805250241305708,train,1
S36403,1,1,2026-06-10,48,15,0.0003015816119971,0.0,0.1668392825959891,train,1
S36405,1,2,2026-06-10,45,30,0.0005056663446179,0.0,0.1353469726228197,train,1
S36408,1,5,2026-06-10,39,18,0.0004317392754331,0.0,0.1109883998711119,train,1
S36410,1,7,2026-06-10,42,15,0.0004782513874072,0.0,0.184125588554342,train,1
S36411,1,6,2026-06-10,31,20,0.0003292758219736,0.0,0.1156557782589841,train,1
S36413,1,6,2026-06-10,45,21,0.0002952840790482,0.0,0.1112877833904991,train,1
S36416,1,16,2026-06-10,33,26,0.0003049219420505,0.0,0.1049929455982866,train,1
S36418,1,11,2026-06-10,28,21,0.0004455964459045,0.0,0.1393690577252348,train,1
S36419,1,11,2026-06-10,46,25,0.0004198558913178,0.0,0.1800043691267834,train,1
S36421,1,10,2026-06-10,27,14,0.0002846831229274,0.0047545249301649,0.0751553251133126,train,1
S36422,1,10,2026-06-10,35,15,0.0003429932036541,0.0,0.1272893500603303,train,1
S36425,1,12,2026-06-10,30,19,0.0006946571104957,0.0,0.1791314045156152,train,1
S36428,1,12,2026-06-10,46,28,0.0007101909531527,0.0,0.1931228181666703,train,1
S36430,1,14,2026-06-10,40,29,0.0003629311910903,0.0,0.1356658673309597,train,1
S36432,1,8,2026-06-10,29,13,0.0004861375811541,0.0,0.1794132368563726,train,1
S36433,1,8,2026-06-10,28,21,0.0003674904380066,0.0,0.1784546705140253,train,1
S36434,1,8,2026-06-10,31,22,0.0004203687901731,0.0,0.1336478948068566,train,1
S36435,1,8,2026-06-10,62,24,0.0008312661134641,0.0,0.1764371977694388,train,1
S36436,1,8,2026-06-10,57,25,0.0005286144821917,0.0,0.2640136175188606,train,1
S36439,1,1,2026-06-10,44,19,0.000291282227463,0.0,0.1604214704221546,train,1
S36881,1,6,2026-06-10,22,29,0.0033373670934593,0.0,0.3585280602917519,train,1
S36886,1,8,2026-06-10,62,27,0.0031885831194826,0.0,0.3536685931726094,train,1
S36887,1,20,2026-06-10,44,32,0.0034554942091884,0.0,0.3602687505386758,train,1
S36890,1,17,2026-06-10,38,31,0.0007187259260154,0.0,0.2059753644629891,train,1
S36891,1,17,2026-06-10,55,24,0.0008243309586963,0.0,0.1567318278622771,train,1
S36892,1,17,2026-06-10,13,21,0.0014017068525107,0.0,0.2438434595395697,train,1
S36908,1,24,2026-06-10,30,14,0.0004891386015858,0.0,0.1584624140419854,train,1
S36910,1,23,2026-06-10,53,17,0.0002215099950028,0.0,0.0912027788859559,train,1
S36913,1,18,2026-06-10,33,29,0.0004578473567247,0.0,0.1408767231258845,train,1
S36914,1,19,2026-06-10,35,28,0.0003167178554909,0.0,0.1341031924473958,train,1
S36915,1,19,2026-06-10,34,15,0.0002964356866692,0.0,0.1516125617172015,train,1
S37038,1,18,2026-06-10,57,25,0.0007741625635494,0.0,0.1614794276676591,train,1
S37039,1,18,2026-06-10,31,26,0.0004432188910519,0.0,0.1510855996616078,train,1
S37043,1,22,2026-06-10,48,23,0.0003068274053802,0.0,0.1179029069493709,train,1
S37045,1,5,2026-06-10,28,27,0.0004731077165571,0.0,0.1865822227161105,train,1
S37047,1,5,2026-06-10,53,19,0.00042662179883,0.0,0.176976305248694,train,1
S37048,1,12,2026-06-10,36,29,0.0005948698400395,0.0,0.154074187706888,train,1
S37050,1,11,2026-06-10,44,31,0.0003147538124053,0.0,0.1147298536286648,train,1
S37051,1,10,2026-06-10,38,21,0.0006219633621573,0.0,0.0798144539880192,train,1
S37053,1,8,2026-06-10,41,25,0.0003962889405631,0.0,0.1521270653377215,train,1
S37054,1,8,2026-06-10,45,30,0.0005870840806643,0.0,0.196162463408981,train,1
S37055,1,13,2026-06-10,53,18,0.0004063795466752,0.0,0.156961972590868,train,1
S37208,1,1,2026-06-10,48,12,0.0035481803416921,0.0,0.2758703517932248,train,1
S37389,1,12,2026-06-10,27,14,0.0004835189962108,0.0,0.1619658548907297,train,1
S37390,1,16,2026-06-10,37,23,0.0003203608973705,0.0,0.0881335332988157,train,1
S37392,1,6,2026-06-10,35,31,0.0006184275310021,0.0,0.1632622807253342,train,1
S37393,1,4,2026-06-10,26,18,0.0002380293266293,0.0,0.0886564625572087,train,1
S37395,1,1,2026-06-10,43,22,0.000508898233836,0.0,0.1334861260960634,train,1
S37396,1,24,2026-06-10,54,24,0.0005491108568841,0.0,0.140851652164279,train,1
S37398,1,17,2026-06-10,39,27,0.0009221171260688,0.0,0.1766918821850967,train,1
S37413,1,11,2026-06-10,30,20,0.0003681045787332,0.0,0.1526686008666495,train,1
S37827,1,24,2026-06-10,53,13,0.0035094242054782,0.0,0.396420748099663,train,1
S37828,1,25,2026-06-10,52,31,0.0027989875281399,0.0,0.3999750926780223,train,1
S38126,1,7,2026-06-10,17,27,0.0027704714226838,0.0122451996517797,0.4042381615751764,train,1
S38128,1,19,2026-06-10,31,31,0.0034624652386348,0.0141019311417173,0.3531511456784608,train,1
S38129,1,22,2026-06-10,21,29,0.0033958444620671,0.0041279069767441,0.3741292508318374,train,1
S38541,1,16,2026-06-10,44,22,0.0003101873774737,0.0,0.1193960873222356,train,1
S38542,1,6,2026-06-10,17,25,0.0013527889388776,0.0,0.1282334304244365,train,1
S38546,1,1,2026-06-10,56,15,0.0004519387190812,0.0,0.138335437525867,train,1
S38561,1,19,2026-06-10,21,26,0.0003182812428125,0.0,0.1688312334095638,train,1
S38563,1,25,2026-06-10,40,12,0.0010192297113424,0.0,0.2064476365400934,train,1
S38567,1,19,2026-06-10,47,28,0.0004018973435488,0.0,0.1136782582349257,train,1
S38568,1,19,2026-06-10,56,18,0.0002930794648898,0.0,0.1000654333919029,train,1
S38935,1,13,2026-06-10,28,24,0.0006068195832566,0.0,0.1270702285128837,train,1
S39002,1,22,2026-06-10,41,16,0.0003047302352816,0.0,0.134177694441011,train,1
S39003,1,24,2026-06-10,36,12,0.0004222864380689,0.0,0.1847235802722783,train,1
S39006,1,2,2026-06-10,44,29,0.0006266345987088,0.0,0.1455561573748817,train,1
S39007,1,16,2026-06-10,30,23,0.0002982094616851,0.0,0.08283416499141,train,1
S39008,1,14,2026-06-10,19,23,0.0003913565276759,0.0,0.1223568818815914,train,1
S39011,1,11,2026-06-10,39,18,0.0005640932346783,0.0,0.1275832853645081,train,1
S39012,1,8,2026-06-10,42,16,0.0003517855556046,0.0,0.1406931715958478,train,1
S39013,1,12,2026-06-10,63,23,0.0013253165560808,0.0,0.2332931596000476,train,1
S39015,1,12,2026-06-10,60,25,0.0008161410031407,0.0,0.2480529103573856,train,1
S39016,1,8,2026-06-10,35,23,0.0005360730641044,0.0,0.2025917230756944,train,1
S39018,1,8,2026-06-10,22,27,0.0005376794723552,0.0,0.1848466691475347,train,1
S39019,1,16,2026-06-10,42,17,0.0003133214360775,0.0,0.0887643583661902,train,1
S39020,1,14,2026-06-10,21,17,0.0003593048813297,0.0,0.1240340890098295,train,1
S39094,1,22,2026-06-10,50,21,0.0003621413651245,0.0,0.1152211849343924,train,1
S39377,1,20,2026-06-10,51,25,0.0004321442394036,0.0,0.1321095985519635,train,1
S39378,1,23,2026-06-10,48,15,0.0003718115407209,0.0,0.1317598610510611,train,1
S39379,1,7,2026-06-10,45,26,0.0004428815769794,0.0,0.1598080870591239,train,1
S39380,1,16,2026-06-10,48,14,0.000300945311805,0.0,0.1167502504643974,train,1
S39382,1,4,2026-06-10,35,12,0.0002749219171524,0.0,0.1202416112057266,train,1
S39385,1,12,2026-06-10,29,19,0.000454655220222,0.0,0.1587920410493178,train,1
S39561,1,8,2026-06-10,49,27,0.0004421036702668,0.0,0.1885993767839325,train,1
S39562,1,8,2026-06-10,50,14,0.0003887159090091,0.0,0.1467738984336414,train,1
S39563,1,13,2026-06-10,35,24,0.0003839537186315,0.0,0.1102533915933658,train,1
S39566,1,13,2026-06-10,51,13,0.0014775088720986,0.0,0.2485453743377201,train,1
S39567,1,5,2026-06-10,51,28,0.0004536300502442,0.0,0.1571749425362295,train,1
S39570,1,4,2026-06-10,51,14,0.0002817100048828,0.0,0.1156340601337997,train,1
S39571,1,2,2026-06-10,37,15,0.0006079766353771,0.0,0.1545374440117016,train,1
S39572,1,25,2026-06-10,41,27,0.0004707708064926,0.0,0.1291491128178197,train,1
S39577,1,17,2026-06-10,54,19,0.000606758739792,0.0,0.1348139645645554,train,1
S39596,1,18,2026-06-10,15,18,0.0007641205080094,0.0,0.1999132852294376,train,1
S39597,1,17,2026-06-10,44,14,0.0004976172345348,0.0,0.1392747391193054,train,1
S39599,1,23,2026-06-10,42,20,0.000365612100513,0.0,0.117195350293665,train,1
S39745,1,12,2026-06-10,21,29,0.003061403864333,0.0,0.412380571324286,train,1
S39924,1,8,2026-06-10,14,18,0.0033335451229323,0.0,0.3715243803661023,train,1
S40563,1,18,2026-06-10,35,23,0.0005151196709447,0.0,0.1622031250167488,train,1
S40564,1,23,2026-06-10,42,22,0.000359735923936,0.0,0.1286095910440291,train,1
S40881,1,4,2026-06-10,21,29,0.0036173022443558,0.0021094091532228,0.3822866044687236,train,1
S40885,1,16,2026-06-10,57,14,0.0027377061339601,0.0021355402014368,0.3818462455146316,train,1
S40886,1,18,2026-06-10,41,32,0.0025683934577361,0.0064404100092005,0.374088945125389,train,1
S40925,1,10,2026-06-10,31,21,0.0003143798070158,0.0,0.0692018103412299,train,1
S40927,1,14,2026-06-10,38,30,0.0003789320465139,0.0,0.1705425230260175,train,1
S40928,1,12,2026-06-10,57,18,0.0005252147084429,0.0,0.1983826266927916,train,1
S40929,1,13,2026-06-10,36,21,0.0005492317628784,0.0,0.1521158474614412,train,1
S40930,1,6,2026-06-10,50,20,0.0004898708104344,0.0,0.1151659533726435,train,1
S40933,1,2,2026-06-10,33,18,0.0004730210681696,0.0021136883649323,0.0990015431618368,train,1
S40934,1,20,2026-06-10,39,22,0.0003937880704138,0.0,0.1583453198742522,train,1
S41071,1,19,2026-06-10,26,28,0.0003120623715091,0.0,0.1294451699699177,train,1
S41072,1,20,2026-06-10,26,24,0.0004530315510553,0.0,0.1998952794530093,train,1
S41073,1,20,2026-06-10,36,14,0.0006269325196488,0.0,0.1296797438606196,train,1
S41074,1,18,2026-06-10,14,20,0.0009161388522581,0.0,0.1906562917498751,train,1
S41075,1,24,2026-06-10,45,29,0.0004147214926942,0.0,0.1522751889262522,train,1
S41334,1,17,2026-06-10,51,31,0.002894598814955,0.0053765185690022,0.3986109869522889,train,1
S41357,1,10,2026-06-10,62,25,0.000749051515844,0.0,0.1110940248601032,train,1
S41358,1,10,2026-06-10,31,26,0.0003694637534856,0.0,0.0769660655911668,train,1
S41359,1,13,2026-06-10,60,16,0.0007548583087719,0.0,0.1822443860865022,train,1
S41360,1,10,2026-06-10,48,17,0.000371946068189,0.0,0.125331583599943,train,1
S41361,1,10,2026-06-10,43,12,0.00040144171658,0.0,0.1182585533622403,train,1
S41363,1,16,2026-06-10,37,14,0.0003258351107454,0.0,0.1514101682072306,train,1
S41364,1,11,2026-06-10,49,26,0.0005052596067462,0.0,0.1325466720527577,train,1
S41365,1,11,2026-06-10,41,29,0.0008947597725251,0.0,0.1241713818908299,train,1
S41370,1,5,2026-06-10,28,21,0.0005593050180227,0.0,0.0995333915304993,train,1
S41371,1,6,2026-06-10,38,17,0.000295946472377,0.0,0.0861157250184381,train,1
S41373,1,2,2026-06-10,47,21,0.0016582661237257,0.0,0.1111658016754753,train,1
S41374,1,2,2026-06-10,21,25,0.0007570085904942,0.0082192233908844,0.147511962047392,train,1
S41375,1,22,2026-06-10,32,29,0.0003627156655165,0.0,0.1546324219951138,train,1
S41376,1,25,2026-06-10,39,20,0.0003774417165059,0.0,0.1044389909484609,train,1
S41377,1,4,2026-06-10,26,20,0.0002693049441076,0.0,0.0989113871069631,train,1
S41378,1,4,2026-06-10,36,19,0.0002730936827427,0.0,0.0958188018004985,train,1
S41415,1,18,2026-06-10,25,28,0.0007428536856981,0.0,0.2015932586162183,train,1
S41420,1,18,2026-06-10,53,17,0.0004626631273979,0.0,0.1842772259620719,train,1
S41421,1,1,2026-06-10,36,27,0.0002678791455932,0.0,0.1637278548250303,train,1
S41505,1,10,2026-06-10,21,23,0.0006159490427443,0.0,0.1152017100802522,train,1
S41507,1,6,2026-06-10,25,14,0.000644551862688,0.0,0.1967078350341474,train,1
S41509,1,2,2026-06-10,42,12,0.0006836319869761,0.0018011357664974,0.1814090338756081,train,1
S41704,1,22,2026-06-10,63,26,0.0034475083575792,0.0035810141403224,0.4343127980250716,train,1
S41707,1,4,2026-06-10,17,16,0.0028164876679579,0.0035923123071029,0.3205673723747533,train,1
S41708,1,6,2026-06-10,21,14,0.0034641637960799,0.0054404343590248,0.4039125338855946,train,1
S42313,1,19,2026-06-10,53,30,0.0030994401160422,0.0166161828916838,0.2706903637104366,train,1
S42314,1,19,2026-06-10,29,12,0.0028823496779175,0.0127121678722337,0.4259141238084162,train,1
S42317,1,12,2026-06-10,16,17,0.0030030417370497,0.0045223094533556,0.4580870677937656,train,1
S42318,1,13,2026-06-10,30,31,0.0034235369108722,0.0,0.3345337688546455,train,1
S42319,1,12,2026-06-10,57,14,0.0031917795733403,0.0342095662887783,0.3631671120471173,train,1
S42320,1,10,2026-06-10,16,26,0.0034550293424905,0.0,0.2695647268316229,train,1
S42324,1,8,2026-06-10,22,29,0.0023438451977759,0.0045444154894161,0.3061161293127254,train,1
S42346,1,16,2026-06-10,13,23,0.0006306998463797,0.0,0.1680253608507432,train,1
S42347,1,7,2026-06-10,56,24,0.0006886235332697,0.0,0.2038092219766947,train,1
S42348,1,1,2026-06-10,22,28,0.0005157148034549,0.0,0.1365299916684209,train,1
S42349,1,24,2026-06-10,50,24,0.0004703629581629,0.0,0.1224710852306308,train,1
S42386,1,23,2026-06-10,18,20,0.0002539523218034,0.0,0.1385094251749196,train,1
S42387,1,23,2026-06-10,38,31,0.0003371646150084,0.0,0.1269748465660579,train,1
S42388,1,2,2026-06-10,44,16,0.0007172531756719,0.0,0.1506087551937147,train,1
S42389,1,1,2026-06-10,45,12,0.0003089616959782,0.0,0.1294658235588984,train,1
S42390,1,6,2026-06-10,30,17,0.0002960524797157,0.0,0.1100060115884834,train,1
S42392,1,16,2026-06-10,45,21,0.0003294165855163,0.0,0.0806232095821885,train,1
S42393,1,11,2026-06-10,59,22,0.0005752523749427,0.0,0.1368012033825867,train,1
S42394,1,10,2026-06-10,38,26,0.0004940823235722,0.0,0.107731240949329,train,1
S42396,1,10,2026-06-10,55,26,0.0005251982960612,0.0,0.120169031125809,train,1
S42534,1,7,2026-06-10,43,12,0.0010851574471304,0.0,0.2512669878793283,train,1
S42537,1,14,2026-06-10,32,13,0.0003458528683783,0.0,0.1546901387404103,train,1
S42539,1,24,2026-06-10,48,23,0.0004299627674908,0.0,0.1473582474971669,train,1
S42573,1,23,2026-06-10,48,13,0.0004023994100222,0.0,0.092050672693988,train,1
S42576,1,23,2026-06-10,22,24,0.0002675410998404,0.0,0.1056939555559632,train,1
S42579,1,19,2026-06-10,32,13,0.0003983926586457,0.0,0.1271307145793367,train,1
S42825,1,17,2026-06-10,26,22,0.0011436014926202,0.0,0.13806428684827,train,1
S42894,1,24,2026-06-10,48,31,0.0034462103100194,0.0,0.3666187096227699,train,1
S42965,1,17,2026-06-10,48,15,0.0004860983781831,0.0,0.1817587679882443,train,1
S42967,1,24,2026-06-10,43,13,0.0004896925012537,0.0,0.1572375338258874,train,1
S42968,1,24,2026-06-10,48,22,0.0003334528678564,0.0,0.0999434458689069,train,1
S42970,1,22,2026-06-10,37,27,0.000321230530128,0.0,0.1669517901328068,train,1
S42974,1,4,2026-06-10,59,16,0.0004782868202757,0.0,0.1773112648187724,train,1
S42975,1,6,2026-06-10,51,14,0.0003070791569745,0.0,0.1337499516123807,train,1
S42976,1,7,2026-06-10,43,18,0.000441336281317,0.0,0.1354790138402479,train,1
S42978,1,5,2026-06-10,50,23,0.0004244206204757,0.0,0.1228955862559293,train,1
S42979,1,16,2026-06-10,61,21,0.0004409094708757,0.0,0.1393371009543716,train,1
S42982,1,12,2026-06-10,29,23,0.0004477675668186,0.0,0.2143228576634033,train,1
S42983,1,10,2026-06-10,28,15,0.0003648521418787,0.0,0.1058952844515996,train,1
S42984,1,11,2026-06-10,52,30,0.0004213849916939,0.0,0.1324896445002074,train,1
S42988,1,13,2026-06-10,27,23,0.0011322449549255,0.0,0.1490113033623079,train,1
S43030,1,24,2026-06-10,46,24,0.0003768401807389,0.0,0.1229538268889274,train,1
S43677,1,12,2026-06-10,26,13,0.0028054015415588,0.0127771581353773,0.3260739891284736,train,1
S43679,1,24,2026-06-10,19,15,0.003056204759688,0.0134760344279948,0.2925327539821392,train,1
S43681,1,2,2026-06-10,14,18,0.0034121448587645,0.0144572565537623,0.4013887918496433,train,1
S43682,1,19,2026-06-10,44,32,0.0036485210521959,0.006595760815986,0.3993608934895827,train,1
S43683,1,20,2026-06-10,56,13,0.0034814676191071,0.0180228095517264,0.4330223565834034,train,1
S00000,1,25,2026-06-10,25,25,0.000487229219655,0.0,0.1360612025182647,train,2
S00002,1,8,2026-06-10,35,24,0.0005636822615049,0.0,0.1478115720100636,train,2
S00003,1,13,2026-06-10,36,27,0.0006687477951006,0.0,0.2462629739046149,train,2
S00004,1,10,2026-06-10,24,15,0.0004171807065644,0.0,0.0935457989710955,train,2
S00009,1,7,2026-06-10,43,19,0.0003935558608176,0.0,0.1551693259053801,train,2
S00012,1,20,2026-06-10,49,26,0.0003664310587537,0.0,0.136106944529165,train,2
S00013,1,22,2026-06-10,23,20,0.0003166521037802,0.0,0.0920693862795238,train,2
S00411,1,23,2026-06-10,41,28,0.0003645920678341,0.0,0.1443721216725291,train,2
S00412,1,2,2026-06-10,30,24,0.0004212671293997,0.0,0.12523725599115,train,2
S00416,1,13,2026-06-10,27,13,0.001569717655725,0.0,0.2938296017960931,train,2
S00642,1,18,2026-06-10,48,16,0.0006687164454999,0.0,0.1762202460833234,train,2
S00643,1,19,2026-06-10,64,21,0.0005996354867798,0.0,0.1184047756451064,train,2
S00644,1,18,2026-06-10,14,22,0.0006115778477536,0.0,0.1685965895310462,train,2
S00645,1,18,2026-06-10,51,15,0.0006801069533044,0.0,0.1692284367389198,train,2
S00646,1,18,2026-06-10,42,15,0.0004389883905216,0.0,0.1571987105881498,train,2
S00647,1,24,2026-06-10,26,24,0.0005609521215209,0.0,0.1572775188192761,train,2
S00648,1,23,2026-06-10,33,26,0.0003030678022345,0.0,0.0958352105042468,train,2
S00651,1,1,2026-06-10,17,18,0.0007428977694473,0.0,0.1602843069697566,train,2
S00654,1,11,2026-06-10,35,13,0.0004983503642979,0.0,0.1532531859796199,train,2
S00656,1,13,2026-06-10,34,31,0.0007681047217912,0.0,0.1915341811882548,train,2
S00657,1,8,2026-06-10,43,29,0.0004945066059857,0.0,0.1397634254829717,train,2
S00658,1,10,2026-06-10,56,23,0.0003675950529919,0.0,0.1072655916040798,train,2
S00935,1,16,2026-06-10,39,32,0.0033963741560511,0.0,0.2440574523265032,train,2
S00969,1,18,2026-06-10,43,22,0.0004743990917498,0.0,0.1329752302758061,train,2
S00970,1,20,2026-06-10,39,12,0.000436179702116,0.0,0.2069185218189538,train,2
S01193,1,18,2026-06-10,20,21,0.0008546864811923,0.0,0.1578530432969045,train,2
S01755,1,1,2026-06-10,31,31,0.0030122410274713,0.019165339242226,0.2827087026478891,train,2
S01758,1,13,2026-06-10,15,17,0.0011974677835682,0.0072102341802819,0.3751321584174761,train,2
S01760,1,23,2026-06-10,19,15,0.003424630665645,0.0044138151526185,0.3660760242343162,train,2
S01761,1,20,2026-06-10,51,31,0.0031636378239922,0.008808776873859,0.2743419575781509,train,2
S01810,1,18,2026-06-10,48,23,0.0003384911468696,0.0,0.1941259406623738,train,2
S02077,1,25,2026-06-10,18,27,0.0010977659347747,0.0,0.1576041206588924,train,2
S02078,1,22,2026-06-10,45,26,0.0002613203021702,0.0,0.1337615162418272,train,2
S02079,1,16,2026-06-10,18,22,0.0003748562839025,0.0,0.0818355351317132,train,2
S02080,1,14,2026-06-10,44,28,0.0003602151114652,0.0,0.1684526398646475,train,2
S02082,1,1,2026-06-10,29,16,0.0002939352227422,0.0,0.1565423936830376,train,2
S02084,1,5,2026-06-10,63,21,0.000505692420226,0.0,0.1599364002612401,train,2
S02085,1,5,2026-06-10,17,19,0.0007052630025986,0.0,0.2048668638306657,train,2
S02086,1,5,2026-06-10,53,22,0.0002888362518847,0.0,0.1346579250869933,train,2
S02087,1,2,2026-06-10,54,14,0.0005624837218151,0.0,0.1389858457094495,train,2
S02091,1,23,2026-06-10,29,29,0.0002750068591277,0.0,0.1319830828705724,train,2
S02092,1,22,2026-06-10,39,20,0.000305959124445,0.0,0.1432537247943583,train,2
S02093,1,4,2026-06-10,52,19,0.0005046943320474,0.0,0.0930817570482391,train,2
S02094,1,25,2026-06-10,38,27,0.000402886210622,0.0,0.1519428138220291,train,2
S02260,1,16,2026-06-10,57,23,0.0007869721263693,0.0,0.0969233129138827,train,2
S02261,1,8,2026-06-10,50,25,0.0004417201019147,0.0,0.1781821345972885,train,2
S02262,1,8,2026-06-10,35,29,0.0004544250385357,0.0,0.2007199984989494,train,2
S02265,1,7,2026-06-10,50,17,0.00034786181012,0.0,0.1529430527912239,train,2
S02267,1,2,2026-06-10,34,25,0.0010060130875145,0.0,0.1630839107867681,train,2
S02269,1,2,2026-06-10,33,12,0.0017959668972301,0.0,0.1626793885385733,train,2
S02271,1,4,2026-06-10,58,18,0.000234111160402,0.0,0.1089664931953563,train,2
S02274,1,22,2026-06-10,49,20,0.0002456195193557,0.0,0.1153506182569599,train,2
S02299,1,19,2026-06-10,49,14,0.0002710319694421,0.0,0.1379068100133453,train,2
S02302,1,18,2026-06-10,53,26,0.0004674798370494,0.0,0.1650490255377898,train,2
S02304,1,24,2026-06-10,18,26,0.0009001583513692,0.0,0.1442520021144149,train,2
S02306,1,4,2026-06-10,24,24,0.0002542053384669,0.0,0.1082515186816592,train,2
S02307,1,8,2026-06-10,51,25,0.0003825887915096,0.0,0.1467042996983944,train,2
S02559,1,12,2026-06-10,56,24,0.0006528895836235,0.0,0.2064093104136994,train,2
S02561,1,11,2026-06-10,23,21,0.0005962362215061,0.0,0.1415417952461683,train,2
S02562,1,13,2026-06-10,25,20,0.0005075323233198,0.0,0.1267082282649505,train,2
S02563,1,14,2026-06-10,60,24,0.0004401726080592,0.0,0.173298711571052,train,2
S02564,1,5,2026-06-10,49,15,0.0004606171945148,0.0,0.1536434347302053,train,2
S02565,1,7,2026-06-10,46,24,0.0004780696440473,0.0,0.1484732645743046,train,2
S02567,1,1,2026-06-10,30,15,0.0004604810149987,0.0,0.1538781898095992,train,2
S02569,1,25,2026-06-10,36,28,0.0005647711706937,0.0,0.1327978391705059,train,2
S02571,1,24,2026-06-10,40,15,0.0003122252585115,0.0,0.1267613481248583,train,2
S02572,1,4,2026-06-10,37,25,0.0003024064388675,0.0,0.0870100807918061,train,2
S02573,1,24,2026-06-10,19,21,0.0003989164663914,0.0,0.127296966674163,train,2
S02574,1,2,2026-06-10,50,25,0.0004874126153249,0.0,0.1390383269359414,train,2
S02575,1,22,2026-06-10,54,24,0.0002848249224391,0.0,0.1232715484589024,train,2
S02588,1,18,2026-06-10,46,27,0.0004965134915582,0.0,0.1250739198093547,train,2
S02590,1,24,2026-06-10,50,27,0.0006397946378653,0.0,0.1466466030879447,train,2
S02776,1,12,2026-06-10,25,13,0.0032608712651873,0.0,0.3979080395268979,train,2
S03133,1,12,2026-06-10,19,15,0.0032111083866329,0.0,0.4119297099911093,train,2
S03135,1,17,2026-06-10,34,28,0.0007524270928718,0.0,0.1773524098386834,train,2
S03136,1,17,2026-06-10,22,21,0.0012840946802136,0.0,0.1465011120657137,train,2
S03443,1,18,2026-06-10,36,31,0.0007340651353683,0.0,0.2265791287638422,train,2
S03445,1,22,2026-06-10,24,26,0.0003098167020219,0.0,0.1070334717478238,train,2
S03446,1,23,2026-06-10,57,20,0.0002683492795709,0.0,0.106105818616083,train,2
S03447,1,25,2026-06-10,34,27,0.0003736797505393,0.0,0.1687132193911487,train,2
S03448,1,24,2026-06-10,43,22,0.0003196687541326,0.0,0.1209635761616075,train,2
S03449,1,23,2026-06-10,48,27,0.0003296790899484,0.0,0.1248697872771487,train,2
S03451,1,4,2026-06-10,26,29,0.0004813998879956,0.0,0.1067638218648016,train,2
S03452,1,6,2026-06-10,43,28,0.0002695889176263,0.0,0.1346778467349048,train,2
S03453,1,7,2026-06-10,34,27,0.0005386999361885,0.0,0.2044506874778079,train,2
S03455,1,6,2026-06-10,32,13,0.0008190926385035,0.0,0.1033059151063543,train,2
S03457,1,16,2026-06-10,34,22,0.0003642201771448,0.0,0.0806444213843917,train,2
S03458,1,16,2026-06-10,33,18,0.0003626567684513,0.0,0.0875456548360729,train,2
S03459,1,11,2026-06-10,41,28,0.0003955798862537,0.0,0.173009770353723,train,2
S03460,1,13,2026-06-10,33,20,0.0004627835411598,0.0,0.1425401254255472,train,2
S03462,1,25,2026-06-10,42,24,0.0005860023174531,0.0,0.109955271401262,train,2
S03692,1,18,2026-06-10,35,22,0.0004434191468487,0.0,0.1653263374392985,train,2
S03696,1,20,2026-06-10,25,19,0.0003717290629911,0.0,0.1427564873219198,train,2
S03697,1,23,2026-06-10,31,14,0.0003027770570682,0.0,0.1381461957540296,train,2
S03698,1,19,2026-06-10,24,26,0.0002527064553417,0.0,0.1141200777378864,train,2
S03700,1,24,2026-06-10,60,21,0.0005624059070327,0.0,0.135743377334804,train,2
S03701,1,4,2026-06-10,32,12,0.0003608686472689,0.0,0.1144725570572626,train,2
S03703,1,4,2026-06-10,47,19,0.0002373890070179,0.0,0.0806877008784359,train,2
S03704,1,7,2026-06-10,29,20,0.0009680329393668,0.0,0.1526756430538421,train,2
S03705,1,6,2026-06-10,18,24,0.0008710416231753,0.0,0.1462006507793085,train,2
S03706,1,7,2026-06-10,37,28,0.0003668883534069,0.0,0.1423200832307794,train,2
S03707,1,6,2026-06-10,28,13,0.0005045395271422,0.0,0.1524386302918169,train,2
S03709,1,2,2026-06-10,39,24,0.0007785319579204,0.0,0.1258334870020074,train,2
S03713,1,14,2026-06-10,44,25,0.0004240677815664,0.0,0.0934330062666541,train,2
S03715,1,10,2026-06-10,45,15,0.0006187443952714,0.0,0.0983410410155029,train,2
S03716,1,13,2026-06-10,39,28,0.0004861795557396,0.0,0.1425686963037017,train,2
S03717,1,13,2026-06-10,25,24,0.0006939939440086,0.0,0.2031842152011896,train,2
S03719,1,1,2026-06-10,25,27,0.0005096232458416,0.0,0.0870950359323698,train,2
S03843,1,17,2026-06-10,27,30,0.0010871731644489,0.0,0.1920070779958167,train,2
S03866,1,20,2026-06-10,35,30,0.0004089913417823,0.0,0.1565049951910171,train,2
S03869,1,1,2026-06-10,38,20,0.0003017098703849,0.0,0.1196665721560504,train,2
S03870,1,8,2026-06-10,57,15,0.0005528420373197,0.0,0.2011458164348903,train,2
S03871,1,5,2026-06-10,56,25,0.000428310114216,0.0,0.1085275011982701,train,2
S03876,1,4,2026-06-10,38,27,0.000257966933856,0.0,0.0803562199869404,train,2
S03877,1,25,2026-06-10,46,27,0.0004120780709153,0.0,0.1569236288334279,train,2
S03884,1,17,2026-06-10,27,26,0.0009980025635044,0.0,0.1773233803820749,train,2
S04284,1,19,2026-06-10,44,15,0.0002674706322257,0.0,0.1010557322269073,train,2
S04288,1,23,2026-06-10,35,14,0.0002983043804036,0.0,0.119327460638937,train,2
S04290,1,24,2026-06-10,24,23,0.0004972897745094,0.0,0.1235558033561435,train,2
S04291,1,6,2026-06-10,62,25,0.0009215485752661,0.0,0.1464723007392903,train,2
S04292,1,4,2026-06-10,35,31,0.000362794427289,0.0,0.1704622064962771,train,2
S04296,1,4,2026-06-10,33,18,0.0002837379616914,0.0,0.1109318729616326,train,2
S04297,1,7,2026-06-10,60,22,0.0006376199575097,0.0,0.229949632613172,train,2
S04298,1,16,2026-06-10,47,28,0.0004247697478923,0.0,0.1237778399044924,train,2
S04299,1,16,2026-06-10,36,12,0.0004770858857809,0.0,0.1070026358686662,train,2
S04300,1,16,2026-06-10,36,31,0.0003018728428738,0.0,0.1287531592329154,train,2
S04301,1,10,2026-06-10,25,15,0.0007341194203838,0.0,0.0997232888750487,train,2
S04303,1,13,2026-06-10,62,19,0.0015195396140232,0.0,0.1937591980160201,train,2
S04304,1,12,2026-06-10,38,16,0.0005455125635853,0.0,0.1888068858593133,train,2
S04305,1,13,2026-06-10,23,28,0.0007070695990199,0.0,0.1385391051424708,train,2
S04306,1,8,2026-06-10,63,23,0.0010814799182342,0.0,0.1509814775693218,train,2
S04362,1,11,2026-06-10,59,16,0.0003651443526537,0.0,0.1734248270033685,train,2
S04364,1,10,2026-06-10,32,12,0.000704506978516,0.0,0.1320574119992063,train,2
S04365,1,12,2026-06-10,27,15,0.0004336123227965,0.0,0.132469588776957,train,2
S04366,1,6,2026-06-10,59,23,0.0004879031029278,0.0,0.1072571284516132,train,2
S04367,1,5,2026-06-10,26,19,0.0003292251803883,0.0,0.1056410374229563,train,2
S04368,1,6,2026-06-10,49,21,0.0002857091345592,0.0,0.1408692539163737,train,2
S04369,1,2,2026-06-10,22,26,0.0006788805369567,0.0,0.1528635877585452,train,2
S04371,1,4,2026-06-10,34,21,0.0002794628426402,0.0,0.0844031640678969,train,2
S04372,1,20,2026-06-10,54,23,0.0003964214743489,0.0,0.1286403774910298,train,2
S04723,1,13,2026-06-10,36,22,0.0005281638619882,0.0,0.1393146875621003,train,2
S04726,1,10,2026-06-10,32,21,0.0003809099041257,0.0,0.1167993280968985,train,2
S04727,1,8,2026-06-10,48,22,0.0004129779611371,0.0,0.1863490276082488,train,2
S04729,1,10,2026-06-10,27,17,0.0004083145070804,0.0,0.0741158754195187,train,2
S04730,1,14,2026-06-10,24,19,0.0003562583083312,0.0,0.1161999709418315,train,2
S04731,1,16,2026-06-10,23,20,0.0002683121918946,0.0,0.1449069970584353,train,2
S04732,1,14,2026-06-10,49,16,0.0003881951764494,0.0,0.1232258136172507,train,2
S04733,1,7,2026-06-10,35,21,0.0005580835518284,0.0,0.1568391887133554,train,2
S04736,1,2,2026-06-10,56,20,0.0005486040480678,0.0,0.1480638706300098,train,2
S04737,1,6,2026-06-10,41,14,0.0003604329014803,0.0,0.1338386573836163,train,2
S04740,1,25,2026-06-10,55,18,0.0004294577681511,0.0,0.1520431126755068,train,2
S04741,1,20,2026-06-10,63,21,0.0005735058207794,0.0,0.1708379410358012,train,2
S04742,1,22,2026-06-10,50,29,0.0003336309105711,0.0,0.138435427895342,train,2
S04743,1,22,2026-06-10,21,23,0.0002988242027312,0.0,0.1230841554045332,train,2
S04825,1,11,2026-06-10,19,17,0.0005761334257216,0.0,0.1830766742403112,train,2
S04826,1,12,2026-06-10,38,26,0.0004325163794551,0.0,0.1854945026165881,train,2
S04864,1,24,2026-06-10,31,19,0.0003374328409327,0.0,0.092727304993101,train,2
S04865,1,2,2026-06-10,43,13,0.0005447504716242,0.0,0.1675851805225529,train,2
S04869,1,16,2026-06-10,48,16,0.0004937862529499,0.0,0.1617684123387775,train,2
S04870,1,16,2026-06-10,49,23,0.000368857566802,0.0,0.0855405678439749,train,2
S04871,1,14,2026-06-10,51,30,0.0004077584024232,0.0,0.1025369127785407,train,2
S04872,1,13,2026-06-10,54,27,0.0005923540032925,0.0,0.1194595208999266,train,2
S04874,1,10,2026-06-10,52,19,0.0004901515906614,0.0,0.109691686640176,train,2
S04875,1,10,2026-06-10,28,26,0.0003614801451992,0.0,0.1167295190516452,train,2
S05240,1,25,2026-06-10,24,17,0.0004750691054824,0.0,0.1208124580710374,train,2
S05241,1,20,2026-06-10,28,25,0.0003088399583011,0.0,0.1777643747919793,train,2
S05244,1,19,2026-06-10,57,15,0.0003890719860286,0.0,0.1225946681573943,train,2
S05249,1,25,2026-06-10,23,22,0.0004784083053089,0.0,0.1098350225831449,train,2
S05252,1,8,2026-06-10,43,31,0.0007397628428418,0.0,0.2067065253130078,train,2
S05253,1,10,2026-06-10,34,18,0.0003425516902172,0.0,0.1302846500564278,train,2
S05255,1,14,2026-06-10,29,24,0.0003705168283523,0.0,0.1015459880177773,train,2
S05256,1,1,2026-06-10,33,12,0.0004997231180305,0.0,0.1432568864500763,train,2
S05257,1,2,2026-06-10,42,25,0.0007103232045604,0.0,0.1270903315201743,train,2
S05312,1,13,2026-06-10,61,19,0.0007664707872061,0.0,0.188248809142232,train,2
S05313,1,13,2026-06-10,51,24,0.0005137049490004,0.0,0.1697993238032661,train,2
S05314,1,2,2026-06-10,28,14,0.0007036953563415,0.0,0.174227914084192,train,2
S05317,1,17,2026-06-10,29,22,0.0004725197607619,0.0077781429488082,0.1487089929414956,train,2
S05318,1,17,2026-06-10,23,26,0.0010556469365635,0.0,0.2123560035534568,train,2
S05319,1,17,2026-06-10,28,27,0.001076731806691,0.0,0.1403074304746065,train,2
S05618,1,24,2026-06-10,22,26,0.000634219422748,0.0051030361524955,0.1451273587141287,train,2
S05933,1,17,2026-06-10,39,14,0.0005946497209752,0.0,0.1608867276422588,train,2
S05934,1,20,2026-06-10,32,13,0.0004510155855874,0.0,0.1292381431365898,train,2
S05936,1,18,2026-06-10,56,15,0.0005904058094355,0.0,0.1915462454644617,train,2
S05974,1,11,2026-06-10,28,18,0.0004536682439115,0.0,0.1625040667120485,train,2
S05979,1,10,2026-06-10,51,17,0.0003516861996793,0.0,0.1295233281643061,train,2
S05980,1,11,2026-06-10,34,22,0.0003736635981641,0.0,0.1491455572372617,train,2
S05981,1,13,2026-06-10,54,15,0.0005520016011192,0.0,0.1642720310095757,train,2
S05982,1,14,2026-06-10,53,22,0.000344302115985,0.0,0.1181109108657802,train,2
S05983,1,6,2026-06-10,23,18,0.0003697564152886,0.0,0.0949119114135857,train,2
S05986,1,5,2026-06-10,33,28,0.0003689901910663,0.0,0.1273266714783716,train,2
S05988,1,7,2026-06-10,44,31,0.0009849374402651,0.0,0.275118005810995,train,2
S05989,1,5,2026-06-10,56,28,0.0005581509794202,0.0,0.1181243898590207,train,2
S05990,1,7,2026-06-10,47,13,0.0009457887066438,0.0,0.1841664327783224,train,2
S05991,1,2,2026-06-10,36,30,0.0005019709769696,0.0,0.1216166062619265,train,2
S05993,1,2,2026-06-10,33,13,0.0003990790333684,0.0,0.1502255638536548,train,2
S05994,1,23,2026-06-10,61,27,0.0003038757433652,0.0,0.1069501581532028,train,2
S06047,1,17,2026-06-10,51,18,0.0004332435947502,0.0,0.1637158921534192,train,2
S06051,1,17,2026-06-10,30,18,0.0009564078716244,0.0,0.1220471768917009,train,2
S06149,1,25,2026-06-10,17,16,0.0033781475490086,0.0045638619271067,0.2860145488916736,train,2
S06150,1,24,2026-06-10,16,26,0.0033872830218358,0.0074638072926052,0.4432302596420396,train,2
S06151,1,23,2026-06-10,50,12,0.0035314868188132,0.0015301959697655,0.3507126514076075,train,2
S06155,1,10,2026-06-10,22,29,0.0032455009075624,0.0046119297724657,0.3050320227991492,train,2
S06156,1,10,2026-06-10,50,31,0.0034536425064338,0.0108109283911946,0.3192387972012656,train,2
S06158,1,12,2026-06-10,20,28,0.000928546141456,0.0,0.1789628333547796,train,2
S06159,1,7,2026-06-10,19,22,0.0006036055895592,0.0044989182681427,0.1530921764074238,train,2
S06160,1,1,2026-06-10,28,19,0.0003670658448775,0.0,0.1273755257179371,train,2
S06606,1,24,2026-06-10,50,29,0.0005778005189484,0.0030052092308901,0.1462591398189798,train,2
S06611,1,18,2026-06-10,36,14,0.0005263429505028,0.0,0.1990141136707331,train,2
S07316,1,5,2026-06-10,25,30,0.0034095293804028,0.0060135274117632,0.3508644503497313,train,2
S07355,1,20,2026-06-10,23,15,0.0004222070778385,0.0,0.1851985945533722,train,2
S07356,1,2,2026-06-10,31,21,0.0008570655329629,0.0,0.1127343807258236,train,2
S07357,1,7,2026-06-10,24,29,0.0004846502499922,0.0,0.3176553004191046,train,2
S07358,1,10,2026-06-10,51,18,0.0003726670980393,0.0,0.1025607530731873,train,2
S07359,1,10,2026-06-10,45,26,0.0003458165408416,0.0028716704223724,0.1318304763119056,train,2
S07537,1,18,2026-06-10,40,23,0.0003089043916461,0.0,0.1350681884543754,train,2
S07538,1,20,2026-06-10,32,15,0.0008215902705758,0.0,0.178845614100648,train,2
S07661,1,17,2026-06-10,39,25,0.0006201407868956,0.0,0.129283743594843,train,2
S07782,1,13,2026-06-10,53,30,0.0023970136456338,0.0021909667806233,0.3710848856598275,train,2
S07783,1,18,2026-06-10,37,11,0.0030267259543091,0.0093976906010488,0.3435675947807901,train,2
S07784,1,16,2026-06-10,22,29,0.0033178782934712,0.0077275049421381,0.3900379761032544,train,2
S07787,1,10,2026-06-10,64,26,0.0033879266787769,0.0032428764379253,0.3529179401222346,train,2
S07799,1,8,2026-06-10,29,28,0.0004730481853918,0.0108992662184151,0.197604776541055,train,2
S07800,1,6,2026-06-10,18,25,0.0002902901518219,0.0022305399971276,0.1436001366294935,train,2
S07801,1,7,2026-06-10,24,17,0.0003889868222898,0.0042724021731655,0.1684457757437881,train,2
S07876,1,22,2026-06-10,49,26,0.0003662348977089,0.0,0.1094055504374289,train,2
S07878,1,16,2026-06-10,23,25,0.0003482475561219,0.0,0.0819611758174985,train,2
S07879,1,10,2026-06-10,49,16,0.0003078717078426,0.0,0.1602204431718259,train,2
S07880,1,12,2026-06-10,33,12,0.0009578893332785,0.0,0.2731234799530213,train,2
S07881,1,16,2026-06-10,32,20,0.0004285332973095,0.0,0.0989043810136109,train,2
S07882,1,10,2026-06-10,45,25,0.0005593251472165,0.0,0.1061866106768247,train,2
S07883,1,19,2026-06-10,30,13,0.0007597677590649,0.0,0.1771201326510129,train,2
S07895,1,19,2026-06-10,17,17,0.0003950445477419,0.0,0.1539574580668222,train,2
S07896,1,19,2026-06-10,24,22,0.0002743068447986,0.0,0.1011516971509002,train,2
S08148,1,4,2026-06-10,49,24,0.0003593640472693,0.0,0.1019467090574238,train,2
S08841,1,18,2026-06-10,20,18,0.0004724772220087,0.0,0.1326939419956485,train,2
S08842,1,22,2026-06-10,49,25,0.0003433883070387,0.0,0.113611594729552,train,2
S08843,1,6,2026-06-10,37,29,0.0003017235455079,0.0,0.102170711661319,train,2
S08844,1,7,2026-06-10,22,20,0.0008705151277292,0.0,0.1977396286143866,train,2
S08845,1,16,2026-06-10,36,17,0.0003365040398844,0.0,0.0938036830197052,train,2
S08847,1,24,2026-06-10,41,19,0.0004520889624815,0.0,0.1339062083616878,train,2
S08965,1,18,2026-06-10,22,27,0.0006914733446442,0.0,0.1501692892815079,train,2
S08967,1,20,2026-06-10,16,23,0.0004472522773821,0.0,0.1377985933188083,train,2
S08968,1,19,2026-06-10,22,23,0.0002385033942585,0.0,0.1234950283629075,train,2
S09072,1,24,2026-06-10,21,24,0.0006074224107455,0.0,0.1623295930173937,train,2
S09077,1,8,2026-06-10,36,29,0.0004433223108594,0.0,0.1809723040861086,train,2
S09080,1,5,2026-06-10,59,20,0.0004232095350274,0.0,0.1194613023050087,train,2
S09087,1,4,2026-06-10,56,23,0.0004603212517301,0.0,0.1395465806335757,train,2
S09276,1,25,2026-06-10,59,17,0.000688541154013,0.0,0.1231227039341597,train,2
S09290,1,14,2026-06-10,52,21,0.0003810591902932,0.0,0.1306165417202648,train,2
S09292,1,24,2026-06-10,58,27,0.000751038412592,0.0,0.152918286032172,train,2
S09293,1,8,2026-06-10,60,26,0.0004801201412033,0.0,0.1941897521396445,train,2
S09294,1,8,2026-06-10,40,27,0.0004170397327865,0.0,0.1549651040344312,train,2
S09295,1,8,2026-06-10,31,27,0.0004568796480901,0.0,0.1742338102212656,train,2
S09296,1,11,2026-06-10,24,28,0.0003416191026221,0.0,0.1323439816152404,train,2
S09298,1,13,2026-06-10,17,24,0.0009515754533174,0.0,0.1494825389440803,train,2
S09299,1,13,2026-06-10,18,25,0.0007435878613817,0.0,0.2293680599234995,train,2
S09301,1,12,2026-06-10,45,22,0.0006252894733559,0.0,0.2463721626200278,train,2
S09304,1,5,2026-06-10,19,23,0.0005119705483996,0.0,0.1501052409235575,train,2
S09306,1,2,2026-06-10,50,16,0.0006050426341008,0.0,0.1914848974186927,train,2
S09308,1,4,2026-06-10,39,28,0.0002460793927779,0.0,0.1406898213915056,train,2
S09309,1,22,2026-06-10,39,30,0.0003783065237917,0.0,0.1527267500862816,train,2
S09310,1,23,2026-06-10,16,25,0.0004156748312418,0.0,0.1783937818329672,train,2
S09466,1,17,2026-06-10,53,16,0.0005131298594906,0.0,0.1729121157361209,train,2
S09467,1,17,2026-06-10,35,19,0.0008067356707723,0.0,0.1597740465802405,train,2
S09630,1,25,2026-06-10,27,19,0.0005467767361893,0.0,0.1390939839478109,train,2
S09631,1,18,2026-06-10,34,30,0.0005882222838963,0.0,0.1672248482884839,train,2
S09632,1,25,2026-06-10,35,12,0.0008526869624503,0.0,0.2271911603739523,train,2
S09635,1,19,2026-06-10,34,17,0.0002569098426416,0.0,0.1091999190886499,train,2
S09647,1,10,2026-06-10,50,18,0.0004901409496363,0.0,0.1050809825630234,train,2
S09651,1,12,2026-06-10,54,22,0.0008918821146362,0.0,0.2288282821843077,train,2
S09652,1,1,2026-06-10,34,17,0.0003839484558232,0.0,0.1321857807226213,train,2
S09653,1,17,2026-06-10,36,27,0.0007185566722391,0.0,0.1477378381316777,train,2
S09794,1,6,2026-06-10,48,12,0.0031569442310381,0.0117755769321897,0.3623753806074536,train,2
S09798,1,23,2026-06-10,38,32,0.0035490459623296,0.0092445705752147,0.322870017047537,train,2
S09932,1,2,2026-06-10,63,23,0.000793293504594,0.0187187930440771,0.1531210214838254,train,2
S09933,1,12,2026-06-10,35,21,0.0004132113566415,0.0013467082872688,0.2173480522610575,train,2
S09934,1,13,2026-06-10,24,23,0.0007360809502333,0.0,0.1264395553209897,train,2
S10087,1,14,2026-06-10,45,14,0.000339811167949,0.0,0.1291669121481957,train,2
S10089,1,14,2026-06-10,30,15,0.0003302780685156,0.0,0.1079469808898971,train,2
S10091,1,7,2026-06-10,53,15,0.0009753556952953,0.0,0.1545223756378662,train,2
S10092,1,7,2026-06-10,37,23,0.0004359543160064,0.0,0.1274959465672299,train,2
S10095,1,1,2026-06-10,24,17,0.000320431494319,0.0,0.1319575112019577,train,2
S10096,1,4,2026-06-10,38,22,0.0002653572205688,0.0,0.1229695715992943,train,2
S10099,1,22,2026-06-10,20,16,0.0003617775616793,0.0,0.1259246230418033,train,2
S10100,1,25,2026-06-10,34,31,0.0006671709130713,0.0,0.200255263489247,train,2
S10171,1,23,2026-06-10,54,13,0.003480253277591,0.0,0.3586774877075414,train,2
S10186,1,19,2026-06-10,34,30,0.0002742996429967,0.0,0.1293972922696333,train,2
S10187,1,17,2026-06-10,27,14,0.0007437052729608,0.0,0.1599298609544253,train,2
S10190,1,4,2026-06-10,23,26,0.000293291808933,0.0,0.1354501939426797,train,2
S10191,1,1,2026-06-10,54,25,0.0003664349264806,0.0,0.110292698733184,train,2
S10192,1,1,2026-06-10,23,21,0.0003673034017992,0.0,0.1375375041055923,train,2
S10193,1,2,2026-06-10,28,28,0.0009580991445203,0.0,0.1215513901892616,train,2
S10195,1,2,2026-06-10,59,25,0.0006217936700759,0.0,0.1368603778191137,train,2
S10196,1,6,2026-06-10,26,18,0.0005269795966163,0.0,0.1080545701428452,train,2
S10197,1,6,2026-06-10,32,23,0.000543836166418,0.0,0.1186680001268377,train,2
S10200,1,13,2026-06-10,63,25,0.0010788854931654,0.0,0.2351845993091621,train,2
S10201,1,11,2026-06-10,44,19,0.000383379122651,0.0,0.1564658533121358,train,2
S10203,1,1,2026-06-10,20,23,0.0003075751471997,0.0272056178545175,0.110351285841436,train,2
S10315,1,23,2026-06-10,20,25,0.0003041857852063,0.0,0.1194724241481913,train,2
S10316,1,16,2026-06-10,46,21,0.0003662533340492,0.0,0.1094502760277558,train,2
S10318,1,12,2026-06-10,38,25,0.0006560068442661,0.0,0.1678953777600752,train,2
S10320,1,11,2026-06-10,18,25,0.0004275585553174,0.0,0.1209351824425677,train,2
S10322,1,5,2026-06-10,49,24,0.000342884197543,0.0,0.1134239584120059,train,2
S10323,1,6,2026-06-10,58,23,0.0005182532147285,0.0,0.1124766454249166,train,2
S10324,1,7,2026-06-10,47,30,0.0004712122755612,0.0,0.2185182021532813,train,2
S10325,1,4,2026-06-10,55,28,0.000315376930339,0.0,0.1137555699755353,train,2
S10329,1,17,2026-06-10,52,20,0.0005886341564453,0.0,0.148376262815493,train,2
S10390,1,13,2026-06-10,63,17,0.0031998224251899,0.0,0.3212383719563744,train,2
S10420,1,19,2026-06-10,45,24,0.0003124118383306,0.0,0.1204303875831641,train,2
S10421,1,20,2026-06-10,31,14,0.0005666254986846,0.0,0.1689654380619421,train,2
S10617,1,17,2026-06-10,46,11,0.0022038474751486,0.0,0.3019148723614225,train,2
S10622,1,16,2026-06-10,39,28,0.0004028225106994,0.0,0.1212248021233513,train,2
S10634,1,14,2026-06-10,41,29,0.0005616098278134,0.0,0.1244395845801582,train,2
S10635,1,8,2026-06-10,45,23,0.0004321606949582,0.0,0.1122911874665901,train,2
S10636,1,8,2026-06-10,30,28,0.001052568800151,0.0,0.1700578664621685,train,2
S10637,1,8,2026-06-10,42,25,0.0004686089115207,0.0,0.1729042673913425,train,2
S10639,1,8,2026-06-10,31,26,0.0003831240095571,0.0,0.1409474530152882,train,2
S10641,1,13,2026-06-10,19,26,0.0008008386404881,0.0,0.1694281208765524,train,2
S10642,1,16,2026-06-10,40,26,0.0002704119896916,0.0,0.0741417365664254,train,2
S10643,1,14,2026-06-10,57,26,0.0003732855879515,0.0,0.1172109259023153,train,2
S10644,1,4,2026-06-10,42,18,0.0002993616993145,0.0,0.1091294413046454,train,2
S10645,1,14,2026-06-10,30,28,0.0004000239683639,0.0,0.1192949193904039,train,2
S10647,1,1,2026-06-10,37,23,0.0004083536135207,0.0,0.1220117130781767,train,2
S10648,1,5,2026-06-10,31,15,0.0003339297846167,0.0,0.1273430461490478,train,2
S10649,1,25,2026-06-10,58,27,0.000933284632562,0.0,0.1866402533876386,train,2
S10650,1,2,2026-06-10,39,17,0.0004503944657275,0.0,0.1434610416161137,train,2
S10873,1,5,2026-06-10,49,31,0.003579174284928,0.0029749612417021,0.4075655416332029,train,2
S10882,1,19,2026-06-10,50,31,0.003506481577411,0.0,0.3342795551680242,train,2
S10883,1,11,2026-06-10,13,24,0.0034718762355224,0.0106879996559195,0.4388601570608539,train,2
S11248,1,16,2026-06-10,28,19,0.0002699675043534,0.0095175804928636,0.1035812013916262,train,2
S11249,1,6,2026-06-10,50,23,0.0002894558539025,0.039198170226259,0.1292571641187648,train,2
S11546,1,19,2026-06-10,23,21,0.0002822643456049,0.0,0.1307355047787516,train,2
S11547,1,18,2026-06-10,25,17,0.0004532035295083,0.0,0.1589397824969183,train,2
S11548,1,19,2026-06-10,61,22,0.0005993276076356,0.0,0.1047578408975602,train,2
S11549,1,23,2026-06-10,47,30,0.0004254940051124,0.0,0.1343997177717507,train,2
S11551,1,23,2026-06-10,27,27,0.000371596759644,0.0,0.1035789457129086,train,2
S11553,1,25,2026-06-10,34,26,0.0002734514654287,0.0,0.1356325844775374,train,2
S11554,1,24,2026-06-10,33,14,0.0004383283010849,0.0,0.1933666221303495,train,2
S11555,1,1,2026-06-10,16,18,0.0007211143141362,0.0,0.2131931551495216,train,2
S11556,1,2,2026-06-10,45,14,0.0005510717366208,0.0,0.1481933743465662,train,2
S11557,1,1,2026-06-10,44,25,0.000285660083553,0.0,0.1075230689363905,train,2
S11558,1,1,2026-06-10,42,16,0.0002672987138081,0.0,0.1439683317383921,train,2
S11559,1,4,2026-06-10,33,20,0.0003001416979554,0.0,0.0562604213487937,train,2
S11561,1,5,2026-06-10,57,17,0.0004121815540655,0.0,0.1248716489651963,train,2
S11562,1,7,2026-06-10,33,17,0.0004907176888051,0.0,0.1472439254840889,train,2
S11563,1,7,2026-06-10,33,18,0.0003891140347839,0.0,0.1456160347787146,train,2
S11564,1,7,2026-06-10,44,26,0.0005173894967787,0.0,0.1341066556591904,train,2
S11571,1,13,2026-06-10,61,17,0.0009506567013531,0.0,0.2120890704814243,train,2
S11574,1,8,2026-06-10,18,25,0.0004849590597473,0.0,0.282923479285405,train,2
S11575,1,2,2026-06-10,17,21,0.0012169406378415,0.0,0.1539935020173909,train,2
S11996,1,11,2026-06-10,39,32,0.0030222939984445,0.0,0.4022021540853915,train,2
S12007,1,20,2026-06-10,38,11,0.0035564892443814,0.0,0.4334686940762435,train,2
S12011,1,14,2026-06-10,21,29,0.0032148118700948,0.0,0.2519832418957815,train,2
S12365,1,25,2026-06-10,14,19,0.0010470897671774,0.0,0.2153231982818325,train,2
S12366,1,23,2026-06-10,25,24,0.0002613586784078,0.0,0.1230658914892289,train,2
S12368,1,19,2026-06-10,18,23,0.0002691935337018,0.0,0.1221601662708149,train,2
S12369,1,19,2026-06-10,53,20,0.0002703415048503,0.0,0.1312095494617829,train,2
S12488,1,19,2026-06-10,62,27,0.0033465028824127,0.0,0.4346466561836108,train,2
S12849,1,11,2026-06-10,19,20,0.0003896395065572,0.0,0.1267646373887068,train,2
S12850,1,12,2026-06-10,33,14,0.0006593160587006,0.0,0.1714709515746914,train,2
S12851,1,12,2026-06-10,44,22,0.0007059132843512,0.0,0.157909869292484,train,2
S12852,1,12,2026-06-10,54,15,0.0007375635700995,0.0,0.2188031595224734,train,2
S12854,1,16,2026-06-10,40,23,0.0004248118903453,0.0,0.068705102349899,train,2
S12857,1,11,2026-06-10,43,20,0.0002876443387767,0.0,0.1437493373162598,train,2
S12860,1,14,2026-06-10,38,14,0.0003109524441612,0.0258551177006112,0.1590425293779635,train,2
S12861,1,7,2026-06-10,52,22,0.000521767586449,0.0,0.1148902537458302,train,2
S12864,1,25,2026-06-10,22,27,0.0004793839853414,0.0,0.1749161803250526,train,2
S12865,1,22,2026-06-10,57,25,0.0006676171268891,0.0,0.0770397207798346,train,2
S12951,1,19,2026-06-10,60,21,0.0004255004664834,0.0,0.1352273813640983,train,2
S12953,1,19,2026-06-10,33,31,0.0002918991073855,0.0,0.1525827523054223,train,2
S12957,1,23,2026-06-10,17,24,0.0003210133821018,0.0,0.1216871197017402,train,2
S12958,1,23,2026-06-10,17,21,0.0003272391615794,0.0,0.166234141877752,train,2
S13112,1,8,2026-06-10,27,19,0.0004176528655277,0.0,0.1380101033555576,train,2
S13113,1,8,2026-06-10,58,25,0.0006848987817637,0.0,0.1299295693992994,train,2
S13114,1,11,2026-06-10,20,18,0.0004172495975308,0.0,0.1418762508709554,train,2
S13115,1,16,2026-06-10,48,30,0.0002760232114323,0.027620317883739,0.0912701912097139,train,2
S13116,1,7,2026-06-10,18,22,0.0012842043781781,0.0,0.182352222450281,train,2
S13117,1,6,2026-06-10,49,26,0.0003316361244349,0.0,0.0999548371514036,train,2
S13118,1,1,2026-06-10,53,25,0.0003924278341386,0.0,0.1406876005647488,train,2
S13119,1,5,2026-06-10,63,18,0.0006047041066402,0.0,0.1946327520965332,train,2
S13120,1,1,2026-06-10,37,31,0.000517046861567,0.0,0.1234116089004461,train,2
S13123,1,20,2026-06-10,43,28,0.0003471077390297,0.0,0.127087203474988,train,2
S13155,1,18,2026-06-10,60,21,0.0013696652233277,0.0,0.1582908745945266,train,2
S13157,1,18,2026-06-10,41,13,0.0006289533752651,0.0,0.1812988061191547,train,2
S13162,1,19,2026-06-10,56,21,0.0002581565490003,0.0,0.1138296149689373,train,2
S13163,1,24,2026-06-10,47,17,0.0004572862773729,0.0,0.1231464396105839,train,2
S13164,1,23,2026-06-10,59,26,0.000495990235921,0.0,0.1170241678097104,train,2
S13167,1,7,2026-06-10,55,14,0.001189659314992,0.0,0.311681736692167,train,2
S13174,1,11,2026-06-10,36,20,0.0003330321736285,0.0,0.1322133646089804,train,2
S13175,1,10,2026-06-10,25,29,0.0006244651403368,0.0,0.1457876314911601,train,2
S13294,1,13,2026-06-10,44,15,0.0008160802938243,0.0,0.1405355238473668,train,2
S13305,1,17,2026-06-10,63,19,0.0008719126092298,0.0,0.2027937713934982,train,2
S13320,1,22,2026-06-10,37,25,0.0003626440988701,0.0,0.1652003415628114,train,2
S13323,1,16,2026-06-10,58,28,0.0003245769994813,0.0,0.1110104897273281,train,2
S13326,1,13,2026-06-10,27,26,0.0009393647754121,0.0,0.1541351706909752,train,2
S13327,1,10,2026-06-10,55,29,0.0005041833543281,0.0,0.1503703807321424,train,2
S13328,1,25,2026-06-10,14,23,0.0008861059763844,0.0,0.2011300929151412,train,2
S13392,1,23,2026-06-10,55,24,0.0005667917398199,0.0,0.0826504895847101,train,2
S13393,1,22,2026-06-10,22,15,0.0003049771631782,0.0,0.1321541147064201,train,2
S13394,1,23,2026-06-10,27,30,0.0005233328931482,0.0,0.1421953459308367,train,2
S13396,1,18,2026-06-10,58,28,0.0006508828771511,0.0,0.2761037490045033,train,2
S13397,1,19,2026-06-10,37,25,0.0002827440727678,0.0,0.1255885480614721,train,2
S13654,1,25,2026-06-10,34,24,0.0003605864460228,0.0,0.1258603580197995,train,2
S13655,1,22,2026-06-10,25,29,0.0004140411805718,0.0,0.2069299810203892,train,2
S13656,1,1,2026-06-10,58,22,0.0002586903921804,0.001893008817536,0.0915177379614015,train,2
S13657,1,5,2026-06-10,43,23,0.0002778004991874,0.0,0.1193576400484759,train,2
S13658,1,12,2026-06-10,28,17,0.0004259835169567,0.0,0.1138150394244701,train,2
S13660,1,25,2026-06-10,30,27,0.0005455238740065,0.0,0.1615341467259256,train,2
S14166,1,8,2026-06-10,52,19,0.0003764563085097,0.0,0.1437874165537986,train,2
S14167,1,13,2026-06-10,28,25,0.0003320094944651,0.0,0.15646735617876,train,2
S14170,1,16,2026-06-10,55,14,0.000436828650009,0.0,0.0981461925642695,train,2
S14173,1,14,2026-06-10,45,21,0.0003300992435318,0.0,0.1321866758679891,train,2
S14174,1,14,2026-06-10,55,23,0.0003588535019171,0.0,0.1047229913676505,train,2
S14175,1,14,2026-06-10,62,21,0.0004584791789406,0.0,0.1105756652488039,train,2
S14176,1,14,2026-06-10,35,22,0.0003135256142756,0.0,0.096928161479888,train,2
S14179,1,2,2026-06-10,37,14,0.0005282781232978,0.0,0.1297599291634748,train,2
S14180,1,7,2026-06-10,19,21,0.0014125667525083,0.0,0.2309702898815874,train,2
S14181,1,5,2026-06-10,54,16,0.0004054093832938,0.0,0.1451649711521566,train,2
S14184,1,22,2026-06-10,46,24,0.0003904843432178,0.0,0.133911214280289,train,2
S14189,1,22,2026-06-10,57,20,0.000397571524098,0.0,0.1471800078036576,train,2
S14190,1,18,2026-06-10,44,16,0.0006038811311396,0.0,0.1345016678518917,train,2
S14191,1,20,2026-06-10,32,20,0.0004223738025999,0.0,0.1342535201368256,train,2
S14289,1,24,2026-06-10,50,28,0.0006424027673095,0.0,0.1616500085782575,train,2
S14364,1,17,2026-06-10,51,19,0.0005058938922338,0.0,0.1233645556279633,train,2
S14437,1,18,2026-06-10,25,13,0.0034969366002585,0.0,0.3541215424095558,train,2
S14675,1,24,2026-06-10,42,29,0.0004827260482777,0.0,0.1390563389372657,train,2
S14677,1,8,2026-06-10,51,30,0.0005150126140812,0.0,0.211291906192558,train,2
S14678,1,11,2026-06-10,52,24,0.0003884833629601,0.0,0.1306937966654981,train,2
S14680,1,11,2026-06-10,31,19,0.0003712110839934,0.0,0.1295760935277808,train,2
S14682,1,16,2026-06-10,20,21,0.0003909251417171,0.0,0.1017180974418242,train,2
S14684,1,7,2026-06-10,19,16,0.0015801963184224,0.0,0.2490522496900556,train,2
S14685,1,4,2026-06-10,47,15,0.000315466523634,0.0,0.1080953322739627,train,2
S14686,1,6,2026-06-10,35,25,0.0004144554155147,0.0,0.1232741732522527,train,2
S14687,1,5,2026-06-10,60,16,0.0004538797216253,0.0,0.1471680294197877,train,2
S14688,1,6,2026-06-10,32,14,0.0005357266914006,0.0,0.1542286560239476,train,2
S14689,1,5,2026-06-10,54,24,0.0006051865374756,0.0,0.1442481172240054,train,2
S14690,1,6,2026-06-10,15,18,0.0006300239855043,0.0,0.1438947879364473,train,2
S14692,1,5,2026-06-10,42,13,0.0003889626877794,0.0,0.1367071719437715,train,2
S14695,1,5,2026-06-10,20,25,0.0004735906140083,0.0,0.1631641907343631,train,2
S14696,1,20,2026-06-10,60,25,0.0004401144351916,0.0,0.1345488138749445,train,2
S14697,1,22,2026-06-10,62,24,0.0003823561159599,0.0,0.1440085183145644,train,2
S14699,1,22,2026-06-10,22,27,0.0003180255948504,0.0,0.1221896080147858,train,2
S14874,1,1,2026-06-10,13,22,0.0007598913692423,0.0,0.1401521628269856,train,2
S14876,1,11,2026-06-10,47,21,0.0003581129558741,0.0,0.1963456456486294,train,2
S14877,1,12,2026-06-10,28,16,0.0004148927070482,0.0,0.1738042274793691,train,2
S14879,1,12,2026-06-10,44,23,0.0009932129197809,0.0,0.1749304202416531,train,2
S14880,1,14,2026-06-10,51,13,0.0003993078984951,0.0,0.1395954824700953,train,2
S14881,1,14,2026-06-10,39,12,0.0003674838389653,0.0,0.1365270125688246,train,2
S14882,1,14,2026-06-10,58,16,0.0005058791807445,0.0,0.1583328155394869,train,2
S14884,1,7,2026-06-10,64,21,0.0014153385487323,0.0,0.1878313461487955,train,2
S14885,1,6,2026-06-10,56,20,0.00042794053913,0.0,0.1401099820513695,train,2
S14920,1,25,2026-06-10,38,30,0.0009102727354213,0.0,0.1618589783909235,train,2
S14921,1,23,2026-06-10,23,27,0.0003149084315354,0.0,0.136093153840898,train,2
S14922,1,22,2026-06-10,44,17,0.0003833614594365,0.0,0.0885341756726163,train,2
S14924,1,18,2026-06-10,52,16,0.0004592061292047,0.0,0.211951566579108,train,2
S14927,1,1,2026-06-10,45,30,0.0004647677646297,0.0,0.1489979711638477,train,2
S15264,1,14,2026-06-10,15,25,0.0004517490137644,0.0,0.1310844049143666,train,2
S15265,1,8,2026-06-10,38,18,0.0003853873543501,0.0,0.1673981377453448,train,2
S15266,1,8,2026-06-10,18,24,0.0006098458402763,0.0,0.1636278951436677,train,2
S15269,1,6,2026-06-10,40,23,0.0012429637161072,0.0,0.0869636136158023,train,2
S15271,1,20,2026-06-10,25,27,0.0003782646966533,0.0,0.1494280973553319,train,2
S15273,1,17,2026-06-10,24,29,0.0008986286113496,0.0,0.2720612993544005,train,2
S15374,1,5,2026-06-10,45,11,0.0037202267283612,0.0033815734862865,0.4364569892065417,train,2
S15375,1,25,2026-06-10,27,12,0.0033906730166235,0.0016928254175863,0.3604524383977889,train,2
S15380,1,6,2026-06-10,51,31,0.0034326954053886,0.0016491958096489,0.3304065193769811,train,2
S16245,1,22,2026-06-10,45,23,0.0003079217908473,0.0,0.1129935722635826,train,2
S16247,1,6,2026-06-10,38,20,0.0003149726209643,0.0,0.1112336541690463,train,2
S16252,1,8,2026-06-10,51,24,0.000301150220543,0.0,0.1423892420965263,train,2
S16256,1,8,2026-06-10,34,24,0.0003889343695265,0.0,0.1687312143793641,train,2
S16372,1,17,2026-06-10,53,25,0.0008454735577059,0.0,0.1638784612963054,train,2
S16380,1,20,2026-06-10,53,21,0.0004250526995112,0.0,0.1410656743103116,train,2
S16381,1,22,2026-06-10,34,23,0.0003131830717094,0.0,0.1339398362336755,train,2
S16383,1,6,2026-06-10,34,22,0.0003650253946278,0.0,0.134057424512085,train,2
S16384,1,5,2026-06-10,47,14,0.0005032446316965,0.0,0.1654621357328009,train,2
S16385,1,6,2026-06-10,18,26,0.0016994160184802,0.0,0.1327130073698942,train,2
S16387,1,16,2026-06-10,22,24,0.0004092423664319,0.0,0.1029791317267724,train,2
S16388,1,1,2026-06-10,55,17,0.0004328387700857,0.0,0.1438804899555352,train,2
S16389,1,11,2026-06-10,37,30,0.0009555181261392,0.0,0.1275115196768864,train,2
S16390,1,8,2026-06-10,40,15,0.0004557357306072,0.0,0.116814282667196,train,2
S16391,1,16,2026-06-10,27,17,0.0002705140938868,0.0,0.0908352308234437,train,2
S16395,1,16,2026-06-10,45,31,0.000457596073163,0.0,0.1168706206772823,train,2
S16396,1,11,2026-06-10,46,23,0.0003586863806593,0.0,0.143688824163394,train,2
S16398,1,10,2026-06-10,31,27,0.0003355448969405,0.0,0.1069080773234332,train,2
S16402,1,13,2026-06-10,33,30,0.0007316452283457,0.0,0.1949969079502281,train,2
S16404,1,16,2026-06-10,49,24,0.0003359125630395,0.0,0.1552272614974656,train,2
S16408,1,6,2026-06-10,57,24,0.0004921340960437,0.0,0.1682889747740006,train,2
S16411,1,2,2026-06-10,45,26,0.0016831221251968,0.0,0.127293978571502,train,2
S16413,1,25,2026-06-10,29,20,0.0004412348976101,0.0,0.0949417116502146,train,2
S16416,1,22,2026-06-10,30,27,0.0002650199475008,0.0,0.1171133126715339,train,2
S16418,1,22,2026-06-10,42,27,0.0004221879644641,0.0,0.1503991700419248,train,2
S16419,1,2,2026-06-10,33,25,0.0004538160600311,0.0,0.1198130713837318,train,2
S16420,1,4,2026-06-10,47,28,0.0003262561802082,0.0,0.1242269287874744,train,2
S16421,1,23,2026-06-10,31,27,0.0003130308134887,0.0,0.0942744408589751,train,2
S16422,1,24,2026-06-10,54,28,0.0007379810651103,0.0,0.1466055710496984,train,2
S16423,1,17,2026-06-10,19,19,0.0012403896852194,0.004356439115038,0.1388473004531326,train,2
S16621,1,18,2026-06-10,20,28,0.0005517183156946,0.0,0.1483559352107609,train,2
S16623,1,23,2026-06-10,47,21,0.0006849009127881,0.0,0.1169453783188479,train,2
S16625,1,22,2026-06-10,62,18,0.0007117889974857,0.0,0.1623031817387676,train,2
S16629,1,2,2026-06-10,46,17,0.000527611429242,0.0,0.126246245018639,train,2
S16630,1,7,2026-06-10,38,30,0.0007636775210081,0.0,0.1744751621799363,train,2
S16631,1,6,2026-06-10,51,18,0.0003854642706822,0.0,0.1363524245036046,train,2
S16632,1,14,2026-06-10,31,19,0.0002676347905475,0.0,0.0990751594743438,train,2
S16633,1,10,2026-06-10,36,19,0.000369193397789,0.0,0.0996255019744086,train,2
S16635,1,25,2026-06-10,55,26,0.0004787478700155,0.0,0.1042528153783714,train,2
S16701,1,5,2026-06-10,35,32,0.0032120805675471,0.0,0.3968842216928759,train,2
S16844,1,10,2026-06-10,31,16,0.0003708478415309,0.0,0.101141769007465,train,2
S16845,1,12,2026-06-10,48,17,0.0003581012751911,0.0,0.2020492069485429,train,2
S16846,1,11,2026-06-10,34,13,0.0003755207610441,0.0,0.1800011278597878,train,2
S16847,1,16,2026-06-10,56,16,0.0004374862144444,0.0,0.1041505032431032,train,2
S16848,1,13,2026-06-10,20,22,0.0006115963583576,0.0189647606509835,0.154594765544606,train,2
S16849,1,13,2026-06-10,37,15,0.0005284648758933,0.0,0.1941617310412429,train,2
S16851,1,5,2026-06-10,56,19,0.0003744623942187,0.0,0.1367357480658671,train,2
S16852,1,6,2026-06-10,17,17,0.0006385367720584,0.0,0.1516447630819515,train,2
S16856,1,24,2026-06-10,60,25,0.0007757975602,0.0,0.1561715441667999,train,2
S16857,1,24,2026-06-10,49,19,0.0004050639800909,0.0,0.1480714108878508,train,2
S16859,1,2,2026-06-10,36,14,0.001032595444799,0.0,0.1352096782496598,train,2
S16860,1,5,2026-06-10,26,24,0.0003748403433606,0.0,0.1398653414371481,train,2
S16861,1,23,2026-06-10,58,16,0.0004049473381147,0.0,0.1802072610924664,train,2
S16862,1,25,2026-06-10,42,20,0.0004085722636068,0.0,0.1344085167967023,train,2
S16863,1,17,2026-06-10,61,21,0.0011394216583243,0.0,0.1667252385234879,train,2
S16865,1,17,2026-06-10,17,22,0.0018984808996087,0.0,0.1665510425458806,train,2
S16915,1,23,2026-06-10,43,26,0.0002796306629038,0.0,0.1359799243321696,train,2
S16916,1,23,2026-06-10,39,21,0.000264457202197,0.0,0.0792349401239747,train,2
S16918,1,24,2026-06-10,26,19,0.00048133292395,0.0,0.098149870135661,train,2
S17174,1,4,2026-06-10,37,32,0.0034424177250158,0.0,0.3343375810627305,train,2
S17175,1,13,2026-06-10,48,12,0.0013302868666306,0.0,0.2983881325290663,train,2
S17176,1,2,2026-06-10,63,17,0.0033670073166629,0.0,0.4365773549643427,train,2
S17193,1,23,2026-06-10,26,21,0.0002279126800632,0.0,0.1134326444918207,train,2
S17194,1,17,2026-06-10,40,26,0.0007695046175058,0.0,0.1965471663133208,train,2
S17726,1,17,2026-06-10,53,30,0.0026404154968007,0.012930081300813,0.2965526728613113,train,2
S17728,1,22,2026-06-10,23,13,0.002889774537924,0.0268532050771043,0.2989655197406065,train,2
S17729,1,25,2026-06-10,38,11,0.0032110884595685,0.0213938272136369,0.3647950041275671,train,2
S17730,1,20,2026-06-10,39,32,0.0031713156288857,0.01095495972083,0.3745230328818332,train,2
S17732,1,16,2026-06-10,22,14,0.0020327945013258,0.017623584671491,0.2724216072071657,train,2
S17736,1,8,2026-06-10,52,31,0.0032382007057493,0.0017851530580174,0.3143241567035942,train,2
S18068,1,25,2026-06-10,59,15,0.0027059151000417,0.0,0.2221881643304186,train,2
S18069,1,1,2026-06-10,62,16,0.0034457965502123,0.0,0.4260069498300476,train,2
S18073,1,25,2026-06-10,40,32,0.0031866283737625,0.0039364777632569,0.3691945647844583,train,2
S18154,1,18,2026-06-10,24,19,0.0003718941431208,0.0,0.1326969183173693,train,2
S18156,1,24,2026-06-10,46,28,0.0005235351284706,0.0,0.1427724525739041,train,2
S18157,1,23,2026-06-10,28,22,0.0003500168493071,0.0,0.144069212172774,train,2
S18159,1,20,2026-06-10,37,29,0.0004067646972279,0.0,0.137368830994686,train,2
S18162,1,7,2026-06-10,41,27,0.0005187296049979,0.0,0.1622636130866052,train,2
S18163,1,16,2026-06-10,60,22,0.0008224260948576,0.0,0.1456149497913002,train,2
S18165,1,12,2026-06-10,22,23,0.000971682990365,0.0,0.2215522215117091,train,2
S18166,1,12,2026-06-10,44,21,0.0006929113525429,0.0,0.165900148851616,train,2
S18167,1,13,2026-06-10,47,29,0.0007057728952357,0.0,0.1089897357234244,train,2
S18169,1,8,2026-06-10,13,21,0.0011927522981253,0.0,0.2022363584448367,train,2
S18231,1,17,2026-06-10,57,15,0.0007551564431728,0.0,0.1709798653841396,train,2
S18268,1,18,2026-06-10,19,22,0.0003595622045112,0.0,0.1153746911531442,train,2
S18271,1,18,2026-06-10,56,20,0.0007844932232216,0.0,0.1306107458202241,train,2
S18273,1,19,2026-06-10,28,21,0.000245900287727,0.0,0.0834223736096355,train,2
S18291,1,13,2026-06-10,28,27,0.0005609247414652,0.0,0.1572543544700887,train,2
S18419,1,13,2026-06-10,47,25,0.0005791754830138,0.0,0.11571738172733,train,2
S18421,1,7,2026-06-10,44,19,0.0004452851685969,0.0,0.2190372718439657,train,2
S18422,1,2,2026-06-10,27,30,0.0005529036212972,0.0,0.2138442856885016,train,2
S18423,1,2,2026-06-10,47,17,0.0006435472568436,0.0,0.1212899741856688,train,2
S18448,1,17,2026-06-10,38,28,0.0008185489297294,0.0,0.1619706710469782,train,2
S18799,1,24,2026-06-10,54,29,0.0004952634141291,0.0,0.1985388800440723,train,2
S18801,1,24,2026-06-10,36,15,0.0003902590101273,0.0,0.1449988668086506,train,2
S18803,1,19,2026-06-10,63,23,0.0005586325397026,0.0,0.1144815481958455,train,2
S18807,1,18,2026-06-10,22,20,0.0005693484510827,0.0,0.1319321743228522,train,2
S19223,1,17,2026-06-10,14,25,0.0033207809130075,0.001746912148245,0.3843774725864504,train,2
S19641,1,17,2026-06-10,46,22,0.000797797380539,0.0,0.1498860603377835,train,2
S19991,1,19,2026-06-10,58,16,0.0003677666124973,0.0,0.1989327237327871,train,2
S19992,1,20,2026-06-10,30,18,0.0003839187886904,0.0,0.1521375808240378,train,2
S19996,1,18,2026-06-10,21,26,0.0006040201722071,0.0,0.1280223310595223,train,2
S19997,1,23,2026-06-10,45,19,0.0002496036888473,0.0,0.1010301322421661,train,2
S19998,1,23,2026-06-10,59,21,0.0002636289772559,0.0038996908494578,0.0854757418580848,train,2
S20003,1,22,2026-06-10,30,23,0.0003536968007545,0.0,0.090723737735284,train,2
S20004,1,4,2026-06-10,57,23,0.0004551315048749,0.0,0.0950739805781397,train,2
S20005,1,4,2026-06-10,45,31,0.0003121016436278,0.0,0.1320538856296957,train,2
S20006,1,4,2026-06-10,60,17,0.0003061538088499,0.0,0.1195170235987636,train,2
S20007,1,4,2026-06-10,47,22,0.0002654218473458,0.0,0.1024624937230469,train,2
S20009,1,7,2026-06-10,43,22,0.0004228166560491,0.0,0.1753742068046875,train,2
S20010,1,13,2026-06-10,38,14,0.0016463838199341,0.0,0.1836462538165722,train,2
S20011,1,6,2026-06-10,20,20,0.0003026211337179,0.0,0.1413776548386503,train,2
S20012,1,16,2026-06-10,30,27,0.0004365169669999,0.0,0.0961985046532462,train,2
S20013,1,14,2026-06-10,62,25,0.0004099013697256,0.0,0.1395658643700646,train,2
S20014,1,11,2026-06-10,47,16,0.0004465330909364,0.0,0.1323499746426316,train,2
S20015,1,16,2026-06-10,58,17,0.000467782141985,0.0,0.113114992480823,train,2
S20017,1,12,2026-06-10,55,29,0.0005830591238291,0.0,0.2269767802559669,train,2
S20070,1,24,2026-06-10,20,27,0.0007286756395637,0.0,0.1901243928451335,train,2
S20072,1,4,2026-06-10,64,23,0.0003816783667108,0.0019621777409293,0.148318737222968,train,2
S20532,1,25,2026-06-10,36,13,0.0006606056111598,0.0,0.1642366045192267,train,2
S20536,1,20,2026-06-10,34,17,0.0003476047539172,0.0,0.139516054500047,train,2
S20539,1,20,2026-06-10,21,17,0.0004275948329952,0.0,0.1227755801320106,train,2
S20612,1,17,2026-06-10,35,31,0.0009299166746077,0.0,0.1700282891082734,train,2
S21133,1,11,2026-06-10,38,21,0.0003130354578526,0.0,0.1166021504809792,train,2
S21135,1,12,2026-06-10,36,27,0.0004904611218131,0.0,0.1808637576063226,train,2
S21136,1,10,2026-06-10,21,28,0.0007062215700412,0.0,0.1142871883850264,train,2
S21137,1,10,2026-06-10,44,15,0.0003211696540015,0.0,0.1204833849761373,train,2
S21138,1,14,2026-06-10,48,19,0.0003422900491008,0.0,0.1200922640432457,train,2
S21139,1,14,2026-06-10,38,23,0.000274477498161,0.0,0.1264159840727653,train,2
S21141,1,1,2026-06-10,58,26,0.0007665696996688,0.0,0.1249569351863664,train,2
S21142,1,6,2026-06-10,25,28,0.0004658707576079,0.0,0.1338999935448278,train,2
S21143,1,1,2026-06-10,54,20,0.0004180067147539,0.0,0.1398869389005526,train,2
S21144,1,1,2026-06-10,29,14,0.0003565582420801,0.0,0.1351470943368682,train,2
S21145,1,2,2026-06-10,47,15,0.0005374595745609,0.0,0.1308289095621674,train,2
S21149,1,17,2026-06-10,18,21,0.0013167794469227,0.0037255254715001,0.2024280648322009,train,2
S21151,1,17,2026-06-10,36,29,0.0007350748854171,0.0074845452423441,0.1653370269181226,train,2
S21160,1,19,2026-06-10,14,21,0.0003048225382941,0.0,0.1984620649712901,train,2
S21173,1,19,2026-06-10,29,14,0.000317675871797,0.0,0.1457933545898461,train,2
S21352,1,2,2026-06-10,25,30,0.0036193535678013,0.0,0.4071162962066445,train,2
S21684,1,19,2026-06-10,45,14,0.0003105804501097,0.0,0.1473423944994928,train,2
S21685,1,10,2026-06-10,49,21,0.0003426387101387,0.0,0.1584667477052479,train,2
S21686,1,12,2026-06-10,21,17,0.0006244827548266,0.0,0.2159410255000223,train,2
S21687,1,13,2026-06-10,39,12,0.0014299722315829,0.0,0.241429461161032,train,2
S21688,1,11,2026-06-10,41,17,0.0004471735899278,0.0,0.138238095216228,train,2
S21689,1,13,2026-06-10,29,14,0.0007119451441691,0.0,0.1521475017971792,train,2
S21690,1,14,2026-06-10,43,20,0.0003039538459087,0.0,0.1169367561296938,train,2
S21691,1,5,2026-06-10,63,19,0.0005994768762628,0.0,0.145342075530646,train,2
S21693,1,6,2026-06-10,33,19,0.0003830970182275,0.0,0.1182226139389026,train,2
S21694,1,23,2026-06-10,16,19,0.0004251970881138,0.0,0.1542134404014708,train,2
S21695,1,24,2026-06-10,33,13,0.0004181159834339,0.0,0.18560860228348,train,2
S21698,1,17,2026-06-10,32,27,0.0006239917735422,0.0041031991744066,0.1610290934782575,train,2
S21757,1,18,2026-06-10,53,18,0.0004344648439805,0.004119012100116,0.1249235017450497,train,2
S21824,1,18,2026-06-10,59,28,0.0021419100322116,0.0,0.3772840208808234,train,2
S21825,1,17,2026-06-10,30,31,0.0025498423128595,0.0,0.3489401354161021,train,2
S22034,1,22,2026-06-10,52,16,0.0004001852867511,0.0,0.1084874318153569,train,2
S22035,1,25,2026-06-10,38,26,0.0005319217202267,0.0,0.1519219881899453,train,2
S22036,1,2,2026-06-10,56,28,0.0019025229301716,0.0,0.1735289760780324,train,2
S22038,1,2,2026-06-10,57,24,0.0005444963724581,0.0044375396208894,0.1637470176615202,train,2
S22039,1,1,2026-06-10,33,17,0.000245423763429,0.0,0.1227326914954156,train,2
S22043,1,6,2026-06-10,58,22,0.0004724381228315,0.0,0.1523365179952551,train,2
S22044,1,7,2026-06-10,35,26,0.0004945952723343,0.0,0.1603272599952436,train,2
S22046,1,8,2026-06-10,45,12,0.0003986366128956,0.0,0.1702092755328315,train,2
S22047,1,8,2026-06-10,62,23,0.0009066889443528,0.0,0.1863687509179671,train,2
S22048,1,8,2026-06-10,21,23,0.0005800078987612,0.0,0.1285345240642572,train,2
S22049,1,24,2026-06-10,30,13,0.0004827951181471,0.0,0.206364027509558,train,2
S22050,1,12,2026-06-10,37,29,0.0005486071101385,0.0,0.1687160712476894,train,2
S22051,1,10,2026-06-10,58,21,0.0005048716261108,0.0,0.1181031018540873,train,2
S22074,1,17,2026-06-10,58,24,0.0007583580419222,0.0,0.1583122038888559,train,2
S22344,1,17,2026-06-10,60,23,0.0010767664607217,0.0,0.161522107684567,train,2
S22345,1,17,2026-06-10,62,22,0.0011748084660633,0.0,0.1472873999834546,train,2
S22359,1,5,2026-06-10,40,25,0.0004883650496526,0.0,0.1126385382441208,train,2
S22360,1,5,2026-06-10,54,14,0.0003928948933215,0.0,0.1496009304114217,train,2
S22363,1,7,2026-06-10,27,15,0.0006588604355027,0.0,0.2444776635468424,train,2
S22364,1,16,2026-06-10,55,21,0.0003575684421314,0.0,0.0960212240991043,train,2
S22367,1,13,2026-06-10,49,30,0.0007377351826901,0.0,0.2196307058984184,train,2
S22368,1,1,2026-06-10,44,18,0.0003568634465318,0.0,0.1112121206487788,train,2
S22369,1,11,2026-06-10,39,16,0.0003801232429132,0.0,0.1116971077332922,train,2
S22370,1,8,2026-06-10,48,18,0.0003423210724487,0.0,0.143964314784605,train,2
S22371,1,8,2026-06-10,31,18,0.0005130364137658,0.0,0.1715617309107187,train,2
S22474,1,20,2026-06-10,52,31,0.003644975541621,0.0,0.2548269091909245,train,2
S22506,1,17,2026-06-10,15,19,0.0009645744750283,0.0,0.2413916195003913,train,2
S22507,1,17,2026-06-10,55,18,0.0006266089833554,0.0,0.1698224607588283,train,2
S22707,1,25,2026-06-10,46,25,0.0005043596833324,0.0,0.1650559931383219,train,2
S22710,1,8,2026-06-10,21,17,0.0003327033803538,0.0,0.1721074259598444,train,2
S22712,1,10,2026-06-10,62,26,0.0005161881062487,0.0,0.1091281503137167,train,2
S22714,1,12,2026-06-10,55,26,0.0006387267958211,0.0,0.1961382607471841,train,2
S22716,1,14,2026-06-10,56,19,0.0003606351124126,0.0,0.1389983249394837,train,2
S22717,1,16,2026-06-10,61,18,0.0004507381288477,0.0,0.1130801266876915,train,2
S22719,1,4,2026-06-10,40,16,0.0002492162665177,0.0,0.1070051301433618,train,2
S22720,1,4,2026-06-10,40,12,0.0002650308159505,0.0,0.1541599824103609,train,2
S22721,1,1,2026-06-10,51,18,0.0003914513910938,0.0,0.106257821234324,train,2
S22722,1,4,2026-06-10,39,26,0.0003156396778374,0.0,0.126077907233531,train,2
S22723,1,4,2026-06-10,58,22,0.0002700046323795,0.0,0.1243216085595978,train,2
S22724,1,22,2026-06-10,57,19,0.0003531159922096,0.0,0.0990528992411603,train,2
S22725,1,22,2026-06-10,45,25,0.0003748767828346,0.0,0.1443776232817031,train,2
S22932,1,5,2026-06-10,48,28,0.0002897422883218,0.0015766515980648,0.1348802053871019,train,2
S22935,1,6,2026-06-10,21,19,0.00025538864963,0.0032352979468551,0.1030916178055346,train,2
S22993,1,1,2026-06-10,20,19,0.0003021692166816,0.0,0.1818053805544266,train,2
S22994,1,7,2026-06-10,43,16,0.0003845280215922,0.0,0.1631755613965844,train,2
S22996,1,7,2026-06-10,42,17,0.0003988040109207,0.0,0.1734805873697263,train,2
S22997,1,1,2026-06-10,43,17,0.0003729737214079,0.0,0.1265628828666359,train,2
S22998,1,7,2026-06-10,44,23,0.0004190459431785,0.0,0.1421727900123698,train,2
S23000,1,4,2026-06-10,55,15,0.0005095854762882,0.0,0.0984364380923384,train,2
S23001,1,13,2026-06-10,43,24,0.0003068611170577,0.0064689535784246,0.1120951778634203,train,2
S23004,1,10,2026-06-10,28,20,0.0002887806505451,0.0,0.0987662188966047,train,2
S23110,1,11,2026-06-10,50,31,0.0033694975422216,0.0,0.148948579526925,train,2
S23111,1,2,2026-06-10,26,31,0.0036889830449679,0.0,0.346467930820953,train,2
S23114,1,17,2026-06-10,45,17,0.0005511219340316,0.0,0.179954227825411,train,2
S23342,1,18,2026-06-10,42,17,0.0004798424321065,0.0,0.1326226261330183,train,2
S23343,1,19,2026-06-10,38,31,0.0002786382748702,0.0,0.1642069079405358,train,2
S23347,1,25,2026-06-10,45,29,0.0008848234864546,0.0,0.2449636121079072,train,2
S23349,1,25,2026-06-10,47,16,0.0004501825649977,0.0,0.1552246858047695,train,2
S23350,1,11,2026-06-10,39,19,0.0005140171204102,0.0,0.1613639576072428,train,2
S23354,1,20,2026-06-10,36,15,0.0010718535417373,0.0,0.1503829278990773,train,2
S23546,1,22,2026-06-10,58,18,0.0004610859445553,0.0,0.1193228705666293,train,2
S23549,1,10,2026-06-10,45,20,0.0004028112532424,0.0,0.1279416284807498,train,2
S23552,1,14,2026-06-10,43,30,0.0003879930472259,0.0,0.140231748860567,train,2
S23556,1,5,2026-06-10,16,20,0.0003599240453123,0.0,0.1123650378808659,train,2
S23557,1,6,2026-06-10,49,20,0.0003677298109313,0.0,0.124534316307319,train,2
S23558,1,4,2026-06-10,48,16,0.000223012246442,0.0,0.1082739590008238,train,2
S23559,1,4,2026-06-10,41,14,0.0003361074775644,0.0,0.1568131948341241,train,2
S23561,1,5,2026-06-10,22,17,0.0004081939157829,0.0,0.1673105781648712,train,2
S23562,1,2,2026-06-10,37,22,0.0011788050616721,0.0,0.1500112334478637,train,2
S23563,1,23,2026-06-10,64,25,0.0008079483281813,0.0,0.1020088311577878,train,2
S23564,1,4,2026-06-10,56,21,0.0003999964287483,0.0,0.0975997798043253,train,2
S23750,1,17,2026-06-10,44,32,0.0026372172976979,0.0,0.3397169957671293,train,2
S23751,1,22,2026-06-10,53,13,0.002650319520788,0.0,0.3809696803387465,train,2
S23948,1,17,2026-06-10,63,25,0.0015102106128861,0.0,0.2168072461445377,train,2
S23949,1,17,2026-06-10,58,27,0.0007183760537845,0.0,0.2148132197790351,train,2
S23952,1,19,2026-06-10,49,20,0.0002556770760544,0.0,0.1090216898559179,train,2
S23956,1,17,2026-06-10,48,13,0.0005415637698898,0.0,0.1844762731116929,train,2
S23958,1,23,2026-06-10,27,15,0.0003184650268286,0.0,0.108107541231621,train,2
S23959,1,22,2026-06-10,56,17,0.000343692135703,0.0,0.123008826008501,train,2
S23961,1,2,2026-06-10,23,23,0.0005945696466019,0.0,0.109498515196595,train,2
S23962,1,1,2026-06-10,41,31,0.0003197605829709,0.0,0.1382662044861161,train,2
S23965,1,6,2026-06-10,51,23,0.0004922004036158,0.0,0.1419346966439721,train,2
S23967,1,12,2026-06-10,17,20,0.0008345413818105,0.0,0.1577281072908593,train,2
S23968,1,10,2026-06-10,22,27,0.0004282758429059,0.0,0.1357785546399314,train,2
S23971,1,10,2026-06-10,44,16,0.000422324673234,0.0,0.0941465056586057,train,2
S23972,1,25,2026-06-10,45,21,0.0005300508849834,0.0,0.1175718447031366,train,2
S24338,1,20,2026-06-10,26,22,0.0003581958808188,0.0,0.1708448060275225,train,2
S24340,1,25,2026-06-10,26,14,0.0005643133241809,0.0,0.1784467346964194,train,2
S24380,1,25,2026-06-10,22,21,0.0004636826105557,0.0,0.104048807620127,train,2
S24382,1,8,2026-06-10,30,23,0.0004126487755257,0.0,0.1636996128481161,train,2
S24383,1,11,2026-06-10,39,26,0.000448811301341,0.0083574359319297,0.1175310996208664,train,2
S24384,1,12,2026-06-10,43,13,0.0006580503814372,0.0,0.2042590413323917,train,2
S24386,1,1,2026-06-10,60,19,0.0009094667446916,0.0,0.1089206243833994,train,2
S24389,1,7,2026-06-10,32,12,0.0004679782537769,0.0028264491950022,0.2459591825440437,train,2
S24390,1,7,2026-06-10,60,17,0.0006443260557511,0.0,0.249355174518479,train,2
S24391,1,7,2026-06-10,45,23,0.0004313010292115,0.0,0.1598357482040323,train,2
S24394,1,24,2026-06-10,37,20,0.0004515586999242,0.0,0.0810525978329769,train,2
S24395,1,22,2026-06-10,25,23,0.0003762917627092,0.0,0.1437390999663332,train,2
S24396,1,17,2026-06-10,49,17,0.0006494900672865,0.0,0.1356618581594736,train,2
S24468,1,10,2026-06-10,41,21,0.0004774786427181,0.0,0.0969104548398954,train,2
S24469,1,13,2026-06-10,44,27,0.000515646420681,0.0,0.1539677125702588,train,2
S24470,1,4,2026-06-10,26,17,0.0002416089401088,0.0,0.0949289061194725,train,2
S24472,1,24,2026-06-10,40,24,0.0005319832916693,0.0,0.1059663684081436,train,2
S24498,1,23,2026-06-10,44,25,0.0003465049111024,0.0,0.0823525718800764,train,2
S24500,1,22,2026-06-10,28,24,0.0002519598150329,0.0,0.134224756346028,train,2
S24501,1,24,2026-06-10,45,18,0.0004358408035377,0.0,0.0989721852254395,train,2
S24502,1,4,2026-06-10,48,26,0.00031651857343,0.0,0.1283567296416613,train,2
S24620,1,7,2026-06-10,30,14,0.0006474132969934,0.0,0.2049270930466383,train,2
S24705,1,4,2026-06-10,14,18,0.0034471676101116,0.0062542470993884,0.3002831217864532,train,2
S24712,1,12,2026-06-10,31,31,0.0029129106964154,0.0020830451857347,0.3441170623299863,train,2
S24713,1,11,2026-06-10,58,14,0.0035869263866015,0.0,0.4167404915175706,train,2
S24714,1,13,2026-06-10,23,13,0.0011620022306373,0.0,0.3521706122852594,train,2
S24961,1,17,2026-06-10,37,17,0.0005325842811593,0.0,0.1250872210542699,train,2
S25168,1,6,2026-06-10,34,19,0.0002494022097049,0.0,0.1310055255854834,train,2
S25169,1,7,2026-06-10,16,23,0.0010943386700944,0.0,0.2083828723938675,train,2
S25170,1,2,2026-06-10,46,18,0.0004465999380654,0.0,0.1316162605908373,train,2
S25172,1,2,2026-06-10,51,13,0.001072120928601,0.0,0.2102353039222492,train,2
S25173,1,4,2026-06-10,46,25,0.0004640977328388,0.0,0.1064395162376381,train,2
S25174,1,24,2026-06-10,51,17,0.0004134545036631,0.0,0.1350997884932397,train,2
S25176,1,23,2026-06-10,26,16,0.0003065820032136,0.0,0.1191271586347256,train,2
S25231,1,24,2026-06-10,38,29,0.000448421241038,0.0,0.1558339688645439,train,2
S25232,1,18,2026-06-10,60,20,0.0005506903142455,0.0060956165526038,0.2106606367216676,train,2
S25319,1,25,2026-06-10,29,25,0.0005785327224844,0.0,0.1177197958839631,train,2
S25320,1,1,2026-06-10,47,20,0.0003318042447047,0.0,0.179547263175041,train,2
S25321,1,12,2026-06-10,41,27,0.0004550323548825,0.0,0.1829421283579735,train,2
S25324,1,24,2026-06-10,30,22,0.0004551887260651,0.0,0.1092139730363332,train,2
S25325,1,25,2026-06-10,54,25,0.0004697166741822,0.0,0.1445420029992707,train,2
S25326,1,25,2026-06-10,50,25,0.0004859945254385,0.0,0.1080442178213531,train,2
S25413,1,17,2026-06-10,31,30,0.0007331488884408,0.0,0.1766166392916363,train,2
S25534,1,23,2026-06-10,35,32,0.0035848902252735,0.0,0.290515631451503,train,2
S25842,1,18,2026-06-10,44,21,0.0003556172505826,0.0,0.121368721478422,train,2
S25843,1,20,2026-06-10,46,19,0.0004850485089558,0.0,0.1318500882081738,train,2
S25845,1,18,2026-06-10,63,19,0.0009536984323531,0.0,0.2063415593850411,train,2
S25848,1,22,2026-06-10,38,28,0.0002891799275542,0.0,0.1317553783067949,train,2
S25849,1,23,2026-06-10,49,20,0.0002994245856538,0.0,0.1090364558505644,train,2
S25851,1,22,2026-06-10,16,22,0.0003309434512423,0.0,0.1058630289072196,train,2
S25852,1,20,2026-06-10,59,27,0.0005776140620842,0.0,0.1428319261417933,train,2
S25853,1,23,2026-06-10,54,28,0.0003954514310276,0.0,0.1112667107903839,train,2
S25854,1,22,2026-06-10,26,27,0.0002776807917442,0.0,0.1156501598971338,train,2
S25855,1,1,2026-06-10,33,28,0.0002993282878534,0.0,0.1745640843663252,train,2
S25858,1,5,2026-06-10,40,15,0.0003279423989924,0.0,0.1075927544269906,train,2
S25860,1,16,2026-06-10,38,14,0.0003331132181792,0.0,0.1574817113374717,train,2
S25861,1,6,2026-06-10,51,28,0.0004257991541264,0.0,0.1390559638654082,train,2
S25863,1,6,2026-06-10,25,19,0.0003642136220638,0.0,0.1057131535358217,train,2
S25864,1,6,2026-06-10,52,28,0.0004512047483861,0.0,0.1561116100090141,train,2
S25865,1,16,2026-06-10,30,26,0.0003879490898209,0.0,0.1336750160258467,train,2
S25867,1,8,2026-06-10,31,20,0.000372130146515,0.0,0.1367996294996403,train,2
S25999,1,17,2026-06-10,26,21,0.0013992119424504,0.0,0.1275286063814422,train,2
S26202,1,8,2026-06-10,37,13,0.0004436672412208,0.0,0.1923010292424131,train,2
S26204,1,10,2026-06-10,55,28,0.00093301613228,0.0,0.1409666326340555,train,2
S26207,1,10,2026-06-10,42,17,0.0003249025844258,0.0,0.1080098545403994,train,2
S26208,1,11,2026-06-10,64,25,0.0004876363454476,0.0,0.1386616286523312,train,2
S26210,1,8,2026-06-10,55,21,0.0004847829975623,0.0,0.1505137861036534,train,2
S26211,1,13,2026-06-10,29,22,0.0004488768733667,0.0,0.1531341242474297,train,2
S26215,1,16,2026-06-10,39,26,0.0006260817219544,0.0,0.1243335222818629,train,2
S26216,1,6,2026-06-10,58,26,0.0008007786984253,0.0,0.1359012472483418,train,2
S26217,1,6,2026-06-10,49,22,0.0003914351819765,0.0,0.0981512559839656,train,2
S26218,1,4,2026-06-10,20,27,0.0005536077066127,0.0,0.1195932464189634,train,2
S26219,1,4,2026-06-10,19,17,0.0002802664195445,0.0,0.1502674945871623,train,2
S26220,1,2,2026-06-10,14,19,0.0011003349393887,0.0,0.1849093765566667,train,2
S26222,1,25,2026-06-10,55,20,0.0003725323447178,0.0,0.1537180037690802,train,2
S26223,1,25,2026-06-10,56,15,0.0005458881610619,0.0,0.1874927420506155,train,2
S26224,1,24,2026-06-10,34,16,0.0004018187578671,0.0,0.1624638693339023,train,2
S26225,1,17,2026-06-10,42,28,0.000646334709426,0.0,0.1760927508994964,train,2
S26242,1,18,2026-06-10,26,24,0.0003911965799094,0.0,0.1263470755029642,train,2
S26243,1,25,2026-06-10,44,13,0.0005169887505477,0.0,0.1381068464649229,train,2
S26245,1,24,2026-06-10,27,30,0.0004815581096165,0.0,0.2035208725496999,train,2
S26246,1,20,2026-06-10,29,24,0.0003653761317834,0.0,0.1515999724180199,train,2
S26345,1,19,2026-06-10,48,21,0.0004141075078083,0.0,0.0931181220474519,train,2
S26348,1,19,2026-06-10,43,29,0.0002408399214403,0.0,0.1087112334530749,train,2
S26350,1,25,2026-06-10,62,24,0.0006369246306397,0.0091276400367309,0.19319896742009,train,2
S26351,1,24,2026-06-10,30,16,0.0003887069567818,0.0,0.1223389345145261,train,2
S26352,1,23,2026-06-10,33,28,0.0002644067484684,0.0,0.0655089821318801,train,2
S26354,1,1,2026-06-10,56,14,0.0003081539420424,0.0,0.175622122852291,train,2
S26356,1,14,2026-06-10,50,17,0.0002950058793203,0.0,0.1277645448196407,train,2
S26357,1,6,2026-06-10,41,17,0.0002700367081124,0.0,0.0793427445619878,train,2
S26358,1,16,2026-06-10,17,18,0.0004854045230205,0.0,0.0989467686439466,train,2
S26360,1,10,2026-06-10,34,16,0.0002876725610702,0.0,0.1084743497231677,train,2
S26361,1,8,2026-06-10,38,17,0.0003574417715737,0.0,0.1837678067131584,train,2
S26596,1,4,2026-06-10,51,31,0.0031592660495375,0.0,0.3493014052106873,train,2
S26603,1,2,2026-06-10,46,22,0.0006419948075138,0.0012018155394507,0.1271695183807094,train,2
S26604,1,14,2026-06-10,55,15,0.0003258585407259,0.0,0.1425474456975898,train,2
S26979,1,17,2026-06-10,43,25,0.0007755894999553,0.0,0.1288279655708594,train,2
S27164,1,18,2026-06-10,57,29,0.0030765291858729,0.0037837837837837,0.3865057122035253,train,2
S27165,1,24,2026-06-10,34,11,0.003840455864782,0.0100137008381689,0.3608624056477771,train,2
S27166,1,17,2026-06-10,19,28,0.0031269855008388,0.0084586077700542,0.3207820196981653,train,2
S27167,1,2,2026-06-10,35,11,0.003668865805708,0.0063389299580125,0.3815186226867877,train,2
S27168,1,2,2026-06-10,35,32,0.0031268265918201,0.00762129669386,0.3824412465725237,train,2
S27169,1,22,2026-06-10,42,32,0.003235435824367,0.0050752609113003,0.4301815667953497,train,2
S27285,1,23,2026-06-10,40,14,0.0005522236736234,0.0,0.1108541797906236,train,2
S27286,1,25,2026-06-10,38,16,0.0004794635950003,0.0,0.1443167587586584,train,2
S27290,1,19,2026-06-10,15,20,0.0003188225938834,0.0,0.1536692812972551,train,2
S27311,1,22,2026-06-10,44,19,0.0003198700444182,0.0,0.1275179964210364,train,2
S27315,1,8,2026-06-10,49,15,0.0005613372787662,0.0,0.1834136157357268,train,2
S27316,1,24,2026-06-10,45,20,0.000381448539886,0.0,0.1074294028623939,train,2
S27552,1,2,2026-06-10,58,21,0.0008652071741658,0.0,0.1660994326945414,train,2
S27555,1,20,2026-06-10,52,20,0.0003895233242915,0.0,0.1403562359033026,train,2
S27557,1,19,2026-06-10,38,30,0.0003393189435602,0.0,0.1319411265648886,train,2
S27559,1,18,2026-06-10,50,30,0.0007877543826585,0.0,0.2027416143133872,train,2
S27564,1,25,2026-06-10,23,28,0.0005032552886363,0.0,0.1689575359141173,train,2
S27565,1,2,2026-06-10,35,19,0.0004647071751276,0.0,0.1771444743562986,train,2
S27566,1,4,2026-06-10,53,25,0.0004055984549355,0.0,0.150114368301962,train,2
S27567,1,5,2026-06-10,44,30,0.0005114316236016,0.0,0.1628778038994769,train,2
S27568,1,1,2026-06-10,13,21,0.0004640830787743,0.0,0.1572759700134832,train,2
S27571,1,5,2026-06-10,23,24,0.0004544836527513,0.0,0.0926957799672251,train,2
S27573,1,6,2026-06-10,42,18,0.0003685551263704,0.0,0.0729372243577991,train,2
S27574,1,7,2026-06-10,61,23,0.000774124915966,0.0,0.1908232352608524,train,2
S27575,1,2,2026-06-10,29,28,0.0004506748917313,0.0,0.1577578964088309,train,2
S27576,1,5,2026-06-10,58,20,0.0003877511663145,0.0,0.1276261380439399,train,2
S27577,1,10,2026-06-10,37,13,0.0003952367348162,0.0,0.1244309568795992,train,2
S27578,1,12,2026-06-10,53,22,0.0005271350265624,0.0,0.2160852088330777,train,2
S27579,1,10,2026-06-10,26,14,0.0007566889129738,0.0,0.1256287193815658,train,2
S27580,1,8,2026-06-10,37,17,0.0004132083394448,0.0,0.1616381456005196,train,2
S27634,1,17,2026-06-10,30,28,0.0008247241161343,0.0,0.189873197242241,train,2
S27857,1,6,2026-06-10,29,31,0.0035879816526133,0.0,0.2874778120448041,train,2
S27858,1,5,2026-06-10,23,13,0.0037545341095502,0.0,0.4007145353847837,train,2
S27861,1,18,2026-06-10,50,31,0.0029113233534988,0.0,0.3463378992878724,train,2
S28182,1,23,2026-06-10,24,18,0.0003232903465923,0.0,0.1323500844726993,train,2
S28183,1,24,2026-06-10,25,20,0.0004641804027639,0.0,0.1348156069228135,train,2
S28185,1,2,2026-06-10,59,21,0.0006889298700044,0.0,0.1734689421005684,train,2
S28186,1,6,2026-06-10,51,15,0.000423798366371,0.0,0.1556775585829772,train,2
S28187,1,7,2026-06-10,37,31,0.0010008959086102,0.0,0.2326759458204952,train,2
S28188,1,5,2026-06-10,32,12,0.0004848454357529,0.0,0.1884346286835061,train,2
S28190,1,1,2026-06-10,61,16,0.0007698299373871,0.0,0.1155941418725719,train,2
S28191,1,12,2026-06-10,61,18,0.0010866934583823,0.0,0.2158423739679397,train,2
S28192,1,8,2026-06-10,40,18,0.0004326615426117,0.0,0.12772902770534,train,2
S28215,1,8,2026-06-10,35,25,0.0004473640124687,0.0,0.1629904087060984,train,2
S28216,1,10,2026-06-10,27,18,0.000309739722212,0.0,0.1208443125766393,train,2
S28217,1,12,2026-06-10,43,15,0.00046844581489,0.0,0.1758123804893444,train,2
S28218,1,12,2026-06-10,34,13,0.0003872569982191,0.0,0.257237612432881,train,2
S28220,1,12,2026-06-10,44,19,0.0006278341861001,0.0,0.2005717195883403,train,2
S28221,1,8,2026-06-10,44,19,0.0003683259820422,0.0,0.13805242044158,train,2
S28222,1,12,2026-06-10,36,24,0.0003795529655962,0.0,0.1868788199288809,train,2
S28224,1,14,2026-06-10,41,27,0.0004356172899826,0.0,0.0942207611287229,train,2
S28226,1,6,2026-06-10,20,19,0.0006124698997526,0.0,0.1381775081853163,train,2
S28228,1,7,2026-06-10,51,26,0.0004671212975954,0.0,0.1455608966698322,train,2
S28229,1,6,2026-06-10,35,15,0.0002850981999448,0.0,0.1249469204638088,train,2
S28230,1,5,2026-06-10,40,21,0.000586335242427,0.0,0.1039684506570929,train,2
S28231,1,5,2026-06-10,35,19,0.0003421638717078,0.0,0.1093417987300114,train,2
S28232,1,22,2026-06-10,52,13,0.0003689473377531,0.0,0.1269414528888321,train,2
S28240,1,17,2026-06-10,20,23,0.0011407104218491,0.0,0.1594482556047524,train,2
S28241,1,17,2026-06-10,44,30,0.0011114434813347,0.0,0.2039820666610413,train,2
S28314,1,24,2026-06-10,52,13,0.0009289574124253,0.0,0.2018447578302729,train,2
S28315,1,25,2026-06-10,52,15,0.0007816353961072,0.0,0.1287003583077427,train,2
S28316,1,18,2026-06-10,45,18,0.0004098143725766,0.0,0.1155685297789852,train,2
S28320,1,18,2026-06-10,43,12,0.0005346761799048,0.0,0.216570083397129,train,2
S28533,1,17,2026-06-10,48,29,0.0006172901096984,0.0,0.2360530572021865,train,2
S28574,1,23,2026-06-10,62,19,0.0004095167811524,0.0,0.1575306752733101,train,2
S28610,1,1,2026-06-10,56,24,0.000301054758965,0.0,0.1664990520411158,train,2
S28611,1,14,2026-06-10,61,20,0.0003030698257613,0.0,0.1838388942172574,train,2
S28612,1,7,2026-06-10,49,27,0.0005080624517564,0.0,0.1597642541974558,train,2
S28613,1,5,2026-06-10,44,23,0.000363621295253,0.0,0.0925789039520655,train,2
S28614,1,6,2026-06-10,43,15,0.0003816274779603,0.0,0.1276363884913929,train,2
S28615,1,5,2026-06-10,54,26,0.000537670570698,0.0,0.1560461369659895,train,2
S28616,1,2,2026-06-10,21,28,0.0018029507912421,0.0,0.1784190353758085,train,2
S28618,1,22,2026-06-10,59,21,0.0007194236838931,0.0,0.1877306773982036,train,2
S28872,1,13,2026-06-10,21,20,0.0005522775495192,0.0,0.2013220603479368,train,2
S28873,1,10,2026-06-10,34,30,0.0003490937725469,0.0,0.1073680574719006,train,2
S28876,1,5,2026-06-10,24,25,0.0003680193416459,0.0,0.1243545260402394,train,2
S29057,1,14,2026-06-10,21,20,0.0003853497619363,0.0,0.1401669686956525,train,2
S29059,1,11,2026-06-10,61,27,0.00042685316073,0.0,0.1284706776728722,train,2
S29063,1,24,2026-06-10,18,22,0.0004543310733184,0.0,0.1321077934416407,train,2
S29064,1,2,2026-06-10,41,12,0.0016200157261927,0.0,0.1811422408105136,train,2
S29067,1,22,2026-06-10,46,27,0.000294873556055,0.0,0.1016144177541251,train,2
S29244,1,8,2026-06-10,39,32,0.0034139756160763,0.007033085217785,0.3537034508297466,train,2
S29269,1,17,2026-06-10,46,24,0.0006907126106901,0.0044815653918551,0.1405393538834485,train,2
S29331,1,25,2026-06-10,32,14,0.0006119578439907,0.0,0.1717444669045616,train,2
S29332,1,20,2026-06-10,23,14,0.0004659245308536,0.0,0.1479526207256588,train,2
S29373,1,1,2026-06-10,19,28,0.0033311106902139,0.0,0.3710251083224857,train,2
S29535,1,13,2026-06-10,58,24,0.0005152456149929,0.0,0.1583511799752915,train,2
S29536,1,13,2026-06-10,41,31,0.0007346530326032,0.0,0.1851777631868578,train,2
S29539,1,13,2026-06-10,56,29,0.0006641181139985,0.0,0.2287194482932425,train,2
S29540,1,13,2026-06-10,21,15,0.0005780485799762,0.0,0.2593085388381218,train,2
S29541,1,12,2026-06-10,32,18,0.0004808383363997,0.0,0.1785549470499086,train,2
S29546,1,2,2026-06-10,51,19,0.0005461505919967,0.0,0.146318418162699,train,2
S29547,1,4,2026-06-10,32,18,0.0002974004712102,0.0,0.0922034205882848,train,2
S29548,1,4,2026-06-10,31,23,0.0003258683230407,0.0,0.07512128923527,train,2
S29549,1,23,2026-06-10,15,23,0.0002967446435881,0.0,0.0870742990079026,train,2
S29556,1,17,2026-06-10,52,23,0.0007823047860373,0.0,0.1599740137599319,train,2
S29757,1,17,2026-06-10,46,28,0.0006599664275748,0.0,0.2144390378534805,train,2
S29862,1,12,2026-06-10,50,20,0.0006869965602203,0.0,0.1879428042062786,train,2
S29863,1,13,2026-06-10,34,18,0.0005290434614146,0.0,0.1294563075236056,train,2
S30144,1,19,2026-06-10,34,23,0.0002526708845653,0.0,0.0992316054665561,train,2
S30145,1,19,2026-06-10,42,23,0.0002845506366445,0.0,0.120880889098258,train,2
S30147,1,17,2026-06-10,23,15,0.0007000465543464,0.0,0.202937547249281,train,2
S30149,1,23,2026-06-10,32,13,0.0003190129476182,0.0,0.118918911179881,train,2
S30150,1,23,2026-06-10,41,19,0.0004181675209131,0.0,0.1411706481361047,train,2
S30151,1,22,2026-06-10,20,18,0.0004007734576677,0.0,0.1528249789243205,train,2
S30152,1,22,2026-06-10,47,30,0.0006317520592527,0.0,0.1112229550638221,train,2
S30153,1,24,2026-06-10,35,22,0.0005307290282427,0.0,0.0951792678576782,train,2
S30155,1,5,2026-06-10,46,26,0.0002799529880111,0.0,0.1300932108605975,train,2
S30156,1,2,2026-06-10,55,23,0.0004944335310819,0.0,0.121545174890592,train,2
S30158,1,1,2026-06-10,26,17,0.0003963580909258,0.0,0.1150643113762357,train,2
S30160,1,6,2026-06-10,49,17,0.000315621547342,0.0,0.0782006442480271,train,2
S30161,1,1,2026-06-10,17,26,0.000537594369968,0.0,0.1634802273346519,train,2
S30162,1,6,2026-06-10,33,16,0.0002609597242364,0.0,0.0919934605479446,train,2
S30163,1,5,2026-06-10,31,17,0.0003548229993226,0.0,0.1216773937228377,train,2
S30164,1,5,2026-06-10,20,18,0.0005122408385957,0.0,0.1403570127452122,train,2
S30165,1,16,2026-06-10,42,20,0.0003020517632102,0.0,0.0895672082019178,train,2
S30166,1,12,2026-06-10,29,26,0.0004196434661235,0.0,0.1287439544259561,train,2
S30167,1,10,2026-06-10,30,23,0.0004913538836024,0.0,0.1462718041895875,train,2
S30170,1,11,2026-06-10,51,17,0.0003776031853604,0.0,0.1265057932593067,train,2
S30172,1,10,2026-06-10,20,25,0.0004477682259549,0.0,0.0795249684261221,train,2
S30174,1,1,2026-06-10,37,16,0.0004221012819913,0.0,0.1340977495354015,train,2
S30189,1,4,2026-06-10,51,18,0.0002503287264505,0.0,0.1000529884312984,train,2
S30190,1,25,2026-06-10,41,29,0.0004933191841635,0.0008367721807764,0.1720646849353391,train,2
S30258,1,17,2026-06-10,25,30,0.0034269098841771,0.0,0.4008599166667613,train,2
S30964,1,14,2026-06-10,14,20,0.0004218254641964,0.0,0.1460698903128908,train,2
S30967,1,19,2026-06-10,43,18,0.0002989545419021,0.0,0.0977139261419722,train,2
S30969,1,18,2026-06-10,35,26,0.0004772393937855,0.0,0.1822423416443895,train,2
S30970,1,23,2026-06-10,29,26,0.0003007478669213,0.0,0.0712084787200191,train,2
S30971,1,22,2026-06-10,25,18,0.0003137757755713,0.0,0.0878003146767426,train,2
S30972,1,20,2026-06-10,35,12,0.0004049121079256,0.0,0.1643228316041504,train,2
S30973,1,25,2026-06-10,30,17,0.0005384113176175,0.0,0.1379383981341764,train,2
S30974,1,23,2026-06-10,30,13,0.0002910672713425,0.0,0.1458714809315695,train,2
S30977,1,20,2026-06-10,40,25,0.000327546230841,0.0,0.1083770622690881,train,2
S30978,1,5,2026-06-10,55,27,0.000280415361289,0.0,0.1217731995102539,train,2
S30980,1,2,2026-06-10,22,19,0.0009961154957181,0.0,0.1358475906055631,train,2
S30981,1,4,2026-06-10,23,16,0.0004948197167819,0.0,0.1112289981959297,train,2
S30982,1,2,2026-06-10,48,19,0.0006771312065035,0.0,0.1217159758583392,train,2
S30987,1,16,2026-06-10,27,29,0.0004957685880152,0.0,0.1177059476273165,train,2
S30988,1,16,2026-06-10,54,25,0.0005031274855245,0.0,0.0877571781700942,train,2
S30990,1,11,2026-06-10,16,23,0.0003570217487617,0.0,0.1345241803161354,train,2
S30991,1,11,2026-06-10,58,22,0.0004259186078225,0.0,0.13802247630783,train,2
S31339,1,8,2026-06-10,56,15,0.0006422498998683,0.0,0.1542647751479718,train,2
S31343,1,12,2026-06-10,20,16,0.0006480291558376,0.0,0.2165015152680093,train,2
S31344,1,13,2026-06-10,45,27,0.0005867446327696,0.0,0.1647501806402263,train,2
S31345,1,11,2026-06-10,62,26,0.0004470493414743,0.0,0.1233813087621391,train,2
S31348,1,11,2026-06-10,51,20,0.0003697727865056,0.0,0.1523911528041261,train,2
S31351,1,13,2026-06-10,15,23,0.0007441256434011,0.0,0.237116806013187,train,2
S31352,1,16,2026-06-10,37,21,0.000343895709165,0.0,0.0715116212408645,train,2
S31353,1,12,2026-06-10,30,18,0.0004988213242338,0.0,0.1629125510973307,train,2
S31354,1,24,2026-06-10,22,19,0.0004886858869756,0.0,0.127592931109956,train,2
S31355,1,4,2026-06-10,42,30,0.0004053070429509,0.0,0.1468417736439772,train,2
S31356,1,24,2026-06-10,36,13,0.0004375556009431,0.0,0.1824047279247927,train,2
S31361,1,17,2026-06-10,47,20,0.0009801590184313,0.0,0.1424203890043024,train,2
S31606,1,17,2026-06-10,16,17,0.0028287020923749,0.0,0.3739495029240363,train,2
S31607,1,6,2026-06-10,31,12,0.0037716848637698,0.0064809743629867,0.3221629992727138,train,2
S31611,1,18,2026-06-10,59,15,0.0029739091912295,0.0048512889591691,0.348385653596015,train,2
S31659,1,19,2026-06-10,45,25,0.000308948798664,0.0,0.118769864994301,train,2
S31663,1,20,2026-06-10,42,18,0.0004552934094146,0.0,0.1653291714931655,train,2
S31664,1,18,2026-06-10,38,17,0.0005968519151946,0.0,0.1360033825321117,train,2
S31775,1,18,2026-06-10,24,14,0.0005355717732742,0.0,0.1390891783347106,train,2
S32154,1,23,2026-06-10,54,30,0.0029507732054272,0.004435222988198,0.3223094834132119,train,2
S32156,1,16,2026-06-10,34,11,0.0035254771797976,0.0,0.3706893745083455,train,2
S32157,1,13,2026-06-10,49,31,0.0024720335867634,0.0,0.3769377848329298,train,2
S32158,1,13,2026-06-10,64,26,0.0033480567406822,0.0,0.3902919978993973,train,2
S32226,1,19,2026-06-10,26,27,0.0002569230650157,0.0,0.105360545593431,train,2
S32227,1,18,2026-06-10,30,13,0.0003903050098388,0.0,0.1631570435270742,train,2
S32397,1,25,2026-06-10,58,23,0.0004744462282976,0.0,0.1240535351061527,train,2
S32398,1,24,2026-06-10,19,25,0.0008027867635141,0.0,0.2033307714159589,train,2
S32399,1,8,2026-06-10,37,28,0.0004125659367124,0.0,0.1292988806278416,train,2
S32400,1,10,2026-06-10,52,25,0.0005480122182755,0.0,0.1231564550189729,train,2
S32401,1,10,2026-06-10,16,24,0.0005362724120204,0.0,0.097472457728308,train,2
S32402,1,25,2026-06-10,19,22,0.0009036013551189,0.0,0.1424148491347604,train,2
S32403,1,11,2026-06-10,39,23,0.000362145222281,0.0,0.1712152569593718,train,2
S32404,1,5,2026-06-10,18,19,0.0004302171839285,0.0,0.2055771428332702,train,2
S32405,1,14,2026-06-10,46,15,0.0003566468060369,0.0,0.0934640828981265,train,2
S32406,1,7,2026-06-10,52,26,0.0005209499610796,0.0,0.1494185016445997,train,2
S32407,1,5,2026-06-10,29,14,0.0004514439490019,0.0,0.1233835178442394,train,2
S32410,1,4,2026-06-10,44,31,0.0007198020931353,0.0,0.1685282192336419,train,2
S32411,1,22,2026-06-10,29,29,0.0003142081509952,0.0,0.1270418356949995,train,2
S32412,1,22,2026-06-10,15,19,0.0003170077419916,0.0,0.1036728244805579,train,2
S32415,1,20,2026-06-10,54,22,0.0004972059521791,0.0,0.1404702748577397,train,2
S32835,1,5,2026-06-10,55,30,0.0034021454277855,0.0,0.3475646322510843,train,2
S33006,1,2,2026-06-10,27,22,0.0008175350002496,0.0,0.1294938375289068,train,2
S33007,1,13,2026-06-10,42,20,0.0007079465256317,0.0,0.1231205127677815,train,2
S33008,1,12,2026-06-10,53,23,0.0004003043392095,0.0051638509652349,0.1972864839361384,train,2
S33010,1,19,2026-06-10,48,15,0.0004314265845412,0.0,0.1464734271029376,train,2
S33014,1,18,2026-06-10,61,26,0.0007540155971612,0.0051832384289677,0.2110192202123489,train,2
S33015,1,19,2026-06-10,41,24,0.0002268068596867,0.0,0.1396929930965766,train,2
S33017,1,2,2026-06-10,18,16,0.0009736043617057,0.0051705393694438,0.142356248182954,train,2
S33019,1,1,2026-06-10,21,20,0.0003251973079913,0.0,0.1473960866492231,train,2
S33020,1,2,2026-06-10,29,29,0.0007181327217704,0.0,0.1430563804552352,train,2
S33021,1,1,2026-06-10,25,25,0.0005163342843787,0.0,0.1482837010115291,train,2
S33026,1,14,2026-06-10,21,24,0.0003899190879475,0.0,0.1551428021799812,train,2
S33086,1,5,2026-06-10,47,32,0.0036162558423577,0.0,0.1573609135776353,train,2
S33473,1,23,2026-06-10,63,26,0.0034318827310885,0.0,0.3586331777944271,train,2
S33556,1,16,2026-06-10,45,29,0.0005610665844276,0.0,0.1270721870934536,train,2
S33671,1,25,2026-06-10,47,18,0.0004547978292285,0.0,0.1823879366184982,train,2
S33672,1,20,2026-06-10,21,19,0.0003380335778152,0.0,0.1268505346746481,train,2
S33770,1,2,2026-06-10,21,24,0.0006914038282532,0.0,0.1664779557233452,train,2
S33771,1,10,2026-06-10,57,24,0.0004278492480552,0.0,0.1325427262708623,train,2
S33772,1,16,2026-06-10,38,27,0.0002756430613469,0.0,0.0937444865808932,train,2
S33773,1,8,2026-06-10,49,29,0.0006398163147687,0.0,0.1516702510651509,train,2
S33774,1,14,2026-06-10,41,17,0.0004545383552583,0.0,0.1070770712945618,train,2
S33775,1,6,2026-06-10,59,17,0.0003239048888577,0.0,0.1137107833943544,train,2
S33777,1,7,2026-06-10,35,15,0.0003738416994054,0.0,0.2163446003556558,train,2
S33778,1,1,2026-06-10,33,26,0.0002472003840758,0.0,0.133898406754946,train,2
S33779,1,20,2026-06-10,27,14,0.0003843351025038,0.0,0.1332914205761293,train,2
S33780,1,25,2026-06-10,63,18,0.0010415848704981,0.0,0.2059645950774447,train,2
S33843,1,14,2026-06-10,54,13,0.0037736336010781,0.0,0.2749812224985461,train,2
S33917,1,17,2026-06-10,36,15,0.0006536085036947,0.0,0.1857954789546854,train,2
S33918,1,19,2026-06-10,44,26,0.0002917805752877,0.0,0.1171788109183076,train,2
S33921,1,19,2026-06-10,37,20,0.0002502676616642,0.0,0.131242036317636,train,2
S33922,1,19,2026-06-10,21,16,0.000769449587288,0.0,0.1254638116270063,train,2
S33923,1,18,2026-06-10,15,23,0.0006565507498473,0.0,0.2082271290820578,train,2
S33924,1,20,2026-06-10,45,16,0.0003467666676398,0.0046725237739325,0.1266997340434568,train,2
S34419,1,18,2026-06-10,50,24,0.0004064325100628,0.0,0.1635708786194095,train,2
S34421,1,19,2026-06-10,41,20,0.0002694448356621,0.0,0.1272261803102183,train,2
S34423,1,19,2026-06-10,38,12,0.0003135633528429,0.0,0.1498855952542462,train,2
S34485,1,17,2026-06-10,48,31,0.0027978894984062,0.0,0.277217323290212,train,2
S34486,1,22,2026-06-10,22,14,0.0036989898876453,0.0,0.3543425293478732,train,2
S34487,1,6,2026-06-10,13,19,0.0034912922730947,0.0,0.3957924270258639,train,2
S34603,1,22,2026-06-10,20,26,0.0003748330497544,0.0,0.129509949880253,train,2
S34604,1,25,2026-06-10,21,25,0.0005168104689688,0.0,0.1397585295978328,train,2
S34605,1,23,2026-06-10,47,31,0.0003723062734969,0.0,0.1128869497057585,train,2
S34606,1,1,2026-06-10,18,17,0.0005764811965765,0.0,0.1667498900139898,train,2
S34608,1,4,2026-06-10,31,16,0.0002683627673254,0.0,0.1023647828922758,train,2
S34609,1,5,2026-06-10,38,27,0.0003001260937259,0.0,0.1357542235970079,train,2
S34612,1,5,2026-06-10,50,15,0.00044873603599,0.0,0.125699018001934,train,2
S34614,1,16,2026-06-10,21,21,0.0002701073108662,0.0,0.0925512962835837,train,2
S34616,1,8,2026-06-10,30,22,0.0005354661341821,0.0,0.1667134842170781,train,2
S34743,1,17,2026-06-10,36,23,0.0006861014401556,0.0,0.1469687823739046,train,2
S34859,1,10,2026-06-10,38,27,0.000364311795133,0.0,0.1149505874259601,train,2
S34862,1,10,2026-06-10,56,27,0.0003825234008165,0.0,0.1068861815394376,train,2
S34865,1,10,2026-06-10,24,17,0.0002667859696414,0.0,0.1482873581788067,train,2
S34867,1,12,2026-06-10,32,31,0.0013002030430196,0.0,0.3020192345306998,train,2
S34871,1,14,2026-06-10,33,17,0.0002888971348291,0.0,0.1151854827399106,train,2
S34872,1,14,2026-06-10,29,16,0.0002984201745748,0.0,0.1185879026318688,train,2
S34873,1,14,2026-06-10,27,14,0.000350005441173,0.0,0.097609998470212,train,2
S34875,1,14,2026-06-10,13,20,0.0007082813950487,0.0,0.1432660558109337,train,2
S34876,1,16,2026-06-10,40,16,0.000302043577528,0.0,0.1054050780901082,train,2
S34877,1,16,2026-06-10,36,19,0.0002759450375345,0.0,0.0939458122947205,train,2
S34879,1,6,2026-06-10,48,14,0.0002994007810638,0.0,0.1415500360531999,train,2
S34880,1,7,2026-06-10,17,18,0.0010685839981569,0.0,0.2641236287378121,train,2
S34881,1,6,2026-06-10,23,23,0.0003997206996071,0.0,0.092735082081604,train,2
S34882,1,5,2026-06-10,20,21,0.0004676007659108,0.0,0.1638679663182718,train,2
S34883,1,6,2026-06-10,52,25,0.0004603862628189,0.0,0.1223533704322011,train,2
S34886,1,7,2026-06-10,28,15,0.0009173743753004,0.0,0.1916621596528901,train,2
S34888,1,6,2026-06-10,48,24,0.0002690440760055,0.0,0.091778327895133,train,2
S34889,1,2,2026-06-10,32,21,0.0013891017141454,0.0,0.1414172823739758,train,2
S34890,1,2,2026-06-10,38,18,0.0005733155475147,0.0,0.1237317963987185,train,2
S34895,1,20,2026-06-10,50,22,0.0003976564896418,0.0,0.1396838502047698,train,2
S34896,1,24,2026-06-10,44,15,0.0005508416026108,0.0,0.1029992183426297,train,2
S34897,1,22,2026-06-10,58,28,0.0003945115982721,0.0148846960167714,0.1808512275195065,train,2
S34988,1,25,2026-06-10,43,19,0.0005012468371662,0.0,0.1099021973143071,train,2
S34990,1,20,2026-06-10,58,26,0.0004556933106078,0.0,0.1605177836838282,train,2
S35527,1,22,2026-06-10,47,16,0.0003605194186975,0.0,0.1102701044830814,train,2
S35528,1,22,2026-06-10,33,18,0.0003568130526793,0.0,0.0790808565919211,train,2
S35529,1,1,2026-06-10,46,27,0.0004165943312172,0.0,0.1649579898799831,train,2
S35530,1,16,2026-06-10,21,26,0.0004412358309391,0.0,0.0769333865356756,train,2
S35531,1,7,2026-06-10,51,29,0.0005793490219151,0.0,0.2452356067013801,train,2
S35532,1,14,2026-06-10,36,24,0.0003475374760554,0.0,0.0871390229332028,train,2
S35533,1,11,2026-06-10,40,12,0.0003447592621041,0.0,0.1684532492021428,train,2
S35534,1,1,2026-06-10,50,28,0.0003325100632458,0.0,0.1356052454448744,train,2
S35535,1,10,2026-06-10,59,22,0.0005195923227185,0.0,0.1250056201056248,train,2
S35536,1,13,2026-06-10,62,21,0.0009235047256983,0.0,0.1406698042890004,train,2
S36008,1,4,2026-06-10,23,13,0.0038054974385249,0.0,0.3283433903612884,train,2
S36010,1,20,2026-06-10,14,18,0.0037411305700571,0.0020155812133231,0.3826048313196184,train,2
S36018,1,8,2026-06-10,59,19,0.0003683084291558,0.0,0.1657250780790895,train,2
S36019,1,12,2026-06-10,37,25,0.0003889159672737,0.0,0.1776716420401692,train,2
S36020,1,11,2026-06-10,18,24,0.0003867917785626,0.0,0.1465359851910053,train,2
S36022,1,4,2026-06-10,56,15,0.0003565328072364,0.0,0.1161073858205073,train,2
S36023,1,24,2026-06-10,56,26,0.0007752569769702,0.0,0.1465189356983102,train,2
S36024,1,4,2026-06-10,41,24,0.0004570889191681,0.0,0.1407297540715336,train,2
S36050,1,22,2026-06-10,43,22,0.0002746288743769,0.0,0.1227781802443739,train,2
S36052,1,19,2026-06-10,25,25,0.0002795865299204,0.0,0.1239000173674758,train,2
S36054,1,11,2026-06-10,55,16,0.0004774809598744,0.0,0.1127631573282296,train,2
S36117,1,5,2026-06-10,24,20,0.0005928045477796,0.0,0.0987757884036792,train,2
S36119,1,16,2026-06-10,17,22,0.000438301981338,0.0,0.1199935373996221,train,2
S36121,1,11,2026-06-10,28,15,0.0003844213649908,0.0,0.1670204800268731,train,2
S36122,1,8,2026-06-10,32,15,0.0003195116473021,0.0,0.1900771552388896,train,2
S36123,1,23,2026-06-10,44,14,0.0003289058017289,0.0,0.1027198367774963,train,2
S36247,1,1,2026-06-10,41,11,0.0035844316796572,0.0,0.4149900018617936,train,2
S36279,1,25,2026-06-10,15,26,0.0033148209689857,0.0,0.4486021719880184,train,2
S36382,1,1,2026-06-10,24,27,0.0003482454066295,0.0,0.1322525320326037,train,2
S36385,1,19,2026-06-10,34,27,0.0003361199711967,0.0,0.1089658730795122,train,2
S36388,1,18,2026-06-10,62,25,0.0015223603800027,0.0,0.1725881970962334,train,2
S36389,1,23,2026-06-10,60,25,0.0005399729743915,0.0,0.1421725167029169,train,2
S36390,1,23,2026-06-10,32,23,0.0003175842027405,0.0,0.1194325959201232,train,2
S36391,1,20,2026-06-10,41,29,0.00080398203441,0.0,0.179225070979088,train,2
S36392,1,23,2026-06-10,18,27,0.0003244667262592,0.0,0.1109558196033278,train,2
S36394,1,22,2026-06-10,37,18,0.0004093335659286,0.0,0.0941472947351837,train,2
S36397,1,24,2026-06-10,27,25,0.000633443146029,0.0,0.1365784135571035,train,2
S36398,1,2,2026-06-10,15,18,0.0010981114304834,0.0,0.1296359575400631,train,2
S36399,1,25,2026-06-10,50,29,0.0005363374310574,0.0,0.1805250241305708,train,2
S36403,1,1,2026-06-10,50,15,0.0003367123584462,0.0,0.1668392825959891,train,2
S36405,1,2,2026-06-10,43,30,0.0005940814855317,0.0,0.1353469726228197,train,2
S36408,1,5,2026-06-10,37,18,0.0004028267132718,0.0,0.1109883998711119,train,2
S36410,1,7,2026-06-10,44,15,0.0004792841242965,0.0,0.184125588554342,train,2
S36411,1,6,2026-06-10,29,20,0.0003863828185344,0.0,0.1156557782589841,train,2
S36413,1,6,2026-06-10,48,21,0.000326435725957,0.0,0.1112877833904991,train,2
S36416,1,16,2026-06-10,31,26,0.0003116608256276,0.0,0.1049929455982866,train,2
S36418,1,11,2026-06-10,30,21,0.0004811253934275,0.0,0.1393690577252348,train,2
S36419,1,11,2026-06-10,48,25,0.0004022125522236,0.0,0.1800043691267834,train,2
S36421,1,10,2026-06-10,25,14,0.000321835995913,0.0047545249301649,0.0751553251133126,train,2
S36422,1,10,2026-06-10,37,15,0.0004172167051709,0.0,0.1272893500603303,train,2
S36425,1,12,2026-06-10,32,19,0.0006560456319451,0.0,0.1791314045156152,train,2
S36428,1,12,2026-06-10,44,28,0.0004548620589713,0.0,0.1931228181666703,train,2
S36430,1,14,2026-06-10,42,29,0.0004315180113962,0.0,0.1356658673309597,train,2
S36432,1,8,2026-06-10,31,13,0.0004110847857075,0.0,0.1794132368563726,train,2
S36433,1,8,2026-06-10,30,21,0.0003615122054548,0.0,0.1784546705140253,train,2
S36434,1,8,2026-06-10,29,22,0.0004917441175554,0.0,0.1336478948068566,train,2
S36435,1,8,2026-06-10,60,24,0.0005221188227659,0.0,0.1764371977694388,train,2
S36436,1,8,2026-06-10,59,25,0.0005988789991796,0.0,0.2640136175188606,train,2
S36439,1,1,2026-06-10,48,19,0.0003309704232231,0.0,0.1604214704221546,train,2
S36881,1,6,2026-06-10,20,29,0.0034207759964712,0.0,0.3585280602917519,train,2
S36886,1,8,2026-06-10,59,28,0.0029556391595727,0.0,0.3536685931726094,train,2
S36887,1,20,2026-06-10,43,32,0.0034492025983844,0.0,0.3602687505386758,train,2
S36890,1,17,2026-06-10,39,31,0.0007348503019899,0.0,0.2059753644629891,train,2
S36891,1,17,2026-06-10,54,24,0.0005226354125763,0.0,0.1567318278622771,train,2
S36892,1,17,2026-06-10,14,21,0.0017704688603349,0.0,0.2438434595395697,train,2
S36908,1,24,2026-06-10,29,14,0.0004572591022679,0.0,0.1584624140419854,train,2
S36910,1,23,2026-06-10,54,17,0.0002501696479244,0.0,0.0912027788859559,train,2
S36913,1,18,2026-06-10,34,29,0.0004752533081008,0.0,0.1408767231258845,train,2
S36914,1,19,2026-06-10,34,28,0.0003098979088539,0.0,0.1341031924473958,train,2
S36915,1,19,2026-06-10,35,15,0.0002721654215073,0.0,0.1516125617172015,train,2
S37038,1,18,2026-06-10,58,25,0.0008597443430242,0.0,0.1614794276676591,train,2
S37039,1,18,2026-06-10,30,26,0.0003846254497422,0.0,0.1510855996616078,train,2
S37043,1,22,2026-06-10,49,23,0.0002959936269235,0.0,0.1179029069493709,train,2
S37045,1,5,2026-06-10,30,27,0.0004147791298198,0.0,0.1865822227161105,train,2
S37047,1,5,2026-06-10,55,19,0.0006878693236255,0.0,0.176976305248694,train,2
S37048,1,12,2026-06-10,38,29,0.0006286346170244,0.0,0.154074187706888,train,2
S37050,1,11,2026-06-10,47,31,0.0003643704592882,0.0,0.1147298536286648,train,2
S37051,1,10,2026-06-10,40,21,0.0006107788582156,0.0,0.0798144539880192,train,2
S37053,1,8,2026-06-10,43,25,0.0004596229444368,0.0,0.1521270653377215,train,2
S37054,1,8,2026-06-10,43,30,0.0005333913435261,0.0,0.196162463408981,train,2
S37055,1,13,2026-06-10,51,18,0.0003358474201181,0.0,0.156961972590868,train,2
S37208,1,1,2026-06-10,49,12,0.0036834648063984,0.0,0.2758703517932248,train,2
S37389,1,12,2026-06-10,25,14,0.0004551296193359,0.0,0.1619658548907297,train,2
S37390,1,16,2026-06-10,39,23,0.0002915662052407,0.0,0.0881335332988157,train,2
S37392,1,6,2026-06-10,37,31,0.0009981835379629,0.0,0.1632622807253342,train,2
S37393,1,4,2026-06-10,24,18,0.0002567786870248,0.0,0.0886564625572087,train,2
S37395,1,1,2026-06-10,39,22,0.0004412247717883,0.0,0.1334861260960634,train,2
S37396,1,24,2026-06-10,53,24,0.0003630642374843,0.0,0.140851652164279,train,2
S37398,1,17,2026-06-10,40,27,0.000669222754474,0.0,0.1766918821850967,train,2
S37413,1,11,2026-06-10,28,20,0.0003900232402999,0.0,0.1526686008666495,train,2
S37827,1,24,2026-06-10,54,13,0.0035429124219432,0.0,0.396420748099663,train,2
S37828,1,25,2026-06-10,51,31,0.003054607837491,0.0,0.3999750926780223,train,2
S38126,1,7,2026-06-10,19,28,0.0025926100456954,0.0122451996517797,0.4042381615751764,train,2
S38128,1,19,2026-06-10,34,32,0.003542159388462,0.0141019311417173,0.3531511456784608,train,2
S38129,1,22,2026-06-10,22,29,0.0034491155716389,0.0041279069767441,0.3741292508318374,train,2
S38541,1,16,2026-06-10,42,22,0.0003153978288949,0.0,0.1193960873222356,train,2
S38542,1,6,2026-06-10,19,25,0.0008393694005017,0.0,0.1282334304244365,train,2
S38546,1,1,2026-06-10,58,15,0.0005724253429745,0.0,0.138335437525867,train,2
S38561,1,19,2026-06-10,20,26,0.0003130695659623,0.0,0.1688312334095638,train,2
S38563,1,25,2026-06-10,39,12,0.000703085174542,0.0,0.2064476365400934,train,2
S38567,1,19,2026-06-10,46,28,0.0003883515424592,0.0,0.1136782582349257,train,2
S38568,1,19,2026-06-10,55,18,0.0002666818955647,0.0,0.1000654333919029,train,2
S38935,1,13,2026-06-10,26,24,0.0012960065497388,0.0,0.1270702285128837,train,2
S39002,1,22,2026-06-10,40,16,0.0002996613201178,0.0,0.134177694441011,train,2
S39003,1,24,2026-06-10,34,12,0.0005218345528341,0.0,0.1847235802722783,train,2
S39006,1,2,2026-06-10,46,29,0.0008306856982576,0.0,0.1455561573748817,train,2
S39007,1,16,2026-06-10,32,23,0.0003179527085889,0.0,0.08283416499141,train,2
S39008,1,14,2026-06-10,21,23,0.0004074584801883,0.0,0.1223568818815914,train,2
S39011,1,11,2026-06-10,37,18,0.0004731313407579,0.0,0.1275832853645081,train,2
S39012,1,8,2026-06-10,40,16,0.0003687975077005,0.0,0.1406931715958478,train,2
S39013,1,12,2026-06-10,65,23,0.0014391956842888,0.0,0.2332931596000476,train,2
S39015,1,12,2026-06-10,62,25,0.0014642380020102,0.0,0.2480529103573856,train,2
S39016,1,8,2026-06-10,37,23,0.0004206954213697,0.0,0.2025917230756944,train,2
S39018,1,8,2026-06-10,23,27,0.0006759936789519,0.0,0.1848466691475347,train,2
S39019,1,16,2026-06-10,44,17,0.0003347832443504,0.0,0.0887643583661902,train,2
S39020,1,14,2026-06-10,24,17,0.000318845270049,0.0,0.1240340890098295,train,2
S39094,1,22,2026-06-10,51,21,0.0003929849767638,0.0,0.1152211849343924,train,2
S39377,1,20,2026-06-10,52,25,0.00043850429283,0.0,0.1321095985519635,train,2
S39378,1,23,2026-06-10,49,15,0.0004076078124024,0.0,0.1317598610510611,train,2
S39379,1,7,2026-06-10,43,26,0.0004176841052097,0.0,0.1598080870591239,train,2
S39380,1,16,2026-06-10,45,14,0.0002910136443746,0.0,0.1167502504643974,train,2
S39382,1,4,2026-06-10,33,12,0.0002704173051369,0.0,0.1202416112057266,train,2
S39385,1,12,2026-06-10,31,19,0.000678066835888,0.0,0.1587920410493178,train,2
S39561,1,8,2026-06-10,51,27,0.0004859952819578,0.0,0.1885993767839325,train,2
S39562,1,8,2026-06-10,48,14,0.000374015829838,0.0,0.1467738984336414,train,2
S39563,1,13,2026-06-10,33,24,0.0004857383171624,0.0,0.1102533915933658,train,2
S39566,1,13,2026-06-10,56,14,0.0008508902652369,0.0,0.2485453743377201,train,2
S39567,1,5,2026-06-10,49,28,0.0004791927373403,0.0,0.1571749425362295,train,2
S39570,1,4,2026-06-10,49,14,0.0002705846593581,0.0,0.1156340601337997,train,2
S39571,1,2,2026-06-10,39,15,0.0005957876178486,0.0,0.1545374440117016,train,2
S39572,1,25,2026-06-10,42,27,0.0004286046220814,0.0,0.1291491128178197,train,2
S39577,1,17,2026-06-10,55,19,0.0006074250875293,0.0,0.1348139645645554,train,2
S39596,1,18,2026-06-10,14,19,0.0009314383026546,0.0,0.1999132852294376,train,2
S39597,1,17,2026-06-10,43,14,0.0005925548352585,0.0,0.1392747391193054,train,2
S39599,1,23,2026-06-10,41,20,0.0002905806066048,0.0,0.117195350293665,train,2
S39745,1,12,2026-06-10,23,30,0.0029746772901575,0.0,0.412380571324286,train,2
S39924,1,8,2026-06-10,16,26,0.0032936054035455,0.0,0.3715243803661023,train,2
S40563,1,18,2026-06-10,36,23,0.0007613089909268,0.0,0.1622031250167488,train,2
S40564,1,23,2026-06-10,41,22,0.0002924860751745,0.0,0.1286095910440291,train,2
S40881,1,4,2026-06-10,23,30,0.0036173144208921,0.0021094091532228,0.3822866044687236,train,2
S40885,1,16,2026-06-10,59,15,0.0027244121574985,0.0021355402014368,0.3818462455146316,train,2
S40886,1,18,2026-06-10,40,32,0.0028043574828203,0.0064404100092005,0.374088945125389,train,2
S40925,1,10,2026-06-10,33,21,0.0004885606898277,0.0,0.0692018103412299,train,2
S40927,1,14,2026-06-10,36,30,0.0003315204799318,0.0,0.1705425230260175,train,2
S40928,1,12,2026-06-10,56,18,0.0005399726789334,0.0,0.1983826266927916,train,2
S40929,1,13,2026-06-10,38,21,0.0005799541964047,0.0,0.1521158474614412,train,2
S40930,1,6,2026-06-10,47,20,0.0003957159066552,0.0,0.1151659533726435,train,2
S40933,1,2,2026-06-10,31,18,0.0005114940018611,0.0021136883649323,0.0990015431618368,train,2
S40934,1,20,2026-06-10,35,22,0.000322871025785,0.0,0.1583453198742522,train,2
S41071,1,19,2026-06-10,25,28,0.0003177604396137,0.0,0.1294451699699177,train,2
S41072,1,20,2026-06-10,25,24,0.0004716128701538,0.0,0.1998952794530093,train,2
S41073,1,20,2026-06-10,35,14,0.0006929982204354,0.0,0.1296797438606196,train,2
S41074,1,18,2026-06-10,13,20,0.0010915255956019,0.0,0.1906562917498751,train,2
S41075,1,24,2026-06-10,46,29,0.0004689037565608,0.0,0.1522751889262522,train,2
S41334,1,17,2026-06-10,52,31,0.0027426880726771,0.0053765185690022,0.3986109869522889,train,2
S41357,1,10,2026-06-10,64,25,0.0004458868275329,0.0,0.1110940248601032,train,2
S41358,1,10,2026-06-10,29,26,0.0003872701959523,0.0,0.0769660655911668,train,2
S41359,1,13,2026-06-10,58,16,0.0005950755095325,0.0,0.1822443860865022,train,2
S41360,1,10,2026-06-10,50,17,0.0003602797934401,0.0,0.125331583599943,train,2
S41361,1,10,2026-06-10,41,12,0.0006779352284279,0.0,0.1182585533622403,train,2
S41363,1,16,2026-06-10,35,14,0.0005713723886896,0.0,0.1514101682072306,train,2
S41364,1,11,2026-06-10,47,26,0.0005552513496011,0.0,0.1325466720527577,train,2
S41365,1,11,2026-06-10,43,29,0.0005698436317108,0.0,0.1241713818908299,train,2
S41370,1,5,2026-06-10,30,21,0.0003222750731581,0.0,0.0995333915304993,train,2
S41371,1,6,2026-06-10,40,17,0.0002585763815571,0.0,0.0861157250184381,train,2
S41373,1,2,2026-06-10,49,21,0.0005193992855645,0.0,0.1111658016754753,train,2
S41374,1,2,2026-06-10,26,25,0.0005850729899541,0.0082192233908844,0.147511962047392,train,2
S41375,1,22,2026-06-10,33,29,0.000413136567551,0.0,0.1546324219951138,train,2
S41376,1,25,2026-06-10,37,20,0.0003134302017749,0.0,0.1044389909484609,train,2
S41377,1,4,2026-06-10,24,20,0.0003036884428136,0.0,0.0989113871069631,train,2
S41378,1,4,2026-06-10,38,19,0.0002823149617296,0.0,0.0958188018004985,train,2
S41415,1,18,2026-06-10,24,28,0.0006437092212394,0.0,0.2015932586162183,train,2
S41420,1,18,2026-06-10,54,17,0.0007092149077721,0.0,0.1842772259620719,train,2
S41421,1,1,2026-06-10,38,27,0.0002708660650089,0.0,0.1637278548250303,train,2
S41505,1,10,2026-06-10,23,23,0.0004068077008787,0.0,0.1152017100802522,train,2
S41507,1,6,2026-06-10,23,14,0.0005569389841078,0.0,0.1967078350341474,train,2
S41509,1,2,2026-06-10,40,12,0.0005387921096253,0.0018011357664974,0.1814090338756081,train,2
S41704,1,22,2026-06-10,62,27,0.0034667172036748,0.0035810141403224,0.4343127980250716,train,2
S41707,1,4,2026-06-10,15,17,0.0030737238784392,0.0035923123071029,0.3205673723747533,train,2
S41708,1,6,2026-06-10,20,14,0.0033847338994414,0.0054404343590248,0.4039125338855946,train,2
S42313,1,19,2026-06-10,52,31,0.0034285299748474,0.0166161828916838,0.2706903637104366,train,2
S42314,1,19,2026-06-10,28,12,0.0033480340932487,0.0127121678722337,0.4259141238084162,train,2
S42317,1,12,2026-06-10,16,26,0.0028804047503728,0.0045223094533556,0.4580870677937656,train,2
S42318,1,13,2026-06-10,31,31,0.0032918206702583,0.0,0.3345337688546455,train,2
S42319,1,12,2026-06-10,59,15,0.0029226936977586,0.0342095662887783,0.3631671120471173,train,2
S42320,1,10,2026-06-10,17,27,0.0033829727074673,0.0,0.2695647268316229,train,2
S42324,1,8,2026-06-10,20,29,0.0029689443099999,0.0045444154894161,0.3061161293127254,train,2
S42346,1,16,2026-06-10,15,23,0.0004689166720525,0.0,0.1680253608507432,train,2
S42347,1,7,2026-06-10,54,24,0.000657007628528,0.0,0.2038092219766947,train,2
S42348,1,1,2026-06-10,20,28,0.0005018337504664,0.0,0.1365299916684209,train,2
S42349,1,24,2026-06-10,49,24,0.0004424193158408,0.0,0.1224710852306308,train,2
S42386,1,23,2026-06-10,17,20,0.000373496999664,0.0,0.1385094251749196,train,2
S42387,1,23,2026-06-10,39,31,0.0002850844550605,0.0,0.1269748465660579,train,2
S42388,1,2,2026-06-10,42,16,0.0007587553086345,0.0,0.1506087551937147,train,2
S42389,1,1,2026-06-10,44,12,0.0003252920651964,0.0,0.1294658235588984,train,2
S42390,1,6,2026-06-10,32,17,0.0002742022710938,0.0,0.1100060115884834,train,2
S42392,1,16,2026-06-10,47,21,0.0003036452167955,0.0,0.0806232095821885,train,2
S42393,1,11,2026-06-10,57,22,0.0003130479103369,0.0,0.1368012033825867,train,2
S42394,1,10,2026-06-10,36,26,0.0004040214810857,0.0,0.107731240949329,train,2
S42396,1,10,2026-06-10,52,26,0.0003310583649274,0.0,0.120169031125809,train,2
S42534,1,7,2026-06-10,41,12,0.0009802700819103,0.0,0.2512669878793283,train,2
S42537,1,14,2026-06-10,34,13,0.0003253325644913,0.0,0.1546901387404103,train,2
S42539,1,24,2026-06-10,49,23,0.0004298198419751,0.0,0.1473582474971669,train,2
S42573,1,23,2026-06-10,49,13,0.0003823101261602,0.0,0.092050672693988,train,2
S42576,1,23,2026-06-10,21,24,0.0002432209445408,0.0,0.1056939555559632,train,2
S42579,1,19,2026-06-10,33,13,0.0003613768899359,0.0,0.1271307145793367,train,2
S42825,1,17,2026-06-10,25,22,0.0013235116706159,0.0,0.13806428684827,train,2
S42894,1,24,2026-06-10,47,32,0.0034969656434872,0.0,0.3666187096227699,train,2
S42965,1,17,2026-06-10,49,15,0.0004548718147537,0.0,0.1817587679882443,train,2
S42967,1,24,2026-06-10,44,13,0.0004632938964787,0.0,0.1572375338258874,train,2
S42968,1,24,2026-06-10,47,22,0.0004224158811467,0.0,0.0999434458689069,train,2
S42970,1,22,2026-06-10,38,27,0.0003356044800449,0.0,0.1669517901328068,train,2
S42974,1,4,2026-06-10,57,16,0.000366997317208,0.0,0.1773112648187724,train,2
S42975,1,6,2026-06-10,49,14,0.0002643158022617,0.0,0.1337499516123807,train,2
S42976,1,7,2026-06-10,41,18,0.0004631886914727,0.0,0.1354790138402479,train,2
S42978,1,5,2026-06-10,52,23,0.0003942875970827,0.0,0.1228955862559293,train,2
S42979,1,16,2026-06-10,63,21,0.0007189998575035,0.0,0.1393371009543716,train,2
S42982,1,12,2026-06-10,32,23,0.0005013273089524,0.0,0.2143228576634033,train,2
S42983,1,10,2026-06-10,29,15,0.0003196321899324,0.0,0.1058952844515996,train,2
S42984,1,11,2026-06-10,50,30,0.0005858717103259,0.0,0.1324896445002074,train,2
S42988,1,13,2026-06-10,29,23,0.0008689633237505,0.0,0.1490113033623079,train,2
S43030,1,24,2026-06-10,45,24,0.0004628545608378,0.0,0.1229538268889274,train,2
S43677,1,12,2026-06-10,24,13,0.0029792306747773,0.0127771581353773,0.3260739891284736,train,2
S43679,1,24,2026-06-10,17,16,0.003195346682778,0.0134760344279948,0.2925327539821392,train,2
S43681,1,2,2026-06-10,13,19,0.0033498549069734,0.0144572565537623,0.4013887918496433,train,2
S43682,1,19,2026-06-10,43,32,0.0036909059431713,0.006595760815986,0.3993608934895827,train,2
S43683,1,20,2026-06-10,57,14,0.0033442373690251,0.0180228095517264,0.4330223565834034,train,2
S00000,1,25,2026-06-10,22,25,0.0004858702051097,0.0,0.1360612025182647,train,3
S00002,1,8,2026-06-10,41,24,0.0003780492690555,0.0,0.1478115720100636,train,3
S00003,1,13,2026-06-10,29,27,0.0005787913112421,0.0,0.2462629739046149,train,3
S00004,1,10,2026-06-10,24,14,0.0006375424318939,0.0,0.0935457989710955,train,3
S00009,1,7,2026-06-10,37,19,0.0004384388526767,0.0,0.1551693259053801,train,3
S00012,1,20,2026-06-10,53,26,0.000392270212546,0.0,0.136106944529165,train,3
S00013,1,22,2026-06-10,26,20,0.0003010264678016,0.0,0.0920693862795238,train,3
S00411,1,23,2026-06-10,44,28,0.0002979819638744,0.0,0.1443721216725291,train,3
S00412,1,2,2026-06-10,36,24,0.001976732397531,0.0,0.12523725599115,train,3
S00416,1,13,2026-06-10,37,12,0.0016799981542872,0.0,0.2938296017960931,train,3
S00642,1,18,2026-06-10,51,16,0.0006350686826205,0.0,0.1762202460833234,train,3
S00643,1,19,2026-06-10,61,21,0.0004014037492295,0.0,0.1184047756451064,train,3
S00644,1,18,2026-06-10,17,22,0.0007432900787283,0.0,0.1685965895310462,train,3
S00645,1,18,2026-06-10,48,15,0.0004716779819358,0.0,0.1692284367389198,train,3
S00646,1,18,2026-06-10,39,15,0.0003603235688629,0.0,0.1571987105881498,train,3
S00647,1,24,2026-06-10,30,24,0.0005996637386162,0.0,0.1572775188192761,train,3
S00648,1,23,2026-06-10,36,26,0.0003690240007686,0.0,0.0958352105042468,train,3
S00651,1,1,2026-06-10,24,18,0.0004078145654945,0.0,0.1602843069697566,train,3
S00654,1,11,2026-06-10,28,13,0.0004504103355469,0.0,0.1532531859796199,train,3
S00656,1,13,2026-06-10,31,30,0.0007255790973497,0.0,0.1915341811882548,train,3
S00657,1,8,2026-06-10,37,29,0.0005158487304902,0.0,0.1397634254829717,train,3
S00658,1,10,2026-06-10,50,23,0.0007012885970768,0.0,0.1072655916040798,train,3
S00935,1,16,2026-06-10,27,31,0.0033586368963141,0.0,0.2440574523265032,train,3
S00969,1,18,2026-06-10,46,22,0.0004803122521833,0.0,0.1329752302758061,train,3
S00970,1,20,2026-06-10,42,12,0.0004269360281693,0.0,0.2069185218189538,train,3
S01193,1,18,2026-06-10,17,21,0.000771090951347,0.0,0.1578530432969045,train,3
S01755,1,1,2026-06-10,28,31,0.0031702110401585,0.019165339242226,0.2827087026478891,train,3
S01758,1,13,2026-06-10,22,14,0.001449333655046,0.0072102341802819,0.3751321584174761,train,3
S01760,1,23,2026-06-10,22,14,0.0033972353323398,0.0044138151526185,0.3660760242343162,train,3
S01761,1,20,2026-06-10,48,31,0.0031458672600385,0.008808776873859,0.2743419575781509,train,3
S01810,1,18,2026-06-10,45,23,0.0003586904189662,0.0,0.1941259406623738,train,3
S02077,1,25,2026-06-10,19,26,0.0011117097460508,0.0,0.1576041206588924,train,3
S02078,1,22,2026-06-10,48,26,0.0003162818903781,0.0,0.1337615162418272,train,3
S02079,1,16,2026-06-10,25,22,0.0003454585038171,0.0,0.0818355351317132,train,3
S02080,1,14,2026-06-10,50,28,0.0004677816443458,0.0,0.1684526398646475,train,3
S02082,1,1,2026-06-10,35,16,0.0002703677433143,0.0,0.1565423936830376,train,3
S02084,1,5,2026-06-10,59,21,0.0005318572194177,0.0,0.1599364002612401,train,3
S02085,1,5,2026-06-10,18,18,0.0005808376234266,0.0,0.2048668638306657,train,3
S02086,1,5,2026-06-10,59,22,0.0004280176925497,0.0,0.1346579250869933,train,3
S02087,1,2,2026-06-10,52,13,0.0008408442951173,0.0,0.1389858457094495,train,3
S02091,1,23,2026-06-10,26,29,0.0003150589780472,0.0,0.1319830828705724,train,3
S02092,1,22,2026-06-10,44,20,0.0003004612372409,0.0,0.1432537247943583,train,3
S02093,1,4,2026-06-10,46,19,0.0004065447816592,0.0,0.0930817570482391,train,3
S02094,1,25,2026-06-10,35,27,0.0003926815856859,0.0,0.1519428138220291,train,3
S02260,1,16,2026-06-10,50,23,0.0003506670303063,0.0,0.0969233129138827,train,3
S02261,1,8,2026-06-10,44,25,0.0004215766748438,0.0,0.1781821345972885,train,3
S02262,1,8,2026-06-10,29,29,0.0004587433596376,0.0,0.2007199984989494,train,3
S02265,1,7,2026-06-10,43,17,0.0004295486293806,0.0,0.1529430527912239,train,3
S02267,1,2,2026-06-10,28,25,0.001646367263859,0.0,0.1630839107867681,train,3
S02269,1,2,2026-06-10,39,12,0.0017081478825181,0.0,0.1626793885385733,train,3
S02271,1,4,2026-06-10,62,17,0.0002715782074637,0.0,0.1089664931953563,train,3
S02274,1,22,2026-06-10,52,20,0.000257456804227,0.0,0.1153506182569599,train,3
S02299,1,19,2026-06-10,52,14,0.0003226982275243,0.0,0.1379068100133453,train,3
S02302,1,18,2026-06-10,56,26,0.0004795024177653,0.0,0.1650490255377898,train,3
S02304,1,24,2026-06-10,21,26,0.0007762976278688,0.0,0.1442520021144149,train,3
S02306,1,4,2026-06-10,31,24,0.0002610427896447,0.0,0.1082515186816592,train,3
S02307,1,8,2026-06-10,45,25,0.0003852376834787,0.0,0.1467042996983944,train,3
S02559,1,12,2026-06-10,62,24,0.0015015357386374,0.0,0.2064093104136994,train,3
S02561,1,11,2026-06-10,16,21,0.0004856315379486,0.0,0.1415417952461683,train,3
S02562,1,13,2026-06-10,31,20,0.0004540611783986,0.0,0.1267082282649505,train,3
S02563,1,14,2026-06-10,65,23,0.000528135046005,0.0,0.173298711571052,train,3
S02564,1,5,2026-06-10,42,15,0.0004500422876622,0.0,0.1536434347302053,train,3
S02565,1,7,2026-06-10,52,24,0.0005179562957816,0.0,0.1484732645743046,train,3
S02567,1,1,2026-06-10,23,15,0.0004068837131341,0.0,0.1538781898095992,train,3
S02569,1,25,2026-06-10,39,28,0.000589635746731,0.0,0.1327978391705059,train,3
S02571,1,24,2026-06-10,37,15,0.0003335035531384,0.0,0.1267613481248583,train,3
S02572,1,4,2026-06-10,31,25,0.0002732618867975,0.0,0.0870100807918061,train,3
S02573,1,24,2026-06-10,16,21,0.0009576680785635,0.0,0.127296966674163,train,3
S02574,1,2,2026-06-10,44,25,0.0022541863515373,0.0,0.1390383269359414,train,3
S02575,1,22,2026-06-10,57,24,0.000532167713517,0.0,0.1232715484589024,train,3
S02588,1,18,2026-06-10,43,27,0.0005772628508912,0.0,0.1250739198093547,train,3
S02590,1,24,2026-06-10,47,27,0.0005246119750701,0.0,0.1466466030879447,train,3
S02776,1,12,2026-06-10,31,12,0.0031652828948469,0.0,0.3979080395268979,train,3
S03133,1,12,2026-06-10,22,14,0.0028849333488798,0.0,0.4119297099911093,train,3
S03135,1,17,2026-06-10,37,28,0.0007072397604436,0.0,0.1773524098386834,train,3
S03136,1,17,2026-06-10,19,21,0.0017099047820027,0.0,0.1465011120657137,train,3
S03443,1,18,2026-06-10,33,31,0.0009543088846017,0.0,0.2265791287638422,train,3
S03445,1,22,2026-06-10,27,26,0.0003121602021588,0.0,0.1070334717478238,train,3
S03446,1,23,2026-06-10,60,20,0.0002693451982976,0.0,0.106105818616083,train,3
S03447,1,25,2026-06-10,31,27,0.000407348836135,0.0,0.1687132193911487,train,3
S03448,1,24,2026-06-10,46,22,0.0003484283978709,0.0,0.1209635761616075,train,3
S03449,1,23,2026-06-10,45,27,0.0003976400356094,0.0,0.1248697872771487,train,3
S03451,1,4,2026-06-10,22,28,0.0005648277857776,0.0,0.1067638218648016,train,3
S03452,1,6,2026-06-10,50,28,0.0002906528986469,0.0,0.1346778467349048,train,3
S03453,1,7,2026-06-10,27,27,0.0007783216222819,0.0,0.2044506874778079,train,3
S03455,1,6,2026-06-10,29,13,0.0005467593375769,0.0,0.1033059151063543,train,3
S03457,1,16,2026-06-10,40,22,0.0003831344139258,0.0,0.0806444213843917,train,3
S03458,1,16,2026-06-10,40,18,0.0002989963686708,0.0,0.0875456548360729,train,3
S03459,1,11,2026-06-10,47,28,0.0003453089183127,0.0,0.173009770353723,train,3
S03460,1,13,2026-06-10,39,20,0.0004580406178236,0.0,0.1425401254255472,train,3
S03462,1,25,2026-06-10,45,24,0.0007548238405646,0.0,0.109955271401262,train,3
S03692,1,18,2026-06-10,38,22,0.0005034094390224,0.0,0.1653263374392985,train,3
S03696,1,20,2026-06-10,22,19,0.0003735065560849,0.0,0.1427564873219198,train,3
S03697,1,23,2026-06-10,34,14,0.0003050282341337,0.0,0.1381461957540296,train,3
S03698,1,19,2026-06-10,27,26,0.0002454619049471,0.0,0.1141200777378864,train,3
S03700,1,24,2026-06-10,57,21,0.0004236598830642,0.0,0.135743377334804,train,3
S03701,1,4,2026-06-10,38,12,0.0004051064993945,0.0,0.1144725570572626,train,3
S03703,1,4,2026-06-10,40,19,0.0002679033974128,0.0,0.0806877008784359,train,3
S03704,1,7,2026-06-10,35,20,0.0005357157614697,0.0,0.1526756430538421,train,3
S03705,1,6,2026-06-10,24,24,0.0005232488534767,0.0,0.1462006507793085,train,3
S03706,1,7,2026-06-10,44,28,0.0004036293756119,0.0,0.1423200832307794,train,3
S03707,1,6,2026-06-10,36,12,0.0010478187370122,0.0,0.1524386302918169,train,3
S03709,1,2,2026-06-10,47,24,0.0010818090445235,0.0,0.1258334870020074,train,3
S03713,1,14,2026-06-10,37,25,0.0003249163345688,0.0,0.0934330062666541,train,3
S03715,1,10,2026-06-10,39,15,0.000353591590681,0.0,0.0983410410155029,train,3
S03716,1,13,2026-06-10,45,28,0.0004396059968698,0.0,0.1425686963037017,train,3
S03717,1,13,2026-06-10,31,24,0.000703399694126,0.0,0.2031842152011896,train,3
S03719,1,1,2026-06-10,19,27,0.0007217871711419,0.0,0.0870950359323698,train,3
S03843,1,17,2026-06-10,30,30,0.0008977051344785,0.0,0.1920070779958167,train,3
S03866,1,20,2026-06-10,39,30,0.0004109283780952,0.0,0.1565049951910171,train,3
S03869,1,1,2026-06-10,44,20,0.0003075284395455,0.0,0.1196665721560504,train,3
S03870,1,8,2026-06-10,51,15,0.0004284740394606,0.0,0.2011458164348903,train,3
S03871,1,5,2026-06-10,49,25,0.0003832478081966,0.0,0.1085275011982701,train,3
S03876,1,4,2026-06-10,31,27,0.0002911788927337,0.0,0.0803562199869404,train,3
S03877,1,25,2026-06-10,43,27,0.0003971133228047,0.0,0.1569236288334279,train,3
S03884,1,17,2026-06-10,30,26,0.0011318644989306,0.0,0.1773233803820749,train,3
S04284,1,19,2026-06-10,41,15,0.0002338326736277,0.0,0.1010557322269073,train,3
S04288,1,23,2026-06-10,38,14,0.0008440981858686,0.0,0.119327460638937,train,3
S04290,1,24,2026-06-10,21,23,0.0005722059647335,0.0,0.1235558033561435,train,3
S04291,1,6,2026-06-10,54,25,0.0003720013268847,0.0,0.1464723007392903,train,3
S04292,1,4,2026-06-10,28,30,0.0002886004791829,0.0,0.1704622064962771,train,3
S04296,1,4,2026-06-10,40,18,0.0002760142011044,0.0,0.1109318729616326,train,3
S04297,1,7,2026-06-10,65,21,0.001575014566254,0.0,0.229949632613172,train,3
S04298,1,16,2026-06-10,56,28,0.0004241989959788,0.0,0.1237778399044924,train,3
S04299,1,16,2026-06-10,39,12,0.0006685493595458,0.0,0.1070026358686662,train,3
S04300,1,16,2026-06-10,29,30,0.0002683479791372,0.0,0.1287531592329154,train,3
S04301,1,10,2026-06-10,23,14,0.0005008212321121,0.0,0.0997232888750487,train,3
S04303,1,13,2026-06-10,56,19,0.0005566064373941,0.0,0.1937591980160201,train,3
S04304,1,12,2026-06-10,45,16,0.0005511275975421,0.0,0.1888068858593133,train,3
S04305,1,13,2026-06-10,29,28,0.0005443001980933,0.0,0.1385391051424708,train,3
S04306,1,8,2026-06-10,57,23,0.0004875342813924,0.0,0.1509814775693218,train,3
S04362,1,11,2026-06-10,55,15,0.0004795535962885,0.0,0.1734248270033685,train,3
S04364,1,10,2026-06-10,38,12,0.0005191418531712,0.0,0.1320574119992063,train,3
S04365,1,12,2026-06-10,23,15,0.0004653924752285,0.0,0.132469588776957,train,3
S04366,1,6,2026-06-10,53,23,0.000243991487764,0.0,0.1072571284516132,train,3
S04367,1,5,2026-06-10,20,19,0.0004136794330483,0.0,0.1056410374229563,train,3
S04368,1,6,2026-06-10,42,21,0.0002566420073379,0.0,0.1408692539163737,train,3
S04369,1,2,2026-06-10,28,26,0.000600887307965,0.0,0.1528635877585452,train,3
S04371,1,4,2026-06-10,28,21,0.0004007920557738,0.0,0.0844031640678969,train,3
S04372,1,20,2026-06-10,49,23,0.0005270914853002,0.0,0.1286403774910298,train,3
S04723,1,13,2026-06-10,42,22,0.0006222449060672,0.0,0.1393146875621003,train,3
S04726,1,10,2026-06-10,26,21,0.000385725751593,0.0,0.1167993280968985,train,3
S04727,1,8,2026-06-10,54,22,0.0003634551566426,0.0,0.1863490276082488,train,3
S04729,1,10,2026-06-10,23,17,0.000531962674325,0.0,0.0741158754195187,train,3
S04730,1,14,2026-06-10,21,19,0.0004376772938137,0.0,0.1161999709418315,train,3
S04731,1,16,2026-06-10,30,20,0.0003122266890964,0.0,0.1449069970584353,train,3
S04732,1,14,2026-06-10,55,16,0.0003040596092731,0.0,0.1232258136172507,train,3
S04733,1,7,2026-06-10,29,21,0.0008245355569638,0.0,0.1568391887133554,train,3
S04736,1,2,2026-06-10,62,20,0.0008171259545746,0.0,0.1480638706300098,train,3
S04737,1,6,2026-06-10,47,14,0.0003259239368162,0.0,0.1338386573836163,train,3
S04740,1,25,2026-06-10,58,18,0.0004161995321605,0.0,0.1520431126755068,train,3
S04741,1,20,2026-06-10,60,21,0.000516601348733,0.0,0.1708379410358012,train,3
S04742,1,22,2026-06-10,47,29,0.000333437852464,0.0,0.138435427895342,train,3
S04743,1,22,2026-06-10,18,23,0.0003402082793626,0.0,0.1230841554045332,train,3
S04825,1,11,2026-06-10,22,16,0.0005689184061462,0.0,0.1830766742403112,train,3
S04826,1,12,2026-06-10,44,26,0.0006246636765811,0.0,0.1854945026165881,train,3
S04864,1,24,2026-06-10,28,19,0.0006165492122786,0.0,0.092727304993101,train,3
S04865,1,2,2026-06-10,36,13,0.000832348493407,0.0,0.1675851805225529,train,3
S04869,1,16,2026-06-10,54,16,0.0004113472929274,0.0,0.1617684123387775,train,3
S04870,1,16,2026-06-10,43,23,0.0002886713265327,0.0,0.0855405678439749,train,3
S04871,1,14,2026-06-10,52,29,0.0003318595435454,0.0,0.1025369127785407,train,3
S04872,1,13,2026-06-10,48,27,0.0005261848203663,0.0,0.1194595208999266,train,3
S04874,1,10,2026-06-10,46,19,0.0003910349239605,0.0,0.109691686640176,train,3
S04875,1,10,2026-06-10,34,26,0.000333455763295,0.0,0.1167295190516452,train,3
S05240,1,25,2026-06-10,21,17,0.0004470845052943,0.0,0.1208124580710374,train,3
S05241,1,20,2026-06-10,25,25,0.000360018280446,0.0,0.1777643747919793,train,3
S05244,1,19,2026-06-10,53,15,0.0003351846642699,0.0,0.1225946681573943,train,3
S05249,1,25,2026-06-10,26,22,0.0004751465818574,0.0,0.1098350225831449,train,3
S05252,1,8,2026-06-10,35,31,0.0007198600051362,0.0,0.2067065253130078,train,3
S05253,1,10,2026-06-10,40,18,0.0004598175771735,0.0,0.1302846500564278,train,3
S05255,1,14,2026-06-10,35,24,0.0003270649204933,0.0,0.1015459880177773,train,3
S05256,1,1,2026-06-10,40,12,0.0008855169507688,0.0,0.1432568864500763,train,3
S05257,1,2,2026-06-10,35,25,0.0009409063222393,0.0,0.1270903315201743,train,3
S05312,1,13,2026-06-10,55,19,0.0006232709957062,0.0,0.188248809142232,train,3
S05313,1,13,2026-06-10,57,24,0.0004968380931663,0.0,0.1697993238032661,train,3
S05314,1,2,2026-06-10,35,14,0.0007578085745364,0.0,0.174227914084192,train,3
S05317,1,17,2026-06-10,32,22,0.0004660836934891,0.0077781429488082,0.1487089929414956,train,3
S05318,1,17,2026-06-10,26,26,0.0009004367319443,0.0,0.2123560035534568,train,3
S05319,1,17,2026-06-10,25,27,0.0008916780931945,0.0,0.1403074304746065,train,3
S05618,1,24,2026-06-10,26,26,0.0003297289315262,0.0051030361524955,0.1451273587141287,train,3
S05933,1,17,2026-06-10,42,14,0.0006151845809385,0.0,0.1608867276422588,train,3
S05934,1,20,2026-06-10,34,12,0.0004915696626315,0.0,0.1292381431365898,train,3
S05936,1,18,2026-06-10,52,15,0.0006807177542612,0.0,0.1915462454644617,train,3
S05974,1,11,2026-06-10,35,18,0.0004420288792105,0.0,0.1625040667120485,train,3
S05979,1,10,2026-06-10,45,17,0.000379392450813,0.0,0.1295233281643061,train,3
S05980,1,11,2026-06-10,40,22,0.00032755271164,0.0,0.1491455572372617,train,3
S05981,1,13,2026-06-10,48,15,0.0006059417953431,0.0,0.1642720310095757,train,3
S05982,1,14,2026-06-10,60,22,0.0004077309511568,0.0,0.1181109108657802,train,3
S05983,1,6,2026-06-10,31,18,0.0003660776717158,0.0,0.0949119114135857,train,3
S05986,1,5,2026-06-10,39,28,0.000378051108232,0.0,0.1273266714783716,train,3
S05988,1,7,2026-06-10,38,31,0.0009641080909583,0.0,0.275118005810995,train,3
S05989,1,5,2026-06-10,57,27,0.000495166253225,0.0,0.1181243898590207,train,3
S05990,1,7,2026-06-10,41,13,0.0007706500049679,0.0,0.1841664327783224,train,3
S05991,1,2,2026-06-10,42,30,0.000521357154003,0.0,0.1216166062619265,train,3
S05993,1,2,2026-06-10,27,13,0.0006283615585845,0.0,0.1502255638536548,train,3
S05994,1,23,2026-06-10,58,27,0.0004509531669017,0.0,0.1069501581532028,train,3
S06047,1,17,2026-06-10,54,18,0.0004284352872896,0.0,0.1637158921534192,train,3
S06051,1,17,2026-06-10,33,18,0.0007772161575805,0.0,0.1220471768917009,train,3
S06149,1,25,2026-06-10,22,14,0.0031962965673194,0.0045638619271067,0.2860145488916736,train,3
S06150,1,24,2026-06-10,13,24,0.0035505389381048,0.0074638072926052,0.4432302596420396,train,3
S06151,1,23,2026-06-10,43,11,0.0036282243974108,0.0015301959697655,0.3507126514076075,train,3
S06155,1,10,2026-06-10,13,19,0.003390478436337,0.0046119297724657,0.3050320227991492,train,3
S06156,1,10,2026-06-10,62,27,0.0031188276454334,0.0108109283911946,0.3192387972012656,train,3
S06158,1,12,2026-06-10,26,28,0.0007964670120734,0.0,0.1789628333547796,train,3
S06159,1,7,2026-06-10,25,22,0.0005926263230617,0.0044989182681427,0.1530921764074238,train,3
S06160,1,1,2026-06-10,22,19,0.0003237838597468,0.0,0.1273755257179371,train,3
S06606,1,24,2026-06-10,47,29,0.0004045665475773,0.0030052092308901,0.1462591398189798,train,3
S06611,1,18,2026-06-10,39,14,0.0005570219276829,0.0,0.1990141136707331,train,3
S07316,1,5,2026-06-10,16,26,0.0035924688063857,0.0060135274117632,0.3508644503497313,train,3
S07355,1,20,2026-06-10,20,15,0.0005501527347131,0.0,0.1851985945533722,train,3
S07356,1,2,2026-06-10,23,21,0.0005661337143788,0.0,0.1127343807258236,train,3
S07357,1,7,2026-06-10,26,28,0.0004216061015365,0.0,0.3176553004191046,train,3
S07358,1,10,2026-06-10,57,18,0.0004106285122594,0.0,0.1025607530731873,train,3
S07359,1,10,2026-06-10,51,26,0.0004144723249711,0.0028716704223724,0.1318304763119056,train,3
S07537,1,18,2026-06-10,37,23,0.0002783216710163,0.0,0.1350681884543754,train,3
S07538,1,20,2026-06-10,28,15,0.0003593078047347,0.0,0.178845614100648,train,3
S07661,1,17,2026-06-10,36,25,0.0005534881061932,0.0,0.129283743594843,train,3
S07782,1,13,2026-06-10,61,28,0.002674026429757,0.0021909667806233,0.3710848856598275,train,3
S07783,1,18,2026-06-10,39,32,0.002307360832356,0.0093976906010488,0.3435675947807901,train,3
S07784,1,16,2026-06-10,14,25,0.0032919091987566,0.0077275049421381,0.3900379761032544,train,3
S07787,1,10,2026-06-10,54,13,0.0034954898961985,0.0032428764379253,0.3529179401222346,train,3
S07799,1,8,2026-06-10,35,28,0.0003842034756507,0.0108992662184151,0.197604776541055,train,3
S07800,1,6,2026-06-10,16,24,0.0003025839919748,0.0022305399971276,0.1436001366294935,train,3
S07801,1,7,2026-06-10,18,17,0.0005697124197559,0.0042724021731655,0.1684457757437881,train,3
S07876,1,22,2026-06-10,52,26,0.0004262871626716,0.0,0.1094055504374289,train,3
S07878,1,16,2026-06-10,17,25,0.0004131915122971,0.0,0.0819611758174985,train,3
S07879,1,10,2026-06-10,56,16,0.0003345099272474,0.0,0.1602204431718259,train,3
S07880,1,12,2026-06-10,39,12,0.0006238643172228,0.0,0.2731234799530213,train,3
S07881,1,16,2026-06-10,39,20,0.0003428415678863,0.0,0.0989043810136109,train,3
S07882,1,10,2026-06-10,39,25,0.0003576320653399,0.0,0.1061866106768247,train,3
S07883,1,19,2026-06-10,27,13,0.0004150712050629,0.0,0.1771201326510129,train,3
S07895,1,19,2026-06-10,28,14,0.000471245918087,0.0,0.1539574580668222,train,3
S07896,1,19,2026-06-10,28,22,0.0002568228877195,0.0,0.1011516971509002,train,3
S08148,1,4,2026-06-10,55,24,0.0006818314062028,0.0,0.1019467090574238,train,3
S08841,1,18,2026-06-10,23,18,0.0003969950001962,0.0,0.1326939419956485,train,3
S08842,1,22,2026-06-10,46,25,0.0002918104603905,0.0,0.113611594729552,train,3
S08843,1,6,2026-06-10,31,29,0.0002633723452525,0.0,0.102170711661319,train,3
S08844,1,7,2026-06-10,28,20,0.000714520269157,0.0,0.1977396286143866,train,3
S08845,1,16,2026-06-10,29,17,0.0003629781733873,0.0,0.0938036830197052,train,3
S08847,1,24,2026-06-10,38,19,0.0004894866954413,0.0,0.1339062083616878,train,3
S08965,1,18,2026-06-10,19,27,0.0008268562641344,0.0,0.1501692892815079,train,3
S08967,1,20,2026-06-10,13,22,0.0010119573527378,0.0,0.1377985933188083,train,3
S08968,1,19,2026-06-10,19,23,0.0002736165932054,0.0,0.1234950283629075,train,3
S09072,1,24,2026-06-10,25,24,0.0005377343909102,0.0,0.1623295930173937,train,3
S09077,1,8,2026-06-10,30,29,0.0006402291954369,0.0,0.1809723040861086,train,3
S09080,1,5,2026-06-10,65,19,0.0005002818687801,0.0,0.1194613023050087,train,3
S09087,1,4,2026-06-10,50,23,0.0003987770673865,0.0,0.1395465806335757,train,3
S09276,1,25,2026-06-10,56,17,0.001208831345174,0.0,0.1231227039341597,train,3
S09290,1,14,2026-06-10,46,21,0.0003172585780214,0.0,0.1306165417202648,train,3
S09292,1,24,2026-06-10,55,27,0.0006730756679357,0.0,0.152918286032172,train,3
S09293,1,8,2026-06-10,61,25,0.0007078677955729,0.0,0.1941897521396445,train,3
S09294,1,8,2026-06-10,34,27,0.000416429441858,0.0,0.1549651040344312,train,3
S09295,1,8,2026-06-10,24,27,0.0004469562416269,0.0,0.1742338102212656,train,3
S09296,1,11,2026-06-10,30,28,0.000304198910004,0.0,0.1323439816152404,train,3
S09298,1,13,2026-06-10,23,24,0.0006379919969439,0.0,0.1494825389440803,train,3
S09299,1,13,2026-06-10,16,24,0.0006145397153519,0.0,0.2293680599234995,train,3
S09301,1,12,2026-06-10,52,22,0.0006312576729825,0.0,0.2463721626200278,train,3
S09304,1,5,2026-06-10,13,22,0.0006375313097758,0.0,0.1501052409235575,train,3
S09306,1,2,2026-06-10,56,16,0.000499423046488,0.0,0.1914848974186927,train,3
S09308,1,4,2026-06-10,45,28,0.0002787179212754,0.0,0.1406898213915056,train,3
S09309,1,22,2026-06-10,42,30,0.0003230838598482,0.0,0.1527267500862816,train,3
S09310,1,23,2026-06-10,16,24,0.000338192434188,0.0,0.1783937818329672,train,3
S09466,1,17,2026-06-10,57,16,0.0007136202447482,0.0,0.1729121157361209,train,3
S09467,1,17,2026-06-10,32,19,0.0009443015298919,0.0,0.1597740465802405,train,3
S09630,1,25,2026-06-10,24,19,0.0005889697785201,0.0,0.1390939839478109,train,3
S09631,1,18,2026-06-10,37,30,0.00055195446473,0.0,0.1672248482884839,train,3
S09632,1,25,2026-06-10,38,12,0.0005535944888463,0.0,0.2271911603739523,train,3
S09635,1,19,2026-06-10,31,17,0.0003297132677124,0.0,0.1091999190886499,train,3
S09647,1,10,2026-06-10,56,18,0.0004160434994287,0.0,0.1050809825630234,train,3
S09651,1,12,2026-06-10,60,22,0.0005873298742739,0.0,0.2288282821843077,train,3
S09652,1,1,2026-06-10,28,17,0.0004069550575778,0.0,0.1321857807226213,train,3
S09653,1,17,2026-06-10,33,27,0.0006362722706563,0.0,0.1477378381316777,train,3
S09794,1,6,2026-06-10,34,11,0.0030435084288829,0.0117755769321897,0.3623753806074536,train,3
S09798,1,23,2026-06-10,41,32,0.003392296502887,0.0092445705752147,0.322870017047537,train,3
S09932,1,2,2026-06-10,57,23,0.0005368510205087,0.0187187930440771,0.1531210214838254,train,3
S09933,1,12,2026-06-10,28,21,0.0005327411479661,0.0013467082872688,0.2173480522610575,train,3
S09934,1,13,2026-06-10,17,23,0.0008794817936588,0.0,0.1264395553209897,train,3
S10087,1,14,2026-06-10,52,14,0.0003836848512105,0.0,0.1291669121481957,train,3
S10089,1,14,2026-06-10,24,15,0.0003977911132362,0.0,0.1079469808898971,train,3
S10091,1,7,2026-06-10,47,15,0.0006465096757208,0.0,0.1545223756378662,train,3
S10092,1,7,2026-06-10,34,23,0.0004106247699841,0.0,0.1274959465672299,train,3
S10095,1,1,2026-06-10,19,17,0.0004015509404078,0.0,0.1319575112019577,train,3
S10096,1,4,2026-06-10,45,22,0.0003233112087934,0.0,0.1229695715992943,train,3
S10099,1,22,2026-06-10,23,16,0.0003017033620574,0.0,0.1259246230418033,train,3
S10100,1,25,2026-06-10,28,30,0.0006384571022114,0.0,0.200255263489247,train,3
S10171,1,23,2026-06-10,49,12,0.0034844304284605,0.0,0.3586774877075414,train,3
S10186,1,19,2026-06-10,37,30,0.0004107402375953,0.0,0.1293972922696333,train,3
S10187,1,17,2026-06-10,30,14,0.0007093017652045,0.0,0.1599298609544253,train,3
S10190,1,4,2026-06-10,29,26,0.0002860806253669,0.0,0.1354501939426797,train,3
S10191,1,1,2026-06-10,47,25,0.0004154418825923,0.0,0.110292698733184,train,3
S10192,1,1,2026-06-10,17,21,0.0006278276859425,0.0,0.1375375041055923,train,3
S10193,1,2,2026-06-10,34,28,0.0007417533370435,0.0,0.1215513901892616,train,3
S10195,1,2,2026-06-10,52,25,0.0005611865851697,0.0,0.1368603778191137,train,3
S10196,1,6,2026-06-10,32,18,0.0004631810919544,0.0,0.1080545701428452,train,3
S10197,1,6,2026-06-10,25,23,0.000332872550345,0.0,0.1186680001268377,train,3
S10200,1,13,2026-06-10,57,25,0.0005177538014375,0.0,0.2351845993091621,train,3
S10201,1,11,2026-06-10,38,19,0.0003680681894863,0.0,0.1564658533121358,train,3
S10203,1,1,2026-06-10,14,23,0.000316771700029,0.0272056178545175,0.110351285841436,train,3
S10315,1,23,2026-06-10,17,25,0.0003650976277724,0.0,0.1194724241481913,train,3
S10316,1,16,2026-06-10,40,21,0.0004066193622529,0.0,0.1094502760277558,train,3
S10318,1,12,2026-06-10,32,25,0.0006841599934426,0.0,0.1678953777600752,train,3
S10320,1,11,2026-06-10,16,24,0.0003353867641152,0.0,0.1209351824425677,train,3
S10322,1,5,2026-06-10,53,24,0.0004522250263782,0.0,0.1134239584120059,train,3
S10323,1,6,2026-06-10,52,23,0.0002674092721689,0.0,0.1124766454249166,train,3
S10324,1,7,2026-06-10,50,30,0.0005064540056287,0.0,0.2185182021532813,train,3
S10325,1,4,2026-06-10,57,27,0.0004068592540183,0.0,0.1137555699755353,train,3
S10329,1,17,2026-06-10,55,20,0.0005121682301526,0.0,0.148376262815493,train,3
S10390,1,13,2026-06-10,53,13,0.0028602875858077,0.0,0.3212383719563744,train,3
S10420,1,19,2026-06-10,49,24,0.0002867312111366,0.0,0.1204303875831641,train,3
S10421,1,20,2026-06-10,34,14,0.0005522217890455,0.0,0.1689654380619421,train,3
S10617,1,17,2026-06-10,39,11,0.0033278218602303,0.0,0.3019148723614225,train,3
S10622,1,16,2026-06-10,45,28,0.0004067558835728,0.0,0.1212248021233513,train,3
S10634,1,14,2026-06-10,35,29,0.0004839772943356,0.0,0.1244395845801582,train,3
S10635,1,8,2026-06-10,39,23,0.0004076516998123,0.0,0.1122911874665901,train,3
S10636,1,8,2026-06-10,36,28,0.0007343889311532,0.0,0.1700578664621685,train,3
S10637,1,8,2026-06-10,36,25,0.0004104177615356,0.0,0.1729042673913425,train,3
S10639,1,8,2026-06-10,34,26,0.0004351574817182,0.0,0.1409474530152882,train,3
S10641,1,13,2026-06-10,25,26,0.0007737144205025,0.0,0.1694281208765524,train,3
S10642,1,16,2026-06-10,46,26,0.0002521815593453,0.0,0.0741417365664254,train,3
S10643,1,14,2026-06-10,64,25,0.0004461925412726,0.0,0.1172109259023153,train,3
S10644,1,4,2026-06-10,48,18,0.0002435899890079,0.0,0.1091294413046454,train,3
S10645,1,14,2026-06-10,34,28,0.0003703821133511,0.0,0.1192949193904039,train,3
S10647,1,1,2026-06-10,30,23,0.0004455960640959,0.0,0.1220117130781767,train,3
S10648,1,5,2026-06-10,25,15,0.000307013439632,0.0,0.1273430461490478,train,3
S10649,1,25,2026-06-10,55,27,0.0008035885650849,0.0,0.1866402533876386,train,3
S10650,1,2,2026-06-10,35,17,0.0005241568294695,0.0,0.1434610416161137,train,3
S10873,1,5,2026-06-10,54,30,0.0035507312502764,0.0029749612417021,0.4075655416332029,train,3
S10882,1,19,2026-06-10,47,31,0.0003326662692777,0.0,0.3342795551680242,train,3
S10883,1,11,2026-06-10,20,14,0.0036280439513646,0.0106879996559195,0.4388601570608539,train,3
S11248,1,16,2026-06-10,22,19,0.0002695832412805,0.0095175804928636,0.1035812013916262,train,3
S11249,1,6,2026-06-10,42,23,0.0003868937458173,0.039198170226259,0.1292571641187648,train,3
S11546,1,19,2026-06-10,20,21,0.0002641692603413,0.0,0.1307355047787516,train,3
S11547,1,18,2026-06-10,22,17,0.0003979903531124,0.0,0.1589397824969183,train,3
S11548,1,19,2026-06-10,65,22,0.0005797802001097,0.0,0.1047578408975602,train,3
S11549,1,23,2026-06-10,50,30,0.0004392210970425,0.0,0.1343997177717507,train,3
S11551,1,23,2026-06-10,24,27,0.0003888548821821,0.0,0.1035789457129086,train,3
S11553,1,25,2026-06-10,37,26,0.0003827740283647,0.0,0.1356325844775374,train,3
S11554,1,24,2026-06-10,36,14,0.0003960527734015,0.0,0.1933666221303495,train,3
S11555,1,1,2026-06-10,23,18,0.0004167510640351,0.0,0.2131931551495216,train,3
S11556,1,2,2026-06-10,53,14,0.0004814993392216,0.0,0.1481933743465662,train,3
S11557,1,1,2026-06-10,35,25,0.0002812247499793,0.0,0.1075230689363905,train,3
S11558,1,1,2026-06-10,49,16,0.0003164730613273,0.0,0.1439683317383921,train,3
S11559,1,4,2026-06-10,39,20,0.0003761277880397,0.0,0.0562604213487937,train,3
S11561,1,5,2026-06-10,51,17,0.000335482898195,0.0,0.1248716489651963,train,3
S11562,1,7,2026-06-10,27,17,0.0007754507599182,0.0,0.1472439254840889,train,3
S11563,1,7,2026-06-10,39,18,0.0002935455402101,0.0,0.1456160347787146,train,3
S11564,1,7,2026-06-10,50,26,0.0005623558924563,0.0,0.1341066556591904,train,3
S11571,1,13,2026-06-10,55,17,0.0006900219144194,0.0,0.2120890704814243,train,3
S11574,1,8,2026-06-10,16,24,0.00056916947551,0.0,0.282923479285405,train,3
S11575,1,2,2026-06-10,14,20,0.0012095673489885,0.0,0.1539935020173909,train,3
S11996,1,11,2026-06-10,28,31,0.0022204490793737,0.0,0.4022021540853915,train,3
S12007,1,20,2026-06-10,34,11,0.0035031234704849,0.0,0.4334686940762435,train,3
S12011,1,14,2026-06-10,13,24,0.0033486322207387,0.0,0.2519832418957815,train,3
S12365,1,25,2026-06-10,17,18,0.0006818911180411,0.0,0.2153231982818325,train,3
S12366,1,23,2026-06-10,28,24,0.0002510953960876,0.0,0.1230658914892289,train,3
S12368,1,19,2026-06-10,15,23,0.0002436608365702,0.0,0.1221601662708149,train,3
S12369,1,19,2026-06-10,56,20,0.0002730547153793,0.0,0.1312095494617829,train,3
S12488,1,19,2026-06-10,60,15,0.0035258491383899,0.0,0.4346466561836108,train,3
S12849,1,11,2026-06-10,25,20,0.0002673818455203,0.0,0.1267646373887068,train,3
S12850,1,12,2026-06-10,39,14,0.0006317016102038,0.0,0.1714709515746914,train,3
S12851,1,12,2026-06-10,50,22,0.0009104581523129,0.0,0.157909869292484,train,3
S12852,1,12,2026-06-10,45,15,0.0004533203829784,0.0,0.2188031595224734,train,3
S12854,1,16,2026-06-10,34,23,0.0003696671483322,0.0,0.068705102349899,train,3
S12857,1,11,2026-06-10,49,20,0.0003254899394208,0.0,0.1437493373162598,train,3
S12860,1,14,2026-06-10,44,14,0.0003313890746482,0.0258551177006112,0.1590425293779635,train,3
S12861,1,7,2026-06-10,58,22,0.0007778021161195,0.0,0.1148902537458302,train,3
S12864,1,25,2026-06-10,19,27,0.0006659765201904,0.0,0.1749161803250526,train,3
S12865,1,22,2026-06-10,54,25,0.0004066771612905,0.0,0.0770397207798346,train,3
S12951,1,19,2026-06-10,57,21,0.0003875544506101,0.0,0.1352273813640983,train,3
S12953,1,19,2026-06-10,28,30,0.0002685257281801,0.0,0.1525827523054223,train,3
S12957,1,23,2026-06-10,20,24,0.0003348815270846,0.0,0.1216871197017402,train,3
S12958,1,23,2026-06-10,14,21,0.0003303782051629,0.0,0.166234141877752,train,3
S13112,1,8,2026-06-10,21,19,0.0003652240352561,0.0,0.1380101033555576,train,3
S13113,1,8,2026-06-10,52,25,0.000386402698549,0.0,0.1299295693992994,train,3
S13114,1,11,2026-06-10,26,18,0.0002751708941457,0.0,0.1418762508709554,train,3
S13115,1,16,2026-06-10,55,29,0.0003075440180372,0.027620317883739,0.0912701912097139,train,3
S13116,1,7,2026-06-10,24,22,0.0007694216195859,0.0,0.182352222450281,train,3
S13117,1,6,2026-06-10,55,26,0.0004295020018491,0.0,0.0999548371514036,train,3
S13118,1,1,2026-06-10,46,25,0.0003663700727992,0.0,0.1406876005647488,train,3
S13119,1,5,2026-06-10,58,17,0.0004240770372611,0.0,0.1946327520965332,train,3
S13120,1,1,2026-06-10,34,31,0.0005548683259056,0.0,0.1234116089004461,train,3
S13123,1,20,2026-06-10,46,28,0.0003773853937904,0.0,0.127087203474988,train,3
S13155,1,18,2026-06-10,57,21,0.0006545721657587,0.0,0.1582908745945266,train,3
S13157,1,18,2026-06-10,37,13,0.0006295878326311,0.0,0.1812988061191547,train,3
S13162,1,19,2026-06-10,53,21,0.0002483080398731,0.0,0.1138296149689373,train,3
S13163,1,24,2026-06-10,44,17,0.0004859963443121,0.0,0.1231464396105839,train,3
S13164,1,23,2026-06-10,62,26,0.0004874930224174,0.0,0.1170241678097104,train,3
S13167,1,7,2026-06-10,49,13,0.0007819197085282,0.0,0.311681736692167,train,3
S13174,1,11,2026-06-10,42,20,0.0004716252255771,0.0,0.1322133646089804,train,3
S13175,1,10,2026-06-10,20,28,0.0008503668949046,0.0,0.1457876314911601,train,3
S13294,1,13,2026-06-10,38,15,0.0004821223759813,0.0,0.1405355238473668,train,3
S13305,1,17,2026-06-10,60,19,0.0015877265157294,0.0,0.2027937713934982,train,3
S13320,1,22,2026-06-10,33,25,0.0002915682326646,0.0,0.1652003415628114,train,3
S13323,1,16,2026-06-10,56,27,0.0003166843445834,0.0,0.1110104897273281,train,3
S13326,1,13,2026-06-10,33,26,0.0005400435459921,0.0,0.1541351706909752,train,3
S13327,1,10,2026-06-10,49,29,0.0005265770832209,0.0,0.1503703807321424,train,3
S13328,1,25,2026-06-10,14,22,0.0010974868313484,0.0,0.2011300929151412,train,3
S13392,1,23,2026-06-10,58,24,0.0006453150327757,0.0,0.0826504895847101,train,3
S13393,1,22,2026-06-10,25,14,0.0002881007218737,0.0,0.1321541147064201,train,3
S13394,1,23,2026-06-10,30,30,0.0003449401306403,0.0,0.1421953459308367,train,3
S13396,1,18,2026-06-10,59,27,0.0007260370304703,0.0,0.2761037490045033,train,3
S13397,1,19,2026-06-10,34,25,0.0003257627605144,0.0,0.1255885480614721,train,3
S13654,1,25,2026-06-10,37,24,0.0005260235268897,0.0,0.1258603580197995,train,3
S13655,1,22,2026-06-10,21,28,0.0004262410687047,0.0,0.2069299810203892,train,3
S13656,1,1,2026-06-10,64,22,0.0003238704076904,0.001893008817536,0.0915177379614015,train,3
S13657,1,5,2026-06-10,37,23,0.0002746948004087,0.0,0.1193576400484759,train,3
S13658,1,12,2026-06-10,24,17,0.0004797454171182,0.0,0.1138150394244701,train,3
S13660,1,25,2026-06-10,27,27,0.0005123698097997,0.0,0.1615341467259256,train,3
S14166,1,8,2026-06-10,46,19,0.0003838992176251,0.0,0.1437874165537986,train,3
S14167,1,13,2026-06-10,21,25,0.0007143391902099,0.0,0.15646735617876,train,3
S14170,1,16,2026-06-10,51,13,0.0004707384458655,0.0,0.0981461925642695,train,3
S14173,1,14,2026-06-10,38,21,0.0002834377142558,0.0,0.1321866758679891,train,3
S14174,1,14,2026-06-10,49,23,0.0003137223122052,0.0,0.1047229913676505,train,3
S14175,1,14,2026-06-10,55,21,0.0004236036709653,0.0,0.1105756652488039,train,3
S14176,1,14,2026-06-10,42,22,0.0003417839562739,0.0,0.096928161479888,train,3
S14179,1,2,2026-06-10,43,14,0.0006168475589434,0.0,0.1297599291634748,train,3
S14180,1,7,2026-06-10,13,21,0.0013058117506276,0.0,0.2309702898815874,train,3
S14181,1,5,2026-06-10,57,16,0.0004554381531563,0.0,0.1451649711521566,train,3
S14184,1,22,2026-06-10,49,24,0.0002982927658777,0.0,0.133911214280289,train,3
S14189,1,22,2026-06-10,60,20,0.0004234354153961,0.0,0.1471800078036576,train,3
S14190,1,18,2026-06-10,47,16,0.0006074717561197,0.0,0.1345016678518917,train,3
S14191,1,20,2026-06-10,35,20,0.0004332513179059,0.0,0.1342535201368256,train,3
S14289,1,24,2026-06-10,53,28,0.0004164712514365,0.0,0.1616500085782575,train,3
S14364,1,17,2026-06-10,48,19,0.00041232370289,0.0,0.1233645556279633,train,3
S14437,1,18,2026-06-10,27,12,0.0035682198264553,0.0,0.3541215424095558,train,3
S14675,1,24,2026-06-10,39,29,0.000585415317459,0.0,0.1390563389372657,train,3
S14677,1,8,2026-06-10,51,29,0.0005089428973516,0.0,0.211291906192558,train,3
S14678,1,11,2026-06-10,58,24,0.0003869074335179,0.0,0.1306937966654981,train,3
S14680,1,11,2026-06-10,24,19,0.0003989985151969,0.0,0.1295760935277808,train,3
S14682,1,16,2026-06-10,13,21,0.0006536863317819,0.0,0.1017180974418242,train,3
S14684,1,7,2026-06-10,25,16,0.0007687080034354,0.0,0.2490522496900556,train,3
S14685,1,4,2026-06-10,39,15,0.0002581401229068,0.0,0.1080953322739627,train,3
S14686,1,6,2026-06-10,28,25,0.0003958657000358,0.0,0.1232741732522527,train,3
S14687,1,5,2026-06-10,51,15,0.000355366793347,0.0,0.1471680294197877,train,3
S14688,1,6,2026-06-10,39,14,0.0005008478256601,0.0,0.1542286560239476,train,3
S14689,1,5,2026-06-10,60,24,0.0004377529194512,0.0,0.1442481172240054,train,3
S14690,1,6,2026-06-10,21,18,0.000429062899057,0.0,0.1438947879364473,train,3
S14692,1,5,2026-06-10,36,13,0.0004665939530616,0.0,0.1367071719437715,train,3
S14695,1,5,2026-06-10,14,24,0.0006559331769402,0.0,0.1631641907343631,train,3
S14696,1,20,2026-06-10,57,25,0.000442944653182,0.0,0.1345488138749445,train,3
S14697,1,22,2026-06-10,65,24,0.0003900946473533,0.0,0.1440085183145644,train,3
S14699,1,22,2026-06-10,19,27,0.0003732049659434,0.0,0.1221896080147858,train,3
S14874,1,1,2026-06-10,19,22,0.0005304676191418,0.0,0.1401521628269856,train,3
S14876,1,11,2026-06-10,41,21,0.0003926742325034,0.0,0.1963456456486294,train,3
S14877,1,12,2026-06-10,35,16,0.0005222381492735,0.0,0.1738042274793691,train,3
S14879,1,12,2026-06-10,37,23,0.0008414827410786,0.0,0.1749304202416531,train,3
S14880,1,14,2026-06-10,45,13,0.0003409916350159,0.0,0.1395954824700953,train,3
S14881,1,14,2026-06-10,45,12,0.0003557729323571,0.0,0.1365270125688246,train,3
S14882,1,14,2026-06-10,56,15,0.0004849141966372,0.0,0.1583328155394869,train,3
S14884,1,7,2026-06-10,61,21,0.000584985425357,0.0,0.1878313461487955,train,3
S14885,1,6,2026-06-10,62,20,0.0011734312793301,0.0,0.1401099820513695,train,3
S14920,1,25,2026-06-10,41,30,0.0008690137925591,0.0,0.1618589783909235,train,3
S14921,1,23,2026-06-10,20,27,0.0003201951734556,0.0,0.136093153840898,train,3
S14922,1,22,2026-06-10,41,17,0.000455794177013,0.0,0.0885341756726163,train,3
S14924,1,18,2026-06-10,55,16,0.0005611538047423,0.0,0.211951566579108,train,3
S14927,1,1,2026-06-10,48,30,0.000404043264553,0.0,0.1489979711638477,train,3
S15264,1,14,2026-06-10,19,24,0.000326835605529,0.0,0.1310844049143666,train,3
S15265,1,8,2026-06-10,45,18,0.0004276045131377,0.0,0.1673981377453448,train,3
S15266,1,8,2026-06-10,24,24,0.000426764299607,0.0,0.1636278951436677,train,3
S15269,1,6,2026-06-10,34,23,0.0005286757216426,0.0,0.0869636136158023,train,3
S15271,1,20,2026-06-10,22,27,0.0003584789130752,0.0,0.1494280973553319,train,3
S15273,1,17,2026-06-10,21,28,0.0010025704190734,0.0,0.2720612993544005,train,3
S15374,1,5,2026-06-10,38,11,0.0037504846112682,0.0033815734862865,0.4364569892065417,train,3
S15375,1,25,2026-06-10,31,12,0.0033257036307728,0.0016928254175863,0.3604524383977889,train,3
S15380,1,6,2026-06-10,60,28,0.0034537124384966,0.0016491958096489,0.3304065193769811,train,3
S16245,1,22,2026-06-10,41,23,0.0002721460234154,0.0,0.1129935722635826,train,3
S16247,1,6,2026-06-10,45,20,0.0003348429806004,0.0,0.1112336541690463,train,3
S16252,1,8,2026-06-10,57,24,0.0003689112519655,0.0,0.1423892420965263,train,3
S16256,1,8,2026-06-10,40,24,0.0004424907224059,0.0,0.1687312143793641,train,3
S16372,1,17,2026-06-10,48,25,0.000975932053659,0.0,0.1638784612963054,train,3
S16380,1,20,2026-06-10,50,21,0.0004598664479201,0.0,0.1410656743103116,train,3
S16381,1,22,2026-06-10,31,23,0.0004540960044452,0.0,0.1339398362336755,train,3
S16383,1,6,2026-06-10,40,22,0.000446507142004,0.0,0.134057424512085,train,3
S16384,1,5,2026-06-10,53,14,0.0004055835882634,0.0,0.1654621357328009,train,3
S16385,1,6,2026-06-10,24,26,0.0005150515275285,0.0,0.1327130073698942,train,3
S16387,1,16,2026-06-10,28,24,0.0003146316408873,0.0,0.1029791317267724,train,3
S16388,1,1,2026-06-10,45,17,0.0003396994559147,0.0,0.1438804899555352,train,3
S16389,1,11,2026-06-10,44,30,0.0012646224254347,0.0,0.1275115196768864,train,3
S16390,1,8,2026-06-10,34,15,0.0004879539309079,0.0,0.116814282667196,train,3
S16391,1,16,2026-06-10,21,17,0.0003297101339946,0.0,0.0908352308234437,train,3
S16395,1,16,2026-06-10,39,31,0.0003983484893969,0.0,0.1168706206772823,train,3
S16396,1,11,2026-06-10,40,23,0.0003560202209651,0.0,0.143688824163394,train,3
S16398,1,10,2026-06-10,25,27,0.0004704817255239,0.0,0.1069080773234332,train,3
S16402,1,13,2026-06-10,39,30,0.0007713583950367,0.0,0.1949969079502281,train,3
S16404,1,16,2026-06-10,55,24,0.0004030088916587,0.0,0.1552272614974656,train,3
S16408,1,6,2026-06-10,62,24,0.0011499594118654,0.0,0.1682889747740006,train,3
S16411,1,2,2026-06-10,51,26,0.001280350573043,0.0,0.127293978571502,train,3
S16413,1,25,2026-06-10,32,20,0.0003426354284023,0.0,0.0949417116502146,train,3
S16416,1,22,2026-06-10,27,27,0.000254007924148,0.0,0.1171133126715339,train,3
S16418,1,22,2026-06-10,39,27,0.0003650432763287,0.0,0.1503991700419248,train,3
S16419,1,2,2026-06-10,27,25,0.0013866563372559,0.0,0.1198130713837318,train,3
S16420,1,4,2026-06-10,53,28,0.0003973459271993,0.0,0.1242269287874744,train,3
S16421,1,23,2026-06-10,28,27,0.0003214531813957,0.0,0.0942744408589751,train,3
S16422,1,24,2026-06-10,57,28,0.0007701639177306,0.0,0.1466055710496984,train,3
S16423,1,17,2026-06-10,16,19,0.0013794105394188,0.004356439115038,0.1388473004531326,train,3
S16621,1,18,2026-06-10,23,28,0.0004713735088361,0.0,0.1483559352107609,train,3
S16623,1,23,2026-06-10,44,21,0.0003760729157412,0.0,0.1169453783188479,train,3
S16625,1,22,2026-06-10,62,17,0.0006120138729459,0.0,0.1623031817387676,train,3
S16629,1,2,2026-06-10,40,17,0.0006948314674388,0.0,0.126246245018639,train,3
S16630,1,7,2026-06-10,44,30,0.0006170863628202,0.0,0.1744751621799363,train,3
S16631,1,6,2026-06-10,58,18,0.0004171774537511,0.0,0.1363524245036046,train,3
S16632,1,14,2026-06-10,25,19,0.0002861148540227,0.0,0.0990751594743438,train,3
S16633,1,10,2026-06-10,30,19,0.00033408028418,0.0,0.0996255019744086,train,3
S16635,1,25,2026-06-10,58,26,0.0005698868555047,0.0,0.1042528153783714,train,3
S16701,1,5,2026-06-10,28,31,0.0033198913938474,0.0,0.3968842216928759,train,3
S16844,1,10,2026-06-10,37,16,0.0003738426440734,0.0,0.101141769007465,train,3
S16845,1,12,2026-06-10,42,17,0.0005457503810485,0.0,0.2020492069485429,train,3
S16846,1,11,2026-06-10,27,13,0.0002963985303924,0.0,0.1800011278597878,train,3
S16847,1,16,2026-06-10,59,16,0.0005308114910871,0.0,0.1041505032431032,train,3
S16848,1,13,2026-06-10,26,22,0.0004657031303974,0.0189647606509835,0.154594765544606,train,3
S16849,1,13,2026-06-10,31,15,0.0005669714445343,0.0,0.1941617310412429,train,3
S16851,1,5,2026-06-10,50,19,0.0003663010839775,0.0,0.1367357480658671,train,3
S16852,1,6,2026-06-10,23,16,0.0008526838082906,0.0,0.1516447630819515,train,3
S16856,1,24,2026-06-10,57,25,0.000597789000459,0.0,0.1561715441667999,train,3
S16857,1,24,2026-06-10,46,19,0.0004458298179431,0.0,0.1480714108878508,train,3
S16859,1,2,2026-06-10,42,14,0.0007281493660845,0.0,0.1352096782496598,train,3
S16860,1,5,2026-06-10,32,24,0.0004325780899715,0.0,0.1398653414371481,train,3
S16861,1,23,2026-06-10,58,15,0.0005850752276326,0.0,0.1802072610924664,train,3
S16862,1,25,2026-06-10,45,20,0.0004805961371293,0.0,0.1344085167967023,train,3
S16863,1,17,2026-06-10,57,21,0.0007095599609227,0.0,0.1667252385234879,train,3
S16865,1,17,2026-06-10,20,22,0.0015698607204962,0.0,0.1665510425458806,train,3
S16915,1,23,2026-06-10,46,26,0.000285650924137,0.0,0.1359799243321696,train,3
S16916,1,23,2026-06-10,36,21,0.000226629693202,0.0,0.0792349401239747,train,3
S16918,1,24,2026-06-10,23,19,0.0004739591605087,0.0,0.098149870135661,train,3
S17174,1,4,2026-06-10,25,30,0.0033015028694001,0.0,0.3343375810627305,train,3
S17175,1,13,2026-06-10,35,11,0.0020189588059727,0.0,0.2983881325290663,train,3
S17176,1,2,2026-06-10,57,14,0.0033722146305749,0.0,0.4365773549643427,train,3
S17193,1,23,2026-06-10,23,21,0.0002569887851798,0.0,0.1134326444918207,train,3
S17194,1,17,2026-06-10,43,26,0.0008358402098485,0.0,0.1965471663133208,train,3
S17726,1,17,2026-06-10,56,30,0.0028751167054732,0.012930081300813,0.2965526728613113,train,3
S17728,1,22,2026-06-10,31,12,0.0026459566817303,0.0268532050771043,0.2989655197406065,train,3
S17729,1,25,2026-06-10,33,11,0.0030984987251363,0.0213938272136369,0.3647950041275671,train,3
S17730,1,20,2026-06-10,42,32,0.0032748382908099,0.01095495972083,0.3745230328818332,train,3
S17732,1,16,2026-06-10,24,13,0.0023931749180318,0.017623584671491,0.2724216072071657,train,3
S17736,1,8,2026-06-10,55,30,0.0029856507068863,0.0017851530580174,0.3143241567035942,train,3
S18068,1,25,2026-06-10,54,13,0.0031450588289244,0.0,0.2221881643304186,train,3
S18069,1,1,2026-06-10,57,14,0.0034323862147456,0.0,0.4260069498300476,train,3
S18073,1,25,2026-06-10,45,32,0.002349374434042,0.0039364777632569,0.3691945647844583,train,3
S18154,1,18,2026-06-10,21,19,0.0003904410230425,0.0,0.1326969183173693,train,3
S18156,1,24,2026-06-10,49,28,0.0005260460718558,0.0,0.1427724525739041,train,3
S18157,1,23,2026-06-10,32,22,0.0003297167032076,0.0,0.144069212172774,train,3
S18159,1,20,2026-06-10,34,29,0.000594704922647,0.0,0.137368830994686,train,3
S18162,1,7,2026-06-10,36,27,0.0005537512634388,0.0,0.1622636130866052,train,3
S18163,1,16,2026-06-10,65,21,0.0007209593803298,0.0,0.1456149497913002,train,3
S18165,1,12,2026-06-10,16,23,0.0009014055524486,0.0,0.2215522215117091,train,3
S18166,1,12,2026-06-10,37,21,0.0007752138634131,0.0,0.165900148851616,train,3
S18167,1,13,2026-06-10,40,29,0.0006911756695995,0.0,0.1089897357234244,train,3
S18169,1,8,2026-06-10,18,20,0.0004628639688936,0.0,0.2022363584448367,train,3
S18231,1,17,2026-06-10,54,15,0.0007058983499787,0.0,0.1709798653841396,train,3
S18268,1,18,2026-06-10,23,22,0.0003910601644031,0.0,0.1153746911531442,train,3
S18271,1,18,2026-06-10,59,20,0.0008528149071726,0.0,0.1306107458202241,train,3
S18273,1,19,2026-06-10,24,21,0.0,0.0,0.0834223736096355,train,3
S18291,1,13,2026-06-10,22,27,0.0006691507086902,0.0,0.1572543544700887,train,3
S18419,1,13,2026-06-10,40,25,0.0005141329229265,0.0,0.11571738172733,train,3
S18421,1,7,2026-06-10,38,19,0.0003255235931465,0.0,0.2190372718439657,train,3
S18422,1,2,2026-06-10,33,30,0.0004595132812282,0.0,0.2138442856885016,train,3
S18423,1,2,2026-06-10,41,17,0.0008777513125502,0.0,0.1212899741856688,train,3
S18448,1,17,2026-06-10,41,28,0.0007453200845374,0.0,0.1619706710469782,train,3
S18799,1,24,2026-06-10,51,29,0.0004461639695791,0.0,0.1985388800440723,train,3
S18801,1,24,2026-06-10,33,15,0.0004729772885531,0.0,0.1449988668086506,train,3
S18803,1,19,2026-06-10,60,23,0.0003524895583959,0.0,0.1144815481958455,train,3
S18807,1,18,2026-06-10,25,20,0.0005521804696552,0.0,0.1319321743228522,train,3
S19223,1,17,2026-06-10,15,17,0.0032101313785781,0.001746912148245,0.3843774725864504,train,3
S19641,1,17,2026-06-10,49,22,0.0007607235379803,0.0,0.1498860603377835,train,3
S19991,1,19,2026-06-10,58,15,0.0004978162382272,0.0,0.1989327237327871,train,3
S19992,1,20,2026-06-10,33,18,0.0004208704571475,0.0,0.1521375808240378,train,3
S19996,1,18,2026-06-10,24,26,0.0004453822934998,0.0,0.1280223310595223,train,3
S19997,1,23,2026-06-10,42,19,0.0002219143724133,0.0,0.1010301322421661,train,3
S19998,1,23,2026-06-10,56,21,0.0002289692144426,0.0038996908494578,0.0854757418580848,train,3
S20003,1,22,2026-06-10,26,23,0.0003585150062921,0.0,0.090723737735284,train,3
S20004,1,4,2026-06-10,51,23,0.0002986695306417,0.0,0.0950739805781397,train,3
S20005,1,4,2026-06-10,39,31,0.0003428547561422,0.0,0.1320538856296957,train,3
S20006,1,4,2026-06-10,54,17,0.0003888216614369,0.0,0.1195170235987636,train,3
S20007,1,4,2026-06-10,53,22,0.0002439438891173,0.0,0.1024624937230469,train,3
S20009,1,7,2026-06-10,49,22,0.0004143899176601,0.0,0.1753742068046875,train,3
S20010,1,13,2026-06-10,44,14,0.0004478116394743,0.0,0.1836462538165722,train,3
S20011,1,6,2026-06-10,27,20,0.0002499303962573,0.0,0.1413776548386503,train,3
S20012,1,16,2026-06-10,23,27,0.0004276078813456,0.0,0.0961985046532462,train,3
S20013,1,14,2026-06-10,59,25,0.0003124526187629,0.0,0.1395658643700646,train,3
S20014,1,11,2026-06-10,53,16,0.0002784705514424,0.0,0.1323499746426316,train,3
S20015,1,16,2026-06-10,52,17,0.0003742849008324,0.0,0.113114992480823,train,3
S20017,1,12,2026-06-10,49,29,0.0004667056719233,0.0,0.2269767802559669,train,3
S20070,1,24,2026-06-10,17,26,0.0008437249142138,0.0,0.1901243928451335,train,3
S20072,1,4,2026-06-10,58,23,0.0002720595984155,0.0019621777409293,0.148318737222968,train,3
S20532,1,25,2026-06-10,33,13,0.0008378115677855,0.0,0.1642366045192267,train,3
S20536,1,20,2026-06-10,31,17,0.0007023255826123,0.0,0.139516054500047,train,3
S20539,1,20,2026-06-10,17,17,0.0006066027908463,0.0,0.1227755801320106,train,3
S20612,1,17,2026-06-10,32,31,0.0010834450330907,0.0,0.1700282891082734,train,3
S21133,1,11,2026-06-10,32,21,0.0002941578920693,0.0,0.1166021504809792,train,3
S21135,1,12,2026-06-10,30,27,0.0005327234725171,0.0,0.1808637576063226,train,3
S21136,1,10,2026-06-10,27,28,0.0004316265299815,0.0,0.1142871883850264,train,3
S21137,1,10,2026-06-10,38,15,0.0003120193873916,0.0,0.1204833849761373,train,3
S21138,1,14,2026-06-10,42,19,0.0003300045276776,0.0,0.1200922640432457,train,3
S21139,1,14,2026-06-10,32,23,0.0002813526157447,0.0,0.1264159840727653,train,3
S21141,1,1,2026-06-10,63,25,0.0008813846745071,0.0,0.1249569351863664,train,3
S21142,1,6,2026-06-10,31,28,0.00041633842864,0.0,0.1338999935448278,train,3
S21143,1,1,2026-06-10,60,20,0.000573086925078,0.0,0.1398869389005526,train,3
S21144,1,1,2026-06-10,37,14,0.0003393795537735,0.0,0.1351470943368682,train,3
S21145,1,2,2026-06-10,41,15,0.0007864807488191,0.0,0.1308289095621674,train,3
S21149,1,17,2026-06-10,15,21,0.0009788987251105,0.0037255254715001,0.2024280648322009,train,3
S21151,1,17,2026-06-10,33,29,0.0006797949046752,0.0074845452423441,0.1653370269181226,train,3
S21160,1,19,2026-06-10,14,20,0.0003685161051444,0.0,0.1984620649712901,train,3
S21173,1,19,2026-06-10,32,14,0.0003306366557862,0.0,0.1457933545898461,train,3
S21352,1,2,2026-06-10,18,28,0.0035968388415705,0.0,0.4071162962066445,train,3
S21684,1,19,2026-06-10,48,14,0.0004043312467492,0.0,0.1473423944994928,train,3
S21685,1,10,2026-06-10,43,21,0.0004278531299198,0.0,0.1584667477052479,train,3
S21686,1,12,2026-06-10,19,16,0.0008240352983938,0.0,0.2159410255000223,train,3
S21687,1,13,2026-06-10,46,12,0.000952855498165,0.0,0.241429461161032,train,3
S21688,1,11,2026-06-10,34,17,0.0003544792408246,0.0,0.138238095216228,train,3
S21689,1,13,2026-06-10,35,14,0.0006015700922277,0.0,0.1521475017971792,train,3
S21690,1,14,2026-06-10,49,20,0.0003094756085256,0.0,0.1169367561296938,train,3
S21691,1,5,2026-06-10,57,19,0.0004979154424075,0.0,0.145342075530646,train,3
S21693,1,6,2026-06-10,27,19,0.0004015934817233,0.0,0.1182226139389026,train,3
S21694,1,23,2026-06-10,15,18,0.0005518264149306,0.0,0.1542134404014708,train,3
S21695,1,24,2026-06-10,33,12,0.0011499470860999,0.0,0.18560860228348,train,3
S21698,1,17,2026-06-10,29,27,0.0007192151794752,0.0041031991744066,0.1610290934782575,train,3
S21757,1,18,2026-06-10,56,18,0.0006463765436255,0.004119012100116,0.1249235017450497,train,3
S21824,1,18,2026-06-10,60,15,0.0032215966523967,0.0,0.3772840208808234,train,3
S21825,1,17,2026-06-10,26,30,0.002968521102401,0.0,0.3489401354161021,train,3
S22034,1,22,2026-06-10,55,16,0.0004438691281634,0.0,0.1084874318153569,train,3
S22035,1,25,2026-06-10,41,26,0.0004777015062099,0.0,0.1519219881899453,train,3
S22036,1,2,2026-06-10,58,27,0.001535588868559,0.0,0.1735289760780324,train,3
S22038,1,2,2026-06-10,64,23,0.0007797669157228,0.0044375396208894,0.1637470176615202,train,3
S22039,1,1,2026-06-10,27,17,0.0002765456154641,0.0,0.1227326914954156,train,3
S22043,1,6,2026-06-10,65,22,0.001062492251378,0.0,0.1523365179952551,train,3
S22044,1,7,2026-06-10,41,26,0.0005038083591113,0.0,0.1603272599952436,train,3
S22046,1,8,2026-06-10,44,31,0.000736927152494,0.0,0.1702092755328315,train,3
S22047,1,8,2026-06-10,56,23,0.0003575926342294,0.0,0.1863687509179671,train,3
S22048,1,8,2026-06-10,15,23,0.0008256102844098,0.0,0.1285345240642572,train,3
S22049,1,24,2026-06-10,27,13,0.000493965171723,0.0,0.206364027509558,train,3
S22050,1,12,2026-06-10,31,29,0.0006371576224521,0.0,0.1687160712476894,train,3
S22051,1,10,2026-06-10,51,21,0.000410965497645,0.0,0.1181031018540873,train,3
S22074,1,17,2026-06-10,61,24,0.0009319751241023,0.0,0.1583122038888559,train,3
S22344,1,17,2026-06-10,57,23,0.0006901958908711,0.0,0.161522107684567,train,3
S22345,1,17,2026-06-10,65,22,0.0015502641876209,0.0,0.1472873999834546,train,3
S22359,1,5,2026-06-10,34,25,0.000300731225544,0.0,0.1126385382441208,train,3
S22360,1,5,2026-06-10,44,13,0.0003234582778803,0.0,0.1496009304114217,train,3
S22363,1,7,2026-06-10,21,15,0.0011971523634727,0.0,0.2444776635468424,train,3
S22364,1,16,2026-06-10,49,21,0.000377000934323,0.0,0.0960212240991043,train,3
S22367,1,13,2026-06-10,52,30,0.000657980638566,0.0,0.2196307058984184,train,3
S22368,1,1,2026-06-10,50,18,0.0003403735594058,0.0,0.1112121206487788,train,3
S22369,1,11,2026-06-10,45,16,0.0003174566469305,0.0,0.1116971077332922,train,3
S22370,1,8,2026-06-10,54,18,0.0004335679429556,0.0,0.143964314784605,train,3
S22371,1,8,2026-06-10,37,18,0.0005046213684064,0.0,0.1715617309107187,train,3
S22474,1,20,2026-06-10,55,30,0.0034605495287573,0.0,0.2548269091909245,train,3
S22506,1,17,2026-06-10,16,18,0.0008490767086406,0.0,0.2413916195003913,train,3
S22507,1,17,2026-06-10,58,18,0.0006857353409,0.0,0.1698224607588283,train,3
S22707,1,25,2026-06-10,42,25,0.0005691227186437,0.0,0.1650559931383219,train,3
S22710,1,8,2026-06-10,19,16,0.0005029920544109,0.0,0.1721074259598444,train,3
S22712,1,10,2026-06-10,59,25,0.0006059101833827,0.0,0.1091281503137167,train,3
S22714,1,12,2026-06-10,61,26,0.0010001098683035,0.0,0.1961382607471841,train,3
S22716,1,14,2026-06-10,50,19,0.0003767432673262,0.0,0.1389983249394837,train,3
S22717,1,16,2026-06-10,60,17,0.0005670458480887,0.0,0.1130801266876915,train,3
S22719,1,4,2026-06-10,46,16,0.0002721881956412,0.0,0.1070051301433618,train,3
S22720,1,4,2026-06-10,46,12,0.0002694619721646,0.0,0.1541599824103609,train,3
S22721,1,1,2026-06-10,57,18,0.0004666229457768,0.0,0.106257821234324,train,3
S22722,1,4,2026-06-10,45,26,0.0003688446690781,0.0,0.126077907233531,train,3
S22723,1,4,2026-06-10,63,22,0.0004288191835947,0.0,0.1243216085595978,train,3
S22724,1,22,2026-06-10,54,19,0.0003704592485666,0.0,0.0990528992411603,train,3
S22725,1,22,2026-06-10,42,25,0.0003506353168198,0.0,0.1443776232817031,train,3
S22932,1,5,2026-06-10,54,28,0.0003504109166231,0.0015766515980648,0.1348802053871019,train,3
S22935,1,6,2026-06-10,15,19,0.0003018906077123,0.0032352979468551,0.1030916178055346,train,3
S22993,1,1,2026-06-10,14,19,0.0003294803297284,0.0,0.1818053805544266,train,3
S22994,1,7,2026-06-10,50,16,0.0007095080541709,0.0,0.1631755613965844,train,3
S22996,1,7,2026-06-10,36,17,0.0004541398548727,0.0,0.1734805873697263,train,3
S22997,1,1,2026-06-10,36,17,0.0003821976486075,0.0,0.1265628828666359,train,3
S22998,1,7,2026-06-10,38,23,0.0004146351788433,0.0,0.1421727900123698,train,3
S23000,1,4,2026-06-10,49,15,0.0003479778630013,0.0,0.0984364380923384,train,3
S23001,1,13,2026-06-10,49,24,0.0005305082293414,0.0064689535784246,0.1120951778634203,train,3
S23004,1,10,2026-06-10,34,20,0.0003389885200605,0.0,0.0987662188966047,train,3
S23110,1,11,2026-06-10,41,31,0.0002449400487089,0.0,0.148948579526925,train,3
S23111,1,2,2026-06-10,20,29,0.003556483981663,0.0,0.346467930820953,train,3
S23114,1,17,2026-06-10,42,17,0.0005360016358257,0.0,0.179954227825411,train,3
S23342,1,18,2026-06-10,39,17,0.0007138490222153,0.0,0.1326226261330183,train,3
S23343,1,19,2026-06-10,35,31,0.0002690340623507,0.0,0.1642069079405358,train,3
S23347,1,25,2026-06-10,42,29,0.0007470598219491,0.0,0.2449636121079072,train,3
S23349,1,25,2026-06-10,50,16,0.0004622867318835,0.0,0.1552246858047695,train,3
S23350,1,11,2026-06-10,33,19,0.0004788705870696,0.0,0.1613639576072428,train,3
S23354,1,20,2026-06-10,33,15,0.0010074722412741,0.0,0.1503829278990773,train,3
S23546,1,22,2026-06-10,61,18,0.0004511456111548,0.0,0.1193228705666293,train,3
S23549,1,10,2026-06-10,51,20,0.0004377219685819,0.0,0.1279416284807498,train,3
S23552,1,14,2026-06-10,49,30,0.0003712218835208,0.0,0.140231748860567,train,3
S23556,1,5,2026-06-10,22,20,0.0003167154187016,0.0,0.1123650378808659,train,3
S23557,1,6,2026-06-10,55,20,0.0004104845392535,0.0,0.124534316307319,train,3
S23558,1,4,2026-06-10,55,16,0.000255834330877,0.0,0.1082739590008238,train,3
S23559,1,4,2026-06-10,48,14,0.0004430050478536,0.0,0.1568131948341241,train,3
S23561,1,5,2026-06-10,21,16,0.0003867260064835,0.0,0.1673105781648712,train,3
S23562,1,2,2026-06-10,44,22,0.0013710505176015,0.0,0.1500112334478637,train,3
S23563,1,23,2026-06-10,61,25,0.0005883280100541,0.0,0.1020088311577878,train,3
S23564,1,4,2026-06-10,50,21,0.0003090413756249,0.0,0.0975997798043253,train,3
S23750,1,17,2026-06-10,47,32,0.0028144566997626,0.0,0.3397169957671293,train,3
S23751,1,22,2026-06-10,35,11,0.003178226480608,0.0,0.3809696803387465,train,3
S23948,1,17,2026-06-10,59,25,0.0007526808882081,0.0,0.2168072461445377,train,3
S23949,1,17,2026-06-10,55,27,0.0007548477618771,0.0,0.2148132197790351,train,3
S23952,1,19,2026-06-10,52,20,0.0002861002575137,0.0,0.1090216898559179,train,3
S23956,1,17,2026-06-10,44,13,0.0005331553853628,0.0,0.1844762731116929,train,3
S23958,1,23,2026-06-10,24,15,0.0003390371691579,0.0,0.108107541231621,train,3
S23959,1,22,2026-06-10,53,17,0.000415430632911,0.0,0.123008826008501,train,3
S23961,1,2,2026-06-10,17,23,0.0020652340027195,0.0,0.109498515196595,train,3
S23962,1,1,2026-06-10,38,31,0.0003242492015186,0.0,0.1382662044861161,train,3
S23965,1,6,2026-06-10,43,23,0.0007154384598096,0.0,0.1419346966439721,train,3
S23967,1,12,2026-06-10,23,20,0.0008808373574947,0.0,0.1577281072908593,train,3
S23968,1,10,2026-06-10,19,26,0.0005345943480689,0.0,0.1357785546399314,train,3
S23971,1,10,2026-06-10,48,16,0.0003947026198922,0.0,0.0941465056586057,train,3
S23972,1,25,2026-06-10,40,21,0.0004991265180494,0.0,0.1175718447031366,train,3
S24338,1,20,2026-06-10,29,22,0.0004214164028922,0.0,0.1708448060275225,train,3
S24340,1,25,2026-06-10,31,14,0.0005106503967293,0.0,0.1784467346964194,train,3
S24380,1,25,2026-06-10,18,21,0.0005902794575678,0.0,0.104048807620127,train,3
S24382,1,8,2026-06-10,24,23,0.0003669771285893,0.0,0.1636996128481161,train,3
S24383,1,11,2026-06-10,45,26,0.0002637557403904,0.0083574359319297,0.1175310996208664,train,3
S24384,1,12,2026-06-10,36,13,0.000567926091923,0.0,0.2042590413323917,train,3
S24386,1,1,2026-06-10,54,19,0.000458839002999,0.0,0.1089206243833994,train,3
S24389,1,7,2026-06-10,38,12,0.0004998779471425,0.0028264491950022,0.2459591825440437,train,3
S24390,1,7,2026-06-10,53,17,0.0003754728959998,0.0,0.249355174518479,train,3
S24391,1,7,2026-06-10,39,23,0.0003968701207757,0.0,0.1598357482040323,train,3
S24394,1,24,2026-06-10,40,20,0.0003735702280283,0.0,0.0810525978329769,train,3
S24395,1,22,2026-06-10,22,23,0.0004505502993762,0.0,0.1437390999663332,train,3
S24396,1,17,2026-06-10,46,17,0.0005050961757834,0.0,0.1356618581594736,train,3
S24468,1,10,2026-06-10,35,21,0.0003769192029398,0.0,0.0969104548398954,train,3
S24469,1,13,2026-06-10,38,27,0.0005262468773232,0.0,0.1539677125702588,train,3
S24470,1,4,2026-06-10,20,17,0.0002842907457718,0.0,0.0949289061194725,train,3
S24472,1,24,2026-06-10,44,24,0.0005306102801215,0.0,0.1059663684081436,train,3
S24498,1,23,2026-06-10,41,25,0.0004185297103566,0.0,0.0823525718800764,train,3
S24500,1,22,2026-06-10,31,24,0.0002669495999987,0.0,0.134224756346028,train,3
S24501,1,24,2026-06-10,48,18,0.0004563435620718,0.0,0.0989721852254395,train,3
S24502,1,4,2026-06-10,54,26,0.0004807940992095,0.0,0.1283567296416613,train,3
S24620,1,7,2026-06-10,36,14,0.0006965162690169,0.0,0.2049270930466383,train,3
S24705,1,4,2026-06-10,20,14,0.0034517095256883,0.0062542470993884,0.3002831217864532,train,3
S24712,1,12,2026-06-10,25,30,0.0029309468220308,0.0020830451857347,0.3441170623299863,train,3
S24713,1,11,2026-06-10,50,12,0.0036954148312528,0.0,0.4167404915175706,train,3
S24714,1,13,2026-06-10,30,12,0.0013522557342679,0.0,0.3521706122852594,train,3
S24961,1,17,2026-06-10,34,17,0.0006815166853195,0.0,0.1250872210542699,train,3
S25168,1,6,2026-06-10,28,19,0.0002523856665088,0.0,0.1310055255854834,train,3
S25169,1,7,2026-06-10,16,22,0.0010346342278734,0.0,0.2083828723938675,train,3
S25170,1,2,2026-06-10,52,18,0.0005759610059211,0.0,0.1316162605908373,train,3
S25172,1,2,2026-06-10,45,13,0.0006903474464431,0.0,0.2102353039222492,train,3
S25173,1,4,2026-06-10,40,25,0.0002653910253831,0.0,0.1064395162376381,train,3
S25174,1,24,2026-06-10,48,17,0.0003650895709254,0.0,0.1350997884932397,train,3
S25176,1,23,2026-06-10,29,16,0.0002765178941162,0.0,0.1191271586347256,train,3
S25231,1,24,2026-06-10,35,29,0.000406450858624,0.0,0.1558339688645439,train,3
S25232,1,18,2026-06-10,63,20,0.0008555812215677,0.0060956165526038,0.2106606367216676,train,3
S25319,1,25,2026-06-10,26,25,0.0005810367022106,0.0,0.1177197958839631,train,3
S25320,1,1,2026-06-10,53,20,0.0003486887036895,0.0,0.179547263175041,train,3
S25321,1,12,2026-06-10,38,27,0.0004223980685181,0.0,0.1829421283579735,train,3
S25324,1,24,2026-06-10,34,22,0.0003486304149598,0.0,0.1092139730363332,train,3
S25325,1,25,2026-06-10,51,25,0.0003649959065582,0.0,0.1445420029992707,train,3
S25326,1,25,2026-06-10,47,25,0.0004491669568208,0.0,0.1080442178213531,train,3
S25413,1,17,2026-06-10,34,30,0.0007426190060179,0.0,0.1766166392916363,train,3
S25534,1,23,2026-06-10,29,31,0.0035989420158188,0.0,0.290515631451503,train,3
S25842,1,18,2026-06-10,41,21,0.0005125885690286,0.0,0.121368721478422,train,3
S25843,1,20,2026-06-10,43,19,0.000338465790313,0.0,0.1318500882081738,train,3
S25845,1,18,2026-06-10,57,19,0.0005750717895918,0.0,0.2063415593850411,train,3
S25848,1,22,2026-06-10,41,28,0.0002917851600694,0.0,0.1317553783067949,train,3
S25849,1,23,2026-06-10,52,20,0.0004079080245369,0.0,0.1090364558505644,train,3
S25851,1,22,2026-06-10,19,22,0.000319517649783,0.0,0.1058630289072196,train,3
S25852,1,20,2026-06-10,56,27,0.0003341705208718,0.0,0.1428319261417933,train,3
S25853,1,23,2026-06-10,57,28,0.0004984996986672,0.0,0.1112667107903839,train,3
S25854,1,22,2026-06-10,23,27,0.0003410001960707,0.0,0.1156501598971338,train,3
S25855,1,1,2026-06-10,39,28,0.00028483385488,0.0,0.1745640843663252,train,3
S25858,1,5,2026-06-10,32,15,0.0003839161129907,0.0,0.1075927544269906,train,3
S25860,1,16,2026-06-10,47,14,0.0003857748409355,0.0,0.1574817113374717,train,3
S25861,1,6,2026-06-10,57,28,0.0007741722544097,0.0,0.1390559638654082,train,3
S25863,1,6,2026-06-10,22,19,0.0004832852192762,0.0,0.1057131535358217,train,3
S25864,1,6,2026-06-10,58,28,0.0013540146159786,0.0,0.1561116100090141,train,3
S25865,1,16,2026-06-10,37,26,0.0003825410359341,0.0,0.1336750160258467,train,3
S25867,1,8,2026-06-10,37,20,0.0004021920435701,0.0,0.1367996294996403,train,3
S25999,1,17,2026-06-10,23,21,0.0011678111181883,0.0,0.1275286063814422,train,3
S26202,1,8,2026-06-10,32,13,0.0004777277659345,0.0,0.1923010292424131,train,3
S26204,1,10,2026-06-10,59,27,0.0005123144828804,0.0,0.1409666326340555,train,3
S26207,1,10,2026-06-10,36,17,0.0005045412262002,0.0,0.1080098545403994,train,3
S26208,1,11,2026-06-10,58,25,0.0004353670977475,0.0,0.1386616286523312,train,3
S26210,1,8,2026-06-10,49,21,0.0004008784532784,0.0,0.1505137861036534,train,3
S26211,1,13,2026-06-10,35,22,0.0007958360297734,0.0,0.1531341242474297,train,3
S26215,1,16,2026-06-10,45,26,0.000331647831545,0.0,0.1243335222818629,train,3
S26216,1,6,2026-06-10,63,25,0.0011171853509698,0.0,0.1359012472483418,train,3
S26217,1,6,2026-06-10,55,22,0.0004204565077068,0.0,0.0981512559839656,train,3
S26218,1,4,2026-06-10,20,26,0.0009876747985017,0.0,0.1195932464189634,train,3
S26219,1,4,2026-06-10,21,16,0.0003008601645696,0.0,0.1502674945871623,train,3
S26220,1,2,2026-06-10,20,18,0.0012621659308456,0.0,0.1849093765566667,train,3
S26222,1,25,2026-06-10,58,20,0.0005544409857866,0.0,0.1537180037690802,train,3
S26223,1,25,2026-06-10,53,15,0.0004953800660103,0.0,0.1874927420506155,train,3
S26224,1,24,2026-06-10,37,16,0.0004885714007186,0.0,0.1624638693339023,train,3
S26225,1,17,2026-06-10,45,28,0.0006267568093093,0.0,0.1760927508994964,train,3
S26242,1,18,2026-06-10,29,24,0.0004250687101758,0.0,0.1263470755029642,train,3
S26243,1,25,2026-06-10,41,13,0.0004480023953957,0.0,0.1381068464649229,train,3
S26245,1,24,2026-06-10,30,30,0.0004653172623458,0.0,0.2035208725496999,train,3
S26246,1,20,2026-06-10,32,24,0.0004410164526939,0.0,0.1515999724180199,train,3
S26345,1,19,2026-06-10,45,21,0.0003195683074483,0.0,0.0931181220474519,train,3
S26348,1,19,2026-06-10,40,29,0.0003174042329494,0.0,0.1087112334530749,train,3
S26350,1,25,2026-06-10,65,23,0.0009157584969921,0.0091276400367309,0.19319896742009,train,3
S26351,1,24,2026-06-10,33,16,0.0003831216018344,0.0,0.1223389345145261,train,3
S26352,1,23,2026-06-10,36,28,0.0002709860139159,0.0,0.0655089821318801,train,3
S26354,1,1,2026-06-10,48,13,0.0003276585785603,0.0,0.175622122852291,train,3
S26356,1,14,2026-06-10,44,17,0.000308461841772,0.0,0.1277645448196407,train,3
S26357,1,6,2026-06-10,35,17,0.0002575179160152,0.0,0.0793427445619878,train,3
S26358,1,16,2026-06-10,23,18,0.0004261181052637,0.0,0.0989467686439466,train,3
S26360,1,10,2026-06-10,40,16,0.0003108964472966,0.0,0.1084743497231677,train,3
S26361,1,8,2026-06-10,32,17,0.0002942502185175,0.0,0.1837678067131584,train,3
S26596,1,4,2026-06-10,58,29,0.0032527911659988,0.0,0.3493014052106873,train,3
S26603,1,2,2026-06-10,52,22,0.0005200628966084,0.0012018155394507,0.1271695183807094,train,3
S26604,1,14,2026-06-10,49,15,0.0003564393925127,0.0,0.1425474456975898,train,3
S26979,1,17,2026-06-10,40,25,0.0007015447306993,0.0,0.1288279655708594,train,3
S27164,1,18,2026-06-10,61,28,0.003236242960069,0.0037837837837837,0.3865057122035253,train,3
S27165,1,24,2026-06-10,36,32,0.0034089491461942,0.0100137008381689,0.3608624056477771,train,3
S27166,1,17,2026-06-10,16,26,0.0023741403776851,0.0084586077700542,0.3207820196981653,train,3
S27167,1,2,2026-06-10,41,32,0.0032794454320288,0.0063389299580125,0.3815186226867877,train,3
S27168,1,2,2026-06-10,28,31,0.0031600476896878,0.00762129669386,0.3824412465725237,train,3
S27169,1,22,2026-06-10,46,32,0.0033170570268093,0.0050752609113003,0.4301815667953497,train,3
S27285,1,23,2026-06-10,43,14,0.0004347931376917,0.0,0.1108541797906236,train,3
S27286,1,25,2026-06-10,41,16,0.0003722558643725,0.0,0.1443167587586584,train,3
S27290,1,19,2026-06-10,19,20,0.0002250474089977,0.0,0.1536692812972551,train,3
S27311,1,22,2026-06-10,41,19,0.0004268018339551,0.0,0.1275179964210364,train,3
S27315,1,8,2026-06-10,43,15,0.0003388856078791,0.0,0.1834136157357268,train,3
S27316,1,24,2026-06-10,48,20,0.0003994610420489,0.0,0.1074294028623939,train,3
S27552,1,2,2026-06-10,51,21,0.0007828847153569,0.0,0.1660994326945414,train,3
S27555,1,20,2026-06-10,56,20,0.000716759701975,0.0,0.1403562359033026,train,3
S27557,1,19,2026-06-10,41,30,0.0002783871080826,0.0,0.1319411265648886,train,3
S27559,1,18,2026-06-10,55,29,0.0008116038764118,0.0,0.2027416143133872,train,3
S27564,1,25,2026-06-10,26,28,0.0006010217437691,0.0,0.1689575359141173,train,3
S27565,1,2,2026-06-10,29,19,0.000465224451289,0.0,0.1771444743562986,train,3
S27566,1,4,2026-06-10,47,25,0.0003980001236294,0.0,0.150114368301962,train,3
S27567,1,5,2026-06-10,51,30,0.0004821882306607,0.0,0.1628778038994769,train,3
S27568,1,1,2026-06-10,20,20,0.0007367099835891,0.0,0.1572759700134832,train,3
S27571,1,5,2026-06-10,29,24,0.0002859887452373,0.0,0.0926957799672251,train,3
S27573,1,6,2026-06-10,49,18,0.0003494396972431,0.0,0.0729372243577991,train,3
S27574,1,7,2026-06-10,55,23,0.0004769119787262,0.0,0.1908232352608524,train,3
S27575,1,2,2026-06-10,35,28,0.0003457703142202,0.0,0.1577578964088309,train,3
S27576,1,5,2026-06-10,64,20,0.0009870807878898,0.0,0.1276261380439399,train,3
S27577,1,10,2026-06-10,31,13,0.0006056661350956,0.0,0.1244309568795992,train,3
S27578,1,12,2026-06-10,59,22,0.0004388740752192,0.0,0.2160852088330777,train,3
S27579,1,10,2026-06-10,32,14,0.0004340712892201,0.0,0.1256287193815658,train,3
S27580,1,8,2026-06-10,31,17,0.0004218524491019,0.0,0.1616381456005196,train,3
S27634,1,17,2026-06-10,33,28,0.0007639758400056,0.0,0.189873197242241,train,3
S27857,1,6,2026-06-10,24,30,0.0036405330599767,0.0,0.2874778120448041,train,3
S27858,1,5,2026-06-10,29,12,0.0037000447197657,0.0,0.4007145353847837,train,3
S27861,1,18,2026-06-10,56,30,0.0032384372317191,0.0,0.3463378992878724,train,3
S28182,1,23,2026-06-10,27,18,0.000482002827554,0.0,0.1323500844726993,train,3
S28183,1,24,2026-06-10,28,20,0.0004111331390019,0.0,0.1348156069228135,train,3
S28185,1,2,2026-06-10,52,21,0.0005298555217187,0.0,0.1734689421005684,train,3
S28186,1,6,2026-06-10,45,15,0.0003166160084824,0.0,0.1556775585829772,train,3
S28187,1,7,2026-06-10,27,30,0.0007708039974101,0.0,0.2326759458204952,train,3
S28188,1,5,2026-06-10,38,12,0.0008683947681051,0.0,0.1884346286835061,train,3
S28190,1,1,2026-06-10,53,15,0.0004302064973974,0.0,0.1155941418725719,train,3
S28191,1,12,2026-06-10,59,17,0.0007231985557235,0.0,0.2158423739679397,train,3
S28192,1,8,2026-06-10,46,18,0.0003940721557196,0.0,0.12772902770534,train,3
S28215,1,8,2026-06-10,29,25,0.0005690373731527,0.0,0.1629904087060984,train,3
S28216,1,10,2026-06-10,33,18,0.0002940063470457,0.0,0.1208443125766393,train,3
S28217,1,12,2026-06-10,37,15,0.00041002814617,0.0,0.1758123804893444,train,3
S28218,1,12,2026-06-10,28,13,0.0005007129019906,0.0,0.257237612432881,train,3
S28220,1,12,2026-06-10,38,19,0.0007846564282089,0.0,0.2005717195883403,train,3
S28221,1,8,2026-06-10,38,19,0.0004089200904268,0.0,0.13805242044158,train,3
S28222,1,12,2026-06-10,42,24,0.0004522076133797,0.0,0.1868788199288809,train,3
S28224,1,14,2026-06-10,35,27,0.000343609826553,0.0,0.0942207611287229,train,3
S28226,1,6,2026-06-10,14,19,0.0009323850635671,0.0,0.1381775081853163,train,3
S28228,1,7,2026-06-10,58,26,0.0007343577848179,0.0,0.1455608966698322,train,3
S28229,1,6,2026-06-10,29,15,0.0004142135422502,0.0,0.1249469204638088,train,3
S28230,1,5,2026-06-10,33,21,0.0002915803075685,0.0,0.1039684506570929,train,3
S28231,1,5,2026-06-10,28,19,0.0004614266398415,0.0,0.1093417987300114,train,3
S28232,1,22,2026-06-10,49,13,0.0003359570340909,0.0,0.1269414528888321,train,3
S28240,1,17,2026-06-10,17,23,0.0020296372132291,0.0,0.1594482556047524,train,3
S28241,1,17,2026-06-10,47,30,0.001067471162305,0.0,0.2039820666610413,train,3
S28314,1,24,2026-06-10,49,13,0.0004967975182946,0.0,0.2018447578302729,train,3
S28315,1,25,2026-06-10,49,15,0.0004722405666794,0.0,0.1287003583077427,train,3
S28316,1,18,2026-06-10,48,18,0.0003653655752035,0.0,0.1155685297789852,train,3
S28320,1,18,2026-06-10,47,12,0.0006210445865676,0.0,0.216570083397129,train,3
S28533,1,17,2026-06-10,45,29,0.0005968781588327,0.0,0.2360530572021865,train,3
S28574,1,23,2026-06-10,58,19,0.0004916330164063,0.0,0.1575306752733101,train,3
S28610,1,1,2026-06-10,62,24,0.0003022613322512,0.0,0.1664990520411158,train,3
S28611,1,14,2026-06-10,63,19,0.0004276236356033,0.0,0.1838388942172574,train,3
S28612,1,7,2026-06-10,43,27,0.0004952914896879,0.0,0.1597642541974558,train,3
S28613,1,5,2026-06-10,38,23,0.0003793087750478,0.0,0.0925789039520655,train,3
S28614,1,6,2026-06-10,36,15,0.0004866245081002,0.0,0.1276363884913929,train,3
S28615,1,5,2026-06-10,60,26,0.000627213861906,0.0,0.1560461369659895,train,3
S28616,1,2,2026-06-10,27,28,0.0007848637928315,0.0,0.1784190353758085,train,3
S28618,1,22,2026-06-10,56,21,0.0003546171931015,0.0,0.1877306773982036,train,3
S28872,1,13,2026-06-10,24,20,0.0010916631546557,0.0,0.2013220603479368,train,3
S28873,1,10,2026-06-10,37,30,0.0002755025059173,0.0,0.1073680574719006,train,3
S28876,1,5,2026-06-10,21,25,0.0003293267590872,0.0,0.1243545260402394,train,3
S29057,1,14,2026-06-10,28,20,0.0003408449731969,0.0,0.1401669686956525,train,3
S29059,1,11,2026-06-10,55,27,0.0005143878579595,0.0,0.1284706776728722,train,3
S29063,1,24,2026-06-10,21,22,0.0004608406616152,0.0,0.1321077934416407,train,3
S29064,1,2,2026-06-10,47,12,0.0015937537921968,0.0,0.1811422408105136,train,3
S29067,1,22,2026-06-10,43,27,0.0003083318048143,0.0,0.1016144177541251,train,3
S29244,1,8,2026-06-10,27,31,0.0033930168901674,0.007033085217785,0.3537034508297466,train,3
S29269,1,17,2026-06-10,49,24,0.0004692239111092,0.0044815653918551,0.1405393538834485,train,3
S29331,1,25,2026-06-10,35,14,0.0006033963068135,0.0,0.1717444669045616,train,3
S29332,1,20,2026-06-10,26,14,0.0005072403548756,0.0,0.1479526207256588,train,3
S29373,1,1,2026-06-10,15,17,0.0033545970144086,0.0,0.3710251083224857,train,3
S29535,1,13,2026-06-10,64,24,0.0011047012259638,0.0,0.1583511799752915,train,3
S29536,1,13,2026-06-10,35,31,0.0008089181112,0.0,0.1851777631868578,train,3
S29539,1,13,2026-06-10,50,29,0.0006719823360695,0.0,0.2287194482932425,train,3
S29540,1,13,2026-06-10,27,14,0.0005493952589587,0.0,0.2593085388381218,train,3
S29541,1,12,2026-06-10,38,18,0.0004643001985839,0.0,0.1785549470499086,train,3
S29546,1,2,2026-06-10,45,19,0.0007360436475912,0.0,0.146318418162699,train,3
S29547,1,4,2026-06-10,39,18,0.0002593895682404,0.0,0.0922034205882848,train,3
S29548,1,4,2026-06-10,22,23,0.0004641311730184,0.0,0.07512128923527,train,3
S29549,1,23,2026-06-10,14,22,0.0003515021513843,0.0,0.0870742990079026,train,3
S29556,1,17,2026-06-10,49,23,0.0008171695727832,0.0,0.1599740137599319,train,3
S29757,1,17,2026-06-10,49,28,0.0007923194826264,0.0,0.2144390378534805,train,3
S29862,1,12,2026-06-10,56,20,0.0006655533264923,0.0,0.1879428042062786,train,3
S29863,1,13,2026-06-10,40,18,0.0006971056515356,0.0,0.1294563075236056,train,3
S30144,1,19,2026-06-10,31,23,0.0002491337466356,0.0,0.0992316054665561,train,3
S30145,1,19,2026-06-10,39,23,0.0003280298308013,0.0,0.120880889098258,train,3
S30147,1,17,2026-06-10,20,15,0.0007297353150555,0.0,0.202937547249281,train,3
S30149,1,23,2026-06-10,34,12,0.0002989494560785,0.0,0.118918911179881,train,3
S30150,1,23,2026-06-10,38,19,0.0003284669644348,0.0,0.1411706481361047,train,3
S30151,1,22,2026-06-10,24,18,0.000352566858116,0.0,0.1528249789243205,train,3
S30152,1,22,2026-06-10,50,30,0.000445939794262,0.0,0.1112229550638221,train,3
S30153,1,24,2026-06-10,38,22,0.0005005012645617,0.0,0.0951792678576782,train,3
S30155,1,5,2026-06-10,52,26,0.0002607134050151,0.0,0.1300932108605975,train,3
S30156,1,2,2026-06-10,49,23,0.0006921488793864,0.0,0.121545174890592,train,3
S30158,1,1,2026-06-10,21,17,0.0005895354138938,0.0,0.1150643113762357,train,3
S30160,1,6,2026-06-10,42,17,0.0003437745588102,0.0,0.0782006442480271,train,3
S30161,1,1,2026-06-10,23,26,0.0004445040098744,0.0,0.1634802273346519,train,3
S30162,1,6,2026-06-10,39,16,0.0002594878713223,0.0,0.0919934605479446,train,3
S30163,1,5,2026-06-10,24,17,0.0004093934588646,0.0,0.1216773937228377,train,3
S30164,1,5,2026-06-10,26,18,0.0003810001223641,0.0,0.1403570127452122,train,3
S30165,1,16,2026-06-10,49,20,0.0003570075155296,0.0,0.0895672082019178,train,3
S30166,1,12,2026-06-10,35,26,0.0004511835821119,0.0,0.1287439544259561,train,3
S30167,1,10,2026-06-10,24,23,0.0004041509898081,0.0,0.1462718041895875,train,3
S30170,1,11,2026-06-10,45,17,0.0004398546309498,0.0,0.1265057932593067,train,3
S30172,1,10,2026-06-10,17,25,0.0006202414452852,0.0,0.0795249684261221,train,3
S30174,1,1,2026-06-10,41,16,0.0004252708088902,0.0,0.1340977495354015,train,3
S30189,1,4,2026-06-10,57,18,0.0002764959761551,0.0,0.1000529884312984,train,3
S30190,1,25,2026-06-10,38,29,0.000517712084971,0.0008367721807764,0.1720646849353391,train,3
S30258,1,17,2026-06-10,21,29,0.0033877868818065,0.0,0.4008599166667613,train,3
S30964,1,14,2026-06-10,20,20,0.0005273018362167,0.0,0.1460698903128908,train,3
S30967,1,19,2026-06-10,46,18,0.0002413652057467,0.0,0.0977139261419722,train,3
S30969,1,18,2026-06-10,38,26,0.000290261738986,0.0,0.1822423416443895,train,3
S30970,1,23,2026-06-10,32,26,0.0003922554646727,0.0,0.0712084787200191,train,3
S30971,1,22,2026-06-10,28,18,0.0002408569479364,0.0,0.0878003146767426,train,3
S30972,1,20,2026-06-10,38,12,0.0004963689342886,0.0,0.1643228316041504,train,3
S30973,1,25,2026-06-10,25,17,0.0004301423485468,0.0,0.1379383981341764,train,3
S30974,1,23,2026-06-10,27,13,0.0003102711901989,0.0,0.1458714809315695,train,3
S30977,1,20,2026-06-10,37,25,0.0003156168324777,0.0,0.1083770622690881,train,3
S30978,1,5,2026-06-10,49,27,0.0003054926590208,0.0,0.1217731995102539,train,3
S30980,1,2,2026-06-10,16,19,0.0009994027785682,0.0,0.1358475906055631,train,3
S30981,1,4,2026-06-10,29,16,0.0003054393543749,0.0,0.1112289981959297,train,3
S30982,1,2,2026-06-10,42,19,0.0004999337015072,0.0,0.1217159758583392,train,3
S30987,1,16,2026-06-10,21,28,0.000546515057229,0.0,0.1177059476273165,train,3
S30988,1,16,2026-06-10,48,25,0.0002508402047908,0.0,0.0877571781700942,train,3
S30990,1,11,2026-06-10,15,22,0.000425686526232,0.0,0.1345241803161354,train,3
S30991,1,11,2026-06-10,64,22,0.0004989615722821,0.0,0.13802247630783,train,3
S31339,1,8,2026-06-10,50,15,0.0005695571115783,0.0,0.1542647751479718,train,3
S31343,1,12,2026-06-10,26,16,0.0006182005547909,0.0,0.2165015152680093,train,3
S31344,1,13,2026-06-10,39,27,0.0004725416872681,0.0,0.1647501806402263,train,3
S31345,1,11,2026-06-10,59,25,0.0004298954475559,0.0,0.1233813087621391,train,3
S31348,1,11,2026-06-10,58,20,0.0003916697549618,0.0,0.1523911528041261,train,3
S31351,1,13,2026-06-10,17,22,0.0008312583940543,0.0,0.237116806013187,train,3
S31352,1,16,2026-06-10,30,21,0.0002933006380577,0.0,0.0715116212408645,train,3
S31353,1,12,2026-06-10,37,18,0.0004255298719686,0.0,0.1629125510973307,train,3
S31354,1,24,2026-06-10,19,19,0.0008139701571265,0.0,0.127592931109956,train,3
S31355,1,4,2026-06-10,48,30,0.0004586757991835,0.0,0.1468417736439772,train,3
S31356,1,24,2026-06-10,31,13,0.0005649441353687,0.0,0.1824047279247927,train,3
S31361,1,17,2026-06-10,50,20,0.0008638733617729,0.0,0.1424203890043024,train,3
S31606,1,17,2026-06-10,21,14,0.0032607213373842,0.0,0.3739495029240363,train,3
S31607,1,6,2026-06-10,50,12,0.003730542163924,0.0064809743629867,0.3221629992727138,train,3
S31611,1,18,2026-06-10,48,12,0.0029400282945049,0.0048512889591691,0.348385653596015,train,3
S31659,1,19,2026-06-10,42,25,0.0003037380952473,0.0,0.118769864994301,train,3
S31663,1,20,2026-06-10,45,18,0.0003759903440297,0.0,0.1653291714931655,train,3
S31664,1,18,2026-06-10,35,17,0.0004581346677002,0.0,0.1360033825321117,train,3
S31775,1,18,2026-06-10,27,14,0.0004031771593199,0.0,0.1390891783347106,train,3
S32154,1,23,2026-06-10,57,29,0.0030680884779692,0.004435222988198,0.3223094834132119,train,3
S32156,1,16,2026-06-10,47,31,0.0004018677549674,0.0,0.3706893745083455,train,3
S32157,1,13,2026-06-10,55,30,0.0026156677992809,0.0,0.3769377848329298,train,3
S32158,1,13,2026-06-10,54,13,0.0013836747005807,0.0,0.3902919978993973,train,3
S32226,1,19,2026-06-10,23,27,0.0003397138168072,0.0,0.105360545593431,train,3
S32227,1,18,2026-06-10,27,13,0.0004641664527713,0.0,0.1631570435270742,train,3
S32397,1,25,2026-06-10,55,23,0.0004396719254401,0.0,0.1240535351061527,train,3
S32398,1,24,2026-06-10,16,25,0.0007546398273419,0.0,0.2033307714159589,train,3
S32399,1,8,2026-06-10,43,28,0.0004451851911629,0.0,0.1292988806278416,train,3
S32400,1,10,2026-06-10,46,25,0.0009731737459496,0.0,0.1231564550189729,train,3
S32401,1,10,2026-06-10,22,24,0.0004149375959118,0.0,0.097472457728308,train,3
S32402,1,25,2026-06-10,22,22,0.0004172242069239,0.0,0.1424148491347604,train,3
S32403,1,11,2026-06-10,36,23,0.0003115926297677,0.0,0.1712152569593718,train,3
S32404,1,5,2026-06-10,17,18,0.0004226850725287,0.0,0.2055771428332702,train,3
S32405,1,14,2026-06-10,40,15,0.0003802962108111,0.0,0.0934640828981265,train,3
S32406,1,7,2026-06-10,59,26,0.0007967297316507,0.0,0.1494185016445997,train,3
S32407,1,5,2026-06-10,36,14,0.0003976723739889,0.0,0.1233835178442394,train,3
S32410,1,4,2026-06-10,36,31,0.0004563256582796,0.0,0.1685282192336419,train,3
S32411,1,22,2026-06-10,26,29,0.0004080313129924,0.0,0.1270418356949995,train,3
S32412,1,22,2026-06-10,18,18,0.0003471219046757,0.0,0.1036728244805579,train,3
S32415,1,20,2026-06-10,59,22,0.0005746539452951,0.0,0.1404702748577397,train,3
S32835,1,5,2026-06-10,60,28,0.0034200961701694,0.0,0.3475646322510843,train,3
S33006,1,2,2026-06-10,34,22,0.0012528631729574,0.0,0.1294938375289068,train,3
S33007,1,13,2026-06-10,49,20,0.0005652527085723,0.0,0.1231205127677815,train,3
S33008,1,12,2026-06-10,47,23,0.000526094735865,0.0051638509652349,0.1972864839361384,train,3
S33010,1,19,2026-06-10,45,15,0.0002976148329536,0.0,0.1464734271029376,train,3
S33014,1,18,2026-06-10,63,25,0.0011137043902103,0.0051832384289677,0.2110192202123489,train,3
S33015,1,19,2026-06-10,44,24,0.0002854034985492,0.0,0.1396929930965766,train,3
S33017,1,2,2026-06-10,22,16,0.0008875687973338,0.0051705393694438,0.142356248182954,train,3
S33019,1,1,2026-06-10,27,20,0.0002807931180617,0.0,0.1473960866492231,train,3
S33020,1,2,2026-06-10,23,29,0.001737656959971,0.0,0.1430563804552352,train,3
S33021,1,1,2026-06-10,19,25,0.0007036636788324,0.0,0.1482837010115291,train,3
S33026,1,14,2026-06-10,27,24,0.0003462388183406,0.0,0.1551428021799812,train,3
S33086,1,5,2026-06-10,42,31,0.0003625208135206,0.0,0.1573609135776353,train,3
S33473,1,23,2026-06-10,60,15,0.0034493093488837,0.0,0.3586331777944271,train,3
S33556,1,16,2026-06-10,38,29,0.0003895150515724,0.0,0.1270721870934536,train,3
S33671,1,25,2026-06-10,50,18,0.0005359433301289,0.0,0.1823879366184982,train,3
S33672,1,20,2026-06-10,18,19,0.0003192063298949,0.0,0.1268505346746481,train,3
S33770,1,2,2026-06-10,27,24,0.0005793809815783,0.0,0.1664779557233452,train,3
S33771,1,10,2026-06-10,65,24,0.0005688423005789,0.0,0.1325427262708623,train,3
S33772,1,16,2026-06-10,31,27,0.0002992948955465,0.0,0.0937444865808932,train,3
S33773,1,8,2026-06-10,45,29,0.000407322974042,0.0,0.1516702510651509,train,3
S33774,1,14,2026-06-10,35,17,0.0003060485378749,0.0,0.1070770712945618,train,3
S33775,1,6,2026-06-10,52,17,0.0003065402911093,0.0,0.1137107833943544,train,3
S33777,1,7,2026-06-10,29,15,0.0004559536995618,0.0,0.2163446003556558,train,3
S33778,1,1,2026-06-10,39,26,0.0002928078608848,0.0,0.133898406754946,train,3
S33779,1,20,2026-06-10,30,14,0.0003912913680497,0.0,0.1332914205761293,train,3
S33780,1,25,2026-06-10,60,17,0.0008245501238815,0.0,0.2059645950774447,train,3
S33843,1,14,2026-06-10,43,11,0.0038376402440308,0.0,0.2749812224985461,train,3
S33917,1,17,2026-06-10,33,15,0.0006804525037746,0.0,0.1857954789546854,train,3
S33918,1,19,2026-06-10,47,26,0.000350078077874,0.0,0.1171788109183076,train,3
S33921,1,19,2026-06-10,40,20,0.0002606768164201,0.0,0.131242036317636,train,3
S33922,1,19,2026-06-10,24,16,0.0003932084662877,0.0,0.1254638116270063,train,3
S33923,1,18,2026-06-10,13,22,0.0006862364103339,0.0,0.2082271290820578,train,3
S33924,1,20,2026-06-10,48,16,0.0004647017874059,0.0046725237739325,0.1266997340434568,train,3
S34419,1,18,2026-06-10,53,24,0.0005727007827335,0.0,0.1635708786194095,train,3
S34421,1,19,2026-06-10,44,20,0.0002626962779717,0.0,0.1272261803102183,train,3
S34423,1,19,2026-06-10,41,12,0.0003650506817293,0.0,0.1498855952542462,train,3
S34485,1,17,2026-06-10,45,31,0.0007862824944564,0.0,0.277217323290212,train,3
S34486,1,22,2026-06-10,24,13,0.0037424390994746,0.0,0.3543425293478732,train,3
S34487,1,6,2026-06-10,19,15,0.003428219089409,0.0,0.3957924270258639,train,3
S34603,1,22,2026-06-10,23,26,0.0003202712109756,0.0,0.129509949880253,train,3
S34604,1,25,2026-06-10,18,25,0.0005361202200146,0.0,0.1397585295978328,train,3
S34605,1,23,2026-06-10,44,31,0.0003298198668871,0.0,0.1128869497057585,train,3
S34606,1,1,2026-06-10,20,16,0.0006202040120244,0.0,0.1667498900139898,train,3
S34608,1,4,2026-06-10,37,16,0.0002618471723812,0.0,0.1023647828922758,train,3
S34609,1,5,2026-06-10,32,27,0.0004206215851181,0.0,0.1357542235970079,train,3
S34612,1,5,2026-06-10,43,15,0.0003696865738381,0.0,0.125699018001934,train,3
S34614,1,16,2026-06-10,14,21,0.0003664797741102,0.0,0.0925512962835837,train,3
S34616,1,8,2026-06-10,36,22,0.0004457878550989,0.0,0.1667134842170781,train,3
S34743,1,17,2026-06-10,33,23,0.0007607801702043,0.0,0.1469687823739046,train,3
S34859,1,10,2026-06-10,32,27,0.0003336634511454,0.0,0.1149505874259601,train,3
S34862,1,10,2026-06-10,49,27,0.0003139641416442,0.0,0.1068861815394376,train,3
S34865,1,10,2026-06-10,19,17,0.0003317325601247,0.0,0.1482873581788067,train,3
S34867,1,12,2026-06-10,33,30,0.0006959753025912,0.0,0.3020192345306998,train,3
S34871,1,14,2026-06-10,26,17,0.0004206321296155,0.0,0.1151854827399106,train,3
S34872,1,14,2026-06-10,37,16,0.0003119960734922,0.0,0.1185879026318688,train,3
S34873,1,14,2026-06-10,34,14,0.0003516999630997,0.0,0.097609998470212,train,3
S34875,1,14,2026-06-10,19,20,0.0003050484891855,0.0,0.1432660558109337,train,3
S34876,1,16,2026-06-10,46,16,0.0003515850961134,0.0,0.1054050780901082,train,3
S34877,1,16,2026-06-10,30,19,0.0002948377077891,0.0,0.0939458122947205,train,3
S34879,1,6,2026-06-10,54,14,0.0003169404020684,0.0,0.1415500360531999,train,3
S34880,1,7,2026-06-10,23,18,0.0005389136769316,0.0,0.2641236287378121,train,3
S34881,1,6,2026-06-10,16,23,0.0009567358432426,0.0,0.092735082081604,train,3
S34882,1,5,2026-06-10,14,21,0.0004757452032665,0.0,0.1638679663182718,train,3
S34883,1,6,2026-06-10,46,25,0.0004444861993563,0.0,0.1223533704322011,train,3
S34886,1,7,2026-06-10,22,15,0.0012444582188772,0.0,0.1916621596528901,train,3
S34888,1,6,2026-06-10,55,24,0.0003080476623794,0.0,0.091778327895133,train,3
S34889,1,2,2026-06-10,24,21,0.0007146846453702,0.0,0.1414172823739758,train,3
S34890,1,2,2026-06-10,44,18,0.0004010696718658,0.0,0.1237317963987185,train,3
S34895,1,20,2026-06-10,53,22,0.0004004010566858,0.0,0.1396838502047698,train,3
S34896,1,24,2026-06-10,41,15,0.0004104667499767,0.0,0.1029992183426297,train,3
S34897,1,22,2026-06-10,59,27,0.000326218173784,0.0148846960167714,0.1808512275195065,train,3
S34988,1,25,2026-06-10,40,19,0.0004264184235129,0.0,0.1099021973143071,train,3
S34990,1,20,2026-06-10,62,26,0.0004566536548733,0.0,0.1605177836838282,train,3
S35527,1,22,2026-06-10,50,16,0.0003890661746153,0.0,0.1102701044830814,train,3
S35528,1,22,2026-06-10,36,18,0.0003307001635653,0.0,0.0790808565919211,train,3
S35529,1,1,2026-06-10,40,27,0.0004396973074967,0.0,0.1649579898799831,train,3
S35530,1,16,2026-06-10,28,26,0.0004266275663751,0.0,0.0769333865356756,train,3
S35531,1,7,2026-06-10,45,29,0.0005231975294533,0.0,0.2452356067013801,train,3
S35532,1,14,2026-06-10,42,24,0.000275981299448,0.0,0.0871390229332028,train,3
S35533,1,11,2026-06-10,46,12,0.0003573271785665,0.0,0.1684532492021428,train,3
S35534,1,1,2026-06-10,56,28,0.000286744388405,0.0,0.1356052454448744,train,3
S35535,1,10,2026-06-10,65,21,0.0005347206354163,0.0,0.1250056201056248,train,3
S35536,1,13,2026-06-10,56,21,0.0003668896390531,0.0,0.1406698042890004,train,3
S36008,1,4,2026-06-10,31,12,0.0035937811108076,0.0,0.3283433903612884,train,3
S36010,1,20,2026-06-10,17,16,0.0037337510985376,0.0020155812133231,0.3826048313196184,train,3
S36018,1,8,2026-06-10,53,19,0.0003464336712532,0.0,0.1657250780790895,train,3
S36019,1,12,2026-06-10,31,25,0.0004541756642063,0.0,0.1776716420401692,train,3
S36020,1,11,2026-06-10,24,24,0.0004452777731947,0.0,0.1465359851910053,train,3
S36022,1,4,2026-06-10,50,15,0.0003369076112622,0.0,0.1161073858205073,train,3
S36023,1,24,2026-06-10,61,26,0.0006627036750586,0.0,0.1465189356983102,train,3
S36024,1,4,2026-06-10,48,24,0.0004918319253604,0.0,0.1407297540715336,train,3
S36050,1,22,2026-06-10,46,22,0.0002854014181384,0.0,0.1227781802443739,train,3
S36052,1,19,2026-06-10,22,25,0.0002710056286786,0.0,0.1239000173674758,train,3
S36054,1,11,2026-06-10,58,16,0.0004909039067065,0.0,0.1127631573282296,train,3
S36117,1,5,2026-06-10,30,20,0.0004593635485221,0.0,0.0987757884036792,train,3
S36119,1,16,2026-06-10,24,22,0.000447950077717,0.0,0.1199935373996221,train,3
S36121,1,11,2026-06-10,22,15,0.0003533080968663,0.0,0.1670204800268731,train,3
S36122,1,8,2026-06-10,26,15,0.0003733490117516,0.0,0.1900771552388896,train,3
S36123,1,23,2026-06-10,47,14,0.000318382129149,0.0,0.1027198367774963,train,3
S36247,1,1,2026-06-10,33,11,0.003635166746387,0.0,0.4149900018617936,train,3
S36279,1,25,2026-06-10,15,17,0.0032619599127059,0.0,0.4486021719880184,train,3
S36382,1,1,2026-06-10,18,27,0.0003030361767152,0.0,0.1322525320326037,train,3
S36385,1,19,2026-06-10,31,27,0.0002593098113549,0.0,0.1089658730795122,train,3
S36388,1,18,2026-06-10,59,25,0.0008714732739689,0.0,0.1725881970962334,train,3
S36389,1,23,2026-06-10,57,25,0.0004193481698512,0.0,0.1421725167029169,train,3
S36390,1,23,2026-06-10,29,23,0.0003331596691239,0.0,0.1194325959201232,train,3
S36391,1,20,2026-06-10,38,29,0.0003967776263506,0.0,0.179225070979088,train,3
S36392,1,23,2026-06-10,19,26,0.0003300316386951,0.0,0.1109558196033278,train,3
S36394,1,22,2026-06-10,40,18,0.0002624357919773,0.0,0.0941472947351837,train,3
S36397,1,24,2026-06-10,24,25,0.0005394040064957,0.0,0.1365784135571035,train,3
S36398,1,2,2026-06-10,21,18,0.0010392041322692,0.0,0.1296359575400631,train,3
S36399,1,25,2026-06-10,47,29,0.0005719893583488,0.0,0.1805250241305708,train,3
S36403,1,1,2026-06-10,44,15,0.0002852038408169,0.0,0.1668392825959891,train,3
S36405,1,2,2026-06-10,49,30,0.0007393241312607,0.0,0.1353469726228197,train,3
S36408,1,5,2026-06-10,43,18,0.0003103433075466,0.0,0.1109883998711119,train,3
S36410,1,7,2026-06-10,37,15,0.000484380843279,0.0,0.184125588554342,train,3
S36411,1,6,2026-06-10,36,20,0.0003291577410477,0.0,0.1156557782589841,train,3
S36413,1,6,2026-06-10,41,21,0.0002917591984552,0.0,0.1112877833904991,train,3
S36416,1,16,2026-06-10,38,26,0.0009083979266594,0.0,0.1049929455982866,train,3
S36418,1,11,2026-06-10,26,21,0.0004338108736198,0.0,0.1393690577252348,train,3
S36419,1,11,2026-06-10,41,25,0.0003539678400758,0.0,0.1800043691267834,train,3
S36421,1,10,2026-06-10,31,14,0.000325396616724,0.0047545249301649,0.0751553251133126,train,3
S36422,1,10,2026-06-10,31,15,0.000473343357162,0.0,0.1272893500603303,train,3
S36425,1,12,2026-06-10,26,19,0.0009743475355503,0.0,0.1791314045156152,train,3
S36428,1,12,2026-06-10,52,28,0.0009016262164486,0.0,0.1931228181666703,train,3
S36430,1,14,2026-06-10,36,29,0.0003694438497619,0.0,0.1356658673309597,train,3
S36432,1,8,2026-06-10,33,12,0.0005668366111471,0.0,0.1794132368563726,train,3
S36433,1,8,2026-06-10,23,21,0.0004680601635353,0.0,0.1784546705140253,train,3
S36434,1,8,2026-06-10,35,22,0.0003836992075037,0.0,0.1336478948068566,train,3
S36435,1,8,2026-06-10,65,23,0.0015133695634251,0.0,0.1764371977694388,train,3
S36436,1,8,2026-06-10,53,25,0.0004690737728947,0.0,0.2640136175188606,train,3
S36439,1,1,2026-06-10,39,19,0.0003186946750414,0.0,0.1604214704221546,train,3
S36881,1,6,2026-06-10,15,26,0.0034413876614286,0.0,0.3585280602917519,train,3
S36886,1,8,2026-06-10,60,15,0.0033261208420951,0.0,0.3536685931726094,train,3
S36887,1,20,2026-06-10,46,32,0.0035381963063343,0.0,0.3602687505386758,train,3
S36890,1,17,2026-06-10,36,31,0.0008498836555629,0.0,0.2059753644629891,train,3
S36891,1,17,2026-06-10,57,24,0.0006052651054105,0.0,0.1567318278622771,train,3
S36892,1,17,2026-06-10,14,20,0.0018056232312752,0.0,0.2438434595395697,train,3
S36908,1,24,2026-06-10,32,14,0.0004772657134313,0.0,0.1584624140419854,train,3
S36910,1,23,2026-06-10,51,17,0.0002495348969996,0.0,0.0912027788859559,train,3
S36913,1,18,2026-06-10,31,29,0.0005884243778594,0.0,0.1408767231258845,train,3
S36914,1,19,2026-06-10,37,28,0.0003182932598045,0.0,0.1341031924473958,train,3
S36915,1,19,2026-06-10,32,15,0.0002625487953695,0.0,0.1516125617172015,train,3
S37038,1,18,2026-06-10,55,25,0.0006150755703432,0.0,0.1614794276676591,train,3
S37039,1,18,2026-06-10,34,26,0.0004518595268236,0.0,0.1510855996616078,train,3
S37043,1,22,2026-06-10,46,23,0.0002896992602817,0.0,0.1179029069493709,train,3
S37045,1,5,2026-06-10,24,27,0.0005081106002516,0.0,0.1865822227161105,train,3
S37047,1,5,2026-06-10,49,19,0.0003397256020473,0.0,0.176976305248694,train,3
S37048,1,12,2026-06-10,32,29,0.000718569786839,0.0,0.154074187706888,train,3
S37050,1,11,2026-06-10,40,31,0.0003376677776444,0.0,0.1147298536286648,train,3
S37051,1,10,2026-06-10,34,21,0.0003433718396496,0.0,0.0798144539880192,train,3
S37053,1,8,2026-06-10,37,25,0.0004232626535011,0.0,0.1521270653377215,train,3
S37054,1,8,2026-06-10,47,30,0.0005227182993498,0.0,0.196162463408981,train,3
S37055,1,13,2026-06-10,57,18,0.0006174736693098,0.0,0.156961972590868,train,3
S37208,1,1,2026-06-10,44,11,0.0038679827084863,0.0,0.2758703517932248,train,3
S37389,1,12,2026-06-10,31,14,0.0004428254257007,0.0,0.1619658548907297,train,3
S37390,1,16,2026-06-10,33,23,0.0003261121843035,0.0,0.0881335332988157,train,3
S37392,1,6,2026-06-10,28,30,0.0005038663465299,0.0,0.1632622807253342,train,3
S37393,1,4,2026-06-10,30,18,0.0002539496876364,0.0,0.0886564625572087,train,3
S37395,1,1,2026-06-10,47,22,0.0003844563429797,0.0,0.1334861260960634,train,3
S37396,1,24,2026-06-10,56,24,0.0004601502475461,0.0,0.140851652164279,train,3
S37398,1,17,2026-06-10,37,27,0.000905208845051,0.0,0.1766918821850967,train,3
S37413,1,11,2026-06-10,34,20,0.0004288326103835,0.0,0.1526686008666495,train,3
S37827,1,24,2026-06-10,49,12,0.0034589138163239,0.0,0.396420748099663,train,3
S37828,1,25,2026-06-10,54,30,0.0028540019681651,0.0,0.3999750926780223,train,3
S38126,1,7,2026-06-10,15,17,0.003195453383851,0.0122451996517797,0.4042381615751764,train,3
S38128,1,19,2026-06-10,29,31,0.0033669723992522,0.0141019311417173,0.3531511456784608,train,3
S38129,1,22,2026-06-10,17,27,0.0033767896671033,0.0041279069767441,0.3741292508318374,train,3
S38541,1,16,2026-06-10,48,22,0.0003364798888248,0.0,0.1193960873222356,train,3
S38542,1,6,2026-06-10,15,24,0.0012425763169343,0.0,0.1282334304244365,train,3
S38546,1,1,2026-06-10,52,15,0.0004134143065849,0.0,0.138335437525867,train,3
S38561,1,19,2026-06-10,23,26,0.0003127027726396,0.0,0.1688312334095638,train,3
S38563,1,25,2026-06-10,42,12,0.0007631733748448,0.0,0.2064476365400934,train,3
S38567,1,19,2026-06-10,50,28,0.0004267538080113,0.0,0.1136782582349257,train,3
S38568,1,19,2026-06-10,58,18,0.0003281089002796,0.0,0.1000654333919029,train,3
S38935,1,13,2026-06-10,32,24,0.0008323187568607,0.0,0.1270702285128837,train,3
S39002,1,22,2026-06-10,45,16,0.0002821912122364,0.0,0.134177694441011,train,3
S39003,1,24,2026-06-10,38,12,0.0006508350712562,0.0,0.1847235802722783,train,3
S39006,1,2,2026-06-10,40,29,0.0006069120061954,0.0,0.1455561573748817,train,3
S39007,1,16,2026-06-10,26,23,0.000381191846825,0.0,0.08283416499141,train,3
S39008,1,14,2026-06-10,15,23,0.0004423707170954,0.0,0.1223568818815914,train,3
S39011,1,11,2026-06-10,43,18,0.0003115931531629,0.0,0.1275832853645081,train,3
S39012,1,8,2026-06-10,46,16,0.0003898120225593,0.0,0.1406931715958478,train,3
S39013,1,12,2026-06-10,58,23,0.000722775274452,0.0,0.2332931596000476,train,3
S39015,1,12,2026-06-10,56,25,0.0005422207204028,0.0,0.2480529103573856,train,3
S39016,1,8,2026-06-10,31,23,0.0003853721742045,0.0,0.2025917230756944,train,3
S39018,1,8,2026-06-10,20,27,0.000769934011604,0.0,0.1848466691475347,train,3
S39019,1,16,2026-06-10,38,17,0.0003374349134868,0.0,0.0887643583661902,train,3
S39020,1,14,2026-06-10,17,17,0.0004273781179127,0.0,0.1240340890098295,train,3
S39094,1,22,2026-06-10,48,21,0.000343938137837,0.0,0.1152211849343924,train,3
S39377,1,20,2026-06-10,49,25,0.0005133310061571,0.0,0.1321095985519635,train,3
S39378,1,23,2026-06-10,46,15,0.000341468973299,0.0,0.1317598610510611,train,3
S39379,1,7,2026-06-10,49,26,0.0004710981562912,0.0,0.1598080870591239,train,3
S39380,1,16,2026-06-10,52,14,0.0003068734090747,0.0,0.1167502504643974,train,3
S39382,1,4,2026-06-10,39,12,0.0003060113958513,0.0,0.1202416112057266,train,3
S39385,1,12,2026-06-10,25,19,0.0005200318966413,0.0,0.1587920410493178,train,3
S39561,1,8,2026-06-10,43,27,0.0003903957770391,0.0,0.1885993767839325,train,3
S39562,1,8,2026-06-10,54,14,0.0004418272694069,0.0,0.1467738984336414,train,3
S39563,1,13,2026-06-10,40,24,0.0005161486832431,0.0,0.1102533915933658,train,3
S39566,1,13,2026-06-10,45,13,0.0009957839500144,0.0,0.2485453743377201,train,3
S39567,1,5,2026-06-10,55,28,0.000545268896524,0.0,0.1571749425362295,train,3
S39570,1,4,2026-06-10,55,14,0.0002902512661402,0.0,0.1156340601337997,train,3
S39571,1,2,2026-06-10,33,15,0.0006999797799249,0.0,0.1545374440117016,train,3
S39572,1,25,2026-06-10,39,27,0.0003759105825395,0.0,0.1291491128178197,train,3
S39577,1,17,2026-06-10,52,19,0.0005561770683155,0.0,0.1348139645645554,train,3
S39596,1,18,2026-06-10,19,16,0.0005374800083168,0.0,0.1999132852294376,train,3
S39597,1,17,2026-06-10,46,14,0.0004639003972428,0.0,0.1392747391193054,train,3
S39599,1,23,2026-06-10,44,20,0.0003247973428752,0.0,0.117195350293665,train,3
S39745,1,12,2026-06-10,14,18,0.0030100768119666,0.0,0.412380571324286,train,3
S39924,1,8,2026-06-10,19,15,0.0033068240136412,0.0,0.3715243803661023,train,3
S40563,1,18,2026-06-10,33,23,0.0005889538484955,0.0,0.1622031250167488,train,3
S40564,1,23,2026-06-10,44,22,0.000367456752895,0.0,0.1286095910440291,train,3
S40881,1,4,2026-06-10,16,26,0.0035099385415068,0.0021094091532228,0.3822866044687236,train,3
S40885,1,16,2026-06-10,54,13,0.0028558755037716,0.0021355402014368,0.3818462455146316,train,3
S40886,1,18,2026-06-10,43,32,0.0027111519891909,0.0064404100092005,0.374088945125389,train,3
S40925,1,10,2026-06-10,27,21,0.0003669310285704,0.0,0.0692018103412299,train,3
S40927,1,14,2026-06-10,42,30,0.0003745659599018,0.0,0.1705425230260175,train,3
S40928,1,12,2026-06-10,59,18,0.0006552368599371,0.0,0.1983826266927916,train,3
S40929,1,13,2026-06-10,32,21,0.0006932761785166,0.0,0.1521158474614412,train,3
S40930,1,6,2026-06-10,54,20,0.000406742399876,0.0,0.1151659533726435,train,3
S40933,1,2,2026-06-10,37,18,0.0004960309101514,0.0021136883649323,0.0990015431618368,train,3
S40934,1,20,2026-06-10,41,22,0.000418366097562,0.0,0.1583453198742522,train,3
S41071,1,19,2026-06-10,28,28,0.0003360104127959,0.0,0.1294451699699177,train,3
S41072,1,20,2026-06-10,28,24,0.0003714874951869,0.0,0.1998952794530093,train,3
S41073,1,20,2026-06-10,38,14,0.0010455475310106,0.0,0.1296797438606196,train,3
S41074,1,18,2026-06-10,16,20,0.0009553932782858,0.0,0.1906562917498751,train,3
S41075,1,24,2026-06-10,43,29,0.0004170475866933,0.0,0.1522751889262522,train,3
S41334,1,17,2026-06-10,49,31,0.002342793164035,0.0053765185690022,0.3986109869522889,train,3
S41357,1,10,2026-06-10,58,25,0.0005437331334233,0.0,0.1110940248601032,train,3
S41358,1,10,2026-06-10,35,26,0.0003875328115726,0.0,0.0769660655911668,train,3
S41359,1,13,2026-06-10,56,15,0.0005561005546882,0.0,0.1822443860865022,train,3
S41360,1,10,2026-06-10,44,17,0.0003347039601498,0.0,0.125331583599943,train,3
S41361,1,10,2026-06-10,47,12,0.0004854345456859,0.0,0.1182585533622403,train,3
S41363,1,16,2026-06-10,42,14,0.0003904630763536,0.0,0.1514101682072306,train,3
S41364,1,11,2026-06-10,53,26,0.0004202764947863,0.0,0.1325466720527577,train,3
S41365,1,11,2026-06-10,37,29,0.0007618389341444,0.0,0.1241713818908299,train,3
S41370,1,5,2026-06-10,24,21,0.0003512052450816,0.0,0.0995333915304993,train,3
S41371,1,6,2026-06-10,34,17,0.0002483214182044,0.0,0.0861157250184381,train,3
S41373,1,2,2026-06-10,43,21,0.0012720806536513,0.0,0.1111658016754753,train,3
S41374,1,2,2026-06-10,17,25,0.0006076684530342,0.0082192233908844,0.147511962047392,train,3
S41375,1,22,2026-06-10,30,29,0.0004037863151447,0.0,0.1546324219951138,train,3
S41376,1,25,2026-06-10,41,20,0.0004754485579033,0.0,0.1044389909484609,train,3
S41377,1,4,2026-06-10,30,20,0.0002806760772971,0.0,0.0989113871069631,train,3
S41378,1,4,2026-06-10,32,19,0.000268711400551,0.0,0.0958188018004985,train,3
S41415,1,18,2026-06-10,27,28,0.0006104954767279,0.0,0.2015932586162183,train,3
S41420,1,18,2026-06-10,51,17,0.000670546074827,0.0,0.1842772259620719,train,3
S41421,1,1,2026-06-10,32,27,0.0002634015779393,0.0,0.1637278548250303,train,3
S41505,1,10,2026-06-10,17,23,0.0009157218904007,0.0,0.1152017100802522,train,3
S41507,1,6,2026-06-10,29,14,0.0003319723492523,0.0,0.1967078350341474,train,3
S41509,1,2,2026-06-10,46,12,0.0005672282889876,0.0018011357664974,0.1814090338756081,train,3
S41704,1,22,2026-06-10,60,15,0.0036256275090231,0.0035810141403224,0.4343127980250716,train,3
S41707,1,4,2026-06-10,21,14,0.0027108375630955,0.0035923123071029,0.3205673723747533,train,3
S41708,1,6,2026-06-10,23,13,0.0035422352973311,0.0054404343590248,0.4039125338855946,train,3
S42313,1,19,2026-06-10,55,30,0.0033832752465033,0.0166161828916838,0.2706903637104366,train,3
S42314,1,19,2026-06-10,31,12,0.002654115671945,0.0127121678722337,0.4259141238084162,train,3
S42317,1,12,2026-06-10,18,15,0.0032433223182327,0.0045223094533556,0.4580870677937656,train,3
S42318,1,13,2026-06-10,28,31,0.0029072108806009,0.0,0.3345337688546455,train,3
S42319,1,12,2026-06-10,50,12,0.0032448503444184,0.0342095662887783,0.3631671120471173,train,3
S42320,1,10,2026-06-10,18,15,0.0035169468517095,0.0,0.2695647268316229,train,3
S42324,1,8,2026-06-10,17,27,0.0027524736658075,0.0045444154894161,0.3061161293127254,train,3
S42346,1,16,2026-06-10,16,22,0.0003767131140264,0.0,0.1680253608507432,train,3
S42347,1,7,2026-06-10,61,24,0.0012076846409305,0.0,0.2038092219766947,train,3
S42348,1,1,2026-06-10,28,28,0.0004826165581627,0.0,0.1365299916684209,train,3
S42349,1,24,2026-06-10,52,24,0.0005637532204768,0.0,0.1224710852306308,train,3
S42386,1,23,2026-06-10,20,20,0.0002707206808586,0.0,0.1385094251749196,train,3
S42387,1,23,2026-06-10,36,31,0.0002979881345747,0.0,0.1269748465660579,train,3
S42388,1,2,2026-06-10,48,16,0.0005484460813683,0.0,0.1506087551937147,train,3
S42389,1,1,2026-06-10,47,12,0.000365902456057,0.0,0.1294658235588984,train,3
S42390,1,6,2026-06-10,26,17,0.0002468098470219,0.0,0.1100060115884834,train,3
S42392,1,16,2026-06-10,41,21,0.0003215021340148,0.0,0.0806232095821885,train,3
S42393,1,11,2026-06-10,63,22,0.0005282401190774,0.0,0.1368012033825867,train,3
S42394,1,10,2026-06-10,42,26,0.0004575976303222,0.0,0.107731240949329,train,3
S42396,1,10,2026-06-10,60,26,0.0004786206227581,0.0,0.120169031125809,train,3
S42534,1,7,2026-06-10,47,12,0.0005689067576224,0.0,0.2512669878793283,train,3
S42537,1,14,2026-06-10,28,13,0.0003120061843671,0.0,0.1546901387404103,train,3
S42539,1,24,2026-06-10,46,23,0.0004265265747986,0.0,0.1473582474971669,train,3
S42573,1,23,2026-06-10,45,13,0.0008253807967284,0.0,0.092050672693988,train,3
S42576,1,23,2026-06-10,24,24,0.0003079527774668,0.0,0.1056939555559632,train,3
S42579,1,19,2026-06-10,33,12,0.0004172560126579,0.0,0.1271307145793367,train,3
S42825,1,17,2026-06-10,28,22,0.00133870143815,0.0,0.13806428684827,train,3
S42894,1,24,2026-06-10,46,31,0.0005145377014523,0.0,0.3666187096227699,train,3
S42965,1,17,2026-06-10,46,15,0.0005583425738936,0.0,0.1817587679882443,train,3
S42967,1,24,2026-06-10,41,13,0.0004870483979081,0.0,0.1572375338258874,train,3
S42968,1,24,2026-06-10,50,22,0.0003479736878414,0.0,0.0999434458689069,train,3
S42970,1,22,2026-06-10,35,27,0.0003127242311049,0.0,0.1669517901328068,train,3
S42974,1,4,2026-06-10,57,15,0.0003703150857499,0.0,0.1773112648187724,train,3
S42975,1,6,2026-06-10,55,14,0.000326371694148,0.0,0.1337499516123807,train,3
S42976,1,7,2026-06-10,47,18,0.0004326802912341,0.0,0.1354790138402479,train,3
S42978,1,5,2026-06-10,46,23,0.0003863237441021,0.0,0.1228955862559293,train,3
S42979,1,16,2026-06-10,57,21,0.0003148261744034,0.0,0.1393371009543716,train,3
S42982,1,12,2026-06-10,25,23,0.0005245959820777,0.0,0.2143228576634033,train,3
S42983,1,10,2026-06-10,26,15,0.0003519872257698,0.0,0.1058952844515996,train,3
S42984,1,11,2026-06-10,53,29,0.0003266863342212,0.0,0.1324896445002074,train,3
S42988,1,13,2026-06-10,25,23,0.0007807063485593,0.0,0.1490113033623079,train,3
S43030,1,24,2026-06-10,48,24,0.0004046182143014,0.0,0.1229538268889274,train,3
S43677,1,12,2026-06-10,30,12,0.0029337931770933,0.0127771581353773,0.3260739891284736,train,3
S43679,1,24,2026-06-10,22,14,0.0031015370782174,0.0134760344279948,0.2925327539821392,train,3
S43681,1,2,2026-06-10,15,17,0.0034361766263511,0.0144572565537623,0.4013887918496433,train,3
S43682,1,19,2026-06-10,51,31,0.0036546914838034,0.006595760815986,0.3993608934895827,train,3
S43683,1,20,2026-06-10,53,13,0.003431743433213,0.0180228095517264,0.4330223565834034,train,3
S00000,1,25,2026-06-10,23,25,0.0004779681657415,0.0,0.1360612025182647,train,4
S00002,1,8,2026-06-10,39,24,0.0005416226463315,0.0,0.1478115720100636,train,4
S00003,1,13,2026-06-10,31,27,0.0005773448386078,0.0,0.2462629739046149,train,4
S00004,1,10,2026-06-10,20,15,0.0004176362470218,0.0,0.0935457989710955,train,4
S00009,1,7,2026-06-10,39,19,0.0003660164568868,0.0,0.1551693259053801,train,4
S00012,1,20,2026-06-10,51,26,0.0003172931706774,0.0,0.136106944529165,train,4
S00013,1,22,2026-06-10,25,20,0.000307744860761,0.0,0.0920693862795238,train,4
S00411,1,23,2026-06-10,43,28,0.000316444908798,0.0,0.1443721216725291,train,4
S00412,1,2,2026-06-10,34,24,0.0007042600155753,0.0,0.12523725599115,train,4
S00416,1,13,2026-06-10,35,12,0.001257578260503,0.0,0.2938296017960931,train,4
S00642,1,18,2026-06-10,50,16,0.0006243156423857,0.0,0.1762202460833234,train,4
S00643,1,19,2026-06-10,62,21,0.0004856225610946,0.0,0.1184047756451064,train,4
S00644,1,18,2026-06-10,16,22,0.0007174349006707,0.0,0.1685965895310462,train,4
S00645,1,18,2026-06-10,49,15,0.0006193675559952,0.0,0.1692284367389198,train,4
S00646,1,18,2026-06-10,40,15,0.0003642174963844,0.0,0.1571987105881498,train,4
S00647,1,24,2026-06-10,29,24,0.0006112640587435,0.0,0.1572775188192761,train,4
S00648,1,23,2026-06-10,35,26,0.0003009310828215,0.0,0.0958352105042468,train,4
S00651,1,1,2026-06-10,22,18,0.0003916563068788,0.0,0.1602843069697566,train,4
S00654,1,11,2026-06-10,31,13,0.0004073954802546,0.0,0.1532531859796199,train,4
S00656,1,13,2026-06-10,29,30,0.0013278170047273,0.0,0.1915341811882548,train,4
S00657,1,8,2026-06-10,39,29,0.0005843568873532,0.0,0.1397634254829717,train,4
S00658,1,10,2026-06-10,52,23,0.0006310990046834,0.0,0.1072655916040798,train,4
S00935,1,16,2026-06-10,29,31,0.0033012357326739,0.0,0.2440574523265032,train,4
S00969,1,18,2026-06-10,45,22,0.0004814602780926,0.0,0.1329752302758061,train,4
S00970,1,20,2026-06-10,41,12,0.0004471265840992,0.0,0.2069185218189538,train,4
S01193,1,18,2026-06-10,18,21,0.0005633434358831,0.0,0.1578530432969045,train,4
S01755,1,1,2026-06-10,29,31,0.003167766145546,0.019165339242226,0.2827087026478891,train,4
S01758,1,13,2026-06-10,19,15,0.0023943905739911,0.0072102341802819,0.3751321584174761,train,4
S01760,1,23,2026-06-10,21,14,0.003444492831861,0.0044138151526185,0.3660760242343162,train,4
S01761,1,20,2026-06-10,49,31,0.0032911502185266,0.008808776873859,0.2743419575781509,train,4
S01810,1,18,2026-06-10,46,23,0.0004047945491683,0.0,0.1941259406623738,train,4
S02077,1,25,2026-06-10,18,26,0.0009666708962316,0.0,0.1576041206588924,train,4
S02078,1,22,2026-06-10,47,26,0.0002763047934506,0.0,0.1337615162418272,train,4
S02079,1,16,2026-06-10,22,22,0.0003806689092075,0.0,0.0818355351317132,train,4
S02080,1,14,2026-06-10,48,28,0.0003891092703405,0.0,0.1684526398646475,train,4
S02082,1,1,2026-06-10,33,16,0.0002553624639966,0.0,0.1565423936830376,train,4
S02084,1,5,2026-06-10,60,21,0.0006343072296333,0.0,0.1599364002612401,train,4
S02085,1,5,2026-06-10,16,18,0.0005656403121867,0.0,0.2048668638306657,train,4
S02086,1,5,2026-06-10,57,22,0.0003636125303214,0.0,0.1346579250869933,train,4
S02087,1,2,2026-06-10,56,14,0.0008075081489118,0.0,0.1389858457094495,train,4
S02091,1,23,2026-06-10,27,29,0.0003142986300042,0.0,0.1319830828705724,train,4
S02092,1,22,2026-06-10,43,20,0.0004678432184842,0.0,0.1432537247943583,train,4
S02093,1,4,2026-06-10,48,19,0.0004205314540437,0.0,0.0930817570482391,train,4
S02094,1,25,2026-06-10,36,27,0.0004303024748568,0.0,0.1519428138220291,train,4
S02260,1,16,2026-06-10,53,23,0.0003607556789949,0.0,0.0969233129138827,train,4
S02261,1,8,2026-06-10,46,25,0.0004424741675213,0.0,0.1781821345972885,train,4
S02262,1,8,2026-06-10,31,29,0.0003548028036422,0.0,0.2007199984989494,train,4
S02265,1,7,2026-06-10,45,17,0.0004743333776828,0.0,0.1529430527912239,train,4
S02267,1,2,2026-06-10,30,25,0.0008029333848944,0.0,0.1630839107867681,train,4
S02269,1,2,2026-06-10,37,12,0.0012902060583683,0.0,0.1626793885385733,train,4
S02271,1,4,2026-06-10,63,18,0.0003034231691651,0.0,0.1089664931953563,train,4
S02274,1,22,2026-06-10,51,20,0.0003286415865518,0.0,0.1153506182569599,train,4
S02299,1,19,2026-06-10,51,14,0.0003047988971241,0.0,0.1379068100133453,train,4
S02302,1,18,2026-06-10,55,26,0.0004284282383609,0.0,0.1650490255377898,train,4
S02304,1,24,2026-06-10,20,26,0.0005340866581531,0.0,0.1442520021144149,train,4
S02306,1,4,2026-06-10,28,24,0.0002778708362211,0.0,0.1082515186816592,train,4
S02307,1,8,2026-06-10,47,25,0.0004780190452189,0.0,0.1467042996983944,train,4
S02559,1,12,2026-06-10,60,24,0.0007933274947491,0.0,0.2064093104136994,train,4
S02561,1,11,2026-06-10,19,21,0.0003825758802634,0.0,0.1415417952461683,train,4
S02562,1,13,2026-06-10,29,20,0.0004497930122824,0.0,0.1267082282649505,train,4
S02563,1,14,2026-06-10,64,24,0.0015185509861378,0.0,0.173298711571052,train,4
S02564,1,5,2026-06-10,44,15,0.0004729316424732,0.0,0.1536434347302053,train,4
S02565,1,7,2026-06-10,50,24,0.000529647399352,0.0,0.1484732645743046,train,4
S02567,1,1,2026-06-10,25,15,0.0004370289917976,0.0,0.1538781898095992,train,4
S02569,1,25,2026-06-10,38,28,0.0006984018961112,0.0,0.1327978391705059,train,4
S02571,1,24,2026-06-10,38,15,0.0003246541575531,0.0,0.1267613481248583,train,4
S02572,1,4,2026-06-10,33,25,0.0003956459855336,0.0,0.0870100807918061,train,4
S02573,1,24,2026-06-10,17,21,0.0008483395524944,0.0,0.127296966674163,train,4
S02574,1,2,2026-06-10,46,25,0.0008215572563563,0.0,0.1390383269359414,train,4
S02575,1,22,2026-06-10,56,24,0.0003092382932332,0.0,0.1232715484589024,train,4
S02588,1,18,2026-06-10,44,27,0.0004239451463525,0.0,0.1250739198093547,train,4
S02590,1,24,2026-06-10,48,27,0.0004613041923666,0.0,0.1466466030879447,train,4
S02776,1,12,2026-06-10,29,12,0.0032749442027844,0.0,0.3979080395268979,train,4
S03133,1,12,2026-06-10,20,14,0.0032541777125352,0.0,0.4119297099911093,train,4
S03135,1,17,2026-06-10,36,28,0.0007873406296757,0.0,0.1773524098386834,train,4
S03136,1,17,2026-06-10,20,21,0.0014479599569685,0.0,0.1465011120657137,train,4
S03443,1,18,2026-06-10,34,31,0.0008570483883461,0.0,0.2265791287638422,train,4
S03445,1,22,2026-06-10,26,26,0.0002982246364402,0.0,0.1070334717478238,train,4
S03446,1,23,2026-06-10,59,20,0.0002883778648343,0.0,0.106105818616083,train,4
S03447,1,25,2026-06-10,32,27,0.0004715775503079,0.0,0.1687132193911487,train,4
S03448,1,24,2026-06-10,45,22,0.0002647084541243,0.0,0.1209635761616075,train,4
S03449,1,23,2026-06-10,46,27,0.0005108734584577,0.0,0.1248697872771487,train,4
S03451,1,4,2026-06-10,20,28,0.0008766373248587,0.0,0.1067638218648016,train,4
S03452,1,6,2026-06-10,48,28,0.0002971686610284,0.0,0.1346778467349048,train,4
S03453,1,7,2026-06-10,29,27,0.0009950547450431,0.0,0.2044506874778079,train,4
S03455,1,6,2026-06-10,30,13,0.0005936951587256,0.0,0.1033059151063543,train,4
S03457,1,16,2026-06-10,38,22,0.0003627491738638,0.0,0.0806444213843917,train,4
S03458,1,16,2026-06-10,37,18,0.0006314173798977,0.0,0.0875456548360729,train,4
S03459,1,11,2026-06-10,45,28,0.0004131296933435,0.0,0.173009770353723,train,4
S03460,1,13,2026-06-10,37,20,0.0004025464402065,0.0,0.1425401254255472,train,4
S03462,1,25,2026-06-10,44,24,0.0006877568437294,0.0,0.109955271401262,train,4
S03692,1,18,2026-06-10,37,22,0.0004885607988341,0.0,0.1653263374392985,train,4
S03696,1,20,2026-06-10,23,19,0.0005007529705699,0.0,0.1427564873219198,train,4
S03697,1,23,2026-06-10,33,14,0.0004232988394432,0.0,0.1381461957540296,train,4
S03698,1,19,2026-06-10,26,26,0.0002928407486599,0.0,0.1141200777378864,train,4
S03700,1,24,2026-06-10,58,21,0.0003936030379118,0.0,0.135743377334804,train,4
S03701,1,4,2026-06-10,36,12,0.0003677463384364,0.0,0.1144725570572626,train,4
S03703,1,4,2026-06-10,42,19,0.0002358488234111,0.0,0.0806877008784359,train,4
S03704,1,7,2026-06-10,33,20,0.0005550878868633,0.0,0.1526756430538421,train,4
S03705,1,6,2026-06-10,22,24,0.0005898837708971,0.0,0.1462006507793085,train,4
S03706,1,7,2026-06-10,42,28,0.0003928449362543,0.0,0.1423200832307794,train,4
S03707,1,6,2026-06-10,34,12,0.0007139022278569,0.0,0.1524386302918169,train,4
S03709,1,2,2026-06-10,45,24,0.0011879009979934,0.0,0.1258334870020074,train,4
S03713,1,14,2026-06-10,39,25,0.0003145355874192,0.0,0.0934330062666541,train,4
S03715,1,10,2026-06-10,41,15,0.0003855394424916,0.0,0.0983410410155029,train,4
S03716,1,13,2026-06-10,43,28,0.0004288632570212,0.0,0.1425686963037017,train,4
S03717,1,13,2026-06-10,29,24,0.0007348165386301,0.0,0.2031842152011896,train,4
S03719,1,1,2026-06-10,21,27,0.0005855646043426,0.0,0.0870950359323698,train,4
S03843,1,17,2026-06-10,29,30,0.0010811744382417,0.0,0.1920070779958167,train,4
S03866,1,20,2026-06-10,37,30,0.0004191700280706,0.0,0.1565049951910171,train,4
S03869,1,1,2026-06-10,42,20,0.0003372703241587,0.0,0.1196665721560504,train,4
S03870,1,8,2026-06-10,53,15,0.0003815281562533,0.0,0.2011458164348903,train,4
S03871,1,5,2026-06-10,52,25,0.0004383489992476,0.0,0.1085275011982701,train,4
S03876,1,4,2026-06-10,34,27,0.0002698676968446,0.0,0.0803562199869404,train,4
S03877,1,25,2026-06-10,44,27,0.0003736963176509,0.0,0.1569236288334279,train,4
S03884,1,17,2026-06-10,29,26,0.0013924504303224,0.0,0.1773233803820749,train,4
S04284,1,19,2026-06-10,42,15,0.0002614159131184,0.0,0.1010557322269073,train,4
S04288,1,23,2026-06-10,37,14,0.0006917878958471,0.0,0.119327460638937,train,4
S04290,1,24,2026-06-10,22,23,0.0005160714499402,0.0,0.1235558033561435,train,4
S04291,1,6,2026-06-10,56,25,0.0003343391690956,0.0,0.1464723007392903,train,4
S04292,1,4,2026-06-10,32,31,0.0003288471343833,0.0,0.1704622064962771,train,4
S04296,1,4,2026-06-10,37,18,0.0002627455487156,0.0,0.1109318729616326,train,4
S04297,1,7,2026-06-10,64,22,0.0011271235698704,0.0,0.229949632613172,train,4
S04298,1,16,2026-06-10,54,28,0.0004806531306458,0.0,0.1237778399044924,train,4
S04299,1,16,2026-06-10,38,12,0.000557908826145,0.0,0.1070026358686662,train,4
S04300,1,16,2026-06-10,27,30,0.0003572013117808,0.0,0.1287531592329154,train,4
S04301,1,10,2026-06-10,21,15,0.0006696991622875,0.0,0.0997232888750487,train,4
S04303,1,13,2026-06-10,58,19,0.0005619876986681,0.0,0.1937591980160201,train,4
S04304,1,12,2026-06-10,43,16,0.0005646911354071,0.0,0.1888068858593133,train,4
S04305,1,13,2026-06-10,27,28,0.0006438534610211,0.0,0.1385391051424708,train,4
S04306,1,8,2026-06-10,59,23,0.0005205924136591,0.0,0.1509814775693218,train,4
S04362,1,11,2026-06-10,57,15,0.0004013787414658,0.0,0.1734248270033685,train,4
S04364,1,10,2026-06-10,36,12,0.0004285106450988,0.0,0.1320574119992063,train,4
S04365,1,12,2026-06-10,24,15,0.0004446210052304,0.0,0.132469588776957,train,4
S04366,1,6,2026-06-10,55,23,0.0002733441188709,0.0,0.1072571284516132,train,4
S04367,1,5,2026-06-10,22,19,0.0003782673007441,0.0,0.1056410374229563,train,4
S04368,1,6,2026-06-10,44,21,0.0002923821364585,0.0,0.1408692539163737,train,4
S04369,1,2,2026-06-10,26,26,0.0004806424020162,0.0,0.1528635877585452,train,4
S04371,1,4,2026-06-10,30,21,0.0002861660659481,0.0,0.0844031640678969,train,4
S04372,1,20,2026-06-10,50,23,0.0003600965188519,0.0,0.1286403774910298,train,4
S04723,1,13,2026-06-10,40,22,0.0005959677960952,0.0,0.1393146875621003,train,4
S04726,1,10,2026-06-10,28,21,0.0004713398925647,0.0,0.1167993280968985,train,4
S04727,1,8,2026-06-10,52,22,0.0004416613307202,0.0,0.1863490276082488,train,4
S04729,1,10,2026-06-10,25,17,0.0003839510068589,0.0,0.0741158754195187,train,4
S04730,1,14,2026-06-10,22,19,0.000463151523734,0.0,0.1161999709418315,train,4
S04731,1,16,2026-06-10,28,20,0.0002914763163448,0.0,0.1449069970584353,train,4
S04732,1,14,2026-06-10,53,16,0.0003482764360628,0.0,0.1232258136172507,train,4
S04733,1,7,2026-06-10,31,21,0.0005721737366762,0.0,0.1568391887133554,train,4
S04736,1,2,2026-06-10,60,20,0.0005470885051772,0.0,0.1480638706300098,train,4
S04737,1,6,2026-06-10,45,14,0.0004152432768836,0.0,0.1338386573836163,train,4
S04740,1,25,2026-06-10,57,18,0.0003861534096886,0.0,0.1520431126755068,train,4
S04741,1,20,2026-06-10,61,21,0.0003755528826525,0.0,0.1708379410358012,train,4
S04742,1,22,2026-06-10,48,29,0.0003594565592066,0.0,0.138435427895342,train,4
S04743,1,22,2026-06-10,19,23,0.0002929391946707,0.0,0.1230841554045332,train,4
S04825,1,11,2026-06-10,19,16,0.0005142703917527,0.0,0.1830766742403112,train,4
S04826,1,12,2026-06-10,42,26,0.0004943980056698,0.0,0.1854945026165881,train,4
S04864,1,24,2026-06-10,29,19,0.0004987125349055,0.0,0.092727304993101,train,4
S04865,1,2,2026-06-10,39,13,0.0004274446532418,0.0,0.1675851805225529,train,4
S04869,1,16,2026-06-10,52,16,0.0003906475258748,0.0,0.1617684123387775,train,4
S04870,1,16,2026-06-10,45,23,0.0004297677050088,0.0,0.0855405678439749,train,4
S04871,1,14,2026-06-10,54,29,0.0003752135092423,0.0,0.1025369127785407,train,4
S04872,1,13,2026-06-10,50,27,0.0005157560566738,0.0,0.1194595208999266,train,4
S04874,1,10,2026-06-10,48,19,0.0004360046876627,0.0,0.109691686640176,train,4
S04875,1,10,2026-06-10,32,26,0.0003260710114368,0.0,0.1167295190516452,train,4
S05240,1,25,2026-06-10,22,17,0.0004479824362162,0.0,0.1208124580710374,train,4
S05241,1,20,2026-06-10,26,25,0.0003220691320492,0.0,0.1777643747919793,train,4
S05244,1,19,2026-06-10,54,15,0.000408830158023,0.0,0.1225946681573943,train,4
S05249,1,25,2026-06-10,25,22,0.0002861617231408,0.0,0.1098350225831449,train,4
S05252,1,8,2026-06-10,37,31,0.0007458504182436,0.0,0.2067065253130078,train,4
S05253,1,10,2026-06-10,38,18,0.0002976347503536,0.0,0.1302846500564278,train,4
S05255,1,14,2026-06-10,33,24,0.0004562253260885,0.0,0.1015459880177773,train,4
S05256,1,1,2026-06-10,38,12,0.00070432273291,0.0,0.1432568864500763,train,4
S05257,1,2,2026-06-10,37,25,0.0006623887608795,0.0,0.1270903315201743,train,4
S05312,1,13,2026-06-10,57,19,0.0007607974823361,0.0,0.188248809142232,train,4
S05313,1,13,2026-06-10,55,24,0.0004939392945958,0.0,0.1697993238032661,train,4
S05314,1,2,2026-06-10,33,14,0.0006474047702677,0.0,0.174227914084192,train,4
S05317,1,17,2026-06-10,31,22,0.0003439793153796,0.0077781429488082,0.1487089929414956,train,4
S05318,1,17,2026-06-10,25,26,0.001122276260691,0.0,0.2123560035534568,train,4
S05319,1,17,2026-06-10,26,27,0.0011616594589838,0.0,0.1403074304746065,train,4
S05618,1,24,2026-06-10,24,26,0.00031954899218,0.0051030361524955,0.1451273587141287,train,4
S05933,1,17,2026-06-10,41,14,0.0005949311622812,0.0,0.1608867276422588,train,4
S05934,1,20,2026-06-10,33,12,0.0005506599927911,0.0,0.1292381431365898,train,4
S05936,1,18,2026-06-10,53,15,0.0006286635665294,0.0,0.1915462454644617,train,4
S05974,1,11,2026-06-10,33,18,0.0003134297538694,0.0,0.1625040667120485,train,4
S05979,1,10,2026-06-10,47,17,0.0004313765945566,0.0,0.1295233281643061,train,4
S05980,1,11,2026-06-10,38,22,0.0003361592264839,0.0,0.1491455572372617,train,4
S05981,1,13,2026-06-10,50,15,0.0005154443038493,0.0,0.1642720310095757,train,4
S05982,1,14,2026-06-10,57,22,0.0004409628050831,0.0,0.1181109108657802,train,4
S05983,1,6,2026-06-10,29,18,0.0003598890194606,0.0,0.0949119114135857,train,4
S05986,1,5,2026-06-10,37,28,0.0003816887197209,0.0,0.1273266714783716,train,4
S05988,1,7,2026-06-10,40,31,0.0010117153746481,0.0,0.275118005810995,train,4
S05989,1,5,2026-06-10,59,27,0.000603768287107,0.0,0.1181243898590207,train,4
S05990,1,7,2026-06-10,43,13,0.0008589327137602,0.0,0.1841664327783224,train,4
S05991,1,2,2026-06-10,40,30,0.0005078181480144,0.0,0.1216166062619265,train,4
S05993,1,2,2026-06-10,29,13,0.0005729838654754,0.0,0.1502255638536548,train,4
S05994,1,23,2026-06-10,59,27,0.0004321375198322,0.0,0.1069501581532028,train,4
S06047,1,17,2026-06-10,53,18,0.0005738403013806,0.0,0.1637158921534192,train,4
S06051,1,17,2026-06-10,32,18,0.0008905663675376,0.0,0.1220471768917009,train,4
S06149,1,25,2026-06-10,21,14,0.003361878371614,0.0045638619271067,0.2860145488916736,train,4
S06150,1,24,2026-06-10,14,25,0.0034962091128815,0.0074638072926052,0.4432302596420396,train,4
S06151,1,23,2026-06-10,44,11,0.0036153591820398,0.0015301959697655,0.3507126514076075,train,4
S06155,1,10,2026-06-10,19,28,0.0032269394556679,0.0046119297724657,0.3050320227991492,train,4
S06156,1,10,2026-06-10,59,28,0.0031313494285616,0.0108109283911946,0.3192387972012656,train,4
S06158,1,12,2026-06-10,24,28,0.0008303728371955,0.0,0.1789628333547796,train,4
S06159,1,7,2026-06-10,23,22,0.0005745291634531,0.0044989182681427,0.1530921764074238,train,4
S06160,1,1,2026-06-10,24,19,0.0003337853563363,0.0,0.1273755257179371,train,4
S06606,1,24,2026-06-10,48,29,0.0005360835844332,0.0030052092308901,0.1462591398189798,train,4
S06611,1,18,2026-06-10,38,14,0.0005224719467871,0.0,0.1990141136707331,train,4
S07316,1,5,2026-06-10,18,28,0.0035616905367439,0.0060135274117632,0.3508644503497313,train,4
S07355,1,20,2026-06-10,21,15,0.000486677790498,0.0,0.1851985945533722,train,4
S07356,1,2,2026-06-10,25,21,0.000712069556458,0.0,0.1127343807258236,train,4
S07357,1,7,2026-06-10,22,28,0.0004485715338142,0.0,0.3176553004191046,train,4
S07358,1,10,2026-06-10,55,18,0.0004078095756772,0.0,0.1025607530731873,train,4
S07359,1,10,2026-06-10,49,26,0.0003245795438902,0.0028716704223724,0.1318304763119056,train,4
S07537,1,18,2026-06-10,38,23,0.0003081851391724,0.0,0.1350681884543754,train,4
S07538,1,20,2026-06-10,30,15,0.000828896947397,0.0,0.178845614100648,train,4
S07661,1,17,2026-06-10,37,25,0.0006185264467229,0.0,0.129283743594843,train,4
S07782,1,13,2026-06-10,57,29,0.0024287192452199,0.0021909667806233,0.3710848856598275,train,4
S07783,1,18,2026-06-10,38,32,0.0026858647200203,0.0093976906010488,0.3435675947807901,train,4
S07784,1,16,2026-06-10,16,26,0.0033036716181249,0.0077275049421381,0.3900379761032544,train,4
S07787,1,10,2026-06-10,57,14,0.0034588615375565,0.0032428764379253,0.3529179401222346,train,4
S07799,1,8,2026-06-10,33,28,0.0002543485198678,0.0108992662184151,0.197604776541055,train,4
S07800,1,6,2026-06-10,14,24,0.0002816076252441,0.0022305399971276,0.1436001366294935,train,4
S07801,1,7,2026-06-10,20,17,0.0004776336980513,0.0042724021731655,0.1684457757437881,train,4
S07876,1,22,2026-06-10,51,26,0.0005620766522997,0.0,0.1094055504374289,train,4
S07878,1,16,2026-06-10,19,25,0.00035565768701,0.0,0.0819611758174985,train,4
S07879,1,10,2026-06-10,54,16,0.0003001899213274,0.0,0.1602204431718259,train,4
S07880,1,12,2026-06-10,37,12,0.0009767259334926,0.0,0.2731234799530213,train,4
S07881,1,16,2026-06-10,37,20,0.0003126524138279,0.0,0.0989043810136109,train,4
S07882,1,10,2026-06-10,41,25,0.0003525165490731,0.0,0.1061866106768247,train,4
S07883,1,19,2026-06-10,28,13,0.0003641949528001,0.0,0.1771201326510129,train,4
S07895,1,19,2026-06-10,27,14,0.0003721933954288,0.0,0.1539574580668222,train,4
S07896,1,19,2026-06-10,26,22,0.0002779342851916,0.0,0.1011516971509002,train,4
S08148,1,4,2026-06-10,53,24,0.0003119539048045,0.0,0.1019467090574238,train,4
S08841,1,18,2026-06-10,22,18,0.000315137045827,0.0,0.1326939419956485,train,4
S08842,1,22,2026-06-10,47,25,0.0003066007521779,0.0,0.113611594729552,train,4
S08843,1,6,2026-06-10,33,29,0.0002806447457021,0.0,0.102170711661319,train,4
S08844,1,7,2026-06-10,26,20,0.0007977596233292,0.0,0.1977396286143866,train,4
S08845,1,16,2026-06-10,31,17,0.0002790532872703,0.0,0.0938036830197052,train,4
S08847,1,24,2026-06-10,39,19,0.0004989487444721,0.0,0.1339062083616878,train,4
S08965,1,18,2026-06-10,20,27,0.0010812883468445,0.0,0.1501692892815079,train,4
S08967,1,20,2026-06-10,14,23,0.0004464304770494,0.0,0.1377985933188083,train,4
S08968,1,19,2026-06-10,20,23,0.0002956248343564,0.0,0.1234950283629075,train,4
S09072,1,24,2026-06-10,23,24,0.0005353028329115,0.0,0.1623295930173937,train,4
S09077,1,8,2026-06-10,32,29,0.0008927015367494,0.0,0.1809723040861086,train,4
S09080,1,5,2026-06-10,63,20,0.0005497708277082,0.0,0.1194613023050087,train,4
S09087,1,4,2026-06-10,52,23,0.0003130155129198,0.0,0.1395465806335757,train,4
S09276,1,25,2026-06-10,57,17,0.000652613351283,0.0,0.1231227039341597,train,4
S09290,1,14,2026-06-10,48,21,0.0003472408577202,0.0,0.1306165417202648,train,4
S09292,1,24,2026-06-10,56,27,0.0005906121124113,0.0,0.152918286032172,train,4
S09293,1,8,2026-06-10,63,25,0.0009637440999314,0.0,0.1941897521396445,train,4
S09294,1,8,2026-06-10,36,27,0.0004207195689377,0.0,0.1549651040344312,train,4
S09295,1,8,2026-06-10,26,27,0.0005115633013916,0.0,0.1742338102212656,train,4
S09296,1,11,2026-06-10,28,28,0.0003883908179678,0.0,0.1323439816152404,train,4
S09298,1,13,2026-06-10,21,24,0.0006127844753093,0.0,0.1494825389440803,train,4
S09299,1,13,2026-06-10,14,24,0.0009691968549875,0.0,0.2293680599234995,train,4
S09301,1,12,2026-06-10,49,22,0.0006525576631307,0.0,0.2463721626200278,train,4
S09304,1,5,2026-06-10,14,23,0.00068970084326,0.0,0.1501052409235575,train,4
S09306,1,2,2026-06-10,54,16,0.0007219734113952,0.0,0.1914848974186927,train,4
S09308,1,4,2026-06-10,43,28,0.0003043457143663,0.0,0.1406898213915056,train,4
S09309,1,22,2026-06-10,41,30,0.0003991978089175,0.0,0.1527267500862816,train,4
S09310,1,23,2026-06-10,15,24,0.0002944720163802,0.0,0.1783937818329672,train,4
S09466,1,17,2026-06-10,55,16,0.0005156305180476,0.0,0.1729121157361209,train,4
S09467,1,17,2026-06-10,33,19,0.000834968328095,0.0,0.1597740465802405,train,4
S09630,1,25,2026-06-10,25,19,0.0005089632314923,0.0,0.1390939839478109,train,4
S09631,1,18,2026-06-10,36,30,0.0006219086441049,0.0,0.1672248482884839,train,4
S09632,1,25,2026-06-10,37,12,0.0004663956065796,0.0,0.2271911603739523,train,4
S09635,1,19,2026-06-10,32,17,0.0002705810696565,0.0,0.1091999190886499,train,4
S09647,1,10,2026-06-10,54,18,0.000426509764188,0.0,0.1050809825630234,train,4
S09651,1,12,2026-06-10,58,22,0.0005321026880554,0.0,0.2288282821843077,train,4
S09652,1,1,2026-06-10,30,17,0.0004155240146758,0.0,0.1321857807226213,train,4
S09653,1,17,2026-06-10,34,27,0.0008188434774624,0.0,0.1477378381316777,train,4
S09794,1,6,2026-06-10,43,11,0.0030702696148644,0.0117755769321897,0.3623753806074536,train,4
S09798,1,23,2026-06-10,40,32,0.0033671262069499,0.0092445705752147,0.322870017047537,train,4
S09932,1,2,2026-06-10,59,23,0.0008229053520818,0.0187187930440771,0.1531210214838254,train,4
S09933,1,12,2026-06-10,30,21,0.0004013097076459,0.0013467082872688,0.2173480522610575,train,4
S09934,1,13,2026-06-10,20,23,0.0007154943801498,0.0,0.1264395553209897,train,4
S10087,1,14,2026-06-10,49,14,0.0003839124763168,0.0,0.1291669121481957,train,4
S10089,1,14,2026-06-10,26,15,0.0003048787872972,0.0,0.1079469808898971,train,4
S10091,1,7,2026-06-10,49,15,0.0006600264781413,0.0,0.1545223756378662,train,4
S10092,1,7,2026-06-10,35,23,0.0002927101544946,0.0,0.1274959465672299,train,4
S10095,1,1,2026-06-10,20,17,0.0003346317386287,0.0,0.1319575112019577,train,4
S10096,1,4,2026-06-10,43,22,0.0002712354066126,0.0,0.1229695715992943,train,4
S10099,1,22,2026-06-10,22,16,0.0003148120059983,0.0,0.1259246230418033,train,4
S10100,1,25,2026-06-10,27,30,0.0007156932194264,0.0,0.200255263489247,train,4
S10171,1,23,2026-06-10,48,12,0.0032909450097182,0.0,0.3586774877075414,train,4
S10186,1,19,2026-06-10,36,30,0.0005436973249584,0.0,0.1293972922696333,train,4
S10187,1,17,2026-06-10,29,14,0.0009801158875733,0.0,0.1599298609544253,train,4
S10190,1,4,2026-06-10,27,26,0.0002987535776341,0.0,0.1354501939426797,train,4
S10191,1,1,2026-06-10,49,25,0.0005083325209583,0.0,0.110292698733184,train,4
S10192,1,1,2026-06-10,19,21,0.0006085606345367,0.0,0.1375375041055923,train,4
S10193,1,2,2026-06-10,32,28,0.0008920110155363,0.0,0.1215513901892616,train,4
S10195,1,2,2026-06-10,54,25,0.0006322118845056,0.0,0.1368603778191137,train,4
S10196,1,6,2026-06-10,30,18,0.0003688813162123,0.0,0.1080545701428452,train,4
S10197,1,6,2026-06-10,27,23,0.0003654972779485,0.0,0.1186680001268377,train,4
S10200,1,13,2026-06-10,59,25,0.0006954878142646,0.0,0.2351845993091621,train,4
S10201,1,11,2026-06-10,40,19,0.0003621470989225,0.0,0.1564658533121358,train,4
S10203,1,1,2026-06-10,16,23,0.0003282508476021,0.0272056178545175,0.110351285841436,train,4
S10315,1,23,2026-06-10,18,25,0.0002930093472923,0.0,0.1194724241481913,train,4
S10316,1,16,2026-06-10,42,21,0.0003256524061593,0.0,0.1094502760277558,train,4
S10318,1,12,2026-06-10,34,25,0.0006878689168389,0.0,0.1678953777600752,train,4
S10320,1,11,2026-06-10,14,24,0.0004099322474685,0.0,0.1209351824425677,train,4
S10322,1,5,2026-06-10,52,24,0.0003918521944567,0.0,0.1134239584120059,train,4
S10323,1,6,2026-06-10,54,23,0.0002986764514415,0.0,0.1124766454249166,train,4
S10324,1,7,2026-06-10,49,30,0.0004704551639266,0.0,0.2185182021532813,train,4
S10325,1,4,2026-06-10,60,27,0.0003810862797611,0.0,0.1137555699755353,train,4
S10329,1,17,2026-06-10,54,20,0.0006885921903901,0.0,0.148376262815493,train,4
S10390,1,13,2026-06-10,55,13,0.0021360986568352,0.0,0.3212383719563744,train,4
S10420,1,19,2026-06-10,48,24,0.0002458893213803,0.0,0.1204303875831641,train,4
S10421,1,20,2026-06-10,33,14,0.0006666474792445,0.0,0.1689654380619421,train,4
S10617,1,17,2026-06-10,41,11,0.0029623458832156,0.0,0.3019148723614225,train,4
S10622,1,16,2026-06-10,43,28,0.0004795347665914,0.0,0.1212248021233513,train,4
S10634,1,14,2026-06-10,37,29,0.0004225545496873,0.0,0.1244395845801582,train,4
S10635,1,8,2026-06-10,41,23,0.0004547729349294,0.0,0.1122911874665901,train,4
S10636,1,8,2026-06-10,34,28,0.0005319807019379,0.0,0.1700578664621685,train,4
S10637,1,8,2026-06-10,38,25,0.0004175608329038,0.0,0.1729042673913425,train,4
S10639,1,8,2026-06-10,33,26,0.0003822520240537,0.0,0.1409474530152882,train,4
S10641,1,13,2026-06-10,23,26,0.0007112111961474,0.0,0.1694281208765524,train,4
S10642,1,16,2026-06-10,44,26,0.0002382119013262,0.0,0.0741417365664254,train,4
S10643,1,14,2026-06-10,61,26,0.000390874332501,0.0,0.1172109259023153,train,4
S10644,1,4,2026-06-10,46,18,0.0002760781336279,0.0,0.1091294413046454,train,4
S10645,1,14,2026-06-10,32,28,0.0004297786458654,0.0,0.1192949193904039,train,4
S10647,1,1,2026-06-10,33,23,0.0003703523571294,0.0,0.1220117130781767,train,4
S10648,1,5,2026-06-10,27,15,0.0002754358968233,0.0,0.1273430461490478,train,4
S10649,1,25,2026-06-10,56,27,0.000725570155125,0.0,0.1866402533876386,train,4
S10650,1,2,2026-06-10,37,17,0.0004940242384967,0.0,0.1434610416161137,train,4
S10873,1,5,2026-06-10,52,31,0.0036007186174201,0.0029749612417021,0.4075655416332029,train,4
S10882,1,19,2026-06-10,48,31,0.0032858212617827,0.0,0.3342795551680242,train,4
S10883,1,11,2026-06-10,18,15,0.0037112375473174,0.0106879996559195,0.4388601570608539,train,4
S11248,1,16,2026-06-10,24,19,0.0002543766208885,0.0095175804928636,0.1035812013916262,train,4
S11249,1,6,2026-06-10,44,23,0.0002662059694764,0.039198170226259,0.1292571641187648,train,4
S11546,1,19,2026-06-10,21,21,0.0002940448711167,0.0,0.1307355047787516,train,4
S11547,1,18,2026-06-10,23,17,0.0003998671379745,0.0,0.1589397824969183,train,4
S11548,1,19,2026-06-10,63,22,0.0007449368117063,0.0,0.1047578408975602,train,4
S11549,1,23,2026-06-10,49,30,0.0003886741279334,0.0,0.1343997177717507,train,4
S11551,1,23,2026-06-10,25,27,0.0003705834873203,0.0,0.1035789457129086,train,4
S11553,1,25,2026-06-10,36,26,0.0002962277567037,0.0,0.1356325844775374,train,4
S11554,1,24,2026-06-10,35,14,0.0004202084975189,0.0,0.1933666221303495,train,4
S11555,1,1,2026-06-10,20,18,0.0007360481218309,0.0,0.2131931551495216,train,4
S11556,1,2,2026-06-10,50,14,0.0011838440894165,0.0,0.1481933743465662,train,4
S11557,1,1,2026-06-10,37,25,0.000264181685887,0.0,0.1075230689363905,train,4
S11558,1,1,2026-06-10,47,16,0.0002444176590462,0.0,0.1439683317383921,train,4
S11559,1,4,2026-06-10,37,20,0.0005492506382458,0.0,0.0562604213487937,train,4
S11561,1,5,2026-06-10,53,17,0.0003559938015883,0.0,0.1248716489651963,train,4
S11562,1,7,2026-06-10,29,17,0.0005428481766475,0.0,0.1472439254840889,train,4
S11563,1,7,2026-06-10,37,18,0.0002858703521852,0.0,0.1456160347787146,train,4
S11564,1,7,2026-06-10,48,26,0.0004683694672849,0.0,0.1341066556591904,train,4
S11571,1,13,2026-06-10,57,17,0.0005581400121455,0.0,0.2120890704814243,train,4
S11574,1,8,2026-06-10,14,24,0.0007538993896361,0.0,0.282923479285405,train,4
S11575,1,2,2026-06-10,13,21,0.0007965057006789,0.0,0.1539935020173909,train,4
S11996,1,11,2026-06-10,30,31,0.002332855403544,0.0,0.4022021540853915,train,4
S12007,1,20,2026-06-10,36,11,0.0035210447494559,0.0,0.4334686940762435,train,4
S12011,1,14,2026-06-10,16,26,0.0033008888947231,0.0,0.2519832418957815,train,4
S12365,1,25,2026-06-10,16,18,0.0009658685217939,0.0,0.2153231982818325,train,4
S12366,1,23,2026-06-10,27,24,0.0002581489490126,0.0,0.1230658914892289,train,4
S12368,1,19,2026-06-10,16,23,0.0002662215649172,0.0,0.1221601662708149,train,4
S12369,1,19,2026-06-10,55,20,0.0002469695802824,0.0,0.1312095494617829,train,4
S12488,1,19,2026-06-10,62,16,0.0034694597039009,0.0,0.4346466561836108,train,4
S12849,1,11,2026-06-10,23,20,0.0002917264953132,0.0,0.1267646373887068,train,4
S12850,1,12,2026-06-10,37,14,0.0006328086842145,0.0,0.1714709515746914,train,4
S12851,1,12,2026-06-10,48,22,0.0008078146332612,0.0,0.157909869292484,train,4
S12852,1,12,2026-06-10,47,15,0.0005892970650319,0.0,0.2188031595224734,train,4
S12854,1,16,2026-06-10,36,23,0.0003446692134813,0.0,0.068705102349899,train,4
S12857,1,11,2026-06-10,47,20,0.0004125910661822,0.0,0.1437493373162598,train,4
S12860,1,14,2026-06-10,42,14,0.0003150430810367,0.0258551177006112,0.1590425293779635,train,4
S12861,1,7,2026-06-10,56,22,0.0005483827908943,0.0,0.1148902537458302,train,4
S12864,1,25,2026-06-10,20,27,0.0006792621026701,0.0,0.1749161803250526,train,4
S12865,1,22,2026-06-10,55,25,0.0005006370633523,0.0,0.0770397207798346,train,4
S12951,1,19,2026-06-10,58,21,0.0004339328570819,0.0,0.1352273813640983,train,4
S12953,1,19,2026-06-10,27,30,0.0002598831720654,0.0,0.1525827523054223,train,4
S12957,1,23,2026-06-10,19,24,0.000300800512881,0.0,0.1216871197017402,train,4
S12958,1,23,2026-06-10,15,21,0.0003024223777086,0.0,0.166234141877752,train,4
S13112,1,8,2026-06-10,23,19,0.0003918143824692,0.0,0.1380101033555576,train,4
S13113,1,8,2026-06-10,54,25,0.0005135068606975,0.0,0.1299295693992994,train,4
S13114,1,11,2026-06-10,24,18,0.0002511291402141,0.0,0.1418762508709554,train,4
S13115,1,16,2026-06-10,52,30,0.0003417380280225,0.027620317883739,0.0912701912097139,train,4
S13116,1,7,2026-06-10,22,22,0.0008154454479937,0.0,0.182352222450281,train,4
S13117,1,6,2026-06-10,53,26,0.0004692816609329,0.0,0.0999548371514036,train,4
S13118,1,1,2026-06-10,48,25,0.0004263432518502,0.0,0.1406876005647488,train,4
S13119,1,5,2026-06-10,60,17,0.0005156881748307,0.0,0.1946327520965332,train,4
S13120,1,1,2026-06-10,35,31,0.0005997532529135,0.0,0.1234116089004461,train,4
S13123,1,20,2026-06-10,45,28,0.0003941077253341,0.0,0.127087203474988,train,4
S13155,1,18,2026-06-10,58,21,0.0005997758210392,0.0,0.1582908745945266,train,4
S13157,1,18,2026-06-10,38,13,0.000640057751061,0.0,0.1812988061191547,train,4
S13162,1,19,2026-06-10,54,21,0.0002825971626644,0.0,0.1138296149689373,train,4
S13163,1,24,2026-06-10,45,17,0.0005288011138006,0.0,0.1231464396105839,train,4
S13164,1,23,2026-06-10,61,26,0.0005467102888091,0.0,0.1170241678097104,train,4
S13167,1,7,2026-06-10,51,13,0.0006640056611914,0.0,0.311681736692167,train,4
S13174,1,11,2026-06-10,40,20,0.0003299238507011,0.0,0.1322133646089804,train,4
S13175,1,10,2026-06-10,23,29,0.0006141435768296,0.0,0.1457876314911601,train,4
S13294,1,13,2026-06-10,40,15,0.0004753528229165,0.0,0.1405355238473668,train,4
S13305,1,17,2026-06-10,61,19,0.0012220242898967,0.0,0.2027937713934982,train,4
S13320,1,22,2026-06-10,34,25,0.0002661782150818,0.0,0.1652003415628114,train,4
S13323,1,16,2026-06-10,58,27,0.000317188001215,0.0,0.1110104897273281,train,4
S13326,1,13,2026-06-10,31,26,0.0006015552144448,0.0,0.1541351706909752,train,4
S13327,1,10,2026-06-10,51,29,0.000405437449364,0.0,0.1503703807321424,train,4
S13328,1,25,2026-06-10,13,22,0.0013188801514267,0.0,0.2011300929151412,train,4
S13392,1,23,2026-06-10,57,24,0.0004670663073454,0.0,0.0826504895847101,train,4
S13393,1,22,2026-06-10,24,14,0.0002904193225659,0.0,0.1321541147064201,train,4
S13394,1,23,2026-06-10,29,30,0.0003869853669442,0.0,0.1421953459308367,train,4
S13396,1,18,2026-06-10,60,27,0.0008284660156659,0.0,0.2761037490045033,train,4
S13397,1,19,2026-06-10,35,25,0.0003485832630774,0.0,0.1255885480614721,train,4
S13654,1,25,2026-06-10,36,24,0.0005098016302776,0.0,0.1258603580197995,train,4
S13655,1,22,2026-06-10,20,28,0.0005206178556304,0.0,0.2069299810203892,train,4
S13656,1,1,2026-06-10,62,22,0.0003208279022094,0.001893008817536,0.0915177379614015,train,4
S13657,1,5,2026-06-10,39,23,0.0003328156802479,0.0,0.1193576400484759,train,4
S13658,1,12,2026-06-10,25,17,0.0005318129794368,0.0,0.1138150394244701,train,4
S13660,1,25,2026-06-10,28,27,0.0006027542165128,0.0,0.1615341467259256,train,4
S14166,1,8,2026-06-10,48,19,0.0003531725180502,0.0,0.1437874165537986,train,4
S14167,1,13,2026-06-10,23,25,0.0006363195114347,0.0,0.15646735617876,train,4
S14170,1,16,2026-06-10,52,13,0.0004265408466708,0.0,0.0981461925642695,train,4
S14173,1,14,2026-06-10,40,21,0.0003931319868797,0.0,0.1321866758679891,train,4
S14174,1,14,2026-06-10,51,23,0.0003329551079409,0.0,0.1047229913676505,train,4
S14175,1,14,2026-06-10,57,21,0.0004481542649974,0.0,0.1105756652488039,train,4
S14176,1,14,2026-06-10,40,22,0.0002835636605768,0.0,0.096928161479888,train,4
S14179,1,2,2026-06-10,41,14,0.0004348878496484,0.0,0.1297599291634748,train,4
S14180,1,7,2026-06-10,15,21,0.0011283495122731,0.0,0.2309702898815874,train,4
S14181,1,5,2026-06-10,56,16,0.0004040864494009,0.0,0.1451649711521566,train,4
S14184,1,22,2026-06-10,48,24,0.0003071959583766,0.0,0.133911214280289,train,4
S14189,1,22,2026-06-10,59,20,0.0004323500436362,0.0,0.1471800078036576,train,4
S14190,1,18,2026-06-10,46,16,0.0005204079883993,0.0,0.1345016678518917,train,4
S14191,1,20,2026-06-10,34,20,0.0004411147503158,0.0,0.1342535201368256,train,4
S14289,1,24,2026-06-10,52,28,0.0006874664140806,0.0,0.1616500085782575,train,4
S14364,1,17,2026-06-10,49,19,0.0003706275976488,0.0,0.1233645556279633,train,4
S14437,1,18,2026-06-10,23,13,0.0033001617101509,0.0,0.3541215424095558,train,4
S14675,1,24,2026-06-10,40,29,0.0005100383946525,0.0,0.1390563389372657,train,4
S14677,1,8,2026-06-10,53,29,0.000488824385815,0.0,0.211291906192558,train,4
S14678,1,11,2026-06-10,56,24,0.0003441749614221,0.0,0.1306937966654981,train,4
S14680,1,11,2026-06-10,27,19,0.0005627349201577,0.0,0.1295760935277808,train,4
S14682,1,16,2026-06-10,15,21,0.0005455498912382,0.0,0.1017180974418242,train,4
S14684,1,7,2026-06-10,23,16,0.0007515943824077,0.0,0.2490522496900556,train,4
S14685,1,4,2026-06-10,41,15,0.0002899212271465,0.0,0.1080953322739627,train,4
S14686,1,6,2026-06-10,30,25,0.0003736586622245,0.0,0.1232741732522527,train,4
S14687,1,5,2026-06-10,53,15,0.0003239228252046,0.0,0.1471680294197877,train,4
S14688,1,6,2026-06-10,37,14,0.0004894511262196,0.0,0.1542286560239476,train,4
S14689,1,5,2026-06-10,58,24,0.0006017027711121,0.0,0.1442481172240054,train,4
S14690,1,6,2026-06-10,19,18,0.0004193075055169,0.0,0.1438947879364473,train,4
S14692,1,5,2026-06-10,38,13,0.0003856887333912,0.0,0.1367071719437715,train,4
S14695,1,5,2026-06-10,16,25,0.0004771357372301,0.0,0.1631641907343631,train,4
S14696,1,20,2026-06-10,58,25,0.0004086732544704,0.0,0.1345488138749445,train,4
S14697,1,22,2026-06-10,64,24,0.0003408222660372,0.0,0.1440085183145644,train,4
S14699,1,22,2026-06-10,20,27,0.000387214764023,0.0,0.1221896080147858,train,4
S14874,1,1,2026-06-10,17,22,0.0007799587643356,0.0,0.1401521628269856,train,4
S14876,1,11,2026-06-10,43,21,0.0003770289805448,0.0,0.1963456456486294,train,4
S14877,1,12,2026-06-10,32,16,0.0004446820190431,0.0,0.1738042274793691,train,4
S14879,1,12,2026-06-10,39,23,0.0006170116660254,0.0,0.1749304202416531,train,4
S14880,1,14,2026-06-10,47,13,0.0003738798607771,0.0,0.1395954824700953,train,4
S14881,1,14,2026-06-10,43,12,0.0003335193339556,0.0,0.1365270125688246,train,4
S14882,1,14,2026-06-10,58,15,0.0007317843952391,0.0,0.1583328155394869,train,4
S14884,1,7,2026-06-10,62,21,0.0007388979195249,0.0,0.1878313461487955,train,4
S14885,1,6,2026-06-10,60,20,0.0004483615078865,0.0,0.1401099820513695,train,4
S14920,1,25,2026-06-10,40,30,0.001108525028386,0.0,0.1618589783909235,train,4
S14921,1,23,2026-06-10,21,27,0.0003119872009909,0.0,0.136093153840898,train,4
S14922,1,22,2026-06-10,42,17,0.0003781132326297,0.0,0.0885341756726163,train,4
S14924,1,18,2026-06-10,54,16,0.0004090341477661,0.0,0.211951566579108,train,4
S14927,1,1,2026-06-10,47,30,0.0004703382966306,0.0,0.1489979711638477,train,4
S15264,1,14,2026-06-10,17,24,0.0003097633922185,0.0,0.1310844049143666,train,4
S15265,1,8,2026-06-10,43,18,0.0003645346655266,0.0,0.1673981377453448,train,4
S15266,1,8,2026-06-10,22,24,0.0003962245045306,0.0,0.1636278951436677,train,4
S15269,1,6,2026-06-10,36,23,0.0004718827060193,0.0,0.0869636136158023,train,4
S15271,1,20,2026-06-10,23,27,0.0003190085989943,0.0,0.1494280973553319,train,4
S15273,1,17,2026-06-10,20,28,0.0010286853892316,0.0,0.2720612993544005,train,4
S15374,1,5,2026-06-10,40,11,0.0037855839227142,0.0033815734862865,0.4364569892065417,train,4
S15375,1,25,2026-06-10,30,12,0.0035407001162066,0.0016928254175863,0.3604524383977889,train,4
S15380,1,6,2026-06-10,56,30,0.0034181641186577,0.0016491958096489,0.3304065193769811,train,4
S16245,1,22,2026-06-10,42,23,0.0002677201891918,0.0,0.1129935722635826,train,4
S16247,1,6,2026-06-10,43,20,0.0003631844057699,0.0,0.1112336541690463,train,4
S16252,1,8,2026-06-10,55,24,0.0004620865383766,0.0,0.1423892420965263,train,4
S16256,1,8,2026-06-10,38,24,0.000431646976493,0.0,0.1687312143793641,train,4
S16372,1,17,2026-06-10,51,25,0.000739268651064,0.0,0.1638784612963054,train,4
S16380,1,20,2026-06-10,51,21,0.0004849328228912,0.0,0.1410656743103116,train,4
S16381,1,22,2026-06-10,32,23,0.0003272988693432,0.0,0.1339398362336755,train,4
S16383,1,6,2026-06-10,38,22,0.0004128064605812,0.0,0.134057424512085,train,4
S16384,1,5,2026-06-10,51,14,0.0004153175896087,0.0,0.1654621357328009,train,4
S16385,1,6,2026-06-10,22,26,0.0004726454437494,0.0,0.1327130073698942,train,4
S16387,1,16,2026-06-10,26,24,0.0003278162888536,0.0,0.1029791317267724,train,4
S16388,1,1,2026-06-10,49,17,0.0003197709496694,0.0,0.1438804899555352,train,4
S16389,1,11,2026-06-10,41,30,0.0003906036074664,0.0,0.1275115196768864,train,4
S16390,1,8,2026-06-10,36,15,0.0004445477018902,0.0,0.116814282667196,train,4
S16391,1,16,2026-06-10,23,17,0.0002451266180118,0.0,0.0908352308234437,train,4
S16395,1,16,2026-06-10,41,31,0.0005360699736707,0.0,0.1168706206772823,train,4
S16396,1,11,2026-06-10,42,23,0.000394205709451,0.0,0.143688824163394,train,4
S16398,1,10,2026-06-10,27,27,0.0003712500700605,0.0,0.1069080773234332,train,4
S16402,1,13,2026-06-10,37,30,0.0007889237553328,0.0,0.1949969079502281,train,4
S16404,1,16,2026-06-10,53,24,0.0003948232405334,0.0,0.1552272614974656,train,4
S16408,1,6,2026-06-10,61,24,0.0004855607379785,0.0,0.1682889747740006,train,4
S16411,1,2,2026-06-10,49,26,0.0005743088021145,0.0,0.127293978571502,train,4
S16413,1,25,2026-06-10,31,20,0.0002555299657622,0.0,0.0949417116502146,train,4
S16416,1,22,2026-06-10,28,27,0.0003056102496277,0.0,0.1171133126715339,train,4
S16418,1,22,2026-06-10,40,27,0.0004077846792695,0.0,0.1503991700419248,train,4
S16419,1,2,2026-06-10,29,25,0.0008230126937684,0.0,0.1198130713837318,train,4
S16420,1,4,2026-06-10,51,28,0.0003131375306314,0.0,0.1242269287874744,train,4
S16421,1,23,2026-06-10,29,27,0.0003142658817587,0.0,0.0942744408589751,train,4
S16422,1,24,2026-06-10,56,28,0.0007588978346671,0.0,0.1466055710496984,train,4
S16423,1,17,2026-06-10,17,19,0.0013100681200429,0.004356439115038,0.1388473004531326,train,4
S16621,1,18,2026-06-10,22,28,0.000405749777605,0.0,0.1483559352107609,train,4
S16623,1,23,2026-06-10,45,21,0.0003691440090307,0.0,0.1169453783188479,train,4
S16625,1,22,2026-06-10,64,18,0.0005567064359087,0.0,0.1623031817387676,train,4
S16629,1,2,2026-06-10,42,17,0.0005997646577614,0.0,0.126246245018639,train,4
S16630,1,7,2026-06-10,42,30,0.0007106956035379,0.0,0.1744751621799363,train,4
S16631,1,6,2026-06-10,55,18,0.0003625339881215,0.0,0.1363524245036046,train,4
S16632,1,14,2026-06-10,27,19,0.000279213140591,0.0,0.0990751594743438,train,4
S16633,1,10,2026-06-10,32,19,0.0003661858139161,0.0,0.0996255019744086,train,4
S16635,1,25,2026-06-10,57,26,0.0007062380945481,0.0,0.1042528153783714,train,4
S16701,1,5,2026-06-10,30,31,0.0032449362650868,0.0,0.3968842216928759,train,4
S16844,1,10,2026-06-10,35,16,0.0003629843547978,0.0,0.101141769007465,train,4
S16845,1,12,2026-06-10,44,17,0.000435562112808,0.0,0.2020492069485429,train,4
S16846,1,11,2026-06-10,30,13,0.0002875756455419,0.0,0.1800011278597878,train,4
S16847,1,16,2026-06-10,58,16,0.0004522122581845,0.0,0.1041505032431032,train,4
S16848,1,13,2026-06-10,24,22,0.000494561819267,0.0189647606509835,0.154594765544606,train,4
S16849,1,13,2026-06-10,33,15,0.0005380583418735,0.0,0.1941617310412429,train,4
S16851,1,5,2026-06-10,52,19,0.0003670735655949,0.0,0.1367357480658671,train,4
S16852,1,6,2026-06-10,21,16,0.000622607999954,0.0,0.1516447630819515,train,4
S16856,1,24,2026-06-10,58,25,0.0006805638547828,0.0,0.1561715441667999,train,4
S16857,1,24,2026-06-10,47,19,0.0004372891319736,0.0,0.1480714108878508,train,4
S16859,1,2,2026-06-10,40,14,0.0004549208694048,0.0,0.1352096782496598,train,4
S16860,1,5,2026-06-10,30,24,0.0003456560571759,0.0,0.1398653414371481,train,4
S16861,1,23,2026-06-10,59,16,0.0004580697309227,0.0,0.1802072610924664,train,4
S16862,1,25,2026-06-10,44,20,0.0003393303149321,0.0,0.1344085167967023,train,4
S16863,1,17,2026-06-10,58,21,0.0006429727826087,0.0,0.1667252385234879,train,4
S16865,1,17,2026-06-10,19,22,0.0010480829970614,0.0,0.1665510425458806,train,4
S16915,1,23,2026-06-10,45,26,0.0002758717952608,0.0,0.1359799243321696,train,4
S16916,1,23,2026-06-10,37,21,0.0003086551655231,0.0,0.0792349401239747,train,4
S16918,1,24,2026-06-10,24,19,0.0005188013891355,0.0,0.098149870135661,train,4
S17174,1,4,2026-06-10,28,31,0.0033852910753293,0.0,0.3343375810627305,train,4
S17175,1,13,2026-06-10,38,11,0.001364598361188,0.0,0.2983881325290663,train,4
S17176,1,2,2026-06-10,59,15,0.0033604188764734,0.0,0.4365773549643427,train,4
S17193,1,23,2026-06-10,24,21,0.0002566083283222,0.0,0.1134326444918207,train,4
S17194,1,17,2026-06-10,42,26,0.0006634041773294,0.0,0.1965471663133208,train,4
S17726,1,17,2026-06-10,55,30,0.0027329705093665,0.012930081300813,0.2965526728613113,train,4
S17728,1,22,2026-06-10,30,12,0.0025831001677655,0.0268532050771043,0.2989655197406065,train,4
S17729,1,25,2026-06-10,34,11,0.003240550569784,0.0213938272136369,0.3647950041275671,train,4
S17730,1,20,2026-06-10,41,32,0.0031195193619506,0.01095495972083,0.3745230328818332,train,4
S17732,1,16,2026-06-10,25,13,0.0028832246447317,0.017623584671491,0.2724216072071657,train,4
S17736,1,8,2026-06-10,48,31,0.0028516083526434,0.0017851530580174,0.3143241567035942,train,4
S18068,1,25,2026-06-10,58,14,0.0027588193924002,0.0,0.2221881643304186,train,4
S18069,1,1,2026-06-10,59,15,0.003518511827855,0.0,0.4260069498300476,train,4
S18073,1,25,2026-06-10,42,32,0.0029485545237702,0.0039364777632569,0.3691945647844583,train,4
S18154,1,18,2026-06-10,22,19,0.0003368888618276,0.0,0.1326969183173693,train,4
S18156,1,24,2026-06-10,48,28,0.0006062305695598,0.0,0.1427724525739041,train,4
S18157,1,23,2026-06-10,30,22,0.0002923494640449,0.0,0.144069212172774,train,4
S18159,1,20,2026-06-10,35,29,0.0004787282784178,0.0,0.137368830994686,train,4
S18162,1,7,2026-06-10,38,27,0.0005535597786755,0.0,0.1622636130866052,train,4
S18163,1,16,2026-06-10,64,22,0.0008435743516642,0.0,0.1456149497913002,train,4
S18165,1,12,2026-06-10,18,23,0.0007599082921564,0.0,0.2215522215117091,train,4
S18166,1,12,2026-06-10,40,21,0.0007464280242894,0.0,0.165900148851616,train,4
S18167,1,13,2026-06-10,42,29,0.0005315467140271,0.0,0.1089897357234244,train,4
S18169,1,8,2026-06-10,16,20,0.0005393313584787,0.0,0.2022363584448367,train,4
S18231,1,17,2026-06-10,55,15,0.000723427056669,0.0,0.1709798653841396,train,4
S18268,1,18,2026-06-10,22,22,0.0003947331851559,0.0,0.1153746911531442,train,4
S18271,1,18,2026-06-10,58,20,0.0006472715003995,0.0,0.1306107458202241,train,4
S18273,1,19,2026-06-10,25,21,0.0,0.0,0.0834223736096355,train,4
S18291,1,13,2026-06-10,24,27,0.0006565343202074,0.0,0.1572543544700887,train,4
S18419,1,13,2026-06-10,42,25,0.0005368757218497,0.0,0.11571738172733,train,4
S18421,1,7,2026-06-10,40,19,0.0004176883981583,0.0,0.2190372718439657,train,4
S18422,1,2,2026-06-10,31,30,0.0004751423170744,0.0,0.2138442856885016,train,4
S18423,1,2,2026-06-10,43,17,0.000797078587878,0.0,0.1212899741856688,train,4
S18448,1,17,2026-06-10,40,28,0.000745581253694,0.0,0.1619706710469782,train,4
S18799,1,24,2026-06-10,52,29,0.0004870608280277,0.0,0.1985388800440723,train,4
S18801,1,24,2026-06-10,34,15,0.0004006382266027,0.0,0.1449988668086506,train,4
S18803,1,19,2026-06-10,61,23,0.0005850393346808,0.0,0.1144815481958455,train,4
S18807,1,18,2026-06-10,24,20,0.0004988784905421,0.0,0.1319321743228522,train,4
S19223,1,17,2026-06-10,14,18,0.0033598197020353,0.001746912148245,0.3843774725864504,train,4
S19641,1,17,2026-06-10,48,22,0.0007654486080016,0.0,0.1498860603377835,train,4
S19991,1,19,2026-06-10,59,16,0.0005091385703276,0.0,0.1989327237327871,train,4
S19992,1,20,2026-06-10,32,18,0.0004197108947521,0.0,0.1521375808240378,train,4
S19996,1,18,2026-06-10,23,26,0.0005476689501226,0.0,0.1280223310595223,train,4
S19997,1,23,2026-06-10,43,19,0.0002715546802863,0.0,0.1010301322421661,train,4
S19998,1,23,2026-06-10,57,21,0.0002463813566715,0.0038996908494578,0.0854757418580848,train,4
S20003,1,22,2026-06-10,28,23,0.0003349252361482,0.0,0.090723737735284,train,4
S20004,1,4,2026-06-10,53,23,0.0002926089039124,0.0,0.0950739805781397,train,4
S20005,1,4,2026-06-10,41,31,0.0002438462394967,0.0,0.1320538856296957,train,4
S20006,1,4,2026-06-10,56,17,0.000260329088094,0.0,0.1195170235987636,train,4
S20007,1,4,2026-06-10,51,22,0.0003186490707656,0.0,0.1024624937230469,train,4
S20009,1,7,2026-06-10,47,22,0.0003983853574992,0.0,0.1753742068046875,train,4
S20010,1,13,2026-06-10,42,14,0.0003958372565525,0.0,0.1836462538165722,train,4
S20011,1,6,2026-06-10,24,20,0.0002458028604357,0.0,0.1413776548386503,train,4
S20012,1,16,2026-06-10,26,27,0.0003276895466001,0.0,0.0961985046532462,train,4
S20013,1,14,2026-06-10,60,25,0.0003313491837792,0.0,0.1395658643700646,train,4
S20014,1,11,2026-06-10,51,16,0.0006888877697086,0.0,0.1323499746426316,train,4
S20015,1,16,2026-06-10,54,17,0.00040909959882,0.0,0.113114992480823,train,4
S20017,1,12,2026-06-10,51,29,0.0004932478235476,0.0,0.2269767802559669,train,4
S20070,1,24,2026-06-10,18,27,0.0009060124092189,0.0,0.1901243928451335,train,4
S20072,1,4,2026-06-10,60,23,0.0002577459518291,0.0019621777409293,0.148318737222968,train,4
S20532,1,25,2026-06-10,34,13,0.0007366310200695,0.0,0.1642366045192267,train,4
S20536,1,20,2026-06-10,32,17,0.0003740282604032,0.0,0.139516054500047,train,4
S20539,1,20,2026-06-10,19,17,0.0004464154042495,0.0,0.1227755801320106,train,4
S20612,1,17,2026-06-10,33,31,0.000992241718735,0.0,0.1700282891082734,train,4
S21133,1,11,2026-06-10,34,21,0.000326488354246,0.0,0.1166021504809792,train,4
S21135,1,12,2026-06-10,32,27,0.0004731877076104,0.0,0.1808637576063226,train,4
S21136,1,10,2026-06-10,25,28,0.0003900983546375,0.0,0.1142871883850264,train,4
S21137,1,10,2026-06-10,40,15,0.0003078502117536,0.0,0.1204833849761373,train,4
S21138,1,14,2026-06-10,44,19,0.0003688459707264,0.0,0.1200922640432457,train,4
S21139,1,14,2026-06-10,34,23,0.0003220439506192,0.0,0.1264159840727653,train,4
S21141,1,1,2026-06-10,62,26,0.0007555755090142,0.0,0.1249569351863664,train,4
S21142,1,6,2026-06-10,29,28,0.0003698742682714,0.0,0.1338999935448278,train,4
S21143,1,1,2026-06-10,58,20,0.0010690437988298,0.0,0.1398869389005526,train,4
S21144,1,1,2026-06-10,34,14,0.0003748325827191,0.0,0.1351470943368682,train,4
S21145,1,2,2026-06-10,43,15,0.0006275803748988,0.0,0.1308289095621674,train,4
S21149,1,17,2026-06-10,16,21,0.0010217728182971,0.0037255254715001,0.2024280648322009,train,4
S21151,1,17,2026-06-10,34,29,0.0005862758126714,0.0074845452423441,0.1653370269181226,train,4
S21160,1,19,2026-06-10,13,20,0.0003121699842929,0.0,0.1984620649712901,train,4
S21173,1,19,2026-06-10,31,14,0.0004265506746668,0.0,0.1457933545898461,train,4
S21352,1,2,2026-06-10,21,29,0.0035740800082796,0.0,0.4071162962066445,train,4
S21684,1,19,2026-06-10,47,14,0.000368285227936,0.0,0.1473423944994928,train,4
S21685,1,10,2026-06-10,45,21,0.0003817628806234,0.0,0.1584667477052479,train,4
S21686,1,12,2026-06-10,17,17,0.000825063246185,0.0,0.2159410255000223,train,4
S21687,1,13,2026-06-10,44,12,0.0018304546359135,0.0,0.241429461161032,train,4
S21688,1,11,2026-06-10,36,17,0.0004737485848662,0.0,0.138238095216228,train,4
S21689,1,13,2026-06-10,33,14,0.0006505234036268,0.0,0.1521475017971792,train,4
S21690,1,14,2026-06-10,47,20,0.0003283837086537,0.0,0.1169367561296938,train,4
S21691,1,5,2026-06-10,59,19,0.0004501753247281,0.0,0.145342075530646,train,4
S21693,1,6,2026-06-10,29,19,0.0003453518860646,0.0,0.1182226139389026,train,4
S21694,1,23,2026-06-10,14,19,0.0004327744327811,0.0,0.1542134404014708,train,4
S21695,1,24,2026-06-10,32,12,0.0009852234319746,0.0,0.18560860228348,train,4
S21698,1,17,2026-06-10,30,27,0.0009104811092618,0.0041031991744066,0.1610290934782575,train,4
S21757,1,18,2026-06-10,55,18,0.0003616916526998,0.004119012100116,0.1249235017450497,train,4
S21824,1,18,2026-06-10,63,17,0.0028814703158759,0.0,0.3772840208808234,train,4
S21825,1,17,2026-06-10,27,31,0.0026788958088367,0.0,0.3489401354161021,train,4
S22034,1,22,2026-06-10,54,16,0.0004387387717299,0.0,0.1084874318153569,train,4
S22035,1,25,2026-06-10,40,26,0.0004220064172191,0.0,0.1519219881899453,train,4
S22036,1,2,2026-06-10,60,27,0.0025134358141299,0.0,0.1735289760780324,train,4
S22038,1,2,2026-06-10,62,24,0.0009029020034649,0.0044375396208894,0.1637470176615202,train,4
S22039,1,1,2026-06-10,29,17,0.0002596847101342,0.0,0.1227326914954156,train,4
S22043,1,6,2026-06-10,62,22,0.0010866279286328,0.0,0.1523365179952551,train,4
S22044,1,7,2026-06-10,39,26,0.0005791822255043,0.0,0.1603272599952436,train,4
S22046,1,8,2026-06-10,46,31,0.0006180130537612,0.0,0.1702092755328315,train,4
S22047,1,8,2026-06-10,58,23,0.0004580439914572,0.0,0.1863687509179671,train,4
S22048,1,8,2026-06-10,17,23,0.0005282840710007,0.0,0.1285345240642572,train,4
S22049,1,24,2026-06-10,28,13,0.000497449373006,0.0,0.206364027509558,train,4
S22050,1,12,2026-06-10,33,29,0.0005474121499255,0.0,0.1687160712476894,train,4
S22051,1,10,2026-06-10,53,21,0.0004258313680741,0.0,0.1181031018540873,train,4
S22074,1,17,2026-06-10,60,24,0.0012312064399077,0.0,0.1583122038888559,train,4
S22344,1,17,2026-06-10,58,23,0.0006392574175899,0.0,0.161522107684567,train,4
S22345,1,17,2026-06-10,64,22,0.0013264539047147,0.0,0.1472873999834546,train,4
S22359,1,5,2026-06-10,36,25,0.0004934798112552,0.0,0.1126385382441208,train,4
S22360,1,5,2026-06-10,46,13,0.0003313306682522,0.0,0.1496009304114217,train,4
S22363,1,7,2026-06-10,23,15,0.000926293629693,0.0,0.2444776635468424,train,4
S22364,1,16,2026-06-10,51,21,0.0003304770787053,0.0,0.0960212240991043,train,4
S22367,1,13,2026-06-10,51,30,0.0006619001715614,0.0,0.2196307058984184,train,4
S22368,1,1,2026-06-10,48,18,0.0004327070063697,0.0,0.1112121206487788,train,4
S22369,1,11,2026-06-10,43,16,0.0004067404344525,0.0,0.1116971077332922,train,4
S22370,1,8,2026-06-10,52,18,0.0003953922206862,0.0,0.143964314784605,train,4
S22371,1,8,2026-06-10,35,18,0.0003739056528204,0.0,0.1715617309107187,train,4
S22474,1,20,2026-06-10,54,30,0.0034227780293609,0.0,0.2548269091909245,train,4
S22506,1,17,2026-06-10,15,18,0.0012445332864296,0.0,0.2413916195003913,train,4
S22507,1,17,2026-06-10,57,18,0.000649224477851,0.0,0.1698224607588283,train,4
S22707,1,25,2026-06-10,43,25,0.0006270296425819,0.0,0.1650559931383219,train,4
S22710,1,8,2026-06-10,18,17,0.0005925244319552,0.0,0.1721074259598444,train,4
S22712,1,10,2026-06-10,61,25,0.0008904363002945,0.0,0.1091281503137167,train,4
S22714,1,12,2026-06-10,59,26,0.0006277213875928,0.0,0.1961382607471841,train,4
S22716,1,14,2026-06-10,52,19,0.0004334215471413,0.0,0.1389983249394837,train,4
S22717,1,16,2026-06-10,62,17,0.0007666044179695,0.0,0.1130801266876915,train,4
S22719,1,4,2026-06-10,44,16,0.0002528380627613,0.0,0.1070051301433618,train,4
S22720,1,4,2026-06-10,44,12,0.0002384566518863,0.0,0.1541599824103609,train,4
S22721,1,1,2026-06-10,55,18,0.0005049839502703,0.0,0.106257821234324,train,4
S22722,1,4,2026-06-10,43,26,0.0003956245908686,0.0,0.126077907233531,train,4
S22723,1,4,2026-06-10,61,22,0.0002474613443886,0.0,0.1243216085595978,train,4
S22724,1,22,2026-06-10,55,19,0.0003372564683101,0.0,0.0990528992411603,train,4
S22725,1,22,2026-06-10,43,25,0.0003415427223638,0.0,0.1443776232817031,train,4
S22932,1,5,2026-06-10,52,28,0.000309382691122,0.0015766515980648,0.1348802053871019,train,4
S22935,1,6,2026-06-10,17,19,0.0002888482710558,0.0032352979468551,0.1030916178055346,train,4
S22993,1,1,2026-06-10,16,19,0.0003599824468743,0.0,0.1818053805544266,train,4
S22994,1,7,2026-06-10,48,16,0.0007310638566843,0.0,0.1631755613965844,train,4
S22996,1,7,2026-06-10,38,17,0.0003687914238572,0.0,0.1734805873697263,train,4
S22997,1,1,2026-06-10,39,17,0.0004967764192869,0.0,0.1265628828666359,train,4
S22998,1,7,2026-06-10,40,23,0.0003113083764114,0.0,0.1421727900123698,train,4
S23000,1,4,2026-06-10,51,15,0.0004379290205728,0.0,0.0984364380923384,train,4
S23001,1,13,2026-06-10,47,24,0.0003760506580722,0.0064689535784246,0.1120951778634203,train,4
S23004,1,10,2026-06-10,32,20,0.0003042448616387,0.0,0.0987662188966047,train,4
S23110,1,11,2026-06-10,43,31,0.0002843633570818,0.0,0.148948579526925,train,4
S23111,1,2,2026-06-10,22,29,0.0035764330385904,0.0,0.346467930820953,train,4
S23114,1,17,2026-06-10,43,17,0.0006445245305325,0.0,0.179954227825411,train,4
S23342,1,18,2026-06-10,40,17,0.0004992894375569,0.0,0.1326226261330183,train,4
S23343,1,19,2026-06-10,36,31,0.000271146596747,0.0,0.1642069079405358,train,4
S23347,1,25,2026-06-10,43,29,0.0008666819011636,0.0,0.2449636121079072,train,4
S23349,1,25,2026-06-10,49,16,0.0003892151620727,0.0,0.1552246858047695,train,4
S23350,1,11,2026-06-10,35,19,0.0004271574858502,0.0,0.1613639576072428,train,4
S23354,1,20,2026-06-10,34,15,0.0008101230493674,0.0,0.1503829278990773,train,4
S23546,1,22,2026-06-10,60,18,0.000551540940242,0.0,0.1193228705666293,train,4
S23549,1,10,2026-06-10,49,20,0.0006093477336845,0.0,0.1279416284807498,train,4
S23552,1,14,2026-06-10,47,30,0.0004329808256236,0.0,0.140231748860567,train,4
S23556,1,5,2026-06-10,20,20,0.0004120229945863,0.0,0.1123650378808659,train,4
S23557,1,6,2026-06-10,53,20,0.0003678179363315,0.0,0.124534316307319,train,4
S23558,1,4,2026-06-10,52,16,0.0003828053706879,0.0,0.1082739590008238,train,4
S23559,1,4,2026-06-10,46,14,0.0003767192885429,0.0,0.1568131948341241,train,4
S23561,1,5,2026-06-10,17,17,0.000740875556019,0.0,0.1673105781648712,train,4
S23562,1,2,2026-06-10,42,22,0.0019361029928396,0.0,0.1500112334478637,train,4
S23563,1,23,2026-06-10,62,25,0.0007159966223387,0.0,0.1020088311577878,train,4
S23564,1,4,2026-06-10,52,21,0.0003069834482046,0.0,0.0975997798043253,train,4
S23750,1,17,2026-06-10,46,32,0.0025423472565144,0.0,0.3397169957671293,train,4
S23751,1,22,2026-06-10,50,12,0.0029749885528622,0.0,0.3809696803387465,train,4
S23948,1,17,2026-06-10,60,25,0.0006889439239756,0.0,0.2168072461445377,train,4
S23949,1,17,2026-06-10,56,27,0.0008099450453066,0.0,0.2148132197790351,train,4
S23952,1,19,2026-06-10,51,20,0.0002934709559848,0.0,0.1090216898559179,train,4
S23956,1,17,2026-06-10,46,13,0.0005572707013008,0.0,0.1844762731116929,train,4
S23958,1,23,2026-06-10,25,15,0.0002774419050278,0.0,0.108107541231621,train,4
S23959,1,22,2026-06-10,54,17,0.0003856004010666,0.0,0.123008826008501,train,4
S23961,1,2,2026-06-10,19,23,0.0014373902770686,0.0,0.109498515196595,train,4
S23962,1,1,2026-06-10,39,31,0.0003299669096981,0.0,0.1382662044861161,train,4
S23965,1,6,2026-06-10,45,23,0.000734745473661,0.0,0.1419346966439721,train,4
S23967,1,12,2026-06-10,21,20,0.0009149193801863,0.0,0.1577281072908593,train,4
S23968,1,10,2026-06-10,17,26,0.0006254183425966,0.0,0.1357785546399314,train,4
S23971,1,10,2026-06-10,46,16,0.00037581998492,0.0,0.0941465056586057,train,4
S23972,1,25,2026-06-10,42,21,0.0005982072485021,0.0,0.1175718447031366,train,4
S24338,1,20,2026-06-10,28,22,0.0003330936703499,0.0,0.1708448060275225,train,4
S24340,1,25,2026-06-10,30,14,0.0004605297037782,0.0,0.1784467346964194,train,4
S24380,1,25,2026-06-10,20,21,0.0005293947355978,0.0,0.104048807620127,train,4
S24382,1,8,2026-06-10,26,23,0.000471667967651,0.0,0.1636996128481161,train,4
S24383,1,11,2026-06-10,43,26,0.0003493787173939,0.0083574359319297,0.1175310996208664,train,4
S24384,1,12,2026-06-10,38,13,0.0006615572085124,0.0,0.2042590413323917,train,4
S24386,1,1,2026-06-10,56,19,0.0004596859053772,0.0,0.1089206243833994,train,4
S24389,1,7,2026-06-10,36,12,0.0004459777597795,0.0028264491950022,0.2459591825440437,train,4
S24390,1,7,2026-06-10,55,17,0.000372379231115,0.0,0.249355174518479,train,4
S24391,1,7,2026-06-10,41,23,0.0004081103770834,0.0,0.1598357482040323,train,4
S24394,1,24,2026-06-10,39,20,0.0003803117821065,0.0,0.0810525978329769,train,4
S24395,1,22,2026-06-10,23,23,0.0003836462079712,0.0,0.1437390999663332,train,4
S24396,1,17,2026-06-10,47,17,0.0004933882293382,0.0,0.1356618581594736,train,4
S24468,1,10,2026-06-10,37,21,0.0004587937359852,0.0,0.0969104548398954,train,4
S24469,1,13,2026-06-10,40,27,0.000451294595757,0.0,0.1539677125702588,train,4
S24470,1,4,2026-06-10,22,17,0.0002350642088796,0.0,0.0949289061194725,train,4
S24472,1,24,2026-06-10,43,24,0.0006089661826783,0.0,0.1059663684081436,train,4
S24498,1,23,2026-06-10,42,25,0.0003046977893532,0.0,0.0823525718800764,train,4
S24500,1,22,2026-06-10,30,24,0.0003009232658888,0.0,0.134224756346028,train,4
S24501,1,24,2026-06-10,47,18,0.0004125795208405,0.0,0.0989721852254395,train,4
S24502,1,4,2026-06-10,52,26,0.0004679125405675,0.0,0.1283567296416613,train,4
S24620,1,7,2026-06-10,34,14,0.0005833190662628,0.0,0.2049270930466383,train,4
S24705,1,4,2026-06-10,18,15,0.0033615483599466,0.0062542470993884,0.3002831217864532,train,4
S24712,1,12,2026-06-10,27,31,0.0030939657496182,0.0020830451857347,0.3441170623299863,train,4
S24713,1,11,2026-06-10,53,13,0.0036311434652649,0.0,0.4167404915175706,train,4
S24714,1,13,2026-06-10,28,12,0.0011934618026875,0.0,0.3521706122852594,train,4
S24961,1,17,2026-06-10,35,17,0.0006519696612791,0.0,0.1250872210542699,train,4
S25168,1,6,2026-06-10,30,19,0.0002979050944694,0.0,0.1310055255854834,train,4
S25169,1,7,2026-06-10,14,22,0.0010082786408817,0.0,0.2083828723938675,train,4
S25170,1,2,2026-06-10,50,18,0.0005701323627,0.0,0.1316162605908373,train,4
S25172,1,2,2026-06-10,47,13,0.0008477710824928,0.0,0.2102353039222492,train,4
S25173,1,4,2026-06-10,42,25,0.0004330690960057,0.0,0.1064395162376381,train,4
S25174,1,24,2026-06-10,49,17,0.0003285120088745,0.0,0.1350997884932397,train,4
S25176,1,23,2026-06-10,28,16,0.0002833410663511,0.0,0.1191271586347256,train,4
S25231,1,24,2026-06-10,36,29,0.0003907426250863,0.0,0.1558339688645439,train,4
S25232,1,18,2026-06-10,62,20,0.0007878125129512,0.0060956165526038,0.2106606367216676,train,4
S25319,1,25,2026-06-10,27,25,0.0006638372152173,0.0,0.1177197958839631,train,4
S25320,1,1,2026-06-10,51,20,0.0003864258639541,0.0,0.179547263175041,train,4
S25321,1,12,2026-06-10,39,27,0.0005416611856568,0.0,0.1829421283579735,train,4
S25324,1,24,2026-06-10,33,22,0.0003874963186014,0.0,0.1092139730363332,train,4
S25325,1,25,2026-06-10,52,25,0.0004593837466182,0.0,0.1445420029992707,train,4
S25326,1,25,2026-06-10,48,25,0.0004256217744321,0.0,0.1080442178213531,train,4
S25413,1,17,2026-06-10,33,30,0.0009487267253183,0.0,0.1766166392916363,train,4
S25534,1,23,2026-06-10,30,31,0.0035547439083448,0.0,0.290515631451503,train,4
S25842,1,18,2026-06-10,42,21,0.0004863813452804,0.0,0.121368721478422,train,4
S25843,1,20,2026-06-10,44,19,0.0003027535649904,0.0,0.1318500882081738,train,4
S25845,1,18,2026-06-10,58,19,0.000474018233362,0.0,0.2063415593850411,train,4
S25848,1,22,2026-06-10,40,28,0.0003336575605548,0.0,0.1317553783067949,train,4
S25849,1,23,2026-06-10,51,20,0.0003475931513239,0.0,0.1090364558505644,train,4
S25851,1,22,2026-06-10,18,22,0.0004069562357245,0.0,0.1058630289072196,train,4
S25852,1,20,2026-06-10,57,27,0.0003692985349626,0.0,0.1428319261417933,train,4
S25853,1,23,2026-06-10,56,28,0.0004726623702629,0.0,0.1112667107903839,train,4
S25854,1,22,2026-06-10,24,27,0.0002890398374095,0.0,0.1156501598971338,train,4
S25855,1,1,2026-06-10,37,28,0.0002962172689653,0.0,0.1745640843663252,train,4
S25858,1,5,2026-06-10,36,15,0.000467642960076,0.0,0.1075927544269906,train,4
S25860,1,16,2026-06-10,44,14,0.0003742495185563,0.0,0.1574817113374717,train,4
S25861,1,6,2026-06-10,55,28,0.0004689999258578,0.0,0.1390559638654082,train,4
S25863,1,6,2026-06-10,23,19,0.0003467502164611,0.0,0.1057131535358217,train,4
S25864,1,6,2026-06-10,56,28,0.0004984467557181,0.0,0.1561116100090141,train,4
S25865,1,16,2026-06-10,34,26,0.0003573024147048,0.0,0.1336750160258467,train,4
S25867,1,8,2026-06-10,35,20,0.0003698779898615,0.0,0.1367996294996403,train,4
S25999,1,17,2026-06-10,24,21,0.0009753130970257,0.0,0.1275286063814422,train,4
S26202,1,8,2026-06-10,33,13,0.0004940696383523,0.0,0.1923010292424131,train,4
S26204,1,10,2026-06-10,61,27,0.0005714975552966,0.0,0.1409666326340555,train,4
S26207,1,10,2026-06-10,38,17,0.0003956160354524,0.0,0.1080098545403994,train,4
S26208,1,11,2026-06-10,60,25,0.0004619101494956,0.0,0.1386616286523312,train,4
S26210,1,8,2026-06-10,51,21,0.0005219702228472,0.0,0.1505137861036534,train,4
S26211,1,13,2026-06-10,33,22,0.0003812047705763,0.0,0.1531341242474297,train,4
S26215,1,16,2026-06-10,43,26,0.0005695980839686,0.0,0.1243335222818629,train,4
S26216,1,6,2026-06-10,62,26,0.0011584021403585,0.0,0.1359012472483418,train,4
S26217,1,6,2026-06-10,53,22,0.0006490878039433,0.0,0.0981512559839656,train,4
S26218,1,4,2026-06-10,18,26,0.0005817479278748,0.0,0.1195932464189634,train,4
S26219,1,4,2026-06-10,19,16,0.0003174006029513,0.0,0.1502674945871623,train,4
S26220,1,2,2026-06-10,18,18,0.0013012661563893,0.0,0.1849093765566667,train,4
S26222,1,25,2026-06-10,57,20,0.000722007726824,0.0,0.1537180037690802,train,4
S26223,1,25,2026-06-10,54,15,0.000514291900284,0.0,0.1874927420506155,train,4
S26224,1,24,2026-06-10,36,16,0.0003536176480568,0.0,0.1624638693339023,train,4
S26225,1,17,2026-06-10,44,28,0.0005779189559565,0.0,0.1760927508994964,train,4
S26242,1,18,2026-06-10,28,24,0.000415753845534,0.0,0.1263470755029642,train,4
S26243,1,25,2026-06-10,42,13,0.0004424709197725,0.0,0.1381068464649229,train,4
S26245,1,24,2026-06-10,29,30,0.0005712009846909,0.0,0.2035208725496999,train,4
S26246,1,20,2026-06-10,31,24,0.0004256743239471,0.0,0.1515999724180199,train,4
S26345,1,19,2026-06-10,46,21,0.0003264063154316,0.0,0.0931181220474519,train,4
S26348,1,19,2026-06-10,41,29,0.0002783966036103,0.0,0.1087112334530749,train,4
S26350,1,25,2026-06-10,65,24,0.0007614031896941,0.0091276400367309,0.19319896742009,train,4
S26351,1,24,2026-06-10,32,16,0.0004318631896291,0.0,0.1223389345145261,train,4
S26352,1,23,2026-06-10,35,28,0.0002763235015496,0.0,0.0655089821318801,train,4
S26354,1,1,2026-06-10,50,13,0.0002879580154559,0.0,0.175622122852291,train,4
S26356,1,14,2026-06-10,46,17,0.0002935089682522,0.0,0.1277645448196407,train,4
S26357,1,6,2026-06-10,37,17,0.0002636425553691,0.0,0.0793427445619878,train,4
S26358,1,16,2026-06-10,21,18,0.0004783378179247,0.0,0.0989467686439466,train,4
S26360,1,10,2026-06-10,38,16,0.0002923554009827,0.0,0.1084743497231677,train,4
S26361,1,8,2026-06-10,34,17,0.0002602707252745,0.0,0.1837678067131584,train,4
S26596,1,4,2026-06-10,55,30,0.0032219522673246,0.0,0.3493014052106873,train,4
S26603,1,2,2026-06-10,50,22,0.0004829257442906,0.0012018155394507,0.1271695183807094,train,4
S26604,1,14,2026-06-10,51,15,0.0003475343494331,0.0,0.1425474456975898,train,4
S26979,1,17,2026-06-10,41,25,0.0008567692785413,0.0,0.1288279655708594,train,4
S27164,1,18,2026-06-10,60,28,0.0029160906192663,0.0037837837837837,0.3865057122035253,train,4
S27165,1,24,2026-06-10,35,32,0.0032689238783888,0.0100137008381689,0.3608624056477771,train,4
S27166,1,17,2026-06-10,15,26,0.0028644361295346,0.0084586077700542,0.3207820196981653,train,4
S27167,1,2,2026-06-10,39,32,0.0033049195954774,0.0063389299580125,0.3815186226867877,train,4
S27168,1,2,2026-06-10,30,31,0.0031326696348396,0.00762129669386,0.3824412465725237,train,4
S27169,1,22,2026-06-10,45,32,0.0032055491794473,0.0050752609113003,0.4301815667953497,train,4
S27285,1,23,2026-06-10,42,14,0.0005687196627551,0.0,0.1108541797906236,train,4
S27286,1,25,2026-06-10,40,16,0.0003443872973651,0.0,0.1443167587586584,train,4
S27290,1,19,2026-06-10,18,20,0.00027830309343,0.0,0.1536692812972551,train,4
S27311,1,22,2026-06-10,42,19,0.0003246858088718,0.0,0.1275179964210364,train,4
S27315,1,8,2026-06-10,45,15,0.0003334230915647,0.0,0.1834136157357268,train,4
S27316,1,24,2026-06-10,47,20,0.0003821191339763,0.0,0.1074294028623939,train,4
S27552,1,2,2026-06-10,53,21,0.0015992881193537,0.0,0.1660994326945414,train,4
S27555,1,20,2026-06-10,54,20,0.00042132352026,0.0,0.1403562359033026,train,4
S27557,1,19,2026-06-10,40,30,0.0002939764763175,0.0,0.1319411265648886,train,4
S27559,1,18,2026-06-10,52,30,0.0007891629671058,0.0,0.2027416143133872,train,4
S27564,1,25,2026-06-10,25,28,0.0005443368970825,0.0,0.1689575359141173,train,4
S27565,1,2,2026-06-10,31,19,0.0006653345361202,0.0,0.1771444743562986,train,4
S27566,1,4,2026-06-10,49,25,0.0004340077849792,0.0,0.150114368301962,train,4
S27567,1,5,2026-06-10,49,30,0.0004173839754175,0.0,0.1628778038994769,train,4
S27568,1,1,2026-06-10,18,20,0.0007236257527251,0.0,0.1572759700134832,train,4
S27571,1,5,2026-06-10,27,24,0.0003176933214885,0.0,0.0926957799672251,train,4
S27573,1,6,2026-06-10,47,18,0.000398232193461,0.0,0.0729372243577991,train,4
S27574,1,7,2026-06-10,57,23,0.0004880754390707,0.0,0.1908232352608524,train,4
S27575,1,2,2026-06-10,33,28,0.0003833064597273,0.0,0.1577578964088309,train,4
S27576,1,5,2026-06-10,62,20,0.0004693548090573,0.0,0.1276261380439399,train,4
S27577,1,10,2026-06-10,33,13,0.0004187081165674,0.0,0.1244309568795992,train,4
S27578,1,12,2026-06-10,57,22,0.0004686948931692,0.0,0.2160852088330777,train,4
S27579,1,10,2026-06-10,30,14,0.0005566039977174,0.0,0.1256287193815658,train,4
S27580,1,8,2026-06-10,33,17,0.0004469239802617,0.0,0.1616381456005196,train,4
S27634,1,17,2026-06-10,32,28,0.0006543497643257,0.0,0.189873197242241,train,4
S27857,1,6,2026-06-10,22,30,0.0036200203521938,0.0,0.2874778120448041,train,4
S27858,1,5,2026-06-10,27,12,0.0037151097098121,0.0,0.4007145353847837,train,4
S27861,1,18,2026-06-10,54,30,0.0029894649552374,0.0,0.3463378992878724,train,4
S28182,1,23,2026-06-10,26,18,0.0003365930441279,0.0,0.1323500844726993,train,4
S28183,1,24,2026-06-10,27,20,0.0004282947333155,0.0,0.1348156069228135,train,4
S28185,1,2,2026-06-10,54,21,0.0015303339831619,0.0,0.1734689421005684,train,4
S28186,1,6,2026-06-10,47,15,0.000289947309708,0.0,0.1556775585829772,train,4
S28187,1,7,2026-06-10,33,31,0.0012035244010283,0.0,0.2326759458204952,train,4
S28188,1,5,2026-06-10,36,12,0.0005948004531887,0.0,0.1884346286835061,train,4
S28190,1,1,2026-06-10,55,15,0.0004474158086825,0.0,0.1155941418725719,train,4
S28191,1,12,2026-06-10,61,17,0.0010123384424635,0.0,0.2158423739679397,train,4
S28192,1,8,2026-06-10,44,18,0.0003778775311147,0.0,0.12772902770534,train,4
S28215,1,8,2026-06-10,31,25,0.0004345026012538,0.0,0.1629904087060984,train,4
S28216,1,10,2026-06-10,31,18,0.0002851868848811,0.0,0.1208443125766393,train,4
S28217,1,12,2026-06-10,39,15,0.0005124565710308,0.0,0.1758123804893444,train,4
S28218,1,12,2026-06-10,30,13,0.0004298841341861,0.0,0.257237612432881,train,4
S28220,1,12,2026-06-10,40,19,0.0005951904111582,0.0,0.2005717195883403,train,4
S28221,1,8,2026-06-10,40,19,0.000477297986173,0.0,0.13805242044158,train,4
S28222,1,12,2026-06-10,40,24,0.0004675018186028,0.0,0.1868788199288809,train,4
S28224,1,14,2026-06-10,37,27,0.0003420180982091,0.0,0.0942207611287229,train,4
S28226,1,6,2026-06-10,16,19,0.000966594872057,0.0,0.1381775081853163,train,4
S28228,1,7,2026-06-10,56,26,0.0006988531776873,0.0,0.1455608966698322,train,4
S28229,1,6,2026-06-10,31,15,0.000261090784389,0.0,0.1249469204638088,train,4
S28230,1,5,2026-06-10,36,21,0.0004137959398813,0.0,0.1039684506570929,train,4
S28231,1,5,2026-06-10,30,19,0.000447300964214,0.0,0.1093417987300114,train,4
S28232,1,22,2026-06-10,50,13,0.000363249863013,0.0,0.1269414528888321,train,4
S28240,1,17,2026-06-10,18,23,0.0016674588889762,0.0,0.1594482556047524,train,4
S28241,1,17,2026-06-10,46,30,0.0005853649640553,0.0,0.2039820666610413,train,4
S28314,1,24,2026-06-10,50,13,0.0006055975969994,0.0,0.2018447578302729,train,4
S28315,1,25,2026-06-10,50,15,0.0006579226790097,0.0,0.1287003583077427,train,4
S28316,1,18,2026-06-10,47,18,0.0004048987320152,0.0,0.1155685297789852,train,4
S28320,1,18,2026-06-10,46,12,0.0007138975964097,0.0,0.216570083397129,train,4
S28533,1,17,2026-06-10,46,29,0.0006626574567232,0.0,0.2360530572021865,train,4
S28574,1,23,2026-06-10,59,19,0.0004803383103307,0.0,0.1575306752733101,train,4
S28610,1,1,2026-06-10,60,24,0.0002778650293677,0.0,0.1664990520411158,train,4
S28611,1,14,2026-06-10,65,20,0.0003958224789187,0.0,0.1838388942172574,train,4
S28612,1,7,2026-06-10,45,27,0.0004920103177523,0.0,0.1597642541974558,train,4
S28613,1,5,2026-06-10,40,23,0.0003960744764296,0.0,0.0925789039520655,train,4
S28614,1,6,2026-06-10,38,15,0.0003269513224065,0.0,0.1276363884913929,train,4
S28615,1,5,2026-06-10,58,26,0.0004518666383257,0.0,0.1560461369659895,train,4
S28616,1,2,2026-06-10,25,28,0.0021793936685424,0.0,0.1784190353758085,train,4
S28618,1,22,2026-06-10,57,21,0.0003418300037707,0.0,0.1877306773982036,train,4
S28872,1,13,2026-06-10,23,20,0.0009392939827506,0.0,0.2013220603479368,train,4
S28873,1,10,2026-06-10,36,30,0.0003220146309509,0.0,0.1073680574719006,train,4
S28876,1,5,2026-06-10,22,25,0.0006224843439921,0.0,0.1243545260402394,train,4
S29057,1,14,2026-06-10,26,20,0.0003806800945315,0.0,0.1401669686956525,train,4
S29059,1,11,2026-06-10,57,27,0.0003925158168334,0.0,0.1284706776728722,train,4
S29063,1,24,2026-06-10,20,22,0.0004874303893045,0.0,0.1321077934416407,train,4
S29064,1,2,2026-06-10,45,12,0.001293705554128,0.0,0.1811422408105136,train,4
S29067,1,22,2026-06-10,44,27,0.0002572658766195,0.0,0.1016144177541251,train,4
S29244,1,8,2026-06-10,30,31,0.003376219720977,0.007033085217785,0.3537034508297466,train,4
S29269,1,17,2026-06-10,48,24,0.0005834382358839,0.0044815653918551,0.1405393538834485,train,4
S29331,1,25,2026-06-10,34,14,0.0006852169211554,0.0,0.1717444669045616,train,4
S29332,1,20,2026-06-10,25,14,0.0004390847578448,0.0,0.1479526207256588,train,4
S29373,1,1,2026-06-10,16,26,0.003508525706323,0.0,0.3710251083224857,train,4
S29535,1,13,2026-06-10,62,24,0.0008133728885583,0.0,0.1583511799752915,train,4
S29536,1,13,2026-06-10,37,31,0.0006879370300415,0.0,0.1851777631868578,train,4
S29539,1,13,2026-06-10,52,29,0.0005659466374552,0.0,0.2287194482932425,train,4
S29540,1,13,2026-06-10,25,14,0.0024744508846405,0.0,0.2593085388381218,train,4
S29541,1,12,2026-06-10,36,18,0.000386071361905,0.0,0.1785549470499086,train,4
S29546,1,2,2026-06-10,47,19,0.0005327493148866,0.0,0.146318418162699,train,4
S29547,1,4,2026-06-10,36,18,0.0002479374983011,0.0,0.0922034205882848,train,4
S29548,1,4,2026-06-10,25,23,0.0003400418107367,0.0,0.07512128923527,train,4
S29549,1,23,2026-06-10,13,22,0.0003115709662788,0.0,0.0870742990079026,train,4
S29556,1,17,2026-06-10,50,23,0.0005191590845583,0.0,0.1599740137599319,train,4
S29757,1,17,2026-06-10,48,28,0.0007963927965696,0.0,0.2144390378534805,train,4
S29862,1,12,2026-06-10,54,20,0.0008517080540047,0.0,0.1879428042062786,train,4
S29863,1,13,2026-06-10,38,18,0.0007033387873764,0.0,0.1294563075236056,train,4
S30144,1,19,2026-06-10,32,23,0.0002397383903769,0.0,0.0992316054665561,train,4
S30145,1,19,2026-06-10,40,23,0.0002707049047336,0.0,0.120880889098258,train,4
S30147,1,17,2026-06-10,21,15,0.0006216179070676,0.0,0.202937547249281,train,4
S30149,1,23,2026-06-10,33,12,0.0003309450368825,0.0,0.118918911179881,train,4
S30150,1,23,2026-06-10,39,19,0.0002907014857739,0.0,0.1411706481361047,train,4
S30151,1,22,2026-06-10,23,18,0.0004318116997182,0.0,0.1528249789243205,train,4
S30152,1,22,2026-06-10,49,30,0.000507243598639,0.0,0.1112229550638221,train,4
S30153,1,24,2026-06-10,37,22,0.0005945338579812,0.0,0.0951792678576782,train,4
S30155,1,5,2026-06-10,50,26,0.0002873082956074,0.0,0.1300932108605975,train,4
S30156,1,2,2026-06-10,51,23,0.000611722660651,0.0,0.121545174890592,train,4
S30158,1,1,2026-06-10,23,17,0.000389259307739,0.0,0.1150643113762357,train,4
S30160,1,6,2026-06-10,45,17,0.0003452056812617,0.0,0.0782006442480271,train,4
S30161,1,1,2026-06-10,21,26,0.0007217004455574,0.0,0.1634802273346519,train,4
S30162,1,6,2026-06-10,37,16,0.0002723273062883,0.0,0.0919934605479446,train,4
S30163,1,5,2026-06-10,26,17,0.0003822090264985,0.0,0.1216773937228377,train,4
S30164,1,5,2026-06-10,24,18,0.0006232650769074,0.0,0.1403570127452122,train,4
S30165,1,16,2026-06-10,47,20,0.0003663888914926,0.0,0.0895672082019178,train,4
S30166,1,12,2026-06-10,33,26,0.0004044609325067,0.0,0.1287439544259561,train,4
S30167,1,10,2026-06-10,26,23,0.0003684903271439,0.0,0.1462718041895875,train,4
S30170,1,11,2026-06-10,47,17,0.0003653844624422,0.0,0.1265057932593067,train,4
S30172,1,10,2026-06-10,18,25,0.0006156074725121,0.0,0.0795249684261221,train,4
S30174,1,1,2026-06-10,40,16,0.0003290828029752,0.0,0.1340977495354015,train,4
S30189,1,4,2026-06-10,55,18,0.0003119556905044,0.0,0.1000529884312984,train,4
S30190,1,25,2026-06-10,39,29,0.0004654685861609,0.0008367721807764,0.1720646849353391,train,4
S30258,1,17,2026-06-10,22,29,0.0033557465864057,0.0,0.4008599166667613,train,4
S30964,1,14,2026-06-10,18,20,0.0004226211223323,0.0,0.1460698903128908,train,4
S30967,1,19,2026-06-10,45,18,0.0002983382691933,0.0,0.0977139261419722,train,4
S30969,1,18,2026-06-10,37,26,0.00037385232237,0.0,0.1822423416443895,train,4
S30970,1,23,2026-06-10,31,26,0.000293950678359,0.0,0.0712084787200191,train,4
S30971,1,22,2026-06-10,27,18,0.000314168384759,0.0,0.0878003146767426,train,4
S30972,1,20,2026-06-10,37,12,0.00056311578377,0.0,0.1643228316041504,train,4
S30973,1,25,2026-06-10,26,17,0.0004963705602404,0.0,0.1379383981341764,train,4
S30974,1,23,2026-06-10,28,13,0.0003108473302634,0.0,0.1458714809315695,train,4
S30977,1,20,2026-06-10,38,25,0.000467401852761,0.0,0.1083770622690881,train,4
S30978,1,5,2026-06-10,51,27,0.0003246555468851,0.0,0.1217731995102539,train,4
S30980,1,2,2026-06-10,18,19,0.0013438826615624,0.0,0.1358475906055631,train,4
S30981,1,4,2026-06-10,27,16,0.0004169336936394,0.0,0.1112289981959297,train,4
S30982,1,2,2026-06-10,44,19,0.0013983274191427,0.0,0.1217159758583392,train,4
S30987,1,16,2026-06-10,23,29,0.0004058292939568,0.0,0.1177059476273165,train,4
S30988,1,16,2026-06-10,50,25,0.0002943581858442,0.0,0.0877571781700942,train,4
S30990,1,11,2026-06-10,13,22,0.0003827895813496,0.0,0.1345241803161354,train,4
S30991,1,11,2026-06-10,62,22,0.0004559128031462,0.0,0.13802247630783,train,4
S31339,1,8,2026-06-10,52,15,0.0004859160558213,0.0,0.1542647751479718,train,4
S31343,1,12,2026-06-10,24,16,0.0006146452039925,0.0,0.2165015152680093,train,4
S31344,1,13,2026-06-10,41,27,0.0006417715925874,0.0,0.1647501806402263,train,4
S31345,1,11,2026-06-10,61,25,0.0004708338273853,0.0,0.1233813087621391,train,4
S31348,1,11,2026-06-10,56,20,0.0004344496717348,0.0,0.1523911528041261,train,4
S31351,1,13,2026-06-10,15,22,0.0004810149150499,0.0,0.237116806013187,train,4
S31352,1,16,2026-06-10,32,21,0.0003855772840839,0.0,0.0715116212408645,train,4
S31353,1,12,2026-06-10,35,18,0.0005565024377121,0.0,0.1629125510973307,train,4
S31354,1,24,2026-06-10,20,19,0.0006215945881217,0.0,0.127592931109956,train,4
S31355,1,4,2026-06-10,46,30,0.0004545336925522,0.0,0.1468417736439772,train,4
S31356,1,24,2026-06-10,34,13,0.0005094359036804,0.0,0.1824047279247927,train,4
S31361,1,17,2026-06-10,49,20,0.0008370080703309,0.0,0.1424203890043024,train,4
S31606,1,17,2026-06-10,18,15,0.0033309229404709,0.0,0.3739495029240363,train,4
S31607,1,6,2026-06-10,53,13,0.003714181027573,0.0064809743629867,0.3221629992727138,train,4
S31611,1,18,2026-06-10,54,13,0.0029488327917162,0.0048512889591691,0.348385653596015,train,4
S31659,1,19,2026-06-10,43,25,0.0003028983286808,0.0,0.118769864994301,train,4
S31663,1,20,2026-06-10,44,18,0.0006108055916421,0.0,0.1653291714931655,train,4
S31664,1,18,2026-06-10,36,17,0.0005251464578312,0.0,0.1360033825321117,train,4
S31775,1,18,2026-06-10,26,14,0.0005836133805209,0.0,0.1390891783347106,train,4
S32154,1,23,2026-06-10,58,29,0.0030762314094576,0.004435222988198,0.3223094834132119,train,4
S32156,1,16,2026-06-10,45,32,0.0035264776443689,0.0,0.3706893745083455,train,4
S32157,1,13,2026-06-10,51,31,0.0026722499640095,0.0,0.3769377848329298,train,4
S32158,1,13,2026-06-10,57,14,0.0032290798037919,0.0,0.3902919978993973,train,4
S32226,1,19,2026-06-10,24,27,0.0002639701939183,0.0,0.105360545593431,train,4
S32227,1,18,2026-06-10,28,13,0.0004277587101808,0.0,0.1631570435270742,train,4
S32397,1,25,2026-06-10,56,23,0.0003309176059928,0.0,0.1240535351061527,train,4
S32398,1,24,2026-06-10,17,25,0.0007858536928661,0.0,0.2033307714159589,train,4
S32399,1,8,2026-06-10,41,28,0.0004567765001555,0.0,0.1292988806278416,train,4
S32400,1,10,2026-06-10,48,25,0.0007759448119728,0.0,0.1231564550189729,train,4
S32401,1,10,2026-06-10,20,24,0.0004471545370204,0.0,0.097472457728308,train,4
S32402,1,25,2026-06-10,21,22,0.0004263002647747,0.0,0.1424148491347604,train,4
S32403,1,11,2026-06-10,37,23,0.0003911083817514,0.0,0.1712152569593718,train,4
S32404,1,5,2026-06-10,15,18,0.0004483299699844,0.0,0.2055771428332702,train,4
S32405,1,14,2026-06-10,42,15,0.0003616244287974,0.0,0.0934640828981265,train,4
S32406,1,7,2026-06-10,57,26,0.0006006152242271,0.0,0.1494185016445997,train,4
S32407,1,5,2026-06-10,33,14,0.0004309849434141,0.0,0.1233835178442394,train,4
S32410,1,4,2026-06-10,40,31,0.0006212922482301,0.0,0.1685282192336419,train,4
S32411,1,22,2026-06-10,27,29,0.0004226994594802,0.0,0.1270418356949995,train,4
S32412,1,22,2026-06-10,17,18,0.0003245181897962,0.0,0.1036728244805579,train,4
S32415,1,20,2026-06-10,58,22,0.0006590917981606,0.0,0.1404702748577397,train,4
S32835,1,5,2026-06-10,58,29,0.0034480389876404,0.0,0.3475646322510843,train,4
S33006,1,2,2026-06-10,32,22,0.0015769607582073,0.0,0.1294938375289068,train,4
S33007,1,13,2026-06-10,47,20,0.0005117223452533,0.0,0.1231205127677815,train,4
S33008,1,12,2026-06-10,49,23,0.0004270352943551,0.0051638509652349,0.1972864839361384,train,4
S33010,1,19,2026-06-10,46,15,0.0002710720258769,0.0,0.1464734271029376,train,4
S33014,1,18,2026-06-10,64,25,0.0012013359477229,0.0051832384289677,0.2110192202123489,train,4
S33015,1,19,2026-06-10,43,24,0.0002208500216209,0.0,0.1396929930965766,train,4
S33017,1,2,2026-06-10,21,16,0.0004655684142815,0.0051705393694438,0.142356248182954,train,4
S33019,1,1,2026-06-10,25,20,0.0002672952695173,0.0,0.1473960866492231,train,4
S33020,1,2,2026-06-10,25,29,0.0018029048442137,0.0,0.1430563804552352,train,4
S33021,1,1,2026-06-10,21,25,0.0004719169374787,0.0,0.1482837010115291,train,4
S33026,1,14,2026-06-10,25,24,0.0003821642816875,0.0,0.1551428021799812,train,4
S33086,1,5,2026-06-10,44,31,0.0005695499411241,0.0,0.1573609135776353,train,4
S33473,1,23,2026-06-10,62,16,0.0035490228906872,0.0,0.3586331777944271,train,4
S33556,1,16,2026-06-10,40,29,0.0003779534454356,0.0,0.1270721870934536,train,4
S33671,1,25,2026-06-10,49,18,0.0004242444779464,0.0,0.1823879366184982,train,4
S33672,1,20,2026-06-10,19,19,0.0002873131797864,0.0,0.1268505346746481,train,4
S33770,1,2,2026-06-10,25,24,0.000465550823166,0.0,0.1664779557233452,train,4
S33771,1,10,2026-06-10,63,24,0.0008065950217804,0.0,0.1325427262708623,train,4
S33772,1,16,2026-06-10,34,27,0.0002916023107032,0.0,0.0937444865808932,train,4
S33773,1,8,2026-06-10,46,29,0.000463866763472,0.0,0.1516702510651509,train,4
S33774,1,14,2026-06-10,37,17,0.0002926574926336,0.0,0.1070770712945618,train,4
S33775,1,6,2026-06-10,54,17,0.000264906309219,0.0,0.1137107833943544,train,4
S33777,1,7,2026-06-10,31,15,0.0004193776931767,0.0,0.2163446003556558,train,4
S33778,1,1,2026-06-10,37,26,0.0003100201791985,0.0,0.133898406754946,train,4
S33779,1,20,2026-06-10,29,14,0.0004125367043065,0.0,0.1332914205761293,train,4
S33780,1,25,2026-06-10,61,17,0.000950341436908,0.0,0.2059645950774447,train,4
S33843,1,14,2026-06-10,49,12,0.003789115621849,0.0,0.2749812224985461,train,4
S33917,1,17,2026-06-10,34,15,0.0005861783943709,0.0,0.1857954789546854,train,4
S33918,1,19,2026-06-10,46,26,0.0003499233138189,0.0,0.1171788109183076,train,4
S33921,1,19,2026-06-10,39,20,0.000253697057589,0.0,0.131242036317636,train,4
S33922,1,19,2026-06-10,23,16,0.0004955746480266,0.0,0.1254638116270063,train,4
S33923,1,18,2026-06-10,13,23,0.0008938749395208,0.0,0.2082271290820578,train,4
S33924,1,20,2026-06-10,47,16,0.0003211296117074,0.0046725237739325,0.1266997340434568,train,4
S34419,1,18,2026-06-10,52,24,0.0004553190742478,0.0,0.1635708786194095,train,4
S34421,1,19,2026-06-10,43,20,0.0002571700146202,0.0,0.1272261803102183,train,4
S34423,1,19,2026-06-10,40,12,0.000337807258851,0.0,0.1498855952542462,train,4
S34485,1,17,2026-06-10,46,31,0.0008852757152112,0.0,0.277217323290212,train,4
S34486,1,22,2026-06-10,25,13,0.0038713902436374,0.0,0.3543425293478732,train,4
S34487,1,6,2026-06-10,16,16,0.003436752551516,0.0,0.3957924270258639,train,4
S34603,1,22,2026-06-10,22,26,0.0003708614125754,0.0,0.129509949880253,train,4
S34604,1,25,2026-06-10,19,25,0.0004703191603157,0.0,0.1397585295978328,train,4
S34605,1,23,2026-06-10,45,31,0.0003076693712144,0.0,0.1128869497057585,train,4
S34606,1,1,2026-06-10,18,16,0.0007098430712992,0.0,0.1667498900139898,train,4
S34608,1,4,2026-06-10,35,16,0.0002620292659971,0.0,0.1023647828922758,train,4
S34609,1,5,2026-06-10,34,27,0.0003738236988873,0.0,0.1357542235970079,train,4
S34612,1,5,2026-06-10,45,15,0.0004852927933091,0.0,0.125699018001934,train,4
S34614,1,16,2026-06-10,16,21,0.0002827763784044,0.0,0.0925512962835837,train,4
S34616,1,8,2026-06-10,34,22,0.0004287626661274,0.0,0.1667134842170781,train,4
S34743,1,17,2026-06-10,34,23,0.0008744678356532,0.0,0.1469687823739046,train,4
S34859,1,10,2026-06-10,34,27,0.0003644039771647,0.0,0.1149505874259601,train,4
S34862,1,10,2026-06-10,51,27,0.0003749268544809,0.0,0.1068861815394376,train,4
S34865,1,10,2026-06-10,21,17,0.0002881838560305,0.0,0.1482873581788067,train,4
S34867,1,12,2026-06-10,30,30,0.0008957883601546,0.0,0.3020192345306998,train,4
S34871,1,14,2026-06-10,28,17,0.0003403221835021,0.0,0.1151854827399106,train,4
S34872,1,14,2026-06-10,35,16,0.0004446482497414,0.0,0.1185879026318688,train,4
S34873,1,14,2026-06-10,31,14,0.0003090742690251,0.0,0.097609998470212,train,4
S34875,1,14,2026-06-10,17,20,0.0003359338778808,0.0,0.1432660558109337,train,4
S34876,1,16,2026-06-10,44,16,0.0003852990802405,0.0,0.1054050780901082,train,4
S34877,1,16,2026-06-10,32,19,0.0003145508616928,0.0,0.0939458122947205,train,4
S34879,1,6,2026-06-10,52,14,0.0002645479215251,0.0,0.1415500360531999,train,4
S34880,1,7,2026-06-10,21,18,0.0007027699126681,0.0,0.2641236287378121,train,4
S34881,1,6,2026-06-10,18,23,0.0003784546392476,0.0,0.092735082081604,train,4
S34882,1,5,2026-06-10,16,21,0.0005009009809203,0.0,0.1638679663182718,train,4
S34883,1,6,2026-06-10,48,25,0.0007690541105003,0.0,0.1223533704322011,train,4
S34886,1,7,2026-06-10,24,15,0.0011960031338803,0.0,0.1916621596528901,train,4
S34888,1,6,2026-06-10,53,24,0.0004619056038452,0.0,0.091778327895133,train,4
S34889,1,2,2026-06-10,28,21,0.0011705926380771,0.0,0.1414172823739758,train,4
S34890,1,2,2026-06-10,42,18,0.0004109109847879,0.0,0.1237317963987185,train,4
S34895,1,20,2026-06-10,52,22,0.0004682258382307,0.0,0.1396838502047698,train,4
S34896,1,24,2026-06-10,42,15,0.0003422658768591,0.0,0.1029992183426297,train,4
S34897,1,22,2026-06-10,60,27,0.0003129104944687,0.0148846960167714,0.1808512275195065,train,4
S34988,1,25,2026-06-10,41,19,0.0005630674778211,0.0,0.1099021973143071,train,4
S34990,1,20,2026-06-10,61,26,0.0004079639683129,0.0,0.1605177836838282,train,4
S35527,1,22,2026-06-10,49,16,0.0003400833748278,0.0,0.1102701044830814,train,4
S35528,1,22,2026-06-10,35,18,0.000275912516716,0.0,0.0790808565919211,train,4
S35529,1,1,2026-06-10,42,27,0.000358526206737,0.0,0.1649579898799831,train,4
S35530,1,16,2026-06-10,26,26,0.0004166091986339,0.0,0.0769333865356756,train,4
S35531,1,7,2026-06-10,47,29,0.0005675692310791,0.0,0.2452356067013801,train,4
S35532,1,14,2026-06-10,40,24,0.0002855969922193,0.0,0.0871390229332028,train,4
S35533,1,11,2026-06-10,44,12,0.0002855805975179,0.0,0.1684532492021428,train,4
S35534,1,1,2026-06-10,54,28,0.0003062442279249,0.0,0.1356052454448744,train,4
S35535,1,10,2026-06-10,63,22,0.0005639886894646,0.0,0.1250056201056248,train,4
S35536,1,13,2026-06-10,58,21,0.0005275896224558,0.0,0.1406698042890004,train,4
S36008,1,4,2026-06-10,29,12,0.0036682590572061,0.0,0.3283433903612884,train,4
S36010,1,20,2026-06-10,15,17,0.0036314967620013,0.0020155812133231,0.3826048313196184,train,4
S36018,1,8,2026-06-10,55,19,0.0003778290507073,0.0,0.1657250780790895,train,4
S36019,1,12,2026-06-10,33,25,0.0003367581601447,0.0,0.1776716420401692,train,4
S36020,1,11,2026-06-10,22,24,0.000397139579534,0.0,0.1465359851910053,train,4
S36022,1,4,2026-06-10,52,15,0.0003413839942336,0.0,0.1161073858205073,train,4
S36023,1,24,2026-06-10,59,26,0.0007507729745766,0.0,0.1465189356983102,train,4
S36024,1,4,2026-06-10,46,24,0.0003256750254765,0.0,0.1407297540715336,train,4
S36050,1,22,2026-06-10,45,22,0.0002949018236193,0.0,0.1227781802443739,train,4
S36052,1,19,2026-06-10,23,25,0.0002652588406079,0.0,0.1239000173674758,train,4
S36054,1,11,2026-06-10,57,16,0.0004068195257548,0.0,0.1127631573282296,train,4
S36117,1,5,2026-06-10,28,20,0.0004580732329356,0.0,0.0987757884036792,train,4
S36119,1,16,2026-06-10,21,22,0.0003753149640582,0.0,0.1199935373996221,train,4
S36121,1,11,2026-06-10,24,15,0.0004730591499655,0.0,0.1670204800268731,train,4
S36122,1,8,2026-06-10,28,15,0.0002717502201378,0.0,0.1900771552388896,train,4
S36123,1,23,2026-06-10,46,14,0.0003738966693676,0.0,0.1027198367774963,train,4
S36247,1,1,2026-06-10,37,11,0.0035417068371692,0.0,0.4149900018617936,train,4
S36279,1,25,2026-06-10,14,18,0.0015574545479377,0.0,0.4486021719880184,train,4
S36382,1,1,2026-06-10,20,27,0.0003228119347196,0.0,0.1322525320326037,train,4
S36385,1,19,2026-06-10,32,27,0.0002948038482461,0.0,0.1089658730795122,train,4
S36388,1,18,2026-06-10,60,25,0.0012015122012891,0.0,0.1725881970962334,train,4
S36389,1,23,2026-06-10,58,25,0.0004477450187171,0.0,0.1421725167029169,train,4
S36390,1,23,2026-06-10,30,23,0.0003489502449294,0.0,0.1194325959201232,train,4
S36391,1,20,2026-06-10,39,29,0.0004141653557058,0.0,0.179225070979088,train,4
S36392,1,23,2026-06-10,18,26,0.0003927126888642,0.0,0.1109558196033278,train,4
S36394,1,22,2026-06-10,39,18,0.0002606453616819,0.0,0.0941472947351837,train,4
S36397,1,24,2026-06-10,25,25,0.0006375560214746,0.0,0.1365784135571035,train,4
S36398,1,2,2026-06-10,19,18,0.001197488795802,0.0,0.1296359575400631,train,4
S36399,1,25,2026-06-10,48,29,0.0005073685375624,0.0,0.1805250241305708,train,4
S36403,1,1,2026-06-10,46,15,0.0003469521073167,0.0,0.1668392825959891,train,4
S36405,1,2,2026-06-10,47,30,0.0006053550827654,0.0,0.1353469726228197,train,4
S36408,1,5,2026-06-10,41,18,0.000326439058099,0.0,0.1109883998711119,train,4
S36410,1,7,2026-06-10,40,15,0.0007118788078328,0.0,0.184125588554342,train,4
S36411,1,6,2026-06-10,34,20,0.0003928366895378,0.0,0.1156557782589841,train,4
S36413,1,6,2026-06-10,43,21,0.0002612392512695,0.0,0.1112877833904991,train,4
S36416,1,16,2026-06-10,35,26,0.0003247444489507,0.0,0.1049929455982866,train,4
S36418,1,11,2026-06-10,27,21,0.0004218577105661,0.0,0.1393690577252348,train,4
S36419,1,11,2026-06-10,43,25,0.0004224455935771,0.0,0.1800043691267834,train,4
S36421,1,10,2026-06-10,29,14,0.0002745195233085,0.0047545249301649,0.0751553251133126,train,4
S36422,1,10,2026-06-10,33,15,0.0004032633262134,0.0,0.1272893500603303,train,4
S36425,1,12,2026-06-10,28,19,0.0008756562900365,0.0,0.1791314045156152,train,4
S36428,1,12,2026-06-10,50,28,0.001021818678805,0.0,0.1931228181666703,train,4
S36430,1,14,2026-06-10,38,29,0.000350623080204,0.0,0.1356658673309597,train,4
S36432,1,8,2026-06-10,27,13,0.0005776428162505,0.0,0.1794132368563726,train,4
S36433,1,8,2026-06-10,26,21,0.000330154658241,0.0,0.1784546705140253,train,4
S36434,1,8,2026-06-10,33,22,0.0004770185987272,0.0,0.1336478948068566,train,4
S36435,1,8,2026-06-10,64,24,0.0011361377622604,0.0,0.1764371977694388,train,4
S36436,1,8,2026-06-10,55,25,0.0004336242500771,0.0,0.2640136175188606,train,4
S36439,1,1,2026-06-10,42,19,0.0003199928235331,0.0,0.1604214704221546,train,4
S36881,1,6,2026-06-10,18,28,0.0034277744816011,0.0,0.3585280602917519,train,4
S36886,1,8,2026-06-10,63,17,0.003225903880468,0.0,0.3536685931726094,train,4
S36887,1,20,2026-06-10,45,32,0.0034407984758736,0.0,0.3602687505386758,train,4
S36890,1,17,2026-06-10,37,31,0.0007242491017069,0.0,0.2059753644629891,train,4
S36891,1,17,2026-06-10,56,24,0.0008248981571953,0.0,0.1567318278622771,train,4
S36892,1,17,2026-06-10,13,20,0.0013946280334567,0.0,0.2438434595395697,train,4
S36908,1,24,2026-06-10,31,14,0.0004255026551199,0.0,0.1584624140419854,train,4
S36910,1,23,2026-06-10,52,17,0.0002361363812344,0.0,0.0912027788859559,train,4
S36913,1,18,2026-06-10,32,29,0.0006745068932487,0.0,0.1408767231258845,train,4
S36914,1,19,2026-06-10,36,28,0.000343956015734,0.0,0.1341031924473958,train,4
S36915,1,19,2026-06-10,33,15,0.0002809711541796,0.0,0.1516125617172015,train,4
S37038,1,18,2026-06-10,56,25,0.0007001679561178,0.0,0.1614794276676591,train,4
S37039,1,18,2026-06-10,33,26,0.0003998996534766,0.0,0.1510855996616078,train,4
S37043,1,22,2026-06-10,47,23,0.000331906238006,0.0,0.1179029069493709,train,4
S37045,1,5,2026-06-10,26,27,0.0005416535167692,0.0,0.1865822227161105,train,4
S37047,1,5,2026-06-10,51,19,0.0003865162699622,0.0,0.176976305248694,train,4
S37048,1,12,2026-06-10,34,29,0.0010748995170653,0.0,0.154074187706888,train,4
S37050,1,11,2026-06-10,42,31,0.0003945256723619,0.0,0.1147298536286648,train,4
S37051,1,10,2026-06-10,36,21,0.0006656162164581,0.0,0.0798144539880192,train,4
S37053,1,8,2026-06-10,39,25,0.0003563858949094,0.0,0.1521270653377215,train,4
S37054,1,8,2026-06-10,46,30,0.0005621679614547,0.0,0.196162463408981,train,4
S37055,1,13,2026-06-10,55,18,0.0006587803567633,0.0,0.156961972590868,train,4
S37208,1,1,2026-06-10,47,11,0.0038768462094362,0.0,0.2758703517932248,train,4
S37389,1,12,2026-06-10,29,14,0.0004723847950649,0.0,0.1619658548907297,train,4
S37390,1,16,2026-06-10,35,23,0.0003486479607993,0.0,0.0881335332988157,train,4
S37392,1,6,2026-06-10,32,31,0.0007336736073221,0.0,0.1632622807253342,train,4
S37393,1,4,2026-06-10,28,18,0.0002568942663644,0.0,0.0886564625572087,train,4
S37395,1,1,2026-06-10,45,22,0.0004446044294306,0.0,0.1334861260960634,train,4
S37396,1,24,2026-06-10,55,24,0.0003929900914751,0.0,0.140851652164279,train,4
S37398,1,17,2026-06-10,38,27,0.0007989109291928,0.0,0.1766918821850967,train,4
S37413,1,11,2026-06-10,32,20,0.0004250596319698,0.0,0.1526686008666495,train,4
S37827,1,24,2026-06-10,48,12,0.0035925409403767,0.0,0.396420748099663,train,4
S37828,1,25,2026-06-10,53,30,0.0027533527784414,0.0,0.3999750926780223,train,4
S38126,1,7,2026-06-10,16,26,0.0025684179831566,0.0122451996517797,0.4042381615751764,train,4
S38128,1,19,2026-06-10,30,31,0.0033676297264593,0.0141019311417173,0.3531511456784608,train,4
S38129,1,22,2026-06-10,19,28,0.0033853100446301,0.0041279069767441,0.3741292508318374,train,4
S38541,1,16,2026-06-10,46,22,0.000340470388391,0.0,0.1193960873222356,train,4
S38542,1,6,2026-06-10,15,25,0.0010504663966358,0.0,0.1282334304244365,train,4
S38546,1,1,2026-06-10,54,15,0.0003806806411591,0.0,0.138335437525867,train,4
S38561,1,19,2026-06-10,22,26,0.0002877634054425,0.0,0.1688312334095638,train,4
S38563,1,25,2026-06-10,41,12,0.0009826396880534,0.0,0.2064476365400934,train,4
S38567,1,19,2026-06-10,48,28,0.0004065715937045,0.0,0.1136782582349257,train,4
S38568,1,19,2026-06-10,57,18,0.0003212708036325,0.0,0.1000654333919029,train,4
S38935,1,13,2026-06-10,30,24,0.0007173554361709,0.0,0.1270702285128837,train,4
S39002,1,22,2026-06-10,43,16,0.0003445072448588,0.0,0.134177694441011,train,4
S39003,1,24,2026-06-10,37,12,0.0004725214293009,0.0,0.1847235802722783,train,4
S39006,1,2,2026-06-10,42,29,0.0005841611870493,0.0,0.1455561573748817,train,4
S39007,1,16,2026-06-10,28,23,0.0003886574193282,0.0,0.08283416499141,train,4
S39008,1,14,2026-06-10,17,23,0.0003978065797303,0.0,0.1223568818815914,train,4
S39011,1,11,2026-06-10,41,18,0.000410738648465,0.0,0.1275832853645081,train,4
S39012,1,8,2026-06-10,44,16,0.0003596730753151,0.0,0.1406931715958478,train,4
S39013,1,12,2026-06-10,61,23,0.0009255668824248,0.0,0.2332931596000476,train,4
S39015,1,12,2026-06-10,58,25,0.0005904206488803,0.0,0.2480529103573856,train,4
S39016,1,8,2026-06-10,33,23,0.0005461486440799,0.0,0.2025917230756944,train,4
S39018,1,8,2026-06-10,21,27,0.0005449920675192,0.0,0.1848466691475347,train,4
S39019,1,16,2026-06-10,40,17,0.0004319082330895,0.0,0.0887643583661902,train,4
S39020,1,14,2026-06-10,19,17,0.0004509078297048,0.0,0.1240340890098295,train,4
S39094,1,22,2026-06-10,49,21,0.0003937842452962,0.0,0.1152211849343924,train,4
S39377,1,20,2026-06-10,50,25,0.0004749598374632,0.0,0.1321095985519635,train,4
S39378,1,23,2026-06-10,47,15,0.0003550822675311,0.0,0.1317598610510611,train,4
S39379,1,7,2026-06-10,47,26,0.0003914100140908,0.0,0.1598080870591239,train,4
S39380,1,16,2026-06-10,50,14,0.0003019215048534,0.0,0.1167502504643974,train,4
S39382,1,4,2026-06-10,37,12,0.0003102116280442,0.0,0.1202416112057266,train,4
S39385,1,12,2026-06-10,27,19,0.0004234148539346,0.0,0.1587920410493178,train,4
S39561,1,8,2026-06-10,47,27,0.0003917192419281,0.0,0.1885993767839325,train,4
S39562,1,8,2026-06-10,52,14,0.0003469431072471,0.0,0.1467738984336414,train,4
S39563,1,13,2026-06-10,38,24,0.0006378500229909,0.0,0.1102533915933658,train,4
S39566,1,13,2026-06-10,47,13,0.0009880577670227,0.0,0.2485453743377201,train,4
S39567,1,5,2026-06-10,53,28,0.0005775917875811,0.0,0.1571749425362295,train,4
S39570,1,4,2026-06-10,53,14,0.0003464772929648,0.0,0.1156340601337997,train,4
S39571,1,2,2026-06-10,35,15,0.0008178570762392,0.0,0.1545374440117016,train,4
S39572,1,25,2026-06-10,40,27,0.0004994989129525,0.0,0.1291491128178197,train,4
S39577,1,17,2026-06-10,53,19,0.0005026067145745,0.0,0.1348139645645554,train,4
S39596,1,18,2026-06-10,18,16,0.0006827059162993,0.0,0.1999132852294376,train,4
S39597,1,17,2026-06-10,45,14,0.0005178274010334,0.0,0.1392747391193054,train,4
S39599,1,23,2026-06-10,43,20,0.0002767374533343,0.0,0.117195350293665,train,4
S39745,1,12,2026-06-10,14,25,0.0030207149892364,0.0,0.412380571324286,train,4
S39924,1,8,2026-06-10,16,17,0.003488243805545,0.0,0.3715243803661023,train,4
S40563,1,18,2026-06-10,34,23,0.0005209385595923,0.0,0.1622031250167488,train,4
S40564,1,23,2026-06-10,43,22,0.0003335341810807,0.0,0.1286095910440291,train,4
S40881,1,4,2026-06-10,18,28,0.0036255544259506,0.0021094091532228,0.3822866044687236,train,4
S40885,1,16,2026-06-10,55,13,0.0027383701679643,0.0021355402014368,0.3818462455146316,train,4
S40886,1,18,2026-06-10,42,32,0.002478514072398,0.0064404100092005,0.374088945125389,train,4
S40925,1,10,2026-06-10,29,21,0.0003316405866449,0.0,0.0692018103412299,train,4
S40927,1,14,2026-06-10,40,30,0.0004141159182724,0.0,0.1705425230260175,train,4
S40928,1,12,2026-06-10,58,18,0.000514477415723,0.0,0.1983826266927916,train,4
S40929,1,13,2026-06-10,34,21,0.000498146497665,0.0,0.1521158474614412,train,4
S40930,1,6,2026-06-10,52,20,0.0003074039847843,0.0,0.1151659533726435,train,4
S40933,1,2,2026-06-10,35,18,0.0004668251873297,0.0021136883649323,0.0990015431618368,train,4
S40934,1,20,2026-06-10,40,22,0.0003931150690708,0.0,0.1583453198742522,train,4
S41071,1,19,2026-06-10,27,28,0.0003532821301264,0.0,0.1294451699699177,train,4
S41072,1,20,2026-06-10,27,24,0.0004145613372517,0.0,0.1998952794530093,train,4
S41073,1,20,2026-06-10,37,14,0.0007805185552674,0.0,0.1296797438606196,train,4
S41074,1,18,2026-06-10,15,20,0.0007417318150677,0.0,0.1906562917498751,train,4
S41075,1,24,2026-06-10,44,29,0.0004398339045686,0.0,0.1522751889262522,train,4
S41334,1,17,2026-06-10,50,31,0.00269417724571,0.0053765185690022,0.3986109869522889,train,4
S41357,1,10,2026-06-10,60,25,0.0005337447233937,0.0,0.1110940248601032,train,4
S41358,1,10,2026-06-10,33,26,0.0004643734099287,0.0,0.0769660655911668,train,4
S41359,1,13,2026-06-10,58,15,0.0007959187073157,0.0,0.1822443860865022,train,4
S41360,1,10,2026-06-10,46,17,0.0003701236342976,0.0,0.125331583599943,train,4
S41361,1,10,2026-06-10,45,12,0.0006185009104978,0.0,0.1182585533622403,train,4
S41363,1,16,2026-06-10,39,14,0.0003820499148499,0.0,0.1514101682072306,train,4
S41364,1,11,2026-06-10,51,26,0.0004319788274418,0.0,0.1325466720527577,train,4
S41365,1,11,2026-06-10,39,29,0.0012085213305136,0.0,0.1241713818908299,train,4
S41370,1,5,2026-06-10,26,21,0.0003738983065918,0.0,0.0995333915304993,train,4
S41371,1,6,2026-06-10,36,17,0.0002673489314111,0.0,0.0861157250184381,train,4
S41373,1,2,2026-06-10,45,21,0.0019638327281212,0.0,0.1111658016754753,train,4
S41374,1,2,2026-06-10,19,25,0.0008403740124986,0.0082192233908844,0.147511962047392,train,4
S41375,1,22,2026-06-10,31,29,0.0004468731492035,0.0,0.1546324219951138,train,4
S41376,1,25,2026-06-10,40,20,0.0005598734810556,0.0,0.1044389909484609,train,4
S41377,1,4,2026-06-10,28,20,0.0002805574800389,0.0,0.0989113871069631,train,4
S41378,1,4,2026-06-10,34,19,0.000259958505447,0.0,0.0958188018004985,train,4
S41415,1,18,2026-06-10,26,28,0.0005705399840813,0.0,0.2015932586162183,train,4
S41420,1,18,2026-06-10,52,17,0.0004718740133366,0.0,0.1842772259620719,train,4
S41421,1,1,2026-06-10,34,27,0.0002599118892237,0.0,0.1637278548250303,train,4
S41505,1,10,2026-06-10,19,23,0.0004603490610061,0.0,0.1152017100802522,train,4
S41507,1,6,2026-06-10,27,14,0.000741005396031,0.0,0.1967078350341474,train,4
S41509,1,2,2026-06-10,44,12,0.0004729299860815,0.0018011357664974,0.1814090338756081,train,4
S41704,1,22,2026-06-10,63,17,0.0035234616632149,0.0035810141403224,0.4343127980250716,train,4
S41707,1,4,2026-06-10,19,15,0.0024210880573405,0.0035923123071029,0.3205673723747533,train,4
S41708,1,6,2026-06-10,22,14,0.0033208288758288,0.0054404343590248,0.4039125338855946,train,4
S42313,1,19,2026-06-10,54,30,0.003125265531193,0.0166161828916838,0.2706903637104366,train,4
S42314,1,19,2026-06-10,30,12,0.0024144856499234,0.0127121678722337,0.4259141238084162,train,4
S42317,1,12,2026-06-10,17,16,0.0029815574339357,0.0045223094533556,0.4580870677937656,train,4
S42318,1,13,2026-06-10,29,31,0.0034183669150118,0.0,0.3345337688546455,train,4
S42319,1,12,2026-06-10,53,13,0.0031304739707504,0.0342095662887783,0.3631671120471173,train,4
S42320,1,10,2026-06-10,17,16,0.0033634801016422,0.0,0.2695647268316229,train,4
S42324,1,8,2026-06-10,19,28,0.0019425372929408,0.0045444154894161,0.3061161293127254,train,4
S42346,1,16,2026-06-10,14,22,0.0004282159846329,0.0,0.1680253608507432,train,4
S42347,1,7,2026-06-10,58,24,0.0005882191790801,0.0,0.2038092219766947,train,4
S42348,1,1,2026-06-10,26,28,0.0004700812684279,0.0,0.1365299916684209,train,4
S42349,1,24,2026-06-10,51,24,0.0004813315552247,0.0,0.1224710852306308,train,4
S42386,1,23,2026-06-10,19,20,0.0003244731933212,0.0,0.1385094251749196,train,4
S42387,1,23,2026-06-10,37,31,0.000363586272416,0.0,0.1269748465660579,train,4
S42388,1,2,2026-06-10,46,16,0.0006591829480392,0.0,0.1506087551937147,train,4
S42389,1,1,2026-06-10,46,12,0.0003228841559191,0.0,0.1294658235588984,train,4
S42390,1,6,2026-06-10,28,17,0.0002648496919531,0.0,0.1100060115884834,train,4
S42392,1,16,2026-06-10,43,21,0.0003455531297541,0.0,0.0806232095821885,train,4
S42393,1,11,2026-06-10,61,22,0.0004256645465319,0.0,0.1368012033825867,train,4
S42394,1,10,2026-06-10,40,26,0.0003608968402463,0.0,0.107731240949329,train,4
S42396,1,10,2026-06-10,57,26,0.0004751337743032,0.0,0.120169031125809,train,4
S42534,1,7,2026-06-10,45,12,0.0009764629920466,0.0,0.2512669878793283,train,4
S42537,1,14,2026-06-10,30,13,0.0003706176116452,0.0,0.1546901387404103,train,4
S42539,1,24,2026-06-10,47,23,0.0003763871244613,0.0,0.1473582474971669,train,4
S42573,1,23,2026-06-10,47,13,0.0003627020179598,0.0,0.092050672693988,train,4
S42576,1,23,2026-06-10,23,24,0.0002632502362459,0.0,0.1056939555559632,train,4
S42579,1,19,2026-06-10,32,12,0.0003960008281415,0.0,0.1271307145793367,train,4
S42825,1,17,2026-06-10,27,22,0.0012354766431941,0.0,0.13806428684827,train,4
S42894,1,24,2026-06-10,47,31,0.0004160548715292,0.0,0.3666187096227699,train,4
S42965,1,17,2026-06-10,47,15,0.0004891253569747,0.0,0.1817587679882443,train,4
S42967,1,24,2026-06-10,42,13,0.0006139218325741,0.0,0.1572375338258874,train,4
S42968,1,24,2026-06-10,49,22,0.0003432690657094,0.0,0.0999434458689069,train,4
S42970,1,22,2026-06-10,36,27,0.0003277691565648,0.0,0.1669517901328068,train,4
S42974,1,4,2026-06-10,61,16,0.0004275397381466,0.0,0.1773112648187724,train,4
S42975,1,6,2026-06-10,53,14,0.0003200712534744,0.0,0.1337499516123807,train,4
S42976,1,7,2026-06-10,45,18,0.0004288910402655,0.0,0.1354790138402479,train,4
S42978,1,5,2026-06-10,48,23,0.0003863808976257,0.0,0.1228955862559293,train,4
S42979,1,16,2026-06-10,59,21,0.0005875767705274,0.0,0.1393371009543716,train,4
S42982,1,12,2026-06-10,27,23,0.0004846520421674,0.0,0.2143228576634033,train,4
S42983,1,10,2026-06-10,27,15,0.000527052821558,0.0,0.1058952844515996,train,4
S42984,1,11,2026-06-10,55,29,0.0003259272550874,0.0,0.1324896445002074,train,4
S42988,1,13,2026-06-10,26,23,0.0008499200991091,0.0,0.1490113033623079,train,4
S43030,1,24,2026-06-10,47,24,0.000602853911701,0.0,0.1229538268889274,train,4
S43677,1,12,2026-06-10,28,12,0.0027753946552803,0.0127771581353773,0.3260739891284736,train,4
S43679,1,24,2026-06-10,21,14,0.0033677378232877,0.0134760344279948,0.2925327539821392,train,4
S43681,1,2,2026-06-10,16,17,0.0033571148108664,0.0144572565537623,0.4013887918496433,train,4
S43682,1,19,2026-06-10,45,32,0.0037755463938721,0.006595760815986,0.3993608934895827,train,4
S43683,1,20,2026-06-10,54,13,0.0034093248267411,0.0180228095517264,0.4330223565834034,train,4
