ufs_serial,run_id,wafer_no,date,die_x,die_y,health,split,position,pred
S00461,28,23,2025-11-13,43,27,0.0,train,1,0.0027015046878694
S00463,28,23,2025-11-13,50,14,0.0,train,1,0.0022949687599851
S00465,28,25,2025-11-13,23,26,0.0,train,1,0.0016977639988711
S00467,28,23,2025-11-13,30,21,0.0047907539412867,train,1,0.0023190195771785
S00469,28,20,2025-11-13,31,20,0.0024476488781198,train,1,0.0017566112056879
S00472,28,25,2025-11-13,48,20,0.0,train,1,0.0021544320309312
S00478,28,22,2025-11-13,27,26,0.0,train,1,0.0019141074538174
S00484,28,16,2025-11-13,16,24,0.0,train,1,0.0025145301504917
S00485,28,14,2025-11-13,42,22,0.0,train,1,0.0018369405217433
S00493,28,5,2025-11-13,40,26,0.0,train,1,0.0005032710843357
S00660,28,21,2025-11-13,23,27,0.0,train,1,0.0024540266693455
S00662,28,25,2025-11-13,37,22,0.0,train,1,0.0027329670843561
S00664,28,23,2025-11-13,34,13,0.0,train,1,0.0019581509304339
S00666,28,4,2025-11-13,56,23,0.0,train,1,0.0012644336706488
S00667,28,8,2025-11-13,46,30,0.0,train,1,0.0011982838071429
S00668,28,5,2025-11-13,34,31,0.0,train,1,0.0020244669906981
S00670,28,10,2025-11-13,43,22,0.0,train,1,0.0013693027409232
S00671,28,5,2025-11-13,34,16,0.0,train,1,0.000593673714694
S00673,28,14,2025-11-13,18,25,0.0,train,1,0.0024038994928793
S00727,28,25,2025-11-13,32,30,0.0,train,1,0.0015738860592476
S00728,28,24,2025-11-13,44,30,0.0,train,1,0.0022497319603269
S00729,28,19,2025-11-13,63,22,0.0,train,1,0.00291109869846
S00731,28,15,2025-11-13,59,25,0.0,train,1,0.0028462877482745
S00732,28,19,2025-11-13,32,20,0.0,train,1,0.0030181566505546
S00733,28,20,2025-11-13,51,21,0.0,train,1,0.002716703324827
S00755,28,5,2025-11-13,59,16,0.0,train,1,0.0011507019849432
S00881,28,12,2025-11-13,17,23,0.0,train,1,0.0015241356517726
S00905,28,23,2025-11-13,59,28,0.0,train,1,0.0022350735529431
S00906,28,24,2025-11-13,15,26,0.0,train,1,0.0017393915082491
S01129,28,25,2025-11-13,44,22,0.0,train,1,0.0019072752727091
S01130,28,8,2025-11-13,47,30,0.0,train,1,0.0011989594637295
S01133,28,25,2025-11-13,46,24,0.0,train,1,0.0022185883872826
S01134,28,12,2025-11-13,34,19,0.0,train,1,0.0013275193137645
S01744,28,14,2025-11-13,42,32,0.002976805474447,train,1,0.0024714127356926
S01746,28,4,2025-11-13,51,12,0.0044648471890328,train,1,0.0018714486849544
S01794,28,16,2025-11-13,21,22,0.0,train,1,0.0020809133817238
S01796,28,12,2025-11-13,25,17,0.0,train,1,0.0012128480834335
S01863,28,15,2025-11-13,30,20,0.0074317312494579,train,1,0.0028227940806763
S01866,28,22,2025-11-13,58,19,0.0058951913268332,train,1,0.0021590415314815
S01867,28,19,2025-11-13,30,13,0.0028537878722628,train,1,0.0026258647694783
S01868,28,19,2025-11-13,53,21,0.0043893736531599,train,1,0.002907146224446
S01869,28,18,2025-11-13,42,23,0.0100082563080207,train,1,0.0029672635094928
S01870,28,21,2025-11-13,53,28,0.0014377542105659,train,1,0.0027346138629394
S01874,28,8,2025-11-13,29,29,0.0073207304822255,train,1,0.0010234174677175
S01875,28,6,2025-11-13,60,25,0.007245869708474,train,1,0.002279478918506
S01877,28,4,2025-11-13,21,27,0.0029669427654652,train,1,0.0013911222087461
S01878,28,3,2025-11-13,23,28,0.0100184588448391,train,1,0.0020979335882682
S01984,28,16,2025-11-13,32,15,0.0,train,1,0.0017602678228409
S01985,28,22,2025-11-13,56,22,0.0,train,1,0.0029405297617919
S01986,28,15,2025-11-13,30,17,0.0,train,1,0.0028753217315449
S01988,28,20,2025-11-13,34,21,0.0,train,1,0.0029787483612346
S01990,28,18,2025-11-13,27,26,0.0,train,1,0.0027384277710103
S01991,28,4,2025-11-13,26,29,0.0196559224836859,train,1,0.0023354532421738
S01992,28,5,2025-11-13,49,20,0.0,train,1,0.0006213341466172
S01993,28,8,2025-11-13,56,23,0.0,train,1,0.0017815735149834
S01997,28,6,2025-11-13,41,31,0.0,train,1,0.0022378220146691
S02159,28,25,2025-11-13,60,18,0.0,train,1,0.002154406475156
S02161,28,24,2025-11-13,51,26,0.0,train,1,0.0021192865380909
S02737,28,14,2025-11-13,50,24,0.0,train,1,0.0022072608701443
S02739,28,23,2025-11-13,44,30,0.0,train,1,0.0022424841806377
S02742,28,19,2025-11-13,62,22,0.0,train,1,0.0030291266238457
S02743,28,16,2025-11-13,55,23,0.0,train,1,0.0022612142257231
S02744,28,19,2025-11-13,56,14,0.0,train,1,0.0019026560708253
S02747,28,12,2025-11-13,37,20,0.0,train,1,0.0014753310711198
S02765,28,5,2025-11-13,31,26,0.0,train,1,0.0012516257594729
S02766,28,2,2025-11-13,54,23,0.0,train,1,0.002202290958064
S02768,28,3,2025-11-13,21,18,0.0,train,1,0.0021912979734367
S02769,28,4,2025-11-13,32,21,0.0,train,1,0.0012049850585969
S02770,28,2,2025-11-13,38,23,0.0,train,1,0.0021031691556395
S02895,28,23,2025-11-13,60,25,0.0,train,1,0.0024801936762072
S02896,28,22,2025-11-13,45,28,0.0,train,1,0.0028582483510126
S02898,28,23,2025-11-13,18,25,0.0,train,1,0.0026330732554127
S02901,28,16,2025-11-13,23,14,0.0,train,1,0.0016776807284829
S02904,28,24,2025-11-13,45,23,0.0,train,1,0.0022488164444091
S02914,28,16,2025-11-13,21,19,0.0,train,1,0.00203442358355
S02915,28,10,2025-11-13,31,23,0.0,train,1,0.0014298834707575
S02917,28,5,2025-11-13,21,17,0.0,train,1,0.0009877046950818
S02918,28,2,2025-11-13,41,18,0.0,train,1,0.0019636628456351
S03291,28,25,2025-11-13,42,29,0.002866106132429,train,1,0.0020670814861687
S03293,28,25,2025-11-13,36,24,0.0028940947655899,train,1,0.0018264538969402
S03295,28,21,2025-11-13,40,27,0.0,train,1,0.0026234603401294
S03296,28,21,2025-11-13,28,26,0.0,train,1,0.0024191825531169
S03297,28,15,2025-11-13,26,25,0.0,train,1,0.0030554566698287
S03299,28,15,2025-11-13,14,23,0.0028695315792816,train,1,0.0028468562652907
S03306,28,14,2025-11-13,44,28,0.0,train,1,0.0021706120176903
S03310,28,8,2025-11-13,22,19,0.0,train,1,0.0017570578371456
S03491,28,12,2025-11-13,32,21,0.0,train,1,0.0006277658148879
S03496,28,25,2025-11-13,29,16,0.0,train,1,0.0017340356931336
S03828,28,2,2025-11-13,17,27,0.0069426982929623,train,1,0.0012692848916
S04459,28,2,2025-11-13,19,17,0.0,train,1,0.0022374624267458
S04467,28,12,2025-11-13,30,25,0.0,train,1,0.0013544079129817
S04468,28,12,2025-11-13,52,22,0.0,train,1,0.001504994295617
S04510,28,19,2025-11-13,35,22,0.0046741716747077,train,1,0.0029930194950922
S04511,28,18,2025-11-13,22,16,0.0,train,1,0.002638157719805
S04513,28,4,2025-11-13,33,28,0.0,train,1,0.0009279274752932
S04516,28,2,2025-11-13,52,14,0.0,train,1,0.002131037029123
S04517,28,24,2025-11-13,46,17,0.0,train,1,0.0024443471815797
S04521,28,19,2025-11-13,20,28,0.0,train,1,0.0030396085551204
S04657,28,10,2025-11-13,58,22,0.0,train,1,0.0014101660546158
S04658,28,21,2025-11-13,22,19,0.0034283191578889,train,1,0.0022616976023294
S04660,28,18,2025-11-13,60,16,0.0,train,1,0.0026664742625993
S04661,28,22,2025-11-13,53,20,0.0,train,1,0.0027619508626517
S04663,28,23,2025-11-13,30,30,0.0,train,1,0.0023023714736315
S04664,28,18,2025-11-13,43,29,0.0,train,1,0.0021618382520619
S04666,28,20,2025-11-13,59,27,0.0,train,1,0.0026532493519756
S04668,28,15,2025-11-13,31,14,0.0,train,1,0.0021393158075363
S04676,28,18,2025-11-13,24,28,0.0,train,1,0.0026760385176413
S04680,28,10,2025-11-13,30,13,0.0,train,1,0.0025623347279326
S04685,28,5,2025-11-13,24,29,0.0,train,1,0.0014760569778218
S04688,28,3,2025-11-13,45,19,0.0,train,1,0.0022175613935647
S04689,28,2,2025-11-13,33,26,0.0,train,1,0.0020429934408286
S04692,28,10,2025-11-13,43,19,0.0,train,1,0.0012068426401215
S05152,28,5,2025-11-13,25,13,0.0,train,1,0.0015317724769543
S05230,28,20,2025-11-13,27,27,0.0,train,1,0.0027762098990089
S05231,28,6,2025-11-13,45,16,0.0,train,1,0.0016679122429511
S05233,28,24,2025-11-13,48,16,0.0,train,1,0.0024174364380924
S05236,28,10,2025-11-13,44,19,0.0,train,1,0.0010687766600763
S05496,28,24,2025-11-13,39,20,0.0,train,1,0.0027460644955751
S05497,28,25,2025-11-13,19,21,0.0,train,1,0.0018537514341391
S05498,28,19,2025-11-13,28,17,0.0,train,1,0.00291990981771
S05499,28,18,2025-11-13,33,23,0.0,train,1,0.0029352516767645
S05500,28,18,2025-11-13,48,20,0.0,train,1,0.0029417952504715
S05501,28,15,2025-11-13,51,30,0.0,train,1,0.0023815899669483
S05503,28,14,2025-11-13,36,25,0.0,train,1,0.0021746393555973
S05509,28,25,2025-11-13,28,17,0.0,train,1,0.0017372021301612
S05513,28,8,2025-11-13,49,17,0.0,train,1,0.0016409946909516
S05515,28,5,2025-11-13,32,18,0.0,train,1,0.0009508644929685
S05516,28,5,2025-11-13,42,18,0.0,train,1,0.0009070661466998
S05517,28,6,2025-11-13,32,31,0.0,train,1,0.0022205915017228
S05645,28,2,2025-11-13,23,25,0.0383807493899237,train,1,0.0026466448750445
S05917,28,8,2025-11-13,29,31,0.0,train,1,0.0026851397351061
S05918,28,3,2025-11-13,26,13,0.0,train,1,0.0014045795835597
S05942,28,14,2025-11-13,26,16,0.0,train,1,0.0018221030271631
S05963,28,16,2025-11-13,28,27,0.0,train,1,0.0019732136514994
S05964,28,23,2025-11-13,27,13,0.0,train,1,0.0022636115900301
S05966,28,10,2025-11-13,14,24,0.0,train,1,0.0027513438162526
S05967,28,10,2025-11-13,51,18,0.0,train,1,0.0018287295055531
S05969,28,8,2025-11-13,38,21,0.0,train,1,0.0020662817550155
S05970,28,6,2025-11-13,45,27,0.0,train,1,0.0011513070618681
S05971,28,3,2025-11-13,42,15,0.0,train,1,0.0016942955825343
S06132,28,16,2025-11-13,60,15,0.0135679900992801,train,1,0.0020139510122754
S06134,28,12,2025-11-13,60,28,0.0,train,1,0.0017543393227217
S06135,28,8,2025-11-13,15,26,0.0046536016254833,train,1,0.0013860196690329
S06385,28,23,2025-11-13,28,30,0.0015230215276181,train,1,0.0024048469118683
S06386,28,14,2025-11-13,48,21,0.0015596560597502,train,1,0.0015037377399494
S06387,28,23,2025-11-13,56,14,0.0,train,1,0.002234672621169
S06388,28,23,2025-11-13,58,18,0.0045494905852091,train,1,0.0021447129831172
S06390,28,24,2025-11-13,30,29,0.0140318846580963,train,1,0.0016919255482638
S06391,28,18,2025-11-13,35,13,0.0030705168600412,train,1,0.0022435486214701
S06393,28,25,2025-11-13,41,25,0.0075497952288939,train,1,0.0020957924864316
S06394,28,20,2025-11-13,40,20,0.0015250544662309,train,1,0.0030775236962809
S06395,28,19,2025-11-13,24,26,0.0,train,1,0.0029804700592401
S06397,28,18,2025-11-13,41,27,0.0,train,1,0.0021170019186107
S06399,28,20,2025-11-13,44,30,0.0030144231352426,train,1,0.0026840250043857
S06400,28,20,2025-11-13,58,27,0.0031000789054288,train,1,0.0026137687557305
S06401,28,15,2025-11-13,60,16,0.0060474978021543,train,1,0.002756707416717
S06402,28,16,2025-11-13,30,14,0.0077499072194206,train,1,0.0021412298030727
S06403,28,16,2025-11-13,29,22,0.0059771856715915,train,1,0.002214718298082
S06404,28,18,2025-11-13,50,23,0.0077672755460535,train,1,0.0021232630648752
S06405,28,15,2025-11-13,32,13,0.0015556139823717,train,1,0.0027954121316159
S06406,28,19,2025-11-13,43,23,0.001555833122028,train,1,0.0029845771286665
S06407,28,10,2025-11-13,43,30,0.0,train,1,0.002401440397489
S06408,28,19,2025-11-13,52,17,0.0,train,1,0.0023604321527995
S06805,28,3,2025-11-13,14,18,0.0,train,1,0.0015905182767129
S07150,28,23,2025-11-13,27,14,0.0,train,1,0.0024914332587413
S07151,28,18,2025-11-13,32,24,0.0,train,1,0.0028181002445379
S07153,28,19,2025-11-13,34,21,0.0,train,1,0.0030402140732855
S07154,28,19,2025-11-13,51,19,0.0,train,1,0.0030542009447391
S07155,28,18,2025-11-13,42,29,0.0,train,1,0.0029267222733684
S07163,28,8,2025-11-13,59,16,0.0037254416934643,train,1,0.0014059246818803
S07165,28,12,2025-11-13,21,28,0.0,train,1,0.0017382326137933
S07169,28,4,2025-11-13,40,14,0.0,train,1,0.0011314520145139
S07176,28,3,2025-11-13,45,21,0.0,train,1,0.0013959782106261
S07178,28,4,2025-11-13,27,25,0.0,train,1,0.0013611501067355
S07301,28,25,2025-11-13,37,11,0.0,train,1,0.000811298564441
S07303,28,6,2025-11-13,49,31,0.0,train,1,0.0011713949729013
S07551,28,3,2025-11-13,25,25,0.0,train,1,0.0017857486134477
S07785,28,16,2025-11-13,45,32,0.008692648415603,train,1,0.0020481211124254
S07922,28,25,2025-11-13,38,13,0.0131464961413578,train,1,0.0014670520785551
S07925,28,19,2025-11-13,16,24,0.0055710243959305,train,1,0.0028079792666376
S07926,28,25,2025-11-13,40,26,0.0103843461727311,train,1,0.0022556258523604
S07927,28,19,2025-11-13,51,23,0.0232228685998526,train,1,0.0030924681943334
S07929,28,20,2025-11-13,34,28,0.0111006879299562,train,1,0.0028203555743855
S07930,28,18,2025-11-13,48,16,0.0129616106822449,train,1,0.0028881937754262
S07931,28,18,2025-11-13,46,19,0.0010806415140287,train,1,0.0029491111607585
S07932,28,16,2025-11-13,40,31,0.0129798903107861,train,1,0.0015680301723115
S07934,28,15,2025-11-13,36,27,0.0044162762438548,train,1,0.0024975009471781
S07935,28,19,2025-11-13,45,28,0.0154474475967874,train,1,0.0029399148733266
S07936,28,14,2025-11-13,33,24,0.0150578682663758,train,1,0.0017137781216145
S07939,28,15,2025-11-13,38,21,0.0053342778332313,train,1,0.0031634543791248
S07942,28,10,2025-11-13,18,26,0.0041451382199258,train,1,0.0023828930525318
S07945,28,4,2025-11-13,58,20,0.0105512105231871,train,1,0.0010181658124374
S07946,28,3,2025-11-13,42,25,0.013691111902219,train,1,0.002689100525455
S08811,28,18,2025-11-13,50,22,0.0,train,1,0.0028553311026445
S08813,28,20,2025-11-13,24,23,0.0,train,1,0.0026290770657813
S08814,28,20,2025-11-13,25,15,0.0,train,1,0.0022318279376146
S08820,28,8,2025-11-13,27,18,0.0,train,1,0.0014212409748634
S08822,28,8,2025-11-13,33,14,0.0,train,1,0.0014537982891777
S08823,28,10,2025-11-13,55,22,0.0,train,1,0.0019796050323018
S08825,28,19,2025-11-13,31,19,0.0,train,1,0.0030307904186952
S08827,28,5,2025-11-13,41,20,0.0,train,1,0.0010488187638568
S08831,28,6,2025-11-13,22,16,0.0,train,1,0.0013483098733308
S08833,28,8,2025-11-13,49,28,0.0,train,1,0.0012140373816314
S08834,28,3,2025-11-13,19,23,0.0,train,1,0.0026493273660932
S08970,28,15,2025-11-13,17,19,0.0,train,1,0.0028661471492209
S08972,28,20,2025-11-13,18,27,0.0,train,1,0.0026339878790375
S08973,28,23,2025-11-13,59,25,0.0,train,1,0.0022801986903887
S08974,28,23,2025-11-13,35,25,0.0,train,1,0.0028331412839369
S08976,28,4,2025-11-13,39,26,0.0,train,1,0.0012463954032853
S08977,28,4,2025-11-13,57,19,0.0,train,1,0.0011209177595363
S08978,28,6,2025-11-13,60,26,0.0,train,1,0.0022534711510111
S08983,28,4,2025-11-13,49,15,0.0,train,1,0.0011196225755637
S09225,28,25,2025-11-13,47,20,0.0,train,1,0.0017821236341656
S09226,28,23,2025-11-13,46,24,0.0,train,1,0.0026997357941007
S09227,28,20,2025-11-13,56,23,0.0,train,1,0.0027177442203797
S09228,28,15,2025-11-13,29,17,0.0,train,1,0.0026975123087692
S09230,28,22,2025-11-13,45,22,0.0,train,1,0.0030000118872143
S09231,28,15,2025-11-13,54,18,0.0,train,1,0.0029250276518939
S09233,28,15,2025-11-13,33,29,0.0,train,1,0.0027497654502457
S09250,28,12,2025-11-13,38,15,0.0,train,1,0.001170066738908
S09256,28,5,2025-11-13,37,17,0.0,train,1,0.0010278316180067
S09258,28,8,2025-11-13,45,25,0.0,train,1,0.0012832504938999
S09281,28,25,2025-11-13,52,27,0.0,train,1,0.0018778729599121
S09289,28,25,2025-11-13,33,15,0.0,train,1,0.0017119682719559
S09322,28,25,2025-11-13,26,31,0.0,train,1,0.0019085595315695
S09417,28,18,2025-11-13,59,22,0.0,train,1,0.0023205163928681
S09418,28,19,2025-11-13,59,24,0.0,train,1,0.0030347412118071
S09421,28,3,2025-11-13,33,14,0.0,train,1,0.0017823182661992
S09422,28,4,2025-11-13,57,28,0.0,train,1,0.0027822018785246
S09423,28,3,2025-11-13,46,16,0.0,train,1,0.0012548032257662
S09424,28,10,2025-11-13,33,15,0.0,train,1,0.0017002921365745
S09430,28,8,2025-11-13,32,17,0.0,train,1,0.0016166203314895
S09431,28,16,2025-11-13,46,22,0.0,train,1,0.0024505802520354
S09432,28,10,2025-11-13,43,13,0.0,train,1,0.0011994237747286
S09595,28,24,2025-11-13,56,13,0.0,train,1,0.0020587790204018
S09619,28,25,2025-11-13,46,18,0.0,train,1,0.0022453853226068
S09622,28,12,2025-11-13,25,24,0.0,train,1,0.0009173367334409
S09623,28,10,2025-11-13,39,25,0.0,train,1,0.0013251940194023
S09624,28,8,2025-11-13,47,19,0.0,train,1,0.0017439168012685
S09625,28,8,2025-11-13,53,21,0.0,train,1,0.0014041019527211
S09627,28,2,2025-11-13,17,18,0.0,train,1,0.0021675680769394
S09639,28,23,2025-11-13,32,16,0.0,train,1,0.0024774874003148
S09644,28,14,2025-11-13,34,13,0.0,train,1,0.0019496806500499
S09646,28,14,2025-11-13,26,27,0.0,train,1,0.0021083336403068
S09795,28,24,2025-11-13,60,15,0.0127543819129006,train,1,0.0012014660453576
S09799,28,12,2025-11-13,52,31,0.0,train,1,0.0011606597722155
S10158,28,16,2025-11-13,18,28,0.0,train,1,0.0021168851382362
S10378,28,19,2025-11-13,26,13,0.0,train,1,0.0010741386422236
S10423,28,15,2025-11-13,49,28,0.0,train,1,0.0023364848775335
S10424,28,25,2025-11-13,54,16,0.0,train,1,0.0024321660924087
S10431,28,24,2025-11-13,35,26,0.0,train,1,0.0017022256009707
S10433,28,10,2025-11-13,39,23,0.0,train,1,0.00143769990116
S10557,28,23,2025-11-13,53,20,0.0,train,1,0.0024898836030741
S10558,28,24,2025-11-13,41,22,0.0,train,1,0.0018218798217631
S10560,28,22,2025-11-13,34,30,0.0,train,1,0.0022322685449783
S10561,28,2,2025-11-13,29,21,0.0,train,1,0.0014971331033161
S10563,28,6,2025-11-13,44,30,0.0,train,1,0.0014247847720499
S10566,28,14,2025-11-13,48,25,0.0,train,1,0.0021469910887324
S10596,28,16,2025-11-13,51,12,0.0,train,1,0.0018363870447961
S10597,28,3,2025-11-13,60,15,0.0,train,1,0.0013641912335013
S10598,28,19,2025-11-13,53,30,0.0,train,1,0.0021462413579338
S10874,28,15,2025-11-13,15,17,0.0,train,1,0.0019916962979326
S10876,28,14,2025-11-13,52,31,0.0,train,1,0.0024783494490026
S10878,28,4,2025-11-13,58,14,0.0156559016079108,train,1,0.0020491684075597
S11473,28,19,2025-11-13,55,25,0.0118564640243093,train,1,0.0029291233974481
S11474,28,16,2025-11-13,37,19,0.0034763169785559,train,1,0.0020846861696893
S11476,28,15,2025-11-13,60,18,0.0226685823215107,train,1,0.0028420002117482
S11477,28,20,2025-11-13,42,21,0.0115638037817942,train,1,0.0027845301211067
S11478,28,18,2025-11-13,52,17,0.0199385751028577,train,1,0.0027705390397647
S11480,28,18,2025-11-13,62,26,0.0197855750487329,train,1,0.0022234908989976
S11483,28,20,2025-11-13,59,17,0.0173973921414194,train,1,0.0027094498740164
S11484,28,20,2025-11-13,45,22,0.0049289838132681,train,1,0.0027173958037418
S11487,28,18,2025-11-13,54,16,0.0153598437437223,train,1,0.002713682747529
S11489,28,18,2025-11-13,40,13,0.0054746158750091,train,1,0.0026762307598243
S11492,28,12,2025-11-13,15,25,0.0205745984434509,train,1,0.0016774601892128
S11493,28,2,2025-11-13,43,13,0.0136215386583104,train,1,0.0019839185035061
S11497,28,8,2025-11-13,55,19,0.0158777781944809,train,1,0.0014905468861003
S11498,28,8,2025-11-13,46,19,0.0181094527363184,train,1,0.0014153029790612
S11642,28,16,2025-11-13,36,32,0.0,train,1,0.0018486214083016
S11665,28,24,2025-11-13,32,22,0.0,train,1,0.0024482469334126
S11704,28,16,2025-11-13,32,24,0.0,train,1,0.0022051530729992
S11705,28,16,2025-11-13,56,16,0.0,train,1,0.0021781564751268
S11707,28,22,2025-11-13,32,22,0.0,train,1,0.0026247579864133
S11709,28,19,2025-11-13,48,13,0.0,train,1,0.0025889612975752
S11711,28,12,2025-11-13,23,25,0.0,train,1,0.0013647708775195
S11714,28,8,2025-11-13,54,21,0.0,train,1,0.0012948772568108
S11715,28,2,2025-11-13,60,17,0.0,train,1,0.0021647190240521
S11716,28,3,2025-11-13,44,13,0.0,train,1,0.0013348377100517
S11717,28,6,2025-11-13,31,14,0.0,train,1,0.0013564008922943
S11720,28,4,2025-11-13,59,18,0.0,train,1,0.0010684700061905
S11723,28,6,2025-11-13,38,18,0.0,train,1,0.0020496127817907
S11999,28,19,2025-11-13,29,12,0.0,train,1,0.0014354308105283
S12000,28,10,2025-11-13,25,13,0.0,train,1,0.0015340193787741
S12008,28,25,2025-11-13,51,31,0.0,train,1,0.0018047734213194
S12009,28,5,2025-11-13,25,30,0.0,train,1,0.0016760349518396
S12046,28,14,2025-11-13,55,20,0.0,train,1,0.0019723808425563
S12048,28,24,2025-11-13,28,23,0.0,train,1,0.0017890516138571
S12049,28,14,2025-11-13,59,26,0.0,train,1,0.0022556269947432
S12050,28,12,2025-11-13,58,16,0.0,train,1,0.0018133426887365
S12051,28,8,2025-11-13,40,17,0.0,train,1,0.0014891515892933
S12055,28,5,2025-11-13,32,29,0.0,train,1,0.0009020156235651
S12057,28,5,2025-11-13,36,19,0.0,train,1,0.0010238271619157
S12058,28,2,2025-11-13,29,22,0.0,train,1,0.0022580644364231
S12059,28,6,2025-11-13,42,13,0.0,train,1,0.0013599337162551
S12287,28,18,2025-11-13,34,31,0.0,train,1,0.002812003952319
S12289,28,20,2025-11-13,57,23,0.0,train,1,0.0026418194455549
S12292,28,25,2025-11-13,54,23,0.0,train,1,0.0021955712699239
S12293,28,21,2025-11-13,34,17,0.0,train,1,0.0025644937460711
S12295,28,2,2025-11-13,43,28,0.0026436029595587,train,1,0.0021305121912387
S12478,28,15,2025-11-13,50,12,0.0,train,1,0.0020036536374977
S12479,28,5,2025-11-13,35,32,0.0,train,1,0.0017862303198573
S12480,28,2,2025-11-13,16,26,0.0,train,1,0.0020800205100792
S12481,28,6,2025-11-13,30,31,0.0,train,1,0.0016933952033495
S12665,28,20,2025-11-13,15,20,0.0,train,1,0.0023081243505825
S12669,28,23,2025-11-13,52,16,0.0,train,1,0.0021437038601999
S12670,28,24,2025-11-13,47,20,0.0,train,1,0.0013847765827462
S12671,28,6,2025-11-13,21,16,0.0,train,1,0.0015983497966419
S12673,28,5,2025-11-13,42,21,0.0,train,1,0.0008248598211137
S12674,28,4,2025-11-13,32,31,0.0,train,1,0.0027742015512484
S12675,28,6,2025-11-13,30,18,0.0,train,1,0.0013388851892817
S12677,28,5,2025-11-13,51,18,0.0,train,1,0.0009382743496577
S12681,28,12,2025-11-13,26,23,0.0,train,1,0.0013644768422124
S12682,28,12,2025-11-13,36,24,0.0,train,1,0.0011635680708035
S12965,28,20,2025-11-13,27,18,0.0,train,1,0.0022636908871526
S12966,28,21,2025-11-13,22,17,0.0,train,1,0.0023895211482311
S12967,28,16,2025-11-13,31,16,0.0,train,1,0.0021589117746031
S12968,28,21,2025-11-13,48,19,0.0,train,1,0.0024013789604172
S12970,28,24,2025-11-13,19,26,0.0,train,1,0.0017143088569995
S12971,28,25,2025-11-13,59,21,0.0,train,1,0.0021682007711067
S12978,28,12,2025-11-13,23,21,0.0,train,1,0.0010704934910228
S12979,28,16,2025-11-13,24,20,0.0,train,1,0.0019843306985696
S12982,28,4,2025-11-13,48,14,0.0,train,1,0.0009440217088984
S12984,28,5,2025-11-13,56,17,0.0,train,1,0.0010080515614854
S12985,28,5,2025-11-13,55,24,0.0,train,1,0.0009052417503817
S12986,28,6,2025-11-13,61,19,0.0,train,1,0.0017602922376682
S12987,28,4,2025-11-13,31,14,0.0,train,1,0.0014033600833647
S12988,28,12,2025-11-13,54,29,0.0,train,1,0.0015167519722474
S12989,28,4,2025-11-13,22,22,0.0,train,1,0.0012035942604321
S13133,28,8,2025-11-13,24,17,0.0,train,1,0.0012535005157633
S13134,28,24,2025-11-13,36,23,0.0,train,1,0.0024771665437866
S13135,28,15,2025-11-13,13,23,0.0,train,1,0.0029637464463786
S13136,28,16,2025-11-13,37,21,0.0,train,1,0.0023850825595565
S13145,28,3,2025-11-13,39,12,0.0,train,1,0.0018016232589329
S13146,28,4,2025-11-13,21,19,0.0,train,1,0.0013428296383521
S13298,28,20,2025-11-13,50,21,0.0,train,1,0.0025008197849501
S13299,28,25,2025-11-13,18,21,0.0,train,1,0.0020618107555086
S13300,28,3,2025-11-13,35,18,0.0,train,1,0.0016889760396393
S13301,28,6,2025-11-13,33,29,0.0,train,1,0.001924127820198
S13400,28,24,2025-11-13,35,29,0.0,train,1,0.0018625614272499
S13403,28,25,2025-11-13,53,17,0.0,train,1,0.0019873296814506
S13409,28,6,2025-11-13,55,22,0.0,train,1,0.0012946217856197
S13450,28,20,2025-11-13,43,11,0.0,train,1,0.0012720396733567
S13780,28,18,2025-11-13,31,17,0.0025820059640701,train,1,0.0024392966716558
S13781,28,22,2025-11-13,48,23,0.0090001991995798,train,1,0.0021323926623891
S13782,28,25,2025-11-13,54,24,0.0079084717713703,train,1,0.0016603590438725
S13784,28,22,2025-11-13,56,20,0.0115401583579074,train,1,0.0028982171450361
S13785,28,18,2025-11-13,29,25,0.0091484499701538,train,1,0.002844567552404
S13787,28,18,2025-11-13,26,29,0.0,train,1,0.0027560047792831
S13788,28,18,2025-11-13,56,20,0.0051123403357994,train,1,0.0028426705279775
S13789,28,22,2025-11-13,40,16,0.0157160362069647,train,1,0.0018886125237508
S13791,28,22,2025-11-13,47,25,0.0080733587284053,train,1,0.0020280489995908
S13792,28,21,2025-11-13,43,22,0.0103318079884416,train,1,0.0027908049619951
S13794,28,16,2025-11-13,58,24,0.0038992931060184,train,1,0.0023461914611307
S13795,28,19,2025-11-13,45,21,0.0105306371088421,train,1,0.0031128683789269
S13797,28,15,2025-11-13,59,19,0.007736371843965,train,1,0.0027870422856757
S13798,28,14,2025-11-13,26,29,0.0013390235096964,train,1,0.0017233458647767
S13803,28,23,2025-11-13,57,23,0.0120482901286443,train,1,0.0019916262372144
S13814,28,4,2025-11-13,39,13,0.0,train,1,0.0012599220803107
S13819,28,3,2025-11-13,24,22,0.0012913350637742,train,1,0.0010835315831459
S14344,28,2,2025-11-13,23,30,0.0,train,1,0.0022304626325742
S14457,28,15,2025-11-13,48,13,0.0,train,1,0.0027786745400257
S14458,28,21,2025-11-13,24,27,0.0,train,1,0.0022253476336234
S14459,28,8,2025-11-13,37,29,0.0,train,1,0.0018711828538172
S14460,28,5,2025-11-13,47,14,0.0,train,1,0.0008443162882196
S14461,28,4,2025-11-13,37,12,0.0,train,1,0.0018965080007559
S14462,28,10,2025-11-13,35,20,0.0,train,1,0.0013008789079703
S14463,28,12,2025-11-13,47,21,0.0,train,1,0.0013512984748177
S14539,28,16,2025-11-13,41,24,0.0,train,1,0.0025394336355221
S14540,28,21,2025-11-13,44,16,0.0,train,1,0.0024392671732122
S14541,28,22,2025-11-13,35,21,0.0,train,1,0.0025579531328777
S14542,28,20,2025-11-13,16,20,0.0,train,1,0.0025321360122755
S14543,28,20,2025-11-13,35,19,0.0,train,1,0.0026373924037593
S14551,28,25,2025-11-13,26,19,0.0,train,1,0.0017182507148713
S14560,28,10,2025-11-13,42,18,0.0,train,1,0.0015772095804704
S14908,28,6,2025-11-13,27,12,0.0,train,1,0.0015897030312615
S14911,28,21,2025-11-13,42,11,0.0,train,1,0.0020543424081574
S14935,28,25,2025-11-13,26,27,0.0,train,1,0.0022710183159834
S14947,28,12,2025-11-13,32,13,0.0158578220222711,train,1,0.0007079948826321
S15016,28,18,2025-11-13,36,26,0.0,train,1,0.0024075493964765
S15018,28,3,2025-11-13,22,17,0.0,train,1,0.0013604972795665
S15019,28,2,2025-11-13,39,25,0.0,train,1,0.0021846611773874
S15021,28,5,2025-11-13,23,24,0.0,train,1,0.0016063056200757
S15022,28,8,2025-11-13,41,28,0.0,train,1,0.0016338651421869
S15023,28,2,2025-11-13,39,28,0.0,train,1,0.0021914405307566
S15024,28,4,2025-11-13,50,20,0.0,train,1,0.0010901670977354
S15025,28,3,2025-11-13,61,21,0.0,train,1,0.0018981301394076
S15027,28,15,2025-11-13,41,14,0.0,train,1,0.0027873300205589
S15364,28,16,2025-11-13,37,32,0.0,train,1,0.0020105397725303
S15438,28,19,2025-11-13,35,17,0.0,train,1,0.002341455216469
S15441,28,20,2025-11-13,24,17,0.0,train,1,0.0022662775128645
S15442,28,22,2025-11-13,48,30,0.0,train,1,0.0028873881665267
S15443,28,24,2025-11-13,16,18,0.0,train,1,0.0018547672909345
S15444,28,3,2025-11-13,59,25,0.0,train,1,0.0022256070504452
S15446,28,3,2025-11-13,57,22,0.0,train,1,0.0020927175316303
S15448,28,4,2025-11-13,47,16,0.0,train,1,0.0011638011871108
S15449,28,12,2025-11-13,46,24,0.0,train,1,0.0011669973742741
S15450,28,14,2025-11-13,31,30,0.0,train,1,0.0022509945409441
S15451,28,14,2025-11-13,33,26,0.0,train,1,0.0020006637816731
S15534,28,10,2025-11-13,38,28,0.0232228263227632,train,1,0.0026472505167049
S15537,28,18,2025-11-13,25,19,0.0,train,1,0.0029313806750225
S15538,28,25,2025-11-13,21,22,0.0016589892516189,train,1,0.0018029364392106
S15539,28,19,2025-11-13,27,17,0.0099191697435385,train,1,0.0027066819077645
S15542,28,18,2025-11-13,50,29,0.0049852548799325,train,1,0.0019878774627081
S15544,28,16,2025-11-13,57,28,0.0016729444158327,train,1,0.0023012224830708
S15548,28,12,2025-11-13,62,24,0.0,train,1,0.0016285110644901
S15551,28,10,2025-11-13,63,22,0.0032990813021082,train,1,0.0027158766071917
S15552,28,2,2025-11-13,51,17,0.0,train,1,0.0025435366930874
S15553,28,5,2025-11-13,36,17,0.0016600199068785,train,1,0.0004564125101517
S15554,28,3,2025-11-13,41,25,0.0016735697208472,train,1,0.002745734024958
S16306,28,23,2025-11-13,39,21,0.0,train,1,0.0028271289421777
S16309,28,23,2025-11-13,41,29,0.0,train,1,0.0022865275468095
S16311,28,21,2025-11-13,39,19,0.0018927060364755,train,1,0.0024079766169361
S16312,28,18,2025-11-13,52,13,0.0094894413258487,train,1,0.0027522036612979
S16313,28,20,2025-11-13,23,20,0.0,train,1,0.0027156427444672
S16317,28,15,2025-11-13,47,20,0.0036820951640088,train,1,0.0025323043423115
S16319,28,14,2025-11-13,34,22,0.0037710223112497,train,1,0.0016960324792164
S16320,28,15,2025-11-13,40,13,0.0,train,1,0.0029723432787401
S16322,28,19,2025-11-13,17,24,0.0018623020601482,train,1,0.0027271805327934
S16323,28,18,2025-11-13,40,31,0.0,train,1,0.0027496391806641
S16324,28,12,2025-11-13,34,18,0.0,train,1,0.0014746727581937
S16326,28,14,2025-11-13,33,22,0.0,train,1,0.0024443313565315
S16341,28,24,2025-11-13,46,27,0.0,train,1,0.0020601650379329
S16342,28,14,2025-11-13,19,24,0.0,train,1,0.0019394232920866
S16347,28,2,2025-11-13,24,29,0.0,train,1,0.0026044370559119
S16352,28,5,2025-11-13,22,27,0.0,train,1,0.0007510426460439
S16354,28,6,2025-11-13,16,25,0.0,train,1,0.0021201987017599
S16355,28,3,2025-11-13,51,27,0.0,train,1,0.002228060433433
S16357,28,4,2025-11-13,51,25,0.0,train,1,0.0014362229243453
S16758,28,18,2025-11-13,59,23,0.0,train,1,0.002935619442946
S16767,28,21,2025-11-13,46,29,0.0,train,1,0.0025784577833881
S16768,28,8,2025-11-13,60,18,0.0,train,1,0.002074546264864
S16770,28,5,2025-11-13,48,29,0.0,train,1,0.0012284650133835
S16933,28,22,2025-11-13,20,28,0.0,train,1,0.0023788273244388
S16941,28,24,2025-11-13,62,17,0.0,train,1,0.0018788792810086
S17760,28,24,2025-11-13,55,20,0.0,train,1,0.0022732232132114
S17761,28,20,2025-11-13,48,20,0.0,train,1,0.0029051675972726
S17762,28,21,2025-11-13,48,27,0.0,train,1,0.0025388062661351
S17763,28,16,2025-11-13,23,18,0.0,train,1,0.0021341923043612
S17765,28,18,2025-11-13,33,12,0.0,train,1,0.0025631648800335
S17773,28,16,2025-11-13,46,13,0.0,train,1,0.0017335794420434
S17777,28,10,2025-11-13,34,27,0.0,train,1,0.0018197843697276
S18279,28,23,2025-11-13,55,15,0.0,train,1,0.0021102601892529
S18282,28,25,2025-11-13,15,20,0.0,train,1,0.0018457875755112
S18283,28,25,2025-11-13,28,24,0.0,train,1,0.0021032631627765
S18332,28,20,2025-11-13,60,15,0.0,train,1,0.0018892423668053
S18385,28,19,2025-11-13,19,22,0.0,train,1,0.0029067079560133
S18388,28,25,2025-11-13,61,24,0.0,train,1,0.0018449233019268
S18390,28,6,2025-11-13,62,24,0.0,train,1,0.0016888267336704
S18391,28,6,2025-11-13,54,15,0.0,train,1,0.001769805363006
S18392,28,3,2025-11-13,40,28,0.0,train,1,0.0020526178073194
S18393,28,8,2025-11-13,21,25,0.0,train,1,0.0011513410930818
S18816,28,3,2025-11-13,57,20,0.0,train,1,0.0015891061333739
S18817,28,6,2025-11-13,16,19,0.0,train,1,0.0023508715331636
S18904,28,18,2025-11-13,16,23,0.0,train,1,0.0019684751747802
S18905,28,3,2025-11-13,58,15,0.0,train,1,0.0018084743709208
S18906,28,5,2025-11-13,61,22,0.0,train,1,0.000907134192124
S18907,28,3,2025-11-13,40,29,0.0,train,1,0.0019993196940725
S18909,28,4,2025-11-13,29,21,0.0,train,1,0.0013385724861843
S18914,28,12,2025-11-13,17,19,0.0,train,1,0.0014318015118583
S19221,28,19,2025-11-13,42,32,0.0,train,1,0.0022261555969267
S19449,28,23,2025-11-13,22,23,0.0,train,1,0.0025791507519382
S19450,28,24,2025-11-13,53,17,0.0017040915340595,train,1,0.0020319397276754
S19451,28,23,2025-11-13,16,22,0.0034441060396591,train,1,0.0025965362102889
S19452,28,25,2025-11-13,30,22,0.0,train,1,0.0015758229657375
S19453,28,18,2025-11-13,34,29,0.0051832924857902,train,1,0.0020331480700103
S19458,28,19,2025-11-13,20,22,0.005159830151265,train,1,0.0027674704906018
S19459,28,18,2025-11-13,43,23,0.0,train,1,0.0030282068091074
S19460,28,10,2025-11-13,26,14,0.0087565365695519,train,1,0.0023949221802938
S19463,28,6,2025-11-13,57,16,0.0085398710599749,train,1,0.0011332848255189
S19464,28,6,2025-11-13,37,17,0.001723593814483,train,1,0.0017882587814854
S19567,28,25,2025-11-13,19,24,0.0,train,1,0.0017995473943913
S19569,28,20,2025-11-13,30,13,0.0,train,1,0.0027009368586699
S19570,28,15,2025-11-13,35,15,0.0,train,1,0.002429984475754
S19571,28,10,2025-11-13,55,25,0.0,train,1,0.0026199755843575
S19589,28,3,2025-11-13,37,30,0.0,train,1,0.0023440093508637
S19590,28,6,2025-11-13,52,16,0.0,train,1,0.0018258385590829
S19591,28,5,2025-11-13,22,19,0.0,train,1,0.0006138505408052
S19592,28,3,2025-11-13,50,23,0.0,train,1,0.0020764640172851
S19728,28,10,2025-11-13,52,31,0.0,train,1,0.0013726747089321
S19729,28,15,2025-11-13,26,13,0.0,train,1,0.0016574334453369
S19730,28,12,2025-11-13,29,12,0.0,train,1,0.0014193273603892
S19847,28,15,2025-11-13,39,32,0.0215193435950726,train,1,0.0015119955956004
S19848,28,25,2025-11-13,43,32,0.0,train,1,0.0008870424272927
S20354,28,14,2025-11-13,20,18,0.0,train,1,0.0016775735176579
S20355,28,25,2025-11-13,19,16,0.0,train,1,0.001692894081614
S20389,28,19,2025-11-13,18,27,0.0,train,1,0.0027921597495111
S20390,28,19,2025-11-13,61,21,0.0,train,1,0.002939923816442
S20391,28,19,2025-11-13,47,25,0.0,train,1,0.0032052830672809
S20392,28,21,2025-11-13,48,18,0.0,train,1,0.0024065328785317
S20393,28,20,2025-11-13,35,18,0.0,train,1,0.0024550116014786
S20396,28,23,2025-11-13,22,20,0.0,train,1,0.0025233560169395
S20398,28,6,2025-11-13,54,21,0.0,train,1,0.001844995252252
S20399,28,8,2025-11-13,29,30,0.0,train,1,0.0011684013984564
S20402,28,12,2025-11-13,31,25,0.0,train,1,0.0011922007773162
S20556,28,6,2025-11-13,33,13,0.0,train,1,0.001734768448715
S20678,28,19,2025-11-13,37,12,0.0,train,1,0.0028143139516778
S20679,28,21,2025-11-13,62,18,0.0,train,1,0.0024381092934788
S20682,28,18,2025-11-13,28,20,0.0,train,1,0.0030816556614275
S20684,28,19,2025-11-13,44,21,0.0,train,1,0.003012085665466
S20685,28,18,2025-11-13,23,24,0.0,train,1,0.0028823181767269
S20691,28,5,2025-11-13,37,12,0.0,train,1,0.0009081939526826
S20695,28,3,2025-11-13,44,21,0.0,train,1,0.0021925865399795
S21107,28,16,2025-11-13,20,27,0.0,train,1,0.0020987516863118
S21108,28,16,2025-11-13,37,30,0.0,train,1,0.0023263555352596
S21110,28,16,2025-11-13,15,20,0.0,train,1,0.0022963420500819
S21111,28,18,2025-11-13,58,23,0.0,train,1,0.0028925812603844
S21113,28,5,2025-11-13,40,30,0.0,train,1,0.0008793583942588
S21114,28,5,2025-11-13,56,18,0.0,train,1,0.0010972711354861
S21115,28,4,2025-11-13,60,25,0.0,train,1,0.0013517741914742
S21183,28,12,2025-11-13,26,22,0.0,train,1,0.0011355479398366
S21375,28,8,2025-11-13,54,19,0.0,train,1,0.0013550093436185
S21376,28,3,2025-11-13,20,26,0.0,train,1,0.002655646460643
S21377,28,21,2025-11-13,15,18,0.0,train,1,0.0024338373941932
S21378,28,23,2025-11-13,52,17,0.0,train,1,0.0024704290127321
S21379,28,25,2025-11-13,35,21,0.0,train,1,0.0017819604693229
S21381,28,18,2025-11-13,48,13,0.0,train,1,0.0026737855509092
S21382,28,18,2025-11-13,46,27,0.0,train,1,0.0014237230914878
S21383,28,21,2025-11-13,15,23,0.0,train,1,0.0025839020630086
S21384,28,20,2025-11-13,40,17,0.0,train,1,0.002922927875835
S21385,28,15,2025-11-13,22,17,0.0,train,1,0.0028339595398928
S21386,28,16,2025-11-13,23,24,0.0,train,1,0.0018824474649854
S21388,28,24,2025-11-13,24,18,0.0,train,1,0.0018259022508742
S21389,28,14,2025-11-13,28,28,0.0,train,1,0.002160690966591
S21398,28,22,2025-11-13,31,24,0.0,train,1,0.0024159648367164
S21401,28,23,2025-11-13,45,20,0.0,train,1,0.0022912308102695
S21403,28,24,2025-11-13,45,13,0.0,train,1,0.0019341560301307
S21412,28,2,2025-11-13,37,21,0.0,train,1,0.0018052657960301
S21413,28,3,2025-11-13,29,13,0.0,train,1,0.0017244423096251
S21414,28,3,2025-11-13,31,20,0.0,train,1,0.0013343524049609
S21461,28,18,2025-11-13,21,26,0.0,train,1,0.0027653503059491
S21462,28,20,2025-11-13,36,31,0.0,train,1,0.0025439927293334
S21463,28,21,2025-11-13,31,25,0.0,train,1,0.0024849262610188
S21466,28,3,2025-11-13,33,15,0.0,train,1,0.0019416029209826
S21467,28,6,2025-11-13,58,16,0.0,train,1,0.0014261557955674
S21468,28,6,2025-11-13,48,29,0.0,train,1,0.001176521339223
S21469,28,3,2025-11-13,34,27,0.0,train,1,0.0023151290880434
S21470,28,4,2025-11-13,40,18,0.0,train,1,0.0014453822989755
S21472,28,8,2025-11-13,17,17,0.0,train,1,0.0014857848953528
S21473,28,12,2025-11-13,38,27,0.0,train,1,0.001188913419167
S21791,28,25,2025-11-13,49,25,0.0,train,1,0.0017958647698021
S21820,28,19,2025-11-13,21,29,0.0044931427589885,train,1,0.0007750906294713
S21821,28,3,2025-11-13,49,12,0.0,train,1,0.001155193204468
S21901,28,22,2025-11-13,47,26,0.0,train,1,0.0025138123952645
S21903,28,19,2025-11-13,13,23,0.0,train,1,0.002805532416498
S21905,28,18,2025-11-13,47,20,0.0,train,1,0.0028039387910885
S21913,28,12,2025-11-13,17,26,0.0,train,1,0.0016211403537554
S21916,28,10,2025-11-13,62,17,0.0,train,1,0.0026278970980992
S21917,28,8,2025-11-13,42,18,0.0,train,1,0.001408983636417
S21918,28,4,2025-11-13,20,23,0.0,train,1,0.0014261372855884
S21921,28,24,2025-11-13,26,24,0.0,train,1,0.0017606772260819
S21923,28,4,2025-11-13,50,25,0.0,train,1,0.0012815309373075
S21925,28,5,2025-11-13,53,28,0.0,train,1,0.0009246555306808
S21927,28,5,2025-11-13,16,21,0.0,train,1,0.000910659483144
S22473,28,8,2025-11-13,37,32,0.0,train,1,0.0024596414168334
S22525,28,14,2025-11-13,42,12,0.0,train,1,0.0021947371554939
S22527,28,15,2025-11-13,54,24,0.0,train,1,0.0029087455347654
S22529,28,20,2025-11-13,40,23,0.0,train,1,0.0029156120680004
S22530,28,18,2025-11-13,41,24,0.0,train,1,0.0029447609764006
S22531,28,23,2025-11-13,56,27,0.0,train,1,0.0023885996594659
S22532,28,2,2025-11-13,52,27,0.0,train,1,0.0023912418990017
S22534,28,4,2025-11-13,33,16,0.0,train,1,0.0009723930109771
S22887,28,24,2025-11-13,50,24,0.0032579161791263,train,1,0.0016521746584251
S22889,28,23,2025-11-13,35,17,0.0015653148897035,train,1,0.0019081907997733
S22892,28,25,2025-11-13,53,24,0.0063471386792332,train,1,0.0017259771727562
S22893,28,15,2025-11-13,29,16,0.0031635095223546,train,1,0.0027186763608586
S22894,28,22,2025-11-13,33,19,0.0,train,1,0.0022341779928423
S22896,28,19,2025-11-13,51,24,0.0095693779904306,train,1,0.0029326950167394
S22898,28,14,2025-11-13,29,14,0.0095903363371476,train,1,0.0019727144977004
S22921,28,2,2025-11-13,51,26,0.004888508562267,train,1,0.0020987283494475
S22922,28,8,2025-11-13,34,20,0.0080139058196758,train,1,0.0010213730285623
S22925,28,3,2025-11-13,58,18,0.001619166764403,train,1,0.0014731732020742
S23113,28,16,2025-11-13,42,11,0.0,train,1,0.0019702176981935
S23206,28,24,2025-11-13,50,25,0.0,train,1,0.002025711724188
S23207,28,23,2025-11-13,42,13,0.0,train,1,0.0022307138708211
S23210,28,18,2025-11-13,32,19,0.0,train,1,0.002865148723318
S23211,28,19,2025-11-13,14,20,0.0,train,1,0.0025666661266951
S23213,28,14,2025-11-13,51,24,0.0,train,1,0.0012125983406642
S23230,28,3,2025-11-13,59,27,0.0,train,1,0.0023674849797701
S23358,28,16,2025-11-13,24,16,0.0,train,1,0.0018211917154826
S23370,28,8,2025-11-13,58,17,0.0,train,1,0.0014988792753356
S23373,28,8,2025-11-13,34,27,0.0,train,1,0.0014216162900178
S23417,28,23,2025-11-13,40,11,0.0,train,1,0.0020624212134766
S23418,28,6,2025-11-13,60,15,0.0,train,1,0.002401593573584
S23647,28,19,2025-11-13,45,15,0.0,train,1,0.0025740478986486
S23648,28,15,2025-11-13,52,26,0.0,train,1,0.0029048960088433
S23650,28,16,2025-11-13,53,25,0.0,train,1,0.0021153245678906
S23651,28,21,2025-11-13,37,24,0.0,train,1,0.0028127160962965
S23652,28,14,2025-11-13,25,20,0.0,train,1,0.0017608588498777
S23653,28,20,2025-11-13,24,25,0.0,train,1,0.002653986518758
S23654,28,18,2025-11-13,58,21,0.0,train,1,0.0029527957260847
S23655,28,21,2025-11-13,56,23,0.0,train,1,0.0024270233839095
S23658,28,25,2025-11-13,41,30,0.0,train,1,0.0020902341774849
S23659,28,21,2025-11-13,55,29,0.0,train,1,0.002294909066724
S23666,28,3,2025-11-13,60,21,0.0,train,1,0.0018801951737741
S23669,28,6,2025-11-13,59,18,0.0,train,1,0.0016402782918837
S23670,28,5,2025-11-13,28,17,0.0,train,1,0.0008600925313108
S23673,28,8,2025-11-13,58,27,0.0,train,1,0.0017739511854006
S23676,28,5,2025-11-13,45,13,0.0,train,1,0.0007161662762623
S23678,28,6,2025-11-13,39,21,0.0,train,1,0.0020865077447723
S23681,28,8,2025-11-13,27,13,0.0,train,1,0.0014525846846117
S23682,28,10,2025-11-13,51,14,0.0,train,1,0.0012607586100665
S23683,28,5,2025-11-13,44,19,0.0,train,1,0.0006522231015463
S23684,28,24,2025-11-13,30,20,0.0,train,1,0.001892256068089
S23685,28,8,2025-11-13,52,16,0.0,train,1,0.0016840390973993
S23686,28,10,2025-11-13,25,20,0.0,train,1,0.0014914039650878
S23687,28,12,2025-11-13,55,27,0.0,train,1,0.001679077437559
S23688,28,14,2025-11-13,50,26,0.0,train,1,0.0013515044212662
S23740,28,8,2025-11-13,54,13,0.0,train,1,0.0019968310537657
S23854,28,19,2025-11-13,32,14,0.0,train,1,0.0028781961424826
S23856,28,19,2025-11-13,50,18,0.0,train,1,0.0030331751852221
S23859,28,23,2025-11-13,36,17,0.0,train,1,0.0028169254063954
S23860,28,24,2025-11-13,60,26,0.0,train,1,0.0018273712882345
S23861,28,21,2025-11-13,21,19,0.0,train,1,0.0022541674893322
S23863,28,10,2025-11-13,34,18,0.0,train,1,0.0015256019466731
S23864,28,5,2025-11-13,58,21,0.0,train,1,0.0007286049394622
S23865,28,12,2025-11-13,20,24,0.0033756477915656,train,1,0.0011086707771059
S23866,28,3,2025-11-13,16,20,0.0,train,1,0.0022516352698313
S23868,28,6,2025-11-13,23,14,0.0,train,1,0.0011310996616048
S23871,28,6,2025-11-13,32,19,0.0,train,1,0.0024176079115231
S23872,28,3,2025-11-13,38,12,0.0,train,1,0.0015262309308132
S23873,28,4,2025-11-13,44,17,0.0,train,1,0.0014990811130999
S24160,28,4,2025-11-13,28,17,0.0,train,1,0.001209043030576
S24366,28,23,2025-11-13,23,20,0.0,train,1,0.002217049145621
S24367,28,22,2025-11-13,29,23,0.0,train,1,0.0023854288872054
S24368,28,21,2025-11-13,55,24,0.0,train,1,0.0024990840834528
S24371,28,16,2025-11-13,28,21,0.0,train,1,0.0021389146047599
S24372,28,15,2025-11-13,19,25,0.0027745212973817,train,1,0.0027034971935481
S24373,28,16,2025-11-13,54,21,0.0,train,1,0.0017880855805185
S24377,28,4,2025-11-13,33,29,0.0,train,1,0.0014168929491262
S24378,28,2,2025-11-13,42,16,0.0,train,1,0.0019855650763998
S24639,28,24,2025-11-13,56,28,0.0,train,1,0.0022311900725885
S24640,28,20,2025-11-13,19,18,0.0040737871876524,train,1,0.0027764677032061
S24644,28,15,2025-11-13,31,21,0.0,train,1,0.0028652057444289
S24647,28,19,2025-11-13,22,23,0.0,train,1,0.0027645043764853
S24648,28,16,2025-11-13,51,15,0.0,train,1,0.0020320759067448
S24660,28,5,2025-11-13,57,23,0.0,train,1,0.0010617178370722
S24661,28,3,2025-11-13,52,30,0.0,train,1,0.0022066794099759
S24685,28,14,2025-11-13,16,17,0.0,train,1,0.0022573092157067
S24686,28,20,2025-11-13,47,11,0.0,train,1,0.0024850499385715
S24687,28,22,2025-11-13,54,13,0.0,train,1,0.0020237872092319
S24688,28,8,2025-11-13,24,13,0.0,train,1,0.0017103688156744
S24689,28,6,2025-11-13,51,31,0.0020961177537377,train,1,0.001570805264771
S24986,28,19,2025-11-13,45,17,0.0,train,1,0.0025044094746223
S24987,28,25,2025-11-13,14,22,0.0,train,1,0.0021281049446253
S24988,28,23,2025-11-13,34,19,0.0,train,1,0.0027331472960282
S24989,28,21,2025-11-13,47,24,0.0,train,1,0.0020711745540677
S24992,28,3,2025-11-13,36,13,0.0,train,1,0.0015863654860463
S24993,28,8,2025-11-13,35,13,0.0,train,1,0.0017373324943171
S25154,28,12,2025-11-13,50,26,0.0,train,1,0.0014972823668117
S25155,28,8,2025-11-13,43,13,0.0,train,1,0.0017366704642791
S25243,28,14,2025-11-13,37,18,0.0,train,1,0.0014314149538162
S25533,28,25,2025-11-13,18,28,0.0,train,1,0.0024551836504325
S25598,28,21,2025-11-13,27,22,0.0,train,1,0.0025674992569645
S25601,28,20,2025-11-13,57,20,0.0,train,1,0.0028974232141953
S25603,28,15,2025-11-13,35,25,0.0,train,1,0.0030857123776623
S25604,28,21,2025-11-13,49,23,0.0,train,1,0.0024973611519365
S25606,28,5,2025-11-13,16,18,0.0,train,1,0.0009901888472645
S25607,28,12,2025-11-13,19,18,0.0,train,1,0.0009832462825377
S25822,28,6,2025-11-13,34,13,0.0,train,1,0.0017014326719417
S25824,28,24,2025-11-13,18,21,0.0,train,1,0.0021007779435414
S25825,28,21,2025-11-13,28,22,0.0,train,1,0.0023521072940944
S25827,28,2,2025-11-13,56,15,0.0,train,1,0.0020920373867493
S26183,28,3,2025-11-13,54,30,0.0,train,1,0.0019781022303712
S26396,28,16,2025-11-13,20,21,0.0,train,1,0.001882043803726
S26443,28,16,2025-11-13,56,17,0.0,train,1,0.0022018302805443
S26445,28,24,2025-11-13,55,29,0.0,train,1,0.0015987984430199
S26448,28,8,2025-11-13,53,29,0.0,train,1,0.0018525508248002
S26452,28,5,2025-11-13,39,24,0.0,train,1,0.0010995273343252
S26454,28,15,2025-11-13,39,28,0.0,train,1,0.0028149032627969
S26592,28,15,2025-11-13,51,12,0.0,train,1,0.0015851511895601
S26593,28,20,2025-11-13,15,26,0.0,train,1,0.0013692738497108
S26595,28,25,2025-11-13,59,15,0.0,train,1,0.0009508898236382
S26943,28,24,2025-11-13,42,19,0.0120007437080607,train,1,0.0015393798028694
S26947,28,23,2025-11-13,43,25,0.0049731081926203,train,1,0.0019392048621571
S26948,28,20,2025-11-13,39,23,0.0157114787903547,train,1,0.0029646985692502
S26950,28,15,2025-11-13,33,12,0.0,train,1,0.0029942513377272
S26954,28,20,2025-11-13,51,29,0.002539108400004,train,1,0.0025764914779378
S26958,28,18,2025-11-13,39,25,0.0098944607444237,train,1,0.0028654193302683
S26959,28,21,2025-11-13,17,25,0.0099696347392624,train,1,0.0023923157863124
S26960,28,15,2025-11-13,49,13,0.0036432676518883,train,1,0.0019826412008466
S26962,28,19,2025-11-13,52,23,0.0107855122575791,train,1,0.0030187181698743
S26972,28,16,2025-11-13,30,18,0.003747634164549,train,1,0.002080004069625
S26976,28,3,2025-11-13,31,28,0.0088855175513873,train,1,0.001833478597126
S26977,28,2,2025-11-13,37,12,0.0037926192729159,train,1,0.002611228315241
S27234,28,14,2025-11-13,42,11,0.0,train,1,0.0021247857173105
S27293,28,23,2025-11-13,37,30,0.0,train,1,0.0024839203617937
S27295,28,25,2025-11-13,50,15,0.0,train,1,0.002285674547272
S27351,28,22,2025-11-13,32,17,0.0,train,1,0.0029795905829121
S27360,28,15,2025-11-13,34,31,0.0,train,1,0.0029663428579241
S27361,28,14,2025-11-13,51,13,0.0,train,1,0.0021838143456188
S27362,28,8,2025-11-13,35,18,0.0,train,1,0.0013990987815653
S27364,28,6,2025-11-13,28,17,0.0,train,1,0.0017752132769049
S27433,28,19,2025-11-13,55,16,0.0,train,1,0.0030789649309954
S27435,28,5,2025-11-13,29,17,0.0,train,1,0.0009349564149791
S27436,28,4,2025-11-13,46,21,0.0,train,1,0.001530278529521
S27437,28,6,2025-11-13,60,18,0.0,train,1,0.0016627639041683
S27439,28,3,2025-11-13,32,20,0.0,train,1,0.0017782110559781
S27440,28,6,2025-11-13,40,19,0.0,train,1,0.0014355567691104
S27441,28,6,2025-11-13,36,25,0.0,train,1,0.0014380061668143
S27442,28,5,2025-11-13,51,26,0.0,train,1,0.0009169185257756
S27444,28,8,2025-11-13,24,14,0.0,train,1,0.0014184636891635
S27445,28,6,2025-11-13,29,18,0.0052798759176041,train,1,0.0014099606391617
S27447,28,8,2025-11-13,34,18,0.0,train,1,0.0015697480872012
S27449,28,14,2025-11-13,56,25,0.0,train,1,0.0023480397393045
S27859,28,21,2025-11-13,29,12,0.0,train,1,0.0019536742659193
S28071,28,12,2025-11-13,41,16,0.0,train,1,0.0012636254159175
S28334,28,12,2025-11-13,26,18,0.0,train,1,0.0011386773648046
S28409,28,15,2025-11-13,48,23,0.0,train,1,0.003120525390279
S28410,28,25,2025-11-13,36,30,0.0,train,1,0.0016409252611426
S28412,28,24,2025-11-13,38,28,0.0,train,1,0.0018401595520423
S28418,28,5,2025-11-13,56,23,0.0,train,1,0.0006261502308522
S28464,28,12,2025-11-13,62,20,0.0,train,1,0.0018454738233694
S28465,28,15,2025-11-13,40,28,0.0,train,1,0.0028842822794197
S28466,28,25,2025-11-13,20,16,0.0,train,1,0.0018299688264432
S28471,28,25,2025-11-13,60,21,0.0,train,1,0.0017953603508962
S28526,28,3,2025-11-13,40,11,0.0,train,1,0.0011335826829564
S28822,28,25,2025-11-13,40,20,0.0,train,1,0.002584215319441
S28823,28,23,2025-11-13,55,26,0.0,train,1,0.0020092243062906
S28824,28,6,2025-11-13,37,24,0.0,train,1,0.0019525489811465
S28825,28,12,2025-11-13,35,22,0.0,train,1,0.0015045224964597
S28869,28,25,2025-11-13,54,26,0.0,train,1,0.002252259373976
S29165,28,8,2025-11-13,53,15,0.006985929747129,train,1,0.0014314308160857
S29166,28,16,2025-11-13,44,21,0.0093755895114129,train,1,0.0019560467339765
S29167,28,22,2025-11-13,30,24,0.0,train,1,0.002837757355693
S29170,28,22,2025-11-13,27,22,0.0206035983749274,train,1,0.0022929301868436
S29176,28,25,2025-11-13,44,21,0.0149453284571914,train,1,0.0015772415622567
S29178,28,2,2025-11-13,22,22,0.0233847138313289,train,1,0.0020459363734001
S29180,28,3,2025-11-13,37,29,0.0091000016021129,train,1,0.0018565044997043
S29181,28,6,2025-11-13,37,22,0.0126492949990513,train,1,0.0008599210929307
S29183,28,8,2025-11-13,34,13,0.0033602423160656,train,1,0.001440351592536
S29184,28,12,2025-11-13,57,28,0.0046167279753279,train,1,0.0009250363599369
S29203,28,16,2025-11-13,38,23,0.0,train,1,0.0023390365154894
S29204,28,19,2025-11-13,48,14,0.0,train,1,0.002494452363188
S29206,28,12,2025-11-13,28,18,0.0,train,1,0.0006322810666925
S29208,28,16,2025-11-13,46,23,0.0,train,1,0.0026541827867934
S29209,28,16,2025-11-13,37,17,0.0,train,1,0.002167237188591
S29235,28,23,2025-11-13,57,14,0.010624122672633,train,1,0.001697813698614
S29295,28,21,2025-11-13,31,27,0.0,train,1,0.0023717797259802
S29297,28,19,2025-11-13,22,20,0.0023761031907671,train,1,0.0028110165411203
S29299,28,18,2025-11-13,51,15,0.0,train,1,0.0025606916127921
S29300,28,24,2025-11-13,50,19,0.0071457326892109,train,1,0.0023382025438775
S29301,28,21,2025-11-13,56,29,0.0,train,1,0.002490270157731
S29302,28,21,2025-11-13,38,31,0.0047645753344549,train,1,0.0024860860612347
S29303,28,16,2025-11-13,62,19,0.0,train,1,0.0028127199909843
S29304,28,18,2025-11-13,49,22,0.002355260476644,train,1,0.002572197291092
S29306,28,24,2025-11-13,54,17,0.0,train,1,0.0025076930167467
S29307,28,8,2025-11-13,26,15,0.0,train,1,0.0012828863808377
S29308,28,8,2025-11-13,28,20,0.0,train,1,0.0017107948724702
S29309,28,8,2025-11-13,35,16,0.0,train,1,0.0012894697297836
S29311,28,10,2025-11-13,28,22,0.0,train,1,0.001231958514328
S29313,28,2,2025-11-13,36,30,0.0023356360731237,train,1,0.0020127139955343
S29314,28,5,2025-11-13,46,14,0.0,train,1,0.000924938260296
S29316,28,6,2025-11-13,31,19,0.0095160139963908,train,1,0.0017286374022149
S29317,28,2,2025-11-13,53,21,0.0,train,1,0.0022599744145038
S29319,28,4,2025-11-13,55,23,0.0,train,1,0.0016496073276525
S29321,28,6,2025-11-13,46,21,0.0,train,1,0.0019138521608607
S29322,28,4,2025-11-13,56,28,0.0,train,1,0.0016016630333224
S29323,28,4,2025-11-13,18,23,0.0023269751196261,train,1,0.0024570781453044
S29349,28,10,2025-11-13,57,27,0.0,train,1,0.0026212150476562
S29371,28,24,2025-11-13,26,13,0.0,train,1,0.0014516619762492
S30025,28,21,2025-11-13,42,28,0.0,train,1,0.0022518720685759
S30026,28,25,2025-11-13,48,27,0.0,train,1,0.0016277325929034
S30027,28,23,2025-11-13,46,16,0.0,train,1,0.002744397920458
S30028,28,24,2025-11-13,32,31,0.0,train,1,0.0020033158310455
S30030,28,24,2025-11-13,31,27,0.0,train,1,0.0021455388548011
S30031,28,18,2025-11-13,54,19,0.0,train,1,0.0030130929250969
S30034,28,14,2025-11-13,47,21,0.0,train,1,0.0023717741396673
S30035,28,25,2025-11-13,63,20,0.0,train,1,0.0016958477623161
S30049,28,23,2025-11-13,31,20,0.0,train,1,0.0028391240837686
S30056,28,8,2025-11-13,46,20,0.0,train,1,0.0017715508692591
S30058,28,10,2025-11-13,46,24,0.0,train,1,0.0018035125913296
S30059,28,8,2025-11-13,26,18,0.0,train,1,0.0013983230959663
S30060,28,8,2025-11-13,62,20,0.0,train,1,0.0024294054760385
S30065,28,24,2025-11-13,31,19,0.0,train,1,0.0025599988974593
S30066,28,6,2025-11-13,21,27,0.0,train,1,0.0020980215946383
S30067,28,3,2025-11-13,56,20,0.0,train,1,0.0021271114003375
S30068,28,5,2025-11-13,49,29,0.0,train,1,0.0016262528694733
S30069,28,2,2025-11-13,48,18,0.0,train,1,0.0017982668193599
S30071,28,6,2025-11-13,52,20,0.0,train,1,0.0015623383899153
S30072,28,6,2025-11-13,51,25,0.0,train,1,0.0020649422389037
S30073,28,3,2025-11-13,28,21,0.0,train,1,0.0019443395691958
S30074,28,10,2025-11-13,24,16,0.0,train,1,0.0025735984761983
S30107,28,25,2025-11-13,26,13,0.0,train,1,0.0008289318280123
S30109,28,4,2025-11-13,50,31,0.0,train,1,0.001652290756998
S30112,28,21,2025-11-13,63,17,0.0,train,1,0.0022349225265966
S30270,28,21,2025-11-13,28,13,0.0034767036372475,train,1,0.002075481819095
S30271,28,23,2025-11-13,52,25,0.0061925842068632,train,1,0.0025197742681437
S30277,28,18,2025-11-13,41,21,0.0081665516448125,train,1,0.0027938818606899
S30278,28,18,2025-11-13,45,19,0.0141139169669361,train,1,0.0029014985565265
S30279,28,22,2025-11-13,16,22,0.0203115182042492,train,1,0.0027185434693052
S30280,28,24,2025-11-13,39,31,0.0091117577842445,train,1,0.0023470730786347
S30282,28,22,2025-11-13,33,18,0.0048821457865706,train,1,0.0024622763367762
S30283,28,18,2025-11-13,35,26,0.0146796849184328,train,1,0.0027453552033743
S30284,28,19,2025-11-13,15,20,0.0145673842275824,train,1,0.0029713005547242
S30289,28,5,2025-11-13,33,30,0.0,train,1,0.0007424199678278
S30291,28,2,2025-11-13,40,25,0.0125397386082656,train,1,0.0020756942175244
S30292,28,6,2025-11-13,38,21,0.0,train,1,0.0011240465520681
S30294,28,3,2025-11-13,32,19,0.0142920047807762,train,1,0.0022899111335235
S30876,28,15,2025-11-13,41,27,0.0165862209482056,train,1,0.0030535423702794
S31088,28,21,2025-11-13,25,21,0.0,train,1,0.0025630383125125
S31090,28,25,2025-11-13,25,29,0.0,train,1,0.0018718669539162
S31093,28,3,2025-11-13,36,14,0.0,train,1,0.0018529629826383
S31094,28,3,2025-11-13,19,21,0.0,train,1,0.0019343071158226
S31095,28,2,2025-11-13,15,25,0.0,train,1,0.0026641610595253
S31096,28,4,2025-11-13,35,25,0.0,train,1,0.0019138663507607
S31097,28,8,2025-11-13,41,24,0.0,train,1,0.0016818082800154
S31098,28,4,2025-11-13,29,19,0.0,train,1,0.0014204044541757
S31100,28,5,2025-11-13,20,23,0.0,train,1,0.0009749318635699
S31102,28,8,2025-11-13,53,25,0.0,train,1,0.001736338600345
S31106,28,2,2025-11-13,40,17,0.0,train,1,0.0020262423994545
S31111,28,10,2025-11-13,52,17,0.0,train,1,0.001460653592439
S31609,28,4,2025-11-13,22,14,0.0064671858632782,train,1,0.0017899790762197
S31643,28,18,2025-11-13,53,27,0.0,train,1,0.0028137158151555
S31646,28,18,2025-11-13,56,19,0.0,train,1,0.0028877657404173
S31647,28,23,2025-11-13,24,19,0.0,train,1,0.0019903212223733
S31648,28,4,2025-11-13,57,26,0.0113801591390463,train,1,0.001240405149037
S31649,28,2,2025-11-13,35,28,0.0,train,1,0.0023362669108612
S31650,28,6,2025-11-13,47,14,0.0,train,1,0.0017691050573853
S31651,28,10,2025-11-13,35,22,0.0,train,1,0.00158550740674
S31652,28,2,2025-11-13,30,24,0.0,train,1,0.0017871706563511
S31653,28,10,2025-11-13,51,15,0.0,train,1,0.0018948920129152
S31655,28,14,2025-11-13,22,28,0.0,train,1,0.0023461295262537
S31675,28,25,2025-11-13,36,14,0.0,train,1,0.0024380654337204
S31811,28,12,2025-11-13,45,22,0.0,train,1,0.0014932207855225
S31812,28,14,2025-11-13,36,18,0.0,train,1,0.0017245126299827
S31814,28,12,2025-11-13,28,20,0.0,train,1,0.0010407634074765
S31815,28,10,2025-11-13,35,30,0.0,train,1,0.0024409570651658
S31831,28,24,2025-11-13,56,30,0.0,train,1,0.0020840232839965
S31832,28,18,2025-11-13,24,30,0.0,train,1,0.0012579433186914
S31834,28,8,2025-11-13,44,32,0.0,train,1,0.0020913003841167
S31836,28,5,2025-11-13,36,32,0.0,train,1,0.0018140996904242
S31838,28,18,2025-11-13,17,27,0.0,train,1,0.0016801485156186
S32008,28,15,2025-11-13,24,14,0.0022014918761849,train,1,0.0024545589016781
S32009,28,15,2025-11-13,63,22,0.0,train,1,0.0031542155696675
S32012,28,16,2025-11-13,58,25,0.0,train,1,0.002315840096333
S32014,28,20,2025-11-13,41,31,0.0,train,1,0.0025986709780134
S32015,28,16,2025-11-13,44,30,0.0,train,1,0.0023355596817104
S32016,28,21,2025-11-13,18,16,0.0,train,1,0.0024438944122481
S32017,28,21,2025-11-13,37,20,0.0,train,1,0.0025552363542433
S32019,28,20,2025-11-13,50,28,0.0022078585548966,train,1,0.0024898049764587
S32021,28,25,2025-11-13,21,27,0.0,train,1,0.002036614022586
S32022,28,25,2025-11-13,43,23,0.0,train,1,0.0020963023802247
S32024,28,25,2025-11-13,61,26,0.0,train,1,0.0014578134798246
S32025,28,25,2025-11-13,45,26,0.0022055658363621,train,1,0.0019351604759733
S32026,28,19,2025-11-13,29,16,0.0022415558291726,train,1,0.0022731960190387
S32028,28,6,2025-11-13,37,27,0.0,train,1,0.001361289271651
S32030,28,6,2025-11-13,59,17,0.0,train,1,0.0017065011800411
S32031,28,2,2025-11-13,63,23,0.0,train,1,0.0022706719033316
S32032,28,2,2025-11-13,27,28,0.0,train,1,0.0020955825970354
S32035,28,5,2025-11-13,57,20,0.0,train,1,0.0006866091024735
S32036,28,2,2025-11-13,36,21,0.0,train,1,0.0022146779257635
S32037,28,10,2025-11-13,28,17,0.0,train,1,0.0010679375346542
S32147,28,21,2025-11-13,15,26,0.0087418429986104,train,1,0.0020582003638534
S32199,28,15,2025-11-13,37,11,0.0,train,1,0.0011284392133516
S32200,28,5,2025-11-13,42,11,0.0,train,1,0.0007797189884457
S32214,28,19,2025-11-13,49,18,0.0026987255716465,train,1,0.0030638289510336
S32215,28,15,2025-11-13,45,22,0.0027566086503155,train,1,0.0030313267406441
S32216,28,15,2025-11-13,52,16,0.0,train,1,0.0028161784450266
S32217,28,18,2025-11-13,28,26,0.0,train,1,0.0027049549229386
S32220,28,25,2025-11-13,42,25,0.0,train,1,0.0021537897128534
S32223,28,2,2025-11-13,38,18,0.0,train,1,0.0020233808962525
S32224,28,8,2025-11-13,52,25,0.0,train,1,0.0010918661387321
S32225,28,12,2025-11-13,29,20,0.0,train,1,0.0011645767223042
S32464,28,14,2025-11-13,42,26,0.0,train,1,0.0019870426145458
S32908,28,19,2025-11-13,39,24,0.0,train,1,0.0030033089982481
S32910,28,21,2025-11-13,61,26,0.0,train,1,0.00266444146055
S32911,28,20,2025-11-13,43,19,0.0,train,1,0.002559675679582
S32912,28,25,2025-11-13,24,25,0.0025737026622546,train,1,0.0016434139181567
S32915,28,18,2025-11-13,21,21,0.0,train,1,0.0028739640304519
S32916,28,24,2025-11-13,35,17,0.0025515835733464,train,1,0.0019645425457233
S32917,28,18,2025-11-13,34,30,0.0,train,1,0.0027231287321562
S32918,28,18,2025-11-13,63,19,0.0,train,1,0.0030109257331466
S32920,28,23,2025-11-13,23,21,0.0,train,1,0.0025585374034613
S32921,28,5,2025-11-13,48,25,0.0,train,1,0.0005903875055203
S32923,28,6,2025-11-13,29,16,0.0,train,1,0.0014281676385779
S33070,28,10,2025-11-13,30,31,0.0,train,1,0.0010345056422946
S33100,28,21,2025-11-13,39,25,0.0025672813678392,train,1,0.002328652758935
S33616,28,16,2025-11-13,47,23,0.0,train,1,0.0025937990766809
S33617,28,21,2025-11-13,23,15,0.0,train,1,0.0024717120618984
S33618,28,25,2025-11-13,36,21,0.0,train,1,0.0024622591812585
S33619,28,25,2025-11-13,43,15,0.0,train,1,0.0025002111542638
S33626,28,12,2025-11-13,52,28,0.0,train,1,0.0014840735760026
S33646,28,8,2025-11-13,50,14,0.0,train,1,0.0013327838922657
S33648,28,20,2025-11-13,27,13,0.0,train,1,0.00260279486317
S33650,28,15,2025-11-13,54,27,0.0,train,1,0.0027980018497837
S33652,28,12,2025-11-13,33,24,0.0,train,1,0.001195474079073
S33656,28,15,2025-11-13,32,30,0.0,train,1,0.0029033814983767
S33658,28,3,2025-11-13,49,29,0.0,train,1,0.0022037358752224
S33660,28,8,2025-11-13,49,14,0.0,train,1,0.0015065273937348
S33663,28,2,2025-11-13,53,14,0.0,train,1,0.0019824517307562
S33665,28,6,2025-11-13,21,21,0.0,train,1,0.0012803268934001
S33666,28,8,2025-11-13,23,29,0.0,train,1,0.0015951761512153
S33667,28,2,2025-11-13,44,21,0.0,train,1,0.0022449407156658
S33673,28,18,2025-11-13,42,28,0.0,train,1,0.0029422135888386
S33677,28,12,2025-11-13,43,19,0.0,train,1,0.0010945673689079
S33844,28,21,2025-11-13,19,15,0.0,train,1,0.0015327649333003
S33845,28,18,2025-11-13,48,31,0.0,train,1,0.0010848958410044
S33948,28,6,2025-11-13,31,20,0.0,train,1,0.0019907700982488
S34110,28,16,2025-11-13,24,25,0.0,train,1,0.0020723460037547
S34112,28,15,2025-11-13,29,20,0.0,train,1,0.0030825338283491
S34113,28,20,2025-11-13,34,29,0.0,train,1,0.0027841642161747
S34115,28,21,2025-11-13,51,26,0.0,train,1,0.0024404786914183
S34116,28,3,2025-11-13,26,18,0.0,train,1,0.0023951672560866
S34117,28,2,2025-11-13,41,16,0.0,train,1,0.0022851158595211
S34118,28,4,2025-11-13,47,23,0.0,train,1,0.0014703532043399
S34119,28,2,2025-11-13,35,27,0.0,train,1,0.0021153794286392
S34121,28,4,2025-11-13,41,14,0.0,train,1,0.0011539715415272
S34122,28,10,2025-11-13,42,14,0.0,train,1,0.0018175952829077
S34278,28,21,2025-11-13,37,13,0.0,train,1,0.0023637918056121
S34282,28,18,2025-11-13,43,28,0.0,train,1,0.0020196904720346
S34284,28,16,2025-11-13,38,18,0.0,train,1,0.0021577404953496
S34285,28,21,2025-11-13,46,24,0.0,train,1,0.0025120046228063
S34300,28,5,2025-11-13,26,20,0.0,train,1,0.0006399007678626
S34301,28,8,2025-11-13,39,30,0.0,train,1,0.0017815702639051
S34302,28,5,2025-11-13,35,15,0.0,train,1,0.0008876742740887
S34303,28,3,2025-11-13,55,17,0.0,train,1,0.0023146833953044
S34304,28,2,2025-11-13,50,19,0.003592000751646,train,1,0.0017263482819422
S34444,28,10,2025-11-13,45,24,0.0,train,1,0.0012692494586843
S34834,28,16,2025-11-13,29,19,0.0,train,1,0.0022949809113017
S34835,28,16,2025-11-13,49,28,0.0,train,1,0.0019258979921799
S34838,28,16,2025-11-13,34,29,0.0,train,1,0.0018221483414362
S34839,28,15,2025-11-13,59,26,0.0,train,1,0.0028614614361413
S34840,28,18,2025-11-13,17,26,0.0,train,1,0.0018996219144334
S34842,28,18,2025-11-13,37,14,0.0,train,1,0.0028967930626483
S34844,28,21,2025-11-13,17,17,0.0,train,1,0.0024865419007061
S34845,28,5,2025-11-13,25,18,0.0,train,1,0.0005954846296963
S34846,28,4,2025-11-13,20,27,0.0,train,1,0.0025277944949749
S34848,28,21,2025-11-13,32,21,0.0,train,1,0.0024290987176931
S34849,28,2,2025-11-13,32,30,0.0,train,1,0.0017800473528046
S34850,28,4,2025-11-13,37,24,0.0039863965221297,train,1,0.001034140095657
S34851,28,6,2025-11-13,22,26,0.0,train,1,0.0014235812652932
S34852,28,6,2025-11-13,46,22,0.0,train,1,0.0020145935105584
S34853,28,5,2025-11-13,54,28,0.0,train,1,0.001670634430956
S34854,28,10,2025-11-13,24,29,0.0,train,1,0.0026938925320862
S34995,28,14,2025-11-13,54,28,0.0,train,1,0.0021259481583767
S35013,28,25,2025-11-13,38,11,0.0,train,1,0.000915481959142
S35239,28,18,2025-11-13,23,14,0.0125361133585957,train,1,0.0022150703462629
S35240,28,15,2025-11-13,21,27,0.017455592726251,train,1,0.0028461573843581
S35243,28,16,2025-11-13,15,24,0.0205852834817517,train,1,0.0017531289525421
S35245,28,14,2025-11-13,55,21,0.0095605650736399,train,1,0.0019115646036517
S35246,28,16,2025-11-13,27,30,0.0344530893195015,train,1,0.0020943842393504
S35247,28,20,2025-11-13,49,23,0.0173784852254902,train,1,0.0030006559155159
S35248,28,15,2025-11-13,23,21,0.0196374383613604,train,1,0.002929375771693
S35250,28,18,2025-11-13,42,15,0.0322189174962335,train,1,0.0030809820392108
S35251,28,21,2025-11-13,50,26,0.0287254179490514,train,1,0.0024962910560554
S35252,28,22,2025-11-13,32,13,0.0,train,1,0.0023833622137856
S35253,28,22,2025-11-13,56,27,0.0291535783524415,train,1,0.0022101733948925
S35255,28,19,2025-11-13,35,21,0.0012118197533934,train,1,0.0026014882165341
S35256,28,16,2025-11-13,56,23,0.0073538115530303,train,1,0.0023244202243034
S35258,28,24,2025-11-13,30,13,0.0215967496240002,train,1,0.0021007449170084
S35259,28,4,2025-11-13,36,19,0.018102388084005,train,1,0.001367815194877
S35261,28,6,2025-11-13,34,20,0.0170007525484025,train,1,0.0013662366230458
S35262,28,2,2025-11-13,55,20,0.0012272332187586,train,1,0.0022196500176356
S35264,28,3,2025-11-13,34,31,0.0217411825379831,train,1,0.0025566222711381
S35380,28,20,2025-11-13,18,21,0.0,train,1,0.0026331147718592
S35394,28,10,2025-11-13,49,27,0.0,train,1,0.0023903993710822
S35396,28,10,2025-11-13,17,21,0.0,train,1,0.002367338578928
S35401,28,5,2025-11-13,59,17,0.0,train,1,0.0009560225623701
S35751,28,19,2025-11-13,29,30,0.0019723161420385,train,1,0.002588918308834
S35753,28,19,2025-11-13,21,18,0.0,train,1,0.0028302397831267
S35754,28,15,2025-11-13,23,14,0.0040286626785337,train,1,0.0025571960254796
S35756,28,22,2025-11-13,55,14,0.0,train,1,0.0028149018648481
S35757,28,20,2025-11-13,39,24,0.0039589606334337,train,1,0.002910098492236
S35758,28,20,2025-11-13,39,20,0.0040473136668091,train,1,0.0027920886289079
S35760,28,25,2025-11-13,44,23,0.0,train,1,0.0019927549841541
S35761,28,24,2025-11-13,50,22,0.0020197094381794,train,1,0.0023484991109817
S35764,28,10,2025-11-13,52,15,0.0019866014325914,train,1,0.0013124504111896
S36084,28,15,2025-11-13,31,27,0.0,train,1,0.0030190547761244
S36086,28,10,2025-11-13,41,27,0.0,train,1,0.0018428427992626
S36260,28,16,2025-11-13,47,26,0.0,train,1,0.0020150185038293
S36264,28,3,2025-11-13,15,22,0.0,train,1,0.0011671136324484
S36266,28,5,2025-11-13,22,24,0.0,train,1,0.001395157354948
S36636,28,12,2025-11-13,61,24,0.0,train,1,0.0018223239955552
S36637,28,14,2025-11-13,50,19,0.0,train,1,0.0011823216966057
S36639,28,14,2025-11-13,38,15,0.0,train,1,0.0011555593979212
S36650,28,15,2025-11-13,63,21,0.0,train,1,0.0030494331003774
S36651,28,18,2025-11-13,51,29,0.0,train,1,0.0028723467989042
S36652,28,21,2025-11-13,60,21,0.0,train,1,0.0026538177788625
S36655,28,20,2025-11-13,40,30,0.0,train,1,0.0026523888203104
S36657,28,18,2025-11-13,20,18,0.0,train,1,0.0027170494509265
S36659,28,19,2025-11-13,54,29,0.0,train,1,0.0027916378390946
S36661,28,6,2025-11-13,38,14,0.0,train,1,0.0015417634957024
S36662,28,5,2025-11-13,43,19,0.0,train,1,0.0005692333438756
S36667,28,5,2025-11-13,33,20,0.0,train,1,0.0011452948657816
S36668,28,16,2025-11-13,23,23,0.0,train,1,0.0021523432055421
S36882,28,15,2025-11-13,60,28,0.0,train,1,0.002265841606401
S36883,28,2,2025-11-13,26,13,0.0,train,1,0.0008984609945418
S37002,28,23,2025-11-13,48,26,0.0,train,1,0.0022628898161723
S37003,28,25,2025-11-13,28,21,0.0,train,1,0.0018218551080648
S37007,28,3,2025-11-13,18,23,0.0,train,1,0.0024269234585545
S37008,28,5,2025-11-13,29,16,0.0,train,1,0.0004742403144123
S37010,28,3,2025-11-13,39,28,0.0,train,1,0.0010974891806147
S37011,28,6,2025-11-13,20,20,0.0,train,1,0.0012499923190021
S37013,28,10,2025-11-13,47,23,0.0,train,1,0.0013128288958978
S37017,28,10,2025-11-13,33,18,0.0,train,1,0.0013559638027897
S37019,28,12,2025-11-13,31,21,0.0,train,1,0.0006771678095978
S37155,28,24,2025-11-13,31,16,0.0,train,1,0.0025823376226872
S37156,28,25,2025-11-13,19,23,0.0,train,1,0.0024075442445563
S37159,28,25,2025-11-13,35,27,0.0,train,1,0.0020153705840167
S37160,28,15,2025-11-13,61,16,0.0,train,1,0.0028616013665652
S37161,28,24,2025-11-13,37,21,0.0,train,1,0.0011678777994206
S37167,28,12,2025-11-13,62,26,0.0,train,1,0.0019608060945512
S37169,28,14,2025-11-13,43,30,0.0,train,1,0.0021710497421934
S37170,28,8,2025-11-13,58,24,0.0,train,1,0.0011680574483874
S37172,28,4,2025-11-13,33,15,0.0,train,1,0.0009698681411595
S37178,28,12,2025-11-13,56,25,0.0,train,1,0.0018375569495149
S37179,28,2,2025-11-13,52,18,0.0,train,1,0.0023091541254241
S37194,28,2,2025-11-13,41,11,0.0,train,1,0.0019903665743755
S37195,28,3,2025-11-13,44,32,0.0,train,1,0.0018149412397228
S37709,28,14,2025-11-13,40,24,0.0,train,1,0.0019147290528279
S37711,28,12,2025-11-13,60,23,0.0,train,1,0.0014602210499522
S37825,28,25,2025-11-13,23,30,0.0,train,1,0.0024251476282197
S37826,28,23,2025-11-13,42,31,0.0,train,1,0.0026659221756562
S38490,28,14,2025-11-13,17,21,0.0083327744618067,train,1,0.001397704083768
S38492,28,22,2025-11-13,18,27,0.0027315646864196,train,1,0.0022998470728142
S38493,28,21,2025-11-13,17,21,0.0056818831384115,train,1,0.0023494902853204
S38498,28,3,2025-11-13,30,17,0.0067856128623544,train,1,0.0010033594822073
S38501,28,6,2025-11-13,39,14,0.0,train,1,0.0017095075063467
S38502,28,2,2025-11-13,29,17,0.0083451570383927,train,1,0.0014481778017941
S38503,28,10,2025-11-13,51,25,0.001361036030485,train,1,0.0023123152290219
S38580,28,22,2025-11-13,53,24,0.0,train,1,0.00280917832738
S38595,28,14,2025-11-13,36,23,0.0,train,1,0.0018303656977629
S38597,28,14,2025-11-13,47,14,0.0,train,1,0.0012464695896776
S38598,28,14,2025-11-13,20,15,0.0,train,1,0.0022477425692888
S38600,28,24,2025-11-13,38,20,0.0,train,1,0.0026377402767054
S38669,28,20,2025-11-13,15,23,0.0,train,1,0.0025642447527359
S38671,28,24,2025-11-13,27,15,0.0,train,1,0.0016343101116627
S38672,28,23,2025-11-13,36,14,0.0,train,1,0.0025124659702173
S38674,28,12,2025-11-13,42,27,0.0,train,1,0.0014114072431546
S38675,28,3,2025-11-13,51,25,0.0,train,1,0.0021407917724505
S38676,28,6,2025-11-13,50,24,0.0,train,1,0.001613173122242
S38680,28,8,2025-11-13,50,17,0.0,train,1,0.0013957038975572
S38828,28,25,2025-11-13,46,14,0.0,train,1,0.002071857986935
S39072,28,15,2025-11-13,56,20,0.0,train,1,0.0024154640790061
S39074,28,19,2025-11-13,53,26,0.0,train,1,0.0029003465930574
S39075,28,20,2025-11-13,19,19,0.0,train,1,0.0026350373069791
S39077,28,20,2025-11-13,42,29,0.0,train,1,0.0026017101994941
S39080,28,2,2025-11-13,52,26,0.0,train,1,0.0020563422716697
S39081,28,22,2025-11-13,32,21,0.0,train,1,0.0022191215195012
S39083,28,4,2025-11-13,32,18,0.0,train,1,0.0011973874437236
S39084,28,4,2025-11-13,16,18,0.0,train,1,0.002891669383419
S39085,28,2,2025-11-13,31,24,0.0,train,1,0.0022095637389263
S39086,28,12,2025-11-13,41,19,0.0,train,1,0.0012605607223074
S39232,28,21,2025-11-13,55,18,0.0,train,1,0.002562687768604
S39233,28,18,2025-11-13,24,22,0.0,train,1,0.0030612641960268
S39234,28,24,2025-11-13,26,29,0.0,train,1,0.0021408732738279
S39235,28,4,2025-11-13,26,15,0.0,train,1,0.001032006227279
S39236,28,3,2025-11-13,20,19,0.0,train,1,0.0021363889867505
S39237,28,4,2025-11-13,41,15,0.0,train,1,0.0010480622866758
S39239,28,4,2025-11-13,34,20,0.0,train,1,0.001533390545021
S39241,28,5,2025-11-13,20,17,0.0,train,1,0.0009378293618959
S39242,28,5,2025-11-13,28,19,0.0,train,1,0.0008740442155709
S39244,28,6,2025-11-13,43,23,0.0,train,1,0.0017699957963851
S39246,28,24,2025-11-13,51,25,0.0,train,1,0.0019011420964871
S39248,28,12,2025-11-13,34,27,0.0,train,1,0.0010551236969642
S39249,28,12,2025-11-13,53,22,0.0,train,1,0.0009021042207235
S39292,28,18,2025-11-13,43,11,0.0,train,1,0.0024888937800978
S39337,28,12,2025-11-13,34,23,0.0,train,1,0.001508143515875
S39672,28,21,2025-11-13,52,13,0.0,train,1,0.0024156833354469
S39676,28,14,2025-11-13,41,25,0.0,train,1,0.0018479154880551
S39681,28,4,2025-11-13,42,20,0.0,train,1,0.0019266205126942
S39682,28,5,2025-11-13,32,26,0.0,train,1,0.0006893458952694
S39683,28,2,2025-11-13,28,30,0.0,train,1,0.0027000118524234
S39741,28,18,2025-11-13,52,31,0.0,train,1,0.002536335970134
S39742,28,12,2025-11-13,30,12,0.0,train,1,0.0010921120290451
S39777,28,14,2025-11-13,61,18,0.0,train,1,0.0023676065332326
S39778,28,16,2025-11-13,56,18,0.0,train,1,0.0020791701847107
S39779,28,14,2025-11-13,21,26,0.0,train,1,0.0019563370262981
S39780,28,12,2025-11-13,41,31,0.0,train,1,0.0016866478873111
S39783,28,6,2025-11-13,20,24,0.0,train,1,0.0019394228652507
S39784,28,4,2025-11-13,21,17,0.0,train,1,0.0017160521347968
S39785,28,2,2025-11-13,26,19,0.0,train,1,0.002188445864573
S39786,28,2,2025-11-13,35,13,0.0,train,1,0.0022119065740734
S40084,28,21,2025-11-13,19,22,0.0058234908136482,train,1,0.0024943625864893
S40086,28,21,2025-11-13,30,15,0.0,train,1,0.0022101800067483
S40087,28,21,2025-11-13,38,24,0.0,train,1,0.0027480107211929
S40088,28,24,2025-11-13,52,23,0.0,train,1,0.0021892943975125
S40093,28,3,2025-11-13,63,20,0.0,train,1,0.0023284572474498
S40095,28,10,2025-11-13,34,31,0.0019613646678111,train,1,0.0025945027214544
S40096,28,12,2025-11-13,60,17,0.0,train,1,0.0016454290569123
S40097,28,10,2025-11-13,14,23,0.0039004253582583,train,1,0.0016826968256265
S40586,28,24,2025-11-13,46,20,0.0,train,1,0.0022192801797623
S40588,28,23,2025-11-13,23,18,0.0021632868030799,train,1,0.0023405105604207
S40589,28,20,2025-11-13,53,22,0.0,train,1,0.0027264171885205
S40592,28,16,2025-11-13,58,15,0.0042645935765095,train,1,0.0020931900508882
S40593,28,15,2025-11-13,52,29,0.0,train,1,0.0026465374100368
S40594,28,21,2025-11-13,59,23,0.0021595362862928,train,1,0.0027631928351758
S40597,28,15,2025-11-13,34,25,0.0021403409041971,train,1,0.0031353617588608
S40598,28,15,2025-11-13,29,18,0.0,train,1,0.0029006436509107
S40599,28,19,2025-11-13,50,24,0.0064790311436728,train,1,0.0031004153049416
S40601,28,24,2025-11-13,63,21,0.0,train,1,0.0023423699638495
S40614,28,22,2025-11-13,40,27,0.0,train,1,0.0029408952268168
S40623,28,2,2025-11-13,60,26,0.0,train,1,0.0024847579357273
S40624,28,3,2025-11-13,29,21,0.0,train,1,0.0011895298488072
S40626,28,3,2025-11-13,14,24,0.0129751461988304,train,1,0.0025597950976951
S40884,28,5,2025-11-13,43,11,0.0,train,1,0.0012546757060108
S41234,28,23,2025-11-13,45,19,0.0,train,1,0.0017856658869328
S41236,28,24,2025-11-13,19,17,0.0,train,1,0.0022455691318205
S41237,28,23,2025-11-13,56,26,0.0,train,1,0.0020948290103528
S41238,28,25,2025-11-13,43,22,0.0,train,1,0.0022643814776418
S41239,28,15,2025-11-13,59,23,0.0,train,1,0.0028377208363825
S41240,28,12,2025-11-13,40,21,0.0,train,1,0.0013786198189781
S41242,28,15,2025-11-13,18,24,0.0,train,1,0.0029545341616098
S41253,28,12,2025-11-13,35,28,0.0,train,1,0.0011518561997098
S41259,28,5,2025-11-13,45,17,0.0,train,1,0.0008373286836356
S41260,28,6,2025-11-13,53,14,0.0,train,1,0.0017493736679315
S41261,28,3,2025-11-13,55,24,0.0,train,1,0.0011823553217747
S41332,28,5,2025-11-13,43,32,0.0,train,1,0.0010280397065165
S41587,28,15,2025-11-13,35,26,0.0054612984044657,train,1,0.0022850255141011
S41588,28,19,2025-11-13,31,23,0.0091389189228947,train,1,0.0030778745090014
S41589,28,16,2025-11-13,45,25,0.0054252903676534,train,1,0.002049283957869
S41592,28,18,2025-11-13,59,16,0.0,train,1,0.0027225810554457
S41593,28,21,2025-11-13,29,30,0.005333648129467,train,1,0.002181976557954
S41594,28,18,2025-11-13,42,30,0.0106385255902562,train,1,0.0019714822174464
S41596,28,16,2025-11-13,41,14,0.001829297468797,train,1,0.0015671473658256
S41598,28,21,2025-11-13,38,29,0.0,train,1,0.0023432454353386
S41601,28,25,2025-11-13,28,30,0.0017727271105974,train,1,0.0015161770922164
S41603,28,23,2025-11-13,17,25,0.0144581292431663,train,1,0.0026669032620303
S41605,28,22,2025-11-13,52,29,0.001800842083904,train,1,0.0026237060522275
S41606,28,23,2025-11-13,35,22,0.0018150875040172,train,1,0.0024886639545059
S41607,28,3,2025-11-13,56,22,0.0109538922683593,train,1,0.0013892372094212
S41608,28,5,2025-11-13,35,31,0.0017703969678835,train,1,0.0007393087592278
S41612,28,6,2025-11-13,63,24,0.0088488642473836,train,1,0.0019138532037293
S41615,28,10,2025-11-13,20,22,0.0,train,1,0.0027478282074358
S41680,28,14,2025-11-13,54,13,0.0072501823486506,train,1,0.0011601967205683
S41684,28,14,2025-11-13,59,15,0.0053409848045221,train,1,0.0012609777876874
S41685,28,14,2025-11-13,43,32,0.0048190434635056,train,1,0.0024343730385111
S42176,28,23,2025-11-13,47,24,0.0022501720453475,train,1,0.0022720763354156
S42177,28,23,2025-11-13,36,24,0.0022925517438615,train,1,0.0028537151549924
S42178,28,24,2025-11-13,58,18,0.0022886878036425,train,1,0.0018862373851928
S42180,28,18,2025-11-13,59,17,0.0,train,1,0.0027515838813624
S42181,28,16,2025-11-13,55,14,0.0,train,1,0.0017347106215304
S42183,28,21,2025-11-13,38,15,0.011519989615784,train,1,0.002221092413088
S42185,28,21,2025-11-13,39,27,0.0,train,1,0.0022178531722031
S42186,28,12,2025-11-13,42,24,0.0,train,1,0.0011001679677134
S42187,28,25,2025-11-13,35,23,0.0022656200140404,train,1,0.0020279248040887
S42192,28,23,2025-11-13,58,23,0.0,train,1,0.0020166974679938
S42204,28,4,2025-11-13,48,23,0.0,train,1,0.0007854870378691
S42205,28,4,2025-11-13,36,24,0.0,train,1,0.0015454732447864
S42206,28,3,2025-11-13,60,27,0.0,train,1,0.0025824172105731
S42207,28,3,2025-11-13,18,21,0.0022559940445388,train,1,0.0013153630411295
S42208,28,3,2025-11-13,63,24,0.0023105210062156,train,1,0.0015542680307999
S42497,28,24,2025-11-13,36,13,0.0,train,1,0.0020103756195351
S42503,28,20,2025-11-13,26,27,0.007416914145861,train,1,0.0024595014777767
S42505,28,20,2025-11-13,52,29,0.0,train,1,0.0027149082437281
S42506,28,18,2025-11-13,40,24,0.0,train,1,0.0026756800992536
S42516,28,19,2025-11-13,26,15,0.0,train,1,0.0021362885938571
S42520,28,8,2025-11-13,63,23,0.0,train,1,0.001677022518675
S42527,28,4,2025-11-13,33,20,0.0,train,1,0.0014097575887593
S42528,28,8,2025-11-13,34,26,0.0025008931761343,train,1,0.0011066450086797
S42530,28,4,2025-11-13,29,27,0.0,train,1,0.0013030989680717
S42531,28,4,2025-11-13,48,26,0.0,train,1,0.0012285523392091
S42942,28,25,2025-11-13,62,24,0.0,train,1,0.0022117339956087
S42943,28,8,2025-11-13,34,15,0.0,train,1,0.0019471146788965
S42946,28,12,2025-11-13,52,23,0.0,train,1,0.0013287552853827
S42952,28,8,2025-11-13,44,18,0.0,train,1,0.0011693304167363
S42955,28,10,2025-11-13,44,17,0.0,train,1,0.0013933582185282
S42957,28,3,2025-11-13,28,13,0.0,train,1,0.0017872111659568
S42958,28,5,2025-11-13,52,19,0.0,train,1,0.0008929368840966
S42959,28,6,2025-11-13,52,19,0.0,train,1,0.0017179322959743
S43042,28,12,2025-11-13,15,21,0.0,train,1,0.0014075156696103
S43044,28,3,2025-11-13,37,13,0.0,train,1,0.0017445004827097
S43186,28,15,2025-11-13,22,22,0.0061545320017089,train,1,0.0029588960914434
S43187,28,15,2025-11-13,36,18,0.0177160664066384,train,1,0.0025529896822065
S43188,28,19,2025-11-13,47,15,0.0217268998445227,train,1,0.0026064572910958
S43189,28,22,2025-11-13,38,23,0.0,train,1,0.0029817717512912
S43191,28,15,2025-11-13,40,14,0.0151453281081443,train,1,0.0020020331166056
S43192,28,20,2025-11-13,27,22,0.0137552832702701,train,1,0.0026345408952902
S43193,28,20,2025-11-13,52,26,0.0168430915216394,train,1,0.0026897672866743
S43195,28,24,2025-11-13,50,18,0.0183505314910899,train,1,0.002355783479891
S43196,28,25,2025-11-13,47,16,0.0071020581474631,train,1,0.0016133684494243
S43197,28,21,2025-11-13,63,20,0.0108438657875736,train,1,0.0026859615931676
S43199,28,18,2025-11-13,37,18,0.0,train,1,0.0031258182912281
S43200,28,23,2025-11-13,43,17,0.0050375433816613,train,1,0.0020984664899667
S43202,28,12,2025-11-13,47,25,0.0080629624897844,train,1,0.0009925931705823
S43680,28,21,2025-11-13,52,31,0.0071556976136704,train,1,0.002386896025907
S00461,28,23,2025-11-13,47,27,0.0,train,2,0.0024280874267255
S00463,28,23,2025-11-13,49,14,0.0,train,2,0.0023895680112766
S00465,28,25,2025-11-13,22,26,0.0,train,2,0.0014389143810201
S00467,28,23,2025-11-13,32,21,0.0047907539412867,train,2,0.0025322756770312
S00469,28,20,2025-11-13,29,20,0.0024476488781198,train,2,0.0015199791524522
S00472,28,25,2025-11-13,46,20,0.0,train,2,0.0022232570770518
S00478,28,22,2025-11-13,23,26,0.0,train,2,0.0022399969340611
S00484,28,16,2025-11-13,14,24,0.0,train,2,0.0024088726703066
S00485,28,14,2025-11-13,39,22,0.0,train,2,0.0019533258919671
S00493,28,5,2025-11-13,37,26,0.0,train,2,0.000466287111185
S00660,28,21,2025-11-13,25,27,0.0,train,2,0.0024546913691144
S00662,28,25,2025-11-13,36,22,0.0,train,2,0.0020691760102203
S00664,28,23,2025-11-13,36,13,0.0,train,2,0.0023421156289303
S00666,28,4,2025-11-13,58,23,0.0,train,2,0.0013747359373862
S00667,28,8,2025-11-13,44,30,0.0,train,2,0.0011024335323893
S00668,28,5,2025-11-13,36,31,0.0,train,2,0.0022986089178803
S00670,28,10,2025-11-13,41,22,0.0,train,2,0.0015156973181558
S00671,28,5,2025-11-13,32,16,0.0,train,2,0.0005513324232408
S00673,28,14,2025-11-13,19,25,0.0,train,2,0.0023986681906846
S00727,28,25,2025-11-13,31,30,0.0,train,2,0.0016901626479495
S00728,28,24,2025-11-13,42,30,0.0,train,2,0.0016614376491414
S00729,28,19,2025-11-13,60,22,0.0,train,2,0.0028445321231365
S00731,28,15,2025-11-13,61,25,0.0,train,2,0.0028920015172406
S00732,28,19,2025-11-13,30,20,0.0,train,2,0.0029958551046604
S00733,28,20,2025-11-13,53,21,0.0,train,2,0.0027040804628951
S00755,28,5,2025-11-13,57,16,0.0,train,2,0.0009206014060345
S00881,28,12,2025-11-13,19,23,0.0,train,2,0.0012592638635644
S00905,28,23,2025-11-13,54,30,0.0,train,2,0.0024491931640549
S00906,28,24,2025-11-13,19,28,0.0,train,2,0.0015844975344497
S01129,28,25,2025-11-13,42,22,0.0,train,2,0.0027613553917594
S01130,28,8,2025-11-13,45,30,0.0,train,2,0.001139467563367
S01133,28,25,2025-11-13,44,24,0.0,train,2,0.0025742875061454
S01134,28,12,2025-11-13,36,19,0.0,train,2,0.0011786418177037
S01744,28,14,2025-11-13,39,32,0.002976805474447,train,2,0.0022540219731345
S01746,28,4,2025-11-13,54,13,0.0044648471890328,train,2,0.0019529687862415
S01794,28,16,2025-11-13,19,22,0.0,train,2,0.0021700329835005
S01796,28,12,2025-11-13,27,17,0.0,train,2,0.0015804157638133
S01863,28,15,2025-11-13,28,20,0.0074317312494579,train,2,0.0027686832241765
S01866,28,22,2025-11-13,61,19,0.0058951913268332,train,2,0.002345552359238
S01867,28,19,2025-11-13,31,13,0.0028537878722628,train,2,0.0027114454227421
S01868,28,19,2025-11-13,55,21,0.0043893736531599,train,2,0.0028806280910934
S01869,28,18,2025-11-13,44,23,0.0100082563080207,train,2,0.0029144403925481
S01870,28,21,2025-11-13,51,28,0.0014377542105659,train,2,0.0026925686076075
S01874,28,8,2025-11-13,30,29,0.0073207304822255,train,2,0.0010385422293509
S01875,28,6,2025-11-13,62,25,0.007245869708474,train,2,0.0029055011895888
S01877,28,4,2025-11-13,23,27,0.0029669427654652,train,2,0.0022912305480366
S01878,28,3,2025-11-13,21,28,0.0100184588448391,train,2,0.0013093424820392
S01984,28,16,2025-11-13,34,15,0.0,train,2,0.0017039716853615
S01985,28,22,2025-11-13,54,22,0.0,train,2,0.0028275328378631
S01986,28,15,2025-11-13,32,17,0.0,train,2,0.0028547303579009
S01988,28,20,2025-11-13,36,21,0.0,train,2,0.0029279135282896
S01990,28,18,2025-11-13,25,26,0.0,train,2,0.002966028559398
S01991,28,4,2025-11-13,28,29,0.0196559224836859,train,2,0.00225610347062
S01992,28,5,2025-11-13,47,20,0.0,train,2,0.0005984019943272
S01993,28,8,2025-11-13,58,23,0.0,train,2,0.0022103417247548
S01997,28,6,2025-11-13,43,31,0.0,train,2,0.0016361612019626
S02159,28,25,2025-11-13,59,18,0.0,train,2,0.0021917463336894
S02161,28,24,2025-11-13,49,26,0.0,train,2,0.0022860365152223
S02737,28,14,2025-11-13,48,24,0.0,train,2,0.0021264223151411
S02739,28,23,2025-11-13,43,30,0.0,train,2,0.0023575310672211
S02742,28,19,2025-11-13,59,22,0.0,train,2,0.0028676536466723
S02743,28,16,2025-11-13,57,23,0.0,train,2,0.0023641768638296
S02744,28,19,2025-11-13,55,14,0.0,train,2,0.0026674612637443
S02747,28,12,2025-11-13,35,20,0.0,train,2,0.0012212084057441
S02765,28,5,2025-11-13,29,26,0.0,train,2,0.0008764157448889
S02766,28,2,2025-11-13,56,23,0.0,train,2,0.0020536592443928
S02768,28,3,2025-11-13,20,18,0.0,train,2,0.0022402452261408
S02769,28,4,2025-11-13,34,21,0.0,train,2,0.0013571076044453
S02770,28,2,2025-11-13,40,23,0.0,train,2,0.0020992487624397
S02895,28,23,2025-11-13,61,26,0.0,train,2,0.0024633385175545
S02896,28,22,2025-11-13,44,28,0.0,train,2,0.0029309297138145
S02898,28,23,2025-11-13,21,25,0.0,train,2,0.0022167707168673
S02901,28,16,2025-11-13,22,15,0.0,train,2,0.0015662703739864
S02904,28,24,2025-11-13,47,23,0.0,train,2,0.0023516004238531
S02914,28,16,2025-11-13,23,19,0.0,train,2,0.0020358694257585
S02915,28,10,2025-11-13,33,23,0.0,train,2,0.0014895463815817
S02917,28,5,2025-11-13,23,17,0.0,train,2,0.0010155545697753
S02918,28,2,2025-11-13,39,18,0.0,train,2,0.0019334279321635
S03291,28,25,2025-11-13,43,29,0.002866106132429,train,2,0.0020004618421333
S03293,28,25,2025-11-13,34,24,0.0028940947655899,train,2,0.0019499144802481
S03295,28,21,2025-11-13,42,27,0.0,train,2,0.0025808267005425
S03296,28,21,2025-11-13,26,26,0.0,train,2,0.0025295089583884
S03297,28,15,2025-11-13,28,25,0.0,train,2,0.0030735512663427
S03299,28,15,2025-11-13,16,23,0.0028695315792816,train,2,0.0029475321906598
S03306,28,14,2025-11-13,42,28,0.0,train,2,0.002122401829188
S03310,28,8,2025-11-13,24,19,0.0,train,2,0.0015025487680777
S03491,28,12,2025-11-13,34,21,0.0,train,2,0.0006250701485475
S03496,28,25,2025-11-13,27,16,0.0,train,2,0.0016457111489028
S03828,28,2,2025-11-13,19,28,0.0069426982929623,train,2,0.0013443599130035
S04459,28,2,2025-11-13,22,17,0.0,train,2,0.0021612063942701
S04467,28,12,2025-11-13,32,25,0.0,train,2,0.0010710629089396
S04468,28,12,2025-11-13,50,22,0.0,train,2,0.0016322027947632
S04510,28,19,2025-11-13,33,22,0.0046741716747077,train,2,0.0028416925479311
S04511,28,18,2025-11-13,19,16,0.0,train,2,0.0024108140497851
S04513,28,4,2025-11-13,31,28,0.0,train,2,0.0009463851981524
S04516,28,2,2025-11-13,50,14,0.0,train,2,0.0019808121116115
S04517,28,24,2025-11-13,48,17,0.0,train,2,0.0024438074152708
S04521,28,19,2025-11-13,26,29,0.0,train,2,0.0029701865439596
S04657,28,10,2025-11-13,56,22,0.0,train,2,0.0014585460255971
S04658,28,21,2025-11-13,25,19,0.0034283191578889,train,2,0.0021766132170442
S04660,28,18,2025-11-13,58,16,0.0,train,2,0.002775642702317
S04661,28,22,2025-11-13,51,20,0.0,train,2,0.0025162843154481
S04663,28,23,2025-11-13,27,30,0.0,train,2,0.0022411520518466
S04664,28,18,2025-11-13,45,29,0.0,train,2,0.0026341990063551
S04666,28,20,2025-11-13,61,27,0.0,train,2,0.0026137295827306
S04668,28,15,2025-11-13,29,14,0.0,train,2,0.0025985829481065
S04676,28,18,2025-11-13,21,28,0.0,train,2,0.0024685021709497
S04680,28,10,2025-11-13,32,13,0.0,train,2,0.0022964359996566
S04685,28,5,2025-11-13,26,29,0.0,train,2,0.0013852188155992
S04688,28,3,2025-11-13,47,19,0.0,train,2,0.0022271322542215
S04689,28,2,2025-11-13,31,26,0.0,train,2,0.0020895387046139
S04692,28,10,2025-11-13,46,19,0.0,train,2,0.0010095179278022
S05152,28,5,2025-11-13,22,14,0.0,train,2,0.001118444689533
S05230,28,20,2025-11-13,29,27,0.0,train,2,0.0026240048917369
S05231,28,6,2025-11-13,43,16,0.0,train,2,0.0016573917305817
S05233,28,24,2025-11-13,47,16,0.0,train,2,0.0025856014858832
S05236,28,10,2025-11-13,47,19,0.0,train,2,0.0011425779367192
S05496,28,24,2025-11-13,37,20,0.0,train,2,0.0017192369641292
S05497,28,25,2025-11-13,21,21,0.0,train,2,0.0019966832240419
S05498,28,19,2025-11-13,30,17,0.0,train,2,0.002923283609991
S05499,28,18,2025-11-13,36,23,0.0,train,2,0.0026365068587386
S05500,28,18,2025-11-13,45,20,0.0,train,2,0.0029667851112305
S05501,28,15,2025-11-13,50,30,0.0,train,2,0.002366863219867
S05503,28,14,2025-11-13,39,25,0.0,train,2,0.001775802463477
S05509,28,25,2025-11-13,29,17,0.0,train,2,0.0016324737434639
S05513,28,8,2025-11-13,51,17,0.0,train,2,0.0015557807922489
S05515,28,5,2025-11-13,30,18,0.0,train,2,0.0009041026984913
S05516,28,5,2025-11-13,40,18,0.0,train,2,0.0009049798107697
S05517,28,6,2025-11-13,35,31,0.0,train,2,0.0021907450329992
S05645,28,2,2025-11-13,25,25,0.0383807493899237,train,2,0.0025922326983274
S05917,28,8,2025-11-13,28,31,0.0,train,2,0.0026035996133765
S05918,28,3,2025-11-13,24,13,0.0,train,2,0.0015124743046149
S05942,28,14,2025-11-13,24,16,0.0,train,2,0.0019291991586523
S05963,28,16,2025-11-13,30,27,0.0,train,2,0.0020221746119398
S05964,28,23,2025-11-13,29,13,0.0,train,2,0.0024410093133687
S05966,28,10,2025-11-13,16,25,0.0,train,2,0.0027139695382704
S05967,28,10,2025-11-13,50,18,0.0,train,2,0.0014708803435559
S05969,28,8,2025-11-13,39,21,0.0,train,2,0.0020037917030544
S05970,28,6,2025-11-13,47,27,0.0,train,2,0.0016026046574849
S05971,28,3,2025-11-13,44,15,0.0,train,2,0.0017244828594413
S06132,28,16,2025-11-13,62,27,0.0135679900992801,train,2,0.0024888336675612
S06134,28,12,2025-11-13,54,30,0.0,train,2,0.0018897079605911
S06135,28,8,2025-11-13,21,29,0.0046536016254833,train,2,0.0015971672312493
S06385,28,23,2025-11-13,32,31,0.0015230215276181,train,2,0.0024336154237491
S06386,28,14,2025-11-13,50,21,0.0015596560597502,train,2,0.0013907962503136
S06387,28,23,2025-11-13,54,14,0.0,train,2,0.0020826711951822
S06388,28,23,2025-11-13,56,18,0.0045494905852091,train,2,0.0022075804941097
S06390,28,24,2025-11-13,32,29,0.0140318846580963,train,2,0.00173994598294
S06391,28,18,2025-11-13,37,13,0.0030705168600412,train,2,0.00247368833084
S06393,28,25,2025-11-13,43,25,0.0075497952288939,train,2,0.0019192003847801
S06394,28,20,2025-11-13,38,20,0.0015250544662309,train,2,0.0029806870930462
S06395,28,19,2025-11-13,22,26,0.0,train,2,0.002972705760889
S06397,28,18,2025-11-13,43,27,0.0,train,2,0.0021356454719031
S06399,28,20,2025-11-13,43,30,0.0030144231352426,train,2,0.0026099085414668
S06400,28,20,2025-11-13,60,27,0.0031000789054288,train,2,0.002540296619058
S06401,28,15,2025-11-13,58,16,0.0060474978021543,train,2,0.0027344725903946
S06402,28,16,2025-11-13,28,14,0.0077499072194206,train,2,0.002269726534813
S06403,28,16,2025-11-13,27,22,0.0059771856715915,train,2,0.0022035931349225
S06404,28,18,2025-11-13,52,23,0.0077672755460535,train,2,0.002304418382421
S06405,28,15,2025-11-13,34,13,0.0015556139823717,train,2,0.0029222208622139
S06406,28,19,2025-11-13,45,23,0.001555833122028,train,2,0.0031522679368418
S06407,28,10,2025-11-13,41,30,0.0,train,2,0.002452967768834
S06408,28,19,2025-11-13,54,17,0.0,train,2,0.0024993202605925
S06805,28,3,2025-11-13,14,25,0.0,train,2,0.0021809191720532
S07150,28,23,2025-11-13,27,15,0.0,train,2,0.0020084793162583
S07151,28,18,2025-11-13,30,24,0.0,train,2,0.0026636104899798
S07153,28,19,2025-11-13,36,21,0.0,train,2,0.0030824023849415
S07154,28,19,2025-11-13,53,19,0.0,train,2,0.0030141567382571
S07155,28,18,2025-11-13,44,29,0.0,train,2,0.0028867674975628
S07163,28,8,2025-11-13,57,16,0.0037254416934643,train,2,0.0013614309101424
S07165,28,12,2025-11-13,23,29,0.0,train,2,0.0018022531612038
S07169,28,4,2025-11-13,37,14,0.0,train,2,0.0010773954065329
S07176,28,3,2025-11-13,47,21,0.0,train,2,0.0016502351981316
S07178,28,4,2025-11-13,29,25,0.0,train,2,0.0013184197613335
S07301,28,25,2025-11-13,39,11,0.0,train,2,0.0010105725540319
S07303,28,6,2025-11-13,52,31,0.0,train,2,0.0013903174956565
S07551,28,3,2025-11-13,27,25,0.0,train,2,0.0015394220407949
S07785,28,16,2025-11-13,43,32,0.008692648415603,train,2,0.0021650024601203
S07922,28,25,2025-11-13,40,13,0.0131464961413578,train,2,0.001339039029421
S07925,28,19,2025-11-13,14,24,0.0055710243959305,train,2,0.0028237053946855
S07926,28,25,2025-11-13,39,26,0.0103843461727311,train,2,0.0021277321685992
S07927,28,19,2025-11-13,53,23,0.0232228685998526,train,2,0.0029080876805858
S07929,28,20,2025-11-13,32,28,0.0111006879299562,train,2,0.0027329361904931
S07930,28,18,2025-11-13,46,16,0.0129616106822449,train,2,0.0028362923020342
S07931,28,18,2025-11-13,48,19,0.0010806415140287,train,2,0.0029585268857382
S07932,28,16,2025-11-13,42,31,0.0129798903107861,train,2,0.0018650536011708
S07934,28,15,2025-11-13,38,27,0.0044162762438548,train,2,0.0025263156062646
S07935,28,19,2025-11-13,41,28,0.0154474475967874,train,2,0.00311207287643
S07936,28,14,2025-11-13,31,24,0.0150578682663758,train,2,0.0017824129743992
S07939,28,15,2025-11-13,40,21,0.0053342778332313,train,2,0.0030524975475547
S07942,28,10,2025-11-13,19,27,0.0041451382199258,train,2,0.0025322188531141
S07945,28,4,2025-11-13,56,20,0.0105512105231871,train,2,0.0011795992856998
S07946,28,3,2025-11-13,44,25,0.013691111902219,train,2,0.0031094199263056
S08811,28,18,2025-11-13,48,22,0.0,train,2,0.0029774322606562
S08813,28,20,2025-11-13,26,23,0.0,train,2,0.0028552188321615
S08814,28,20,2025-11-13,27,15,0.0,train,2,0.002234431974307
S08820,28,8,2025-11-13,25,18,0.0,train,2,0.0012753186652136
S08822,28,8,2025-11-13,31,14,0.0,train,2,0.0013539704907615
S08823,28,10,2025-11-13,53,22,0.0,train,2,0.0016159117893239
S08825,28,19,2025-11-13,33,19,0.0,train,2,0.003051670465432
S08827,28,5,2025-11-13,39,20,0.0,train,2,0.0008078901695304
S08831,28,6,2025-11-13,20,16,0.0,train,2,0.0017371594326701
S08833,28,8,2025-11-13,47,28,0.0,train,2,0.0010303201836247
S08834,28,3,2025-11-13,21,23,0.0,train,2,0.0022871499650509
S08970,28,15,2025-11-13,19,19,0.0,train,2,0.0026416132089137
S08972,28,20,2025-11-13,20,27,0.0,train,2,0.0026516328184545
S08973,28,23,2025-11-13,61,25,0.0,train,2,0.0023427259583735
S08974,28,23,2025-11-13,37,25,0.0,train,2,0.0026491277890518
S08976,28,4,2025-11-13,37,26,0.0,train,2,0.0014303134145454
S08977,28,4,2025-11-13,59,19,0.0,train,2,0.0011686448886558
S08978,28,6,2025-11-13,58,26,0.0,train,2,0.0014936000804004
S08983,28,4,2025-11-13,52,15,0.0,train,2,0.0011883232219619
S09225,28,25,2025-11-13,45,20,0.0,train,2,0.0020351969339107
S09226,28,23,2025-11-13,41,24,0.0,train,2,0.0027940468097769
S09227,28,20,2025-11-13,58,23,0.0,train,2,0.0027610354453811
S09228,28,15,2025-11-13,31,17,0.0,train,2,0.0028423539809696
S09230,28,22,2025-11-13,43,22,0.0,train,2,0.0031124563843725
S09231,28,15,2025-11-13,52,18,0.0,train,2,0.0029813738632578
S09233,28,15,2025-11-13,35,29,0.0,train,2,0.0027744552750914
S09250,28,12,2025-11-13,40,15,0.0,train,2,0.0011673230730914
S09256,28,5,2025-11-13,39,17,0.0,train,2,0.000985905971276
S09258,28,8,2025-11-13,47,25,0.0,train,2,0.0012748864927908
S09281,28,25,2025-11-13,53,27,0.0,train,2,0.0020900222246473
S09289,28,25,2025-11-13,35,15,0.0,train,2,0.0015936773864139
S09322,28,25,2025-11-13,28,31,0.0,train,2,0.0016605362495603
S09417,28,18,2025-11-13,57,22,0.0,train,2,0.0023439425736823
S09418,28,19,2025-11-13,57,24,0.0,train,2,0.003012306619654
S09421,28,3,2025-11-13,32,14,0.0,train,2,0.0018926275626729
S09422,28,4,2025-11-13,55,28,0.0,train,2,0.0026117307027596
S09423,28,3,2025-11-13,44,16,0.0,train,2,0.0010456497192289
S09424,28,10,2025-11-13,35,15,0.0,train,2,0.0016432267699525
S09430,28,8,2025-11-13,34,17,0.0,train,2,0.0019564764219491
S09431,28,16,2025-11-13,44,22,0.0,train,2,0.0024313984930057
S09432,28,10,2025-11-13,44,13,0.0,train,2,0.0011374532677114
S09595,28,24,2025-11-13,57,14,0.0,train,2,0.0021050881828495
S09619,28,25,2025-11-13,45,18,0.0,train,2,0.0021460651704998
S09622,28,12,2025-11-13,24,24,0.0,train,2,0.0009330190762731
S09623,28,10,2025-11-13,42,25,0.0,train,2,0.001435521012259
S09624,28,8,2025-11-13,49,19,0.0,train,2,0.0016775727045568
S09625,28,8,2025-11-13,55,21,0.0,train,2,0.0015560143884001
S09627,28,2,2025-11-13,15,18,0.0,train,2,0.0021141459681118
S09639,28,23,2025-11-13,30,16,0.0,train,2,0.0023142177511924
S09644,28,14,2025-11-13,36,13,0.0,train,2,0.0019554751109678
S09646,28,14,2025-11-13,34,27,0.0,train,2,0.002056134716135
S09795,28,24,2025-11-13,62,27,0.0127543819129006,train,2,0.0013260079243701
S09799,28,12,2025-11-13,51,31,0.0,train,2,0.0018697034468972
S10158,28,16,2025-11-13,22,29,0.0,train,2,0.0022826032587273
S10378,28,19,2025-11-13,19,15,0.0,train,2,0.0017921438970794
S10423,28,15,2025-11-13,46,28,0.0,train,2,0.0024746834928268
S10424,28,25,2025-11-13,53,16,0.0,train,2,0.0025354862699964
S10431,28,24,2025-11-13,33,26,0.0,train,2,0.0016413987699063
S10433,28,10,2025-11-13,41,23,0.0,train,2,0.0013710275990765
S10557,28,23,2025-11-13,51,20,0.0,train,2,0.0028149216491616
S10558,28,24,2025-11-13,39,22,0.0,train,2,0.0018943835194092
S10560,28,22,2025-11-13,32,30,0.0,train,2,0.0021998135161752
S10561,28,2,2025-11-13,31,21,0.0,train,2,0.0018113372105427
S10563,28,6,2025-11-13,42,30,0.0,train,2,0.0018935544786496
S10566,28,14,2025-11-13,50,25,0.0,train,2,0.0019680476571385
S10596,28,16,2025-11-13,57,14,0.0,train,2,0.0020066337331541
S10597,28,3,2025-11-13,62,16,0.0,train,2,0.00166347390883
S10598,28,19,2025-11-13,43,32,0.0,train,2,0.0020811494125104
S10874,28,15,2025-11-13,13,19,0.0,train,2,0.0022307570601676
S10876,28,14,2025-11-13,45,32,0.0,train,2,0.0024700414936527
S10878,28,4,2025-11-13,59,15,0.0156559016079108,train,2,0.0018432267520723
S11473,28,19,2025-11-13,57,25,0.0118564640243093,train,2,0.0028565658181796
S11474,28,16,2025-11-13,39,19,0.0034763169785559,train,2,0.001980714504699
S11476,28,15,2025-11-13,59,18,0.0226685823215107,train,2,0.0028150916143307
S11477,28,20,2025-11-13,45,21,0.0115638037817942,train,2,0.002733507822285
S11478,28,18,2025-11-13,54,17,0.0199385751028577,train,2,0.0027845161186721
S11480,28,18,2025-11-13,60,26,0.0197855750487329,train,2,0.0029612506796911
S11483,28,20,2025-11-13,61,17,0.0173973921414194,train,2,0.0027070429653592
S11484,28,20,2025-11-13,43,22,0.0049289838132681,train,2,0.0027637473544785
S11487,28,18,2025-11-13,53,16,0.0153598437437223,train,2,0.0027837182599822
S11489,28,18,2025-11-13,41,13,0.0054746158750091,train,2,0.002663092634811
S11492,28,12,2025-11-13,17,25,0.0205745984434509,train,2,0.0015862352305849
S11493,28,2,2025-11-13,46,13,0.0136215386583104,train,2,0.0021547537366038
S11497,28,8,2025-11-13,57,19,0.0158777781944809,train,2,0.0015813870819268
S11498,28,8,2025-11-13,48,19,0.0181094527363184,train,2,0.0017350891958032
S11642,28,16,2025-11-13,38,32,0.0,train,2,0.0020530781256717
S11665,28,24,2025-11-13,30,22,0.0,train,2,0.0025115141708417
S11704,28,16,2025-11-13,30,24,0.0,train,2,0.0020839859958583
S11705,28,16,2025-11-13,55,16,0.0,train,2,0.0021143642763218
S11707,28,22,2025-11-13,30,22,0.0,train,2,0.0021933188887391
S11709,28,19,2025-11-13,49,13,0.0,train,2,0.0023251882375321
S11711,28,12,2025-11-13,25,25,0.0,train,2,0.00132445064749
S11714,28,8,2025-11-13,56,21,0.0,train,2,0.0013354279797478
S11715,28,2,2025-11-13,60,18,0.0,train,2,0.0023208905243562
S11716,28,3,2025-11-13,46,13,0.0,train,2,0.0010388415099437
S11717,28,6,2025-11-13,29,14,0.0,train,2,0.0011907111043751
S11720,28,4,2025-11-13,57,18,0.0,train,2,0.0010655736573257
S11723,28,6,2025-11-13,36,18,0.0,train,2,0.0023728393596335
S11999,28,19,2025-11-13,27,12,0.0,train,2,0.0013794952059171
S12000,28,10,2025-11-13,23,13,0.0,train,2,0.0014785479840245
S12008,28,25,2025-11-13,49,31,0.0,train,2,0.0019520297670775
S12009,28,5,2025-11-13,27,31,0.0,train,2,0.0014031314660122
S12046,28,14,2025-11-13,53,20,0.0,train,2,0.002031835295587
S12048,28,24,2025-11-13,30,23,0.0,train,2,0.0021535140737042
S12049,28,14,2025-11-13,57,26,0.0,train,2,0.0020831601593695
S12050,28,12,2025-11-13,56,16,0.0,train,2,0.0015985042620664
S12051,28,8,2025-11-13,43,17,0.0,train,2,0.0013081708608218
S12055,28,5,2025-11-13,34,29,0.0,train,2,0.0009355703597596
S12057,28,5,2025-11-13,38,19,0.0,train,2,0.0009457078530233
S12058,28,2,2025-11-13,27,22,0.0,train,2,0.0022688511297236
S12059,28,6,2025-11-13,44,13,0.0,train,2,0.0013440917598148
S12287,28,18,2025-11-13,36,31,0.0,train,2,0.0028247178512617
S12289,28,20,2025-11-13,59,23,0.0,train,2,0.0029064561202732
S12292,28,25,2025-11-13,56,23,0.0,train,2,0.002342610266171
S12293,28,21,2025-11-13,35,17,0.0,train,2,0.00261728263847
S12295,28,2,2025-11-13,42,28,0.0026436029595587,train,2,0.0018597683909351
S12478,28,15,2025-11-13,53,13,0.0,train,2,0.0020301292993248
S12479,28,5,2025-11-13,38,32,0.0,train,2,0.0016071924728898
S12480,28,2,2025-11-13,18,28,0.0,train,2,0.0023020827463189
S12481,28,6,2025-11-13,35,32,0.0,train,2,0.0018160311571926
S12665,28,20,2025-11-13,13,20,0.0,train,2,0.0020703156379269
S12669,28,23,2025-11-13,50,16,0.0,train,2,0.0023227426276531
S12670,28,24,2025-11-13,45,20,0.0,train,2,0.0017778952634008
S12671,28,6,2025-11-13,19,16,0.0,train,2,0.0015286729338185
S12673,28,5,2025-11-13,44,21,0.0,train,2,0.0007021559874806
S12674,28,4,2025-11-13,35,31,0.0,train,2,0.0023922520664581
S12675,28,6,2025-11-13,28,18,0.0,train,2,0.0015741584758354
S12677,28,5,2025-11-13,49,18,0.0,train,2,0.0008035679522128
S12681,28,12,2025-11-13,28,23,0.0,train,2,0.00129303401987
S12682,28,12,2025-11-13,34,24,0.0,train,2,0.001270651930638
S12965,28,20,2025-11-13,24,18,0.0,train,2,0.0025766235054156
S12966,28,21,2025-11-13,23,17,0.0,train,2,0.002391984300707
S12967,28,16,2025-11-13,29,16,0.0,train,2,0.0022588238200214
S12968,28,21,2025-11-13,50,19,0.0,train,2,0.0024100108253396
S12970,28,24,2025-11-13,17,26,0.0,train,2,0.0015982861695056
S12971,28,25,2025-11-13,61,21,0.0,train,2,0.0019952694962697
S12978,28,12,2025-11-13,25,21,0.0,train,2,0.0010353130925884
S12979,28,16,2025-11-13,22,20,0.0,train,2,0.0019952542171242
S12982,28,4,2025-11-13,46,14,0.0,train,2,0.0009752743871307
S12984,28,5,2025-11-13,58,17,0.0,train,2,0.0009287252385298
S12985,28,5,2025-11-13,53,24,0.0,train,2,0.0009226714094954
S12986,28,6,2025-11-13,63,19,0.0,train,2,0.0021694014150504
S12987,28,4,2025-11-13,29,14,0.0,train,2,0.0025793123664888
S12988,28,12,2025-11-13,56,29,0.0,train,2,0.0015395257395978
S12989,28,4,2025-11-13,20,22,0.0,train,2,0.0013529382655272
S13133,28,8,2025-11-13,26,17,0.0,train,2,0.0013071437595534
S13134,28,24,2025-11-13,38,23,0.0,train,2,0.0019906127326577
S13135,28,15,2025-11-13,15,23,0.0,train,2,0.0030367453405525
S13136,28,16,2025-11-13,39,21,0.0,train,2,0.0024328948896716
S13145,28,3,2025-11-13,37,12,0.0,train,2,0.0017006104369493
S13146,28,4,2025-11-13,23,19,0.0,train,2,0.0014916737659708
S13298,28,20,2025-11-13,52,21,0.0,train,2,0.0021781620575663
S13299,28,25,2025-11-13,20,21,0.0,train,2,0.0019319792829824
S13300,28,3,2025-11-13,33,18,0.0,train,2,0.0017420516737475
S13301,28,6,2025-11-13,35,29,0.0,train,2,0.0014095231855145
S13400,28,24,2025-11-13,37,29,0.0,train,2,0.0018090279430484
S13403,28,25,2025-11-13,54,17,0.0,train,2,0.0018997769182357
S13409,28,6,2025-11-13,53,22,0.0,train,2,0.001392015775571
S13450,28,20,2025-11-13,45,11,0.0,train,2,0.0013390316986564
S13780,28,18,2025-11-13,33,17,0.0025820059640701,train,2,0.0030707951460146
S13781,28,22,2025-11-13,51,23,0.0090001991995798,train,2,0.0019667583561864
S13782,28,25,2025-11-13,52,24,0.0079084717713703,train,2,0.0017196398051346
S13784,28,22,2025-11-13,52,20,0.0115401583579074,train,2,0.0024343898571933
S13785,28,18,2025-11-13,31,25,0.0091484499701538,train,2,0.0029775683074753
S13787,28,18,2025-11-13,28,29,0.0,train,2,0.0027087304193573
S13788,28,18,2025-11-13,54,20,0.0051123403357994,train,2,0.0027534901213356
S13789,28,22,2025-11-13,34,16,0.0157160362069647,train,2,0.001904439882269
S13791,28,22,2025-11-13,49,25,0.0080733587284053,train,2,0.0018373209002493
S13792,28,21,2025-11-13,41,22,0.0103318079884416,train,2,0.0028534706513452
S13794,28,16,2025-11-13,56,24,0.0038992931060184,train,2,0.0022542644894586
S13795,28,19,2025-11-13,47,21,0.0105306371088421,train,2,0.0031908038022579
S13797,28,15,2025-11-13,61,19,0.007736371843965,train,2,0.0027880086008333
S13798,28,14,2025-11-13,28,29,0.0013390235096964,train,2,0.0015611844996718
S13803,28,23,2025-11-13,60,23,0.0120482901286443,train,2,0.00240012294396
S13814,28,4,2025-11-13,41,13,0.0,train,2,0.0014461272608354
S13819,28,3,2025-11-13,22,22,0.0012913350637742,train,2,0.0011201181070929
S14344,28,2,2025-11-13,24,30,0.0,train,2,0.002180473487881
S14457,28,15,2025-11-13,50,13,0.0,train,2,0.0028305639038569
S14458,28,21,2025-11-13,26,27,0.0,train,2,0.0023136476170212
S14459,28,8,2025-11-13,39,29,0.0,train,2,0.001773411878199
S14460,28,5,2025-11-13,45,14,0.0,train,2,0.0007859779303323
S14461,28,4,2025-11-13,35,12,0.0,train,2,0.0027697958422988
S14462,28,10,2025-11-13,33,20,0.0,train,2,0.0010761378363796
S14463,28,12,2025-11-13,49,21,0.0,train,2,0.0014259941294251
S14539,28,16,2025-11-13,39,24,0.0,train,2,0.00232915739984
S14540,28,21,2025-11-13,42,16,0.0,train,2,0.0023608499345457
S14541,28,22,2025-11-13,37,21,0.0,train,2,0.0024998657591231
S14542,28,20,2025-11-13,14,20,0.0,train,2,0.002133980548493
S14543,28,20,2025-11-13,37,19,0.0,train,2,0.0024685256107516
S14551,28,25,2025-11-13,27,19,0.0,train,2,0.0017663314269805
S14560,28,10,2025-11-13,40,18,0.0,train,2,0.0013625417689985
S14908,28,6,2025-11-13,21,14,0.0,train,2,0.0016807265713605
S14911,28,21,2025-11-13,45,11,0.0,train,2,0.0022408706316513
S14935,28,25,2025-11-13,27,27,0.0,train,2,0.0023237756643755
S14947,28,12,2025-11-13,34,13,0.0158578220222711,train,2,0.001039175410225
S15016,28,18,2025-11-13,34,26,0.0,train,2,0.0029127933997955
S15018,28,3,2025-11-13,24,17,0.0,train,2,0.0012173008479888
S15019,28,2,2025-11-13,41,25,0.0,train,2,0.0023048448297638
S15021,28,5,2025-11-13,21,24,0.0,train,2,0.0010025404703323
S15022,28,8,2025-11-13,39,28,0.0,train,2,0.0015913262128453
S15023,28,2,2025-11-13,38,28,0.0,train,2,0.0020501247415445
S15024,28,4,2025-11-13,48,20,0.0,train,2,0.001125101851193
S15025,28,3,2025-11-13,63,21,0.0,train,2,0.002178730345717
S15027,28,15,2025-11-13,39,14,0.0,train,2,0.0027322936611551
S15364,28,16,2025-11-13,39,32,0.0,train,2,0.0021073833374409
S15438,28,19,2025-11-13,37,17,0.0,train,2,0.0029978421617852
S15441,28,20,2025-11-13,26,17,0.0,train,2,0.0025211987152806
S15442,28,22,2025-11-13,46,30,0.0,train,2,0.0028478534369341
S15443,28,24,2025-11-13,14,19,0.0,train,2,0.0018244130739592
S15444,28,3,2025-11-13,64,25,0.0,train,2,0.0025618207124121
S15446,28,3,2025-11-13,55,22,0.0,train,2,0.0020222635175225
S15448,28,4,2025-11-13,45,16,0.0,train,2,0.0011028659286825
S15449,28,12,2025-11-13,43,24,0.0,train,2,0.0012822356878476
S15450,28,14,2025-11-13,29,30,0.0,train,2,0.0027417063385015
S15451,28,14,2025-11-13,27,26,0.0,train,2,0.0021026820519669
S15534,28,10,2025-11-13,35,28,0.0232228263227632,train,2,0.0016495306792163
S15537,28,18,2025-11-13,27,19,0.0,train,2,0.0029050003331221
S15538,28,25,2025-11-13,19,22,0.0016589892516189,train,2,0.0015195206769049
S15539,28,19,2025-11-13,29,17,0.0099191697435385,train,2,0.0026325753076397
S15542,28,18,2025-11-13,52,29,0.0049852548799325,train,2,0.0018502559871706
S15544,28,16,2025-11-13,55,28,0.0016729444158327,train,2,0.0021679167021605
S15548,28,12,2025-11-13,60,24,0.0,train,2,0.0015379499844844
S15551,28,10,2025-11-13,61,22,0.0032990813021082,train,2,0.0027531516653771
S15552,28,2,2025-11-13,54,17,0.0,train,2,0.0019311202667582
S15553,28,5,2025-11-13,38,17,0.0016600199068785,train,2,0.000510965708511
S15554,28,3,2025-11-13,43,25,0.0016735697208472,train,2,0.0027299895053718
S16306,28,23,2025-11-13,42,21,0.0,train,2,0.0023935682824686
S16309,28,23,2025-11-13,43,29,0.0,train,2,0.0022121378827129
S16311,28,21,2025-11-13,41,19,0.0018927060364755,train,2,0.002222214748907
S16312,28,18,2025-11-13,56,14,0.0094894413258487,train,2,0.0029304722388637
S16313,28,20,2025-11-13,21,20,0.0,train,2,0.002449464977843
S16317,28,15,2025-11-13,44,20,0.0036820951640088,train,2,0.0029832820787077
S16319,28,14,2025-11-13,32,22,0.0037710223112497,train,2,0.0017800193557369
S16320,28,15,2025-11-13,42,13,0.0,train,2,0.0029352489690492
S16322,28,19,2025-11-13,15,24,0.0018623020601482,train,2,0.0027167093213499
S16323,28,18,2025-11-13,42,31,0.0,train,2,0.002657409530332
S16324,28,12,2025-11-13,33,18,0.0,train,2,0.001325660804834
S16326,28,14,2025-11-13,31,22,0.0,train,2,0.0023128218860141
S16341,28,24,2025-11-13,47,27,0.0,train,2,0.0023058390314342
S16342,28,14,2025-11-13,17,24,0.0,train,2,0.0019628236296285
S16347,28,2,2025-11-13,25,29,0.0,train,2,0.002439272558478
S16352,28,5,2025-11-13,24,27,0.0,train,2,0.0007932775896801
S16354,28,6,2025-11-13,18,25,0.0,train,2,0.0018435894637381
S16355,28,3,2025-11-13,53,27,0.0,train,2,0.0021845161636654
S16357,28,4,2025-11-13,54,25,0.0,train,2,0.0014302994273457
S16758,28,18,2025-11-13,61,23,0.0,train,2,0.0028783421195633
S16767,28,21,2025-11-13,48,29,0.0,train,2,0.0025312790640978
S16768,28,8,2025-11-13,58,18,0.0,train,2,0.001999799270091
S16770,28,5,2025-11-13,50,29,0.0,train,2,0.0008396247807782
S16933,28,22,2025-11-13,27,29,0.0,train,2,0.0025874891089187
S16941,28,24,2025-11-13,63,18,0.0,train,2,0.001773834683942
S17760,28,24,2025-11-13,53,20,0.0,train,2,0.0021730404897762
S17761,28,20,2025-11-13,46,20,0.0,train,2,0.0028189229050006
S17762,28,21,2025-11-13,50,27,0.0,train,2,0.0024597207247688
S17763,28,16,2025-11-13,21,18,0.0,train,2,0.0021419298773547
S17765,28,18,2025-11-13,27,13,0.0,train,2,0.0025601589212312
S17773,28,16,2025-11-13,48,13,0.0,train,2,0.0018089842616151
S17777,28,10,2025-11-13,36,27,0.0,train,2,0.0019202073632413
S18279,28,23,2025-11-13,57,15,0.0,train,2,0.0020500159491537
S18282,28,25,2025-11-13,13,20,0.0,train,2,0.0013966788715736
S18283,28,25,2025-11-13,25,24,0.0,train,2,0.0024437080317626
S18332,28,20,2025-11-13,61,15,0.0,train,2,0.0023600271193955
S18385,28,19,2025-11-13,17,22,0.0,train,2,0.0029067635126238
S18388,28,25,2025-11-13,59,24,0.0,train,2,0.0022875067329845
S18390,28,6,2025-11-13,60,24,0.0,train,2,0.001275062270147
S18391,28,6,2025-11-13,56,15,0.0,train,2,0.0018018294430696
S18392,28,3,2025-11-13,38,28,0.0,train,2,0.0019252044803905
S18393,28,8,2025-11-13,23,25,0.0,train,2,0.0012192246120543
S18816,28,3,2025-11-13,55,20,0.0,train,2,0.0014230471604743
S18817,28,6,2025-11-13,18,19,0.0,train,2,0.0022242215566804
S18904,28,18,2025-11-13,18,23,0.0,train,2,0.002184698940941
S18905,28,3,2025-11-13,60,16,0.0,train,2,0.0018055190417405
S18906,28,5,2025-11-13,59,22,0.0,train,2,0.0007743744556272
S18907,28,3,2025-11-13,43,29,0.0,train,2,0.0021642530034496
S18909,28,4,2025-11-13,31,21,0.0,train,2,0.0013073942400817
S18914,28,12,2025-11-13,19,19,0.0,train,2,0.0012098605835497
S19221,28,19,2025-11-13,40,32,0.0,train,2,0.0021926060313803
S19449,28,23,2025-11-13,24,23,0.0,train,2,0.002624600906996
S19450,28,24,2025-11-13,55,17,0.0017040915340595,train,2,0.0025353170884597
S19451,28,23,2025-11-13,14,22,0.0034441060396591,train,2,0.0024339635743103
S19452,28,25,2025-11-13,27,22,0.0,train,2,0.0017967981121854
S19453,28,18,2025-11-13,36,29,0.0051832924857902,train,2,0.0022849930494917
S19458,28,19,2025-11-13,18,22,0.005159830151265,train,2,0.0026180065155224
S19459,28,18,2025-11-13,45,23,0.0,train,2,0.0030096685358388
S19460,28,10,2025-11-13,23,14,0.0087565365695519,train,2,0.0025725755710141
S19463,28,6,2025-11-13,55,16,0.0085398710599749,train,2,0.0010759057455585
S19464,28,6,2025-11-13,39,17,0.001723593814483,train,2,0.0020304432846791
S19567,28,25,2025-11-13,18,24,0.0,train,2,0.0020238131989294
S19569,28,20,2025-11-13,31,13,0.0,train,2,0.0026981365733011
S19570,28,15,2025-11-13,37,15,0.0,train,2,0.0025447749218888
S19571,28,10,2025-11-13,57,25,0.0,train,2,0.0018596101126934
S19589,28,3,2025-11-13,35,30,0.0,train,2,0.0023527218426867
S19590,28,6,2025-11-13,51,16,0.0,train,2,0.0016598001801734
S19591,28,5,2025-11-13,24,19,0.0,train,2,0.0006125756361393
S19592,28,3,2025-11-13,53,23,0.0,train,2,0.0018550678642046
S19728,28,10,2025-11-13,50,31,0.0,train,2,0.0012471663974148
S19729,28,15,2025-11-13,24,13,0.0,train,2,0.0015882348121988
S19730,28,12,2025-11-13,27,12,0.0,train,2,0.0012600485582193
S19847,28,15,2025-11-13,37,32,0.0215193435950726,train,2,0.001459579399838
S19848,28,25,2025-11-13,41,32,0.0,train,2,0.0007577420476997
S20354,28,14,2025-11-13,18,18,0.0,train,2,0.001554453802949
S20355,28,25,2025-11-13,17,17,0.0,train,2,0.0015521089078707
S20389,28,19,2025-11-13,21,27,0.0,train,2,0.0027632045776486
S20390,28,19,2025-11-13,64,21,0.0,train,2,0.002950416629306
S20391,28,19,2025-11-13,49,25,0.0,train,2,0.0030858493512259
S20392,28,21,2025-11-13,47,18,0.0,train,2,0.002624891055751
S20393,28,20,2025-11-13,33,18,0.0,train,2,0.00156767623792
S20396,28,23,2025-11-13,19,20,0.0,train,2,0.0025010843488107
S20398,28,6,2025-11-13,56,21,0.0,train,2,0.0017904950458797
S20399,28,8,2025-11-13,27,30,0.0,train,2,0.0012634122903372
S20402,28,12,2025-11-13,33,25,0.0,train,2,0.0014767560112414
S20556,28,6,2025-11-13,35,13,0.0,train,2,0.0016411382988548
S20678,28,19,2025-11-13,36,12,0.0,train,2,0.002877214201426
S20679,28,21,2025-11-13,60,18,0.0,train,2,0.0024798576636603
S20682,28,18,2025-11-13,26,20,0.0,train,2,0.0030844996879723
S20684,28,19,2025-11-13,46,21,0.0,train,2,0.0028294040574921
S20685,28,18,2025-11-13,20,24,0.0,train,2,0.0028185609162775
S20691,28,5,2025-11-13,35,12,0.0,train,2,0.0009564338163025
S20695,28,3,2025-11-13,46,21,0.0,train,2,0.0025467394033242
S21107,28,16,2025-11-13,22,27,0.0,train,2,0.0021298096892147
S21108,28,16,2025-11-13,35,30,0.0,train,2,0.0022603241294429
S21110,28,16,2025-11-13,14,21,0.0,train,2,0.0022266357530749
S21111,28,18,2025-11-13,60,23,0.0,train,2,0.0029254075292182
S21113,28,5,2025-11-13,38,30,0.0,train,2,0.0010230299719096
S21114,28,5,2025-11-13,54,18,0.0,train,2,0.0009166513669129
S21115,28,4,2025-11-13,64,25,0.0,train,2,0.0024355085129076
S21183,28,12,2025-11-13,24,22,0.0,train,2,0.0011444276604277
S21375,28,8,2025-11-13,56,19,0.0,train,2,0.0014556700658232
S21376,28,3,2025-11-13,18,26,0.0,train,2,0.0027656337046935
S21377,28,21,2025-11-13,15,19,0.0,train,2,0.0023455225937642
S21378,28,23,2025-11-13,54,17,0.0,train,2,0.0023937332071707
S21379,28,25,2025-11-13,37,21,0.0,train,2,0.0018545442442747
S21381,28,18,2025-11-13,49,13,0.0,train,2,0.0029383977660133
S21382,28,18,2025-11-13,47,27,0.0,train,2,0.0027198477392759
S21383,28,21,2025-11-13,17,23,0.0,train,2,0.0024283441789665
S21384,28,20,2025-11-13,42,17,0.0,train,2,0.0029341506763093
S21385,28,15,2025-11-13,24,17,0.0,train,2,0.0026219616485356
S21386,28,16,2025-11-13,21,24,0.0,train,2,0.0021160398092679
S21388,28,24,2025-11-13,22,18,0.0,train,2,0.0017695402503304
S21389,28,14,2025-11-13,25,28,0.0,train,2,0.0023455843314247
S21398,28,22,2025-11-13,29,24,0.0,train,2,0.0024412895268756
S21401,28,23,2025-11-13,41,20,0.0,train,2,0.002285964052362
S21403,28,24,2025-11-13,47,13,0.0,train,2,0.0022496586177499
S21412,28,2,2025-11-13,39,21,0.0,train,2,0.0023208201066968
S21413,28,3,2025-11-13,31,13,0.0,train,2,0.0017374990587331
S21414,28,3,2025-11-13,29,20,0.0,train,2,0.0011983793398005
S21461,28,18,2025-11-13,20,26,0.0,train,2,0.0028488905839372
S21462,28,20,2025-11-13,37,31,0.0,train,2,0.0026217596822764
S21463,28,21,2025-11-13,33,25,0.0,train,2,0.0026033996943168
S21466,28,3,2025-11-13,35,15,0.0,train,2,0.0016983379475324
S21467,28,6,2025-11-13,56,16,0.0,train,2,0.0016495098706612
S21468,28,6,2025-11-13,50,29,0.0,train,2,0.0017696481250093
S21469,28,3,2025-11-13,37,27,0.0,train,2,0.0022860597221188
S21470,28,4,2025-11-13,38,18,0.0,train,2,0.0013031495376436
S21472,28,8,2025-11-13,19,17,0.0,train,2,0.0013750011747561
S21473,28,12,2025-11-13,39,27,0.0,train,2,0.001606902857138
S21791,28,25,2025-11-13,51,25,0.0,train,2,0.0018454270542168
S21820,28,19,2025-11-13,23,30,0.0044931427589885,train,2,0.00087995618981
S21821,28,3,2025-11-13,52,12,0.0,train,2,0.0014811651757772
S21901,28,22,2025-11-13,45,26,0.0,train,2,0.0028774430326733
S21903,28,19,2025-11-13,15,23,0.0,train,2,0.0025339872819781
S21905,28,18,2025-11-13,43,20,0.0,train,2,0.0028628386995259
S21913,28,12,2025-11-13,19,27,0.0,train,2,0.0015847205298575
S21916,28,10,2025-11-13,62,18,0.0,train,2,0.0027396501342946
S21917,28,8,2025-11-13,40,18,0.0,train,2,0.0013542354563442
S21918,28,4,2025-11-13,22,23,0.0,train,2,0.0013619558054971
S21921,28,24,2025-11-13,24,24,0.0,train,2,0.0018838259801874
S21923,28,4,2025-11-13,53,25,0.0,train,2,0.0011670620457306
S21925,28,5,2025-11-13,51,28,0.0,train,2,0.0005541683534853
S21927,28,5,2025-11-13,18,21,0.0,train,2,0.001311259605592
S22473,28,8,2025-11-13,41,32,0.0,train,2,0.0025707778550518
S22525,28,14,2025-11-13,41,12,0.0,train,2,0.0020999195272506
S22527,28,15,2025-11-13,52,24,0.0,train,2,0.0028937276993052
S22529,28,20,2025-11-13,43,23,0.0,train,2,0.0029583095265842
S22530,28,18,2025-11-13,39,24,0.0,train,2,0.003039763238795
S22531,28,23,2025-11-13,58,27,0.0,train,2,0.0023958538955191
S22532,28,2,2025-11-13,53,27,0.0,train,2,0.0024078981541611
S22534,28,4,2025-11-13,31,16,0.0,train,2,0.0009498301058876
S22887,28,24,2025-11-13,49,24,0.0032579161791263,train,2,0.0020229938703516
S22889,28,23,2025-11-13,37,17,0.0015653148897035,train,2,0.0019653538920001
S22892,28,25,2025-11-13,51,24,0.0063471386792332,train,2,0.0017735492989468
S22893,28,15,2025-11-13,27,16,0.0031635095223546,train,2,0.0027085561272818
S22894,28,22,2025-11-13,35,19,0.0,train,2,0.0021369660415971
S22896,28,19,2025-11-13,48,24,0.0095693779904306,train,2,0.0029804628521658
S22898,28,14,2025-11-13,27,14,0.0095903363371476,train,2,0.0022040521598116
S22921,28,2,2025-11-13,48,26,0.004888508562267,train,2,0.0020797882631161
S22922,28,8,2025-11-13,33,20,0.0080139058196758,train,2,0.001145938334319
S22925,28,3,2025-11-13,57,18,0.001619166764403,train,2,0.0016389279148685
S23113,28,16,2025-11-13,48,12,0.0,train,2,0.0022911164603566
S23206,28,24,2025-11-13,52,25,0.0,train,2,0.0020479280066252
S23207,28,23,2025-11-13,44,13,0.0,train,2,0.0022447766414019
S23210,28,18,2025-11-13,34,19,0.0,train,2,0.0027590302413011
S23211,28,19,2025-11-13,13,21,0.0,train,2,0.0024855232908938
S23213,28,14,2025-11-13,49,24,0.0,train,2,0.0013943435098524
S23230,28,3,2025-11-13,61,27,0.0,train,2,0.0024289299626717
S23358,28,16,2025-11-13,22,16,0.0,train,2,0.00197756014255
S23370,28,8,2025-11-13,60,17,0.0,train,2,0.0015956931655545
S23373,28,8,2025-11-13,36,27,0.0,train,2,0.0014992235846931
S23417,28,23,2025-11-13,42,11,0.0,train,2,0.0014405190168446
S23418,28,6,2025-11-13,63,17,0.0,train,2,0.0023954776378608
S23647,28,19,2025-11-13,49,15,0.0,train,2,0.0024328223286063
S23648,28,15,2025-11-13,50,26,0.0,train,2,0.0028984271418571
S23650,28,16,2025-11-13,55,25,0.0,train,2,0.0021646816930689
S23651,28,21,2025-11-13,35,24,0.0,train,2,0.0027005201274234
S23652,28,14,2025-11-13,23,20,0.0,train,2,0.0018269839013959
S23653,28,20,2025-11-13,26,25,0.0,train,2,0.0027132865876571
S23654,28,18,2025-11-13,60,21,0.0,train,2,0.0029563498691113
S23655,28,21,2025-11-13,60,23,0.0,train,2,0.0024761702755431
S23658,28,25,2025-11-13,40,30,0.0,train,2,0.0020035977474914
S23659,28,21,2025-11-13,52,30,0.0,train,2,0.0023631867199033
S23666,28,3,2025-11-13,62,21,0.0,train,2,0.0019576300738625
S23669,28,6,2025-11-13,57,18,0.0,train,2,0.001814406235266
S23670,28,5,2025-11-13,30,17,0.0,train,2,0.0009273497088539
S23673,28,8,2025-11-13,60,27,0.0,train,2,0.0018753019029657
S23676,28,5,2025-11-13,47,13,0.0,train,2,0.0008093159092497
S23678,28,6,2025-11-13,41,21,0.0,train,2,0.0020795921629483
S23681,28,8,2025-11-13,29,13,0.0,train,2,0.0014340333438923
S23682,28,10,2025-11-13,49,14,0.0,train,2,0.0011556573477639
S23683,28,5,2025-11-13,46,19,0.0,train,2,0.0005626525505414
S23684,28,24,2025-11-13,28,20,0.0,train,2,0.0016358511482535
S23685,28,8,2025-11-13,49,16,0.0,train,2,0.0013897745323542
S23686,28,10,2025-11-13,23,20,0.0,train,2,0.0016583325968583
S23687,28,12,2025-11-13,57,27,0.0,train,2,0.0016216851396321
S23688,28,14,2025-11-13,48,26,0.0,train,2,0.0012033117595687
S23740,28,8,2025-11-13,59,15,0.0,train,2,0.0022131673144368
S23854,28,19,2025-11-13,30,14,0.0,train,2,0.0029123981048652
S23856,28,19,2025-11-13,48,18,0.0,train,2,0.0031089462270235
S23859,28,23,2025-11-13,38,17,0.0,train,2,0.0027371701568197
S23860,28,24,2025-11-13,58,26,0.0,train,2,0.0017720846988654
S23861,28,21,2025-11-13,23,19,0.0,train,2,0.0022261129575041
S23863,28,10,2025-11-13,32,18,0.0,train,2,0.0015886805787614
S23864,28,5,2025-11-13,60,21,0.0,train,2,0.0006514645603505
S23865,28,12,2025-11-13,19,24,0.0033756477915656,train,2,0.0014818990701208
S23866,28,3,2025-11-13,14,20,0.0,train,2,0.0022830628586103
S23868,28,6,2025-11-13,21,15,0.0,train,2,0.0012530813681016
S23871,28,6,2025-11-13,34,19,0.0,train,2,0.0020493942768861
S23872,28,3,2025-11-13,36,12,0.0,train,2,0.001923337580833
S23873,28,4,2025-11-13,46,17,0.0,train,2,0.001413857328281
S24160,28,4,2025-11-13,30,17,0.0,train,2,0.001295692942596
S24366,28,23,2025-11-13,20,20,0.0,train,2,0.0025905438637372
S24367,28,22,2025-11-13,31,23,0.0,train,2,0.0025400834032827
S24368,28,21,2025-11-13,53,24,0.0,train,2,0.0027091664950974
S24371,28,16,2025-11-13,30,21,0.0,train,2,0.0021361075526342
S24372,28,15,2025-11-13,21,25,0.0027745212973817,train,2,0.0027897134028998
S24373,28,16,2025-11-13,56,21,0.0,train,2,0.0022943028678663
S24377,28,4,2025-11-13,36,29,0.0,train,2,0.001558287014137
S24378,28,2,2025-11-13,40,16,0.0,train,2,0.0021077499339998
S24639,28,24,2025-11-13,53,28,0.0,train,2,0.0023598721589014
S24640,28,20,2025-11-13,17,18,0.0040737871876524,train,2,0.0024272092072904
S24644,28,15,2025-11-13,33,21,0.0,train,2,0.0029544346129078
S24647,28,19,2025-11-13,24,23,0.0,train,2,0.0028528714329305
S24648,28,16,2025-11-13,53,15,0.0,train,2,0.0021680008915476
S24660,28,5,2025-11-13,59,23,0.0,train,2,0.0011401405913836
S24661,28,3,2025-11-13,51,30,0.0,train,2,0.0017492358553913
S24685,28,14,2025-11-13,16,26,0.0,train,2,0.0021723559767509
S24686,28,20,2025-11-13,51,12,0.0,train,2,0.0024251870553609
S24687,28,22,2025-11-13,57,14,0.0,train,2,0.0018036526757508
S24688,28,8,2025-11-13,22,14,0.0,train,2,0.0019673727981739
S24689,28,6,2025-11-13,44,32,0.0020961177537377,train,2,0.0010751218557053
S24986,28,19,2025-11-13,47,17,0.0,train,2,0.0021543700731449
S24987,28,25,2025-11-13,13,23,0.0,train,2,0.0016580940503115
S24988,28,23,2025-11-13,36,19,0.0,train,2,0.0028804244106054
S24989,28,21,2025-11-13,45,24,0.0,train,2,0.002651138026341
S24992,28,3,2025-11-13,38,13,0.0,train,2,0.0015406318214137
S24993,28,8,2025-11-13,38,13,0.0,train,2,0.0017497520508747
S25154,28,12,2025-11-13,48,26,0.0,train,2,0.0014416493296783
S25155,28,8,2025-11-13,45,13,0.0,train,2,0.0015097883692204
S25243,28,14,2025-11-13,35,18,0.0,train,2,0.0014671265350671
S25533,28,25,2025-11-13,20,29,0.0,train,2,0.0017300664978932
S25598,28,21,2025-11-13,25,22,0.0,train,2,0.0026611714898221
S25601,28,20,2025-11-13,54,20,0.0,train,2,0.0028781683007862
S25603,28,15,2025-11-13,37,25,0.0,train,2,0.003142835351815
S25604,28,21,2025-11-13,51,23,0.0,train,2,0.0024693127406947
S25606,28,5,2025-11-13,16,19,0.0,train,2,0.0012176588609488
S25607,28,12,2025-11-13,17,18,0.0,train,2,0.0011083333319072
S25822,28,6,2025-11-13,36,13,0.0,train,2,0.0017288905981164
S25824,28,24,2025-11-13,20,21,0.0,train,2,0.0024860542759147
S25825,28,21,2025-11-13,26,22,0.0,train,2,0.0024535575237907
S25827,28,2,2025-11-13,58,15,0.0,train,2,0.0019946568587504
S26183,28,3,2025-11-13,53,30,0.0,train,2,0.001851791563841
S26396,28,16,2025-11-13,23,21,0.0,train,2,0.0020549236835558
S26443,28,16,2025-11-13,58,17,0.0,train,2,0.0021061379171382
S26445,28,24,2025-11-13,52,30,0.0,train,2,0.0021253151726335
S26448,28,8,2025-11-13,56,29,0.0,train,2,0.0018818911671397
S26452,28,5,2025-11-13,37,24,0.0,train,2,0.001101194925098
S26454,28,15,2025-11-13,37,28,0.0,train,2,0.0028271676492346
S26592,28,15,2025-11-13,54,13,0.0,train,2,0.0015658931934325
S26593,28,20,2025-11-13,17,27,0.0,train,2,0.0016913871868646
S26595,28,25,2025-11-13,60,15,0.0,train,2,0.0011873091379882
S26943,28,24,2025-11-13,44,19,0.0120007437080607,train,2,0.001985274326744
S26947,28,23,2025-11-13,45,25,0.0049731081926203,train,2,0.0024424089217786
S26948,28,20,2025-11-13,42,23,0.0157114787903547,train,2,0.0028949670265038
S26950,28,15,2025-11-13,27,13,0.0,train,2,0.002773642730626
S26954,28,20,2025-11-13,53,29,0.002539108400004,train,2,0.0026497679448221
S26958,28,18,2025-11-13,41,25,0.0098944607444237,train,2,0.0028973131290422
S26959,28,21,2025-11-13,18,25,0.0099696347392624,train,2,0.0023858624943024
S26960,28,15,2025-11-13,51,13,0.0036432676518883,train,2,0.0021566994503562
S26962,28,19,2025-11-13,54,23,0.0107855122575791,train,2,0.0028773310615937
S26972,28,16,2025-11-13,28,18,0.003747634164549,train,2,0.0020022778894836
S26976,28,3,2025-11-13,29,28,0.0088855175513873,train,2,0.0011452902163679
S26977,28,2,2025-11-13,36,12,0.0037926192729159,train,2,0.0021762427557189
S27234,28,14,2025-11-13,37,11,0.0,train,2,0.0008631129266652
S27293,28,23,2025-11-13,35,30,0.0,train,2,0.0026418628256545
S27295,28,25,2025-11-13,53,15,0.0,train,2,0.0020290610996427
S27351,28,22,2025-11-13,33,17,0.0,train,2,0.0029460023650094
S27360,28,15,2025-11-13,36,31,0.0,train,2,0.0029266235410596
S27361,28,14,2025-11-13,53,14,0.0,train,2,0.0024309569783639
S27362,28,8,2025-11-13,33,18,0.0,train,2,0.001383180173962
S27364,28,6,2025-11-13,30,17,0.0,train,2,0.0021140166821019
S27433,28,19,2025-11-13,53,16,0.0,train,2,0.0028793947561536
S27435,28,5,2025-11-13,31,17,0.0,train,2,0.0011110495662475
S27436,28,4,2025-11-13,48,21,0.0,train,2,0.0010516041572707
S27437,28,6,2025-11-13,58,18,0.0,train,2,0.001527704920632
S27439,28,3,2025-11-13,30,20,0.0,train,2,0.0023871445784079
S27440,28,6,2025-11-13,45,19,0.0,train,2,0.0015985422112746
S27441,28,6,2025-11-13,38,25,0.0,train,2,0.0014366230708664
S27442,28,5,2025-11-13,47,26,0.0,train,2,0.0008815465612989
S27444,28,8,2025-11-13,20,15,0.0,train,2,0.0014111415467041
S27445,28,6,2025-11-13,27,18,0.0052798759176041,train,2,0.0015388373750281
S27447,28,8,2025-11-13,32,18,0.0,train,2,0.0014557462957242
S27449,28,14,2025-11-13,58,25,0.0,train,2,0.0023949607748809
S27859,28,21,2025-11-13,28,12,0.0,train,2,0.0016703251878141
S28071,28,12,2025-11-13,39,16,0.0,train,2,0.0012647468843854
S28334,28,12,2025-11-13,24,18,0.0,train,2,0.0012308418407905
S28409,28,15,2025-11-13,50,23,0.0,train,2,0.0031010063887996
S28410,28,25,2025-11-13,35,30,0.0,train,2,0.0016136276422045
S28412,28,24,2025-11-13,37,28,0.0,train,2,0.0018019429881755
S28418,28,5,2025-11-13,58,23,0.0,train,2,0.0008007384863994
S28464,28,12,2025-11-13,60,20,0.0,train,2,0.0015632544736841
S28465,28,15,2025-11-13,38,28,0.0,train,2,0.0029938575123826
S28466,28,25,2025-11-13,18,16,0.0,train,2,0.0022904324675984
S28471,28,25,2025-11-13,62,21,0.0,train,2,0.0016703525236599
S28526,28,3,2025-11-13,42,11,0.0,train,2,0.0011498138469555
S28822,28,25,2025-11-13,38,20,0.0,train,2,0.0025421887548433
S28823,28,23,2025-11-13,53,26,0.0,train,2,0.0021498478529264
S28824,28,6,2025-11-13,35,24,0.0,train,2,0.0018298237827527
S28825,28,12,2025-11-13,33,22,0.0,train,2,0.0014117457355662
S28869,28,25,2025-11-13,52,26,0.0,train,2,0.001892087074975
S29165,28,8,2025-11-13,55,15,0.006985929747129,train,2,0.001708638540711
S29166,28,16,2025-11-13,46,21,0.0093755895114129,train,2,0.0021345130155726
S29167,28,22,2025-11-13,27,24,0.0,train,2,0.0027962765600057
S29170,28,22,2025-11-13,26,22,0.0206035983749274,train,2,0.0023072198264885
S29176,28,25,2025-11-13,46,21,0.0149453284571914,train,2,0.0012472266791792
S29178,28,2,2025-11-13,20,22,0.0233847138313289,train,2,0.0019755866379884
S29180,28,3,2025-11-13,39,29,0.0091000016021129,train,2,0.0018263382457551
S29181,28,6,2025-11-13,35,22,0.0126492949990513,train,2,0.0014310039017821
S29183,28,8,2025-11-13,36,13,0.0033602423160656,train,2,0.0015081511648251
S29184,28,12,2025-11-13,55,28,0.0046167279753279,train,2,0.0010062079261061
S29203,28,16,2025-11-13,40,23,0.0,train,2,0.0022749701187165
S29204,28,19,2025-11-13,46,14,0.0,train,2,0.0029030454810319
S29206,28,12,2025-11-13,25,18,0.0,train,2,0.000828276189996
S29208,28,16,2025-11-13,48,23,0.0,train,2,0.0025578014297224
S29209,28,16,2025-11-13,39,17,0.0,train,2,0.0021343117759106
S29235,28,23,2025-11-13,59,15,0.010624122672633,train,2,0.0020085209001127
S29295,28,21,2025-11-13,33,27,0.0,train,2,0.0024160098061858
S29297,28,19,2025-11-13,20,20,0.0023761031907671,train,2,0.0028274403796401
S29299,28,18,2025-11-13,54,15,0.0,train,2,0.0025443665236771
S29300,28,24,2025-11-13,52,19,0.0071457326892109,train,2,0.0019958939928532
S29301,28,21,2025-11-13,51,30,0.0,train,2,0.0025599557260217
S29302,28,21,2025-11-13,40,31,0.0047645753344549,train,2,0.0024335398445459
S29303,28,16,2025-11-13,64,19,0.0,train,2,0.0027526640204762
S29304,28,18,2025-11-13,47,22,0.002355260476644,train,2,0.002546593629331
S29306,28,24,2025-11-13,56,17,0.0,train,2,0.0024046545316365
S29307,28,8,2025-11-13,28,15,0.0,train,2,0.001357271825094
S29308,28,8,2025-11-13,26,20,0.0,train,2,0.001596734895842
S29309,28,8,2025-11-13,32,16,0.0,train,2,0.0014489820934707
S29311,28,10,2025-11-13,26,22,0.0,train,2,0.0013312883269995
S29313,28,2,2025-11-13,35,30,0.0023356360731237,train,2,0.001898533577283
S29314,28,5,2025-11-13,44,14,0.0,train,2,0.0008698434345884
S29316,28,6,2025-11-13,33,19,0.0095160139963908,train,2,0.0017987358279646
S29317,28,2,2025-11-13,55,21,0.0,train,2,0.0021508103619883
S29319,28,4,2025-11-13,57,23,0.0,train,2,0.0011587913519366
S29321,28,6,2025-11-13,48,21,0.0,train,2,0.0018776340557447
S29322,28,4,2025-11-13,53,28,0.0,train,2,0.001371465336465
S29323,28,4,2025-11-13,21,23,0.0023269751196261,train,2,0.0010977421871369
S29349,28,10,2025-11-13,59,27,0.0,train,2,0.002685808591342
S29371,28,24,2025-11-13,23,13,0.0,train,2,0.0016056926722011
S30025,28,21,2025-11-13,40,28,0.0,train,2,0.002212338991347
S30026,28,25,2025-11-13,49,27,0.0,train,2,0.0017543892752958
S30027,28,23,2025-11-13,45,16,0.0,train,2,0.0025648876196033
S30028,28,24,2025-11-13,34,31,0.0,train,2,0.0025386872473104
S30030,28,24,2025-11-13,33,27,0.0,train,2,0.0018876627947884
S30031,28,18,2025-11-13,57,19,0.0,train,2,0.0027576056437321
S30034,28,14,2025-11-13,49,21,0.0,train,2,0.0023315995765846
S30035,28,25,2025-11-13,61,20,0.0,train,2,0.0017515406163436
S30049,28,23,2025-11-13,29,20,0.0,train,2,0.0027859328707551
S30056,28,8,2025-11-13,44,20,0.0,train,2,0.0020310052359301
S30058,28,10,2025-11-13,44,24,0.0,train,2,0.0016210632838517
S30059,28,8,2025-11-13,24,18,0.0,train,2,0.0012200126836204
S30060,28,8,2025-11-13,60,20,0.0,train,2,0.0016050800631274
S30065,28,24,2025-11-13,33,19,0.0,train,2,0.0023172821717619
S30066,28,6,2025-11-13,23,27,0.0,train,2,0.0015529350764963
S30067,28,3,2025-11-13,54,20,0.0,train,2,0.0023941681153289
S30068,28,5,2025-11-13,52,29,0.0,train,2,0.0018147859031492
S30069,28,2,2025-11-13,46,18,0.0,train,2,0.0018190922069302
S30071,28,6,2025-11-13,50,20,0.0,train,2,0.001638276416281
S30072,28,6,2025-11-13,53,25,0.0,train,2,0.0014544439737894
S30073,28,3,2025-11-13,30,21,0.0,train,2,0.0023173247735149
S30074,28,10,2025-11-13,22,16,0.0,train,2,0.0015337841543746
S30107,28,25,2025-11-13,24,13,0.0,train,2,0.0007429596598269
S30109,28,4,2025-11-13,51,31,0.0,train,2,0.0017157729222819
S30112,28,21,2025-11-13,64,26,0.0,train,2,0.0023787640701163
S30270,28,21,2025-11-13,31,13,0.0034767036372475,train,2,0.0022202932672796
S30271,28,23,2025-11-13,54,25,0.0061925842068632,train,2,0.0024338995092879
S30277,28,18,2025-11-13,43,21,0.0081665516448125,train,2,0.002828577400522
S30278,28,18,2025-11-13,47,19,0.0141139169669361,train,2,0.0030158251639433
S30279,28,22,2025-11-13,13,22,0.0203115182042492,train,2,0.0026216221504333
S30280,28,24,2025-11-13,40,31,0.0091117577842445,train,2,0.0023286391284158
S30282,28,22,2025-11-13,31,18,0.0048821457865706,train,2,0.0024065644690137
S30283,28,18,2025-11-13,33,26,0.0146796849184328,train,2,0.0027458111436059
S30284,28,19,2025-11-13,13,20,0.0145673842275824,train,2,0.0026102740690551
S30289,28,5,2025-11-13,31,30,0.0,train,2,0.0015991112440232
S30291,28,2,2025-11-13,42,25,0.0125397386082656,train,2,0.0022666806958679
S30292,28,6,2025-11-13,40,21,0.0,train,2,0.0011723015455814
S30294,28,3,2025-11-13,34,19,0.0142920047807762,train,2,0.0022268808920228
S30876,28,15,2025-11-13,43,27,0.0165862209482056,train,2,0.0029108610815059
S31088,28,21,2025-11-13,27,21,0.0,train,2,0.002509271645731
S31090,28,25,2025-11-13,26,29,0.0,train,2,0.0018679207679102
S31093,28,3,2025-11-13,34,14,0.0,train,2,0.0017146840772471
S31094,28,3,2025-11-13,22,21,0.0,train,2,0.0020585127029936
S31095,28,2,2025-11-13,17,25,0.0,train,2,0.0027722284671098
S31096,28,4,2025-11-13,37,25,0.0,train,2,0.0014362274893005
S31097,28,8,2025-11-13,39,24,0.0,train,2,0.0014949938791671
S31098,28,4,2025-11-13,31,19,0.0,train,2,0.0012364084182586
S31100,28,5,2025-11-13,22,23,0.0,train,2,0.0015217144824081
S31102,28,8,2025-11-13,56,25,0.0,train,2,0.0015501293860257
S31106,28,2,2025-11-13,42,17,0.0,train,2,0.0020911985962558
S31111,28,10,2025-11-13,54,17,0.0,train,2,0.0013688581564721
S31609,28,4,2025-11-13,19,15,0.0064671858632782,train,2,0.0015848215699452
S31643,28,18,2025-11-13,55,27,0.0,train,2,0.0027056405249174
S31646,28,18,2025-11-13,58,19,0.0,train,2,0.0028595552790746
S31647,28,23,2025-11-13,27,19,0.0,train,2,0.0027057988740172
S31648,28,4,2025-11-13,55,26,0.0113801591390463,train,2,0.0011987189972687
S31649,28,2,2025-11-13,34,28,0.0,train,2,0.00210120377109
S31650,28,6,2025-11-13,45,14,0.0,train,2,0.0017024283579107
S31651,28,10,2025-11-13,33,22,0.0,train,2,0.0014608194685571
S31652,28,2,2025-11-13,28,24,0.0,train,2,0.0021722682324324
S31653,28,10,2025-11-13,53,15,0.0,train,2,0.0018368194083105
S31655,28,14,2025-11-13,23,29,0.0,train,2,0.0025187908699778
S31675,28,25,2025-11-13,34,14,0.0,train,2,0.0023442078979979
S31811,28,12,2025-11-13,42,22,0.0,train,2,0.0014249342255846
S31812,28,14,2025-11-13,34,18,0.0,train,2,0.0018812925218248
S31814,28,12,2025-11-13,26,20,0.0,train,2,0.0011546743748055
S31815,28,10,2025-11-13,32,30,0.0,train,2,0.0017020547107527
S31831,28,24,2025-11-13,54,30,0.0,train,2,0.0020495612324321
S31832,28,18,2025-11-13,28,31,0.0,train,2,0.001211327844523
S31834,28,8,2025-11-13,40,11,0.0,train,2,0.0011252584697755
S31836,28,5,2025-11-13,39,32,0.0,train,2,0.0013839032989161
S31838,28,18,2025-11-13,21,29,0.0,train,2,0.0014407481228898
S32008,28,15,2025-11-13,20,15,0.0022014918761849,train,2,0.0026329811946183
S32009,28,15,2025-11-13,61,22,0.0,train,2,0.0029446289936676
S32012,28,16,2025-11-13,60,25,0.0,train,2,0.0023481187226195
S32014,28,20,2025-11-13,42,31,0.0,train,2,0.0026594967051243
S32015,28,16,2025-11-13,42,30,0.0,train,2,0.0022986350025942
S32016,28,21,2025-11-13,18,17,0.0,train,2,0.0023428752975996
S32017,28,21,2025-11-13,33,20,0.0,train,2,0.0026861212105458
S32019,28,20,2025-11-13,48,28,0.0022078585548966,train,2,0.002502288447992
S32021,28,25,2025-11-13,22,27,0.0,train,2,0.001716068663094
S32022,28,25,2025-11-13,45,23,0.0,train,2,0.0020271341088448
S32024,28,25,2025-11-13,59,26,0.0,train,2,0.0015681334148508
S32025,28,25,2025-11-13,43,26,0.0022055658363621,train,2,0.0020046609015144
S32026,28,19,2025-11-13,22,16,0.0022415558291726,train,2,0.002731171817377
S32028,28,6,2025-11-13,39,27,0.0,train,2,0.0012454388234365
S32030,28,6,2025-11-13,62,17,0.0,train,2,0.0015874906567945
S32031,28,2,2025-11-13,65,23,0.0,train,2,0.0022898925356567
S32032,28,2,2025-11-13,26,28,0.0,train,2,0.0020150225764042
S32035,28,5,2025-11-13,55,20,0.0,train,2,0.0009020395222854
S32036,28,2,2025-11-13,38,21,0.0,train,2,0.0021994643760829
S32037,28,10,2025-11-13,30,17,0.0,train,2,0.0011950436616999
S32147,28,21,2025-11-13,19,28,0.0087418429986104,train,2,0.0015914197594387
S32199,28,15,2025-11-13,40,11,0.0,train,2,0.0014011733058885
S32200,28,5,2025-11-13,44,11,0.0,train,2,0.0008226048300983
S32214,28,19,2025-11-13,47,18,0.0026987255716465,train,2,0.0022110563073869
S32215,28,15,2025-11-13,43,22,0.0027566086503155,train,2,0.0030253390804787
S32216,28,15,2025-11-13,50,16,0.0,train,2,0.0028449090324428
S32217,28,18,2025-11-13,26,26,0.0,train,2,0.0028099365784177
S32220,28,25,2025-11-13,44,25,0.0,train,2,0.0023794481832054
S32223,28,2,2025-11-13,36,18,0.0,train,2,0.0019625867607318
S32224,28,8,2025-11-13,55,25,0.0,train,2,0.0012395117797595
S32225,28,12,2025-11-13,27,20,0.0,train,2,0.0011803231916846
S32464,28,14,2025-11-13,40,26,0.0,train,2,0.0019897681256147
S32908,28,19,2025-11-13,36,24,0.0,train,2,0.0030912994780625
S32910,28,21,2025-11-13,59,26,0.0,train,2,0.0024918413610978
S32911,28,20,2025-11-13,45,19,0.0,train,2,0.0026155350773559
S32912,28,25,2025-11-13,26,25,0.0025737026622546,train,2,0.0018873941612557
S32915,28,18,2025-11-13,23,21,0.0,train,2,0.0029498563535822
S32916,28,24,2025-11-13,37,17,0.0025515835733464,train,2,0.002589712615791
S32917,28,18,2025-11-13,32,30,0.0,train,2,0.0025462748976477
S32918,28,18,2025-11-13,65,19,0.0,train,2,0.0028452920659139
S32920,28,23,2025-11-13,25,21,0.0,train,2,0.0027830833398023
S32921,28,5,2025-11-13,50,25,0.0,train,2,0.0005988421249464
S32923,28,6,2025-11-13,27,16,0.0,train,2,0.001160716094131
S33070,28,10,2025-11-13,39,32,0.0,train,2,0.0010796829047407
S33100,28,21,2025-11-13,41,25,0.0025672813678392,train,2,0.0022970227976781
S33616,28,16,2025-11-13,50,23,0.0,train,2,0.0025438867973075
S33617,28,21,2025-11-13,25,15,0.0,train,2,0.0024400469541164
S33618,28,25,2025-11-13,38,21,0.0,train,2,0.0023831859525801
S33619,28,25,2025-11-13,45,15,0.0,train,2,0.0025708679434772
S33626,28,12,2025-11-13,50,28,0.0,train,2,0.0014320958780149
S33646,28,8,2025-11-13,48,14,0.0,train,2,0.0012276227477201
S33648,28,20,2025-11-13,29,13,0.0,train,2,0.0025949304308791
S33650,28,15,2025-11-13,56,27,0.0,train,2,0.002848851336745
S33652,28,12,2025-11-13,31,24,0.0,train,2,0.0011187624814664
S33656,28,15,2025-11-13,30,30,0.0,train,2,0.0028739321989619
S33658,28,3,2025-11-13,51,29,0.0,train,2,0.0022213111002671
S33660,28,8,2025-11-13,47,14,0.0,train,2,0.0014200142778697
S33663,28,2,2025-11-13,51,14,0.0,train,2,0.0021502753272692
S33665,28,6,2025-11-13,23,21,0.0,train,2,0.0017510154998035
S33666,28,8,2025-11-13,25,29,0.0,train,2,0.0018181886087146
S33667,28,2,2025-11-13,46,21,0.0,train,2,0.0023310387352984
S33673,28,18,2025-11-13,40,28,0.0,train,2,0.0029328812020757
S33677,28,12,2025-11-13,46,19,0.0,train,2,0.0012661853841724
S33844,28,21,2025-11-13,17,16,0.0,train,2,0.001496914107906
S33845,28,18,2025-11-13,44,32,0.0,train,2,0.001153254249503
S33948,28,6,2025-11-13,29,20,0.0,train,2,0.0017528699774355
S34110,28,16,2025-11-13,26,25,0.0,train,2,0.0020737721047196
S34112,28,15,2025-11-13,27,20,0.0,train,2,0.0030872760856507
S34113,28,20,2025-11-13,36,29,0.0,train,2,0.0028585162062887
S34115,28,21,2025-11-13,49,26,0.0,train,2,0.0024116324714146
S34116,28,3,2025-11-13,24,18,0.0,train,2,0.0017104318123905
S34117,28,2,2025-11-13,38,16,0.0,train,2,0.0019319499896148
S34118,28,4,2025-11-13,49,23,0.0,train,2,0.0015315029927299
S34119,28,2,2025-11-13,37,27,0.0,train,2,0.0025545703608082
S34121,28,4,2025-11-13,39,14,0.0,train,2,0.0011117278566001
S34122,28,10,2025-11-13,40,14,0.0,train,2,0.0018255671419499
S34278,28,21,2025-11-13,39,13,0.0,train,2,0.0024895709994226
S34282,28,18,2025-11-13,41,28,0.0,train,2,0.0021404216839864
S34284,28,16,2025-11-13,36,18,0.0,train,2,0.0021417883256067
S34285,28,21,2025-11-13,44,24,0.0,train,2,0.002634927659008
S34300,28,5,2025-11-13,24,20,0.0,train,2,0.000622850027843
S34301,28,8,2025-11-13,36,30,0.0,train,2,0.0021045566406421
S34302,28,5,2025-11-13,37,15,0.0,train,2,0.0009341440237011
S34303,28,3,2025-11-13,57,17,0.0,train,2,0.0020863393855051
S34304,28,2,2025-11-13,52,19,0.003592000751646,train,2,0.001847568471228
S34444,28,10,2025-11-13,43,24,0.0,train,2,0.0014330476164364
S34834,28,16,2025-11-13,31,19,0.0,train,2,0.0021026662558527
S34835,28,16,2025-11-13,48,28,0.0,train,2,0.0017018616303055
S34838,28,16,2025-11-13,36,29,0.0,train,2,0.0017274313699899
S34839,28,15,2025-11-13,57,26,0.0,train,2,0.0029030287660819
S34840,28,18,2025-11-13,18,27,0.0,train,2,0.0027918373981065
S34842,28,18,2025-11-13,34,14,0.0,train,2,0.0027172888243446
S34844,28,21,2025-11-13,19,17,0.0,train,2,0.0025528519918148
S34845,28,5,2025-11-13,23,18,0.0,train,2,0.0006171308755424
S34846,28,4,2025-11-13,22,27,0.0,train,2,0.0024603422973865
S34848,28,21,2025-11-13,34,21,0.0,train,2,0.0023065334754968
S34849,28,2,2025-11-13,31,30,0.0,train,2,0.0023259165191185
S34850,28,4,2025-11-13,35,24,0.0039863965221297,train,2,0.0010051771917116
S34851,28,6,2025-11-13,19,26,0.0,train,2,0.0015764194663417
S34852,28,6,2025-11-13,44,22,0.0,train,2,0.001900885060112
S34853,28,5,2025-11-13,52,28,0.0,train,2,0.0014103960534883
S34854,28,10,2025-11-13,26,29,0.0,train,2,0.002752118768848
S34995,28,14,2025-11-13,52,28,0.0,train,2,0.0020454494627599
S35013,28,25,2025-11-13,40,11,0.0,train,2,0.0009052483461775
S35239,28,18,2025-11-13,20,15,0.0125361133585957,train,2,0.0020105737214033
S35240,28,15,2025-11-13,22,27,0.017455592726251,train,2,0.0029667401761378
S35243,28,16,2025-11-13,15,25,0.0205852834817517,train,2,0.0018574126103712
S35245,28,14,2025-11-13,57,21,0.0095605650736399,train,2,0.0020857558632472
S35246,28,16,2025-11-13,34,31,0.0344530893195015,train,2,0.0022920674288762
S35247,28,20,2025-11-13,51,23,0.0173784852254902,train,2,0.0029559713744417
S35248,28,15,2025-11-13,25,21,0.0196374383613604,train,2,0.0030916526686995
S35250,28,18,2025-11-13,44,15,0.0322189174962335,train,2,0.0030199867928115
S35251,28,21,2025-11-13,48,26,0.0287254179490514,train,2,0.0025075302632074
S35252,28,22,2025-11-13,36,13,0.0,train,2,0.0024211835207622
S35253,28,22,2025-11-13,58,27,0.0291535783524415,train,2,0.0018773862929185
S35255,28,19,2025-11-13,37,21,0.0012118197533934,train,2,0.0023449583123093
S35256,28,16,2025-11-13,58,23,0.0073538115530303,train,2,0.0022285907810309
S35258,28,24,2025-11-13,31,13,0.0215967496240002,train,2,0.0016063624486315
S35259,28,4,2025-11-13,39,19,0.018102388084005,train,2,0.0014189578721024
S35261,28,6,2025-11-13,32,20,0.0170007525484025,train,2,0.001400519687055
S35262,28,2,2025-11-13,53,20,0.0012272332187586,train,2,0.0022503480430649
S35264,28,3,2025-11-13,35,31,0.0217411825379831,train,2,0.0024933679321586
S35380,28,20,2025-11-13,20,21,0.0,train,2,0.0026547497266919
S35394,28,10,2025-11-13,51,27,0.0,train,2,0.0024654026434334
S35396,28,10,2025-11-13,19,21,0.0,train,2,0.0019995972885469
S35401,28,5,2025-11-13,61,17,0.0,train,2,0.0009725461271582
S35751,28,19,2025-11-13,27,30,0.0019723161420385,train,2,0.002660859332714
S35753,28,19,2025-11-13,19,18,0.0,train,2,0.0028377935540372
S35754,28,15,2025-11-13,21,15,0.0040286626785337,train,2,0.0025882969057212
S35756,28,22,2025-11-13,53,14,0.0,train,2,0.0028233535105783
S35757,28,20,2025-11-13,37,24,0.0039589606334337,train,2,0.0029614821506821
S35758,28,20,2025-11-13,37,20,0.0040473136668091,train,2,0.002719509449193
S35760,28,25,2025-11-13,46,23,0.0,train,2,0.0018911985095123
S35761,28,24,2025-11-13,47,22,0.0020197094381794,train,2,0.0018392864831524
S35764,28,10,2025-11-13,54,15,0.0019866014325914,train,2,0.0013014401945471
S36084,28,15,2025-11-13,35,27,0.0,train,2,0.0030582264329955
S36086,28,10,2025-11-13,43,27,0.0,train,2,0.0019918812370065
S36260,28,16,2025-11-13,45,26,0.0,train,2,0.0017886129974429
S36264,28,3,2025-11-13,13,23,0.0,train,2,0.0016371665369268
S36266,28,5,2025-11-13,20,24,0.0,train,2,0.0010296251249133
S36636,28,12,2025-11-13,59,24,0.0,train,2,0.0014504687304442
S36637,28,14,2025-11-13,52,19,0.0,train,2,0.0014001374418765
S36639,28,14,2025-11-13,40,15,0.0,train,2,0.0015748140123679
S36650,28,15,2025-11-13,65,21,0.0,train,2,0.0030553798479059
S36651,28,18,2025-11-13,53,29,0.0,train,2,0.002833943726272
S36652,28,21,2025-11-13,62,21,0.0,train,2,0.0027228678101375
S36655,28,20,2025-11-13,38,30,0.0,train,2,0.0026482723788395
S36657,28,18,2025-11-13,18,18,0.0,train,2,0.0026327192434891
S36659,28,19,2025-11-13,56,29,0.0,train,2,0.0027561354731401
S36661,28,6,2025-11-13,36,14,0.0,train,2,0.0015210984605652
S36662,28,5,2025-11-13,45,19,0.0,train,2,0.000512441578037
S36667,28,5,2025-11-13,31,20,0.0,train,2,0.0010545375830204
S36668,28,16,2025-11-13,25,23,0.0,train,2,0.0019656867459366
S36882,28,15,2025-11-13,57,29,0.0,train,2,0.0023309177157439
S36883,28,2,2025-11-13,22,14,0.0,train,2,0.0009349149190043
S37002,28,23,2025-11-13,46,26,0.0,train,2,0.0024454839827544
S37003,28,25,2025-11-13,30,21,0.0,train,2,0.001916692247346
S37007,28,3,2025-11-13,20,23,0.0,train,2,0.0016068293253205
S37008,28,5,2025-11-13,28,16,0.0,train,2,0.0007932413121485
S37010,28,3,2025-11-13,37,28,0.0,train,2,0.0016435472447359
S37011,28,6,2025-11-13,18,20,0.0,train,2,0.0012532306273662
S37013,28,10,2025-11-13,49,23,0.0,train,2,0.0012914384374796
S37017,28,10,2025-11-13,31,18,0.0,train,2,0.0013229685396306
S37019,28,12,2025-11-13,33,21,0.0,train,2,0.0006222677950747
S37155,28,24,2025-11-13,29,16,0.0,train,2,0.0024247335338502
S37156,28,25,2025-11-13,21,23,0.0,train,2,0.0018032266500886
S37159,28,25,2025-11-13,36,27,0.0,train,2,0.002038512492927
S37160,28,15,2025-11-13,59,16,0.0,train,2,0.0029144834899699
S37161,28,24,2025-11-13,39,21,0.0,train,2,0.00124701268468
S37167,28,12,2025-11-13,60,26,0.0,train,2,0.0017992413209228
S37169,28,14,2025-11-13,41,30,0.0,train,2,0.002227843364347
S37170,28,8,2025-11-13,56,24,0.0,train,2,0.0011646343257657
S37172,28,4,2025-11-13,35,15,0.0,train,2,0.0009657836594094
S37178,28,12,2025-11-13,58,25,0.0,train,2,0.0015516794043915
S37179,28,2,2025-11-13,49,18,0.0,train,2,0.0023419963755496
S37194,28,2,2025-11-13,43,11,0.0,train,2,0.002477021552081
S37195,28,3,2025-11-13,42,32,0.0,train,2,0.0020077290717906
S37709,28,14,2025-11-13,38,24,0.0,train,2,0.0021497739771343
S37711,28,12,2025-11-13,63,23,0.0,train,2,0.0014786379482239
S37825,28,25,2025-11-13,24,30,0.0,train,2,0.0015925928987107
S37826,28,23,2025-11-13,49,31,0.0,train,2,0.0021462879326471
S38490,28,14,2025-11-13,19,21,0.0083327744618067,train,2,0.0015854903467499
S38492,28,22,2025-11-13,20,27,0.0027315646864196,train,2,0.0022891259921475
S38493,28,21,2025-11-13,19,21,0.0056818831384115,train,2,0.0024335215142994
S38498,28,3,2025-11-13,32,17,0.0067856128623544,train,2,0.0011069395776725
S38501,28,6,2025-11-13,37,14,0.0,train,2,0.0017744848012551
S38502,28,2,2025-11-13,31,17,0.0083451570383927,train,2,0.0015173224565995
S38503,28,10,2025-11-13,52,25,0.001361036030485,train,2,0.0021149227137002
S38580,28,22,2025-11-13,51,24,0.0,train,2,0.0027664105637522
S38595,28,14,2025-11-13,38,23,0.0,train,2,0.0015629857887201
S38597,28,14,2025-11-13,45,14,0.0,train,2,0.0011980196807581
S38598,28,14,2025-11-13,22,15,0.0,train,2,0.0021316432141374
S38600,28,24,2025-11-13,36,20,0.0,train,2,0.0016153037043157
S38669,28,20,2025-11-13,17,23,0.0,train,2,0.0026923828417701
S38671,28,24,2025-11-13,29,15,0.0,train,2,0.0015946290783638
S38672,28,23,2025-11-13,34,14,0.0,train,2,0.0022315681910886
S38674,28,12,2025-11-13,43,27,0.0,train,2,0.0013708486622083
S38675,28,3,2025-11-13,53,25,0.0,train,2,0.0021542333248865
S38676,28,6,2025-11-13,48,24,0.0,train,2,0.001783050873868
S38680,28,8,2025-11-13,52,17,0.0,train,2,0.0014726356738374
S38828,28,25,2025-11-13,44,14,0.0,train,2,0.0021624791643832
S39072,28,15,2025-11-13,54,20,0.0,train,2,0.0029346843919909
S39074,28,19,2025-11-13,51,26,0.0,train,2,0.0026712300564062
S39075,28,20,2025-11-13,21,19,0.0,train,2,0.0026547565032027
S39077,28,20,2025-11-13,44,29,0.0,train,2,0.0025761531821325
S39080,28,2,2025-11-13,49,26,0.0,train,2,0.0020693358595325
S39081,28,22,2025-11-13,36,21,0.0,train,2,0.0024823696393697
S39083,28,4,2025-11-13,30,18,0.0,train,2,0.001221708762819
S39084,28,4,2025-11-13,14,19,0.0,train,2,0.0017710089576783
S39085,28,2,2025-11-13,29,24,0.0,train,2,0.0021647597504474
S39086,28,12,2025-11-13,44,19,0.0,train,2,0.0015647501754584
S39232,28,21,2025-11-13,53,18,0.0,train,2,0.002807664602192
S39233,28,18,2025-11-13,22,22,0.0,train,2,0.0029680728467613
S39234,28,24,2025-11-13,27,29,0.0,train,2,0.0020022995596909
S39235,28,4,2025-11-13,27,15,0.0,train,2,0.0010931670605594
S39236,28,3,2025-11-13,21,19,0.0,train,2,0.0021322678197408
S39237,28,4,2025-11-13,43,15,0.0,train,2,0.0011215454326425
S39239,28,4,2025-11-13,32,20,0.0,train,2,0.0014592370800701
S39241,28,5,2025-11-13,22,17,0.0,train,2,0.0010284306915114
S39242,28,5,2025-11-13,29,19,0.0,train,2,0.0008650301819191
S39244,28,6,2025-11-13,45,23,0.0,train,2,0.0019100416110988
S39246,28,24,2025-11-13,53,25,0.0,train,2,0.0021049011617889
S39248,28,12,2025-11-13,35,27,0.0,train,2,0.0014535421148782
S39249,28,12,2025-11-13,51,22,0.0,train,2,0.000644686980539
S39292,28,18,2025-11-13,46,11,0.0,train,2,0.002470244927516
S39337,28,12,2025-11-13,36,23,0.0,train,2,0.0018732505866196
S39672,28,21,2025-11-13,56,14,0.0,train,2,0.0024837262377362
S39676,28,14,2025-11-13,42,25,0.0,train,2,0.0020625608720163
S39681,28,4,2025-11-13,40,20,0.0,train,2,0.0017733899128622
S39682,28,5,2025-11-13,30,26,0.0,train,2,0.0006073787322794
S39683,28,2,2025-11-13,27,30,0.0,train,2,0.0026015576108774
S39741,28,18,2025-11-13,50,31,0.0,train,2,0.0015813400209028
S39742,28,12,2025-11-13,28,12,0.0,train,2,0.0012840538073245
S39777,28,14,2025-11-13,59,18,0.0,train,2,0.0021328809099867
S39778,28,16,2025-11-13,54,18,0.0,train,2,0.0020755603791581
S39779,28,14,2025-11-13,17,26,0.0,train,2,0.0018820428470464
S39780,28,12,2025-11-13,43,31,0.0,train,2,0.0016613834856473
S39783,28,6,2025-11-13,18,24,0.0,train,2,0.0015612900204772
S39784,28,4,2025-11-13,22,17,0.0,train,2,0.0013359730699498
S39785,28,2,2025-11-13,27,19,0.0,train,2,0.0021119590661948
S39786,28,2,2025-11-13,37,13,0.0,train,2,0.0020916734562398
S40084,28,21,2025-11-13,17,22,0.0058234908136482,train,2,0.0025779761332497
S40086,28,21,2025-11-13,32,15,0.0,train,2,0.0022305772069658
S40087,28,21,2025-11-13,36,24,0.0,train,2,0.0026798172921835
S40088,28,24,2025-11-13,54,23,0.0,train,2,0.0021798709380252
S40093,28,3,2025-11-13,62,20,0.0,train,2,0.0023900270426797
S40095,28,10,2025-11-13,36,31,0.0019613646678111,train,2,0.0026695119080899
S40096,28,12,2025-11-13,62,17,0.0,train,2,0.0016293264933803
S40097,28,10,2025-11-13,16,23,0.0039004253582583,train,2,0.0025477567143169
S40586,28,24,2025-11-13,44,20,0.0,train,2,0.00224841135883
S40588,28,23,2025-11-13,19,18,0.0021632868030799,train,2,0.0024108190591869
S40589,28,20,2025-11-13,51,22,0.0,train,2,0.0030161363630367
S40592,28,16,2025-11-13,60,16,0.0042645935765095,train,2,0.0018967536707228
S40593,28,15,2025-11-13,54,29,0.0,train,2,0.0026549344473314
S40594,28,21,2025-11-13,61,23,0.0021595362862928,train,2,0.0025286731306063
S40597,28,15,2025-11-13,36,25,0.0021403409041971,train,2,0.0031844679459427
S40598,28,15,2025-11-13,27,18,0.0,train,2,0.0029303126054189
S40599,28,19,2025-11-13,47,24,0.0064790311436728,train,2,0.0031896839660775
S40601,28,24,2025-11-13,66,22,0.0,train,2,0.0023320020152392
S40614,28,22,2025-11-13,45,27,0.0,train,2,0.0021957270658709
S40623,28,2,2025-11-13,58,26,0.0,train,2,0.0022684016850428
S40624,28,3,2025-11-13,31,21,0.0,train,2,0.0012689477191912
S40626,28,3,2025-11-13,18,25,0.0129751461988304,train,2,0.0023040241883185
S40884,28,5,2025-11-13,45,11,0.0,train,2,0.0010831185487225
S41234,28,23,2025-11-13,47,19,0.0,train,2,0.0026416340306988
S41236,28,24,2025-11-13,21,17,0.0,train,2,0.0019862281367766
S41237,28,23,2025-11-13,54,26,0.0,train,2,0.0021236063179585
S41238,28,25,2025-11-13,41,22,0.0,train,2,0.0026070303212258
S41239,28,15,2025-11-13,60,24,0.0,train,2,0.0027624640298242
S41240,28,12,2025-11-13,42,21,0.0,train,2,0.0015710497991663
S41242,28,15,2025-11-13,16,24,0.0,train,2,0.0029148170562545
S41253,28,12,2025-11-13,34,28,0.0,train,2,0.0014073533017254
S41259,28,5,2025-11-13,47,17,0.0,train,2,0.0007182390400064
S41260,28,6,2025-11-13,52,14,0.0,train,2,0.0016881963333626
S41261,28,3,2025-11-13,53,24,0.0,train,2,0.0018094759432518
S41332,28,5,2025-11-13,41,32,0.0,train,2,0.0011067888409416
S41587,28,15,2025-11-13,33,26,0.0054612984044657,train,2,0.0026107542495954
S41588,28,19,2025-11-13,37,23,0.0091389189228947,train,2,0.0029830341259074
S41589,28,16,2025-11-13,47,25,0.0054252903676534,train,2,0.001999900298849
S41592,28,18,2025-11-13,57,16,0.0,train,2,0.002852307790793
S41593,28,21,2025-11-13,27,30,0.005333648129467,train,2,0.0022501832659657
S41594,28,18,2025-11-13,40,30,0.0106385255902562,train,2,0.002275592108987
S41596,28,16,2025-11-13,39,14,0.001829297468797,train,2,0.0017662437860506
S41598,28,21,2025-11-13,40,29,0.0,train,2,0.0023098661320099
S41601,28,25,2025-11-13,27,30,0.0017727271105974,train,2,0.0016112072570228
S41603,28,23,2025-11-13,19,25,0.0144581292431663,train,2,0.0025663187651234
S41605,28,22,2025-11-13,54,29,0.001800842083904,train,2,0.0026020483252493
S41606,28,23,2025-11-13,33,22,0.0018150875040172,train,2,0.0028914016460356
S41607,28,3,2025-11-13,54,22,0.0109538922683593,train,2,0.0012716450404241
S41608,28,5,2025-11-13,37,31,0.0017703969678835,train,2,0.0010194429354629
S41612,28,6,2025-11-13,61,24,0.0088488642473836,train,2,0.0017045729760322
S41615,28,10,2025-11-13,18,22,0.0,train,2,0.0028079799108207
S41680,28,14,2025-11-13,60,15,0.0072501823486506,train,2,0.0014181284130505
S41684,28,14,2025-11-13,61,28,0.0053409848045221,train,2,0.0013488913862669
S41685,28,14,2025-11-13,40,32,0.0048190434635056,train,2,0.002474459088798
S42176,28,23,2025-11-13,45,24,0.0022501720453475,train,2,0.0020649704772962
S42177,28,23,2025-11-13,34,24,0.0022925517438615,train,2,0.0025176447501283
S42178,28,24,2025-11-13,56,18,0.0022886878036425,train,2,0.0025421067285417
S42180,28,18,2025-11-13,61,17,0.0,train,2,0.0024096685808462
S42181,28,16,2025-11-13,53,14,0.0,train,2,0.0019375193684846
S42183,28,21,2025-11-13,40,15,0.011519989615784,train,2,0.0020293186204646
S42185,28,21,2025-11-13,41,27,0.0,train,2,0.0022136563768826
S42186,28,12,2025-11-13,39,24,0.0,train,2,0.0010379343490078
S42187,28,25,2025-11-13,37,23,0.0022656200140404,train,2,0.0024855017034477
S42192,28,23,2025-11-13,61,23,0.0,train,2,0.0021346437902406
S42204,28,4,2025-11-13,50,23,0.0,train,2,0.0010501289108143
S42205,28,4,2025-11-13,34,24,0.0,train,2,0.0014769720828173
S42206,28,3,2025-11-13,58,28,0.0,train,2,0.0025635136012073
S42207,28,3,2025-11-13,20,21,0.0022559940445388,train,2,0.0013166331634304
S42208,28,3,2025-11-13,61,24,0.0023105210062156,train,2,0.0012533894025538
S42497,28,24,2025-11-13,38,13,0.0,train,2,0.0019302902161817
S42503,28,20,2025-11-13,28,27,0.007416914145861,train,2,0.0026439095811122
S42505,28,20,2025-11-13,54,29,0.0,train,2,0.0026814730083054
S42506,28,18,2025-11-13,38,24,0.0,train,2,0.0029117588580948
S42516,28,19,2025-11-13,28,15,0.0,train,2,0.0026387950514715
S42520,28,8,2025-11-13,65,23,0.0,train,2,0.0015305240710555
S42527,28,4,2025-11-13,31,20,0.0,train,2,0.0014286053234192
S42528,28,8,2025-11-13,32,26,0.0025008931761343,train,2,0.001032606156848
S42530,28,4,2025-11-13,31,27,0.0,train,2,0.0009430044184964
S42531,28,4,2025-11-13,46,26,0.0,train,2,0.0012906439241908
S42942,28,25,2025-11-13,60,24,0.0,train,2,0.0021684852411203
S42943,28,8,2025-11-13,36,15,0.0,train,2,0.0016377032936586
S42946,28,12,2025-11-13,54,23,0.0,train,2,0.0014300076153562
S42952,28,8,2025-11-13,41,18,0.0,train,2,0.00101265431727
S42955,28,10,2025-11-13,46,17,0.0,train,2,0.0012527345853248
S42957,28,3,2025-11-13,30,13,0.0,train,2,0.0018530021539637
S42958,28,5,2025-11-13,54,19,0.0,train,2,0.0011451743595738
S42959,28,6,2025-11-13,54,19,0.0,train,2,0.001754737659954
S43042,28,12,2025-11-13,18,21,0.0,train,2,0.0013885926199111
S43044,28,3,2025-11-13,39,13,0.0,train,2,0.0016671011297349
S43186,28,15,2025-11-13,20,22,0.0061545320017089,train,2,0.0029047411109649
S43187,28,15,2025-11-13,34,18,0.0177160664066384,train,2,0.0026954044164329
S43188,28,19,2025-11-13,51,15,0.0217268998445227,train,2,0.0024355281689572
S43189,28,22,2025-11-13,40,23,0.0,train,2,0.002971085136111
S43191,28,15,2025-11-13,38,14,0.0151453281081443,train,2,0.002213015251005
S43192,28,20,2025-11-13,25,22,0.0137552832702701,train,2,0.0029206691951743
S43193,28,20,2025-11-13,50,26,0.0168430915216394,train,2,0.0027888395559161
S43195,28,24,2025-11-13,48,18,0.0183505314910899,train,2,0.0020068574599051
S43196,28,25,2025-11-13,45,16,0.0071020581474631,train,2,0.0013793602823637
S43197,28,21,2025-11-13,61,20,0.0108438657875736,train,2,0.0025663090824518
S43199,28,18,2025-11-13,34,18,0.0,train,2,0.0024949147070707
S43200,28,23,2025-11-13,46,17,0.0050375433816613,train,2,0.0020910290501724
S43202,28,12,2025-11-13,50,25,0.0080629624897844,train,2,0.000587082666931
S43680,28,21,2025-11-13,44,32,0.0071556976136704,train,2,0.0023459698004237
S00461,28,23,2025-11-13,39,27,0.0,train,3,0.0028421838755059
S00463,28,23,2025-11-13,53,14,0.0,train,3,0.0021687673847794
S00465,28,25,2025-11-13,25,26,0.0,train,3,0.0021179608657592
S00467,28,23,2025-11-13,26,21,0.0047907539412867,train,3,0.0025116279799022
S00469,28,20,2025-11-13,35,20,0.0024476488781198,train,3,0.0018546687634331
S00472,28,25,2025-11-13,53,20,0.0,train,3,0.0019584073841728
S00478,28,22,2025-11-13,38,26,0.0,train,3,0.0017412101342615
S00484,28,16,2025-11-13,20,24,0.0,train,3,0.0023660441380789
S00485,28,14,2025-11-13,46,22,0.0,train,3,0.0016512693759298
S00493,28,5,2025-11-13,44,26,0.0,train,3,0.0005177129556619
S00660,28,21,2025-11-13,17,26,0.0,train,3,0.0024765390936766
S00662,28,25,2025-11-13,40,22,0.0,train,3,0.002957321846568
S00664,28,23,2025-11-13,30,13,0.0,train,3,0.0021176238496805
S00666,28,4,2025-11-13,52,23,0.0,train,3,0.0013702205615849
S00667,28,8,2025-11-13,50,30,0.0,train,3,0.001189406234302
S00668,28,5,2025-11-13,29,30,0.0,train,3,0.0016490470234688
S00670,28,10,2025-11-13,46,22,0.0,train,3,0.0011224472457483
S00671,28,5,2025-11-13,38,16,0.0,train,3,0.0005635795361658
S00673,28,14,2025-11-13,14,24,0.0,train,3,0.0022583949442223
S00727,28,25,2025-11-13,34,30,0.0,train,3,0.0016987613980916
S00728,28,24,2025-11-13,48,30,0.0,train,3,0.0018655151391138
S00729,28,19,2025-11-13,65,21,0.0,train,3,0.0029334119093825
S00731,28,15,2025-11-13,55,25,0.0,train,3,0.0028465385579312
S00732,28,19,2025-11-13,37,20,0.0,train,3,0.0029880135624643
S00733,28,20,2025-11-13,47,21,0.0,train,3,0.0028657985812012
S00755,28,5,2025-11-13,57,15,0.0,train,3,0.0009834492433716
S00881,28,12,2025-11-13,15,22,0.0,train,3,0.0015587341056827
S00905,28,23,2025-11-13,60,28,0.0,train,3,0.0022935477839932
S00906,28,24,2025-11-13,16,17,0.0,train,3,0.001763944668485
S01129,28,25,2025-11-13,51,22,0.0,train,3,0.0024349198205112
S01130,28,8,2025-11-13,51,30,0.0,train,3,0.0011421405092722
S01133,28,25,2025-11-13,50,24,0.0,train,3,0.0022387942168488
S01134,28,12,2025-11-13,30,19,0.0,train,3,0.0012555752854295
S01744,28,14,2025-11-13,32,31,0.002976805474447,train,3,0.0018674334289492
S01746,28,4,2025-11-13,44,11,0.0044648471890328,train,3,0.0018670064826562
S01794,28,16,2025-11-13,25,22,0.0,train,3,0.0021924817160934
S01796,28,12,2025-11-13,21,17,0.0,train,3,0.0015752777375561
S01863,28,15,2025-11-13,35,20,0.0074317312494579,train,3,0.003069734794745
S01866,28,22,2025-11-13,52,19,0.0058951913268332,train,3,0.0023060633084962
S01867,28,19,2025-11-13,28,13,0.0028537878722628,train,3,0.0025146271981871
S01868,28,19,2025-11-13,49,21,0.0043893736531599,train,3,0.0030693783981022
S01869,28,18,2025-11-13,37,23,0.0100082563080207,train,3,0.0029827646506937
S01870,28,21,2025-11-13,61,27,0.0014377542105659,train,3,0.0026439946949019
S01874,28,8,2025-11-13,27,29,0.0073207304822255,train,3,0.0012112580355371
S01875,28,6,2025-11-13,56,25,0.007245869708474,train,3,0.0022117019382915
S01877,28,4,2025-11-13,18,26,0.0029669427654652,train,3,0.0024926711493178
S01878,28,3,2025-11-13,27,28,0.0100184588448391,train,3,0.0013798437841329
S01984,28,16,2025-11-13,25,15,0.0,train,3,0.0017209011426301
S01985,28,22,2025-11-13,60,22,0.0,train,3,0.0027062413108602
S01986,28,15,2025-11-13,26,17,0.0,train,3,0.0028085820565584
S01988,28,20,2025-11-13,30,21,0.0,train,3,0.0027387594183203
S01990,28,18,2025-11-13,31,26,0.0,train,3,0.0027881316306167
S01991,28,4,2025-11-13,20,28,0.0196559224836859,train,3,0.0023745934362023
S01992,28,5,2025-11-13,53,20,0.0,train,3,0.000604218309776
S01993,28,8,2025-11-13,50,23,0.0,train,3,0.0019393035175259
S01997,28,6,2025-11-13,37,31,0.0,train,3,0.0021667061077922
S02159,28,25,2025-11-13,62,18,0.0,train,3,0.0018093119166248
S02161,28,24,2025-11-13,55,26,0.0,train,3,0.0022381769273091
S02737,28,14,2025-11-13,54,24,0.0,train,3,0.0018869302073543
S02739,28,23,2025-11-13,47,30,0.0,train,3,0.0022740626632829
S02742,28,19,2025-11-13,66,22,0.0,train,3,0.0029752555953822
S02743,28,16,2025-11-13,51,23,0.0,train,3,0.002427411322478
S02744,28,19,2025-11-13,50,13,0.0,train,3,0.0018115205825763
S02747,28,12,2025-11-13,41,20,0.0,train,3,0.0013221475115455
S02765,28,5,2025-11-13,35,26,0.0,train,3,0.0007742093081505
S02766,28,2,2025-11-13,50,23,0.0,train,3,0.0018522318053756
S02768,28,3,2025-11-13,23,18,0.0,train,3,0.0021581356935014
S02769,28,4,2025-11-13,28,21,0.0,train,3,0.0013831287941713
S02770,28,2,2025-11-13,34,23,0.0,train,3,0.0022211351653265
S02895,28,23,2025-11-13,56,25,0.0,train,3,0.0023436033326345
S02896,28,22,2025-11-13,47,28,0.0,train,3,0.0028894635368779
S02898,28,23,2025-11-13,14,24,0.0,train,3,0.0026882102695679
S02901,28,16,2025-11-13,27,14,0.0,train,3,0.0020185191020338
S02904,28,24,2025-11-13,41,23,0.0,train,3,0.0025628087400059
S02914,28,16,2025-11-13,17,19,0.0,train,3,0.002148312815727
S02915,28,10,2025-11-13,27,23,0.0,train,3,0.0015348053611419
S02917,28,5,2025-11-13,17,17,0.0,train,3,0.0015950750092806
S02918,28,2,2025-11-13,47,18,0.0,train,3,0.0019969295943634
S03291,28,25,2025-11-13,40,29,0.002866106132429,train,3,0.0019460761932177
S03293,28,25,2025-11-13,40,24,0.0028940947655899,train,3,0.0020243805889532
S03295,28,21,2025-11-13,36,27,0.0,train,3,0.0024880929668565
S03296,28,21,2025-11-13,33,26,0.0,train,3,0.0024331101611404
S03297,28,15,2025-11-13,22,25,0.0,train,3,0.0030940331020197
S03299,28,15,2025-11-13,17,22,0.0028695315792816,train,3,0.0028660892395358
S03306,28,14,2025-11-13,48,28,0.0,train,3,0.0021192149180409
S03310,28,8,2025-11-13,15,19,0.0,train,3,0.0020380154685843
S03491,28,12,2025-11-13,28,21,0.0,train,3,0.000655680644516
S03496,28,25,2025-11-13,33,16,0.0,train,3,0.0022877748034878
S03828,28,2,2025-11-13,13,19,0.0069426982929623,train,3,0.0011488519028454
S04459,28,2,2025-11-13,20,16,0.0,train,3,0.0019874710359743
S04467,28,12,2025-11-13,26,25,0.0,train,3,0.0013208215781573
S04468,28,12,2025-11-13,56,22,0.0,train,3,0.0018000125089413
S04510,28,19,2025-11-13,41,22,0.0046741716747077,train,3,0.0031642215494029
S04511,28,18,2025-11-13,26,16,0.0,train,3,0.0027542791177207
S04513,28,4,2025-11-13,37,28,0.0,train,3,0.001040978937434
S04516,28,2,2025-11-13,56,14,0.0,train,3,0.0020339346039053
S04517,28,24,2025-11-13,40,17,0.0,train,3,0.0027082604129766
S04521,28,19,2025-11-13,24,28,0.0,train,3,0.0029011809277211
S04657,28,10,2025-11-13,62,22,0.0,train,3,0.0026463485467916
S04658,28,21,2025-11-13,18,19,0.0034283191578889,train,3,0.0023936323530781
S04660,28,18,2025-11-13,56,15,0.0,train,3,0.0028031457017235
S04661,28,22,2025-11-13,59,20,0.0,train,3,0.0025180295002041
S04663,28,23,2025-11-13,34,30,0.0,train,3,0.0023005378533821
S04664,28,18,2025-11-13,39,29,0.0,train,3,0.0020655633309556
S04666,28,20,2025-11-13,55,27,0.0,train,3,0.0026639381563856
S04668,28,15,2025-11-13,36,14,0.0,train,3,0.0021839579049315
S04676,28,18,2025-11-13,28,28,0.0,train,3,0.0026226605284906
S04680,28,10,2025-11-13,32,12,0.0,train,3,0.0025938401507513
S04685,28,5,2025-11-13,24,28,0.0,train,3,0.0013386278656958
S04688,28,3,2025-11-13,41,19,0.0,train,3,0.0027684179664117
S04689,28,2,2025-11-13,38,26,0.0,train,3,0.0022994458172992
S04692,28,10,2025-11-13,39,19,0.0,train,3,0.0013418782994565
S05152,28,5,2025-11-13,30,12,0.0,train,3,0.0010689573169849
S05230,28,20,2025-11-13,22,27,0.0,train,3,0.0026833300228287
S05231,28,6,2025-11-13,49,16,0.0,train,3,0.0016947459013377
S05233,28,24,2025-11-13,50,16,0.0,train,3,0.0026983894168386
S05236,28,10,2025-11-13,40,19,0.0,train,3,0.0013725407371154
S05496,28,24,2025-11-13,43,20,0.0,train,3,0.0025186165303597
S05497,28,25,2025-11-13,15,21,0.0,train,3,0.0016969149398085
S05498,28,19,2025-11-13,24,17,0.0,train,3,0.003045854262416
S05499,28,18,2025-11-13,29,23,0.0,train,3,0.0027891101892928
S05500,28,18,2025-11-13,52,20,0.0,train,3,0.0024359204379575
S05501,28,15,2025-11-13,56,29,0.0,train,3,0.0023949406360168
S05503,28,14,2025-11-13,32,25,0.0,train,3,0.0020207719884422
S05509,28,25,2025-11-13,26,17,0.0,train,3,0.0015910404496708
S05513,28,8,2025-11-13,45,17,0.0,train,3,0.0016433418423841
S05515,28,5,2025-11-13,36,18,0.0,train,3,0.0009172747571773
S05516,28,5,2025-11-13,47,18,0.0,train,3,0.0008349773892872
S05517,28,6,2025-11-13,30,30,0.0,train,3,0.0020706287989637
S05645,28,2,2025-11-13,19,25,0.0383807493899237,train,3,0.0027343800793944
S05917,28,8,2025-11-13,22,29,0.0,train,3,0.0024155460715202
S05918,28,3,2025-11-13,31,12,0.0,train,3,0.0016821031903531
S05942,28,14,2025-11-13,31,16,0.0,train,3,0.0013802249467382
S05963,28,16,2025-11-13,24,27,0.0,train,3,0.0021195088173611
S05964,28,23,2025-11-13,37,12,0.0,train,3,0.0024155112387276
S05966,28,10,2025-11-13,20,24,0.0,train,3,0.0024676836967042
S05967,28,10,2025-11-13,53,18,0.0,train,3,0.0015961813839513
S05969,28,8,2025-11-13,36,21,0.0,train,3,0.0024089590015818
S05970,28,6,2025-11-13,40,27,0.0,train,3,0.0011572081784084
S05971,28,3,2025-11-13,37,15,0.0,train,3,0.0016738542297458
S06132,28,16,2025-11-13,58,14,0.0135679900992801,train,3,0.00247006268373
S06134,28,12,2025-11-13,66,23,0.0,train,3,0.0015453389387342
S06135,28,8,2025-11-13,19,15,0.0046536016254833,train,3,0.0030086056703606
S06385,28,23,2025-11-13,33,30,0.0015230215276181,train,3,0.0024421911667185
S06386,28,14,2025-11-13,42,21,0.0015596560597502,train,3,0.0016644040764239
S06387,28,23,2025-11-13,49,13,0.0,train,3,0.0020196753230381
S06388,28,23,2025-11-13,62,18,0.0045494905852091,train,3,0.0025276863689783
S06390,28,24,2025-11-13,28,29,0.0140318846580963,train,3,0.0018535692303305
S06391,28,18,2025-11-13,33,13,0.0030705168600412,train,3,0.0025779827472283
S06393,28,25,2025-11-13,36,25,0.0075497952288939,train,3,0.0021717976921544
S06394,28,20,2025-11-13,44,20,0.0015250544662309,train,3,0.0029727784922756
S06395,28,19,2025-11-13,28,26,0.0,train,3,0.0028974622149847
S06397,28,18,2025-11-13,37,27,0.0,train,3,0.0020665019772287
S06399,28,20,2025-11-13,46,30,0.0030144231352426,train,3,0.0026389826303119
S06400,28,20,2025-11-13,54,27,0.0031000789054288,train,3,0.0026781780436816
S06401,28,15,2025-11-13,55,15,0.0060474978021543,train,3,0.0027821982091527
S06402,28,16,2025-11-13,35,14,0.0077499072194206,train,3,0.00217112556286
S06403,28,16,2025-11-13,33,22,0.0059771856715915,train,3,0.002287966633574
S06404,28,18,2025-11-13,46,23,0.0077672755460535,train,3,0.0029322077987392
S06405,28,15,2025-11-13,28,13,0.0015556139823717,train,3,0.0026722260563974
S06406,28,19,2025-11-13,38,23,0.001555833122028,train,3,0.0031339702041904
S06407,28,10,2025-11-13,48,30,0.0,train,3,0.0025341502230211
S06408,28,19,2025-11-13,48,17,0.0,train,3,0.002533407465269
S06805,28,3,2025-11-13,18,15,0.0,train,3,0.0016950249147108
S07150,28,23,2025-11-13,32,14,0.0,train,3,0.0019549900661557
S07151,28,18,2025-11-13,36,24,0.0,train,3,0.002702633663369
S07153,28,19,2025-11-13,30,21,0.0,train,3,0.0030642166435743
S07154,28,19,2025-11-13,47,19,0.0,train,3,0.0024327016239467
S07155,28,18,2025-11-13,38,29,0.0,train,3,0.0029886524730538
S07163,28,8,2025-11-13,57,15,0.0037254416934643,train,3,0.0013728814500431
S07165,28,12,2025-11-13,25,28,0.0,train,3,0.0015188519201083
S07169,28,4,2025-11-13,44,14,0.0,train,3,0.0012884039779216
S07176,28,3,2025-11-13,41,21,0.0,train,3,0.0012179375230521
S07178,28,4,2025-11-13,23,25,0.0,train,3,0.0013608369414526
S07301,28,25,2025-11-13,33,11,0.0,train,3,0.0008029579345864
S07303,28,6,2025-11-13,44,31,0.0,train,3,0.0011728450582518
S07551,28,3,2025-11-13,20,25,0.0,train,3,0.0019685520283957
S07785,28,16,2025-11-13,57,29,0.008692648415603,train,3,0.0023111787535911
S07922,28,25,2025-11-13,34,13,0.0131464961413578,train,3,0.0013546652766191
S07925,28,19,2025-11-13,20,24,0.0055710243959305,train,3,0.0027158203155382
S07926,28,25,2025-11-13,42,26,0.0103843461727311,train,3,0.0017732344364225
S07927,28,19,2025-11-13,47,23,0.0232228685998526,train,3,0.0031362276048442
S07929,28,20,2025-11-13,39,28,0.0111006879299562,train,3,0.0027986577616658
S07930,28,18,2025-11-13,52,16,0.0129616106822449,train,3,0.0027468552415394
S07931,28,18,2025-11-13,37,19,0.0010806415140287,train,3,0.0028953984861563
S07932,28,16,2025-11-13,35,31,0.0129798903107861,train,3,0.0017912063582708
S07934,28,15,2025-11-13,30,27,0.0044162762438548,train,3,0.0023021738079354
S07935,28,19,2025-11-13,49,28,0.0154474475967874,train,3,0.0029615404270318
S07936,28,14,2025-11-13,37,24,0.0150578682663758,train,3,0.0014803631435329
S07939,28,15,2025-11-13,34,21,0.0053342778332313,train,3,0.0031847992403805
S07942,28,10,2025-11-13,23,26,0.0041451382199258,train,3,0.0013531735659219
S07945,28,4,2025-11-13,62,20,0.0105512105231871,train,3,0.0028783654833217
S07946,28,3,2025-11-13,38,25,0.013691111902219,train,3,0.002289398199017
S08811,28,18,2025-11-13,55,22,0.0,train,3,0.0030657676088343
S08813,28,20,2025-11-13,20,23,0.0,train,3,0.0026695643147153
S08814,28,20,2025-11-13,21,15,0.0,train,3,0.0019642673959097
S08820,28,8,2025-11-13,31,18,0.0,train,3,0.0015413065006533
S08822,28,8,2025-11-13,37,14,0.0,train,3,0.001456066551439
S08823,28,10,2025-11-13,59,22,0.0,train,3,0.0027657423006551
S08825,28,19,2025-11-13,27,19,0.0,train,3,0.0030060176504166
S08827,28,5,2025-11-13,45,20,0.0,train,3,0.0007992261607688
S08831,28,6,2025-11-13,26,16,0.0,train,3,0.0014160294759939
S08833,28,8,2025-11-13,57,28,0.0,train,3,0.0011932758677851
S08834,28,3,2025-11-13,15,23,0.0,train,3,0.0027051127022709
S08970,28,15,2025-11-13,15,18,0.0,train,3,0.002818666950727
S08972,28,20,2025-11-13,20,26,0.0,train,3,0.0027148993724276
S08973,28,23,2025-11-13,55,25,0.0,train,3,0.002233266236279
S08974,28,23,2025-11-13,31,25,0.0,train,3,0.0026480808647764
S08976,28,4,2025-11-13,44,26,0.0,train,3,0.0009718527335581
S08977,28,4,2025-11-13,53,19,0.0,train,3,0.0011157064181518
S08978,28,6,2025-11-13,63,25,0.0,train,3,0.0025171298622345
S08983,28,4,2025-11-13,45,15,0.0,train,3,0.0010589076604472
S09225,28,25,2025-11-13,52,20,0.0,train,3,0.0024392997388743
S09226,28,23,2025-11-13,50,24,0.0,train,3,0.0027383279035844
S09227,28,20,2025-11-13,52,23,0.0,train,3,0.0026473696248766
S09228,28,15,2025-11-13,25,17,0.0,train,3,0.00279528278101
S09230,28,22,2025-11-13,50,22,0.0,train,3,0.0029637169481435
S09231,28,15,2025-11-13,58,18,0.0,train,3,0.0029706918883522
S09233,28,15,2025-11-13,29,29,0.0,train,3,0.0028143081275723
S09250,28,12,2025-11-13,34,15,0.0,train,3,0.0009986880267417
S09256,28,5,2025-11-13,33,17,0.0,train,3,0.0010035299990338
S09258,28,8,2025-11-13,39,25,0.0,train,3,0.0013652881200829
S09281,28,25,2025-11-13,50,27,0.0,train,3,0.0021274273254292
S09289,28,25,2025-11-13,29,15,0.0,train,3,0.0016570487648955
S09322,28,25,2025-11-13,26,30,0.0,train,3,0.001745700262108
S09417,28,18,2025-11-13,63,22,0.0,train,3,0.0026485359961579
S09418,28,19,2025-11-13,63,24,0.0,train,3,0.0028915819934191
S09421,28,3,2025-11-13,37,14,0.0,train,3,0.001706617316659
S09422,28,4,2025-11-13,59,27,0.0,train,3,0.0027054749590733
S09423,28,3,2025-11-13,50,16,0.0,train,3,0.0012780270061789
S09424,28,10,2025-11-13,29,15,0.0,train,3,0.0018761232230716
S09430,28,8,2025-11-13,28,17,0.0,train,3,0.0017352120723787
S09431,28,16,2025-11-13,50,22,0.0,train,3,0.0023244922302303
S09432,28,10,2025-11-13,41,13,0.0,train,3,0.0011504154083825
S09595,28,24,2025-11-13,52,12,0.0,train,3,0.0021506693194468
S09619,28,25,2025-11-13,48,18,0.0,train,3,0.0022721304071096
S09622,28,12,2025-11-13,27,24,0.0,train,3,0.0007647986371712
S09623,28,10,2025-11-13,34,25,0.0,train,3,0.0012997904302257
S09624,28,8,2025-11-13,43,19,0.0,train,3,0.0017645700765932
S09625,28,8,2025-11-13,49,21,0.0,train,3,0.0016266151819539
S09627,28,2,2025-11-13,21,18,0.0,train,3,0.0022005416428233
S09639,28,23,2025-11-13,36,16,0.0,train,3,0.0025384551679713
S09644,28,14,2025-11-13,30,13,0.0,train,3,0.0019597854175439
S09646,28,14,2025-11-13,21,27,0.0,train,3,0.0021891460822002
S09795,28,24,2025-11-13,58,14,0.0127543819129006,train,3,0.001309658183417
S09799,28,12,2025-11-13,64,26,0.0,train,3,0.0024042940085116
S10158,28,16,2025-11-13,16,26,0.0,train,3,0.0021860824549014
S10378,28,19,2025-11-13,23,13,0.0,train,3,0.0011458293788228
S10423,28,15,2025-11-13,53,28,0.0,train,3,0.002562703146956
S10424,28,25,2025-11-13,57,16,0.0,train,3,0.0023254084015173
S10431,28,24,2025-11-13,39,26,0.0,train,3,0.0020958252850619
S10433,28,10,2025-11-13,35,23,0.0,train,3,0.0015280048142291
S10557,28,23,2025-11-13,57,20,0.0,train,3,0.0024562962691415
S10558,28,24,2025-11-13,45,22,0.0,train,3,0.0021412003897844
S10560,28,22,2025-11-13,45,30,0.0,train,3,0.0023767960555389
S10561,28,2,2025-11-13,25,21,0.0,train,3,0.0020008525839639
S10563,28,6,2025-11-13,49,30,0.0,train,3,0.0016034339119245
S10566,28,14,2025-11-13,44,25,0.0,train,3,0.0021591082775932
S10596,28,16,2025-11-13,45,11,0.0,train,3,0.0020245814384277
S10597,28,3,2025-11-13,58,14,0.0,train,3,0.0018149068256791
S10598,28,19,2025-11-13,55,30,0.0,train,3,0.0019739707508416
S10874,28,15,2025-11-13,20,14,0.0,train,3,0.0015261973638418
S10876,28,14,2025-11-13,59,28,0.0,train,3,0.0022306124513941
S10878,28,4,2025-11-13,55,13,0.0156559016079108,train,3,0.0020778611685084
S11473,28,19,2025-11-13,51,25,0.0118564640243093,train,3,0.0028990639475942
S11474,28,16,2025-11-13,33,19,0.0034763169785559,train,3,0.0020209761141982
S11476,28,15,2025-11-13,62,18,0.0226685823215107,train,3,0.0029431628630137
S11477,28,20,2025-11-13,38,21,0.0115638037817942,train,3,0.0029844682996592
S11478,28,18,2025-11-13,48,17,0.0199385751028577,train,3,0.0029988345698084
S11480,28,18,2025-11-13,61,25,0.0197855750487329,train,3,0.0023247367802043
S11483,28,20,2025-11-13,51,17,0.0173973921414194,train,3,0.0025731989163006
S11484,28,20,2025-11-13,49,22,0.0049289838132681,train,3,0.0026361323364267
S11487,28,18,2025-11-13,56,16,0.0153598437437223,train,3,0.0027161749224375
S11489,28,18,2025-11-13,38,13,0.0054746158750091,train,3,0.0027413381322978
S11492,28,12,2025-11-13,17,24,0.0205745984434509,train,3,0.0016930234303284
S11493,28,2,2025-11-13,39,13,0.0136215386583104,train,3,0.0019919408737812
S11497,28,8,2025-11-13,51,19,0.0158777781944809,train,3,0.0014640968048746
S11498,28,8,2025-11-13,42,19,0.0181094527363184,train,3,0.001524366265269
S11642,28,16,2025-11-13,25,30,0.0,train,3,0.0020040561555998
S11665,28,24,2025-11-13,36,22,0.0,train,3,0.0018712570744706
S11704,28,16,2025-11-13,36,24,0.0,train,3,0.0023983976274709
S11705,28,16,2025-11-13,58,16,0.0,train,3,0.0023557273202404
S11707,28,22,2025-11-13,41,22,0.0,train,3,0.0024492327010601
S11709,28,19,2025-11-13,46,13,0.0,train,3,0.0021713653881484
S11711,28,12,2025-11-13,19,25,0.0,train,3,0.001515011051286
S11714,28,8,2025-11-13,50,21,0.0,train,3,0.0017841160610872
S11715,28,2,2025-11-13,56,17,0.0,train,3,0.0020028871332662
S11716,28,3,2025-11-13,40,13,0.0,train,3,0.0010982718751127
S11717,28,6,2025-11-13,35,14,0.0,train,3,0.0010325147065289
S11720,28,4,2025-11-13,64,18,0.0,train,3,0.0016773095225105
S11723,28,6,2025-11-13,48,18,0.0,train,3,0.001972244368621
S11999,28,19,2025-11-13,31,12,0.0,train,3,0.001729989149665
S12000,28,10,2025-11-13,30,12,0.0,train,3,0.0016336141214187
S12008,28,25,2025-11-13,54,30,0.0,train,3,0.0015951552301957
S12009,28,5,2025-11-13,21,29,0.0,train,3,0.0014472024479119
S12046,28,14,2025-11-13,59,20,0.0,train,3,0.002049635816955
S12048,28,24,2025-11-13,24,23,0.0,train,3,0.0018558368883855
S12049,28,14,2025-11-13,60,25,0.0,train,3,0.0024858375612772
S12050,28,12,2025-11-13,58,15,0.0,train,3,0.0013943811533832
S12051,28,8,2025-11-13,36,17,0.0,train,3,0.0012691132863456
S12055,28,5,2025-11-13,28,29,0.0,train,3,0.0014885790429958
S12057,28,5,2025-11-13,31,19,0.0,train,3,0.0010905315511221
S12058,28,2,2025-11-13,33,22,0.0,train,3,0.0022385143771527
S12059,28,6,2025-11-13,37,13,0.0,train,3,0.0014029502276122
S12287,28,18,2025-11-13,28,30,0.0,train,3,0.0028403109806779
S12289,28,20,2025-11-13,53,23,0.0,train,3,0.0029160953005977
S12292,28,25,2025-11-13,50,23,0.0,train,3,0.0020061717763295
S12293,28,21,2025-11-13,32,17,0.0,train,3,0.002570986424325
S12295,28,2,2025-11-13,45,28,0.0026436029595587,train,3,0.0019116672527972
S12478,28,15,2025-11-13,35,11,0.0,train,3,0.0019354479017027
S12479,28,5,2025-11-13,28,31,0.0,train,3,0.0016335849976132
S12480,28,2,2025-11-13,14,18,0.0,train,3,0.0020435809791607
S12481,28,6,2025-11-13,26,30,0.0,train,3,0.0017597886214746
S12665,28,20,2025-11-13,19,20,0.0,train,3,0.0026369713377316
S12669,28,23,2025-11-13,57,16,0.0,train,3,0.0020976268221624
S12670,28,24,2025-11-13,51,20,0.0,train,3,0.0022507162738362
S12671,28,6,2025-11-13,25,16,0.0,train,3,0.0015956912620397
S12673,28,5,2025-11-13,37,21,0.0,train,3,0.0007316911465817
S12674,28,4,2025-11-13,31,30,0.0,train,3,0.0012655154721659
S12675,28,6,2025-11-13,34,18,0.0,train,3,0.0014563331293095
S12677,28,5,2025-11-13,55,18,0.0,train,3,0.0009684711476441
S12681,28,12,2025-11-13,21,23,0.0,train,3,0.0014332413728277
S12682,28,12,2025-11-13,40,24,0.0,train,3,0.001426138607446
S12965,28,20,2025-11-13,31,18,0.0,train,3,0.0022696722944089
S12966,28,21,2025-11-13,20,17,0.0,train,3,0.0023515970655273
S12967,28,16,2025-11-13,35,16,0.0,train,3,0.0021686783172075
S12968,28,21,2025-11-13,44,19,0.0,train,3,0.0025729596152515
S12970,28,24,2025-11-13,23,26,0.0,train,3,0.0021349768112036
S12971,28,25,2025-11-13,55,21,0.0,train,3,0.0022370205588927
S12978,28,12,2025-11-13,19,21,0.0,train,3,0.0010658702897796
S12979,28,16,2025-11-13,29,20,0.0,train,3,0.0022672076515045
S12982,28,4,2025-11-13,52,14,0.0,train,3,0.0012518603752084
S12984,28,5,2025-11-13,52,17,0.0,train,3,0.0008158866773104
S12985,28,5,2025-11-13,59,24,0.0,train,3,0.0009269070881781
S12986,28,6,2025-11-13,56,19,0.0,train,3,0.0016117735403893
S12987,28,4,2025-11-13,35,14,0.0,train,3,0.0013779940439976
S12988,28,12,2025-11-13,50,29,0.0,train,3,0.0014703795992457
S12989,28,4,2025-11-13,28,22,0.0,train,3,0.0014694995363376
S13133,28,8,2025-11-13,20,17,0.0,train,3,0.0015961362109763
S13134,28,24,2025-11-13,32,23,0.0,train,3,0.0022054369359693
S13135,28,15,2025-11-13,18,22,0.0,train,3,0.0030224246389662
S13136,28,16,2025-11-13,33,21,0.0,train,3,0.0021614277749402
S13145,28,3,2025-11-13,43,12,0.0,train,3,0.0018870476586954
S13146,28,4,2025-11-13,16,19,0.0,train,3,0.0016064248183311
S13298,28,20,2025-11-13,46,21,0.0,train,3,0.0029605494693585
S13299,28,25,2025-11-13,14,21,0.0,train,3,0.0019275828682811
S13300,28,3,2025-11-13,39,18,0.0,train,3,0.0018363380749063
S13301,28,6,2025-11-13,29,29,0.0,train,3,0.002018171987308
S13400,28,24,2025-11-13,31,29,0.0,train,3,0.0017853750254971
S13403,28,25,2025-11-13,51,17,0.0,train,3,0.0019766045283685
S13409,28,6,2025-11-13,59,22,0.0,train,3,0.00160073659449
S13450,28,20,2025-11-13,39,11,0.0,train,3,0.0014202008630917
S13780,28,18,2025-11-13,27,17,0.0025820059640701,train,3,0.0029928437813586
S13781,28,22,2025-11-13,41,23,0.0090001991995798,train,3,0.0014401630301191
S13782,28,25,2025-11-13,58,24,0.0079084717713703,train,3,0.0014964545070015
S13784,28,22,2025-11-13,60,20,0.0115401583579074,train,3,0.0024841349057808
S13785,28,18,2025-11-13,25,25,0.0091484499701538,train,3,0.0029869556211146
S13787,28,18,2025-11-13,20,28,0.0,train,3,0.002853686164427
S13788,28,18,2025-11-13,60,20,0.0051123403357994,train,3,0.0027923281735339
S13789,28,22,2025-11-13,58,16,0.0157160362069647,train,3,0.0022776616125889
S13791,28,22,2025-11-13,34,25,0.0080733587284053,train,3,0.0020763953181345
S13792,28,21,2025-11-13,49,22,0.0103318079884416,train,3,0.0026879587735382
S13794,28,16,2025-11-13,63,24,0.0038992931060184,train,3,0.0023403630498919
S13795,28,19,2025-11-13,41,21,0.0105306371088421,train,3,0.0031759215613992
S13797,28,15,2025-11-13,54,19,0.007736371843965,train,3,0.0027351493754925
S13798,28,14,2025-11-13,21,28,0.0013390235096964,train,3,0.0012615391826304
S13803,28,23,2025-11-13,51,23,0.0120482901286443,train,3,0.0025608344968187
S13814,28,4,2025-11-13,35,13,0.0,train,3,0.0015129381947693
S13819,28,3,2025-11-13,28,22,0.0012913350637742,train,3,0.0015240945590217
S14344,28,2,2025-11-13,21,29,0.0,train,3,0.0022180643903256
S14457,28,15,2025-11-13,44,13,0.0,train,3,0.0027055615945877
S14458,28,21,2025-11-13,20,27,0.0,train,3,0.0022775659069839
S14459,28,8,2025-11-13,33,29,0.0,train,3,0.0018119955935122
S14460,28,5,2025-11-13,52,14,0.0,train,3,0.0007768046991742
S14461,28,4,2025-11-13,47,12,0.0,train,3,0.0019616382985771
S14462,28,10,2025-11-13,39,20,0.0,train,3,0.0013792147439843
S14463,28,12,2025-11-13,43,21,0.0,train,3,0.0014008604002744
S14539,28,16,2025-11-13,45,24,0.0,train,3,0.0025331058614273
S14540,28,21,2025-11-13,49,16,0.0,train,3,0.0023032290514393
S14541,28,22,2025-11-13,29,21,0.0,train,3,0.0027953514138505
S14542,28,20,2025-11-13,20,20,0.0,train,3,0.0026975285532482
S14543,28,20,2025-11-13,31,19,0.0,train,3,0.002491410105898
S14551,28,25,2025-11-13,24,19,0.0,train,3,0.0015583956018846
S14560,28,10,2025-11-13,48,18,0.0,train,3,0.0017408017740397
S14908,28,6,2025-11-13,31,12,0.0,train,3,0.0016522530271268
S14911,28,21,2025-11-13,34,11,0.0,train,3,0.0021296307032336
S14935,28,25,2025-11-13,23,27,0.0,train,3,0.0019009658930492
S14947,28,12,2025-11-13,28,13,0.0158578220222711,train,3,0.00096335818119
S15016,28,18,2025-11-13,40,26,0.0,train,3,0.0024264751312286
S15018,28,3,2025-11-13,18,17,0.0,train,3,0.0017386040304357
S15019,28,2,2025-11-13,35,25,0.0,train,3,0.0022046754362554
S15021,28,5,2025-11-13,27,24,0.0,train,3,0.0010336614930112
S15022,28,8,2025-11-13,45,28,0.0,train,3,0.0016345186891504
S15023,28,2,2025-11-13,41,28,0.0,train,3,0.002054164730749
S15024,28,4,2025-11-13,54,20,0.0,train,3,0.0010622468488705
S15025,28,3,2025-11-13,57,21,0.0,train,3,0.0018074631154505
S15027,28,15,2025-11-13,45,14,0.0,train,3,0.0028049455692334
S15364,28,16,2025-11-13,24,30,0.0,train,3,0.0017986385699729
S15438,28,19,2025-11-13,31,17,0.0,train,3,0.0030517890036076
S15441,28,20,2025-11-13,20,17,0.0,train,3,0.0022546426537741
S15442,28,22,2025-11-13,52,30,0.0,train,3,0.0028988037354668
S15443,28,24,2025-11-13,21,18,0.0,train,3,0.0019328289758188
S15444,28,3,2025-11-13,55,25,0.0,train,3,0.0022276853680875
S15446,28,3,2025-11-13,61,22,0.0,train,3,0.0021224833531016
S15448,28,4,2025-11-13,49,16,0.0,train,3,0.0009747821623417
S15449,28,12,2025-11-13,50,24,0.0,train,3,0.001807525035045
S15450,28,14,2025-11-13,35,30,0.0,train,3,0.0023350154969618
S15451,28,14,2025-11-13,38,26,0.0,train,3,0.0018726595410547
S15534,28,10,2025-11-13,43,28,0.0232228263227632,train,3,0.0026660195869443
S15537,28,18,2025-11-13,21,19,0.0,train,3,0.0028819192153143
S15538,28,25,2025-11-13,25,22,0.0016589892516189,train,3,0.0017997074754039
S15539,28,19,2025-11-13,23,17,0.0099191697435385,train,3,0.0026733066506427
S15542,28,18,2025-11-13,46,29,0.0049852548799325,train,3,0.0021055838385245
S15544,28,16,2025-11-13,58,27,0.0016729444158327,train,3,0.0024317590700693
S15548,28,12,2025-11-13,64,23,0.0,train,3,0.0016307665219143
S15551,28,10,2025-11-13,64,21,0.0032990813021082,train,3,0.0028106410730813
S15552,28,2,2025-11-13,46,17,0.0,train,3,0.0020895103544302
S15553,28,5,2025-11-13,32,17,0.0016600199068785,train,3,0.000525638205561
S15554,28,3,2025-11-13,37,25,0.0016735697208472,train,3,0.0023233065472823
S16306,28,23,2025-11-13,34,21,0.0,train,3,0.0026683406559657
S16309,28,23,2025-11-13,35,29,0.0,train,3,0.0021210755829892
S16311,28,21,2025-11-13,35,19,0.0018927060364755,train,3,0.0023558894354266
S16312,28,18,2025-11-13,50,13,0.0094894413258487,train,3,0.002655574505185
S16313,28,20,2025-11-13,27,20,0.0,train,3,0.0021370624475451
S16317,28,15,2025-11-13,51,20,0.0036820951640088,train,3,0.0023879880847128
S16319,28,14,2025-11-13,38,22,0.0037710223112497,train,3,0.0019088962588514
S16320,28,15,2025-11-13,36,13,0.0,train,3,0.0029926544192686
S16322,28,19,2025-11-13,21,24,0.0018623020601482,train,3,0.0026490378071099
S16323,28,18,2025-11-13,37,31,0.0,train,3,0.0027367225933686
S16324,28,12,2025-11-13,36,18,0.0,train,3,0.0012206984879689
S16326,28,14,2025-11-13,37,22,0.0,train,3,0.0025178734639034
S16341,28,24,2025-11-13,44,27,0.0,train,3,0.0024174923091823
S16342,28,14,2025-11-13,24,24,0.0,train,3,0.0018110594129195
S16347,28,2,2025-11-13,20,28,0.0,train,3,0.0024964517656201
S16352,28,5,2025-11-13,19,26,0.0,train,3,0.0014932936330949
S16354,28,6,2025-11-13,16,24,0.0,train,3,0.0022140715260141
S16355,28,3,2025-11-13,47,27,0.0,train,3,0.0022620559575397
S16357,28,4,2025-11-13,47,25,0.0,train,3,0.0013852608692986
S16758,28,18,2025-11-13,55,23,0.0,train,3,0.0030598253723931
S16767,28,21,2025-11-13,41,29,0.0,train,3,0.0026255039232101
S16768,28,8,2025-11-13,64,18,0.0,train,3,0.0017250834181689
S16770,28,5,2025-11-13,44,29,0.0,train,3,0.0009006953811279
S16933,28,22,2025-11-13,25,28,0.0,train,3,0.0024720696776846
S16941,28,24,2025-11-13,58,17,0.0,train,3,0.0019405677131696
S17760,28,24,2025-11-13,60,20,0.0,train,3,0.0016538855395168
S17761,28,20,2025-11-13,53,20,0.0,train,3,0.0025501123322188
S17762,28,21,2025-11-13,44,27,0.0,train,3,0.0024622530991253
S17763,28,16,2025-11-13,27,18,0.0,train,3,0.0021314406040053
S17765,28,18,2025-11-13,38,12,0.0,train,3,0.0022227655084953
S17773,28,16,2025-11-13,42,13,0.0,train,3,0.0018461717438781
S17777,28,10,2025-11-13,29,27,0.0,train,3,0.0016689452701986
S18279,28,23,2025-11-13,49,15,0.0,train,3,0.0020311203791444
S18282,28,25,2025-11-13,19,20,0.0,train,3,0.0020265420862696
S18283,28,25,2025-11-13,33,24,0.0,train,3,0.0026829993587681
S18332,28,20,2025-11-13,59,14,0.0,train,3,0.0024768120824163
S18385,28,19,2025-11-13,23,22,0.0,train,3,0.002829799796934
S18388,28,25,2025-11-13,65,24,0.0,train,3,0.0014400317829297
S18390,28,6,2025-11-13,65,23,0.0,train,3,0.0017564461525631
S18391,28,6,2025-11-13,50,15,0.0,train,3,0.0017878082966921
S18392,28,3,2025-11-13,44,28,0.0,train,3,0.0019889149132919
S18393,28,8,2025-11-13,15,25,0.0,train,3,0.0012122304342429
S18816,28,3,2025-11-13,61,20,0.0,train,3,0.0015809584815405
S18817,28,6,2025-11-13,16,18,0.0,train,3,0.002339461185126
S18904,28,18,2025-11-13,13,22,0.0,train,3,0.0022213579098823
S18905,28,3,2025-11-13,54,15,0.0,train,3,0.0020048615008745
S18906,28,5,2025-11-13,63,21,0.0,train,3,0.0009946675180188
S18907,28,3,2025-11-13,36,29,0.0,train,3,0.0018574692046338
S18909,28,4,2025-11-13,23,21,0.0,train,3,0.001439248433004
S18914,28,12,2025-11-13,15,18,0.0,train,3,0.0015227219599494
S19221,28,19,2025-11-13,54,30,0.0,train,3,0.0019085253468797
S19449,28,23,2025-11-13,17,23,0.0,train,3,0.0024778583784596
S19450,28,24,2025-11-13,49,17,0.0017040915340595,train,3,0.0025202867681175
S19451,28,23,2025-11-13,22,22,0.0034441060396591,train,3,0.0020273267961527
S19452,28,25,2025-11-13,34,22,0.0,train,3,0.0018156965790387
S19453,28,18,2025-11-13,30,29,0.0051832924857902,train,3,0.0020111059955246
S19458,28,19,2025-11-13,24,22,0.005159830151265,train,3,0.0030812921370971
S19459,28,18,2025-11-13,38,23,0.0,train,3,0.003006738232486
S19460,28,10,2025-11-13,30,14,0.0087565365695519,train,3,0.0010187618568355
S19463,28,6,2025-11-13,61,16,0.0085398710599749,train,3,0.0013646513251392
S19464,28,6,2025-11-13,33,17,0.001723593814483,train,3,0.0017570675315736
S19567,28,25,2025-11-13,22,24,0.0,train,3,0.0021524592837394
S19569,28,20,2025-11-13,32,12,0.0,train,3,0.0027025269484279
S19570,28,15,2025-11-13,31,15,0.0,train,3,0.0024059555803481
S19571,28,10,2025-11-13,53,25,0.0,train,3,0.0018177520553942
S19589,28,3,2025-11-13,41,30,0.0,train,3,0.0022257812867692
S19590,28,6,2025-11-13,54,16,0.0,train,3,0.0017094936077336
S19591,28,5,2025-11-13,18,19,0.0,train,3,0.0006582784468509
S19592,28,3,2025-11-13,46,23,0.0,train,3,0.0026000129736776
S19728,28,10,2025-11-13,59,28,0.0,train,3,0.0012589098117872
S19729,28,15,2025-11-13,31,12,0.0,train,3,0.0017324589307805
S19730,28,12,2025-11-13,35,32,0.0,train,3,0.0016380762596371
S19847,28,15,2025-11-13,55,30,0.0215193435950726,train,3,0.0015405024755351
S19848,28,25,2025-11-13,47,31,0.0,train,3,0.0018098840469393
S20354,28,14,2025-11-13,24,18,0.0,train,3,0.0010641881573881
S20355,28,25,2025-11-13,25,16,0.0,train,3,0.0015097625466988
S20389,28,19,2025-11-13,20,26,0.0,train,3,0.002650337303831
S20390,28,19,2025-11-13,57,21,0.0,train,3,0.0028349985505506
S20391,28,19,2025-11-13,42,25,0.0,train,3,0.003109196472839
S20392,28,21,2025-11-13,51,18,0.0,train,3,0.0025879642518309
S20393,28,20,2025-11-13,39,18,0.0,train,3,0.0024726674278648
S20396,28,23,2025-11-13,26,20,0.0,train,3,0.0026721371230737
S20398,28,6,2025-11-13,50,21,0.0,train,3,0.0019574026346939
S20399,28,8,2025-11-13,34,30,0.0,train,3,0.0011360254599086
S20402,28,12,2025-11-13,27,25,0.0,train,3,0.0015391885073152
S20556,28,6,2025-11-13,29,13,0.0,train,3,0.0017140556911613
S20678,28,19,2025-11-13,39,12,0.0,train,3,0.0028272229718558
S20679,28,21,2025-11-13,60,17,0.0,train,3,0.0025266401574905
S20682,28,18,2025-11-13,32,20,0.0,train,3,0.0030707169459523
S20684,28,19,2025-11-13,38,21,0.0,train,3,0.0024845996023695
S20685,28,18,2025-11-13,28,24,0.0,train,3,0.002815184094917
S20691,28,5,2025-11-13,41,12,0.0,train,3,0.0008839384531439
S20695,28,3,2025-11-13,40,21,0.0,train,3,0.0027786447002846
S21107,28,16,2025-11-13,18,27,0.0,train,3,0.0020296492854139
S21108,28,16,2025-11-13,41,30,0.0,train,3,0.0022548566555693
S21110,28,16,2025-11-13,19,20,0.0,train,3,0.0020392555262579
S21111,28,18,2025-11-13,54,23,0.0,train,3,0.0029402284579617
S21113,28,5,2025-11-13,44,30,0.0,train,3,0.000870738129171
S21114,28,5,2025-11-13,61,18,0.0,train,3,0.000941706980076
S21115,28,4,2025-11-13,56,25,0.0,train,3,0.0020142194972435
S21183,28,12,2025-11-13,30,22,0.0,train,3,0.0010788405074485
S21375,28,8,2025-11-13,50,19,0.0,train,3,0.0019942858468219
S21376,28,3,2025-11-13,24,26,0.0,train,3,0.0023334118378413
S21377,28,21,2025-11-13,19,18,0.0,train,3,0.0024006839060307
S21378,28,23,2025-11-13,48,17,0.0,train,3,0.0024869887786712
S21379,28,25,2025-11-13,31,21,0.0,train,3,0.0017997074588771
S21381,28,18,2025-11-13,46,13,0.0,train,3,0.0025043032835616
S21382,28,18,2025-11-13,42,27,0.0,train,3,0.0027385424591258
S21383,28,21,2025-11-13,14,22,0.0,train,3,0.002468129178428
S21384,28,20,2025-11-13,36,17,0.0,train,3,0.0029690710814315
S21385,28,15,2025-11-13,18,17,0.0,train,3,0.0030457507807803
S21386,28,16,2025-11-13,28,24,0.0,train,3,0.0021278375679279
S21388,28,24,2025-11-13,28,18,0.0,train,3,0.0017103408990079
S21389,28,14,2025-11-13,39,28,0.0,train,3,0.0019326520077535
S21398,28,22,2025-11-13,35,24,0.0,train,3,0.0023273690563101
S21401,28,23,2025-11-13,50,20,0.0,train,3,0.002437995012688
S21403,28,24,2025-11-13,41,13,0.0,train,3,0.0018292536265951
S21412,28,2,2025-11-13,33,21,0.0,train,3,0.0016057626758244
S21413,28,3,2025-11-13,34,12,0.0,train,3,0.0016879021519415
S21414,28,3,2025-11-13,35,20,0.0,train,3,0.001289422409169
S21461,28,18,2025-11-13,24,26,0.0,train,3,0.0029078223874497
S21462,28,20,2025-11-13,34,31,0.0,train,3,0.0025902489611126
S21463,28,21,2025-11-13,27,25,0.0,train,3,0.0025211212269506
S21466,28,3,2025-11-13,29,15,0.0,train,3,0.0018695406038895
S21467,28,6,2025-11-13,58,15,0.0,train,3,0.0020114416588319
S21468,28,6,2025-11-13,44,29,0.0,train,3,0.0012008918835531
S21469,28,3,2025-11-13,30,27,0.0,train,3,0.0021919253115921
S21470,28,4,2025-11-13,45,18,0.0,train,3,0.0013829275590766
S21472,28,8,2025-11-13,21,16,0.0,train,3,0.0014838372951986
S21473,28,12,2025-11-13,36,27,0.0,train,3,0.0012854718672355
S21791,28,25,2025-11-13,45,25,0.0,train,3,0.0026922373124015
S21820,28,19,2025-11-13,19,28,0.0044931427589885,train,3,0.0013076253311894
S21821,28,3,2025-11-13,44,11,0.0,train,3,0.0014290905727997
S21901,28,22,2025-11-13,51,26,0.0,train,3,0.0027118277604984
S21903,28,19,2025-11-13,16,22,0.0,train,3,0.0028096849865496
S21905,28,18,2025-11-13,51,20,0.0,train,3,0.0028793481340829
S21913,28,12,2025-11-13,21,26,0.0,train,3,0.0014056585410296
S21916,28,10,2025-11-13,57,17,0.0,train,3,0.0015621632619525
S21917,28,8,2025-11-13,47,18,0.0,train,3,0.0012107774882549
S21918,28,4,2025-11-13,15,23,0.0,train,3,0.0016611764490711
S21921,28,24,2025-11-13,30,24,0.0,train,3,0.0016360598090407
S21923,28,4,2025-11-13,46,25,0.0,train,3,0.0015407958548727
S21925,28,5,2025-11-13,53,27,0.0,train,3,0.0005441927098769
S21927,28,5,2025-11-13,13,20,0.0,train,3,0.0015778877317321
S22473,28,8,2025-11-13,25,30,0.0,train,3,0.0024392184047797
S22525,28,14,2025-11-13,47,31,0.0,train,3,0.0024075578970926
S22527,28,15,2025-11-13,58,24,0.0,train,3,0.0029327603270034
S22529,28,20,2025-11-13,36,23,0.0,train,3,0.0028866146310781
S22530,28,18,2025-11-13,45,24,0.0,train,3,0.0029833646837988
S22531,28,23,2025-11-13,52,27,0.0,train,3,0.0022658999203834
S22532,28,2,2025-11-13,49,27,0.0,train,3,0.0023639336525742
S22534,28,4,2025-11-13,38,16,0.0,train,3,0.0009821309978356
S22887,28,24,2025-11-13,52,24,0.0032579161791263,train,3,0.0016382770259558
S22889,28,23,2025-11-13,31,17,0.0015653148897035,train,3,0.0021228013857796
S22892,28,25,2025-11-13,57,24,0.0063471386792332,train,3,0.0015358740713337
S22893,28,15,2025-11-13,33,16,0.0031635095223546,train,3,0.0027755197179442
S22894,28,22,2025-11-13,28,19,0.0,train,3,0.0024497749462885
S22896,28,19,2025-11-13,55,24,0.0095693779904306,train,3,0.0028554938827911
S22898,28,14,2025-11-13,40,14,0.0095903363371476,train,3,0.0017426295738504
S22921,28,2,2025-11-13,55,26,0.004888508562267,train,3,0.0023487272450235
S22922,28,8,2025-11-13,37,20,0.0080139058196758,train,3,0.0011124080976562
S22925,28,3,2025-11-13,60,18,0.001619166764403,train,3,0.0015460581558017
S23113,28,16,2025-11-13,39,32,0.0,train,3,0.0010290920996315
S23206,28,24,2025-11-13,45,25,0.0,train,3,0.0019939417878108
S23207,28,23,2025-11-13,38,13,0.0,train,3,0.002222012400562
S23210,28,18,2025-11-13,28,19,0.0,train,3,0.0025512786370055
S23211,28,19,2025-11-13,18,20,0.0,train,3,0.0027677522651739
S23213,28,14,2025-11-13,55,24,0.0,train,3,0.0014426287617644
S23230,28,3,2025-11-13,55,27,0.0,train,3,0.0022481617278029
S23358,28,16,2025-11-13,28,16,0.0,train,3,0.0019123325601717
S23370,28,8,2025-11-13,53,17,0.0,train,3,0.001428702339148
S23373,28,8,2025-11-13,29,27,0.0,train,3,0.0014618966038683
S23417,28,23,2025-11-13,34,32,0.0,train,3,0.001569837566506
S23418,28,6,2025-11-13,55,13,0.0,train,3,0.0023458417867622
S23647,28,19,2025-11-13,41,15,0.0,train,3,0.0023434864555084
S23648,28,15,2025-11-13,56,26,0.0,train,3,0.0028005626433988
S23650,28,16,2025-11-13,49,25,0.0,train,3,0.0019994210719401
S23651,28,21,2025-11-13,42,24,0.0,train,3,0.002680423152156
S23652,28,14,2025-11-13,29,20,0.0,train,3,0.0018306647274733
S23653,28,20,2025-11-13,20,25,0.0,train,3,0.0027554379520646
S23654,28,18,2025-11-13,54,21,0.0,train,3,0.002871284992321
S23655,28,21,2025-11-13,52,23,0.0,train,3,0.0025970881452143
S23658,28,25,2025-11-13,43,30,0.0,train,3,0.0020780818354477
S23659,28,21,2025-11-13,50,29,0.0,train,3,0.0022560761604915
S23666,28,3,2025-11-13,56,21,0.0,train,3,0.0018334264508158
S23669,28,6,2025-11-13,63,18,0.0,train,3,0.0019430200291516
S23670,28,5,2025-11-13,24,17,0.0,train,3,0.0009495799713749
S23673,28,8,2025-11-13,53,27,0.0,train,3,0.0017505208853295
S23676,28,5,2025-11-13,41,13,0.0,train,3,0.0007656951207878
S23678,28,6,2025-11-13,35,21,0.0,train,3,0.0018818203095532
S23681,28,8,2025-11-13,36,12,0.0,train,3,0.0015889467953613
S23682,28,10,2025-11-13,56,14,0.0,train,3,0.0013282078698054
S23683,28,5,2025-11-13,40,19,0.0,train,3,0.0005206391113138
S23684,28,24,2025-11-13,34,20,0.0,train,3,0.0022232965079285
S23685,28,8,2025-11-13,56,16,0.0,train,3,0.0015631435756765
S23686,28,10,2025-11-13,30,20,0.0,train,3,0.0016020625092646
S23687,28,12,2025-11-13,50,27,0.0,train,3,0.001492555533218
S23688,28,14,2025-11-13,55,26,0.0,train,3,0.001465007846784
S23740,28,8,2025-11-13,51,12,0.0,train,3,0.0017912118565687
S23854,28,19,2025-11-13,36,14,0.0,train,3,0.0023474316922304
S23856,28,19,2025-11-13,55,18,0.0,train,3,0.0024494830115159
S23859,28,23,2025-11-13,32,17,0.0,train,3,0.0027849473253538
S23860,28,24,2025-11-13,63,25,0.0,train,3,0.0016667252471664
S23861,28,21,2025-11-13,17,19,0.0,train,3,0.0023846967692023
S23863,28,10,2025-11-13,39,18,0.0,train,3,0.0014067844046256
S23864,28,5,2025-11-13,53,21,0.0,train,3,0.0005828718513362
S23865,28,12,2025-11-13,23,24,0.0033756477915656,train,3,0.0014028450657979
S23866,28,3,2025-11-13,20,20,0.0,train,3,0.002248266344961
S23868,28,6,2025-11-13,27,14,0.0,train,3,0.0014991786650698
S23871,28,6,2025-11-13,28,19,0.0,train,3,0.0023274518516894
S23872,28,3,2025-11-13,42,12,0.0,train,3,0.0015097933044982
S23873,28,4,2025-11-13,40,17,0.0,train,3,0.0013643471711487
S24160,28,4,2025-11-13,24,17,0.0,train,3,0.001333503124702
S24366,28,23,2025-11-13,27,20,0.0,train,3,0.0022936516855481
S24367,28,22,2025-11-13,25,23,0.0,train,3,0.0024223504937046
S24368,28,21,2025-11-13,61,24,0.0,train,3,0.0026368604060288
S24371,28,16,2025-11-13,24,21,0.0,train,3,0.00204070547374
S24372,28,15,2025-11-13,15,25,0.0027745212973817,train,3,0.002719283155755
S24373,28,16,2025-11-13,50,21,0.0,train,3,0.0021835531209602
S24377,28,4,2025-11-13,29,29,0.0,train,3,0.0023892733011918
S24378,28,2,2025-11-13,53,16,0.0,train,3,0.0023100390008952
S24639,28,24,2025-11-13,59,27,0.0,train,3,0.0022367299602947
S24640,28,20,2025-11-13,23,18,0.0040737871876524,train,3,0.0023798778694161
S24644,28,15,2025-11-13,27,21,0.0,train,3,0.0029284292235861
S24647,28,19,2025-11-13,17,23,0.0,train,3,0.0028954916266515
S24648,28,16,2025-11-13,44,15,0.0,train,3,0.0019934386359548
S24660,28,5,2025-11-13,53,23,0.0,train,3,0.0009719657729806
S24661,28,3,2025-11-13,53,29,0.0,train,3,0.0018068779085995
S24685,28,14,2025-11-13,19,15,0.0,train,3,0.0022852017286732
S24686,28,20,2025-11-13,42,11,0.0,train,3,0.002580681116516
S24687,28,22,2025-11-13,45,11,0.0,train,3,0.001632680296182
S24688,28,8,2025-11-13,30,12,0.0,train,3,0.0018103860250996
S24689,28,6,2025-11-13,45,31,0.0020961177537377,train,3,0.0016768511965319
S24986,28,19,2025-11-13,40,17,0.0,train,3,0.0022078406342333
S24987,28,25,2025-11-13,18,22,0.0,train,3,0.0021163795712684
S24988,28,23,2025-11-13,30,19,0.0,train,3,0.0028606620113647
S24989,28,21,2025-11-13,51,24,0.0,train,3,0.0025006413850455
S24992,28,3,2025-11-13,32,13,0.0,train,3,0.0023474745902952
S24993,28,8,2025-11-13,31,13,0.0,train,3,0.0017738257172574
S25154,28,12,2025-11-13,55,26,0.0,train,3,0.0016337038992534
S25155,28,8,2025-11-13,39,13,0.0,train,3,0.001632454520251
S25243,28,14,2025-11-13,58,18,0.0,train,3,0.0013286498579376
S25533,28,25,2025-11-13,15,26,0.0,train,3,0.0016540336600853
S25598,28,21,2025-11-13,31,22,0.0,train,3,0.0026034383753406
S25601,28,20,2025-11-13,61,20,0.0,train,3,0.0029027294113568
S25603,28,15,2025-11-13,31,25,0.0,train,3,0.003107274722101
S25604,28,21,2025-11-13,45,23,0.0,train,3,0.0025762373999567
S25606,28,5,2025-11-13,21,18,0.0,train,3,0.000962425390947
S25607,28,12,2025-11-13,23,18,0.0,train,3,0.0009372581262607
S25822,28,6,2025-11-13,30,13,0.0,train,3,0.0018316692175175
S25824,28,24,2025-11-13,14,21,0.0,train,3,0.0021376752727145
S25825,28,21,2025-11-13,32,22,0.0,train,3,0.0027309457937653
S25827,28,2,2025-11-13,52,15,0.0,train,3,0.0022858117370149
S26183,28,3,2025-11-13,59,28,0.0,train,3,0.0017889656317396
S26396,28,16,2025-11-13,16,21,0.0,train,3,0.0021501511297148
S26443,28,16,2025-11-13,52,17,0.0,train,3,0.0019507609133503
S26445,28,24,2025-11-13,50,29,0.0,train,3,0.0024333326000273
S26448,28,8,2025-11-13,49,29,0.0,train,3,0.001921003587173
S26452,28,5,2025-11-13,43,24,0.0,train,3,0.001250999914395
S26454,28,15,2025-11-13,44,28,0.0,train,3,0.0027107994303414
S26592,28,15,2025-11-13,43,11,0.0,train,3,0.001415422536858
S26593,28,20,2025-11-13,19,15,0.0,train,3,0.0014347110270831
S26595,28,25,2025-11-13,55,13,0.0,train,3,0.0010278000397893
S26943,28,24,2025-11-13,38,19,0.0120007437080607,train,3,0.0016893747730196
S26947,28,23,2025-11-13,38,25,0.0049731081926203,train,3,0.00249591522212
S26948,28,20,2025-11-13,35,23,0.0157114787903547,train,3,0.0029555341153781
S26950,28,15,2025-11-13,38,12,0.0,train,3,0.0029438182446882
S26954,28,20,2025-11-13,45,29,0.002539108400004,train,3,0.0026154391816955
S26958,28,18,2025-11-13,35,25,0.0098944607444237,train,3,0.0029407537710829
S26959,28,21,2025-11-13,14,24,0.0099696347392624,train,3,0.0024635416507193
S26960,28,15,2025-11-13,45,13,0.0036432676518883,train,3,0.0020522956971699
S26962,28,19,2025-11-13,48,23,0.0107855122575791,train,3,0.0029347474172425
S26972,28,16,2025-11-13,34,18,0.003747634164549,train,3,0.0020762920103602
S26976,28,3,2025-11-13,35,28,0.0088855175513873,train,3,0.001277386564335
S26977,28,2,2025-11-13,41,12,0.0037926192729159,train,3,0.002668482527706
S27234,28,14,2025-11-13,34,11,0.0,train,3,0.002235785879437
S27293,28,23,2025-11-13,41,30,0.0,train,3,0.0022586439018353
S27295,28,25,2025-11-13,46,15,0.0,train,3,0.0023870049303885
S27351,28,22,2025-11-13,33,16,0.0,train,3,0.0027033972991073
S27360,28,15,2025-11-13,28,30,0.0,train,3,0.0028711300195532
S27361,28,14,2025-11-13,46,13,0.0,train,3,0.0020018797807549
S27362,28,8,2025-11-13,39,18,0.0,train,3,0.0017151588545485
S27364,28,6,2025-11-13,22,17,0.0,train,3,0.0018853598503393
S27433,28,19,2025-11-13,59,16,0.0,train,3,0.0024620505521838
S27435,28,5,2025-11-13,25,17,0.0,train,3,0.0009318666654727
S27436,28,4,2025-11-13,41,21,0.0,train,3,0.0016200270483144
S27437,28,6,2025-11-13,64,18,0.0,train,3,0.0023936715798424
S27439,28,3,2025-11-13,36,20,0.0,train,3,0.0022784534450931
S27440,28,6,2025-11-13,36,19,0.0,train,3,0.0012641066052649
S27441,28,6,2025-11-13,31,25,0.0,train,3,0.001937979077824
S27442,28,5,2025-11-13,55,26,0.0,train,3,0.0009920764247425
S27444,28,8,2025-11-13,28,14,0.0,train,3,0.0012253057997865
S27445,28,6,2025-11-13,33,18,0.0052798759176041,train,3,0.0013896770487309
S27447,28,8,2025-11-13,38,18,0.0,train,3,0.001498855361774
S27449,28,14,2025-11-13,52,25,0.0,train,3,0.0021380937695548
S27859,28,21,2025-11-13,52,12,0.0,train,3,0.002151723612836
S28071,28,12,2025-11-13,45,16,0.0,train,3,0.0013506800990558
S28334,28,12,2025-11-13,31,18,0.0,train,3,0.0010886534925344
S28409,28,15,2025-11-13,44,23,0.0,train,3,0.0031192900100141
S28410,28,25,2025-11-13,39,30,0.0,train,3,0.0015240919980957
S28412,28,24,2025-11-13,41,28,0.0,train,3,0.0017461410405734
S28418,28,5,2025-11-13,52,23,0.0,train,3,0.0009815594731053
S28464,28,12,2025-11-13,65,19,0.0,train,3,0.0018662044031691
S28465,28,15,2025-11-13,45,28,0.0,train,3,0.0028428355465575
S28466,28,25,2025-11-13,26,16,0.0,train,3,0.0021796346849561
S28471,28,25,2025-11-13,56,21,0.0,train,3,0.0019913565559974
S28526,28,3,2025-11-13,36,11,0.0,train,3,0.0016741635353999
S28822,28,25,2025-11-13,44,20,0.0,train,3,0.002368098385818
S28823,28,23,2025-11-13,59,26,0.0,train,3,0.0023361729340492
S28824,28,6,2025-11-13,39,24,0.0,train,3,0.0017931107878729
S28825,28,12,2025-11-13,40,22,0.0,train,3,0.0015061510405526
S28869,28,25,2025-11-13,58,26,0.0,train,3,0.0015951165581269
S29165,28,8,2025-11-13,47,15,0.006985929747129,train,3,0.0011552633375704
S29166,28,16,2025-11-13,40,21,0.0093755895114129,train,3,0.002235510554404
S29167,28,22,2025-11-13,34,24,0.0,train,3,0.0029393046162735
S29170,28,22,2025-11-13,29,22,0.0206035983749274,train,3,0.0022490685998669
S29176,28,25,2025-11-13,40,21,0.0149453284571914,train,3,0.0013718082529311
S29178,28,2,2025-11-13,26,22,0.0233847138313289,train,3,0.0019243883096783
S29180,28,3,2025-11-13,33,29,0.0091000016021129,train,3,0.0017779620527348
S29181,28,6,2025-11-13,42,22,0.0126492949990513,train,3,0.0014285277334056
S29183,28,8,2025-11-13,30,13,0.0033602423160656,train,3,0.0013496930491963
S29184,28,12,2025-11-13,59,27,0.0046167279753279,train,3,0.0009480432302632
S29203,28,16,2025-11-13,34,23,0.0,train,3,0.0022286036479578
S29204,28,19,2025-11-13,50,14,0.0,train,3,0.0023389722956145
S29206,28,12,2025-11-13,32,18,0.0,train,3,0.0006475168831715
S29208,28,16,2025-11-13,42,23,0.0,train,3,0.0026495975952744
S29209,28,16,2025-11-13,33,17,0.0,train,3,0.0021274955174864
S29235,28,23,2025-11-13,50,12,0.010624122672633,train,3,0.0015523294325129
S29295,28,21,2025-11-13,27,27,0.0,train,3,0.0025568346845618
S29297,28,19,2025-11-13,28,20,0.0023761031907671,train,3,0.002727770597357
S29299,28,18,2025-11-13,46,15,0.0,train,3,0.0030735723039982
S29300,28,24,2025-11-13,46,19,0.0071457326892109,train,3,0.0020220187363169
S29301,28,21,2025-11-13,51,29,0.0,train,3,0.0023351486588081
S29302,28,21,2025-11-13,34,31,0.0047645753344549,train,3,0.0024859185200851
S29303,28,16,2025-11-13,57,19,0.0,train,3,0.0023850900743657
S29304,28,18,2025-11-13,54,22,0.002355260476644,train,3,0.0024789461039031
S29306,28,24,2025-11-13,50,17,0.0,train,3,0.0023762428733732
S29307,28,8,2025-11-13,21,15,0.0,train,3,0.0012609723554414
S29308,28,8,2025-11-13,32,20,0.0,train,3,0.0019407371754699
S29309,28,8,2025-11-13,39,16,0.0,train,3,0.0014343225684853
S29311,28,10,2025-11-13,32,22,0.0,train,3,0.0010794610236632
S29313,28,2,2025-11-13,38,30,0.0023356360731237,train,3,0.0018037716359965
S29314,28,5,2025-11-13,51,14,0.0,train,3,0.000924775112047
S29316,28,6,2025-11-13,27,19,0.0095160139963908,train,3,0.0015633584771404
S29317,28,2,2025-11-13,49,21,0.0,train,3,0.002019630370774
S29319,28,4,2025-11-13,51,23,0.0,train,3,0.0009140128517927
S29321,28,6,2025-11-13,42,21,0.0,train,3,0.0020224821221466
S29322,28,4,2025-11-13,60,27,0.0,train,3,0.002915476130389
S29323,28,4,2025-11-13,14,23,0.0023269751196261,train,3,0.0013663281653742
S29349,28,10,2025-11-13,53,27,0.0,train,3,0.0026960558617901
S29371,28,24,2025-11-13,28,12,0.0,train,3,0.0011841049431068
S30025,28,21,2025-11-13,46,28,0.0,train,3,0.0022031108017782
S30026,28,25,2025-11-13,46,27,0.0,train,3,0.0019901426460599
S30027,28,23,2025-11-13,48,16,0.0,train,3,0.0024855666597804
S30028,28,24,2025-11-13,30,30,0.0,train,3,0.0017182778394906
S30030,28,24,2025-11-13,27,27,0.0,train,3,0.0025002191352754
S30031,28,18,2025-11-13,49,19,0.0,train,3,0.0029135701494186
S30034,28,14,2025-11-13,41,21,0.0,train,3,0.0026259450759246
S30035,28,25,2025-11-13,63,19,0.0,train,3,0.0022387584354573
S30049,28,23,2025-11-13,35,20,0.0,train,3,0.0027470732510203
S30056,28,8,2025-11-13,50,20,0.0,train,3,0.0017421255765042
S30058,28,10,2025-11-13,50,24,0.0,train,3,0.0018974885708618
S30059,28,8,2025-11-13,30,18,0.0,train,3,0.0014311278480873
S30060,28,8,2025-11-13,64,19,0.0,train,3,0.0019852848913252
S30065,28,24,2025-11-13,27,19,0.0,train,3,0.0023214866176112
S30066,28,6,2025-11-13,17,26,0.0,train,3,0.0021566618245236
S30067,28,3,2025-11-13,60,20,0.0,train,3,0.0022499335986241
S30068,28,5,2025-11-13,45,29,0.0,train,3,0.0008968085278376
S30069,28,2,2025-11-13,53,18,0.0,train,3,0.0021199506043612
S30071,28,6,2025-11-13,56,20,0.0,train,3,0.0019041828925574
S30072,28,6,2025-11-13,47,25,0.0,train,3,0.0015280063107074
S30073,28,3,2025-11-13,24,21,0.0,train,3,0.0017442798199649
S30074,28,10,2025-11-13,28,16,0.0,train,3,0.0013440239064911
S30107,28,25,2025-11-13,30,12,0.0,train,3,0.0008787525151773
S30109,28,4,2025-11-13,59,28,0.0,train,3,0.0015722591970972
S30112,28,21,2025-11-13,58,14,0.0,train,3,0.0023569008007786
S30270,28,21,2025-11-13,34,12,0.0034767036372475,train,3,0.0020644776504443
S30271,28,23,2025-11-13,48,25,0.0061925842068632,train,3,0.002894728911399
S30277,28,18,2025-11-13,33,21,0.0081665516448125,train,3,0.0028680061107308
S30278,28,18,2025-11-13,36,19,0.0141139169669361,train,3,0.0028975249513443
S30279,28,22,2025-11-13,25,22,0.0203115182042492,train,3,0.0025295251446549
S30280,28,24,2025-11-13,37,31,0.0091117577842445,train,3,0.0015905498971216
S30282,28,22,2025-11-13,37,18,0.0048821457865706,train,3,0.0026852787476369
S30283,28,18,2025-11-13,39,26,0.0146796849184328,train,3,0.0027763665596934
S30284,28,19,2025-11-13,19,20,0.0145673842275824,train,3,0.0029456982137627
S30289,28,5,2025-11-13,37,30,0.0,train,3,0.0016531042236148
S30291,28,2,2025-11-13,36,25,0.0125397386082656,train,3,0.0020245475857852
S30292,28,6,2025-11-13,34,21,0.0,train,3,0.0012261599961676
S30294,28,3,2025-11-13,30,19,0.0142920047807762,train,3,0.0018120793778656
S30876,28,15,2025-11-13,37,27,0.0165862209482056,train,3,0.0030240477441602
S31088,28,21,2025-11-13,21,21,0.0,train,3,0.002447732194815
S31090,28,25,2025-11-13,23,29,0.0,train,3,0.0020354628467307
S31093,28,3,2025-11-13,40,14,0.0,train,3,0.0017183028099048
S31094,28,3,2025-11-13,14,21,0.0,train,3,0.0025816273847154
S31095,28,2,2025-11-13,17,24,0.0,train,3,0.0027136541623483
S31096,28,4,2025-11-13,31,25,0.0,train,3,0.0014268976299635
S31097,28,8,2025-11-13,45,24,0.0,train,3,0.0015477209588197
S31098,28,4,2025-11-13,25,19,0.0,train,3,0.0013147138709174
S31100,28,5,2025-11-13,16,23,0.0,train,3,0.0015400588538639
S31102,28,8,2025-11-13,49,25,0.0,train,3,0.0017904421093168
S31106,28,2,2025-11-13,36,17,0.0,train,3,0.0021056083100603
S31111,28,10,2025-11-13,48,17,0.0,train,3,0.0013743909765364
S31609,28,4,2025-11-13,23,13,0.0064671858632782,train,3,0.0019799368031325
S31643,28,18,2025-11-13,48,27,0.0,train,3,0.0027516115725987
S31646,28,18,2025-11-13,50,19,0.0,train,3,0.0029043712446164
S31647,28,23,2025-11-13,19,19,0.0,train,3,0.0023034832808829
S31648,28,4,2025-11-13,61,26,0.0113801591390463,train,3,0.0021073660949439
S31649,28,2,2025-11-13,37,28,0.0,train,3,0.0021429051834245
S31650,28,6,2025-11-13,51,14,0.0,train,3,0.0017415877137517
S31651,28,10,2025-11-13,39,22,0.0,train,3,0.0016445502716683
S31652,28,2,2025-11-13,35,24,0.0,train,3,0.0018399371093334
S31653,28,10,2025-11-13,46,15,0.0,train,3,0.0017120180879993
S31655,28,14,2025-11-13,24,28,0.0,train,3,0.0023493875487282
S31675,28,25,2025-11-13,41,14,0.0,train,3,0.0020202227371603
S31811,28,12,2025-11-13,49,22,0.0,train,3,0.0016672082791193
S31812,28,14,2025-11-13,56,18,0.0,train,3,0.0017894480861591
S31814,28,12,2025-11-13,33,20,0.0,train,3,0.0009080175086729
S31815,28,10,2025-11-13,39,30,0.0,train,3,0.0016488835179591
S31831,28,24,2025-11-13,65,18,0.0,train,3,0.0021615370832944
S31832,28,18,2025-11-13,26,30,0.0,train,3,0.0013637785890107
S31834,28,8,2025-11-13,43,31,0.0,train,3,0.001891285774475
S31836,28,5,2025-11-13,29,31,0.0,train,3,0.0013957655859432
S31838,28,18,2025-11-13,16,26,0.0,train,3,0.0014157000456971
S32008,28,15,2025-11-13,28,14,0.0022014918761849,train,3,0.0026504005396608
S32009,28,15,2025-11-13,66,21,0.0,train,3,0.0031620588333008
S32012,28,16,2025-11-13,54,25,0.0,train,3,0.0022188397190413
S32014,28,20,2025-11-13,39,31,0.0,train,3,0.002631130624444
S32015,28,16,2025-11-13,48,30,0.0,train,3,0.0023946404756533
S32016,28,21,2025-11-13,22,16,0.0,train,3,0.002346023982692
S32017,28,21,2025-11-13,42,20,0.0,train,3,0.0021354349355532
S32019,28,20,2025-11-13,55,28,0.0022078585548966,train,3,0.0025502261765691
S32021,28,25,2025-11-13,17,26,0.0,train,3,0.0016197235981398
S32022,28,25,2025-11-13,39,23,0.0,train,3,0.002068564029163
S32024,28,25,2025-11-13,62,25,0.0,train,3,0.0014005155554656
S32025,28,25,2025-11-13,49,26,0.0022055658363621,train,3,0.0017627154855825
S32026,28,19,2025-11-13,33,16,0.0022415558291726,train,3,0.0028050515398256
S32028,28,6,2025-11-13,33,27,0.0,train,3,0.0012784140501257
S32030,28,6,2025-11-13,55,17,0.0,train,3,0.0017768403840587
S32031,28,2,2025-11-13,58,23,0.0,train,3,0.0020558405451317
S32032,28,2,2025-11-13,29,28,0.0,train,3,0.0020177200246533
S32035,28,5,2025-11-13,64,20,0.0,train,3,0.0006954722205894
S32036,28,2,2025-11-13,32,21,0.0,train,3,0.0021892774790714
S32037,28,10,2025-11-13,24,17,0.0,train,3,0.0011710975089123
S32147,28,21,2025-11-13,14,25,0.0087418429986104,train,3,0.002247813030499
S32199,28,15,2025-11-13,46,31,0.0,train,3,0.0027647527526747
S32200,28,5,2025-11-13,38,11,0.0,train,3,0.0008002765527871
S32214,28,19,2025-11-13,54,18,0.0026987255716465,train,3,0.0029724125636564
S32215,28,15,2025-11-13,49,22,0.0027566086503155,train,3,0.0030172254433662
S32216,28,15,2025-11-13,56,16,0.0,train,3,0.0028486427964051
S32217,28,18,2025-11-13,32,26,0.0,train,3,0.0028328395793815
S32220,28,25,2025-11-13,37,25,0.0,train,3,0.002558716302253
S32223,28,2,2025-11-13,43,18,0.0,train,3,0.001964615595429
S32224,28,8,2025-11-13,48,25,0.0,train,3,0.0010693202060591
S32225,28,12,2025-11-13,34,20,0.0,train,3,0.0010963249051348
S32464,28,14,2025-11-13,46,26,0.0,train,3,0.0020203942638078
S32908,28,19,2025-11-13,45,24,0.0,train,3,0.002733122410476
S32910,28,21,2025-11-13,61,25,0.0,train,3,0.0026729606581455
S32911,28,20,2025-11-13,39,19,0.0,train,3,0.0027942353707344
S32912,28,25,2025-11-13,20,25,0.0025737026622546,train,3,0.0018992688875504
S32915,28,18,2025-11-13,17,21,0.0,train,3,0.0028576851760953
S32916,28,24,2025-11-13,31,17,0.0025515835733464,train,3,0.0017130611861272
S32917,28,18,2025-11-13,38,30,0.0,train,3,0.0027891223658087
S32918,28,18,2025-11-13,59,19,0.0,train,3,0.002999679171918
S32920,28,23,2025-11-13,18,21,0.0,train,3,0.0027018960984409
S32921,28,5,2025-11-13,44,25,0.0,train,3,0.0006036067772955
S32923,28,6,2025-11-13,33,16,0.0,train,3,0.0017137848780305
S33070,28,10,2025-11-13,26,30,0.0,train,3,0.0010352034710997
S33100,28,21,2025-11-13,35,25,0.0025672813678392,train,3,0.0023598938158802
S33616,28,16,2025-11-13,43,23,0.0,train,3,0.002640613974007
S33617,28,21,2025-11-13,23,14,0.0,train,3,0.0021847613599914
S33618,28,25,2025-11-13,32,21,0.0,train,3,0.0020933645432943
S33619,28,25,2025-11-13,38,15,0.0,train,3,0.0025436379646495
S33626,28,12,2025-11-13,56,28,0.0,train,3,0.0014827313179846
S33646,28,8,2025-11-13,54,14,0.0,train,3,0.0015509628249786
S33648,28,20,2025-11-13,35,12,0.0,train,3,0.0026194039529259
S33650,28,15,2025-11-13,50,27,0.0,train,3,0.0028876241739372
S33652,28,12,2025-11-13,37,24,0.0,train,3,0.0012606993311535
S33656,28,15,2025-11-13,39,30,0.0,train,3,0.0028511323265597
S33658,28,3,2025-11-13,45,29,0.0,train,3,0.0023161736488541
S33660,28,8,2025-11-13,53,14,0.0,train,3,0.0017076891028218
S33663,28,2,2025-11-13,52,13,0.0,train,3,0.0023169169487255
S33665,28,6,2025-11-13,17,21,0.0,train,3,0.0012545581851195
S33666,28,8,2025-11-13,23,28,0.0,train,3,0.0018799223199141
S33667,28,2,2025-11-13,40,21,0.0,train,3,0.0024767801362672
S33673,28,18,2025-11-13,46,28,0.0,train,3,0.0026181913099183
S33677,28,12,2025-11-13,38,19,0.0,train,3,0.0010715256739173
S33844,28,21,2025-11-13,25,13,0.0,train,3,0.0010864682206891
S33845,28,18,2025-11-13,44,31,0.0,train,3,0.0027414513496085
S33948,28,6,2025-11-13,35,20,0.0,train,3,0.0017849349494364
S34110,28,16,2025-11-13,19,25,0.0,train,3,0.0020881066392385
S34112,28,15,2025-11-13,33,20,0.0,train,3,0.0031228454593298
S34113,28,20,2025-11-13,29,29,0.0,train,3,0.0026885026937185
S34115,28,21,2025-11-13,55,26,0.0,train,3,0.0025464366875925
S34116,28,3,2025-11-13,30,18,0.0,train,3,0.0019588812617593
S34117,28,2,2025-11-13,52,16,0.0,train,3,0.0020785192701141
S34118,28,4,2025-11-13,43,23,0.0,train,3,0.0015610989455451
S34119,28,2,2025-11-13,31,27,0.0,train,3,0.0019395281787824
S34121,28,4,2025-11-13,45,14,0.0,train,3,0.001124172413071
S34122,28,10,2025-11-13,46,14,0.0,train,3,0.0018763692641584
S34278,28,21,2025-11-13,33,13,0.0,train,3,0.0025524434130048
S34282,28,18,2025-11-13,47,28,0.0,train,3,0.001771320602922
S34284,28,16,2025-11-13,42,18,0.0,train,3,0.0021586011772222
S34285,28,21,2025-11-13,50,24,0.0,train,3,0.0023460198674849
S34300,28,5,2025-11-13,30,20,0.0,train,3,0.0006102508041029
S34301,28,8,2025-11-13,43,30,0.0,train,3,0.0017257439649624
S34302,28,5,2025-11-13,31,15,0.0,train,3,0.0009165458616185
S34303,28,3,2025-11-13,51,17,0.0,train,3,0.0019981970076093
S34304,28,2,2025-11-13,45,19,0.003592000751646,train,3,0.0016697317109578
S34444,28,10,2025-11-13,49,24,0.0,train,3,0.0019374337357297
S34834,28,16,2025-11-13,25,19,0.0,train,3,0.0021436289616138
S34835,28,16,2025-11-13,52,28,0.0,train,3,0.001813559541128
S34838,28,16,2025-11-13,30,29,0.0,train,3,0.0019057471917199
S34839,28,15,2025-11-13,63,25,0.0,train,3,0.0030775409118581
S34840,28,18,2025-11-13,19,26,0.0,train,3,0.001936410994505
S34842,28,18,2025-11-13,41,14,0.0,train,3,0.0028105704440578
S34844,28,21,2025-11-13,21,16,0.0,train,3,0.0025799294164209
S34845,28,5,2025-11-13,29,18,0.0,train,3,0.0005394835550707
S34846,28,4,2025-11-13,19,26,0.0,train,3,0.0013643967311131
S34848,28,21,2025-11-13,28,21,0.0,train,3,0.0024018526839537
S34849,28,2,2025-11-13,34,30,0.0,train,3,0.0018895832255355
S34850,28,4,2025-11-13,42,24,0.0039863965221297,train,3,0.0008056361603826
S34851,28,6,2025-11-13,26,26,0.0,train,3,0.0014673370736692
S34852,28,6,2025-11-13,51,22,0.0,train,3,0.0017769975671012
S34853,28,5,2025-11-13,52,27,0.0,train,3,0.0009256234444963
S34854,28,10,2025-11-13,23,28,0.0,train,3,0.0026260547567784
S34995,28,14,2025-11-13,58,28,0.0,train,3,0.0022638934128524
S35013,28,25,2025-11-13,34,11,0.0,train,3,0.0009915769797652
S35239,28,18,2025-11-13,26,14,0.0125361133585957,train,3,0.0023601146444123
S35240,28,15,2025-11-13,18,26,0.017455592726251,train,3,0.0030556393564754
S35243,28,16,2025-11-13,19,24,0.0205852834817517,train,3,0.0016329197483019
S35245,28,14,2025-11-13,51,21,0.0095605650736399,train,3,0.0022621516749791
S35246,28,16,2025-11-13,31,30,0.0344530893195015,train,3,0.0021801923564234
S35247,28,20,2025-11-13,45,23,0.0173784852254902,train,3,0.0030716883760396
S35248,28,15,2025-11-13,18,21,0.0196374383613604,train,3,0.0029316612343536
S35250,28,18,2025-11-13,37,15,0.0322189174962335,train,3,0.0030659513246667
S35251,28,21,2025-11-13,54,26,0.0287254179490514,train,3,0.0025030536295647
S35252,28,22,2025-11-13,28,13,0.0,train,3,0.0023504490501632
S35253,28,22,2025-11-13,49,27,0.0291535783524415,train,3,0.0017527371386783
S35255,28,19,2025-11-13,31,21,0.0012118197533934,train,3,0.0023381976742289
S35256,28,16,2025-11-13,52,23,0.0073538115530303,train,3,0.0021026496662581
S35258,28,24,2025-11-13,32,12,0.0215967496240002,train,3,0.0014830677523423
S35259,28,4,2025-11-13,32,19,0.018102388084005,train,3,0.0013676174659383
S35261,28,6,2025-11-13,39,20,0.0170007525484025,train,3,0.0011022329769591
S35262,28,2,2025-11-13,60,20,0.0012272332187586,train,3,0.002145285190558
S35264,28,3,2025-11-13,32,31,0.0217411825379831,train,3,0.0025511744227632
S35380,28,20,2025-11-13,14,21,0.0,train,3,0.0020268669561906
S35394,28,10,2025-11-13,45,27,0.0,train,3,0.0020509154176869
S35396,28,10,2025-11-13,13,21,0.0,train,3,0.0016287948713116
S35401,28,5,2025-11-13,55,17,0.0,train,3,0.0008141564863503
S35751,28,19,2025-11-13,33,30,0.0019723161420385,train,3,0.0025590159758233
S35753,28,19,2025-11-13,25,18,0.0,train,3,0.0029356316902355
S35754,28,15,2025-11-13,27,14,0.0040286626785337,train,3,0.0025708660768381
S35756,28,22,2025-11-13,49,13,0.0,train,3,0.0027610482775544
S35757,28,20,2025-11-13,43,24,0.0039589606334337,train,3,0.0030645411593305
S35758,28,20,2025-11-13,43,20,0.0040473136668091,train,3,0.0028687970419186
S35760,28,25,2025-11-13,40,23,0.0,train,3,0.0026412489124776
S35761,28,24,2025-11-13,54,22,0.0020197094381794,train,3,0.0021428272014435
S35764,28,10,2025-11-13,47,15,0.0019866014325914,train,3,0.0012552753387294
S36084,28,15,2025-11-13,27,27,0.0,train,3,0.0029995045729598
S36086,28,10,2025-11-13,37,27,0.0,train,3,0.0017937099996317
S36260,28,16,2025-11-13,51,26,0.0,train,3,0.002040512617129
S36264,28,3,2025-11-13,19,22,0.0,train,3,0.001244071879225
S36266,28,5,2025-11-13,26,24,0.0,train,3,0.0011215770643668
S36636,28,12,2025-11-13,65,23,0.0,train,3,0.0029358334056814
S36637,28,14,2025-11-13,38,19,0.0,train,3,0.0014495518616015
S36639,28,14,2025-11-13,28,15,0.0,train,3,0.0016679563617953
S36650,28,15,2025-11-13,59,21,0.0,train,3,0.0029873078583924
S36651,28,18,2025-11-13,47,29,0.0,train,3,0.0028395738404976
S36652,28,21,2025-11-13,55,21,0.0,train,3,0.0028601082800886
S36655,28,20,2025-11-13,42,30,0.0,train,3,0.002578811646641
S36657,28,18,2025-11-13,24,18,0.0,train,3,0.002697483139658
S36659,28,19,2025-11-13,50,29,0.0,train,3,0.0028466883239614
S36661,28,6,2025-11-13,42,14,0.0,train,3,0.0016040681060881
S36662,28,5,2025-11-13,39,19,0.0,train,3,0.0005338170675229
S36667,28,5,2025-11-13,37,20,0.0,train,3,0.0009043829537801
S36668,28,16,2025-11-13,19,23,0.0,train,3,0.0020182141019308
S36882,28,15,2025-11-13,63,17,0.0,train,3,0.0029775790730259
S36883,28,2,2025-11-13,31,12,0.0,train,3,0.0008329589209675
S37002,28,23,2025-11-13,52,26,0.0,train,3,0.0021972108204638
S37003,28,25,2025-11-13,24,21,0.0,train,3,0.0020831064034434
S37007,28,3,2025-11-13,14,23,0.0,train,3,0.0016105367204421
S37008,28,5,2025-11-13,31,16,0.0,train,3,0.0004658518430945
S37010,28,3,2025-11-13,43,28,0.0,train,3,0.0014415477881505
S37011,28,6,2025-11-13,24,20,0.0,train,3,0.0012836146269179
S37013,28,10,2025-11-13,43,23,0.0,train,3,0.0016587565693194
S37017,28,10,2025-11-13,38,18,0.0,train,3,0.0011620931978532
S37019,28,12,2025-11-13,27,21,0.0,train,3,0.0006537708286769
S37155,28,24,2025-11-13,36,16,0.0,train,3,0.0021477252276608
S37156,28,25,2025-11-13,15,23,0.0,train,3,0.0018615051785441
S37159,28,25,2025-11-13,33,27,0.0,train,3,0.0020747944839442
S37160,28,15,2025-11-13,54,15,0.0,train,3,0.0027968710768418
S37161,28,24,2025-11-13,33,21,0.0,train,3,0.0013162938788947
S37167,28,12,2025-11-13,60,25,0.0,train,3,0.0019399474308562
S37169,28,14,2025-11-13,49,30,0.0,train,3,0.00237956794961
S37170,28,8,2025-11-13,64,24,0.0,train,3,0.0012336133910313
S37172,28,4,2025-11-13,29,15,0.0,train,3,0.0010978984766618
S37178,28,12,2025-11-13,52,25,0.0,train,3,0.0012661563398601
S37179,28,2,2025-11-13,58,18,0.0,train,3,0.0021556447450741
S37194,28,2,2025-11-13,33,11,0.0,train,3,0.0019852596858163
S37195,28,3,2025-11-13,47,31,0.0,train,3,0.0015530049980373
S37709,28,14,2025-11-13,46,24,0.0,train,3,0.0022523085452186
S37711,28,12,2025-11-13,56,23,0.0,train,3,0.0016498960238044
S37825,28,25,2025-11-13,21,29,0.0,train,3,0.0022996211859054
S37826,28,23,2025-11-13,34,31,0.0,train,3,0.0026959894303669
S38490,28,14,2025-11-13,13,21,0.0083327744618067,train,3,0.0017561294755359
S38492,28,22,2025-11-13,20,26,0.0027315646864196,train,3,0.0023392778566066
S38493,28,21,2025-11-13,13,21,0.0056818831384115,train,3,0.002510549871727
S38498,28,3,2025-11-13,26,17,0.0067856128623544,train,3,0.0012687391760377
S38501,28,6,2025-11-13,43,14,0.0,train,3,0.001653965588927
S38502,28,2,2025-11-13,24,17,0.0083451570383927,train,3,0.0014749018420904
S38503,28,10,2025-11-13,49,25,0.001361036030485,train,3,0.0025478959200626
S38580,28,22,2025-11-13,57,24,0.0,train,3,0.0028624993886588
S38595,28,14,2025-11-13,31,23,0.0,train,3,0.0019743867568376
S38597,28,14,2025-11-13,51,14,0.0,train,3,0.0015660903074763
S38598,28,14,2025-11-13,26,14,0.0,train,3,0.0016838803152733
S38600,28,24,2025-11-13,42,20,0.0,train,3,0.0027437312937364
S38669,28,20,2025-11-13,14,22,0.0,train,3,0.002219936482812
S38671,28,24,2025-11-13,23,15,0.0,train,3,0.0015712345049463
S38672,28,23,2025-11-13,40,14,0.0,train,3,0.0019692828457775
S38674,28,12,2025-11-13,40,27,0.0,train,3,0.0013243269938863
S38675,28,3,2025-11-13,46,25,0.0,train,3,0.0022704056203328
S38676,28,6,2025-11-13,54,24,0.0,train,3,0.0017611791044524
S38680,28,8,2025-11-13,46,17,0.0,train,3,0.0014949067435391
S38828,28,25,2025-11-13,50,14,0.0,train,3,0.002001855239009
S39072,28,15,2025-11-13,60,20,0.0,train,3,0.0027980263744101
S39074,28,19,2025-11-13,59,26,0.0,train,3,0.0026997580775137
S39075,28,20,2025-11-13,14,19,0.0,train,3,0.0021219002509303
S39077,28,20,2025-11-13,38,29,0.0,train,3,0.0024910615086145
S39080,28,2,2025-11-13,57,26,0.0,train,3,0.0023409241456753
S39081,28,22,2025-11-13,28,21,0.0,train,3,0.0025134665338482
S39083,28,4,2025-11-13,36,18,0.0,train,3,0.001264227733061
S39084,28,4,2025-11-13,20,18,0.0,train,3,0.0015136073166327
S39085,28,2,2025-11-13,36,24,0.0,train,3,0.0021803836107284
S39086,28,12,2025-11-13,37,19,0.0,train,3,0.0013585662396565
S39232,28,21,2025-11-13,61,18,0.0,train,3,0.0026801477552475
S39233,28,18,2025-11-13,28,22,0.0,train,3,0.0031066194313837
S39234,28,24,2025-11-13,24,29,0.0,train,3,0.0020276602185837
S39235,28,4,2025-11-13,22,15,0.0,train,3,0.0013747238201104
S39236,28,3,2025-11-13,18,19,0.0,train,3,0.002208197632486
S39237,28,4,2025-11-13,37,15,0.0,train,3,0.001114441912502
S39239,28,4,2025-11-13,38,20,0.0,train,3,0.0012584874792217
S39241,28,5,2025-11-13,18,16,0.0,train,3,0.0013079647610251
S39242,28,5,2025-11-13,26,19,0.0,train,3,0.0008878898692581
S39244,28,6,2025-11-13,39,23,0.0,train,3,0.0020017844907258
S39246,28,24,2025-11-13,46,25,0.0,train,3,0.0018410172058335
S39248,28,12,2025-11-13,32,27,0.0,train,3,0.001435442354274
S39249,28,12,2025-11-13,57,22,0.0,train,3,0.0008472677419129
S39292,28,18,2025-11-13,39,11,0.0,train,3,0.0013660836459781
S39337,28,12,2025-11-13,30,23,0.0,train,3,0.001552673485738
S39672,28,21,2025-11-13,49,13,0.0,train,3,0.0022732426793483
S39676,28,14,2025-11-13,37,25,0.0,train,3,0.0019218175831468
S39681,28,4,2025-11-13,46,20,0.0,train,3,0.0014758962156787
S39682,28,5,2025-11-13,36,26,0.0,train,3,0.0006926578110134
S39683,28,2,2025-11-13,30,30,0.0,train,3,0.0023606589767028
S39741,28,18,2025-11-13,56,30,0.0,train,3,0.0015496538419198
S39742,28,12,2025-11-13,36,32,0.0,train,3,0.0026163498365047
S39777,28,14,2025-11-13,58,17,0.0,train,3,0.0022748264858607
S39778,28,16,2025-11-13,60,18,0.0,train,3,0.0020997507007132
S39779,28,14,2025-11-13,25,26,0.0,train,3,0.0017302877418663
S39780,28,12,2025-11-13,37,31,0.0,train,3,0.0028223193430609
S39783,28,6,2025-11-13,24,24,0.0,train,3,0.0014573418408193
S39784,28,4,2025-11-13,19,17,0.0,train,3,0.001635059365466
S39785,28,2,2025-11-13,24,19,0.0,train,3,0.0022664314861973
S39786,28,2,2025-11-13,31,13,0.0,train,3,0.0019594450354279
S40084,28,21,2025-11-13,24,22,0.0058234908136482,train,3,0.0025800552746369
S40086,28,21,2025-11-13,28,15,0.0,train,3,0.0022098063492001
S40087,28,21,2025-11-13,43,24,0.0,train,3,0.0026587268797356
S40088,28,24,2025-11-13,48,23,0.0,train,3,0.0023189839798397
S40093,28,3,2025-11-13,65,19,0.0,train,3,0.0025619566889432
S40095,28,10,2025-11-13,29,30,0.0019613646678111,train,3,0.0026063807516781
S40096,28,12,2025-11-13,55,17,0.0,train,3,0.0013812357712598
S40097,28,10,2025-11-13,15,22,0.0039004253582583,train,3,0.0025324275927119
S40586,28,24,2025-11-13,50,20,0.0,train,3,0.0023090985943736
S40588,28,23,2025-11-13,27,18,0.0021632868030799,train,3,0.0027027448578693
S40589,28,20,2025-11-13,58,22,0.0,train,3,0.0027780505724088
S40592,28,16,2025-11-13,54,15,0.0042645935765095,train,3,0.0020402255882921
S40593,28,15,2025-11-13,48,29,0.0,train,3,0.0026180099062343
S40594,28,21,2025-11-13,53,23,0.0021595362862928,train,3,0.0026663836211662
S40597,28,15,2025-11-13,30,25,0.0021403409041971,train,3,0.0030360281208892
S40598,28,15,2025-11-13,33,18,0.0,train,3,0.0029894756997813
S40599,28,19,2025-11-13,54,24,0.0064790311436728,train,3,0.0029585789997228
S40601,28,24,2025-11-13,59,21,0.0,train,3,0.0025622027263564
S40614,28,22,2025-11-13,22,27,0.0,train,3,0.0025677243428484
S40623,28,2,2025-11-13,62,25,0.0,train,3,0.0025606874652245
S40624,28,3,2025-11-13,25,21,0.0,train,3,0.0011068465250067
S40626,28,3,2025-11-13,18,24,0.0129751461988304,train,3,0.0022574571600648
S40884,28,5,2025-11-13,39,11,0.0,train,3,0.0023786555806082
S41234,28,23,2025-11-13,38,19,0.0,train,3,0.0022554565360228
S41236,28,24,2025-11-13,20,16,0.0,train,3,0.0018242926352752
S41237,28,23,2025-11-13,60,26,0.0,train,3,0.002568352267618
S41238,28,25,2025-11-13,50,22,0.0,train,3,0.0024999998086593
S41239,28,15,2025-11-13,55,23,0.0,train,3,0.0027841560137572
S41240,28,12,2025-11-13,36,21,0.0,train,3,0.0011619926288913
S41242,28,15,2025-11-13,22,24,0.0,train,3,0.0028181445466958
S41253,28,12,2025-11-13,39,28,0.0,train,3,0.0016439222961304
S41259,28,5,2025-11-13,41,17,0.0,train,3,0.0007623638337655
S41260,28,6,2025-11-13,55,14,0.0,train,3,0.001699708647373
S41261,28,3,2025-11-13,59,24,0.0,train,3,0.0015804448989192
S41332,28,5,2025-11-13,48,31,0.0,train,3,0.001261767847374
S41587,28,15,2025-11-13,39,26,0.0054612984044657,train,3,0.0022382266681704
S41588,28,19,2025-11-13,27,23,0.0091389189228947,train,3,0.0030062906891117
S41589,28,16,2025-11-13,41,25,0.0054252903676534,train,3,0.0020590779810682
S41592,28,18,2025-11-13,57,15,0.0,train,3,0.0027790350400048
S41593,28,21,2025-11-13,33,30,0.005333648129467,train,3,0.0023122007253545
S41594,28,18,2025-11-13,46,30,0.0106385255902562,train,3,0.0017803580052972
S41596,28,16,2025-11-13,47,14,0.001829297468797,train,3,0.0017911877782166
S41598,28,21,2025-11-13,34,29,0.0,train,3,0.0022677212326442
S41601,28,25,2025-11-13,30,30,0.0017727271105974,train,3,0.0015717273171548
S41603,28,23,2025-11-13,15,24,0.0144581292431663,train,3,0.0025403180567683
S41605,28,22,2025-11-13,48,29,0.001800842083904,train,3,0.0024664716741986
S41606,28,23,2025-11-13,39,22,0.0018150875040172,train,3,0.0029877895589662
S41607,28,3,2025-11-13,60,22,0.0109538922683593,train,3,0.0015535107614012
S41608,28,5,2025-11-13,28,30,0.0017703969678835,train,3,0.0015013401484658
S41612,28,6,2025-11-13,64,23,0.0088488642473836,train,3,0.0017123748239385
S41615,28,10,2025-11-13,24,22,0.0,train,3,0.0025949406969714
S41680,28,14,2025-11-13,45,11,0.0072501823486506,train,3,0.0010388049051088
S41684,28,14,2025-11-13,51,12,0.0053409848045221,train,3,0.0012707233141699
S41685,28,14,2025-11-13,27,30,0.0048190434635056,train,3,0.0018421241702104
S42176,28,23,2025-11-13,51,24,0.0022501720453475,train,3,0.0022866838536547
S42177,28,23,2025-11-13,40,24,0.0022925517438615,train,3,0.0024278405310848
S42178,28,24,2025-11-13,62,18,0.0022886878036425,train,3,0.0017244929862884
S42180,28,18,2025-11-13,55,17,0.0,train,3,0.00298081176138
S42181,28,16,2025-11-13,49,13,0.0,train,3,0.001691678988918
S42183,28,21,2025-11-13,34,15,0.011519989615784,train,3,0.0021386929760693
S42185,28,21,2025-11-13,35,27,0.0,train,3,0.0021715790900516
S42186,28,12,2025-11-13,47,24,0.0,train,3,0.001142338212224
S42187,28,25,2025-11-13,31,23,0.0022656200140404,train,3,0.0026645378230599
S42192,28,23,2025-11-13,52,23,0.0,train,3,0.0023230005760196
S42204,28,4,2025-11-13,44,23,0.0,train,3,0.0008183638540128
S42205,28,4,2025-11-13,40,24,0.0,train,3,0.0014836328007517
S42206,28,3,2025-11-13,56,27,0.0,train,3,0.0018223392337517
S42207,28,3,2025-11-13,13,21,0.0022559940445388,train,3,0.0016788841664409
S42208,28,3,2025-11-13,64,23,0.0023105210062156,train,3,0.0019219304655725
S42497,28,24,2025-11-13,32,13,0.0,train,3,0.0019941231748097
S42503,28,20,2025-11-13,21,27,0.007416914145861,train,3,0.0024977238736887
S42505,28,20,2025-11-13,46,29,0.0,train,3,0.0026310622452779
S42506,28,18,2025-11-13,44,24,0.0,train,3,0.0025198395935811
S42516,28,19,2025-11-13,25,14,0.0,train,3,0.0020858691854554
S42520,28,8,2025-11-13,59,23,0.0,train,3,0.0015028475098044
S42527,28,4,2025-11-13,37,20,0.0,train,3,0.0014859467387891
S42528,28,8,2025-11-13,38,26,0.0025008931761343,train,3,0.0011122564070651
S42530,28,4,2025-11-13,25,27,0.0,train,3,0.0010294321822964
S42531,28,4,2025-11-13,53,26,0.0,train,3,0.0012366022923081
S42942,28,25,2025-11-13,65,23,0.0,train,3,0.0016394919221239
S42943,28,8,2025-11-13,30,15,0.0,train,3,0.0016830672330771
S42946,28,12,2025-11-13,48,23,0.0,train,3,0.0011925016199012
S42952,28,8,2025-11-13,48,18,0.0,train,3,0.0014764942845125
S42955,28,10,2025-11-13,40,17,0.0,train,3,0.0014885048599353
S42957,28,3,2025-11-13,35,12,0.0,train,3,0.0016105490823953
S42958,28,5,2025-11-13,47,19,0.0,train,3,0.0008110887526309
S42959,28,6,2025-11-13,48,19,0.0,train,3,0.001621980581337
S43042,28,12,2025-11-13,14,20,0.0,train,3,0.0014459328014813
S43044,28,3,2025-11-13,33,13,0.0,train,3,0.0017455594057962
S43186,28,15,2025-11-13,26,22,0.0061545320017089,train,3,0.0029891972995896
S43187,28,15,2025-11-13,40,18,0.0177160664066384,train,3,0.0029422607399429
S43188,28,19,2025-11-13,42,15,0.0217268998445227,train,3,0.0022355850688088
S43189,28,22,2025-11-13,34,23,0.0,train,3,0.0028593788883481
S43191,28,15,2025-11-13,44,14,0.0151453281081443,train,3,0.0020994010590963
S43192,28,20,2025-11-13,31,22,0.0137552832702701,train,3,0.0028212754577421
S43193,28,20,2025-11-13,56,26,0.0168430915216394,train,3,0.0028175385106626
S43195,28,24,2025-11-13,54,18,0.0183505314910899,train,3,0.0018185042710412
S43196,28,25,2025-11-13,51,16,0.0071020581474631,train,3,0.0018401683813925
S43197,28,21,2025-11-13,62,19,0.0108438657875736,train,3,0.002561476307411
S43199,28,18,2025-11-13,48,18,0.0,train,3,0.0029148510520104
S43200,28,23,2025-11-13,39,17,0.0050375433816613,train,3,0.0023778593509205
S43202,28,12,2025-11-13,43,25,0.0080629624897844,train,3,0.0005754045928266
S43680,28,21,2025-11-13,58,29,0.0071556976136704,train,3,0.0023733419841619
S00461,28,23,2025-11-13,41,27,0.0,train,4,0.002745203275692
S00463,28,23,2025-11-13,51,14,0.0,train,4,0.0018248530201076
S00465,28,25,2025-11-13,24,26,0.0,train,4,0.0017224532676231
S00467,28,23,2025-11-13,28,21,0.0047907539412867,train,4,0.0025456166512876
S00469,28,20,2025-11-13,33,20,0.0024476488781198,train,4,0.00171018138031
S00472,28,25,2025-11-13,51,20,0.0,train,4,0.0021978107974491
S00478,28,22,2025-11-13,33,26,0.0,train,4,0.0020443234908656
S00484,28,16,2025-11-13,18,24,0.0,train,4,0.0023729966538239
S00485,28,14,2025-11-13,44,22,0.0,train,4,0.0016853708208722
S00493,28,5,2025-11-13,42,26,0.0,train,4,0.0004795900243151
S00660,28,21,2025-11-13,21,27,0.0,train,4,0.0023752200181674
S00662,28,25,2025-11-13,38,22,0.0,train,4,0.0026125817937663
S00664,28,23,2025-11-13,32,13,0.0,train,4,0.0024336354073292
S00666,28,4,2025-11-13,54,23,0.0,train,4,0.0012855772748819
S00667,28,8,2025-11-13,48,30,0.0,train,4,0.0011291656767101
S00668,28,5,2025-11-13,32,31,0.0,train,4,0.0019433875412448
S00670,28,10,2025-11-13,44,22,0.0,train,4,0.0011182365518356
S00671,28,5,2025-11-13,36,16,0.0,train,4,0.0005892573091548
S00673,28,14,2025-11-13,17,25,0.0,train,4,0.0025050397314289
S00727,28,25,2025-11-13,33,30,0.0,train,4,0.0016706298014199
S00728,28,24,2025-11-13,46,30,0.0,train,4,0.0016897506870772
S00729,28,19,2025-11-13,65,22,0.0,train,4,0.0029199178045184
S00731,28,15,2025-11-13,57,25,0.0,train,4,0.002752622679381
S00732,28,19,2025-11-13,34,20,0.0,train,4,0.0029999383477763
S00733,28,20,2025-11-13,49,21,0.0,train,4,0.0028318325399412
S00755,28,5,2025-11-13,61,16,0.0,train,4,0.0012253940743083
S00881,28,12,2025-11-13,14,23,0.0,train,4,0.0017744375749645
S00905,28,23,2025-11-13,58,29,0.0,train,4,0.002402848745227
S00906,28,24,2025-11-13,13,24,0.0,train,4,0.0018393388212633
S01129,28,25,2025-11-13,46,22,0.0,train,4,0.0024154217218613
S01130,28,8,2025-11-13,49,30,0.0,train,4,0.0011998626188904
S01133,28,25,2025-11-13,48,24,0.0,train,4,0.0019182092087269
S01134,28,12,2025-11-13,32,19,0.0,train,4,0.0012598222819281
S01744,28,14,2025-11-13,42,31,0.002976805474447,train,4,0.0015443951521937
S01746,28,4,2025-11-13,48,12,0.0044648471890328,train,4,0.0018728181418831
S01794,28,16,2025-11-13,23,22,0.0,train,4,0.0020639862947441
S01796,28,12,2025-11-13,23,17,0.0,train,4,0.0015234263094512
S01863,28,15,2025-11-13,32,20,0.0074317312494579,train,4,0.0026778590792211
S01866,28,22,2025-11-13,56,19,0.0058951913268332,train,4,0.0020796036460937
S01867,28,19,2025-11-13,29,13,0.0028537878722628,train,4,0.0025793684256245
S01868,28,19,2025-11-13,51,21,0.0043893736531599,train,4,0.0030895443393425
S01869,28,18,2025-11-13,39,23,0.0100082563080207,train,4,0.0030513513595918
S01870,28,21,2025-11-13,55,28,0.0014377542105659,train,4,0.002662393043148
S01874,28,8,2025-11-13,28,29,0.0073207304822255,train,4,0.0011806850270368
S01875,28,6,2025-11-13,58,25,0.007245869708474,train,4,0.001554453941799
S01877,28,4,2025-11-13,19,27,0.0029669427654652,train,4,0.0024582405102033
S01878,28,3,2025-11-13,25,28,0.0100184588448391,train,4,0.00142779992147
S01984,28,16,2025-11-13,28,15,0.0,train,4,0.0018238546782668
S01985,28,22,2025-11-13,58,22,0.0,train,4,0.002708889877578
S01986,28,15,2025-11-13,28,17,0.0,train,4,0.0028448490035282
S01988,28,20,2025-11-13,32,21,0.0,train,4,0.0028636089834919
S01990,28,18,2025-11-13,29,26,0.0,train,4,0.0028620316817482
S01991,28,4,2025-11-13,24,29,0.0196559224836859,train,4,0.0023405156155736
S01992,28,5,2025-11-13,51,20,0.0,train,4,0.0010944846680441
S01993,28,8,2025-11-13,53,23,0.0,train,4,0.0017405110423869
S01997,28,6,2025-11-13,39,31,0.0,train,4,0.0021849530463416
S02159,28,25,2025-11-13,61,18,0.0,train,4,0.0019453228228526
S02161,28,24,2025-11-13,53,26,0.0,train,4,0.002324745529572
S02737,28,14,2025-11-13,52,24,0.0,train,4,0.0019429801860806
S02739,28,23,2025-11-13,45,30,0.0,train,4,0.0023668155973255
S02742,28,19,2025-11-13,64,22,0.0,train,4,0.0029522339222407
S02743,28,16,2025-11-13,53,23,0.0,train,4,0.0023407393641469
S02744,28,19,2025-11-13,51,13,0.0,train,4,0.0017489803662174
S02747,28,12,2025-11-13,39,20,0.0,train,4,0.0012984956994063
S02765,28,5,2025-11-13,33,26,0.0,train,4,0.0008301105916819
S02766,28,2,2025-11-13,52,23,0.0,train,4,0.0023100992226625
S02768,28,3,2025-11-13,22,18,0.0,train,4,0.0021590631370851
S02769,28,4,2025-11-13,30,21,0.0,train,4,0.0014088311971999
S02770,28,2,2025-11-13,36,23,0.0,train,4,0.0020451410366841
S02895,28,23,2025-11-13,58,25,0.0,train,4,0.0024821096841999
S02896,28,22,2025-11-13,46,28,0.0,train,4,0.0028556508913897
S02898,28,23,2025-11-13,16,25,0.0,train,4,0.0025378518055319
S02901,28,16,2025-11-13,25,14,0.0,train,4,0.0016548763094488
S02904,28,24,2025-11-13,43,23,0.0,train,4,0.002422316520565
S02914,28,16,2025-11-13,19,19,0.0,train,4,0.0021061482040871
S02915,28,10,2025-11-13,29,23,0.0,train,4,0.0026427389778275
S02917,28,5,2025-11-13,19,17,0.0,train,4,0.0009365984604891
S02918,28,2,2025-11-13,45,18,0.0,train,4,0.0021630835521189
S03291,28,25,2025-11-13,41,29,0.002866106132429,train,4,0.0020034149985731
S03293,28,25,2025-11-13,38,24,0.0028940947655899,train,4,0.0023307956801072
S03295,28,21,2025-11-13,38,27,0.0,train,4,0.002605308532984
S03296,28,21,2025-11-13,31,26,0.0,train,4,0.0024427795644821
S03297,28,15,2025-11-13,24,25,0.0,train,4,0.0028733966917645
S03299,28,15,2025-11-13,13,22,0.0028695315792816,train,4,0.0027519140578634
S03306,28,14,2025-11-13,46,28,0.0,train,4,0.002092841369169
S03310,28,8,2025-11-13,20,19,0.0,train,4,0.0015602578904674
S03491,28,12,2025-11-13,30,21,0.0,train,4,0.0006841675477158
S03496,28,25,2025-11-13,31,16,0.0,train,4,0.0016506249201789
S03828,28,2,2025-11-13,15,26,0.0069426982929623,train,4,0.0012922081430061
S04459,28,2,2025-11-13,18,16,0.0,train,4,0.0023115918523987
S04467,28,12,2025-11-13,28,25,0.0,train,4,0.0012181562314385
S04468,28,12,2025-11-13,54,22,0.0,train,4,0.0017962167382202
S04510,28,19,2025-11-13,37,22,0.0046741716747077,train,4,0.002672237143008
S04511,28,18,2025-11-13,24,16,0.0,train,4,0.002668754397396
S04513,28,4,2025-11-13,35,28,0.0,train,4,0.000905188085682
S04516,28,2,2025-11-13,54,14,0.0,train,4,0.0020637600353332
S04517,28,24,2025-11-13,43,17,0.0,train,4,0.0024743994523566
S04521,28,19,2025-11-13,22,28,0.0,train,4,0.0029386461414994
S04657,28,10,2025-11-13,60,22,0.0,train,4,0.0024236632868797
S04658,28,21,2025-11-13,20,19,0.0034283191578889,train,4,0.0023199262989386
S04660,28,18,2025-11-13,58,15,0.0,train,4,0.0027830429612959
S04661,28,22,2025-11-13,57,20,0.0,train,4,0.002818550628388
S04663,28,23,2025-11-13,32,30,0.0,train,4,0.0022970288045539
S04664,28,18,2025-11-13,41,29,0.0,train,4,0.002114329736373
S04666,28,20,2025-11-13,57,27,0.0,train,4,0.0026124574907164
S04668,28,15,2025-11-13,34,14,0.0,train,4,0.0020156835382172
S04676,28,18,2025-11-13,26,28,0.0,train,4,0.0026937202171675
S04680,28,10,2025-11-13,28,13,0.0,train,4,0.0025864192007065
S04685,28,5,2025-11-13,22,28,0.0,train,4,0.001466189368437
S04688,28,3,2025-11-13,43,19,0.0,train,4,0.0021876949553455
S04689,28,2,2025-11-13,35,26,0.0,train,4,0.0020303634849073
S04692,28,10,2025-11-13,41,19,0.0,train,4,0.0013092169651815
S05152,28,5,2025-11-13,28,12,0.0,train,4,0.0014511437076597
S05230,28,20,2025-11-13,25,27,0.0,train,4,0.0026823112726965
S05231,28,6,2025-11-13,47,16,0.0,train,4,0.0016597976592738
S05233,28,24,2025-11-13,49,16,0.0,train,4,0.0025931072011216
S05236,28,10,2025-11-13,42,19,0.0,train,4,0.0014063679243232
S05496,28,24,2025-11-13,41,20,0.0,train,4,0.0026872590304271
S05497,28,25,2025-11-13,17,21,0.0,train,4,0.0017069867336609
S05498,28,19,2025-11-13,26,17,0.0,train,4,0.0030445948977869
S05499,28,18,2025-11-13,31,23,0.0,train,4,0.0027779020318649
S05500,28,18,2025-11-13,50,20,0.0,train,4,0.0029443379485273
S05501,28,15,2025-11-13,52,30,0.0,train,4,0.0024261183045735
S05503,28,14,2025-11-13,34,25,0.0,train,4,0.0020785980040091
S05509,28,25,2025-11-13,27,17,0.0,train,4,0.0015824341425907
S05513,28,8,2025-11-13,47,17,0.0,train,4,0.0016802343623677
S05515,28,5,2025-11-13,34,18,0.0,train,4,0.0010210112990325
S05516,28,5,2025-11-13,45,18,0.0,train,4,0.0008273660602462
S05517,28,6,2025-11-13,28,30,0.0,train,4,0.0020690458881825
S05645,28,2,2025-11-13,21,25,0.0383807493899237,train,4,0.0026396065697886
S05917,28,8,2025-11-13,26,30,0.0,train,4,0.0022095635412369
S05918,28,3,2025-11-13,28,12,0.0,train,4,0.0016588022000012
S05942,28,14,2025-11-13,28,16,0.0,train,4,0.0015096387772317
S05963,28,16,2025-11-13,26,27,0.0,train,4,0.0021906682209193
S05964,28,23,2025-11-13,35,12,0.0,train,4,0.0024240924075549
S05966,28,10,2025-11-13,17,24,0.0,train,4,0.0025277239036702
S05967,28,10,2025-11-13,52,18,0.0,train,4,0.0016384096666558
S05969,28,8,2025-11-13,37,21,0.0,train,4,0.002207376575665
S05970,28,6,2025-11-13,42,27,0.0,train,4,0.0011542230908309
S05971,28,3,2025-11-13,40,15,0.0,train,4,0.0018310984752895
S06132,28,16,2025-11-13,59,15,0.0135679900992801,train,4,0.0020498283299311
S06134,28,12,2025-11-13,59,28,0.0,train,4,0.0018587847184954
S06135,28,8,2025-11-13,15,17,0.0046536016254833,train,4,0.0017989341733101
S06385,28,23,2025-11-13,31,30,0.0015230215276181,train,4,0.0025115209776591
S06386,28,14,2025-11-13,44,21,0.0015596560597502,train,4,0.001734756336143
S06387,28,23,2025-11-13,51,13,0.0,train,4,0.0019001109112741
S06388,28,23,2025-11-13,60,18,0.0045494905852091,train,4,0.0022731220937722
S06390,28,24,2025-11-13,29,29,0.0140318846580963,train,4,0.0015819068935719
S06391,28,18,2025-11-13,34,13,0.0030705168600412,train,4,0.0027544731350035
S06393,28,25,2025-11-13,39,25,0.0075497952288939,train,4,0.001969196866567
S06394,28,20,2025-11-13,42,20,0.0015250544662309,train,4,0.0030237880546057
S06395,28,19,2025-11-13,26,26,0.0,train,4,0.002923782085217
S06397,28,18,2025-11-13,39,27,0.0,train,4,0.0020327466575913
S06399,28,20,2025-11-13,45,30,0.0030144231352426,train,4,0.0027154969351152
S06400,28,20,2025-11-13,56,27,0.0031000789054288,train,4,0.0026551475251746
S06401,28,15,2025-11-13,58,15,0.0060474978021543,train,4,0.002745795667002
S06402,28,16,2025-11-13,33,14,0.0077499072194206,train,4,0.0020542772430004
S06403,28,16,2025-11-13,31,22,0.0059771856715915,train,4,0.0021750537796703
S06404,28,18,2025-11-13,48,23,0.0077672755460535,train,4,0.0024899552856467
S06405,28,15,2025-11-13,30,13,0.0015556139823717,train,4,0.0027206499869307
S06406,28,19,2025-11-13,40,23,0.001555833122028,train,4,0.003145705553572
S06407,28,10,2025-11-13,46,30,0.0,train,4,0.0025979062520314
S06408,28,19,2025-11-13,50,17,0.0,train,4,0.0025633789180882
S06805,28,3,2025-11-13,17,16,0.0,train,4,0.0015229679474415
S07150,28,23,2025-11-13,29,14,0.0,train,4,0.0020576859611292
S07151,28,18,2025-11-13,34,24,0.0,train,4,0.0027620047022288
S07153,28,19,2025-11-13,32,21,0.0,train,4,0.0030169302928387
S07154,28,19,2025-11-13,49,19,0.0,train,4,0.0023451275056106
S07155,28,18,2025-11-13,40,29,0.0,train,4,0.0029720365686786
S07163,28,8,2025-11-13,61,16,0.0037254416934643,train,4,0.0016474171864669
S07165,28,12,2025-11-13,23,28,0.0,train,4,0.0018306051644646
S07169,28,4,2025-11-13,42,14,0.0,train,4,0.0011924112899365
S07176,28,3,2025-11-13,43,21,0.0,train,4,0.0023806916544653
S07178,28,4,2025-11-13,25,25,0.0,train,4,0.0014038163744779
S07301,28,25,2025-11-13,35,11,0.0,train,4,0.000775767981181
S07303,28,6,2025-11-13,46,31,0.0,train,4,0.0017778289185391
S07551,28,3,2025-11-13,22,25,0.0,train,4,0.001996100137882
S07785,28,16,2025-11-13,54,30,0.008692648415603,train,4,0.0020152698246685
S07922,28,25,2025-11-13,36,13,0.0131464961413578,train,4,0.0016429520204798
S07925,28,19,2025-11-13,18,24,0.0055710243959305,train,4,0.0028520142034757
S07926,28,25,2025-11-13,41,26,0.0103843461727311,train,4,0.0021895745517173
S07927,28,19,2025-11-13,49,23,0.0232228685998526,train,4,0.002725681937059
S07929,28,20,2025-11-13,36,28,0.0111006879299562,train,4,0.0027285420723759
S07930,28,18,2025-11-13,50,16,0.0129616106822449,train,4,0.0029235208439696
S07931,28,18,2025-11-13,39,19,0.0010806415140287,train,4,0.0028360530234381
S07932,28,16,2025-11-13,38,31,0.0129798903107861,train,4,0.0017403286043794
S07934,28,15,2025-11-13,34,27,0.0044162762438548,train,4,0.0026013423900526
S07935,28,19,2025-11-13,47,28,0.0154474475967874,train,4,0.0029711677322806
S07936,28,14,2025-11-13,35,24,0.0150578682663758,train,4,0.0012606742695867
S07939,28,15,2025-11-13,36,21,0.0053342778332313,train,4,0.0030360492584759
S07942,28,10,2025-11-13,20,26,0.0041451382199258,train,4,0.0024371967263787
S07945,28,4,2025-11-13,60,20,0.0105512105231871,train,4,0.0013703469153918
S07946,28,3,2025-11-13,40,25,0.013691111902219,train,4,0.0023549793162091
S08811,28,18,2025-11-13,53,22,0.0,train,4,0.0030423322452637
S08813,28,20,2025-11-13,22,23,0.0,train,4,0.0026071506384972
S08814,28,20,2025-11-13,23,15,0.0,train,4,0.0022268531155379
S08820,28,8,2025-11-13,29,18,0.0,train,4,0.0015160764672863
S08822,28,8,2025-11-13,35,14,0.0,train,4,0.0014392016852566
S08823,28,10,2025-11-13,57,22,0.0,train,4,0.0015215144569509
S08825,28,19,2025-11-13,29,19,0.0,train,4,0.0030375044376741
S08827,28,5,2025-11-13,43,20,0.0,train,4,0.0010180739036577
S08831,28,6,2025-11-13,24,16,0.0,train,4,0.0012482083197104
S08833,28,8,2025-11-13,55,28,0.0,train,4,0.0011829876912096
S08834,28,3,2025-11-13,17,23,0.0,train,4,0.0027578580035139
S08970,28,15,2025-11-13,15,19,0.0,train,4,0.0027945294892189
S08972,28,20,2025-11-13,18,26,0.0,train,4,0.0026778022499946
S08973,28,23,2025-11-13,57,25,0.0,train,4,0.0022601929970548
S08974,28,23,2025-11-13,33,25,0.0,train,4,0.0026659108107939
S08976,28,4,2025-11-13,42,26,0.0,train,4,0.0014045070864927
S08977,28,4,2025-11-13,55,19,0.0,train,4,0.0011353797240588
S08978,28,6,2025-11-13,62,26,0.0,train,4,0.0023239662549427
S08983,28,4,2025-11-13,47,15,0.0,train,4,0.0011090805678726
S09225,28,25,2025-11-13,49,20,0.0,train,4,0.0022736547290912
S09226,28,23,2025-11-13,48,24,0.0,train,4,0.0029060257294183
S09227,28,20,2025-11-13,54,23,0.0,train,4,0.0027009900179452
S09228,28,15,2025-11-13,27,17,0.0,train,4,0.0027376721922621
S09230,28,22,2025-11-13,48,22,0.0,train,4,0.0030521930236863
S09231,28,15,2025-11-13,56,18,0.0,train,4,0.0028924412411948
S09233,28,15,2025-11-13,31,29,0.0,train,4,0.002789561236326
S09250,28,12,2025-11-13,36,15,0.0,train,4,0.0010902518586091
S09256,28,5,2025-11-13,35,17,0.0,train,4,0.0010006750497084
S09258,28,8,2025-11-13,42,25,0.0,train,4,0.0010726094729537
S09281,28,25,2025-11-13,51,27,0.0,train,4,0.0020179011715374
S09289,28,25,2025-11-13,31,15,0.0,train,4,0.002186823226635
S09322,28,25,2025-11-13,25,30,0.0,train,4,0.0025209323768179
S09417,28,18,2025-11-13,61,22,0.0,train,4,0.0021982077320767
S09418,28,19,2025-11-13,61,24,0.0,train,4,0.0029497982516861
S09421,28,3,2025-11-13,35,14,0.0,train,4,0.0018278705435797
S09422,28,4,2025-11-13,61,27,0.0,train,4,0.0027981096410857
S09423,28,3,2025-11-13,48,16,0.0,train,4,0.0014042557432911
S09424,28,10,2025-11-13,31,15,0.0,train,4,0.0017922785339326
S09430,28,8,2025-11-13,30,17,0.0,train,4,0.0014799388744164
S09431,28,16,2025-11-13,48,22,0.0,train,4,0.0022309485648016
S09432,28,10,2025-11-13,42,13,0.0,train,4,0.0011303327556448
S09595,28,24,2025-11-13,55,13,0.0,train,4,0.0022683364081396
S09619,28,25,2025-11-13,47,18,0.0,train,4,0.002162008362155
S09622,28,12,2025-11-13,26,24,0.0,train,4,0.0011131300896675
S09623,28,10,2025-11-13,36,25,0.0,train,4,0.0013096163535751
S09624,28,8,2025-11-13,45,19,0.0,train,4,0.0018566870761881
S09625,28,8,2025-11-13,51,21,0.0,train,4,0.0016753069202239
S09627,28,2,2025-11-13,19,18,0.0,train,4,0.0019752935573143
S09639,28,23,2025-11-13,34,16,0.0,train,4,0.002641250770384
S09644,28,14,2025-11-13,32,13,0.0,train,4,0.0018367907077801
S09646,28,14,2025-11-13,23,27,0.0,train,4,0.002196234616673
S09795,28,24,2025-11-13,59,15,0.0127543819129006,train,4,0.0012168895690161
S09799,28,12,2025-11-13,62,27,0.0,train,4,0.0019837938369473
S10158,28,16,2025-11-13,19,28,0.0,train,4,0.0022932495811062
S10378,28,19,2025-11-13,25,13,0.0,train,4,0.0011886929308679
S10423,28,15,2025-11-13,51,28,0.0,train,4,0.0026019478708369
S10424,28,25,2025-11-13,55,16,0.0,train,4,0.0022818949409376
S10431,28,24,2025-11-13,37,26,0.0,train,4,0.0020366999528519
S10433,28,10,2025-11-13,37,23,0.0,train,4,0.0015551661076499
S10557,28,23,2025-11-13,55,20,0.0,train,4,0.0027449920294741
S10558,28,24,2025-11-13,43,22,0.0,train,4,0.0020352606757082
S10560,28,22,2025-11-13,42,30,0.0,train,4,0.0022267950276869
S10561,28,2,2025-11-13,27,21,0.0,train,4,0.0015663241878951
S10563,28,6,2025-11-13,46,30,0.0,train,4,0.0018991708213644
S10566,28,14,2025-11-13,46,25,0.0,train,4,0.0021044977243743
S10596,28,16,2025-11-13,50,12,0.0,train,4,0.0018697125947191
S10597,28,3,2025-11-13,59,15,0.0,train,4,0.0013322994422623
S10598,28,19,2025-11-13,51,31,0.0,train,4,0.0020326927976719
S10874,28,15,2025-11-13,17,16,0.0,train,4,0.0015457693009826
S10876,28,14,2025-11-13,54,30,0.0,train,4,0.0023489485620525
S10878,28,4,2025-11-13,57,14,0.0156559016079108,train,4,0.0019309033322783
S11473,28,19,2025-11-13,53,25,0.0118564640243093,train,4,0.002978228178993
S11474,28,16,2025-11-13,35,19,0.0034763169785559,train,4,0.0021546236885591
S11476,28,15,2025-11-13,61,18,0.0226685823215107,train,4,0.0029711238024802
S11477,28,20,2025-11-13,40,21,0.0115638037817942,train,4,0.0027605555298939
S11478,28,18,2025-11-13,50,17,0.0199385751028577,train,4,0.0027757183188874
S11480,28,18,2025-11-13,63,25,0.0197855750487329,train,4,0.00227366339259
S11483,28,20,2025-11-13,56,17,0.0173973921414194,train,4,0.0026013714540106
S11484,28,20,2025-11-13,47,22,0.0049289838132681,train,4,0.0026703102400607
S11487,28,18,2025-11-13,55,16,0.0153598437437223,train,4,0.0028271035322347
S11489,28,18,2025-11-13,39,13,0.0054746158750091,train,4,0.0027664209975811
S11492,28,12,2025-11-13,15,24,0.0205745984434509,train,4,0.001561915586415
S11493,28,2,2025-11-13,41,13,0.0136215386583104,train,4,0.001933296672682
S11497,28,8,2025-11-13,53,19,0.0158777781944809,train,4,0.0016545147495582
S11498,28,8,2025-11-13,44,19,0.0181094527363184,train,4,0.0013155592729095
S11642,28,16,2025-11-13,28,31,0.0,train,4,0.0020899043019679
S11665,28,24,2025-11-13,34,22,0.0,train,4,0.0019623835394859
S11704,28,16,2025-11-13,34,24,0.0,train,4,0.0022988197192
S11705,28,16,2025-11-13,57,16,0.0,train,4,0.0023783051038204
S11707,28,22,2025-11-13,34,22,0.0,train,4,0.0021994380529439
S11709,28,19,2025-11-13,47,13,0.0,train,4,0.0023014494590431
S11711,28,12,2025-11-13,21,25,0.0,train,4,0.0015293009146446
S11714,28,8,2025-11-13,52,21,0.0,train,4,0.0015829017869495
S11715,28,2,2025-11-13,58,17,0.0,train,4,0.0022738222705985
S11716,28,3,2025-11-13,42,13,0.0,train,4,0.0010599240007802
S11717,28,6,2025-11-13,33,14,0.0,train,4,0.0014675744939908
S11720,28,4,2025-11-13,61,18,0.0,train,4,0.0014519422463959
S11723,28,6,2025-11-13,40,18,0.0,train,4,0.0021285001401349
S11999,28,19,2025-11-13,30,12,0.0,train,4,0.0014808963500642
S12000,28,10,2025-11-13,28,12,0.0,train,4,0.0016210426221918
S12008,28,25,2025-11-13,53,30,0.0,train,4,0.0014931761888762
S12009,28,5,2025-11-13,23,30,0.0,train,4,0.0015942306770659
S12046,28,14,2025-11-13,57,20,0.0,train,4,0.0021418823835211
S12048,28,24,2025-11-13,26,23,0.0,train,4,0.0018357886943078
S12049,28,14,2025-11-13,61,26,0.0,train,4,0.0024442568089136
S12050,28,12,2025-11-13,60,16,0.0,train,4,0.0014302833387329
S12051,28,8,2025-11-13,38,17,0.0,train,4,0.0013965936714741
S12055,28,5,2025-11-13,30,29,0.0,train,4,0.0009148866213788
S12057,28,5,2025-11-13,33,19,0.0,train,4,0.0009514278401431
S12058,28,2,2025-11-13,31,22,0.0,train,4,0.0024363704321726
S12059,28,6,2025-11-13,39,13,0.0,train,4,0.0012128527351578
S12287,28,18,2025-11-13,32,31,0.0,train,4,0.0027375901658764
S12289,28,20,2025-11-13,55,23,0.0,train,4,0.0028699893640797
S12292,28,25,2025-11-13,52,23,0.0,train,4,0.0022580105788195
S12293,28,21,2025-11-13,33,17,0.0,train,4,0.0026965190106177
S12295,28,2,2025-11-13,44,28,0.0026436029595587,train,4,0.0019630428915169
S12478,28,15,2025-11-13,48,12,0.0,train,4,0.0020570229995378
S12479,28,5,2025-11-13,31,31,0.0,train,4,0.0016914958318618
S12480,28,2,2025-11-13,14,25,0.0,train,4,0.0023311211910644
S12481,28,6,2025-11-13,28,31,0.0,train,4,0.0015709844365761
S12665,28,20,2025-11-13,17,20,0.0,train,4,0.0027215841908699
S12669,28,23,2025-11-13,54,16,0.0,train,4,0.0020895577123542
S12670,28,24,2025-11-13,49,20,0.0,train,4,0.0017695805850548
S12671,28,6,2025-11-13,23,16,0.0,train,4,0.0015960986010064
S12673,28,5,2025-11-13,40,21,0.0,train,4,0.0009809586419103
S12674,28,4,2025-11-13,28,30,0.0,train,4,0.0025348652669357
S12675,28,6,2025-11-13,32,18,0.0,train,4,0.0013469880125629
S12677,28,5,2025-11-13,53,18,0.0,train,4,0.0009190214484834
S12681,28,12,2025-11-13,23,23,0.0,train,4,0.0014683631117952
S12682,28,12,2025-11-13,38,24,0.0,train,4,0.0010927947239652
S12965,28,20,2025-11-13,29,18,0.0,train,4,0.002259131951845
S12966,28,21,2025-11-13,21,17,0.0,train,4,0.0023151062798429
S12967,28,16,2025-11-13,33,16,0.0,train,4,0.0021526773017567
S12968,28,21,2025-11-13,46,19,0.0,train,4,0.0024448248746076
S12970,28,24,2025-11-13,21,26,0.0,train,4,0.0020288917528233
S12971,28,25,2025-11-13,57,21,0.0,train,4,0.0018918448372709
S12978,28,12,2025-11-13,21,21,0.0,train,4,0.0010602703156397
S12979,28,16,2025-11-13,27,20,0.0,train,4,0.0021258705517372
S12982,28,4,2025-11-13,50,14,0.0,train,4,0.0011186919580068
S12984,28,5,2025-11-13,54,17,0.0,train,4,0.0008479424518947
S12985,28,5,2025-11-13,57,24,0.0,train,4,0.0008900243344534
S12986,28,6,2025-11-13,58,19,0.0,train,4,0.0017708452473242
S12987,28,4,2025-11-13,33,14,0.0,train,4,0.0015004511935268
S12988,28,12,2025-11-13,52,29,0.0,train,4,0.0015551100298826
S12989,28,4,2025-11-13,26,22,0.0,train,4,0.0011430277058832
S13133,28,8,2025-11-13,22,17,0.0,train,4,0.0015403035773488
S13134,28,24,2025-11-13,34,23,0.0,train,4,0.002333499554855
S13135,28,15,2025-11-13,14,22,0.0,train,4,0.0029785502963348
S13136,28,16,2025-11-13,35,21,0.0,train,4,0.0022453546571072
S13145,28,3,2025-11-13,41,12,0.0,train,4,0.0015562889845161
S13146,28,4,2025-11-13,19,19,0.0,train,4,0.0015203185866402
S13298,28,20,2025-11-13,48,21,0.0,train,4,0.0024931439720115
S13299,28,25,2025-11-13,16,21,0.0,train,4,0.00206399534719
S13300,28,3,2025-11-13,37,18,0.0,train,4,0.001880721116165
S13301,28,6,2025-11-13,31,29,0.0,train,4,0.0018675588961867
S13400,28,24,2025-11-13,33,29,0.0,train,4,0.0017313811538138
S13403,28,25,2025-11-13,52,17,0.0,train,4,0.0018522305488674
S13409,28,6,2025-11-13,57,22,0.0,train,4,0.0014531876219822
S13450,28,20,2025-11-13,41,11,0.0,train,4,0.0010589282097272
S13780,28,18,2025-11-13,29,17,0.0025820059640701,train,4,0.0022425520835595
S13781,28,22,2025-11-13,46,23,0.0090001991995798,train,4,0.0018927967105636
S13782,28,25,2025-11-13,56,24,0.0079084717713703,train,4,0.0018730643213525
S13784,28,22,2025-11-13,58,20,0.0115401583579074,train,4,0.0025419022088617
S13785,28,18,2025-11-13,27,25,0.0091484499701538,train,4,0.0030982783858294
S13787,28,18,2025-11-13,24,29,0.0,train,4,0.0026546764364356
S13788,28,18,2025-11-13,58,20,0.0051123403357994,train,4,0.002864956863221
S13789,28,22,2025-11-13,55,16,0.0157160362069647,train,4,0.0020964209207698
S13791,28,22,2025-11-13,39,25,0.0080733587284053,train,4,0.0016970279103845
S13792,28,21,2025-11-13,46,22,0.0103318079884416,train,4,0.0026171420569759
S13794,28,16,2025-11-13,61,24,0.0038992931060184,train,4,0.0019047403921012
S13795,28,19,2025-11-13,43,21,0.0105306371088421,train,4,0.0030743894497772
S13797,28,15,2025-11-13,57,19,0.007736371843965,train,4,0.0026290841092044
S13798,28,14,2025-11-13,24,29,0.0013390235096964,train,4,0.0014699939445561
S13803,28,23,2025-11-13,53,23,0.0120482901286443,train,4,0.0021258273168404
S13814,28,4,2025-11-13,37,13,0.0,train,4,0.001304074134713
S13819,28,3,2025-11-13,26,22,0.0012913350637742,train,4,0.0012473193648231
S14344,28,2,2025-11-13,22,29,0.0,train,4,0.0023071646369876
S14457,28,15,2025-11-13,46,13,0.0,train,4,0.0028232815807073
S14458,28,21,2025-11-13,22,27,0.0,train,4,0.0022591571292741
S14459,28,8,2025-11-13,35,29,0.0,train,4,0.0019399949929438
S14460,28,5,2025-11-13,50,14,0.0,train,4,0.0010576639413239
S14461,28,4,2025-11-13,42,12,0.0,train,4,0.0016738072104042
S14462,28,10,2025-11-13,37,20,0.0,train,4,0.001413082236927
S14463,28,12,2025-11-13,45,21,0.0,train,4,0.0013504480107798
S14539,28,16,2025-11-13,43,24,0.0,train,4,0.002387921641325
S14540,28,21,2025-11-13,46,16,0.0,train,4,0.0024465038510764
S14541,28,22,2025-11-13,31,21,0.0,train,4,0.0027639293004918
S14542,28,20,2025-11-13,18,20,0.0,train,4,0.0025332151429561
S14543,28,20,2025-11-13,33,19,0.0,train,4,0.0028122736329436
S14551,28,25,2025-11-13,25,19,0.0,train,4,0.0015606884811539
S14560,28,10,2025-11-13,46,18,0.0,train,4,0.0014519627048016
S14908,28,6,2025-11-13,29,12,0.0,train,4,0.0018337097353272
S14911,28,21,2025-11-13,40,11,0.0,train,4,0.0021057725949717
S14935,28,25,2025-11-13,24,27,0.0,train,4,0.0017917061882944
S14947,28,12,2025-11-13,30,13,0.0158578220222711,train,4,0.0008981549725184
S15016,28,18,2025-11-13,38,26,0.0,train,4,0.0028764166732306
S15018,28,3,2025-11-13,20,17,0.0,train,4,0.0018521356178312
S15019,28,2,2025-11-13,37,25,0.0,train,4,0.0021157824950467
S15021,28,5,2025-11-13,25,24,0.0,train,4,0.0009313582332686
S15022,28,8,2025-11-13,43,28,0.0,train,4,0.0015758609414727
S15023,28,2,2025-11-13,40,28,0.0,train,4,0.0021568876392807
S15024,28,4,2025-11-13,52,20,0.0,train,4,0.0011606008572196
S15025,28,3,2025-11-13,59,21,0.0,train,4,0.0018612562932565
S15027,28,15,2025-11-13,43,14,0.0,train,4,0.002756843188459
S15364,28,16,2025-11-13,34,32,0.0,train,4,0.0019863834439351
S15438,28,19,2025-11-13,33,17,0.0,train,4,0.003026845590715
S15441,28,20,2025-11-13,22,17,0.0,train,4,0.0023533416851568
S15442,28,22,2025-11-13,50,30,0.0,train,4,0.0029795041124612
S15443,28,24,2025-11-13,18,18,0.0,train,4,0.0019760157430059
S15444,28,3,2025-11-13,57,25,0.0,train,4,0.0023051536956534
S15446,28,3,2025-11-13,59,22,0.0,train,4,0.0021353091848223
S15448,28,4,2025-11-13,48,16,0.0,train,4,0.0012209090624942
S15449,28,12,2025-11-13,48,24,0.0,train,4,0.0013509028179844
S15450,28,14,2025-11-13,33,30,0.0,train,4,0.0022247680888145
S15451,28,14,2025-11-13,35,26,0.0,train,4,0.0020350111878097
S15534,28,10,2025-11-13,40,28,0.0232228263227632,train,4,0.002603120147172
S15537,28,18,2025-11-13,23,19,0.0,train,4,0.0029339410128861
S15538,28,25,2025-11-13,23,22,0.0016589892516189,train,4,0.001809056470839
S15539,28,19,2025-11-13,25,17,0.0099191697435385,train,4,0.0028289835057405
S15542,28,18,2025-11-13,48,29,0.0049852548799325,train,4,0.0019646855049174
S15544,28,16,2025-11-13,60,27,0.0016729444158327,train,4,0.0024303266137033
S15548,28,12,2025-11-13,65,24,0.0,train,4,0.0017362039927764
S15551,28,10,2025-11-13,65,22,0.0032990813021082,train,4,0.0027716047140964
S15552,28,2,2025-11-13,49,17,0.0,train,4,0.0025258323853604
S15553,28,5,2025-11-13,34,17,0.0016600199068785,train,4,0.0006398545641192
S15554,28,3,2025-11-13,39,25,0.0016735697208472,train,4,0.0020635367601216
S16306,28,23,2025-11-13,37,21,0.0,train,4,0.0027251515115875
S16309,28,23,2025-11-13,37,29,0.0,train,4,0.0023338287199941
S16311,28,21,2025-11-13,37,19,0.0018927060364755,train,4,0.002399783645848
S16312,28,18,2025-11-13,51,13,0.0094894413258487,train,4,0.0028191355199401
S16313,28,20,2025-11-13,25,20,0.0,train,4,0.0024689648983451
S16317,28,15,2025-11-13,49,20,0.0036820951640088,train,4,0.0029766310104111
S16319,28,14,2025-11-13,36,22,0.0037710223112497,train,4,0.0018077193400436
S16320,28,15,2025-11-13,38,13,0.0,train,4,0.0029793861056466
S16322,28,19,2025-11-13,19,24,0.0018623020601482,train,4,0.0027267165613547
S16323,28,18,2025-11-13,38,31,0.0,train,4,0.0028432625992019
S16324,28,12,2025-11-13,35,18,0.0,train,4,0.0014398980984933
S16326,28,14,2025-11-13,35,22,0.0,train,4,0.0025665005834612
S16341,28,24,2025-11-13,45,27,0.0,train,4,0.0020455896190195
S16342,28,14,2025-11-13,22,24,0.0,train,4,0.0019757504737217
S16347,28,2,2025-11-13,23,29,0.0,train,4,0.0024184569387787
S16352,28,5,2025-11-13,17,26,0.0,train,4,0.0015150977272362
S16354,28,6,2025-11-13,14,24,0.0,train,4,0.0018526924316466
S16355,28,3,2025-11-13,49,27,0.0,train,4,0.0022898058400543
S16357,28,4,2025-11-13,49,25,0.0,train,4,0.0013008703787641
S16758,28,18,2025-11-13,57,23,0.0,train,4,0.0030330221200574
S16767,28,21,2025-11-13,43,29,0.0,train,4,0.0026643206159401
S16768,28,8,2025-11-13,62,18,0.0,train,4,0.0018477167929131
S16770,28,5,2025-11-13,46,29,0.0,train,4,0.0009170118295535
S16933,28,22,2025-11-13,22,28,0.0,train,4,0.0022485904043662
S16941,28,24,2025-11-13,60,17,0.0,train,4,0.0016761833122088
S17760,28,24,2025-11-13,58,20,0.0,train,4,0.0022114422334717
S17761,28,20,2025-11-13,50,20,0.0,train,4,0.0026940322728977
S17762,28,21,2025-11-13,46,27,0.0,train,4,0.0023871747839506
S17763,28,16,2025-11-13,25,18,0.0,train,4,0.0021543925303366
S17765,28,18,2025-11-13,36,12,0.0,train,4,0.0026166352989426
S17773,28,16,2025-11-13,44,13,0.0,train,4,0.0017544113762676
S17777,28,10,2025-11-13,31,27,0.0,train,4,0.0018273713437637
S18279,28,23,2025-11-13,53,15,0.0,train,4,0.0021114994618268
S18282,28,25,2025-11-13,17,20,0.0,train,4,0.0019455168035829
S18283,28,25,2025-11-13,31,24,0.0,train,4,0.0019727111321634
S18332,28,20,2025-11-13,59,15,0.0,train,4,0.0019072047860294
S18385,28,19,2025-11-13,21,22,0.0,train,4,0.0027875667117747
S18388,28,25,2025-11-13,63,24,0.0,train,4,0.0020463374468927
S18390,28,6,2025-11-13,64,24,0.0,train,4,0.0014082868904234
S18391,28,6,2025-11-13,52,15,0.0,train,4,0.0018426794257548
S18392,28,3,2025-11-13,42,28,0.0,train,4,0.0023379696026512
S18393,28,8,2025-11-13,17,25,0.0,train,4,0.0012413842878137
S18816,28,3,2025-11-13,59,20,0.0,train,4,0.0018375963792248
S18817,28,6,2025-11-13,14,19,0.0,train,4,0.0018450232051995
S18904,28,18,2025-11-13,14,23,0.0,train,4,0.0020225628034349
S18905,28,3,2025-11-13,56,15,0.0,train,4,0.0017813178590512
S18906,28,5,2025-11-13,63,22,0.0,train,4,0.0011908817848622
S18907,28,3,2025-11-13,38,29,0.0,train,4,0.0019711883888698
S18909,28,4,2025-11-13,27,21,0.0,train,4,0.0013000638532459
S18914,28,12,2025-11-13,15,19,0.0,train,4,0.0014969898558371
S19221,28,19,2025-11-13,49,31,0.0,train,4,0.0020232278221639
S19449,28,23,2025-11-13,20,23,0.0,train,4,0.0023885333794627
S19450,28,24,2025-11-13,51,17,0.0017040915340595,train,4,0.0019630915262875
S19451,28,23,2025-11-13,18,22,0.0034441060396591,train,4,0.0021598571762275
S19452,28,25,2025-11-13,32,22,0.0,train,4,0.0016288408514152
S19453,28,18,2025-11-13,32,29,0.0051832924857902,train,4,0.0025457866965552
S19458,28,19,2025-11-13,22,22,0.005159830151265,train,4,0.0027653484449038
S19459,28,18,2025-11-13,40,23,0.0,train,4,0.0028670453761762
S19460,28,10,2025-11-13,28,14,0.0087565365695519,train,4,0.0011620104819988
S19463,28,6,2025-11-13,59,16,0.0085398710599749,train,4,0.0011988546978703
S19464,28,6,2025-11-13,35,17,0.001723593814483,train,4,0.0017854554452051
S19567,28,25,2025-11-13,20,24,0.0,train,4,0.0018514841496999
S19569,28,20,2025-11-13,28,13,0.0,train,4,0.0026460617789361
S19570,28,15,2025-11-13,33,15,0.0,train,4,0.0024298592444891
S19571,28,10,2025-11-13,54,25,0.0,train,4,0.0026982135459773
S19589,28,3,2025-11-13,39,30,0.0,train,4,0.0022900280061098
S19590,28,6,2025-11-13,53,16,0.0,train,4,0.0016217435824473
S19591,28,5,2025-11-13,20,19,0.0,train,4,0.0006088216609351
S19592,28,3,2025-11-13,48,23,0.0,train,4,0.002235643204677
S19728,28,10,2025-11-13,53,30,0.0,train,4,0.0012389134445183
S19729,28,15,2025-11-13,29,12,0.0,train,4,0.0017471166557239
S19730,28,12,2025-11-13,31,12,0.0,train,4,0.0015312243201926
S19847,28,15,2025-11-13,44,32,0.0215193435950726,train,4,0.0014988001054274
S19848,28,25,2025-11-13,44,32,0.0,train,4,0.0008244621325078
S20354,28,14,2025-11-13,22,18,0.0,train,4,0.0011329653083523
S20355,28,25,2025-11-13,21,16,0.0,train,4,0.001534796247173
S20389,28,19,2025-11-13,18,26,0.0,train,4,0.0027430266641383
S20390,28,19,2025-11-13,59,21,0.0,train,4,0.0029067833248511
S20391,28,19,2025-11-13,46,25,0.0,train,4,0.0031933288545964
S20392,28,21,2025-11-13,49,18,0.0,train,4,0.002312808779095
S20393,28,20,2025-11-13,37,18,0.0,train,4,0.0026827903373609
S20396,28,23,2025-11-13,24,20,0.0,train,4,0.0026419610054765
S20398,28,6,2025-11-13,52,21,0.0,train,4,0.0017772381600062
S20399,28,8,2025-11-13,32,30,0.0,train,4,0.0011765554756319
S20402,28,12,2025-11-13,29,25,0.0,train,4,0.0011513829961273
S20556,28,6,2025-11-13,31,13,0.0,train,4,0.0017278603775918
S20678,28,19,2025-11-13,38,12,0.0,train,4,0.0028870959890332
S20679,28,21,2025-11-13,62,17,0.0,train,4,0.0025492940266814
S20682,28,18,2025-11-13,30,20,0.0,train,4,0.0030632983117331
S20684,28,19,2025-11-13,42,21,0.0,train,4,0.0029958077707964
S20685,28,18,2025-11-13,26,24,0.0,train,4,0.0029047136963973
S20691,28,5,2025-11-13,39,12,0.0,train,4,0.0010793759639644
S20695,28,3,2025-11-13,42,21,0.0,train,4,0.0029134325165079
S21107,28,16,2025-11-13,19,27,0.0,train,4,0.0022023633001333
S21108,28,16,2025-11-13,39,30,0.0,train,4,0.002185538405432
S21110,28,16,2025-11-13,17,20,0.0,train,4,0.0021675049150923
S21111,28,18,2025-11-13,56,23,0.0,train,4,0.0029584883704566
S21113,28,5,2025-11-13,42,30,0.0,train,4,0.0009494135874299
S21114,28,5,2025-11-13,58,18,0.0,train,4,0.0008872465179019
S21115,28,4,2025-11-13,58,25,0.0,train,4,0.0011509145358317
S21183,28,12,2025-11-13,28,22,0.0,train,4,0.0010747837133416
S21375,28,8,2025-11-13,52,19,0.0,train,4,0.001377042350574
S21376,28,3,2025-11-13,22,26,0.0,train,4,0.00230543917212
S21377,28,21,2025-11-13,17,18,0.0,train,4,0.0023780637181415
S21378,28,23,2025-11-13,50,17,0.0,train,4,0.0025373447514253
S21379,28,25,2025-11-13,33,21,0.0,train,4,0.0019232114008071
S21381,28,18,2025-11-13,47,13,0.0,train,4,0.0028105149395307
S21382,28,18,2025-11-13,44,27,0.0,train,4,0.0027178517934821
S21383,28,21,2025-11-13,13,23,0.0,train,4,0.0026583870723157
S21384,28,20,2025-11-13,38,17,0.0,train,4,0.002804210436163
S21385,28,15,2025-11-13,20,17,0.0,train,4,0.0030312964804306
S21386,28,16,2025-11-13,25,24,0.0,train,4,0.0023172839893161
S21388,28,24,2025-11-13,26,18,0.0,train,4,0.0018330143444283
S21389,28,14,2025-11-13,36,28,0.0,train,4,0.0020894191678366
S21398,28,22,2025-11-13,33,24,0.0,train,4,0.0022988301315936
S21401,28,23,2025-11-13,48,20,0.0,train,4,0.002615523768013
S21403,28,24,2025-11-13,43,13,0.0,train,4,0.00195276422046
S21412,28,2,2025-11-13,35,21,0.0,train,4,0.0015330035524822
S21413,28,3,2025-11-13,27,13,0.0,train,4,0.0016937016379131
S21414,28,3,2025-11-13,33,20,0.0,train,4,0.0012231814767802
S21461,28,18,2025-11-13,23,26,0.0,train,4,0.0028747578228345
S21462,28,20,2025-11-13,35,31,0.0,train,4,0.0026717752132984
S21463,28,21,2025-11-13,29,25,0.0,train,4,0.0025284948313765
S21466,28,3,2025-11-13,31,15,0.0,train,4,0.0019167479126894
S21467,28,6,2025-11-13,60,16,0.0,train,4,0.0020258916883534
S21468,28,6,2025-11-13,46,29,0.0,train,4,0.0012285728646277
S21469,28,3,2025-11-13,32,27,0.0,train,4,0.002348747255665
S21470,28,4,2025-11-13,42,18,0.0,train,4,0.0014118077783302
S21472,28,8,2025-11-13,19,16,0.0,train,4,0.0015971246240439
S21473,28,12,2025-11-13,37,27,0.0,train,4,0.0012314205901886
S21791,28,25,2025-11-13,47,25,0.0,train,4,0.0018761354840859
S21820,28,19,2025-11-13,18,28,0.0044931427589885,train,4,0.0012115532930706
S21821,28,3,2025-11-13,46,11,0.0,train,4,0.0013866785529569
S21901,28,22,2025-11-13,49,26,0.0,train,4,0.002512156916756
S21903,28,19,2025-11-13,14,22,0.0,train,4,0.0027657376068098
S21905,28,18,2025-11-13,49,20,0.0,train,4,0.0027861106657675
S21913,28,12,2025-11-13,19,26,0.0,train,4,0.0017457260166588
S21916,28,10,2025-11-13,60,17,0.0,train,4,0.0016366111158154
S21917,28,8,2025-11-13,45,18,0.0,train,4,0.0014215090089289
S21918,28,4,2025-11-13,17,23,0.0,train,4,0.002542860146558
S21921,28,24,2025-11-13,28,24,0.0,train,4,0.0016167622912122
S21923,28,4,2025-11-13,48,25,0.0,train,4,0.0011646726230946
S21925,28,5,2025-11-13,58,27,0.0,train,4,0.0005313192610879
S21927,28,5,2025-11-13,14,21,0.0,train,4,0.0012574907352069
S22473,28,8,2025-11-13,35,32,0.0,train,4,0.0025816813731472
S22525,28,14,2025-11-13,43,12,0.0,train,4,0.0018063602016103
S22527,28,15,2025-11-13,56,24,0.0,train,4,0.0030248978227756
S22529,28,20,2025-11-13,38,23,0.0,train,4,0.0028819035514237
S22530,28,18,2025-11-13,43,24,0.0,train,4,0.0029768923434024
S22531,28,23,2025-11-13,54,27,0.0,train,4,0.0023527923889439
S22532,28,2,2025-11-13,51,27,0.0,train,4,0.0024660220894334
S22534,28,4,2025-11-13,35,16,0.0,train,4,0.0008240828898286
S22887,28,24,2025-11-13,51,24,0.0032579161791263,train,4,0.0015397351474119
S22889,28,23,2025-11-13,33,17,0.0015653148897035,train,4,0.002431148838672
S22892,28,25,2025-11-13,55,24,0.0063471386792332,train,4,0.0017124302156222
S22893,28,15,2025-11-13,31,16,0.0031635095223546,train,4,0.0027133840730577
S22894,28,22,2025-11-13,30,19,0.0,train,4,0.0022597732101845
S22896,28,19,2025-11-13,53,24,0.0095693779904306,train,4,0.0029888922687909
S22898,28,14,2025-11-13,31,14,0.0095903363371476,train,4,0.0018717261484803
S22921,28,2,2025-11-13,53,26,0.004888508562267,train,4,0.0019812120544426
S22922,28,8,2025-11-13,35,20,0.0080139058196758,train,4,0.0009926111943639
S22925,28,3,2025-11-13,59,18,0.001619166764403,train,4,0.0018012578681338
S23113,28,16,2025-11-13,37,11,0.0,train,4,0.0021636751607435
S23206,28,24,2025-11-13,47,25,0.0,train,4,0.0019654310998455
S23207,28,23,2025-11-13,40,13,0.0,train,4,0.0020127318286636
S23210,28,18,2025-11-13,30,19,0.0,train,4,0.0027845326208355
S23211,28,19,2025-11-13,16,20,0.0,train,4,0.0029714009134231
S23213,28,14,2025-11-13,53,24,0.0,train,4,0.0011316788893384
S23230,28,3,2025-11-13,57,27,0.0,train,4,0.0024546495646633
S23358,28,16,2025-11-13,26,16,0.0,train,4,0.0020013681588562
S23370,28,8,2025-11-13,55,17,0.0,train,4,0.0014830447540762
S23373,28,8,2025-11-13,32,27,0.0,train,4,0.001525591558105
S23417,28,23,2025-11-13,38,11,0.0,train,4,0.0014391522227682
S23418,28,6,2025-11-13,57,14,0.0,train,4,0.002354402771419
S23647,28,19,2025-11-13,43,15,0.0,train,4,0.0022959795111198
S23648,28,15,2025-11-13,54,26,0.0,train,4,0.0027089756566643
S23650,28,16,2025-11-13,51,25,0.0,train,4,0.0018997503994539
S23651,28,21,2025-11-13,39,24,0.0,train,4,0.0024667861564484
S23652,28,14,2025-11-13,27,20,0.0,train,4,0.0018829305980809
S23653,28,20,2025-11-13,22,25,0.0,train,4,0.0027460519874128
S23654,28,18,2025-11-13,56,21,0.0,train,4,0.0029457099998862
S23655,28,21,2025-11-13,54,23,0.0,train,4,0.0024252625012433
S23658,28,25,2025-11-13,42,30,0.0,train,4,0.0022131530443383
S23659,28,21,2025-11-13,52,29,0.0,train,4,0.0023755329285623
S23666,28,3,2025-11-13,58,21,0.0,train,4,0.0019889659342135
S23669,28,6,2025-11-13,61,18,0.0,train,4,0.0017568948485677
S23670,28,5,2025-11-13,26,17,0.0,train,4,0.0008604065688383
S23673,28,8,2025-11-13,55,27,0.0,train,4,0.0018510154271349
S23676,28,5,2025-11-13,43,13,0.0,train,4,0.0008318256197962
S23678,28,6,2025-11-13,37,21,0.0,train,4,0.0020067875443361
S23681,28,8,2025-11-13,34,12,0.0,train,4,0.0016998833105729
S23682,28,10,2025-11-13,53,14,0.0,train,4,0.0013064997178191
S23683,28,5,2025-11-13,42,19,0.0,train,4,0.0005163173338585
S23684,28,24,2025-11-13,32,20,0.0,train,4,0.0017160607165076
S23685,28,8,2025-11-13,54,16,0.0,train,4,0.0014825369514274
S23686,28,10,2025-11-13,27,20,0.0,train,4,0.0014793523271056
S23687,28,12,2025-11-13,53,27,0.0,train,4,0.0019232317396746
S23688,28,14,2025-11-13,53,26,0.0,train,4,0.0012893080556633
S23740,28,8,2025-11-13,48,12,0.0,train,4,0.0021835553808769
S23854,28,19,2025-11-13,34,14,0.0,train,4,0.0027951524587687
S23856,28,19,2025-11-13,53,18,0.0,train,4,0.0030208935251438
S23859,28,23,2025-11-13,34,17,0.0,train,4,0.0029577720016214
S23860,28,24,2025-11-13,62,26,0.0,train,4,0.0015453089917826
S23861,28,21,2025-11-13,19,19,0.0,train,4,0.0023507989825251
S23863,28,10,2025-11-13,36,18,0.0,train,4,0.0015586975460919
S23864,28,5,2025-11-13,55,21,0.0,train,4,0.0005970534523401
S23865,28,12,2025-11-13,21,24,0.0033756477915656,train,4,0.0013945323903965
S23866,28,3,2025-11-13,18,20,0.0,train,4,0.0021974007983222
S23868,28,6,2025-11-13,25,14,0.0,train,4,0.0012258959852193
S23871,28,6,2025-11-13,30,19,0.0,train,4,0.0020653764347758
S23872,28,3,2025-11-13,40,12,0.0,train,4,0.0015946085912951
S23873,28,4,2025-11-13,42,17,0.0,train,4,0.0012784313030159
S24160,28,4,2025-11-13,26,17,0.0,train,4,0.0012849243961278
S24366,28,23,2025-11-13,25,20,0.0,train,4,0.00270192787394
S24367,28,22,2025-11-13,27,23,0.0,train,4,0.0023904297288036
S24368,28,21,2025-11-13,59,24,0.0,train,4,0.0025204561360428
S24371,28,16,2025-11-13,26,21,0.0,train,4,0.0020267820466291
S24372,28,15,2025-11-13,17,25,0.0027745212973817,train,4,0.0027745408761138
S24373,28,16,2025-11-13,52,21,0.0,train,4,0.0020973572059251
S24377,28,4,2025-11-13,31,29,0.0,train,4,0.0015994614178476
S24378,28,2,2025-11-13,44,16,0.0,train,4,0.0020814442570866
S24639,28,24,2025-11-13,58,28,0.0,train,4,0.0022376622062232
S24640,28,20,2025-11-13,21,18,0.0040737871876524,train,4,0.0024787142966941
S24644,28,15,2025-11-13,29,21,0.0,train,4,0.0027942297939886
S24647,28,19,2025-11-13,19,23,0.0,train,4,0.0028452940685245
S24648,28,16,2025-11-13,46,15,0.0,train,4,0.0022176464475558
S24660,28,5,2025-11-13,55,23,0.0,train,4,0.0009984050266034
S24661,28,3,2025-11-13,55,29,0.0,train,4,0.0019366238472108
S24685,28,14,2025-11-13,17,16,0.0,train,4,0.0024341944270645
S24686,28,20,2025-11-13,44,11,0.0,train,4,0.002461817312411
S24687,28,22,2025-11-13,52,12,0.0,train,4,0.0017372672574818
S24688,28,8,2025-11-13,26,13,0.0,train,4,0.0016292095908305
S24689,28,6,2025-11-13,47,31,0.0020961177537377,train,4,0.0016828351530038
S24986,28,19,2025-11-13,42,17,0.0,train,4,0.0024849820774513
S24987,28,25,2025-11-13,16,22,0.0,train,4,0.002322585279334
S24988,28,23,2025-11-13,32,19,0.0,train,4,0.0027693345579442
S24989,28,21,2025-11-13,49,24,0.0,train,4,0.0027670771875664
S24992,28,3,2025-11-13,34,13,0.0,train,4,0.0016954304983989
S24993,28,8,2025-11-13,33,13,0.0,train,4,0.001484619073359
S25154,28,12,2025-11-13,52,26,0.0,train,4,0.0013858207155914
S25155,28,8,2025-11-13,41,13,0.0,train,4,0.0013974427208925
S25243,28,14,2025-11-13,55,18,0.0,train,4,0.0013030054097134
S25533,28,25,2025-11-13,17,27,0.0,train,4,0.0024138191189385
S25598,28,21,2025-11-13,29,22,0.0,train,4,0.0028330054574044
S25601,28,20,2025-11-13,59,20,0.0,train,4,0.0029161843666394
S25603,28,15,2025-11-13,33,25,0.0,train,4,0.0031044419336085
S25604,28,21,2025-11-13,47,23,0.0,train,4,0.0026326912063529
S25606,28,5,2025-11-13,18,18,0.0,train,4,0.0009146752357903
S25607,28,12,2025-11-13,21,18,0.0,train,4,0.0008899325180396
S25822,28,6,2025-11-13,32,13,0.0,train,4,0.0017491029720352
S25824,28,24,2025-11-13,16,21,0.0,train,4,0.0022316831360182
S25825,28,21,2025-11-13,30,22,0.0,train,4,0.0022477182524749
S25827,28,2,2025-11-13,54,15,0.0,train,4,0.0022135257151929
S26183,28,3,2025-11-13,57,29,0.0,train,4,0.002084231454587
S26396,28,16,2025-11-13,18,21,0.0,train,4,0.0020676724681198
S26443,28,16,2025-11-13,54,17,0.0,train,4,0.0019388874124426
S26445,28,24,2025-11-13,53,29,0.0,train,4,0.0021077696292077
S26448,28,8,2025-11-13,51,29,0.0,train,4,0.0018119325572323
S26452,28,5,2025-11-13,41,24,0.0,train,4,0.0013907823102128
S26454,28,15,2025-11-13,41,28,0.0,train,4,0.0027343920794169
S26592,28,15,2025-11-13,49,12,0.0,train,4,0.0014850428384729
S26593,28,20,2025-11-13,13,19,0.0,train,4,0.001595031003032
S26595,28,25,2025-11-13,57,14,0.0,train,4,0.0010171097845546
S26943,28,24,2025-11-13,40,19,0.0120007437080607,train,4,0.0014236058026829
S26947,28,23,2025-11-13,40,25,0.0049731081926203,train,4,0.0021702598294558
S26948,28,20,2025-11-13,37,23,0.0157114787903547,train,4,0.0028687441299258
S26950,28,15,2025-11-13,36,12,0.0,train,4,0.0028299831888422
S26954,28,20,2025-11-13,48,29,0.002539108400004,train,4,0.0027374267955318
S26958,28,18,2025-11-13,37,25,0.0098944607444237,train,4,0.0028088111691564
S26959,28,21,2025-11-13,15,25,0.0099696347392624,train,4,0.0026046941447134
S26960,28,15,2025-11-13,47,13,0.0036432676518883,train,4,0.0021585295363257
S26962,28,19,2025-11-13,50,23,0.0107855122575791,train,4,0.0029992505669774
S26972,28,16,2025-11-13,32,18,0.003747634164549,train,4,0.002194735489318
S26976,28,3,2025-11-13,33,28,0.0088855175513873,train,4,0.0012187185466854
S26977,28,2,2025-11-13,40,12,0.0037926192729159,train,4,0.0020938323795649
S27234,28,14,2025-11-13,43,11,0.0,train,4,0.0022472801045127
S27293,28,23,2025-11-13,39,30,0.0,train,4,0.0026151505210767
S27295,28,25,2025-11-13,48,15,0.0,train,4,0.0022296872169982
S27351,28,22,2025-11-13,31,17,0.0,train,4,0.0027739553619962
S27360,28,15,2025-11-13,32,31,0.0,train,4,0.002928641409264
S27361,28,14,2025-11-13,48,13,0.0,train,4,0.0022533337012209
S27362,28,8,2025-11-13,37,18,0.0,train,4,0.0019123791062097
S27364,28,6,2025-11-13,24,17,0.0,train,4,0.0018075911947739
S27433,28,19,2025-11-13,57,16,0.0,train,4,0.0030293127897689
S27435,28,5,2025-11-13,27,17,0.0,train,4,0.0009429891223563
S27436,28,4,2025-11-13,43,21,0.0,train,4,0.0014702517804679
S27437,28,6,2025-11-13,62,18,0.0,train,4,0.0015158265436556
S27439,28,3,2025-11-13,34,20,0.0,train,4,0.0015222687211513
S27440,28,6,2025-11-13,38,19,0.0,train,4,0.0012024161863084
S27441,28,6,2025-11-13,33,25,0.0,train,4,0.0018500904191655
S27442,28,5,2025-11-13,53,26,0.0,train,4,0.0009349989837912
S27444,28,8,2025-11-13,26,14,0.0,train,4,0.0013639099389935
S27445,28,6,2025-11-13,31,18,0.0052798759176041,train,4,0.001431911404335
S27447,28,8,2025-11-13,36,18,0.0,train,4,0.0016565545464746
S27449,28,14,2025-11-13,54,25,0.0,train,4,0.0022694850409721
S27859,28,21,2025-11-13,30,12,0.0,train,4,0.0017593053899661
S28071,28,12,2025-11-13,43,16,0.0,train,4,0.0012747199469554
S28334,28,12,2025-11-13,29,18,0.0,train,4,0.0010563662078159
S28409,28,15,2025-11-13,46,23,0.0,train,4,0.0031779814041627
S28410,28,25,2025-11-13,38,30,0.0,train,4,0.0016714972465954
S28412,28,24,2025-11-13,39,28,0.0,train,4,0.0018599212915028
S28418,28,5,2025-11-13,54,23,0.0,train,4,0.0006464453320015
S28464,28,12,2025-11-13,64,20,0.0,train,4,0.002816598323119
S28465,28,15,2025-11-13,43,28,0.0,train,4,0.0029239115956202
S28466,28,25,2025-11-13,22,16,0.0,train,4,0.0017715706187768
S28471,28,25,2025-11-13,58,21,0.0,train,4,0.0021501285127556
S28526,28,3,2025-11-13,38,11,0.0,train,4,0.0012170212528771
S28822,28,25,2025-11-13,42,20,0.0,train,4,0.0024525224961383
S28823,28,23,2025-11-13,57,26,0.0,train,4,0.0021973079177392
S28824,28,6,2025-11-13,38,24,0.0,train,4,0.0018481073990644
S28825,28,12,2025-11-13,37,22,0.0,train,4,0.0014346571209426
S28869,28,25,2025-11-13,56,26,0.0,train,4,0.0021502351196989
S29165,28,8,2025-11-13,49,15,0.006985929747129,train,4,0.0011376847759566
S29166,28,16,2025-11-13,42,21,0.0093755895114129,train,4,0.0022110306692132
S29167,28,22,2025-11-13,32,24,0.0,train,4,0.0030033604429571
S29170,28,22,2025-11-13,28,22,0.0206035983749274,train,4,0.0023176978469929
S29176,28,25,2025-11-13,42,21,0.0149453284571914,train,4,0.0011682288318407
S29178,28,2,2025-11-13,24,22,0.0233847138313289,train,4,0.0021497688417518
S29180,28,3,2025-11-13,35,29,0.0091000016021129,train,4,0.0018297131009826
S29181,28,6,2025-11-13,39,22,0.0126492949990513,train,4,0.0008423664019776
S29183,28,8,2025-11-13,32,13,0.0033602423160656,train,4,0.0013126705644066
S29184,28,12,2025-11-13,61,27,0.0046167279753279,train,4,0.0007728953706712
S29203,28,16,2025-11-13,36,23,0.0,train,4,0.0022849413904437
S29204,28,19,2025-11-13,49,14,0.0,train,4,0.0026040517342133
S29206,28,12,2025-11-13,30,18,0.0,train,4,0.0006487081323542
S29208,28,16,2025-11-13,44,23,0.0,train,4,0.0027391068353585
S29209,28,16,2025-11-13,35,17,0.0,train,4,0.0023206518957438
S29235,28,23,2025-11-13,54,13,0.010624122672633,train,4,0.0017038575194487
S29295,28,21,2025-11-13,29,27,0.0,train,4,0.0023976191961941
S29297,28,19,2025-11-13,24,20,0.0023761031907671,train,4,0.0026226614097206
S29299,28,18,2025-11-13,48,15,0.0,train,4,0.0029674522276808
S29300,28,24,2025-11-13,48,19,0.0071457326892109,train,4,0.002189600668441
S29301,28,21,2025-11-13,54,29,0.0,train,4,0.0024542250304986
S29302,28,21,2025-11-13,36,31,0.0047645753344549,train,4,0.002379560528841
S29303,28,16,2025-11-13,59,19,0.0,train,4,0.0023829503532085
S29304,28,18,2025-11-13,52,22,0.002355260476644,train,4,0.0023178304871047
S29306,28,24,2025-11-13,52,17,0.0,train,4,0.0023320348842354
S29307,28,8,2025-11-13,24,15,0.0,train,4,0.0017225837466668
S29308,28,8,2025-11-13,30,20,0.0,train,4,0.0021025448422299
S29309,28,8,2025-11-13,37,16,0.0,train,4,0.0012632920601727
S29311,28,10,2025-11-13,30,22,0.0,train,4,0.001399419622957
S29313,28,2,2025-11-13,37,30,0.0023356360731237,train,4,0.0019422955423206
S29314,28,5,2025-11-13,48,14,0.0,train,4,0.0017202545465663
S29316,28,6,2025-11-13,29,19,0.0095160139963908,train,4,0.0016796985395082
S29317,28,2,2025-11-13,51,21,0.0,train,4,0.002232713558633
S29319,28,4,2025-11-13,53,23,0.0,train,4,0.0010982671903104
S29321,28,6,2025-11-13,44,21,0.0,train,4,0.001887630039939
S29322,28,4,2025-11-13,58,28,0.0,train,4,0.0028135367145012
S29323,28,4,2025-11-13,16,23,0.0023269751196261,train,4,0.0011993742765125
S29349,28,10,2025-11-13,55,27,0.0,train,4,0.0027109040760968
S29371,28,24,2025-11-13,26,12,0.0,train,4,0.0013957375987785
S30025,28,21,2025-11-13,44,28,0.0,train,4,0.0023427529785977
S30026,28,25,2025-11-13,47,27,0.0,train,4,0.0024063646928473
S30027,28,23,2025-11-13,47,16,0.0,train,4,0.0024495337218526
S30028,28,24,2025-11-13,28,30,0.0,train,4,0.0016394432289791
S30030,28,24,2025-11-13,29,27,0.0,train,4,0.0020094848235541
S30031,28,18,2025-11-13,52,19,0.0,train,4,0.0029357852039941
S30034,28,14,2025-11-13,43,21,0.0,train,4,0.0025249134219579
S30035,28,25,2025-11-13,65,19,0.0,train,4,0.0017341688829376
S30049,28,23,2025-11-13,33,20,0.0,train,4,0.0028547306874861
S30056,28,8,2025-11-13,48,20,0.0,train,4,0.0022933058282805
S30058,28,10,2025-11-13,48,24,0.0,train,4,0.0020854223869245
S30059,28,8,2025-11-13,28,18,0.0,train,4,0.001353610502271
S30060,28,8,2025-11-13,65,20,0.0,train,4,0.0021014043500097
S30065,28,24,2025-11-13,29,19,0.0,train,4,0.002327867639228
S30066,28,6,2025-11-13,19,27,0.0,train,4,0.0020772089529397
S30067,28,3,2025-11-13,58,20,0.0,train,4,0.0023268483581146
S30068,28,5,2025-11-13,47,29,0.0,train,4,0.0008860043133279
S30069,28,2,2025-11-13,51,18,0.0,train,4,0.0021714530096749
S30071,28,6,2025-11-13,54,20,0.0,train,4,0.0017537351596647
S30072,28,6,2025-11-13,49,25,0.0,train,4,0.0016025574108339
S30073,28,3,2025-11-13,26,21,0.0,train,4,0.0017443323618714
S30074,28,10,2025-11-13,26,16,0.0,train,4,0.0014043850249358
S30107,28,25,2025-11-13,28,12,0.0,train,4,0.0009077870214762
S30109,28,4,2025-11-13,53,30,0.0,train,4,0.001736240351173
S30112,28,21,2025-11-13,59,15,0.0,train,4,0.0022339782622653
S30270,28,21,2025-11-13,32,12,0.0034767036372475,train,4,0.0020569086840522
S30271,28,23,2025-11-13,50,25,0.0061925842068632,train,4,0.0027886382918164
S30277,28,18,2025-11-13,35,21,0.0081665516448125,train,4,0.0028126415773565
S30278,28,18,2025-11-13,38,19,0.0141139169669361,train,4,0.0028952572274516
S30279,28,22,2025-11-13,18,22,0.0203115182042492,train,4,0.0025979373489156
S30280,28,24,2025-11-13,38,31,0.0091117577842445,train,4,0.0024046385293489
S30282,28,22,2025-11-13,35,18,0.0048821457865706,train,4,0.0023593412893139
S30283,28,18,2025-11-13,37,26,0.0146796849184328,train,4,0.0028681715106712
S30284,28,19,2025-11-13,17,20,0.0145673842275824,train,4,0.0029358845584695
S30289,28,5,2025-11-13,35,30,0.0,train,4,0.0013911350287488
S30291,28,2,2025-11-13,38,25,0.0125397386082656,train,4,0.002062892947296
S30292,28,6,2025-11-13,36,21,0.0,train,4,0.001567407963958
S30294,28,3,2025-11-13,31,19,0.0142920047807762,train,4,0.0017792091909037
S30876,28,15,2025-11-13,39,27,0.0165862209482056,train,4,0.003022394498782
S31088,28,21,2025-11-13,23,21,0.0,train,4,0.002539895100105
S31090,28,25,2025-11-13,24,29,0.0,train,4,0.0017549021941553
S31093,28,3,2025-11-13,38,14,0.0,train,4,0.0016759035650767
S31094,28,3,2025-11-13,16,21,0.0,train,4,0.0018843947532785
S31095,28,2,2025-11-13,15,24,0.0,train,4,0.0026708353295851
S31096,28,4,2025-11-13,33,25,0.0,train,4,0.0015316913068279
S31097,28,8,2025-11-13,43,24,0.0,train,4,0.0016051720300426
S31098,28,4,2025-11-13,27,19,0.0,train,4,0.0013996397092012
S31100,28,5,2025-11-13,18,23,0.0,train,4,0.0009963380904349
S31102,28,8,2025-11-13,51,25,0.0,train,4,0.0018079017955027
S31106,28,2,2025-11-13,38,17,0.0,train,4,0.0020520755833191
S31111,28,10,2025-11-13,50,17,0.0,train,4,0.0014553437256859
S31609,28,4,2025-11-13,25,13,0.0064671858632782,train,4,0.0017891268851127
S31643,28,18,2025-11-13,50,27,0.0,train,4,0.0027413778009744
S31646,28,18,2025-11-13,53,19,0.0,train,4,0.0030216820382999
S31647,28,23,2025-11-13,22,19,0.0,train,4,0.0022785874892411
S31648,28,4,2025-11-13,59,26,0.0113801591390463,train,4,0.0023713768302288
S31649,28,2,2025-11-13,36,28,0.0,train,4,0.0020313509565261
S31650,28,6,2025-11-13,49,14,0.0,train,4,0.0018431451843408
S31651,28,10,2025-11-13,37,22,0.0,train,4,0.0024105116401773
S31652,28,2,2025-11-13,33,24,0.0,train,4,0.0017769743942221
S31653,28,10,2025-11-13,49,15,0.0,train,4,0.0017767201423683
S31655,28,14,2025-11-13,23,28,0.0,train,4,0.002258122960119
S31675,28,25,2025-11-13,38,14,0.0,train,4,0.0021244739732766
S31811,28,12,2025-11-13,47,22,0.0,train,4,0.0013895389805128
S31812,28,14,2025-11-13,53,18,0.0,train,4,0.0017428722586828
S31814,28,12,2025-11-13,30,20,0.0,train,4,0.0009743752668358
S31815,28,10,2025-11-13,37,30,0.0,train,4,0.002599756064407
S31831,28,24,2025-11-13,63,26,0.0,train,4,0.001986982039149
S31832,28,18,2025-11-13,25,30,0.0,train,4,0.0011641496523995
S31834,28,8,2025-11-13,46,31,0.0,train,4,0.001957780987891
S31836,28,5,2025-11-13,34,32,0.0,train,4,0.001887789922548
S31838,28,18,2025-11-13,18,28,0.0,train,4,0.0015423175736956
S32008,28,15,2025-11-13,26,14,0.0022014918761849,train,4,0.0025543978500989
S32009,28,15,2025-11-13,65,22,0.0,train,4,0.0030612126084113
S32012,28,16,2025-11-13,56,25,0.0,train,4,0.0022139234533092
S32014,28,20,2025-11-13,40,31,0.0,train,4,0.0027298952285531
S32015,28,16,2025-11-13,46,30,0.0,train,4,0.0024140447726835
S32016,28,21,2025-11-13,20,16,0.0,train,4,0.0025109860568481
S32017,28,21,2025-11-13,40,20,0.0,train,4,0.0026527394074964
S32019,28,20,2025-11-13,53,28,0.0022078585548966,train,4,0.0026956952190321
S32021,28,25,2025-11-13,19,27,0.0,train,4,0.0021049990215587
S32022,28,25,2025-11-13,41,23,0.0,train,4,0.0020100392449117
S32024,28,25,2025-11-13,64,25,0.0,train,4,0.0013825532589017
S32025,28,25,2025-11-13,47,26,0.0022055658363621,train,4,0.0018501439454773
S32026,28,19,2025-11-13,31,16,0.0022415558291726,train,4,0.0027944622133593
S32028,28,6,2025-11-13,35,27,0.0,train,4,0.0013594496556725
S32030,28,6,2025-11-13,57,17,0.0,train,4,0.0016926291537887
S32031,28,2,2025-11-13,60,23,0.0,train,4,0.0021370471422261
S32032,28,2,2025-11-13,28,28,0.0,train,4,0.0017489116415498
S32035,28,5,2025-11-13,59,20,0.0,train,4,0.0007149386094546
S32036,28,2,2025-11-13,34,21,0.0,train,4,0.0021665800649082
S32037,28,10,2025-11-13,26,17,0.0,train,4,0.0010616045357429
S32147,28,21,2025-11-13,16,26,0.0087418429986104,train,4,0.0019849080432265
S32199,28,15,2025-11-13,41,32,0.0,train,4,0.0022478933788546
S32200,28,5,2025-11-13,40,11,0.0,train,4,0.0008284767247593
S32214,28,19,2025-11-13,51,18,0.0026987255716465,train,4,0.0029413431555367
S32215,28,15,2025-11-13,47,22,0.0027566086503155,train,4,0.0031188961815345
S32216,28,15,2025-11-13,54,16,0.0,train,4,0.0028617304938147
S32217,28,18,2025-11-13,30,26,0.0,train,4,0.0028990816935195
S32220,28,25,2025-11-13,40,25,0.0,train,4,0.0022670378575194
S32223,28,2,2025-11-13,40,18,0.0,train,4,0.0019897434270098
S32224,28,8,2025-11-13,50,25,0.0,train,4,0.0010645393591614
S32225,28,12,2025-11-13,31,20,0.0,train,4,0.0012346983524206
S32464,28,14,2025-11-13,44,26,0.0,train,4,0.0019887017674382
S32908,28,19,2025-11-13,43,24,0.0,train,4,0.003165037149806
S32910,28,21,2025-11-13,63,25,0.0,train,4,0.0026830357221119
S32911,28,20,2025-11-13,41,19,0.0,train,4,0.0028463855636398
S32912,28,25,2025-11-13,22,25,0.0025737026622546,train,4,0.0018134361023329
S32915,28,18,2025-11-13,19,21,0.0,train,4,0.0027303675188504
S32916,28,24,2025-11-13,33,17,0.0025515835733464,train,4,0.0018196564809918
S32917,28,18,2025-11-13,36,30,0.0,train,4,0.0027219211892319
S32918,28,18,2025-11-13,61,19,0.0,train,4,0.002940591155787
S32920,28,23,2025-11-13,20,21,0.0,train,4,0.0025096049282464
S32921,28,5,2025-11-13,46,25,0.0,train,4,0.000589665750743
S32923,28,6,2025-11-13,31,16,0.0,train,4,0.0012058916621194
S33070,28,10,2025-11-13,23,30,0.0,train,4,0.0010437518644685
S33100,28,21,2025-11-13,37,25,0.0025672813678392,train,4,0.0023361610130132
S33616,28,16,2025-11-13,45,23,0.0,train,4,0.0024385164215208
S33617,28,21,2025-11-13,21,15,0.0,train,4,0.0024808218797219
S33618,28,25,2025-11-13,34,21,0.0,train,4,0.0019419281807622
S33619,28,25,2025-11-13,41,15,0.0,train,4,0.0026140227410514
S33626,28,12,2025-11-13,54,28,0.0,train,4,0.0015772343452469
S33646,28,8,2025-11-13,52,14,0.0,train,4,0.0015387908926367
S33648,28,20,2025-11-13,33,12,0.0,train,4,0.0025720289171075
S33650,28,15,2025-11-13,52,27,0.0,train,4,0.0029254769735588
S33652,28,12,2025-11-13,35,24,0.0,train,4,0.0011557031410484
S33656,28,15,2025-11-13,34,30,0.0,train,4,0.0029190126214821
S33658,28,3,2025-11-13,47,29,0.0,train,4,0.0022136913254801
S33660,28,8,2025-11-13,51,14,0.0,train,4,0.0015132423076906
S33663,28,2,2025-11-13,55,14,0.0,train,4,0.0021440292029188
S33665,28,6,2025-11-13,19,21,0.0,train,4,0.0012788215008281
S33666,28,8,2025-11-13,21,28,0.0,train,4,0.0017103635937729
S33667,28,2,2025-11-13,42,21,0.0,train,4,0.0024182175036669
S33673,28,18,2025-11-13,44,28,0.0,train,4,0.0029059721045291
S33677,28,12,2025-11-13,40,19,0.0,train,4,0.0012638129595957
S33844,28,21,2025-11-13,22,14,0.0,train,4,0.0012356773285684
S33845,28,18,2025-11-13,46,31,0.0,train,4,0.002794495088564
S33948,28,6,2025-11-13,33,20,0.0,train,4,0.0019899228517003
S34110,28,16,2025-11-13,22,25,0.0,train,4,0.0020162690432839
S34112,28,15,2025-11-13,31,20,0.0,train,4,0.0030625707156502
S34113,28,20,2025-11-13,32,29,0.0,train,4,0.0025655693047618
S34115,28,21,2025-11-13,53,26,0.0,train,4,0.0025599795845022
S34116,28,3,2025-11-13,28,18,0.0,train,4,0.0020072786456134
S34117,28,2,2025-11-13,43,16,0.0,train,4,0.0020566086461743
S34118,28,4,2025-11-13,45,23,0.0,train,4,0.0012837627388884
S34119,28,2,2025-11-13,33,27,0.0,train,4,0.0024945837843697
S34121,28,4,2025-11-13,43,14,0.0,train,4,0.0011637040870741
S34122,28,10,2025-11-13,44,14,0.0,train,4,0.0019028739893113
S34278,28,21,2025-11-13,35,13,0.0,train,4,0.0024400261098997
S34282,28,18,2025-11-13,45,28,0.0,train,4,0.0020801670627366
S34284,28,16,2025-11-13,40,18,0.0,train,4,0.0023185693297947
S34285,28,21,2025-11-13,48,24,0.0,train,4,0.0026510321780508
S34300,28,5,2025-11-13,28,20,0.0,train,4,0.0006524606167798
S34301,28,8,2025-11-13,41,30,0.0,train,4,0.0020845230278359
S34302,28,5,2025-11-13,33,15,0.0,train,4,0.0009731872365078
S34303,28,3,2025-11-13,53,17,0.0,train,4,0.002065374707815
S34304,28,2,2025-11-13,47,19,0.003592000751646,train,4,0.0017554515135091
S34444,28,10,2025-11-13,47,24,0.0,train,4,0.0012510253755365
S34834,28,16,2025-11-13,27,19,0.0,train,4,0.0021381460061529
S34835,28,16,2025-11-13,50,28,0.0,train,4,0.0019102718515059
S34838,28,16,2025-11-13,32,29,0.0,train,4,0.0017371141933204
S34839,28,15,2025-11-13,62,26,0.0,train,4,0.0029708011940799
S34840,28,18,2025-11-13,18,26,0.0,train,4,0.0019797506737385
S34842,28,18,2025-11-13,39,14,0.0,train,4,0.0028566615736411
S34844,28,21,2025-11-13,19,16,0.0,train,4,0.0025690067689299
S34845,28,5,2025-11-13,27,18,0.0,train,4,0.0005605303241114
S34846,28,4,2025-11-13,17,26,0.0,train,4,0.002376199434283
S34848,28,21,2025-11-13,30,21,0.0,train,4,0.0025556418721169
S34849,28,2,2025-11-13,33,30,0.0,train,4,0.0021689968241697
S34850,28,4,2025-11-13,39,24,0.0039863965221297,train,4,0.0009972112121355
S34851,28,6,2025-11-13,24,26,0.0,train,4,0.0014021358539089
S34852,28,6,2025-11-13,48,22,0.0,train,4,0.0020155998222115
S34853,28,5,2025-11-13,57,27,0.0,train,4,0.001079904808209
S34854,28,10,2025-11-13,20,28,0.0,train,4,0.0027358815904927
S34995,28,14,2025-11-13,56,28,0.0,train,4,0.0021504023940879
S35013,28,25,2025-11-13,36,11,0.0,train,4,0.0008792237457279
S35239,28,18,2025-11-13,24,14,0.0125361133585957,train,4,0.0020890999593787
S35240,28,15,2025-11-13,18,27,0.017455592726251,train,4,0.0030166645651303
S35243,28,16,2025-11-13,17,24,0.0205852834817517,train,4,0.001632199070703
S35245,28,14,2025-11-13,53,21,0.0095605650736399,train,4,0.002012092719657
S35246,28,16,2025-11-13,29,30,0.0344530893195015,train,4,0.0021283206134856
S35247,28,20,2025-11-13,47,23,0.0173784852254902,train,4,0.0029507591726403
S35248,28,15,2025-11-13,20,21,0.0196374383613604,train,4,0.0030085550886203
S35250,28,18,2025-11-13,40,15,0.0322189174962335,train,4,0.0030229845158055
S35251,28,21,2025-11-13,52,26,0.0287254179490514,train,4,0.0023879736078235
S35252,28,22,2025-11-13,30,13,0.0,train,4,0.0024194562578237
S35253,28,22,2025-11-13,52,27,0.0291535783524415,train,4,0.0020646830670731
S35255,28,19,2025-11-13,33,21,0.0012118197533934,train,4,0.0026780865530893
S35256,28,16,2025-11-13,54,23,0.0073538115530303,train,4,0.0019166108391674
S35258,28,24,2025-11-13,28,13,0.0215967496240002,train,4,0.0016195838800874
S35259,28,4,2025-11-13,34,19,0.018102388084005,train,4,0.0013234398236698
S35261,28,6,2025-11-13,37,20,0.0170007525484025,train,4,0.0010719091986179
S35262,28,2,2025-11-13,58,20,0.0012272332187586,train,4,0.0020781221402749
S35264,28,3,2025-11-13,33,31,0.0217411825379831,train,4,0.0025691655931989
S35380,28,20,2025-11-13,16,21,0.0,train,4,0.0026980289890457
S35394,28,10,2025-11-13,47,27,0.0,train,4,0.001757687543782
S35396,28,10,2025-11-13,15,21,0.0,train,4,0.0013001017557072
S35401,28,5,2025-11-13,57,17,0.0,train,4,0.0009818382343738
S35751,28,19,2025-11-13,31,30,0.0019723161420385,train,4,0.0025217055011115
S35753,28,19,2025-11-13,23,18,0.0,train,4,0.0025884754174103
S35754,28,15,2025-11-13,25,14,0.0040286626785337,train,4,0.002657970878864
S35756,28,22,2025-11-13,51,13,0.0,train,4,0.0028177652560466
S35757,28,20,2025-11-13,41,24,0.0039589606334337,train,4,0.0030368410156289
S35758,28,20,2025-11-13,41,20,0.0040473136668091,train,4,0.0028961129498399
S35760,28,25,2025-11-13,42,23,0.0,train,4,0.0021342173568557
S35761,28,24,2025-11-13,52,22,0.0020197094381794,train,4,0.0023815714699016
S35764,28,10,2025-11-13,50,15,0.0019866014325914,train,4,0.0012495142698924
S36084,28,15,2025-11-13,29,27,0.0,train,4,0.0029600652894942
S36086,28,10,2025-11-13,39,27,0.0,train,4,0.0020733010209523
S36260,28,16,2025-11-13,49,26,0.0,train,4,0.0018774955912457
S36264,28,3,2025-11-13,17,22,0.0,train,4,0.0011240149138289
S36266,28,5,2025-11-13,24,24,0.0,train,4,0.0005981423018207
S36636,28,12,2025-11-13,64,24,0.0,train,4,0.0023481165561621
S36637,28,14,2025-11-13,48,19,0.0,train,4,0.0013686050602707
S36639,28,14,2025-11-13,31,15,0.0,train,4,0.0013600964092775
S36650,28,15,2025-11-13,61,21,0.0,train,4,0.0029758514680078
S36651,28,18,2025-11-13,49,29,0.0,train,4,0.0027179252116986
S36652,28,21,2025-11-13,58,21,0.0,train,4,0.0027354060115726
S36655,28,20,2025-11-13,41,30,0.0,train,4,0.002674327162218
S36657,28,18,2025-11-13,22,18,0.0,train,4,0.0026903693084058
S36659,28,19,2025-11-13,52,29,0.0,train,4,0.0026234250281057
S36661,28,6,2025-11-13,40,14,0.0,train,4,0.001468306043996
S36662,28,5,2025-11-13,41,19,0.0,train,4,0.0005149305779056
S36667,28,5,2025-11-13,35,20,0.0,train,4,0.0008828990194548
S36668,28,16,2025-11-13,21,23,0.0,train,4,0.0019632619203179
S36882,28,15,2025-11-13,59,28,0.0,train,4,0.0022690795669165
S36883,28,2,2025-11-13,29,12,0.0,train,4,0.0008971088337557
S37002,28,23,2025-11-13,50,26,0.0,train,4,0.0021669635093903
S37003,28,25,2025-11-13,26,21,0.0,train,4,0.0017679246825358
S37007,28,3,2025-11-13,16,23,0.0,train,4,0.0018073162501533
S37008,28,5,2025-11-13,30,16,0.0,train,4,0.0004507352419164
S37010,28,3,2025-11-13,41,28,0.0,train,4,0.0013123629363755
S37011,28,6,2025-11-13,22,20,0.0,train,4,0.0012229006856948
S37013,28,10,2025-11-13,45,23,0.0,train,4,0.001268765661979
S37017,28,10,2025-11-13,35,18,0.0,train,4,0.0011708107029806
S37019,28,12,2025-11-13,29,21,0.0,train,4,0.0007281096321606
S37155,28,24,2025-11-13,34,16,0.0,train,4,0.0023636344714258
S37156,28,25,2025-11-13,17,23,0.0,train,4,0.0018573289382946
S37159,28,25,2025-11-13,34,27,0.0,train,4,0.0020308389711801
S37160,28,15,2025-11-13,56,15,0.0,train,4,0.0028612068215389
S37161,28,24,2025-11-13,35,21,0.0,train,4,0.0013968991685316
S37167,28,12,2025-11-13,62,25,0.0,train,4,0.0029653415291815
S37169,28,14,2025-11-13,47,30,0.0,train,4,0.0020185393710358
S37170,28,8,2025-11-13,60,24,0.0,train,4,0.0011670135813221
S37172,28,4,2025-11-13,31,15,0.0,train,4,0.0009777828376112
S37178,28,12,2025-11-13,54,25,0.0,train,4,0.0014669736947597
S37179,28,2,2025-11-13,56,18,0.0,train,4,0.0020946329732018
S37194,28,2,2025-11-13,35,11,0.0,train,4,0.0023945438332094
S37195,28,3,2025-11-13,49,31,0.0,train,4,0.0019980185018804
S37709,28,14,2025-11-13,43,24,0.0,train,4,0.0020524479959912
S37711,28,12,2025-11-13,58,23,0.0,train,4,0.001306391138195
S37825,28,25,2025-11-13,22,29,0.0,train,4,0.0022713968263591
S37826,28,23,2025-11-13,40,31,0.0,train,4,0.0025242813934763
S38490,28,14,2025-11-13,15,21,0.0083327744618067,train,4,0.0017459808396324
S38492,28,22,2025-11-13,18,26,0.0027315646864196,train,4,0.0023649321681072
S38493,28,21,2025-11-13,15,21,0.0056818831384115,train,4,0.0024783491040798
S38498,28,3,2025-11-13,28,17,0.0067856128623544,train,4,0.0011921657075281
S38501,28,6,2025-11-13,41,14,0.0,train,4,0.0017284833841241
S38502,28,2,2025-11-13,26,17,0.0083451570383927,train,4,0.0014766796240251
S38503,28,10,2025-11-13,50,25,0.001361036030485,train,4,0.0019296646853953
S38580,28,22,2025-11-13,55,24,0.0,train,4,0.0028166268336792
S38595,28,14,2025-11-13,33,23,0.0,train,4,0.0016420646851589
S38597,28,14,2025-11-13,49,14,0.0,train,4,0.001639757128206
S38598,28,14,2025-11-13,24,14,0.0,train,4,0.000787817030172
S38600,28,24,2025-11-13,40,20,0.0,train,4,0.0027120030866249
S38669,28,20,2025-11-13,13,23,0.0,train,4,0.0019795687240075
S38671,28,24,2025-11-13,25,15,0.0,train,4,0.0016383628618648
S38672,28,23,2025-11-13,38,14,0.0,train,4,0.0020195441695633
S38674,28,12,2025-11-13,41,27,0.0,train,4,0.0014070372113983
S38675,28,3,2025-11-13,49,25,0.0,train,4,0.0023272706910819
S38676,28,6,2025-11-13,52,24,0.0,train,4,0.0016695347751901
S38680,28,8,2025-11-13,48,17,0.0,train,4,0.0012840822683723
S38828,28,25,2025-11-13,48,14,0.0,train,4,0.0019387231190857
S39072,28,15,2025-11-13,58,20,0.0,train,4,0.0025377723462862
S39074,28,19,2025-11-13,57,26,0.0,train,4,0.0029307237300692
S39075,28,20,2025-11-13,17,19,0.0,train,4,0.0026174504735009
S39077,28,20,2025-11-13,40,29,0.0,train,4,0.0025597492202014
S39080,28,2,2025-11-13,54,26,0.0,train,4,0.0020171872846278
S39081,28,22,2025-11-13,30,21,0.0,train,4,0.0022137537542056
S39083,28,4,2025-11-13,34,18,0.0,train,4,0.0012973909209767
S39084,28,4,2025-11-13,18,18,0.0,train,4,0.0016194936130003
S39085,28,2,2025-11-13,34,24,0.0,train,4,0.0020897062831433
S39086,28,12,2025-11-13,39,19,0.0,train,4,0.0010911183067342
S39232,28,21,2025-11-13,59,18,0.0,train,4,0.0025467243665005
S39233,28,18,2025-11-13,26,22,0.0,train,4,0.0030722098530699
S39234,28,24,2025-11-13,25,29,0.0,train,4,0.0020682587950317
S39235,28,4,2025-11-13,25,15,0.0,train,4,0.0013494655149514
S39236,28,3,2025-11-13,19,19,0.0,train,4,0.0021970970921297
S39237,28,4,2025-11-13,39,15,0.0,train,4,0.0011114525509379
S39239,28,4,2025-11-13,36,20,0.0,train,4,0.0013833319917754
S39241,28,5,2025-11-13,18,17,0.0,train,4,0.0010143274843405
S39242,28,5,2025-11-13,27,19,0.0,train,4,0.0014902038438714
S39244,28,6,2025-11-13,41,23,0.0,train,4,0.0018992547420145
S39246,28,24,2025-11-13,49,25,0.0,train,4,0.0020111111372417
S39248,28,12,2025-11-13,33,27,0.0,train,4,0.0011035091028511
S39249,28,12,2025-11-13,55,22,0.0,train,4,0.0010822512581752
S39292,28,18,2025-11-13,41,11,0.0,train,4,0.0015719017359131
S39337,28,12,2025-11-13,32,23,0.0,train,4,0.0014126381654436
S39672,28,21,2025-11-13,51,13,0.0,train,4,0.0024921942682465
S39676,28,14,2025-11-13,40,25,0.0,train,4,0.0019151062030136
S39681,28,4,2025-11-13,44,20,0.0,train,4,0.0013368406870121
S39682,28,5,2025-11-13,34,26,0.0,train,4,0.0011252392061744
S39683,28,2,2025-11-13,29,30,0.0,train,4,0.0025984901648492
S39741,28,18,2025-11-13,54,30,0.0,train,4,0.001713454520777
S39742,28,12,2025-11-13,34,32,0.0,train,4,0.0026882126294477
S39777,28,14,2025-11-13,60,17,0.0,train,4,0.0022509061619888
S39778,28,16,2025-11-13,58,18,0.0,train,4,0.0020220959482651
S39779,28,14,2025-11-13,23,26,0.0,train,4,0.0017754150457714
S39780,28,12,2025-11-13,39,31,0.0,train,4,0.0018764723444042
S39783,28,6,2025-11-13,22,24,0.0,train,4,0.0015993033287722
S39784,28,4,2025-11-13,20,17,0.0,train,4,0.0014402557859708
S39785,28,2,2025-11-13,25,19,0.0,train,4,0.0021596246856584
S39786,28,2,2025-11-13,33,13,0.0,train,4,0.0019812966788908
S40084,28,21,2025-11-13,22,22,0.0058234908136482,train,4,0.0024837019845534
S40086,28,21,2025-11-13,29,15,0.0,train,4,0.0022626537319239
S40087,28,21,2025-11-13,41,24,0.0,train,4,0.0027580213099152
S40088,28,24,2025-11-13,50,23,0.0,train,4,0.0018916368503091
S40093,28,3,2025-11-13,64,20,0.0,train,4,0.0021421706905762
S40095,28,10,2025-11-13,27,30,0.0019613646678111,train,4,0.0025356319811235
S40096,28,12,2025-11-13,57,17,0.0,train,4,0.0014270639245166
S40097,28,10,2025-11-13,13,22,0.0039004253582583,train,4,0.0017362716462113
S40586,28,24,2025-11-13,48,20,0.0,train,4,0.0022643597483714
S40588,28,23,2025-11-13,25,18,0.0021632868030799,train,4,0.0026233588540506
S40589,28,20,2025-11-13,56,22,0.0,train,4,0.0027941233236984
S40592,28,16,2025-11-13,56,15,0.0042645935765095,train,4,0.0021321105273727
S40593,28,15,2025-11-13,50,29,0.0,train,4,0.0027291116923139
S40594,28,21,2025-11-13,55,23,0.0021595362862928,train,4,0.002586958586375
S40597,28,15,2025-11-13,32,25,0.0021403409041971,train,4,0.0030703392640438
S40598,28,15,2025-11-13,31,18,0.0,train,4,0.0029516071121959
S40599,28,19,2025-11-13,52,24,0.0064790311436728,train,4,0.0028059698510794
S40601,28,24,2025-11-13,61,21,0.0,train,4,0.0024388129998406
S40614,28,22,2025-11-13,24,27,0.0,train,4,0.0022949935231856
S40623,28,2,2025-11-13,62,26,0.0,train,4,0.0026147330493925
S40624,28,3,2025-11-13,27,21,0.0,train,4,0.001063515864366
S40626,28,3,2025-11-13,16,24,0.0129751461988304,train,4,0.0024891131815133
S40884,28,5,2025-11-13,41,11,0.0,train,4,0.0012370157076128
S41234,28,23,2025-11-13,40,19,0.0,train,4,0.0023561107835574
S41236,28,24,2025-11-13,17,17,0.0,train,4,0.0018015477230023
S41237,28,23,2025-11-13,58,26,0.0,train,4,0.0023658612827608
S41238,28,25,2025-11-13,45,22,0.0,train,4,0.0024670112086078
S41239,28,15,2025-11-13,57,23,0.0,train,4,0.002711065954289
S41240,28,12,2025-11-13,38,21,0.0,train,4,0.0014384525637663
S41242,28,15,2025-11-13,20,24,0.0,train,4,0.0029663358493249
S41253,28,12,2025-11-13,37,28,0.0,train,4,0.001145493534232
S41259,28,5,2025-11-13,43,17,0.0,train,4,0.0008618762843426
S41260,28,6,2025-11-13,54,14,0.0,train,4,0.0017624964678634
S41261,28,3,2025-11-13,57,24,0.0,train,4,0.0013711406561207
S41332,28,5,2025-11-13,50,31,0.0,train,4,0.0014691463601207
S41587,28,15,2025-11-13,37,26,0.0054612984044657,train,4,0.0025295336833426
S41588,28,19,2025-11-13,29,23,0.0091389189228947,train,4,0.003067225501403
S41589,28,16,2025-11-13,43,25,0.0054252903676534,train,4,0.0021032034036891
S41592,28,18,2025-11-13,61,16,0.0,train,4,0.0026761446252622
S41593,28,21,2025-11-13,31,30,0.005333648129467,train,4,0.0022222156960592
S41594,28,18,2025-11-13,44,30,0.0106385255902562,train,4,0.0019786941119143
S41596,28,16,2025-11-13,45,14,0.001829297468797,train,4,0.0015021231621819
S41598,28,21,2025-11-13,36,29,0.0,train,4,0.0024361328754241
S41601,28,25,2025-11-13,29,30,0.0017727271105974,train,4,0.0017449539266187
S41603,28,23,2025-11-13,15,25,0.0144581292431663,train,4,0.0024785818054037
S41605,28,22,2025-11-13,50,29,0.001800842083904,train,4,0.0025891454276316
S41606,28,23,2025-11-13,37,22,0.0018150875040172,train,4,0.0025176269594354
S41607,28,3,2025-11-13,58,22,0.0109538922683593,train,4,0.0011571778404898
S41608,28,5,2025-11-13,33,31,0.0017703969678835,train,4,0.001462788069685
S41612,28,6,2025-11-13,65,24,0.0088488642473836,train,4,0.0018684702691911
S41615,28,10,2025-11-13,22,22,0.0,train,4,0.0027351949459201
S41680,28,14,2025-11-13,50,12,0.0072501823486506,train,4,0.0012093564264939
S41684,28,14,2025-11-13,53,13,0.0053409848045221,train,4,0.0011532900644183
S41685,28,14,2025-11-13,35,31,0.0048190434635056,train,4,0.0020246288709734
S42176,28,23,2025-11-13,49,24,0.0022501720453475,train,4,0.002234207935443
S42177,28,23,2025-11-13,38,24,0.0022925517438615,train,4,0.0022014083589606
S42178,28,24,2025-11-13,60,18,0.0022886878036425,train,4,0.0019147854921498
S42180,28,18,2025-11-13,57,17,0.0,train,4,0.0028606554381774
S42181,28,16,2025-11-13,51,13,0.0,train,4,0.0018563177019162
S42183,28,21,2025-11-13,36,15,0.011519989615784,train,4,0.002011468759349
S42185,28,21,2025-11-13,37,27,0.0,train,4,0.0021636329474144
S42186,28,12,2025-11-13,44,24,0.0,train,4,0.0012120998206392
S42187,28,25,2025-11-13,33,23,0.0022656200140404,train,4,0.0025398806765524
S42192,28,23,2025-11-13,56,23,0.0,train,4,0.0021059964579996
S42204,28,4,2025-11-13,46,23,0.0,train,4,0.0007298758223555
S42205,28,4,2025-11-13,38,24,0.0,train,4,0.0014550866674825
S42206,28,3,2025-11-13,58,27,0.0,train,4,0.0027005964387727
S42207,28,3,2025-11-13,15,21,0.0022559940445388,train,4,0.0017857606811772
S42208,28,3,2025-11-13,65,24,0.0023105210062156,train,4,0.0017902805166446
S42497,28,24,2025-11-13,34,13,0.0,train,4,0.0021390837371891
S42503,28,20,2025-11-13,23,27,0.007416914145861,train,4,0.0025655404798069
S42505,28,20,2025-11-13,50,29,0.0,train,4,0.0026680266132681
S42506,28,18,2025-11-13,42,24,0.0,train,4,0.0023382605583746
S42516,28,19,2025-11-13,20,15,0.0,train,4,0.0025968346006558
S42520,28,8,2025-11-13,61,23,0.0,train,4,0.0014029175789243
S42527,28,4,2025-11-13,35,20,0.0,train,4,0.0022881222846735
S42528,28,8,2025-11-13,36,26,0.0025008931761343,train,4,0.0010424424133977
S42530,28,4,2025-11-13,27,27,0.0,train,4,0.001091878774774
S42531,28,4,2025-11-13,50,26,0.0,train,4,0.0012769456811314
S42942,28,25,2025-11-13,64,24,0.0,train,4,0.0017322566999684
S42943,28,8,2025-11-13,32,15,0.0,train,4,0.0017024343430023
S42946,28,12,2025-11-13,50,23,0.0,train,4,0.0012920181725845
S42952,28,8,2025-11-13,46,18,0.0,train,4,0.0011838220835568
S42955,28,10,2025-11-13,42,17,0.0,train,4,0.0014483559287583
S42957,28,3,2025-11-13,33,12,0.0,train,4,0.0014463706458427
S42958,28,5,2025-11-13,50,19,0.0,train,4,0.000872041624845
S42959,28,6,2025-11-13,50,19,0.0,train,4,0.0018423849038171
S43042,28,12,2025-11-13,13,21,0.0,train,4,0.0017354988851287
S43044,28,3,2025-11-13,35,13,0.0,train,4,0.0015131510181326
S43186,28,15,2025-11-13,24,22,0.0061545320017089,train,4,0.0030611392545115
S43187,28,15,2025-11-13,38,18,0.0177160664066384,train,4,0.0028295521324176
S43188,28,19,2025-11-13,44,15,0.0217268998445227,train,4,0.0026249879035234
S43189,28,22,2025-11-13,36,23,0.0,train,4,0.0029040424644602
S43191,28,15,2025-11-13,42,14,0.0151453281081443,train,4,0.0020564501342604
S43192,28,20,2025-11-13,29,22,0.0137552832702701,train,4,0.0027207118640951
S43193,28,20,2025-11-13,54,26,0.0168430915216394,train,4,0.0028135484904116
S43195,28,24,2025-11-13,52,18,0.0183505314910899,train,4,0.0018394855132828
S43196,28,25,2025-11-13,49,16,0.0071020581474631,train,4,0.0016417455422064
S43197,28,21,2025-11-13,65,19,0.0108438657875736,train,4,0.0027116829625507
S43199,28,18,2025-11-13,39,18,0.0,train,4,0.0029781553521803
S43200,28,23,2025-11-13,41,17,0.0050375433816613,train,4,0.0026121710020433
S43202,28,12,2025-11-13,45,25,0.0080629624897844,train,4,0.0006421162692134
S43680,28,21,2025-11-13,54,30,0.0071556976136704,train,4,0.0023147491656934
