ufs_serial,run_id,wafer_no,date,die_x,die_y,pred,health,clf_proba,split,position
S00305,314,1,2026-06-08,39,28,0.0029130132914354,0.0065512832342512,0.4552848257011248,val,1
S02176,314,1,2026-06-08,31,28,0.0030294016862297,0.0,0.4008010502767691,val,1
S02841,314,1,2026-06-08,33,21,0.0030317003401203,0.0,0.4287420268477768,val,1
S06192,314,1,2026-06-08,49,30,0.0028119046243703,0.0090223380018335,0.3866716305933835,val,1
S06765,314,1,2026-06-08,45,31,0.00277479561981,0.0,0.3452369200832613,val,1
S10012,314,1,2026-06-08,38,13,0.002637566489715,0.0,0.4213249663838185,val,1
S11056,314,1,2026-06-08,44,29,0.0028724314654289,0.0146090534979423,0.3942762082226309,val,1
S13753,314,1,2026-06-08,60,20,0.0030700192512204,0.0053060451013833,0.4647633649547022,val,1
S16558,314,1,2026-06-08,47,19,0.0029184846193016,0.0,0.4246130259723941,val,1
S16670,314,1,2026-06-08,20,22,0.0030056057184071,0.0,0.4052877431651276,val,1
S19025,314,1,2026-06-08,60,23,0.0029520227171794,0.0084283536940821,0.4212063613175833,val,1
S19548,314,1,2026-06-08,46,13,0.0027296376958005,0.0051403512400968,0.4330505954580037,val,1
S22804,314,1,2026-06-08,43,19,0.0029872148492494,0.0065001732943584,0.417727510135453,val,1
S23719,314,1,2026-06-08,31,25,0.0031007367566456,0.0,0.4546435771282258,val,1
S29924,314,1,2026-06-08,53,27,0.002853512191124,0.0,0.4418395488273787,val,1
S29925,314,1,2026-06-08,48,29,0.002749884274898,0.0,0.3954139917405828,val,1
S35606,314,1,2026-06-08,16,20,0.0028156727607305,0.0060850933578206,0.4787873586088926,val,1
S36552,314,1,2026-06-08,37,21,0.0029915911244467,0.0,0.4537830238153311,val,1
S38640,314,1,2026-06-08,18,18,0.003063759513366,0.0,0.4128399416923782,val,1
S43472,314,1,2026-06-08,21,21,0.0029087714016119,0.0112451707421925,0.3828080088624472,val,1
S00305,314,1,2026-06-08,38,28,0.0029371051951856,0.0065512832342512,0.4552848257011248,val,2
S02176,314,1,2026-06-08,30,28,0.0028995027887245,0.0,0.4008010502767691,val,2
S02841,314,1,2026-06-08,34,21,0.0030347372424355,0.0,0.4287420268477768,val,2
S06192,314,1,2026-06-08,48,30,0.002803313432263,0.0090223380018335,0.3866716305933835,val,2
S06765,314,1,2026-06-08,46,31,0.002672023273019,0.0,0.3452369200832613,val,2
S10012,314,1,2026-06-08,39,13,0.0027458491190973,0.0,0.4213249663838185,val,2
S11056,314,1,2026-06-08,45,29,0.0028003458401333,0.0146090534979423,0.3942762082226309,val,2
S13753,314,1,2026-06-08,59,20,0.0028388602186899,0.0053060451013833,0.4647633649547022,val,2
S16558,314,1,2026-06-08,48,19,0.0030446706111402,0.0,0.4246130259723941,val,2
S16670,314,1,2026-06-08,18,22,0.0027849248571647,0.0,0.4052877431651276,val,2
S19025,314,1,2026-06-08,61,23,0.0026776382892786,0.0084283536940821,0.4212063613175833,val,2
S19548,314,1,2026-06-08,47,13,0.0026000588833823,0.0051403512400968,0.4330505954580037,val,2
S22804,314,1,2026-06-08,44,19,0.0027858971570225,0.0065001732943584,0.417727510135453,val,2
S23719,314,1,2026-06-08,32,25,0.0031172528879447,0.0,0.4546435771282258,val,2
S29924,314,1,2026-06-08,54,27,0.0028330986015142,0.0,0.4418395488273787,val,2
S29925,314,1,2026-06-08,49,29,0.0028871607502048,0.0,0.3954139917405828,val,2
S35606,314,1,2026-06-08,15,20,0.0027680294920991,0.0060850933578206,0.4787873586088926,val,2
S36552,314,1,2026-06-08,38,21,0.0030704481877418,0.0,0.4537830238153311,val,2
S38640,314,1,2026-06-08,17,18,0.0029802105835657,0.0,0.4128399416923782,val,2
S43472,314,1,2026-06-08,22,21,0.0030752875475621,0.0112451707421925,0.3828080088624472,val,2
S00305,314,1,2026-06-08,41,28,0.0029629736295707,0.0065512832342512,0.4552848257011248,val,3
S02176,314,1,2026-06-08,33,28,0.0029213289761663,0.0,0.4008010502767691,val,3
S02841,314,1,2026-06-08,31,21,0.0030368595293916,0.0,0.4287420268477768,val,3
S06192,314,1,2026-06-08,51,30,0.0027900713965739,0.0090223380018335,0.3866716305933835,val,3
S06765,314,1,2026-06-08,43,31,0.0028115491503698,0.0,0.3452369200832613,val,3
S10012,314,1,2026-06-08,36,13,0.0028277876894543,0.0,0.4213249663838185,val,3
S11056,314,1,2026-06-08,42,29,0.0029005178962157,0.0146090534979423,0.3942762082226309,val,3
S13753,314,1,2026-06-08,62,20,0.0030516980461624,0.0053060451013833,0.4647633649547022,val,3
S16558,314,1,2026-06-08,45,19,0.002987459742531,0.0,0.4246130259723941,val,3
S16670,314,1,2026-06-08,22,22,0.003060413269416,0.0,0.4052877431651276,val,3
S19025,314,1,2026-06-08,58,23,0.003023203070883,0.0084283536940821,0.4212063613175833,val,3
S19548,314,1,2026-06-08,44,13,0.0027809386346681,0.0051403512400968,0.4330505954580037,val,3
S22804,314,1,2026-06-08,39,19,0.003003674884407,0.0065001732943584,0.417727510135453,val,3
S23719,314,1,2026-06-08,29,25,0.0030797718367256,0.0,0.4546435771282258,val,3
S29924,314,1,2026-06-08,51,27,0.0028325870848754,0.0,0.4418395488273787,val,3
S29925,314,1,2026-06-08,46,29,0.0028229654300848,0.0,0.3954139917405828,val,3
S35606,314,1,2026-06-08,18,20,0.0030727215826915,0.0060850933578206,0.4787873586088926,val,3
S36552,314,1,2026-06-08,35,21,0.0030410889840205,0.0,0.4537830238153311,val,3
S38640,314,1,2026-06-08,20,18,0.0030867447216409,0.0,0.4128399416923782,val,3
S43472,314,1,2026-06-08,19,21,0.0029930732821983,0.0112451707421925,0.3828080088624472,val,3
S00305,314,1,2026-06-08,40,28,0.002860712039027,0.0065512832342512,0.4552848257011248,val,4
S02176,314,1,2026-06-08,32,28,0.0029675505466534,0.0,0.4008010502767691,val,4
S02841,314,1,2026-06-08,32,21,0.0028787175274114,0.0,0.4287420268477768,val,4
S06192,314,1,2026-06-08,50,30,0.0028064047374008,0.0090223380018335,0.3866716305933835,val,4
S06765,314,1,2026-06-08,44,31,0.0024888023336583,0.0,0.3452369200832613,val,4
S10012,314,1,2026-06-08,37,13,0.0028758963007306,0.0,0.4213249663838185,val,4
S11056,314,1,2026-06-08,43,29,0.0029189495638877,0.0146090534979423,0.3942762082226309,val,4
S13753,314,1,2026-06-08,61,20,0.0030155075306546,0.0053060451013833,0.4647633649547022,val,4
S16558,314,1,2026-06-08,46,19,0.002967076925908,0.0,0.4246130259723941,val,4
S16670,314,1,2026-06-08,21,22,0.0030630940195039,0.0,0.4052877431651276,val,4
S19025,314,1,2026-06-08,59,23,0.0029845503196903,0.0084283536940821,0.4212063613175833,val,4
S19548,314,1,2026-06-08,45,13,0.0027472850725852,0.0051403512400968,0.4330505954580037,val,4
S22804,314,1,2026-06-08,40,19,0.0028904565353692,0.0065001732943584,0.417727510135453,val,4
S23719,314,1,2026-06-08,30,25,0.0030824179753541,0.0,0.4546435771282258,val,4
S29924,314,1,2026-06-08,52,27,0.0028386067709268,0.0,0.4418395488273787,val,4
S29925,314,1,2026-06-08,47,29,0.0028660542207259,0.0,0.3954139917405828,val,4
S35606,314,1,2026-06-08,17,20,0.0029756691394634,0.0060850933578206,0.4787873586088926,val,4
S36552,314,1,2026-06-08,36,21,0.0030277606358419,0.0,0.4537830238153311,val,4
S38640,314,1,2026-06-08,19,18,0.0029532362662275,0.0,0.4128399416923782,val,4
S43472,314,1,2026-06-08,20,21,0.0028864569837598,0.0112451707421925,0.3828080088624472,val,4
S02445,314,2,2026-06-08,30,28,0.0016125104075258,0.0,0.3635087065749698,val,1
S02864,314,2,2026-06-08,26,20,0.0017004263539549,0.0,0.3413819223395277,val,1
S02865,314,2,2026-06-08,19,22,0.0017793570530523,0.0,0.3857959791886617,val,1
S03931,314,2,2026-06-08,27,19,0.0018372073261602,0.0,0.3770669292893602,val,1
S04233,314,2,2026-06-08,48,30,0.0018016644944322,0.0,0.3599864604932497,val,1
S05302,314,2,2026-06-08,46,26,0.0015374441863866,0.0,0.3022931258742443,val,1
S05306,314,2,2026-06-08,22,28,0.0017059434372555,0.0,0.3213034947620022,val,1
S07346,314,2,2026-06-08,25,14,0.0017250357267433,0.0,0.3898033482234161,val,1
S14767,314,2,2026-06-08,41,16,0.0018130683788551,0.0,0.3320471965602267,val,1
S16686,314,2,2026-06-08,53,29,0.0017067615170028,0.0,0.2908396963199233,val,1
S19949,314,2,2026-06-08,23,21,0.0019146106662495,0.0,0.3478333740687245,val,1
S22333,314,2,2026-06-08,27,24,0.001875097431088,0.0,0.3986546959285282,val,1
S22810,314,2,2026-06-08,56,25,0.0018462872940453,0.0063934958722072,0.3216640040823684,val,1
S23839,314,2,2026-06-08,58,20,0.0020877294559151,0.0,0.386911909935905,val,1
S25033,314,2,2026-06-08,28,30,0.0018068024546162,0.0,0.3171880944991403,val,1
S25584,314,2,2026-06-08,25,25,0.0019419037306306,0.0,0.3550618446101255,val,1
S25585,314,2,2026-06-08,41,25,0.0015458733341749,0.0,0.2441963384623184,val,1
S25586,314,2,2026-06-08,44,30,0.0016207872147309,0.0,0.2627797459104612,val,1
S26437,314,2,2026-06-08,47,27,0.0016949292277125,0.0,0.3600190554412116,val,1
S26805,314,2,2026-06-08,33,16,0.0016482646907695,0.0012590278886076,0.3162735765968466,val,1
S29936,314,2,2026-06-08,14,20,0.0017832109960639,0.0,0.4252269579926982,val,1
S35111,314,2,2026-06-08,38,18,0.00165215889417,0.0178977883553163,0.3042844927258148,val,1
S37201,314,2,2026-06-08,59,15,0.0016381437721422,0.0,0.3981344967424927,val,1
S37292,314,2,2026-06-08,53,28,0.0017259572317659,0.0,0.3028575108914553,val,1
S41196,314,2,2026-06-08,30,20,0.0020738206348808,0.0,0.3488169729041019,val,1
S42407,314,2,2026-06-08,34,26,0.0015710732528077,0.0,0.3127724364645874,val,1
S02445,314,2,2026-06-08,29,28,0.0017223660378961,0.0,0.3635087065749698,val,2
S02864,314,2,2026-06-08,25,20,0.0018486968135842,0.0,0.3413819223395277,val,2
S02865,314,2,2026-06-08,18,22,0.0017710940573173,0.0,0.3857959791886617,val,2
S03931,314,2,2026-06-08,28,19,0.0016205664724079,0.0,0.3770669292893602,val,2
S04233,314,2,2026-06-08,47,30,0.0015472872589134,0.0,0.3599864604932497,val,2
S05302,314,2,2026-06-08,45,26,0.0015846236100193,0.0,0.3022931258742443,val,2
S05306,314,2,2026-06-08,21,28,0.0016633359360814,0.0,0.3213034947620022,val,2
S07346,314,2,2026-06-08,24,14,0.0016040146950873,0.0,0.3898033482234161,val,2
S14767,314,2,2026-06-08,40,16,0.0017938269130649,0.0,0.3320471965602267,val,2
S16686,314,2,2026-06-08,54,29,0.0019088558862381,0.0,0.2908396963199233,val,2
S19949,314,2,2026-06-08,24,21,0.001779185845858,0.0,0.3478333740687245,val,2
S22333,314,2,2026-06-08,26,24,0.0017988488693494,0.0,0.3986546959285282,val,2
S22810,314,2,2026-06-08,57,25,0.0019922781088682,0.0063934958722072,0.3216640040823684,val,2
S23839,314,2,2026-06-08,57,20,0.0022316350739598,0.0,0.386911909935905,val,2
S25033,314,2,2026-06-08,32,31,0.0016023492387994,0.0,0.3171880944991403,val,2
S25584,314,2,2026-06-08,26,25,0.0018397962687556,0.0,0.3550618446101255,val,2
S25585,314,2,2026-06-08,45,25,0.0018336109804531,0.0,0.2441963384623184,val,2
S25586,314,2,2026-06-08,43,30,0.0016258014725697,0.0,0.2627797459104612,val,2
S26437,314,2,2026-06-08,48,27,0.0017556263762264,0.0,0.3600190554412116,val,2
S26805,314,2,2026-06-08,32,16,0.0016771030802396,0.0012590278886076,0.3162735765968466,val,2
S29936,314,2,2026-06-08,13,20,0.0016554960470415,0.0,0.4252269579926982,val,2
S35111,314,2,2026-06-08,37,18,0.0017130224504189,0.0178977883553163,0.3042844927258148,val,2
S37201,314,2,2026-06-08,60,15,0.0016583139261572,0.0,0.3981344967424927,val,2
S37292,314,2,2026-06-08,52,28,0.0015624121481848,0.0,0.3028575108914553,val,2
S41196,314,2,2026-06-08,29,20,0.001929621405293,0.0,0.3488169729041019,val,2
S42407,314,2,2026-06-08,32,26,0.001873139051797,0.0,0.3127724364645874,val,2
S02445,314,2,2026-06-08,34,28,0.0018983792038508,0.0,0.3635087065749698,val,3
S02864,314,2,2026-06-08,28,20,0.0018007023225791,0.0,0.3413819223395277,val,3
S02865,314,2,2026-06-08,22,22,0.0017809760460313,0.0,0.3857959791886617,val,3
S03931,314,2,2026-06-08,24,19,0.0018859965083474,0.0,0.3770669292893602,val,3
S04233,314,2,2026-06-08,50,30,0.0018321684335206,0.0,0.3599864604932497,val,3
S05302,314,2,2026-06-08,48,26,0.0017101906670233,0.0,0.3022931258742443,val,3
S05306,314,2,2026-06-08,24,28,0.0017095096685445,0.0,0.3213034947620022,val,3
S07346,314,2,2026-06-08,28,14,0.0018240522387441,0.0,0.3898033482234161,val,3
S14767,314,2,2026-06-08,43,16,0.0018570999262047,0.0,0.3320471965602267,val,3
S16686,314,2,2026-06-08,51,29,0.0014982453070773,0.0,0.2908396963199233,val,3
S19949,314,2,2026-06-08,21,21,0.0017237451003184,0.0,0.3478333740687245,val,3
S22333,314,2,2026-06-08,29,24,0.001848638075338,0.0,0.3986546959285282,val,3
S22810,314,2,2026-06-08,54,25,0.001560668663331,0.0063934958722072,0.3216640040823684,val,3
S23839,314,2,2026-06-08,60,20,0.0023368742808798,0.0,0.386911909935905,val,3
S25033,314,2,2026-06-08,30,30,0.0017883410266887,0.0,0.3171880944991403,val,3
S25584,314,2,2026-06-08,23,25,0.0017626778599379,0.0,0.3550618446101255,val,3
S25585,314,2,2026-06-08,39,25,0.0014977988213707,0.0,0.2441963384623184,val,3
S25586,314,2,2026-06-08,46,30,0.0017826312686628,0.0,0.2627797459104612,val,3
S26437,314,2,2026-06-08,45,27,0.0016280262972199,0.0,0.3600190554412116,val,3
S26805,314,2,2026-06-08,35,16,0.0018992902590209,0.0012590278886076,0.3162735765968466,val,3
S29936,314,2,2026-06-08,16,20,0.0016784375097127,0.0,0.4252269579926982,val,3
S35111,314,2,2026-06-08,40,18,0.0016744605330491,0.0178977883553163,0.3042844927258148,val,3
S37201,314,2,2026-06-08,58,14,0.001742526228352,0.0,0.3981344967424927,val,3
S37292,314,2,2026-06-08,55,28,0.0017297424002769,0.0,0.3028575108914553,val,3
S41196,314,2,2026-06-08,32,20,0.0018385096650074,0.0,0.3488169729041019,val,3
S42407,314,2,2026-06-08,36,26,0.0017105524233382,0.0,0.3127724364645874,val,3
S02445,314,2,2026-06-08,33,28,0.0016053200248437,0.0,0.3635087065749698,val,4
S02864,314,2,2026-06-08,27,20,0.0017051555086157,0.0,0.3413819223395277,val,4
S02865,314,2,2026-06-08,21,22,0.0016545543214074,0.0,0.3857959791886617,val,4
S03931,314,2,2026-06-08,25,19,0.001695451878938,0.0,0.3770669292893602,val,4
S04233,314,2,2026-06-08,49,30,0.001662228361976,0.0,0.3599864604932497,val,4
S05302,314,2,2026-06-08,47,26,0.001742468133628,0.0,0.3022931258742443,val,4
S05306,314,2,2026-06-08,23,28,0.0018703061222511,0.0,0.3213034947620022,val,4
S07346,314,2,2026-06-08,27,14,0.0017759739713647,0.0,0.3898033482234161,val,4
S14767,314,2,2026-06-08,42,16,0.0015736501955197,0.0,0.3320471965602267,val,4
S16686,314,2,2026-06-08,52,29,0.0017015160311038,0.0,0.2908396963199233,val,4
S19949,314,2,2026-06-08,22,21,0.001851266321683,0.0,0.3478333740687245,val,4
S22333,314,2,2026-06-08,28,24,0.0016447588789171,0.0,0.3986546959285282,val,4
S22810,314,2,2026-06-08,55,25,0.0019098332707196,0.0063934958722072,0.3216640040823684,val,4
S23839,314,2,2026-06-08,59,20,0.0018244081542773,0.0,0.386911909935905,val,4
S25033,314,2,2026-06-08,29,30,0.0016834703367172,0.0,0.3171880944991403,val,4
S25584,314,2,2026-06-08,24,25,0.0017506927197422,0.0,0.3550618446101255,val,4
S25585,314,2,2026-06-08,40,25,0.0017362927025309,0.0,0.2441963384623184,val,4
S25586,314,2,2026-06-08,45,30,0.0016189704147839,0.0,0.2627797459104612,val,4
S26437,314,2,2026-06-08,46,27,0.0015937135919185,0.0,0.3600190554412116,val,4
S26805,314,2,2026-06-08,34,16,0.001746729496604,0.0012590278886076,0.3162735765968466,val,4
S29936,314,2,2026-06-08,15,20,0.0016574016215599,0.0,0.4252269579926982,val,4
S35111,314,2,2026-06-08,39,18,0.0016168329505613,0.0178977883553163,0.3042844927258148,val,4
S37201,314,2,2026-06-08,57,14,0.0015260712168126,0.0,0.3981344967424927,val,4
S37292,314,2,2026-06-08,54,28,0.0018301083856451,0.0,0.3028575108914553,val,4
S41196,314,2,2026-06-08,31,20,0.0020182380170977,0.0,0.3488169729041019,val,4
S42407,314,2,2026-06-08,35,26,0.001613622729194,0.0,0.3127724364645874,val,4
S01813,314,3,2026-06-08,53,21,0.002971183701406,0.0,0.4737109284688396,val,1
S01909,314,3,2026-06-08,52,24,0.0030923664498906,0.0,0.4482767914169789,val,1
S03030,314,3,2026-06-08,28,16,0.002929391010075,0.0,0.3501887354282235,val,1
S05923,314,3,2026-06-08,27,12,0.00121435549232,0.0,0.3371660751484173,val,1
S15511,314,3,2026-06-08,60,20,0.0031460338251199,0.0050874696747909,0.4415756780679027,val,1
S18063,314,3,2026-06-08,17,27,0.0021476483824596,0.0,0.37231874457078,val,1
S19690,314,3,2026-06-08,19,24,0.0028741219562092,0.0,0.4270307984565445,val,1
S21163,314,3,2026-06-08,63,23,0.0030426294720633,0.0,0.3880891759427569,val,1
S21170,314,3,2026-06-08,19,20,0.0030876433418572,0.0,0.4412253436261901,val,1
S23353,314,3,2026-06-08,29,25,0.0030302979647492,0.0,0.4734075343504884,val,1
S24809,314,3,2026-06-08,25,25,0.0030657723908055,0.006248114251232,0.4634511342557847,val,1
S29963,314,3,2026-06-08,27,20,0.0030487748294769,0.0,0.4235986482405566,val,1
S31782,314,3,2026-06-08,43,20,0.0030101953291203,0.0021943476782741,0.3770599725517536,val,1
S33459,314,3,2026-06-08,46,21,0.0031880654913025,0.005443175222053,0.4011673159148373,val,1
S33937,314,3,2026-06-08,52,27,0.0029245275136705,0.0201325594876415,0.417396832281022,val,1
S34432,314,3,2026-06-08,17,26,0.0028262535117473,0.0,0.4232891289103438,val,1
S01813,314,3,2026-06-08,55,21,0.0032195200171685,0.0,0.4737109284688396,val,2
S01909,314,3,2026-06-08,51,24,0.0031352607342354,0.0,0.4482767914169789,val,2
S03030,314,3,2026-06-08,26,16,0.0029502106514638,0.0,0.3501887354282235,val,2
S05923,314,3,2026-06-08,25,13,0.0012709036639245,0.0,0.3371660751484173,val,2
S15511,314,3,2026-06-08,58,20,0.0031457526175898,0.0050874696747909,0.4415756780679027,val,2
S18063,314,3,2026-06-08,18,28,0.0020270254831472,0.0,0.37231874457078,val,2
S19690,314,3,2026-06-08,18,24,0.0029592498709564,0.0,0.4270307984565445,val,2
S21163,314,3,2026-06-08,65,23,0.0029122251615502,0.0,0.3880891759427569,val,2
S21170,314,3,2026-06-08,17,20,0.0030006852878405,0.0,0.4412253436261901,val,2
S23353,314,3,2026-06-08,30,25,0.0030783476017867,0.0,0.4734075343504884,val,2
S24809,314,3,2026-06-08,26,25,0.0029780538186221,0.006248114251232,0.4634511342557847,val,2
S29963,314,3,2026-06-08,25,20,0.003024487474544,0.0,0.4235986482405566,val,2
S31782,314,3,2026-06-08,41,20,0.0030886683383368,0.0021943476782741,0.3770599725517536,val,2
S33459,314,3,2026-06-08,48,21,0.0032323309542956,0.005443175222053,0.4011673159148373,val,2
S33937,314,3,2026-06-08,53,27,0.0029684251493367,0.0201325594876415,0.417396832281022,val,2
S34432,314,3,2026-06-08,18,27,0.00284503905516,0.0,0.4232891289103438,val,2
S01813,314,3,2026-06-08,49,21,0.0031519749854312,0.0,0.4737109284688396,val,3
S01909,314,3,2026-06-08,54,24,0.0030347024631679,0.0,0.4482767914169789,val,3
S03030,314,3,2026-06-08,32,16,0.0029691466028588,0.0,0.3501887354282235,val,3
S05923,314,3,2026-06-08,31,12,0.0015566425787134,0.0,0.3371660751484173,val,3
S15511,314,3,2026-06-08,64,20,0.0029165919105725,0.0050874696747909,0.4415756780679027,val,3
S18063,314,3,2026-06-08,16,26,0.0020912719977503,0.0,0.37231874457078,val,3
S19690,314,3,2026-06-08,21,24,0.0030735177773104,0.0,0.4270307984565445,val,3
S21163,314,3,2026-06-08,59,23,0.0031366138106301,0.0,0.3880891759427569,val,3
S21170,314,3,2026-06-08,23,20,0.0030013343259976,0.0,0.4412253436261901,val,3
S23353,314,3,2026-06-08,27,25,0.0029057713801533,0.0,0.4734075343504884,val,3
S24809,314,3,2026-06-08,23,25,0.0029988250718133,0.006248114251232,0.4634511342557847,val,3
S29963,314,3,2026-06-08,31,20,0.0029762484063581,0.0,0.4235986482405566,val,3
S31782,314,3,2026-06-08,47,20,0.0030438900759969,0.0021943476782741,0.3770599725517536,val,3
S33459,314,3,2026-06-08,42,21,0.0031746263508797,0.005443175222053,0.4011673159148373,val,3
S33937,314,3,2026-06-08,50,27,0.0028139550505192,0.0201325594876415,0.417396832281022,val,3
S34432,314,3,2026-06-08,19,26,0.0028158471948782,0.0,0.4232891289103438,val,3
S01813,314,3,2026-06-08,51,21,0.0031172247714376,0.0,0.4737109284688396,val,4
S01909,314,3,2026-06-08,53,24,0.0031406580572396,0.0,0.4482767914169789,val,4
S03030,314,3,2026-06-08,30,16,0.0029819494018956,0.0,0.3501887354282235,val,4
S05923,314,3,2026-06-08,29,12,0.001253783194956,0.0,0.3371660751484173,val,4
S15511,314,3,2026-06-08,62,20,0.0031477826599369,0.0050874696747909,0.4415756780679027,val,4
S18063,314,3,2026-06-08,15,26,0.0015533375590939,0.0,0.37231874457078,val,4
S19690,314,3,2026-06-08,20,24,0.0030025200966209,0.0,0.4270307984565445,val,4
S21163,314,3,2026-06-08,61,23,0.0030450787181872,0.0,0.3880891759427569,val,4
S21170,314,3,2026-06-08,21,20,0.0030963448291349,0.0,0.4412253436261901,val,4
S23353,314,3,2026-06-08,28,25,0.0029828884752562,0.0,0.4734075343504884,val,4
S24809,314,3,2026-06-08,24,25,0.0030187375913879,0.006248114251232,0.4634511342557847,val,4
S29963,314,3,2026-06-08,29,20,0.0030343698736692,0.0,0.4235986482405566,val,4
S31782,314,3,2026-06-08,45,20,0.0030240699327107,0.0021943476782741,0.3770599725517536,val,4
S33459,314,3,2026-06-08,44,21,0.003188247598656,0.005443175222053,0.4011673159148373,val,4
S33937,314,3,2026-06-08,51,27,0.0029691313636046,0.0201325594876415,0.417396832281022,val,4
S34432,314,3,2026-06-08,18,26,0.0028455094424476,0.0,0.4232891289103438,val,4
S00239,314,4,2026-06-08,60,26,0.0021203007709744,0.0024128556170501,0.3430354289900446,val,1
S00242,314,4,2026-06-08,22,25,0.0023697757803376,0.0,0.4409745728495668,val,1
S04603,314,4,2026-06-08,51,29,0.002253701231554,0.0,0.3618232875073914,val,1
S06800,314,4,2026-06-08,46,31,0.0020088370401004,0.0,0.330655037379977,val,1
S11053,314,4,2026-06-08,27,15,0.0024529321090122,0.0044089403018837,0.4007128858737004,val,1
S16562,314,4,2026-06-08,44,16,0.0024928085308065,0.0,0.3524395659899589,val,1
S16669,314,4,2026-06-08,25,28,0.002193615445607,0.0,0.3831435830020311,val,1
S16673,314,4,2026-06-08,31,14,0.0025842966905033,0.0,0.4032775361479242,val,1
S19011,314,4,2026-06-08,35,29,0.0020255903122209,0.0,0.3665518542022347,val,1
S22322,314,4,2026-06-08,62,21,0.0024557659378942,0.0,0.3543655434956527,val,1
S22336,314,4,2026-06-08,58,23,0.0023492738888607,0.0,0.3485539693228223,val,1
S24443,314,4,2026-06-08,50,28,0.0020367526334978,0.0,0.2979008720574428,val,1
S37534,314,4,2026-06-08,23,21,0.0022835466232431,0.0,0.3816693476063446,val,1
S40907,314,4,2026-06-08,23,14,0.0025660797289986,0.0,0.3741338116098952,val,1
S42148,314,4,2026-06-08,54,21,0.0021888766853143,0.0153419294623515,0.3469887789536334,val,1
S42800,314,4,2026-06-08,55,17,0.0024523529718365,0.0,0.3398174551514579,val,1
S00239,314,4,2026-06-08,59,26,0.0024384393794927,0.0024128556170501,0.3430354289900446,val,2
S00242,314,4,2026-06-08,23,25,0.0021420715993324,0.0,0.4409745728495668,val,2
S04603,314,4,2026-06-08,52,29,0.0022206635341671,0.0,0.3618232875073914,val,2
S06800,314,4,2026-06-08,49,31,0.0018867740516987,0.0,0.330655037379977,val,2
S11053,314,4,2026-06-08,28,15,0.0024363765452802,0.0044089403018837,0.4007128858737004,val,2
S16562,314,4,2026-06-08,43,16,0.0022827094353866,0.0,0.3524395659899589,val,2
S16669,314,4,2026-06-08,24,28,0.0020857255173499,0.0,0.3831435830020311,val,2
S16673,314,4,2026-06-08,30,14,0.0025267609323205,0.0,0.4032775361479242,val,2
S19011,314,4,2026-06-08,36,29,0.0019919182228063,0.0,0.3665518542022347,val,2
S22322,314,4,2026-06-08,63,21,0.0025577093241264,0.0,0.3543655434956527,val,2
S22336,314,4,2026-06-08,59,23,0.0025208177107165,0.0,0.3485539693228223,val,2
S24443,314,4,2026-06-08,49,28,0.0021323675163189,0.0,0.2979008720574428,val,2
S37534,314,4,2026-06-08,24,21,0.0023639822093769,0.0,0.3816693476063446,val,2
S40907,314,4,2026-06-08,21,15,0.0025473460987535,0.0,0.3741338116098952,val,2
S42148,314,4,2026-06-08,55,21,0.0022016182051914,0.0153419294623515,0.3469887789536334,val,2
S42800,314,4,2026-06-08,56,17,0.0025976849135998,0.0,0.3398174551514579,val,2
S00239,314,4,2026-06-08,64,25,0.0023176866051738,0.0024128556170501,0.3430354289900446,val,3
S00242,314,4,2026-06-08,20,25,0.0023396836547672,0.0,0.4409745728495668,val,3
S04603,314,4,2026-06-08,49,29,0.0021982113359001,0.0,0.3618232875073914,val,3
S06800,314,4,2026-06-08,44,31,0.0018838394159829,0.0,0.330655037379977,val,3
S11053,314,4,2026-06-08,25,15,0.0027198596153907,0.0044089403018837,0.4007128858737004,val,3
S16562,314,4,2026-06-08,46,16,0.0022911789047872,0.0,0.3524395659899589,val,3
S16669,314,4,2026-06-08,27,28,0.0021309457974027,0.0,0.3831435830020311,val,3
S16673,314,4,2026-06-08,34,14,0.0023867858597019,0.0,0.4032775361479242,val,3
S19011,314,4,2026-06-08,33,29,0.0021852372814793,0.0,0.3665518542022347,val,3
S22322,314,4,2026-06-08,60,21,0.0025351238388877,0.0,0.3543655434956527,val,3
S22336,314,4,2026-06-08,56,23,0.0024708096045821,0.0,0.3485539693228223,val,3
S24443,314,4,2026-06-08,52,28,0.0020760851599188,0.0,0.2979008720574428,val,3
S37534,314,4,2026-06-08,21,21,0.0023227293426862,0.0,0.3816693476063446,val,3
S40907,314,4,2026-06-08,25,14,0.0025958122053088,0.0,0.3741338116098952,val,3
S42148,314,4,2026-06-08,52,21,0.0020725088833406,0.0153419294623515,0.3469887789536334,val,3
S42800,314,4,2026-06-08,52,17,0.0023320600648134,0.0,0.3398174551514579,val,3
S00239,314,4,2026-06-08,62,26,0.0021345821338538,0.0024128556170501,0.3430354289900446,val,4
S00242,314,4,2026-06-08,21,25,0.0025155034997468,0.0,0.4409745728495668,val,4
S04603,314,4,2026-06-08,50,29,0.0020737009026203,0.0,0.3618232875073914,val,4
S06800,314,4,2026-06-08,45,31,0.0020912850265528,0.0,0.330655037379977,val,4
S11053,314,4,2026-06-08,26,15,0.0025574317082473,0.0044089403018837,0.4007128858737004,val,4
S16562,314,4,2026-06-08,45,16,0.0022206596564084,0.0,0.3524395659899589,val,4
S16669,314,4,2026-06-08,26,28,0.0021849863718077,0.0,0.3831435830020311,val,4
S16673,314,4,2026-06-08,33,14,0.0024735347055987,0.0,0.4032775361479242,val,4
S19011,314,4,2026-06-08,34,29,0.0020693580706956,0.0,0.3665518542022347,val,4
S22322,314,4,2026-06-08,61,21,0.0025561959526111,0.0,0.3543655434956527,val,4
S22336,314,4,2026-06-08,57,23,0.002344280510793,0.0,0.3485539693228223,val,4
S24443,314,4,2026-06-08,51,28,0.0020088781673282,0.0,0.2979008720574428,val,4
S37534,314,4,2026-06-08,22,21,0.0022750386905736,0.0,0.3816693476063446,val,4
S40907,314,4,2026-06-08,24,14,0.0025818716729602,0.0,0.3741338116098952,val,4
S42148,314,4,2026-06-08,53,21,0.0020821355421489,0.0153419294623515,0.3469887789536334,val,4
S42800,314,4,2026-06-08,54,17,0.0023689589894786,0.0,0.3398174551514579,val,4
S01813,314,5,2026-06-08,53,21,0.002971183701406,0.0,0.4737109284688396,val,1
S01909,314,5,2026-06-08,52,24,0.0030923664498906,0.0,0.4482767914169789,val,1
S03030,314,5,2026-06-08,28,16,0.002929391010075,0.0,0.3501887354282235,val,1
S05923,314,5,2026-06-08,27,12,0.00121435549232,0.0,0.3371660751484173,val,1
S15511,314,5,2026-06-08,60,20,0.0031460338251199,0.0050874696747909,0.4415756780679027,val,1
S18063,314,5,2026-06-08,17,27,0.0021476483824596,0.0,0.37231874457078,val,1
S19690,314,5,2026-06-08,19,24,0.0028741219562092,0.0,0.4270307984565445,val,1
S21163,314,5,2026-06-08,63,23,0.0030426294720633,0.0,0.3880891759427569,val,1
S21170,314,5,2026-06-08,19,20,0.0030876433418572,0.0,0.4412253436261901,val,1
S23353,314,5,2026-06-08,29,25,0.0030302979647492,0.0,0.4734075343504884,val,1
S24809,314,5,2026-06-08,25,25,0.0030657723908055,0.006248114251232,0.4634511342557847,val,1
S29963,314,5,2026-06-08,27,20,0.0030487748294769,0.0,0.4235986482405566,val,1
S31782,314,5,2026-06-08,43,20,0.0030101953291203,0.0021943476782741,0.3770599725517536,val,1
S33459,314,5,2026-06-08,46,21,0.0031880654913025,0.005443175222053,0.4011673159148373,val,1
S33937,314,5,2026-06-08,52,27,0.0029245275136705,0.0201325594876415,0.417396832281022,val,1
S34432,314,5,2026-06-08,17,26,0.0028262535117473,0.0,0.4232891289103438,val,1
S01813,314,5,2026-06-08,55,21,0.0032195200171685,0.0,0.4737109284688396,val,2
S01909,314,5,2026-06-08,51,24,0.0031352607342354,0.0,0.4482767914169789,val,2
S03030,314,5,2026-06-08,26,16,0.0029502106514638,0.0,0.3501887354282235,val,2
S05923,314,5,2026-06-08,25,13,0.0012709036639245,0.0,0.3371660751484173,val,2
S15511,314,5,2026-06-08,58,20,0.0031457526175898,0.0050874696747909,0.4415756780679027,val,2
S18063,314,5,2026-06-08,18,28,0.0020270254831472,0.0,0.37231874457078,val,2
S19690,314,5,2026-06-08,18,24,0.0029592498709564,0.0,0.4270307984565445,val,2
S21163,314,5,2026-06-08,65,23,0.0029122251615502,0.0,0.3880891759427569,val,2
S21170,314,5,2026-06-08,17,20,0.0030006852878405,0.0,0.4412253436261901,val,2
S23353,314,5,2026-06-08,30,25,0.0030783476017867,0.0,0.4734075343504884,val,2
S24809,314,5,2026-06-08,26,25,0.0029780538186221,0.006248114251232,0.4634511342557847,val,2
S29963,314,5,2026-06-08,25,20,0.003024487474544,0.0,0.4235986482405566,val,2
S31782,314,5,2026-06-08,41,20,0.0030886683383368,0.0021943476782741,0.3770599725517536,val,2
S33459,314,5,2026-06-08,48,21,0.0032323309542956,0.005443175222053,0.4011673159148373,val,2
S33937,314,5,2026-06-08,53,27,0.0029684251493367,0.0201325594876415,0.417396832281022,val,2
S34432,314,5,2026-06-08,18,27,0.00284503905516,0.0,0.4232891289103438,val,2
S01813,314,5,2026-06-08,49,21,0.0031519749854312,0.0,0.4737109284688396,val,3
S01909,314,5,2026-06-08,54,24,0.0030347024631679,0.0,0.4482767914169789,val,3
S03030,314,5,2026-06-08,32,16,0.0029691466028588,0.0,0.3501887354282235,val,3
S05923,314,5,2026-06-08,31,12,0.0015566425787134,0.0,0.3371660751484173,val,3
S15511,314,5,2026-06-08,64,20,0.0029165919105725,0.0050874696747909,0.4415756780679027,val,3
S18063,314,5,2026-06-08,16,26,0.0020912719977503,0.0,0.37231874457078,val,3
S19690,314,5,2026-06-08,21,24,0.0030735177773104,0.0,0.4270307984565445,val,3
S21163,314,5,2026-06-08,59,23,0.0031366138106301,0.0,0.3880891759427569,val,3
S21170,314,5,2026-06-08,23,20,0.0030013343259976,0.0,0.4412253436261901,val,3
S23353,314,5,2026-06-08,27,25,0.0029057713801533,0.0,0.4734075343504884,val,3
S24809,314,5,2026-06-08,23,25,0.0029988250718133,0.006248114251232,0.4634511342557847,val,3
S29963,314,5,2026-06-08,31,20,0.0029762484063581,0.0,0.4235986482405566,val,3
S31782,314,5,2026-06-08,47,20,0.0030438900759969,0.0021943476782741,0.3770599725517536,val,3
S33459,314,5,2026-06-08,42,21,0.0031746263508797,0.005443175222053,0.4011673159148373,val,3
S33937,314,5,2026-06-08,50,27,0.0028139550505192,0.0201325594876415,0.417396832281022,val,3
S34432,314,5,2026-06-08,19,26,0.0028158471948782,0.0,0.4232891289103438,val,3
S01813,314,5,2026-06-08,51,21,0.0031172247714376,0.0,0.4737109284688396,val,4
S01909,314,5,2026-06-08,53,24,0.0031406580572396,0.0,0.4482767914169789,val,4
S03030,314,5,2026-06-08,30,16,0.0029819494018956,0.0,0.3501887354282235,val,4
S05923,314,5,2026-06-08,29,12,0.001253783194956,0.0,0.3371660751484173,val,4
S15511,314,5,2026-06-08,62,20,0.0031477826599369,0.0050874696747909,0.4415756780679027,val,4
S18063,314,5,2026-06-08,15,26,0.0015533375590939,0.0,0.37231874457078,val,4
S19690,314,5,2026-06-08,20,24,0.0030025200966209,0.0,0.4270307984565445,val,4
S21163,314,5,2026-06-08,61,23,0.0030450787181872,0.0,0.3880891759427569,val,4
S21170,314,5,2026-06-08,21,20,0.0030963448291349,0.0,0.4412253436261901,val,4
S23353,314,5,2026-06-08,28,25,0.0029828884752562,0.0,0.4734075343504884,val,4
S24809,314,5,2026-06-08,24,25,0.0030187375913879,0.006248114251232,0.4634511342557847,val,4
S29963,314,5,2026-06-08,29,20,0.0030343698736692,0.0,0.4235986482405566,val,4
S31782,314,5,2026-06-08,45,20,0.0030240699327107,0.0021943476782741,0.3770599725517536,val,4
S33459,314,5,2026-06-08,44,21,0.003188247598656,0.005443175222053,0.4011673159148373,val,4
S33937,314,5,2026-06-08,51,27,0.0029691313636046,0.0201325594876415,0.417396832281022,val,4
S34432,314,5,2026-06-08,18,26,0.0028455094424476,0.0,0.4232891289103438,val,4
S00305,314,6,2026-06-08,39,28,0.0029130132914354,0.0065512832342512,0.4552848257011248,val,1
S02176,314,6,2026-06-08,31,28,0.0030294016862297,0.0,0.4008010502767691,val,1
S02841,314,6,2026-06-08,33,21,0.0030317003401203,0.0,0.4287420268477768,val,1
S06192,314,6,2026-06-08,49,30,0.0028119046243703,0.0090223380018335,0.3866716305933835,val,1
S06765,314,6,2026-06-08,45,31,0.00277479561981,0.0,0.3452369200832613,val,1
S10012,314,6,2026-06-08,38,13,0.002637566489715,0.0,0.4213249663838185,val,1
S11056,314,6,2026-06-08,44,29,0.0028724314654289,0.0146090534979423,0.3942762082226309,val,1
S13753,314,6,2026-06-08,60,20,0.0030700192512204,0.0053060451013833,0.4647633649547022,val,1
S16558,314,6,2026-06-08,47,19,0.0029184846193016,0.0,0.4246130259723941,val,1
S16670,314,6,2026-06-08,20,22,0.0030056057184071,0.0,0.4052877431651276,val,1
S19025,314,6,2026-06-08,60,23,0.0029520227171794,0.0084283536940821,0.4212063613175833,val,1
S19548,314,6,2026-06-08,46,13,0.0027296376958005,0.0051403512400968,0.4330505954580037,val,1
S22804,314,6,2026-06-08,43,19,0.0029872148492494,0.0065001732943584,0.417727510135453,val,1
S23719,314,6,2026-06-08,31,25,0.0031007367566456,0.0,0.4546435771282258,val,1
S29924,314,6,2026-06-08,53,27,0.002853512191124,0.0,0.4418395488273787,val,1
S29925,314,6,2026-06-08,48,29,0.002749884274898,0.0,0.3954139917405828,val,1
S35606,314,6,2026-06-08,16,20,0.0028156727607305,0.0060850933578206,0.4787873586088926,val,1
S36552,314,6,2026-06-08,37,21,0.0029915911244467,0.0,0.4537830238153311,val,1
S38640,314,6,2026-06-08,18,18,0.003063759513366,0.0,0.4128399416923782,val,1
S43472,314,6,2026-06-08,21,21,0.0029087714016119,0.0112451707421925,0.3828080088624472,val,1
S00305,314,6,2026-06-08,38,28,0.0029371051951856,0.0065512832342512,0.4552848257011248,val,2
S02176,314,6,2026-06-08,30,28,0.0028995027887245,0.0,0.4008010502767691,val,2
S02841,314,6,2026-06-08,34,21,0.0030347372424355,0.0,0.4287420268477768,val,2
S06192,314,6,2026-06-08,48,30,0.002803313432263,0.0090223380018335,0.3866716305933835,val,2
S06765,314,6,2026-06-08,46,31,0.002672023273019,0.0,0.3452369200832613,val,2
S10012,314,6,2026-06-08,39,13,0.0027458491190973,0.0,0.4213249663838185,val,2
S11056,314,6,2026-06-08,45,29,0.0028003458401333,0.0146090534979423,0.3942762082226309,val,2
S13753,314,6,2026-06-08,59,20,0.0028388602186899,0.0053060451013833,0.4647633649547022,val,2
S16558,314,6,2026-06-08,48,19,0.0030446706111402,0.0,0.4246130259723941,val,2
S16670,314,6,2026-06-08,18,22,0.0027849248571647,0.0,0.4052877431651276,val,2
S19025,314,6,2026-06-08,61,23,0.0026776382892786,0.0084283536940821,0.4212063613175833,val,2
S19548,314,6,2026-06-08,47,13,0.0026000588833823,0.0051403512400968,0.4330505954580037,val,2
S22804,314,6,2026-06-08,44,19,0.0027858971570225,0.0065001732943584,0.417727510135453,val,2
S23719,314,6,2026-06-08,32,25,0.0031172528879447,0.0,0.4546435771282258,val,2
S29924,314,6,2026-06-08,54,27,0.0028330986015142,0.0,0.4418395488273787,val,2
S29925,314,6,2026-06-08,49,29,0.0028871607502048,0.0,0.3954139917405828,val,2
S35606,314,6,2026-06-08,15,20,0.0027680294920991,0.0060850933578206,0.4787873586088926,val,2
S36552,314,6,2026-06-08,38,21,0.0030704481877418,0.0,0.4537830238153311,val,2
S38640,314,6,2026-06-08,17,18,0.0029802105835657,0.0,0.4128399416923782,val,2
S43472,314,6,2026-06-08,22,21,0.0030752875475621,0.0112451707421925,0.3828080088624472,val,2
S00305,314,6,2026-06-08,41,28,0.0029629736295707,0.0065512832342512,0.4552848257011248,val,3
S02176,314,6,2026-06-08,33,28,0.0029213289761663,0.0,0.4008010502767691,val,3
S02841,314,6,2026-06-08,31,21,0.0030368595293916,0.0,0.4287420268477768,val,3
S06192,314,6,2026-06-08,51,30,0.0027900713965739,0.0090223380018335,0.3866716305933835,val,3
S06765,314,6,2026-06-08,43,31,0.0028115491503698,0.0,0.3452369200832613,val,3
S10012,314,6,2026-06-08,36,13,0.0028277876894543,0.0,0.4213249663838185,val,3
S11056,314,6,2026-06-08,42,29,0.0029005178962157,0.0146090534979423,0.3942762082226309,val,3
S13753,314,6,2026-06-08,62,20,0.0030516980461624,0.0053060451013833,0.4647633649547022,val,3
S16558,314,6,2026-06-08,45,19,0.002987459742531,0.0,0.4246130259723941,val,3
S16670,314,6,2026-06-08,22,22,0.003060413269416,0.0,0.4052877431651276,val,3
S19025,314,6,2026-06-08,58,23,0.003023203070883,0.0084283536940821,0.4212063613175833,val,3
S19548,314,6,2026-06-08,44,13,0.0027809386346681,0.0051403512400968,0.4330505954580037,val,3
S22804,314,6,2026-06-08,39,19,0.003003674884407,0.0065001732943584,0.417727510135453,val,3
S23719,314,6,2026-06-08,29,25,0.0030797718367256,0.0,0.4546435771282258,val,3
S29924,314,6,2026-06-08,51,27,0.0028325870848754,0.0,0.4418395488273787,val,3
S29925,314,6,2026-06-08,46,29,0.0028229654300848,0.0,0.3954139917405828,val,3
S35606,314,6,2026-06-08,18,20,0.0030727215826915,0.0060850933578206,0.4787873586088926,val,3
S36552,314,6,2026-06-08,35,21,0.0030410889840205,0.0,0.4537830238153311,val,3
S38640,314,6,2026-06-08,20,18,0.0030867447216409,0.0,0.4128399416923782,val,3
S43472,314,6,2026-06-08,19,21,0.0029930732821983,0.0112451707421925,0.3828080088624472,val,3
S00305,314,6,2026-06-08,40,28,0.002860712039027,0.0065512832342512,0.4552848257011248,val,4
S02176,314,6,2026-06-08,32,28,0.0029675505466534,0.0,0.4008010502767691,val,4
S02841,314,6,2026-06-08,32,21,0.0028787175274114,0.0,0.4287420268477768,val,4
S06192,314,6,2026-06-08,50,30,0.0028064047374008,0.0090223380018335,0.3866716305933835,val,4
S06765,314,6,2026-06-08,44,31,0.0024888023336583,0.0,0.3452369200832613,val,4
S10012,314,6,2026-06-08,37,13,0.0028758963007306,0.0,0.4213249663838185,val,4
S11056,314,6,2026-06-08,43,29,0.0029189495638877,0.0146090534979423,0.3942762082226309,val,4
S13753,314,6,2026-06-08,61,20,0.0030155075306546,0.0053060451013833,0.4647633649547022,val,4
S16558,314,6,2026-06-08,46,19,0.002967076925908,0.0,0.4246130259723941,val,4
S16670,314,6,2026-06-08,21,22,0.0030630940195039,0.0,0.4052877431651276,val,4
S19025,314,6,2026-06-08,59,23,0.0029845503196903,0.0084283536940821,0.4212063613175833,val,4
S19548,314,6,2026-06-08,45,13,0.0027472850725852,0.0051403512400968,0.4330505954580037,val,4
S22804,314,6,2026-06-08,40,19,0.0028904565353692,0.0065001732943584,0.417727510135453,val,4
S23719,314,6,2026-06-08,30,25,0.0030824179753541,0.0,0.4546435771282258,val,4
S29924,314,6,2026-06-08,52,27,0.0028386067709268,0.0,0.4418395488273787,val,4
S29925,314,6,2026-06-08,47,29,0.0028660542207259,0.0,0.3954139917405828,val,4
S35606,314,6,2026-06-08,17,20,0.0029756691394634,0.0060850933578206,0.4787873586088926,val,4
S36552,314,6,2026-06-08,36,21,0.0030277606358419,0.0,0.4537830238153311,val,4
S38640,314,6,2026-06-08,19,18,0.0029532362662275,0.0,0.4128399416923782,val,4
S43472,314,6,2026-06-08,20,21,0.0028864569837598,0.0112451707421925,0.3828080088624472,val,4
S00239,314,7,2026-06-08,60,26,0.0021203007709744,0.0024128556170501,0.3430354289900446,val,1
S00242,314,7,2026-06-08,22,25,0.0023697757803376,0.0,0.4409745728495668,val,1
S04603,314,7,2026-06-08,51,29,0.002253701231554,0.0,0.3618232875073914,val,1
S06800,314,7,2026-06-08,46,31,0.0020088370401004,0.0,0.330655037379977,val,1
S11053,314,7,2026-06-08,27,15,0.0024529321090122,0.0044089403018837,0.4007128858737004,val,1
S16562,314,7,2026-06-08,44,16,0.0024928085308065,0.0,0.3524395659899589,val,1
S16669,314,7,2026-06-08,25,28,0.002193615445607,0.0,0.3831435830020311,val,1
S16673,314,7,2026-06-08,31,14,0.0025842966905033,0.0,0.4032775361479242,val,1
S19011,314,7,2026-06-08,35,29,0.0020255903122209,0.0,0.3665518542022347,val,1
S22322,314,7,2026-06-08,62,21,0.0024557659378942,0.0,0.3543655434956527,val,1
S22336,314,7,2026-06-08,58,23,0.0023492738888607,0.0,0.3485539693228223,val,1
S24443,314,7,2026-06-08,50,28,0.0020367526334978,0.0,0.2979008720574428,val,1
S37534,314,7,2026-06-08,23,21,0.0022835466232431,0.0,0.3816693476063446,val,1
S40907,314,7,2026-06-08,23,14,0.0025660797289986,0.0,0.3741338116098952,val,1
S42148,314,7,2026-06-08,54,21,0.0021888766853143,0.0153419294623515,0.3469887789536334,val,1
S42800,314,7,2026-06-08,55,17,0.0024523529718365,0.0,0.3398174551514579,val,1
S00239,314,7,2026-06-08,59,26,0.0024384393794927,0.0024128556170501,0.3430354289900446,val,2
S00242,314,7,2026-06-08,23,25,0.0021420715993324,0.0,0.4409745728495668,val,2
S04603,314,7,2026-06-08,52,29,0.0022206635341671,0.0,0.3618232875073914,val,2
S06800,314,7,2026-06-08,49,31,0.0018867740516987,0.0,0.330655037379977,val,2
S11053,314,7,2026-06-08,28,15,0.0024363765452802,0.0044089403018837,0.4007128858737004,val,2
S16562,314,7,2026-06-08,43,16,0.0022827094353866,0.0,0.3524395659899589,val,2
S16669,314,7,2026-06-08,24,28,0.0020857255173499,0.0,0.3831435830020311,val,2
S16673,314,7,2026-06-08,30,14,0.0025267609323205,0.0,0.4032775361479242,val,2
S19011,314,7,2026-06-08,36,29,0.0019919182228063,0.0,0.3665518542022347,val,2
S22322,314,7,2026-06-08,63,21,0.0025577093241264,0.0,0.3543655434956527,val,2
S22336,314,7,2026-06-08,59,23,0.0025208177107165,0.0,0.3485539693228223,val,2
S24443,314,7,2026-06-08,49,28,0.0021323675163189,0.0,0.2979008720574428,val,2
S37534,314,7,2026-06-08,24,21,0.0023639822093769,0.0,0.3816693476063446,val,2
S40907,314,7,2026-06-08,21,15,0.0025473460987535,0.0,0.3741338116098952,val,2
S42148,314,7,2026-06-08,55,21,0.0022016182051914,0.0153419294623515,0.3469887789536334,val,2
S42800,314,7,2026-06-08,56,17,0.0025976849135998,0.0,0.3398174551514579,val,2
S00239,314,7,2026-06-08,64,25,0.0023176866051738,0.0024128556170501,0.3430354289900446,val,3
S00242,314,7,2026-06-08,20,25,0.0023396836547672,0.0,0.4409745728495668,val,3
S04603,314,7,2026-06-08,49,29,0.0021982113359001,0.0,0.3618232875073914,val,3
S06800,314,7,2026-06-08,44,31,0.0018838394159829,0.0,0.330655037379977,val,3
S11053,314,7,2026-06-08,25,15,0.0027198596153907,0.0044089403018837,0.4007128858737004,val,3
S16562,314,7,2026-06-08,46,16,0.0022911789047872,0.0,0.3524395659899589,val,3
S16669,314,7,2026-06-08,27,28,0.0021309457974027,0.0,0.3831435830020311,val,3
S16673,314,7,2026-06-08,34,14,0.0023867858597019,0.0,0.4032775361479242,val,3
S19011,314,7,2026-06-08,33,29,0.0021852372814793,0.0,0.3665518542022347,val,3
S22322,314,7,2026-06-08,60,21,0.0025351238388877,0.0,0.3543655434956527,val,3
S22336,314,7,2026-06-08,56,23,0.0024708096045821,0.0,0.3485539693228223,val,3
S24443,314,7,2026-06-08,52,28,0.0020760851599188,0.0,0.2979008720574428,val,3
S37534,314,7,2026-06-08,21,21,0.0023227293426862,0.0,0.3816693476063446,val,3
S40907,314,7,2026-06-08,25,14,0.0025958122053088,0.0,0.3741338116098952,val,3
S42148,314,7,2026-06-08,52,21,0.0020725088833406,0.0153419294623515,0.3469887789536334,val,3
S42800,314,7,2026-06-08,52,17,0.0023320600648134,0.0,0.3398174551514579,val,3
S00239,314,7,2026-06-08,62,26,0.0021345821338538,0.0024128556170501,0.3430354289900446,val,4
S00242,314,7,2026-06-08,21,25,0.0025155034997468,0.0,0.4409745728495668,val,4
S04603,314,7,2026-06-08,50,29,0.0020737009026203,0.0,0.3618232875073914,val,4
S06800,314,7,2026-06-08,45,31,0.0020912850265528,0.0,0.330655037379977,val,4
S11053,314,7,2026-06-08,26,15,0.0025574317082473,0.0044089403018837,0.4007128858737004,val,4
S16562,314,7,2026-06-08,45,16,0.0022206596564084,0.0,0.3524395659899589,val,4
S16669,314,7,2026-06-08,26,28,0.0021849863718077,0.0,0.3831435830020311,val,4
S16673,314,7,2026-06-08,33,14,0.0024735347055987,0.0,0.4032775361479242,val,4
S19011,314,7,2026-06-08,34,29,0.0020693580706956,0.0,0.3665518542022347,val,4
S22322,314,7,2026-06-08,61,21,0.0025561959526111,0.0,0.3543655434956527,val,4
S22336,314,7,2026-06-08,57,23,0.002344280510793,0.0,0.3485539693228223,val,4
S24443,314,7,2026-06-08,51,28,0.0020088781673282,0.0,0.2979008720574428,val,4
S37534,314,7,2026-06-08,22,21,0.0022750386905736,0.0,0.3816693476063446,val,4
S40907,314,7,2026-06-08,24,14,0.0025818716729602,0.0,0.3741338116098952,val,4
S42148,314,7,2026-06-08,53,21,0.0020821355421489,0.0153419294623515,0.3469887789536334,val,4
S42800,314,7,2026-06-08,54,17,0.0023689589894786,0.0,0.3398174551514579,val,4
S01277,314,8,2026-06-08,34,18,0.0029025845963226,0.0,0.4240910994305085,val,1
S02514,314,8,2026-06-08,49,31,0.0021873576437538,0.0,0.3975451486304322,val,1
S02802,314,8,2026-06-08,53,14,0.0028719159719993,0.0,0.4418553035344167,val,1
S05558,314,8,2026-06-08,41,11,0.0021228287322814,0.0,0.4061936810826504,val,1
S05711,314,8,2026-06-08,17,24,0.0028082085259313,0.0052813346793475,0.4650055981976393,val,1
S06485,314,8,2026-06-08,39,19,0.0029996350974575,0.004671316051657,0.4713922209151414,val,1
S07749,314,8,2026-06-08,21,22,0.003023684702331,0.0066863535157169,0.4215462235489706,val,1
S10984,314,8,2026-06-08,60,26,0.0029131185861265,0.0063675090483969,0.4206023102490818,val,1
S10994,314,8,2026-06-08,20,24,0.002752541520228,0.0222926007980866,0.4658451980828612,val,1
S12836,314,8,2026-06-08,43,18,0.0029346500456516,0.0,0.4156862659333205,val,1
S12840,314,8,2026-06-08,14,21,0.0026811314580898,0.0,0.4685348076914425,val,1
S17688,314,8,2026-06-08,45,28,0.002878069625784,0.0223400071170378,0.4614589675648499,val,1
S17692,314,8,2026-06-08,39,24,0.0031773872170923,0.0198936560322698,0.4465729452887954,val,1
S18107,314,8,2026-06-08,35,23,0.0032564431669872,0.0,0.4742307375908636,val,1
S23156,314,8,2026-06-08,30,28,0.0029149184496664,0.0,0.4602126472706929,val,1
S25706,314,8,2026-06-08,44,13,0.0028174530228661,0.0,0.4368339883809941,val,1
S26254,314,8,2026-06-08,55,30,0.0018143980130615,0.0,0.3073153302298312,val,1
S33520,314,8,2026-06-08,38,12,0.002865733888061,0.001809437472467,0.4454125229376307,val,1
S34177,314,8,2026-06-08,16,17,0.001882259448357,0.0,0.4792511279395589,val,1
S35977,314,8,2026-06-08,37,16,0.0027547689708544,0.0019962966087057,0.4223961483459478,val,1
S35981,314,8,2026-06-08,28,24,0.0031652218521447,0.0,0.4800691013987927,val,1
S42716,314,8,2026-06-08,30,31,0.0022078205092329,0.0,0.3561658523841024,val,1
S01277,314,8,2026-06-08,32,18,0.0031040068321045,0.0,0.4240910994305085,val,2
S02514,314,8,2026-06-08,46,32,0.0015498328145945,0.0,0.3975451486304322,val,2
S02802,314,8,2026-06-08,52,14,0.002937102973109,0.0,0.4418553035344167,val,2
S05558,314,8,2026-06-08,31,12,0.0019697516253905,0.0,0.4061936810826504,val,2
S05711,314,8,2026-06-08,15,24,0.0027589164749103,0.0052813346793475,0.4650055981976393,val,2
S06485,314,8,2026-06-08,42,19,0.002948009953637,0.004671316051657,0.4713922209151414,val,2
S07749,314,8,2026-06-08,19,22,0.0029400733499332,0.0066863535157169,0.4215462235489706,val,2
S10984,314,8,2026-06-08,58,26,0.0030418225532042,0.0063675090483969,0.4206023102490818,val,2
S10994,314,8,2026-06-08,18,24,0.0028972662833534,0.0222926007980866,0.4658451980828612,val,2
S12836,314,8,2026-06-08,42,18,0.0028512860686778,0.0,0.4156862659333205,val,2
S12840,314,8,2026-06-08,15,21,0.0026763493902893,0.0,0.4685348076914425,val,2
S17688,314,8,2026-06-08,43,28,0.0028334809521438,0.0223400071170378,0.4614589675648499,val,2
S17692,314,8,2026-06-08,37,24,0.003143235470918,0.0198936560322698,0.4465729452887954,val,2
S18107,314,8,2026-06-08,37,23,0.0032396449741544,0.0,0.4742307375908636,val,2
S23156,314,8,2026-06-08,28,28,0.0028185997805358,0.0,0.4602126472706929,val,2
S25706,314,8,2026-06-08,46,13,0.0025930732519178,0.0,0.4368339883809941,val,2
S26254,314,8,2026-06-08,53,30,0.0024813919150992,0.0,0.3073153302298312,val,2
S33520,314,8,2026-06-08,36,12,0.0027940957935164,0.001809437472467,0.4454125229376307,val,2
S34177,314,8,2026-06-08,14,25,0.0020677521136007,0.0,0.4792511279395589,val,2
S35977,314,8,2026-06-08,35,16,0.0027089207901904,0.0019962966087057,0.4223961483459478,val,2
S35981,314,8,2026-06-08,26,24,0.0031170718682461,0.0,0.4800691013987927,val,2
S42716,314,8,2026-06-08,37,32,0.001706940831977,0.0,0.3561658523841024,val,2
S01277,314,8,2026-06-08,39,18,0.0029399007341311,0.0,0.4240910994305085,val,3
S02514,314,8,2026-06-08,45,31,0.0023780231244488,0.0,0.3975451486304322,val,3
S02802,314,8,2026-06-08,55,14,0.0026819570708162,0.0,0.4418553035344167,val,3
S05558,314,8,2026-06-08,37,11,0.0026008267211992,0.0,0.4061936810826504,val,3
S05711,314,8,2026-06-08,21,24,0.0029916862229264,0.0052813346793475,0.4650055981976393,val,3
S06485,314,8,2026-06-08,35,19,0.002987363367391,0.004671316051657,0.4713922209151414,val,3
S07749,314,8,2026-06-08,25,22,0.0031099181774877,0.0066863535157169,0.4215462235489706,val,3
S10984,314,8,2026-06-08,63,25,0.003022611301197,0.0063675090483969,0.4206023102490818,val,3
S10994,314,8,2026-06-08,24,24,0.0030761086934145,0.0222926007980866,0.4658451980828612,val,3
S12836,314,8,2026-06-08,45,18,0.0029813394880391,0.0,0.4156862659333205,val,3
S12840,314,8,2026-06-08,13,20,0.0027456633537899,0.0,0.4685348076914425,val,3
S17688,314,8,2026-06-08,50,28,0.0029152756895104,0.0223400071170378,0.4614589675648499,val,3
S17692,314,8,2026-06-08,43,24,0.0031484350565566,0.0198936560322698,0.4465729452887954,val,3
S18107,314,8,2026-06-08,31,23,0.0031470702159869,0.0,0.4742307375908636,val,3
S23156,314,8,2026-06-08,34,28,0.0027572099015332,0.0,0.4602126472706929,val,3
S25706,314,8,2026-06-08,40,13,0.0027797423192133,0.0,0.4368339883809941,val,3
S26254,314,8,2026-06-08,62,27,0.0028063331302716,0.0,0.3073153302298312,val,3
S33520,314,8,2026-06-08,43,12,0.0025687565074236,0.001809437472467,0.4454125229376307,val,3
S34177,314,8,2026-06-08,22,14,0.0019287317440549,0.0,0.4792511279395589,val,3
S35977,314,8,2026-06-08,41,16,0.0029227311795007,0.0019962966087057,0.4223961483459478,val,3
S35981,314,8,2026-06-08,32,24,0.0032642924040575,0.0,0.4800691013987927,val,3
S42716,314,8,2026-06-08,25,30,0.0017046163668584,0.0,0.3561658523841024,val,3
S01277,314,8,2026-06-08,36,18,0.002857322866541,0.0,0.4240910994305085,val,4
S02514,314,8,2026-06-08,47,31,0.0025392616766215,0.0,0.3975451486304322,val,4
S02802,314,8,2026-06-08,54,14,0.0028650155814886,0.0,0.4418553035344167,val,4
S05558,314,8,2026-06-08,39,11,0.0017477327999563,0.0,0.4061936810826504,val,4
S05711,314,8,2026-06-08,19,24,0.0027986199654118,0.0052813346793475,0.4650055981976393,val,4
S06485,314,8,2026-06-08,37,19,0.0030398051240753,0.004671316051657,0.4713922209151414,val,4
S07749,314,8,2026-06-08,23,22,0.0029945522722461,0.0066863535157169,0.4215462235489706,val,4
S10984,314,8,2026-06-08,62,26,0.0029767939636911,0.0063675090483969,0.4206023102490818,val,4
S10994,314,8,2026-06-08,22,24,0.0029364554155635,0.0222926007980866,0.4658451980828612,val,4
S12836,314,8,2026-06-08,44,18,0.0029733733689386,0.0,0.4156862659333205,val,4
S12840,314,8,2026-06-08,13,21,0.0026593960043397,0.0,0.4685348076914425,val,4
S17688,314,8,2026-06-08,47,28,0.0030364988375277,0.0223400071170378,0.4614589675648499,val,4
S17692,314,8,2026-06-08,41,24,0.0031681632714328,0.0198936560322698,0.4465729452887954,val,4
S18107,314,8,2026-06-08,33,23,0.0030927947323162,0.0,0.4742307375908636,val,4
S23156,314,8,2026-06-08,32,28,0.0028760015139045,0.0,0.4602126472706929,val,4
S25706,314,8,2026-06-08,42,13,0.0028074643459668,0.0,0.4368339883809941,val,4
S26254,314,8,2026-06-08,59,28,0.0026965713159862,0.0,0.3073153302298312,val,4
S33520,314,8,2026-06-08,41,12,0.0027404418207857,0.001809437472467,0.4454125229376307,val,4
S34177,314,8,2026-06-08,21,14,0.0018564695331625,0.0,0.4792511279395589,val,4
S35977,314,8,2026-06-08,39,16,0.0028479922228101,0.0019962966087057,0.4223961483459478,val,4
S35981,314,8,2026-06-08,30,24,0.0031653878358052,0.0,0.4800691013987927,val,4
S42716,314,8,2026-06-08,27,31,0.0018144247643844,0.0,0.3561658523841024,val,4
S00305,314,9,2026-06-08,39,28,0.0029130132914354,0.0065512832342512,0.4552848257011248,val,1
S02176,314,9,2026-06-08,31,28,0.0030294016862297,0.0,0.4008010502767691,val,1
S02841,314,9,2026-06-08,33,21,0.0030317003401203,0.0,0.4287420268477768,val,1
S06192,314,9,2026-06-08,49,30,0.0028119046243703,0.0090223380018335,0.3866716305933835,val,1
S06765,314,9,2026-06-08,45,31,0.00277479561981,0.0,0.3452369200832613,val,1
S10012,314,9,2026-06-08,38,13,0.002637566489715,0.0,0.4213249663838185,val,1
S11056,314,9,2026-06-08,44,29,0.0028724314654289,0.0146090534979423,0.3942762082226309,val,1
S13753,314,9,2026-06-08,60,20,0.0030700192512204,0.0053060451013833,0.4647633649547022,val,1
S16558,314,9,2026-06-08,47,19,0.0029184846193016,0.0,0.4246130259723941,val,1
S16670,314,9,2026-06-08,20,22,0.0030056057184071,0.0,0.4052877431651276,val,1
S19025,314,9,2026-06-08,60,23,0.0029520227171794,0.0084283536940821,0.4212063613175833,val,1
S19548,314,9,2026-06-08,46,13,0.0027296376958005,0.0051403512400968,0.4330505954580037,val,1
S22804,314,9,2026-06-08,43,19,0.0029872148492494,0.0065001732943584,0.417727510135453,val,1
S23719,314,9,2026-06-08,31,25,0.0031007367566456,0.0,0.4546435771282258,val,1
S29924,314,9,2026-06-08,53,27,0.002853512191124,0.0,0.4418395488273787,val,1
S29925,314,9,2026-06-08,48,29,0.002749884274898,0.0,0.3954139917405828,val,1
S35606,314,9,2026-06-08,16,20,0.0028156727607305,0.0060850933578206,0.4787873586088926,val,1
S36552,314,9,2026-06-08,37,21,0.0029915911244467,0.0,0.4537830238153311,val,1
S38640,314,9,2026-06-08,18,18,0.003063759513366,0.0,0.4128399416923782,val,1
S43472,314,9,2026-06-08,21,21,0.0029087714016119,0.0112451707421925,0.3828080088624472,val,1
S00305,314,9,2026-06-08,38,28,0.0029371051951856,0.0065512832342512,0.4552848257011248,val,2
S02176,314,9,2026-06-08,30,28,0.0028995027887245,0.0,0.4008010502767691,val,2
S02841,314,9,2026-06-08,34,21,0.0030347372424355,0.0,0.4287420268477768,val,2
S06192,314,9,2026-06-08,48,30,0.002803313432263,0.0090223380018335,0.3866716305933835,val,2
S06765,314,9,2026-06-08,46,31,0.002672023273019,0.0,0.3452369200832613,val,2
S10012,314,9,2026-06-08,39,13,0.0027458491190973,0.0,0.4213249663838185,val,2
S11056,314,9,2026-06-08,45,29,0.0028003458401333,0.0146090534979423,0.3942762082226309,val,2
S13753,314,9,2026-06-08,59,20,0.0028388602186899,0.0053060451013833,0.4647633649547022,val,2
S16558,314,9,2026-06-08,48,19,0.0030446706111402,0.0,0.4246130259723941,val,2
S16670,314,9,2026-06-08,18,22,0.0027849248571647,0.0,0.4052877431651276,val,2
S19025,314,9,2026-06-08,61,23,0.0026776382892786,0.0084283536940821,0.4212063613175833,val,2
S19548,314,9,2026-06-08,47,13,0.0026000588833823,0.0051403512400968,0.4330505954580037,val,2
S22804,314,9,2026-06-08,44,19,0.0027858971570225,0.0065001732943584,0.417727510135453,val,2
S23719,314,9,2026-06-08,32,25,0.0031172528879447,0.0,0.4546435771282258,val,2
S29924,314,9,2026-06-08,54,27,0.0028330986015142,0.0,0.4418395488273787,val,2
S29925,314,9,2026-06-08,49,29,0.0028871607502048,0.0,0.3954139917405828,val,2
S35606,314,9,2026-06-08,15,20,0.0027680294920991,0.0060850933578206,0.4787873586088926,val,2
S36552,314,9,2026-06-08,38,21,0.0030704481877418,0.0,0.4537830238153311,val,2
S38640,314,9,2026-06-08,17,18,0.0029802105835657,0.0,0.4128399416923782,val,2
S43472,314,9,2026-06-08,22,21,0.0030752875475621,0.0112451707421925,0.3828080088624472,val,2
S00305,314,9,2026-06-08,41,28,0.0029629736295707,0.0065512832342512,0.4552848257011248,val,3
S02176,314,9,2026-06-08,33,28,0.0029213289761663,0.0,0.4008010502767691,val,3
S02841,314,9,2026-06-08,31,21,0.0030368595293916,0.0,0.4287420268477768,val,3
S06192,314,9,2026-06-08,51,30,0.0027900713965739,0.0090223380018335,0.3866716305933835,val,3
S06765,314,9,2026-06-08,43,31,0.0028115491503698,0.0,0.3452369200832613,val,3
S10012,314,9,2026-06-08,36,13,0.0028277876894543,0.0,0.4213249663838185,val,3
S11056,314,9,2026-06-08,42,29,0.0029005178962157,0.0146090534979423,0.3942762082226309,val,3
S13753,314,9,2026-06-08,62,20,0.0030516980461624,0.0053060451013833,0.4647633649547022,val,3
S16558,314,9,2026-06-08,45,19,0.002987459742531,0.0,0.4246130259723941,val,3
S16670,314,9,2026-06-08,22,22,0.003060413269416,0.0,0.4052877431651276,val,3
S19025,314,9,2026-06-08,58,23,0.003023203070883,0.0084283536940821,0.4212063613175833,val,3
S19548,314,9,2026-06-08,44,13,0.0027809386346681,0.0051403512400968,0.4330505954580037,val,3
S22804,314,9,2026-06-08,39,19,0.003003674884407,0.0065001732943584,0.417727510135453,val,3
S23719,314,9,2026-06-08,29,25,0.0030797718367256,0.0,0.4546435771282258,val,3
S29924,314,9,2026-06-08,51,27,0.0028325870848754,0.0,0.4418395488273787,val,3
S29925,314,9,2026-06-08,46,29,0.0028229654300848,0.0,0.3954139917405828,val,3
S35606,314,9,2026-06-08,18,20,0.0030727215826915,0.0060850933578206,0.4787873586088926,val,3
S36552,314,9,2026-06-08,35,21,0.0030410889840205,0.0,0.4537830238153311,val,3
S38640,314,9,2026-06-08,20,18,0.0030867447216409,0.0,0.4128399416923782,val,3
S43472,314,9,2026-06-08,19,21,0.0029930732821983,0.0112451707421925,0.3828080088624472,val,3
S00305,314,9,2026-06-08,40,28,0.002860712039027,0.0065512832342512,0.4552848257011248,val,4
S02176,314,9,2026-06-08,32,28,0.0029675505466534,0.0,0.4008010502767691,val,4
S02841,314,9,2026-06-08,32,21,0.0028787175274114,0.0,0.4287420268477768,val,4
S06192,314,9,2026-06-08,50,30,0.0028064047374008,0.0090223380018335,0.3866716305933835,val,4
S06765,314,9,2026-06-08,44,31,0.0024888023336583,0.0,0.3452369200832613,val,4
S10012,314,9,2026-06-08,37,13,0.0028758963007306,0.0,0.4213249663838185,val,4
S11056,314,9,2026-06-08,43,29,0.0029189495638877,0.0146090534979423,0.3942762082226309,val,4
S13753,314,9,2026-06-08,61,20,0.0030155075306546,0.0053060451013833,0.4647633649547022,val,4
S16558,314,9,2026-06-08,46,19,0.002967076925908,0.0,0.4246130259723941,val,4
S16670,314,9,2026-06-08,21,22,0.0030630940195039,0.0,0.4052877431651276,val,4
S19025,314,9,2026-06-08,59,23,0.0029845503196903,0.0084283536940821,0.4212063613175833,val,4
S19548,314,9,2026-06-08,45,13,0.0027472850725852,0.0051403512400968,0.4330505954580037,val,4
S22804,314,9,2026-06-08,40,19,0.0028904565353692,0.0065001732943584,0.417727510135453,val,4
S23719,314,9,2026-06-08,30,25,0.0030824179753541,0.0,0.4546435771282258,val,4
S29924,314,9,2026-06-08,52,27,0.0028386067709268,0.0,0.4418395488273787,val,4
S29925,314,9,2026-06-08,47,29,0.0028660542207259,0.0,0.3954139917405828,val,4
S35606,314,9,2026-06-08,17,20,0.0029756691394634,0.0060850933578206,0.4787873586088926,val,4
S36552,314,9,2026-06-08,36,21,0.0030277606358419,0.0,0.4537830238153311,val,4
S38640,314,9,2026-06-08,19,18,0.0029532362662275,0.0,0.4128399416923782,val,4
S43472,314,9,2026-06-08,20,21,0.0028864569837598,0.0112451707421925,0.3828080088624472,val,4
S02445,314,10,2026-06-08,30,28,0.0016125104075258,0.0,0.3635087065749698,val,1
S02864,314,10,2026-06-08,26,20,0.0017004263539549,0.0,0.3413819223395277,val,1
S02865,314,10,2026-06-08,19,22,0.0017793570530523,0.0,0.3857959791886617,val,1
S03931,314,10,2026-06-08,27,19,0.0018372073261602,0.0,0.3770669292893602,val,1
S04233,314,10,2026-06-08,48,30,0.0018016644944322,0.0,0.3599864604932497,val,1
S05302,314,10,2026-06-08,46,26,0.0015374441863866,0.0,0.3022931258742443,val,1
S05306,314,10,2026-06-08,22,28,0.0017059434372555,0.0,0.3213034947620022,val,1
S07346,314,10,2026-06-08,25,14,0.0017250357267433,0.0,0.3898033482234161,val,1
S14767,314,10,2026-06-08,41,16,0.0018130683788551,0.0,0.3320471965602267,val,1
S16686,314,10,2026-06-08,53,29,0.0017067615170028,0.0,0.2908396963199233,val,1
S19949,314,10,2026-06-08,23,21,0.0019146106662495,0.0,0.3478333740687245,val,1
S22333,314,10,2026-06-08,27,24,0.001875097431088,0.0,0.3986546959285282,val,1
S22810,314,10,2026-06-08,56,25,0.0018462872940453,0.0063934958722072,0.3216640040823684,val,1
S23839,314,10,2026-06-08,58,20,0.0020877294559151,0.0,0.386911909935905,val,1
S25033,314,10,2026-06-08,28,30,0.0018068024546162,0.0,0.3171880944991403,val,1
S25584,314,10,2026-06-08,25,25,0.0019419037306306,0.0,0.3550618446101255,val,1
S25585,314,10,2026-06-08,41,25,0.0015458733341749,0.0,0.2441963384623184,val,1
S25586,314,10,2026-06-08,44,30,0.0016207872147309,0.0,0.2627797459104612,val,1
S26437,314,10,2026-06-08,47,27,0.0016949292277125,0.0,0.3600190554412116,val,1
S26805,314,10,2026-06-08,33,16,0.0016482646907695,0.0012590278886076,0.3162735765968466,val,1
S29936,314,10,2026-06-08,14,20,0.0017832109960639,0.0,0.4252269579926982,val,1
S35111,314,10,2026-06-08,38,18,0.00165215889417,0.0178977883553163,0.3042844927258148,val,1
S37201,314,10,2026-06-08,59,15,0.0016381437721422,0.0,0.3981344967424927,val,1
S37292,314,10,2026-06-08,53,28,0.0017259572317659,0.0,0.3028575108914553,val,1
S41196,314,10,2026-06-08,30,20,0.0020738206348808,0.0,0.3488169729041019,val,1
S42407,314,10,2026-06-08,34,26,0.0015710732528077,0.0,0.3127724364645874,val,1
S02445,314,10,2026-06-08,29,28,0.0017223660378961,0.0,0.3635087065749698,val,2
S02864,314,10,2026-06-08,25,20,0.0018486968135842,0.0,0.3413819223395277,val,2
S02865,314,10,2026-06-08,18,22,0.0017710940573173,0.0,0.3857959791886617,val,2
S03931,314,10,2026-06-08,28,19,0.0016205664724079,0.0,0.3770669292893602,val,2
S04233,314,10,2026-06-08,47,30,0.0015472872589134,0.0,0.3599864604932497,val,2
S05302,314,10,2026-06-08,45,26,0.0015846236100193,0.0,0.3022931258742443,val,2
S05306,314,10,2026-06-08,21,28,0.0016633359360814,0.0,0.3213034947620022,val,2
S07346,314,10,2026-06-08,24,14,0.0016040146950873,0.0,0.3898033482234161,val,2
S14767,314,10,2026-06-08,40,16,0.0017938269130649,0.0,0.3320471965602267,val,2
S16686,314,10,2026-06-08,54,29,0.0019088558862381,0.0,0.2908396963199233,val,2
S19949,314,10,2026-06-08,24,21,0.001779185845858,0.0,0.3478333740687245,val,2
S22333,314,10,2026-06-08,26,24,0.0017988488693494,0.0,0.3986546959285282,val,2
S22810,314,10,2026-06-08,57,25,0.0019922781088682,0.0063934958722072,0.3216640040823684,val,2
S23839,314,10,2026-06-08,57,20,0.0022316350739598,0.0,0.386911909935905,val,2
S25033,314,10,2026-06-08,32,31,0.0016023492387994,0.0,0.3171880944991403,val,2
S25584,314,10,2026-06-08,26,25,0.0018397962687556,0.0,0.3550618446101255,val,2
S25585,314,10,2026-06-08,45,25,0.0018336109804531,0.0,0.2441963384623184,val,2
S25586,314,10,2026-06-08,43,30,0.0016258014725697,0.0,0.2627797459104612,val,2
S26437,314,10,2026-06-08,48,27,0.0017556263762264,0.0,0.3600190554412116,val,2
S26805,314,10,2026-06-08,32,16,0.0016771030802396,0.0012590278886076,0.3162735765968466,val,2
S29936,314,10,2026-06-08,13,20,0.0016554960470415,0.0,0.4252269579926982,val,2
S35111,314,10,2026-06-08,37,18,0.0017130224504189,0.0178977883553163,0.3042844927258148,val,2
S37201,314,10,2026-06-08,60,15,0.0016583139261572,0.0,0.3981344967424927,val,2
S37292,314,10,2026-06-08,52,28,0.0015624121481848,0.0,0.3028575108914553,val,2
S41196,314,10,2026-06-08,29,20,0.001929621405293,0.0,0.3488169729041019,val,2
S42407,314,10,2026-06-08,32,26,0.001873139051797,0.0,0.3127724364645874,val,2
S02445,314,10,2026-06-08,34,28,0.0018983792038508,0.0,0.3635087065749698,val,3
S02864,314,10,2026-06-08,28,20,0.0018007023225791,0.0,0.3413819223395277,val,3
S02865,314,10,2026-06-08,22,22,0.0017809760460313,0.0,0.3857959791886617,val,3
S03931,314,10,2026-06-08,24,19,0.0018859965083474,0.0,0.3770669292893602,val,3
S04233,314,10,2026-06-08,50,30,0.0018321684335206,0.0,0.3599864604932497,val,3
S05302,314,10,2026-06-08,48,26,0.0017101906670233,0.0,0.3022931258742443,val,3
S05306,314,10,2026-06-08,24,28,0.0017095096685445,0.0,0.3213034947620022,val,3
S07346,314,10,2026-06-08,28,14,0.0018240522387441,0.0,0.3898033482234161,val,3
S14767,314,10,2026-06-08,43,16,0.0018570999262047,0.0,0.3320471965602267,val,3
S16686,314,10,2026-06-08,51,29,0.0014982453070773,0.0,0.2908396963199233,val,3
S19949,314,10,2026-06-08,21,21,0.0017237451003184,0.0,0.3478333740687245,val,3
S22333,314,10,2026-06-08,29,24,0.001848638075338,0.0,0.3986546959285282,val,3
S22810,314,10,2026-06-08,54,25,0.001560668663331,0.0063934958722072,0.3216640040823684,val,3
S23839,314,10,2026-06-08,60,20,0.0023368742808798,0.0,0.386911909935905,val,3
S25033,314,10,2026-06-08,30,30,0.0017883410266887,0.0,0.3171880944991403,val,3
S25584,314,10,2026-06-08,23,25,0.0017626778599379,0.0,0.3550618446101255,val,3
S25585,314,10,2026-06-08,39,25,0.0014977988213707,0.0,0.2441963384623184,val,3
S25586,314,10,2026-06-08,46,30,0.0017826312686628,0.0,0.2627797459104612,val,3
S26437,314,10,2026-06-08,45,27,0.0016280262972199,0.0,0.3600190554412116,val,3
S26805,314,10,2026-06-08,35,16,0.0018992902590209,0.0012590278886076,0.3162735765968466,val,3
S29936,314,10,2026-06-08,16,20,0.0016784375097127,0.0,0.4252269579926982,val,3
S35111,314,10,2026-06-08,40,18,0.0016744605330491,0.0178977883553163,0.3042844927258148,val,3
S37201,314,10,2026-06-08,58,14,0.001742526228352,0.0,0.3981344967424927,val,3
S37292,314,10,2026-06-08,55,28,0.0017297424002769,0.0,0.3028575108914553,val,3
S41196,314,10,2026-06-08,32,20,0.0018385096650074,0.0,0.3488169729041019,val,3
S42407,314,10,2026-06-08,36,26,0.0017105524233382,0.0,0.3127724364645874,val,3
S02445,314,10,2026-06-08,33,28,0.0016053200248437,0.0,0.3635087065749698,val,4
S02864,314,10,2026-06-08,27,20,0.0017051555086157,0.0,0.3413819223395277,val,4
S02865,314,10,2026-06-08,21,22,0.0016545543214074,0.0,0.3857959791886617,val,4
S03931,314,10,2026-06-08,25,19,0.001695451878938,0.0,0.3770669292893602,val,4
S04233,314,10,2026-06-08,49,30,0.001662228361976,0.0,0.3599864604932497,val,4
S05302,314,10,2026-06-08,47,26,0.001742468133628,0.0,0.3022931258742443,val,4
S05306,314,10,2026-06-08,23,28,0.0018703061222511,0.0,0.3213034947620022,val,4
S07346,314,10,2026-06-08,27,14,0.0017759739713647,0.0,0.3898033482234161,val,4
S14767,314,10,2026-06-08,42,16,0.0015736501955197,0.0,0.3320471965602267,val,4
S16686,314,10,2026-06-08,52,29,0.0017015160311038,0.0,0.2908396963199233,val,4
S19949,314,10,2026-06-08,22,21,0.001851266321683,0.0,0.3478333740687245,val,4
S22333,314,10,2026-06-08,28,24,0.0016447588789171,0.0,0.3986546959285282,val,4
S22810,314,10,2026-06-08,55,25,0.0019098332707196,0.0063934958722072,0.3216640040823684,val,4
S23839,314,10,2026-06-08,59,20,0.0018244081542773,0.0,0.386911909935905,val,4
S25033,314,10,2026-06-08,29,30,0.0016834703367172,0.0,0.3171880944991403,val,4
S25584,314,10,2026-06-08,24,25,0.0017506927197422,0.0,0.3550618446101255,val,4
S25585,314,10,2026-06-08,40,25,0.0017362927025309,0.0,0.2441963384623184,val,4
S25586,314,10,2026-06-08,45,30,0.0016189704147839,0.0,0.2627797459104612,val,4
S26437,314,10,2026-06-08,46,27,0.0015937135919185,0.0,0.3600190554412116,val,4
S26805,314,10,2026-06-08,34,16,0.001746729496604,0.0012590278886076,0.3162735765968466,val,4
S29936,314,10,2026-06-08,15,20,0.0016574016215599,0.0,0.4252269579926982,val,4
S35111,314,10,2026-06-08,39,18,0.0016168329505613,0.0178977883553163,0.3042844927258148,val,4
S37201,314,10,2026-06-08,57,14,0.0015260712168126,0.0,0.3981344967424927,val,4
S37292,314,10,2026-06-08,54,28,0.0018301083856451,0.0,0.3028575108914553,val,4
S41196,314,10,2026-06-08,31,20,0.0020182380170977,0.0,0.3488169729041019,val,4
S42407,314,10,2026-06-08,35,26,0.001613622729194,0.0,0.3127724364645874,val,4
S03132,314,11,2026-06-08,50,12,0.001870282059043,0.0,0.3990324551991543,val,1
S04488,314,11,2026-06-08,56,22,0.0032370029191025,0.0,0.4714403053835302,val,1
S04627,314,11,2026-06-08,21,18,0.003311910608215,0.0,0.4477516797627769,val,1
S06153,314,11,2026-06-08,36,32,0.002094458886122,0.0,0.3630768122889802,val,1
S06645,314,11,2026-06-08,44,14,0.003094826736307,0.0045547857326148,0.4468891719272467,val,1
S06793,314,11,2026-06-08,60,15,0.0021918355359228,0.0,0.3835865282455235,val,1
S08056,314,11,2026-06-08,52,16,0.0031767988523512,0.0225432339263376,0.4309490022303616,val,1
S09637,314,11,2026-06-08,55,19,0.0031352397099068,0.0,0.4304507728530766,val,1
S10620,314,11,2026-06-08,42,32,0.0022103379735819,0.0,0.3887118790331216,val,1
S15345,314,11,2026-06-08,29,31,0.0020339906268578,0.0,0.4321183862665056,val,1
S15510,314,11,2026-06-08,28,16,0.0031954651788013,0.0116997413882975,0.4402579683074801,val,1
S15776,314,11,2026-06-08,20,18,0.0032587065006958,0.0,0.4695158655893663,val,1
S16947,314,11,2026-06-08,33,28,0.003267344994234,0.0,0.4586435082005193,val,1
S18062,314,11,2026-06-08,37,32,0.0023055152377671,0.0,0.4081926755858065,val,1
S19085,314,11,2026-06-08,33,13,0.0031453787684485,0.0155166338850457,0.4129261491385416,val,1
S27079,314,11,2026-06-08,47,22,0.0032517843600974,0.014682422451994,0.4723328596168141,val,1
S28515,314,11,2026-06-08,25,30,0.0021550168087342,0.0,0.445383077941876,val,1
S30929,314,11,2026-06-08,43,30,0.0030667702674552,0.0,0.3838106067719184,val,1
S31791,314,11,2026-06-08,34,25,0.0032282907381741,0.0022077702852776,0.4470848366687736,val,1
S33930,314,11,2026-06-08,48,23,0.0032428050769937,0.0,0.4648071701655933,val,1
S36717,314,11,2026-06-08,50,21,0.0031782102486015,0.0,0.4383103482177099,val,1
S39102,314,11,2026-06-08,40,19,0.0032290427078487,0.0,0.442211157975468,val,1
S43507,314,11,2026-06-08,32,19,0.0031759154534036,0.0067702343213321,0.4518193657634963,val,1
S03132,314,11,2026-06-08,53,13,0.0022080563021021,0.0,0.3990324551991543,val,2
S04488,314,11,2026-06-08,53,22,0.0032282652028906,0.0,0.4714403053835302,val,2
S04627,314,11,2026-06-08,19,18,0.0032828719340669,0.0,0.4477516797627769,val,2
S06153,314,11,2026-06-08,38,32,0.002274412308727,0.0,0.3630768122889802,val,2
S06645,314,11,2026-06-08,42,14,0.003139859954241,0.0045547857326148,0.4468891719272467,val,2
S06793,314,11,2026-06-08,61,15,0.0019899696344733,0.0,0.3835865282455235,val,2
S08056,314,11,2026-06-08,50,16,0.0030968263516216,0.0225432339263376,0.4309490022303616,val,2
S09637,314,11,2026-06-08,57,19,0.003115995364969,0.0,0.4304507728530766,val,2
S10620,314,11,2026-06-08,40,32,0.0023965461535523,0.0,0.3887118790331216,val,2
S15345,314,11,2026-06-08,30,31,0.0020342064282741,0.0,0.4321183862665056,val,2
S15510,314,11,2026-06-08,26,16,0.0031794566295718,0.0116997413882975,0.4402579683074801,val,2
S15776,314,11,2026-06-08,18,18,0.0031610805418368,0.0,0.4695158655893663,val,2
S16947,314,11,2026-06-08,31,28,0.0032195712458189,0.0,0.4586435082005193,val,2
S18062,314,11,2026-06-08,39,32,0.0020955519932499,0.0,0.4081926755858065,val,2
S19085,314,11,2026-06-08,34,13,0.0031985403088261,0.0155166338850457,0.4129261491385416,val,2
S27079,314,11,2026-06-08,45,22,0.0032194886190563,0.014682422451994,0.4723328596168141,val,2
S28515,314,11,2026-06-08,23,30,0.0021470823945564,0.0,0.445383077941876,val,2
S30929,314,11,2026-06-08,41,30,0.0030337378135236,0.0,0.3838106067719184,val,2
S31791,314,11,2026-06-08,36,25,0.0032557935845084,0.0022077702852776,0.4470848366687736,val,2
S33930,314,11,2026-06-08,50,23,0.0031475861996863,0.0,0.4648071701655933,val,2
S36717,314,11,2026-06-08,52,21,0.0031560823687704,0.0,0.4383103482177099,val,2
S39102,314,11,2026-06-08,42,19,0.0032360444465289,0.0,0.442211157975468,val,2
S43507,314,11,2026-06-08,34,19,0.0032894606699776,0.0067702343213321,0.4518193657634963,val,2
S03132,314,11,2026-06-08,44,11,0.0017520179530856,0.0,0.3990324551991543,val,3
S04488,314,11,2026-06-08,60,22,0.003065115369197,0.0,0.4714403053835302,val,3
S04627,314,11,2026-06-08,25,18,0.0031751608559412,0.0,0.4477516797627769,val,3
S06153,314,11,2026-06-08,27,31,0.0020447754138901,0.0,0.3630768122889802,val,3
S06645,314,11,2026-06-08,48,14,0.0031470009825685,0.0045547857326148,0.4468891719272467,val,3
S06793,314,11,2026-06-08,58,14,0.0022686037128443,0.0,0.3835865282455235,val,3
S08056,314,11,2026-06-08,56,16,0.0031628937186326,0.0225432339263376,0.4309490022303616,val,3
S09637,314,11,2026-06-08,51,19,0.0031078343193015,0.0,0.4304507728530766,val,3
S10620,314,11,2026-06-08,47,31,0.0029345854413554,0.0,0.3887118790331216,val,3
S15345,314,11,2026-06-08,22,29,0.0020475100015898,0.0,0.4321183862665056,val,3
S15510,314,11,2026-06-08,32,16,0.003106786212772,0.0116997413882975,0.4402579683074801,val,3
S15776,314,11,2026-06-08,24,18,0.0031982297570351,0.0,0.4695158655893663,val,3
S16947,314,11,2026-06-08,37,28,0.0032164584643949,0.0,0.4586435082005193,val,3
S18062,314,11,2026-06-08,28,31,0.00215182685303,0.0,0.4081926755858065,val,3
S19085,314,11,2026-06-08,31,13,0.0030962153652849,0.0155166338850457,0.4129261491385416,val,3
S27079,314,11,2026-06-08,52,22,0.0032383472171994,0.014682422451994,0.4723328596168141,val,3
S28515,314,11,2026-06-08,21,29,0.002137211633539,0.0,0.445383077941876,val,3
S30929,314,11,2026-06-08,48,30,0.0030542424433384,0.0,0.3838106067719184,val,3
S31791,314,11,2026-06-08,30,25,0.0032725906886339,0.0022077702852776,0.4470848366687736,val,3
S33930,314,11,2026-06-08,44,23,0.0032495822572767,0.0,0.4648071701655933,val,3
S36717,314,11,2026-06-08,46,21,0.0032411959954234,0.0,0.4383103482177099,val,3
S39102,314,11,2026-06-08,36,19,0.0031757570605574,0.0,0.442211157975468,val,3
S43507,314,11,2026-06-08,28,19,0.003334846164242,0.0067702343213321,0.4518193657634963,val,3
S03132,314,11,2026-06-08,48,12,0.0023283140499858,0.0,0.3990324551991543,val,4
S04488,314,11,2026-06-08,58,22,0.0031528964848417,0.0,0.4714403053835302,val,4
S04627,314,11,2026-06-08,23,18,0.0032112637942745,0.0,0.4477516797627769,val,4
S06153,314,11,2026-06-08,31,31,0.0021126123154068,0.0,0.3630768122889802,val,4
S06645,314,11,2026-06-08,46,14,0.0030699527634853,0.0045547857326148,0.4468891719272467,val,4
S06793,314,11,2026-06-08,59,15,0.0023470189301754,0.0,0.3835865282455235,val,4
S08056,314,11,2026-06-08,54,16,0.003134252436344,0.0225432339263376,0.4309490022303616,val,4
S09637,314,11,2026-06-08,53,19,0.0031557523019616,0.0,0.4304507728530766,val,4
S10620,314,11,2026-06-08,46,32,0.0022890641430398,0.0,0.3887118790331216,val,4
S15345,314,11,2026-06-08,24,30,0.0021215866581911,0.0,0.4321183862665056,val,4
S15510,314,11,2026-06-08,30,16,0.0031694474313116,0.0116997413882975,0.4402579683074801,val,4
S15776,314,11,2026-06-08,22,18,0.0032499995674779,0.0,0.4695158655893663,val,4
S16947,314,11,2026-06-08,35,28,0.0032497680082983,0.0,0.4586435082005193,val,4
S18062,314,11,2026-06-08,34,32,0.0019611391999218,0.0,0.4081926755858065,val,4
S19085,314,11,2026-06-08,32,13,0.0031983606704747,0.0155166338850457,0.4129261491385416,val,4
S27079,314,11,2026-06-08,49,22,0.0032468861906937,0.014682422451994,0.4723328596168141,val,4
S28515,314,11,2026-06-08,26,30,0.0022245486440977,0.0,0.445383077941876,val,4
S30929,314,11,2026-06-08,46,30,0.0029999422960765,0.0,0.3838106067719184,val,4
S31791,314,11,2026-06-08,32,25,0.0032378293883398,0.0022077702852776,0.4470848366687736,val,4
S33930,314,11,2026-06-08,46,23,0.0032578988950786,0.0,0.4648071701655933,val,4
S36717,314,11,2026-06-08,48,21,0.0031481428861433,0.0,0.4383103482177099,val,4
S39102,314,11,2026-06-08,38,19,0.0031661795458194,0.0,0.442211157975468,val,4
S43507,314,11,2026-06-08,30,19,0.0031860780537556,0.0067702343213321,0.4518193657634963,val,4
S01813,314,12,2026-06-08,53,21,0.002971183701406,0.0,0.4737109284688396,val,1
S01909,314,12,2026-06-08,52,24,0.0030923664498906,0.0,0.4482767914169789,val,1
S03030,314,12,2026-06-08,28,16,0.002929391010075,0.0,0.3501887354282235,val,1
S05923,314,12,2026-06-08,27,12,0.00121435549232,0.0,0.3371660751484173,val,1
S15511,314,12,2026-06-08,60,20,0.0031460338251199,0.0050874696747909,0.4415756780679027,val,1
S18063,314,12,2026-06-08,17,27,0.0021476483824596,0.0,0.37231874457078,val,1
S19690,314,12,2026-06-08,19,24,0.0028741219562092,0.0,0.4270307984565445,val,1
S21163,314,12,2026-06-08,63,23,0.0030426294720633,0.0,0.3880891759427569,val,1
S21170,314,12,2026-06-08,19,20,0.0030876433418572,0.0,0.4412253436261901,val,1
S23353,314,12,2026-06-08,29,25,0.0030302979647492,0.0,0.4734075343504884,val,1
S24809,314,12,2026-06-08,25,25,0.0030657723908055,0.006248114251232,0.4634511342557847,val,1
S29963,314,12,2026-06-08,27,20,0.0030487748294769,0.0,0.4235986482405566,val,1
S31782,314,12,2026-06-08,43,20,0.0030101953291203,0.0021943476782741,0.3770599725517536,val,1
S33459,314,12,2026-06-08,46,21,0.0031880654913025,0.005443175222053,0.4011673159148373,val,1
S33937,314,12,2026-06-08,52,27,0.0029245275136705,0.0201325594876415,0.417396832281022,val,1
S34432,314,12,2026-06-08,17,26,0.0028262535117473,0.0,0.4232891289103438,val,1
S01813,314,12,2026-06-08,55,21,0.0032195200171685,0.0,0.4737109284688396,val,2
S01909,314,12,2026-06-08,51,24,0.0031352607342354,0.0,0.4482767914169789,val,2
S03030,314,12,2026-06-08,26,16,0.0029502106514638,0.0,0.3501887354282235,val,2
S05923,314,12,2026-06-08,25,13,0.0012709036639245,0.0,0.3371660751484173,val,2
S15511,314,12,2026-06-08,58,20,0.0031457526175898,0.0050874696747909,0.4415756780679027,val,2
S18063,314,12,2026-06-08,18,28,0.0020270254831472,0.0,0.37231874457078,val,2
S19690,314,12,2026-06-08,18,24,0.0029592498709564,0.0,0.4270307984565445,val,2
S21163,314,12,2026-06-08,65,23,0.0029122251615502,0.0,0.3880891759427569,val,2
S21170,314,12,2026-06-08,17,20,0.0030006852878405,0.0,0.4412253436261901,val,2
S23353,314,12,2026-06-08,30,25,0.0030783476017867,0.0,0.4734075343504884,val,2
S24809,314,12,2026-06-08,26,25,0.0029780538186221,0.006248114251232,0.4634511342557847,val,2
S29963,314,12,2026-06-08,25,20,0.003024487474544,0.0,0.4235986482405566,val,2
S31782,314,12,2026-06-08,41,20,0.0030886683383368,0.0021943476782741,0.3770599725517536,val,2
S33459,314,12,2026-06-08,48,21,0.0032323309542956,0.005443175222053,0.4011673159148373,val,2
S33937,314,12,2026-06-08,53,27,0.0029684251493367,0.0201325594876415,0.417396832281022,val,2
S34432,314,12,2026-06-08,18,27,0.00284503905516,0.0,0.4232891289103438,val,2
S01813,314,12,2026-06-08,49,21,0.0031519749854312,0.0,0.4737109284688396,val,3
S01909,314,12,2026-06-08,54,24,0.0030347024631679,0.0,0.4482767914169789,val,3
S03030,314,12,2026-06-08,32,16,0.0029691466028588,0.0,0.3501887354282235,val,3
S05923,314,12,2026-06-08,31,12,0.0015566425787134,0.0,0.3371660751484173,val,3
S15511,314,12,2026-06-08,64,20,0.0029165919105725,0.0050874696747909,0.4415756780679027,val,3
S18063,314,12,2026-06-08,16,26,0.0020912719977503,0.0,0.37231874457078,val,3
S19690,314,12,2026-06-08,21,24,0.0030735177773104,0.0,0.4270307984565445,val,3
S21163,314,12,2026-06-08,59,23,0.0031366138106301,0.0,0.3880891759427569,val,3
S21170,314,12,2026-06-08,23,20,0.0030013343259976,0.0,0.4412253436261901,val,3
S23353,314,12,2026-06-08,27,25,0.0029057713801533,0.0,0.4734075343504884,val,3
S24809,314,12,2026-06-08,23,25,0.0029988250718133,0.006248114251232,0.4634511342557847,val,3
S29963,314,12,2026-06-08,31,20,0.0029762484063581,0.0,0.4235986482405566,val,3
S31782,314,12,2026-06-08,47,20,0.0030438900759969,0.0021943476782741,0.3770599725517536,val,3
S33459,314,12,2026-06-08,42,21,0.0031746263508797,0.005443175222053,0.4011673159148373,val,3
S33937,314,12,2026-06-08,50,27,0.0028139550505192,0.0201325594876415,0.417396832281022,val,3
S34432,314,12,2026-06-08,19,26,0.0028158471948782,0.0,0.4232891289103438,val,3
S01813,314,12,2026-06-08,51,21,0.0031172247714376,0.0,0.4737109284688396,val,4
S01909,314,12,2026-06-08,53,24,0.0031406580572396,0.0,0.4482767914169789,val,4
S03030,314,12,2026-06-08,30,16,0.0029819494018956,0.0,0.3501887354282235,val,4
S05923,314,12,2026-06-08,29,12,0.001253783194956,0.0,0.3371660751484173,val,4
S15511,314,12,2026-06-08,62,20,0.0031477826599369,0.0050874696747909,0.4415756780679027,val,4
S18063,314,12,2026-06-08,15,26,0.0015533375590939,0.0,0.37231874457078,val,4
S19690,314,12,2026-06-08,20,24,0.0030025200966209,0.0,0.4270307984565445,val,4
S21163,314,12,2026-06-08,61,23,0.0030450787181872,0.0,0.3880891759427569,val,4
S21170,314,12,2026-06-08,21,20,0.0030963448291349,0.0,0.4412253436261901,val,4
S23353,314,12,2026-06-08,28,25,0.0029828884752562,0.0,0.4734075343504884,val,4
S24809,314,12,2026-06-08,24,25,0.0030187375913879,0.006248114251232,0.4634511342557847,val,4
S29963,314,12,2026-06-08,29,20,0.0030343698736692,0.0,0.4235986482405566,val,4
S31782,314,12,2026-06-08,45,20,0.0030240699327107,0.0021943476782741,0.3770599725517536,val,4
S33459,314,12,2026-06-08,44,21,0.003188247598656,0.005443175222053,0.4011673159148373,val,4
S33937,314,12,2026-06-08,51,27,0.0029691313636046,0.0201325594876415,0.417396832281022,val,4
S34432,314,12,2026-06-08,18,26,0.0028455094424476,0.0,0.4232891289103438,val,4
S03132,314,13,2026-06-08,50,12,0.001870282059043,0.0,0.3990324551991543,val,1
S04488,314,13,2026-06-08,56,22,0.0032370029191025,0.0,0.4714403053835302,val,1
S04627,314,13,2026-06-08,21,18,0.003311910608215,0.0,0.4477516797627769,val,1
S06153,314,13,2026-06-08,36,32,0.002094458886122,0.0,0.3630768122889802,val,1
S06645,314,13,2026-06-08,44,14,0.003094826736307,0.0045547857326148,0.4468891719272467,val,1
S06793,314,13,2026-06-08,60,15,0.0021918355359228,0.0,0.3835865282455235,val,1
S08056,314,13,2026-06-08,52,16,0.0031767988523512,0.0225432339263376,0.4309490022303616,val,1
S09637,314,13,2026-06-08,55,19,0.0031352397099068,0.0,0.4304507728530766,val,1
S10620,314,13,2026-06-08,42,32,0.0022103379735819,0.0,0.3887118790331216,val,1
S15345,314,13,2026-06-08,29,31,0.0020339906268578,0.0,0.4321183862665056,val,1
S15510,314,13,2026-06-08,28,16,0.0031954651788013,0.0116997413882975,0.4402579683074801,val,1
S15776,314,13,2026-06-08,20,18,0.0032587065006958,0.0,0.4695158655893663,val,1
S16947,314,13,2026-06-08,33,28,0.003267344994234,0.0,0.4586435082005193,val,1
S18062,314,13,2026-06-08,37,32,0.0023055152377671,0.0,0.4081926755858065,val,1
S19085,314,13,2026-06-08,33,13,0.0031453787684485,0.0155166338850457,0.4129261491385416,val,1
S27079,314,13,2026-06-08,47,22,0.0032517843600974,0.014682422451994,0.4723328596168141,val,1
S28515,314,13,2026-06-08,25,30,0.0021550168087342,0.0,0.445383077941876,val,1
S30929,314,13,2026-06-08,43,30,0.0030667702674552,0.0,0.3838106067719184,val,1
S31791,314,13,2026-06-08,34,25,0.0032282907381741,0.0022077702852776,0.4470848366687736,val,1
S33930,314,13,2026-06-08,48,23,0.0032428050769937,0.0,0.4648071701655933,val,1
S36717,314,13,2026-06-08,50,21,0.0031782102486015,0.0,0.4383103482177099,val,1
S39102,314,13,2026-06-08,40,19,0.0032290427078487,0.0,0.442211157975468,val,1
S43507,314,13,2026-06-08,32,19,0.0031759154534036,0.0067702343213321,0.4518193657634963,val,1
S03132,314,13,2026-06-08,53,13,0.0022080563021021,0.0,0.3990324551991543,val,2
S04488,314,13,2026-06-08,53,22,0.0032282652028906,0.0,0.4714403053835302,val,2
S04627,314,13,2026-06-08,19,18,0.0032828719340669,0.0,0.4477516797627769,val,2
S06153,314,13,2026-06-08,38,32,0.002274412308727,0.0,0.3630768122889802,val,2
S06645,314,13,2026-06-08,42,14,0.003139859954241,0.0045547857326148,0.4468891719272467,val,2
S06793,314,13,2026-06-08,61,15,0.0019899696344733,0.0,0.3835865282455235,val,2
S08056,314,13,2026-06-08,50,16,0.0030968263516216,0.0225432339263376,0.4309490022303616,val,2
S09637,314,13,2026-06-08,57,19,0.003115995364969,0.0,0.4304507728530766,val,2
S10620,314,13,2026-06-08,40,32,0.0023965461535523,0.0,0.3887118790331216,val,2
S15345,314,13,2026-06-08,30,31,0.0020342064282741,0.0,0.4321183862665056,val,2
S15510,314,13,2026-06-08,26,16,0.0031794566295718,0.0116997413882975,0.4402579683074801,val,2
S15776,314,13,2026-06-08,18,18,0.0031610805418368,0.0,0.4695158655893663,val,2
S16947,314,13,2026-06-08,31,28,0.0032195712458189,0.0,0.4586435082005193,val,2
S18062,314,13,2026-06-08,39,32,0.0020955519932499,0.0,0.4081926755858065,val,2
S19085,314,13,2026-06-08,34,13,0.0031985403088261,0.0155166338850457,0.4129261491385416,val,2
S27079,314,13,2026-06-08,45,22,0.0032194886190563,0.014682422451994,0.4723328596168141,val,2
S28515,314,13,2026-06-08,23,30,0.0021470823945564,0.0,0.445383077941876,val,2
S30929,314,13,2026-06-08,41,30,0.0030337378135236,0.0,0.3838106067719184,val,2
S31791,314,13,2026-06-08,36,25,0.0032557935845084,0.0022077702852776,0.4470848366687736,val,2
S33930,314,13,2026-06-08,50,23,0.0031475861996863,0.0,0.4648071701655933,val,2
S36717,314,13,2026-06-08,52,21,0.0031560823687704,0.0,0.4383103482177099,val,2
S39102,314,13,2026-06-08,42,19,0.0032360444465289,0.0,0.442211157975468,val,2
S43507,314,13,2026-06-08,34,19,0.0032894606699776,0.0067702343213321,0.4518193657634963,val,2
S03132,314,13,2026-06-08,44,11,0.0017520179530856,0.0,0.3990324551991543,val,3
S04488,314,13,2026-06-08,60,22,0.003065115369197,0.0,0.4714403053835302,val,3
S04627,314,13,2026-06-08,25,18,0.0031751608559412,0.0,0.4477516797627769,val,3
S06153,314,13,2026-06-08,27,31,0.0020447754138901,0.0,0.3630768122889802,val,3
S06645,314,13,2026-06-08,48,14,0.0031470009825685,0.0045547857326148,0.4468891719272467,val,3
S06793,314,13,2026-06-08,58,14,0.0022686037128443,0.0,0.3835865282455235,val,3
S08056,314,13,2026-06-08,56,16,0.0031628937186326,0.0225432339263376,0.4309490022303616,val,3
S09637,314,13,2026-06-08,51,19,0.0031078343193015,0.0,0.4304507728530766,val,3
S10620,314,13,2026-06-08,47,31,0.0029345854413554,0.0,0.3887118790331216,val,3
S15345,314,13,2026-06-08,22,29,0.0020475100015898,0.0,0.4321183862665056,val,3
S15510,314,13,2026-06-08,32,16,0.003106786212772,0.0116997413882975,0.4402579683074801,val,3
S15776,314,13,2026-06-08,24,18,0.0031982297570351,0.0,0.4695158655893663,val,3
S16947,314,13,2026-06-08,37,28,0.0032164584643949,0.0,0.4586435082005193,val,3
S18062,314,13,2026-06-08,28,31,0.00215182685303,0.0,0.4081926755858065,val,3
S19085,314,13,2026-06-08,31,13,0.0030962153652849,0.0155166338850457,0.4129261491385416,val,3
S27079,314,13,2026-06-08,52,22,0.0032383472171994,0.014682422451994,0.4723328596168141,val,3
S28515,314,13,2026-06-08,21,29,0.002137211633539,0.0,0.445383077941876,val,3
S30929,314,13,2026-06-08,48,30,0.0030542424433384,0.0,0.3838106067719184,val,3
S31791,314,13,2026-06-08,30,25,0.0032725906886339,0.0022077702852776,0.4470848366687736,val,3
S33930,314,13,2026-06-08,44,23,0.0032495822572767,0.0,0.4648071701655933,val,3
S36717,314,13,2026-06-08,46,21,0.0032411959954234,0.0,0.4383103482177099,val,3
S39102,314,13,2026-06-08,36,19,0.0031757570605574,0.0,0.442211157975468,val,3
S43507,314,13,2026-06-08,28,19,0.003334846164242,0.0067702343213321,0.4518193657634963,val,3
S03132,314,13,2026-06-08,48,12,0.0023283140499858,0.0,0.3990324551991543,val,4
S04488,314,13,2026-06-08,58,22,0.0031528964848417,0.0,0.4714403053835302,val,4
S04627,314,13,2026-06-08,23,18,0.0032112637942745,0.0,0.4477516797627769,val,4
S06153,314,13,2026-06-08,31,31,0.0021126123154068,0.0,0.3630768122889802,val,4
S06645,314,13,2026-06-08,46,14,0.0030699527634853,0.0045547857326148,0.4468891719272467,val,4
S06793,314,13,2026-06-08,59,15,0.0023470189301754,0.0,0.3835865282455235,val,4
S08056,314,13,2026-06-08,54,16,0.003134252436344,0.0225432339263376,0.4309490022303616,val,4
S09637,314,13,2026-06-08,53,19,0.0031557523019616,0.0,0.4304507728530766,val,4
S10620,314,13,2026-06-08,46,32,0.0022890641430398,0.0,0.3887118790331216,val,4
S15345,314,13,2026-06-08,24,30,0.0021215866581911,0.0,0.4321183862665056,val,4
S15510,314,13,2026-06-08,30,16,0.0031694474313116,0.0116997413882975,0.4402579683074801,val,4
S15776,314,13,2026-06-08,22,18,0.0032499995674779,0.0,0.4695158655893663,val,4
S16947,314,13,2026-06-08,35,28,0.0032497680082983,0.0,0.4586435082005193,val,4
S18062,314,13,2026-06-08,34,32,0.0019611391999218,0.0,0.4081926755858065,val,4
S19085,314,13,2026-06-08,32,13,0.0031983606704747,0.0155166338850457,0.4129261491385416,val,4
S27079,314,13,2026-06-08,49,22,0.0032468861906937,0.014682422451994,0.4723328596168141,val,4
S28515,314,13,2026-06-08,26,30,0.0022245486440977,0.0,0.445383077941876,val,4
S30929,314,13,2026-06-08,46,30,0.0029999422960765,0.0,0.3838106067719184,val,4
S31791,314,13,2026-06-08,32,25,0.0032378293883398,0.0022077702852776,0.4470848366687736,val,4
S33930,314,13,2026-06-08,46,23,0.0032578988950786,0.0,0.4648071701655933,val,4
S36717,314,13,2026-06-08,48,21,0.0031481428861433,0.0,0.4383103482177099,val,4
S39102,314,13,2026-06-08,38,19,0.0031661795458194,0.0,0.442211157975468,val,4
S43507,314,13,2026-06-08,30,19,0.0031860780537556,0.0067702343213321,0.4518193657634963,val,4
S00372,314,14,2026-06-08,29,19,0.0030180001917682,0.0,0.450693060003491,val,1
S03204,314,14,2026-06-08,56,16,0.0030165061296299,0.0,0.4270563433271853,val,1
S04445,314,14,2026-06-08,46,19,0.003174615495339,0.0,0.441600542039656,val,1
S04606,314,14,2026-06-08,46,17,0.0032121352610542,0.0,0.4352851129013009,val,1
S06840,314,14,2026-06-08,13,21,0.0021696055334127,0.0022917588903644,0.4294344616933501,val,1
S13290,314,14,2026-06-08,43,31,0.0027757162397627,0.0,0.4098043191259445,val,1
S13291,314,14,2026-06-08,49,24,0.0032156502083692,0.0,0.4403549600079919,val,1
S13367,314,14,2026-06-08,15,17,0.0023145737587969,0.0,0.4151168638237051,val,1
S17684,314,14,2026-06-08,43,14,0.0031570696333549,0.0233538913362701,0.4351844027127753,val,1
S18486,314,14,2026-06-08,24,13,0.0023027804547783,0.0,0.3782166893007713,val,1
S20988,314,14,2026-06-08,30,21,0.0030534597396033,0.0,0.442831741680534,val,1
S29509,314,14,2026-06-08,21,26,0.0031443760018383,0.0,0.4479803404930753,val,1
S29516,314,14,2026-06-08,29,22,0.0030624498683471,0.0023507153837058,0.445596033422402,val,1
S29518,314,14,2026-06-08,29,24,0.0030391310521743,0.0,0.4186057050433433,val,1
S29635,314,14,2026-06-08,38,16,0.0029935667833015,0.0,0.4328049120385331,val,1
S29837,314,14,2026-06-08,21,15,0.0029832649628096,0.0,0.4457276823067579,val,1
S30366,314,14,2026-06-08,22,26,0.0030410085440732,0.0,0.4472968012319241,val,1
S31310,314,14,2026-06-08,62,19,0.0031602532698756,0.0,0.4757700106267273,val,1
S36698,314,14,2026-06-08,47,29,0.0030648745993886,0.0,0.4402188885995269,val,1
S00372,314,14,2026-06-08,31,19,0.0030622249124115,0.0,0.450693060003491,val,2
S03204,314,14,2026-06-08,53,16,0.0030977968693069,0.0,0.4270563433271853,val,2
S04445,314,14,2026-06-08,48,19,0.0028612709363956,0.0,0.441600542039656,val,2
S04606,314,14,2026-06-08,48,17,0.0031811181707532,0.0,0.4352851129013009,val,2
S06840,314,14,2026-06-08,15,21,0.0027573493952804,0.0022917588903644,0.4294344616933501,val,2
S13290,314,14,2026-06-08,45,31,0.002924183056466,0.0,0.4098043191259445,val,2
S13291,314,14,2026-06-08,48,24,0.0032442678000783,0.0,0.4403549600079919,val,2
S13367,314,14,2026-06-08,14,18,0.0022474096135952,0.0,0.4151168638237051,val,2
S17684,314,14,2026-06-08,41,14,0.0030956092026288,0.0233538913362701,0.4351844027127753,val,2
S18486,314,14,2026-06-08,21,14,0.0022409418361869,0.0,0.3782166893007713,val,2
S20988,314,14,2026-06-08,32,21,0.0030667718748086,0.0,0.442831741680534,val,2
S29509,314,14,2026-06-08,19,26,0.0030051976541632,0.0,0.4479803404930753,val,2
S29516,314,14,2026-06-08,27,22,0.0032372316290262,0.0023507153837058,0.445596033422402,val,2
S29518,314,14,2026-06-08,27,24,0.0031362737856297,0.0,0.4186057050433433,val,2
S29635,314,14,2026-06-08,36,16,0.0029474497510196,0.0,0.4328049120385331,val,2
S29837,314,14,2026-06-08,22,15,0.0030481130266681,0.0,0.4457276823067579,val,2
S30366,314,14,2026-06-08,20,26,0.0031725096939427,0.0,0.4472968012319241,val,2
S31310,314,14,2026-06-08,63,19,0.0029852287402876,0.0,0.4757700106267273,val,2
S36698,314,14,2026-06-08,49,29,0.0030427370617905,0.0,0.4402188885995269,val,2
S00372,314,14,2026-06-08,25,19,0.0032262816005242,0.0,0.450693060003491,val,3
S03204,314,14,2026-06-08,60,16,0.0030027528368751,0.0,0.4270563433271853,val,3
S04445,314,14,2026-06-08,41,19,0.0028886609547995,0.0,0.441600542039656,val,3
S04606,314,14,2026-06-08,42,17,0.0029453380756936,0.0,0.4352851129013009,val,3
S06840,314,14,2026-06-08,16,20,0.0031263476407516,0.0022917588903644,0.4294344616933501,val,3
S13290,314,14,2026-06-08,39,31,0.0028634095964696,0.0,0.4098043191259445,val,3
S13291,314,14,2026-06-08,52,24,0.0032283868930912,0.0,0.4403549600079919,val,3
S13367,314,14,2026-06-08,19,15,0.0023953349520092,0.0,0.4151168638237051,val,3
S17684,314,14,2026-06-08,47,14,0.0031149792228536,0.0233538913362701,0.4351844027127753,val,3
S18486,314,14,2026-06-08,30,12,0.0022637259751037,0.0,0.3782166893007713,val,3
S20988,314,14,2026-06-08,26,21,0.0032218372238909,0.0,0.442831741680534,val,3
S29509,314,14,2026-06-08,25,26,0.003191461444453,0.0,0.4479803404930753,val,3
S29516,314,14,2026-06-08,33,22,0.0032561981198937,0.0023507153837058,0.445596033422402,val,3
S29518,314,14,2026-06-08,33,24,0.0031496664570548,0.0,0.4186057050433433,val,3
S29635,314,14,2026-06-08,42,16,0.0030594428438928,0.0,0.4328049120385331,val,3
S29837,314,14,2026-06-08,26,14,0.0028243963488989,0.0,0.4457276823067579,val,3
S30366,314,14,2026-06-08,26,26,0.0031737056600273,0.0,0.4472968012319241,val,3
S31310,314,14,2026-06-08,59,19,0.0031659944156434,0.0,0.4757700106267273,val,3
S36698,314,14,2026-06-08,43,29,0.0027966059738673,0.0,0.4402188885995269,val,3
S00372,314,14,2026-06-08,27,19,0.0030797063825034,0.0,0.450693060003491,val,4
S03204,314,14,2026-06-08,58,16,0.0030645524307182,0.0,0.4270563433271853,val,4
S04445,314,14,2026-06-08,43,19,0.0032031962555345,0.0,0.441600542039656,val,4
S04606,314,14,2026-06-08,44,17,0.0032252833728682,0.0,0.4352851129013009,val,4
S06840,314,14,2026-06-08,14,20,0.0028061812222316,0.0022917588903644,0.4294344616933501,val,4
S13290,314,14,2026-06-08,41,31,0.0027947694972885,0.0,0.4098043191259445,val,4
S13291,314,14,2026-06-08,51,24,0.0029871083440645,0.0,0.4403549600079919,val,4
S13367,314,14,2026-06-08,17,16,0.0028331722903008,0.0,0.4151168638237051,val,4
S17684,314,14,2026-06-08,45,14,0.0031411728842713,0.0233538913362701,0.4351844027127753,val,4
S18486,314,14,2026-06-08,27,12,0.0024224566321418,0.0,0.3782166893007713,val,4
S20988,314,14,2026-06-08,28,21,0.003126802968273,0.0,0.442831741680534,val,4
S29509,314,14,2026-06-08,23,26,0.0031795010848048,0.0,0.4479803404930753,val,4
S29516,314,14,2026-06-08,31,22,0.0030964699997033,0.0023507153837058,0.445596033422402,val,4
S29518,314,14,2026-06-08,31,24,0.0030996411810704,0.0,0.4186057050433433,val,4
S29635,314,14,2026-06-08,40,16,0.0029507063470519,0.0,0.4328049120385331,val,4
S29837,314,14,2026-06-08,24,14,0.0029954771957032,0.0,0.4457276823067579,val,4
S30366,314,14,2026-06-08,24,26,0.0031765351084619,0.0,0.4472968012319241,val,4
S31310,314,14,2026-06-08,61,19,0.003097858060677,0.0,0.4757700106267273,val,4
S36698,314,14,2026-06-08,45,29,0.0030002970266491,0.0,0.4402188885995269,val,4
S01277,314,15,2026-06-08,34,18,0.0029025845963226,0.0,0.4240910994305085,val,1
S02514,314,15,2026-06-08,49,31,0.0021873576437538,0.0,0.3975451486304322,val,1
S02802,314,15,2026-06-08,53,14,0.0028719159719993,0.0,0.4418553035344167,val,1
S05558,314,15,2026-06-08,41,11,0.0021228287322814,0.0,0.4061936810826504,val,1
S05711,314,15,2026-06-08,17,24,0.0028082085259313,0.0052813346793475,0.4650055981976393,val,1
S06485,314,15,2026-06-08,39,19,0.0029996350974575,0.004671316051657,0.4713922209151414,val,1
S07749,314,15,2026-06-08,21,22,0.003023684702331,0.0066863535157169,0.4215462235489706,val,1
S10984,314,15,2026-06-08,60,26,0.0029131185861265,0.0063675090483969,0.4206023102490818,val,1
S10994,314,15,2026-06-08,20,24,0.002752541520228,0.0222926007980866,0.4658451980828612,val,1
S12836,314,15,2026-06-08,43,18,0.0029346500456516,0.0,0.4156862659333205,val,1
S12840,314,15,2026-06-08,14,21,0.0026811314580898,0.0,0.4685348076914425,val,1
S17688,314,15,2026-06-08,45,28,0.002878069625784,0.0223400071170378,0.4614589675648499,val,1
S17692,314,15,2026-06-08,39,24,0.0031773872170923,0.0198936560322698,0.4465729452887954,val,1
S18107,314,15,2026-06-08,35,23,0.0032564431669872,0.0,0.4742307375908636,val,1
S23156,314,15,2026-06-08,30,28,0.0029149184496664,0.0,0.4602126472706929,val,1
S25706,314,15,2026-06-08,44,13,0.0028174530228661,0.0,0.4368339883809941,val,1
S26254,314,15,2026-06-08,55,30,0.0018143980130615,0.0,0.3073153302298312,val,1
S33520,314,15,2026-06-08,38,12,0.002865733888061,0.001809437472467,0.4454125229376307,val,1
S34177,314,15,2026-06-08,16,17,0.001882259448357,0.0,0.4792511279395589,val,1
S35977,314,15,2026-06-08,37,16,0.0027547689708544,0.0019962966087057,0.4223961483459478,val,1
S35981,314,15,2026-06-08,28,24,0.0031652218521447,0.0,0.4800691013987927,val,1
S42716,314,15,2026-06-08,30,31,0.0022078205092329,0.0,0.3561658523841024,val,1
S01277,314,15,2026-06-08,32,18,0.0031040068321045,0.0,0.4240910994305085,val,2
S02514,314,15,2026-06-08,46,32,0.0015498328145945,0.0,0.3975451486304322,val,2
S02802,314,15,2026-06-08,52,14,0.002937102973109,0.0,0.4418553035344167,val,2
S05558,314,15,2026-06-08,31,12,0.0019697516253905,0.0,0.4061936810826504,val,2
S05711,314,15,2026-06-08,15,24,0.0027589164749103,0.0052813346793475,0.4650055981976393,val,2
S06485,314,15,2026-06-08,42,19,0.002948009953637,0.004671316051657,0.4713922209151414,val,2
S07749,314,15,2026-06-08,19,22,0.0029400733499332,0.0066863535157169,0.4215462235489706,val,2
S10984,314,15,2026-06-08,58,26,0.0030418225532042,0.0063675090483969,0.4206023102490818,val,2
S10994,314,15,2026-06-08,18,24,0.0028972662833534,0.0222926007980866,0.4658451980828612,val,2
S12836,314,15,2026-06-08,42,18,0.0028512860686778,0.0,0.4156862659333205,val,2
S12840,314,15,2026-06-08,15,21,0.0026763493902893,0.0,0.4685348076914425,val,2
S17688,314,15,2026-06-08,43,28,0.0028334809521438,0.0223400071170378,0.4614589675648499,val,2
S17692,314,15,2026-06-08,37,24,0.003143235470918,0.0198936560322698,0.4465729452887954,val,2
S18107,314,15,2026-06-08,37,23,0.0032396449741544,0.0,0.4742307375908636,val,2
S23156,314,15,2026-06-08,28,28,0.0028185997805358,0.0,0.4602126472706929,val,2
S25706,314,15,2026-06-08,46,13,0.0025930732519178,0.0,0.4368339883809941,val,2
S26254,314,15,2026-06-08,53,30,0.0024813919150992,0.0,0.3073153302298312,val,2
S33520,314,15,2026-06-08,36,12,0.0027940957935164,0.001809437472467,0.4454125229376307,val,2
S34177,314,15,2026-06-08,14,25,0.0020677521136007,0.0,0.4792511279395589,val,2
S35977,314,15,2026-06-08,35,16,0.0027089207901904,0.0019962966087057,0.4223961483459478,val,2
S35981,314,15,2026-06-08,26,24,0.0031170718682461,0.0,0.4800691013987927,val,2
S42716,314,15,2026-06-08,37,32,0.001706940831977,0.0,0.3561658523841024,val,2
S01277,314,15,2026-06-08,39,18,0.0029399007341311,0.0,0.4240910994305085,val,3
S02514,314,15,2026-06-08,45,31,0.0023780231244488,0.0,0.3975451486304322,val,3
S02802,314,15,2026-06-08,55,14,0.0026819570708162,0.0,0.4418553035344167,val,3
S05558,314,15,2026-06-08,37,11,0.0026008267211992,0.0,0.4061936810826504,val,3
S05711,314,15,2026-06-08,21,24,0.0029916862229264,0.0052813346793475,0.4650055981976393,val,3
S06485,314,15,2026-06-08,35,19,0.002987363367391,0.004671316051657,0.4713922209151414,val,3
S07749,314,15,2026-06-08,25,22,0.0031099181774877,0.0066863535157169,0.4215462235489706,val,3
S10984,314,15,2026-06-08,63,25,0.003022611301197,0.0063675090483969,0.4206023102490818,val,3
S10994,314,15,2026-06-08,24,24,0.0030761086934145,0.0222926007980866,0.4658451980828612,val,3
S12836,314,15,2026-06-08,45,18,0.0029813394880391,0.0,0.4156862659333205,val,3
S12840,314,15,2026-06-08,13,20,0.0027456633537899,0.0,0.4685348076914425,val,3
S17688,314,15,2026-06-08,50,28,0.0029152756895104,0.0223400071170378,0.4614589675648499,val,3
S17692,314,15,2026-06-08,43,24,0.0031484350565566,0.0198936560322698,0.4465729452887954,val,3
S18107,314,15,2026-06-08,31,23,0.0031470702159869,0.0,0.4742307375908636,val,3
S23156,314,15,2026-06-08,34,28,0.0027572099015332,0.0,0.4602126472706929,val,3
S25706,314,15,2026-06-08,40,13,0.0027797423192133,0.0,0.4368339883809941,val,3
S26254,314,15,2026-06-08,62,27,0.0028063331302716,0.0,0.3073153302298312,val,3
S33520,314,15,2026-06-08,43,12,0.0025687565074236,0.001809437472467,0.4454125229376307,val,3
S34177,314,15,2026-06-08,22,14,0.0019287317440549,0.0,0.4792511279395589,val,3
S35977,314,15,2026-06-08,41,16,0.0029227311795007,0.0019962966087057,0.4223961483459478,val,3
S35981,314,15,2026-06-08,32,24,0.0032642924040575,0.0,0.4800691013987927,val,3
S42716,314,15,2026-06-08,25,30,0.0017046163668584,0.0,0.3561658523841024,val,3
S01277,314,15,2026-06-08,36,18,0.002857322866541,0.0,0.4240910994305085,val,4
S02514,314,15,2026-06-08,47,31,0.0025392616766215,0.0,0.3975451486304322,val,4
S02802,314,15,2026-06-08,54,14,0.0028650155814886,0.0,0.4418553035344167,val,4
S05558,314,15,2026-06-08,39,11,0.0017477327999563,0.0,0.4061936810826504,val,4
S05711,314,15,2026-06-08,19,24,0.0027986199654118,0.0052813346793475,0.4650055981976393,val,4
S06485,314,15,2026-06-08,37,19,0.0030398051240753,0.004671316051657,0.4713922209151414,val,4
S07749,314,15,2026-06-08,23,22,0.0029945522722461,0.0066863535157169,0.4215462235489706,val,4
S10984,314,15,2026-06-08,62,26,0.0029767939636911,0.0063675090483969,0.4206023102490818,val,4
S10994,314,15,2026-06-08,22,24,0.0029364554155635,0.0222926007980866,0.4658451980828612,val,4
S12836,314,15,2026-06-08,44,18,0.0029733733689386,0.0,0.4156862659333205,val,4
S12840,314,15,2026-06-08,13,21,0.0026593960043397,0.0,0.4685348076914425,val,4
S17688,314,15,2026-06-08,47,28,0.0030364988375277,0.0223400071170378,0.4614589675648499,val,4
S17692,314,15,2026-06-08,41,24,0.0031681632714328,0.0198936560322698,0.4465729452887954,val,4
S18107,314,15,2026-06-08,33,23,0.0030927947323162,0.0,0.4742307375908636,val,4
S23156,314,15,2026-06-08,32,28,0.0028760015139045,0.0,0.4602126472706929,val,4
S25706,314,15,2026-06-08,42,13,0.0028074643459668,0.0,0.4368339883809941,val,4
S26254,314,15,2026-06-08,59,28,0.0026965713159862,0.0,0.3073153302298312,val,4
S33520,314,15,2026-06-08,41,12,0.0027404418207857,0.001809437472467,0.4454125229376307,val,4
S34177,314,15,2026-06-08,21,14,0.0018564695331625,0.0,0.4792511279395589,val,4
S35977,314,15,2026-06-08,39,16,0.0028479922228101,0.0019962966087057,0.4223961483459478,val,4
S35981,314,15,2026-06-08,30,24,0.0031653878358052,0.0,0.4800691013987927,val,4
S42716,314,15,2026-06-08,27,31,0.0018144247643844,0.0,0.3561658523841024,val,4
S01094,314,16,2026-06-08,23,18,0.0030918926309985,0.0,0.429576153100102,val,1
S03331,314,16,2026-06-08,24,17,0.003150413081952,0.0,0.4607938921865105,val,1
S03784,314,16,2026-06-08,34,22,0.003157484395737,0.0,0.4629534713925558,val,1
S06089,314,16,2026-06-08,54,23,0.0029235548751345,0.0,0.4083963483803526,val,1
S06198,314,16,2026-06-08,44,24,0.0031987374803708,0.0046787479406919,0.4104357251988252,val,1
S06746,314,16,2026-06-08,52,24,0.0029661145258395,0.0,0.4094946262015874,val,1
S06760,314,16,2026-06-08,34,23,0.0031363788834884,0.0,0.4238407298952333,val,1
S09600,314,16,2026-06-08,31,31,0.0013084673335067,0.0,0.3850399879312511,val,1
S11888,314,16,2026-06-08,56,24,0.0029239342900001,0.0,0.478945262910578,val,1
S11890,314,16,2026-06-08,62,22,0.002936482744591,0.0053067674632156,0.4409988169748935,val,1
S16111,314,16,2026-06-08,32,18,0.0029589613797058,0.0092822937911353,0.4273783941256444,val,1
S16459,314,16,2026-06-08,61,20,0.0028818356845315,0.0,0.437512044933751,val,1
S16675,314,16,2026-06-08,28,17,0.0029391957804414,0.0,0.402400466404213,val,1
S19027,314,16,2026-06-08,28,26,0.003060876603904,0.0,0.4259478411351356,val,1
S19550,314,16,2026-06-08,60,19,0.002897637831022,0.0,0.4454238145838802,val,1
S20871,314,16,2026-06-08,54,25,0.0028217203293935,0.0071217722752414,0.3991563325841711,val,1
S22128,314,16,2026-06-08,32,21,0.0031482780795939,0.0,0.4017077676044647,val,1
S23306,314,16,2026-06-08,30,23,0.0031738267345822,0.0,0.4281147091782541,val,1
S32515,314,16,2026-06-08,26,29,0.0027182757678965,0.0,0.3778003148583244,val,1
S33694,314,16,2026-06-08,29,13,0.0027582924040783,0.0,0.4315331845060004,val,1
S34981,314,16,2026-06-08,46,22,0.0031497053020574,0.0,0.4226417200829606,val,1
S36549,314,16,2026-06-08,52,19,0.0028518513541614,0.0,0.3828268378518871,val,1
S40911,314,16,2026-06-08,60,17,0.0029237775043015,0.0,0.4477429916061758,val,1
S41329,314,16,2026-06-08,61,15,0.0014109798167081,0.0,0.3875971162839367,val,1
S42146,314,16,2026-06-08,50,22,0.003096015126425,0.0104675101752834,0.4528750652259918,val,1
S01094,314,16,2026-06-08,22,18,0.0030550333448005,0.0,0.429576153100102,val,2
S03331,314,16,2026-06-08,25,17,0.0031386945709731,0.0,0.4607938921865105,val,2
S03784,314,16,2026-06-08,33,22,0.0031613708204979,0.0,0.4629534713925558,val,2
S06089,314,16,2026-06-08,55,23,0.0028329035008141,0.0,0.4083963483803526,val,2
S06198,314,16,2026-06-08,43,24,0.0031090197569178,0.0046787479406919,0.4104357251988252,val,2
S06746,314,16,2026-06-08,51,24,0.0029910452804116,0.0,0.4094946262015874,val,2
S06760,314,16,2026-06-08,35,23,0.0031414081131594,0.0,0.4238407298952333,val,2
S09600,314,16,2026-06-08,40,32,0.0015640538531579,0.0,0.3850399879312511,val,2
S11888,314,16,2026-06-08,55,24,0.0029669846442527,0.0,0.478945262910578,val,2
S11890,314,16,2026-06-08,61,22,0.0029009882750137,0.0053067674632156,0.4409988169748935,val,2
S16111,314,16,2026-06-08,31,18,0.002958342760411,0.0092822937911353,0.4273783941256444,val,2
S16459,314,16,2026-06-08,60,20,0.0029048007670152,0.0,0.437512044933751,val,2
S16675,314,16,2026-06-08,29,17,0.003066314977215,0.0,0.402400466404213,val,2
S19027,314,16,2026-06-08,26,26,0.0030967308664518,0.0,0.4259478411351356,val,2
S19550,314,16,2026-06-08,61,19,0.0029041628248159,0.0,0.4454238145838802,val,2
S20871,314,16,2026-06-08,55,25,0.0030091510306241,0.0071217722752414,0.3991563325841711,val,2
S22128,314,16,2026-06-08,33,21,0.0031185761408438,0.0,0.4017077676044647,val,2
S23306,314,16,2026-06-08,31,23,0.0031055675088711,0.0,0.4281147091782541,val,2
S32515,314,16,2026-06-08,27,29,0.002875136248616,0.0,0.3778003148583244,val,2
S33694,314,16,2026-06-08,30,13,0.0028379083623753,0.0,0.4315331845060004,val,2
S34981,314,16,2026-06-08,45,22,0.0031977426297368,0.0,0.4226417200829606,val,2
S36549,314,16,2026-06-08,53,19,0.0029694311096,0.0,0.3828268378518871,val,2
S40911,314,16,2026-06-08,61,17,0.0028172382959052,0.0,0.4477429916061758,val,2
S41329,314,16,2026-06-08,62,16,0.0015043367306498,0.0,0.3875971162839367,val,2
S42146,314,16,2026-06-08,49,22,0.002975635286437,0.0104675101752834,0.4528750652259918,val,2
S01094,314,16,2026-06-08,25,18,0.0030694705241455,0.0,0.429576153100102,val,3
S03331,314,16,2026-06-08,22,17,0.0028099583597086,0.0,0.4607938921865105,val,3
S03784,314,16,2026-06-08,36,22,0.0031238328751751,0.0,0.4629534713925558,val,3
S06089,314,16,2026-06-08,52,23,0.0030859715529009,0.0,0.4083963483803526,val,3
S06198,314,16,2026-06-08,46,24,0.0031065281234416,0.0046787479406919,0.4104357251988252,val,3
S06746,314,16,2026-06-08,54,24,0.0028990758829351,0.0,0.4094946262015874,val,3
S06760,314,16,2026-06-08,32,23,0.0030994863164198,0.0,0.4238407298952333,val,3
S09600,314,16,2026-06-08,28,31,0.0013869966288003,0.0,0.3850399879312511,val,3
S11888,314,16,2026-06-08,58,24,0.0029764894989048,0.0,0.478945262910578,val,3
S11890,314,16,2026-06-08,64,22,0.0029156602104586,0.0053067674632156,0.4409988169748935,val,3
S16111,314,16,2026-06-08,34,18,0.0030377932006381,0.0092822937911353,0.4273783941256444,val,3
S16459,314,16,2026-06-08,63,20,0.0025792086272033,0.0,0.437512044933751,val,3
S16675,314,16,2026-06-08,26,17,0.0029971999111146,0.0,0.402400466404213,val,3
S19027,314,16,2026-06-08,30,26,0.0030567697511805,0.0,0.4259478411351356,val,3
S19550,314,16,2026-06-08,58,19,0.002944592672314,0.0,0.4454238145838802,val,3
S20871,314,16,2026-06-08,52,25,0.0030148096219414,0.0071217722752414,0.3991563325841711,val,3
S22128,314,16,2026-06-08,29,21,0.003088890244113,0.0,0.4017077676044647,val,3
S23306,314,16,2026-06-08,28,23,0.0031784002951244,0.0,0.4281147091782541,val,3
S32515,314,16,2026-06-08,24,29,0.0029007676969437,0.0,0.3778003148583244,val,3
S33694,314,16,2026-06-08,27,13,0.0027273476687547,0.0,0.4315331845060004,val,3
S34981,314,16,2026-06-08,48,22,0.0031361989805333,0.0,0.4226417200829606,val,3
S36549,314,16,2026-06-08,50,19,0.0029317039583453,0.0,0.3828268378518871,val,3
S40911,314,16,2026-06-08,58,17,0.0029178279312286,0.0,0.4477429916061758,val,3
S41329,314,16,2026-06-08,59,15,0.0015313392035997,0.0,0.3875971162839367,val,3
S42146,314,16,2026-06-08,52,22,0.0028622192873109,0.0104675101752834,0.4528750652259918,val,3
S01094,314,16,2026-06-08,24,18,0.003099042835603,0.0,0.429576153100102,val,4
S03331,314,16,2026-06-08,23,17,0.0031017765506428,0.0,0.4607938921865105,val,4
S03784,314,16,2026-06-08,35,22,0.003215499709322,0.0,0.4629534713925558,val,4
S06089,314,16,2026-06-08,53,23,0.0028169116913284,0.0,0.4083963483803526,val,4
S06198,314,16,2026-06-08,45,24,0.003137501772075,0.0046787479406919,0.4104357251988252,val,4
S06746,314,16,2026-06-08,53,24,0.002909353916888,0.0,0.4094946262015874,val,4
S06760,314,16,2026-06-08,33,23,0.0030904990500781,0.0,0.4238407298952333,val,4
S09600,314,16,2026-06-08,30,31,0.0014350923220218,0.0,0.3850399879312511,val,4
S11888,314,16,2026-06-08,57,24,0.0029169557984888,0.0,0.478945262910578,val,4
S11890,314,16,2026-06-08,63,22,0.0027934272678885,0.0053067674632156,0.4409988169748935,val,4
S16111,314,16,2026-06-08,33,18,0.0030298676278126,0.0092822937911353,0.4273783941256444,val,4
S16459,314,16,2026-06-08,62,20,0.0029233156908096,0.0,0.437512044933751,val,4
S16675,314,16,2026-06-08,27,17,0.0030722136544912,0.0,0.402400466404213,val,4
S19027,314,16,2026-06-08,29,26,0.0031090618304911,0.0,0.4259478411351356,val,4
S19550,314,16,2026-06-08,59,19,0.0029314103446914,0.0,0.4454238145838802,val,4
S20871,314,16,2026-06-08,53,25,0.0029098771541337,0.0071217722752414,0.3991563325841711,val,4
S22128,314,16,2026-06-08,30,21,0.0031770318053183,0.0,0.4017077676044647,val,4
S23306,314,16,2026-06-08,29,23,0.0031157780813829,0.0,0.4281147091782541,val,4
S32515,314,16,2026-06-08,25,29,0.002791560180303,0.0,0.3778003148583244,val,4
S33694,314,16,2026-06-08,28,13,0.0027775187169461,0.0,0.4315331845060004,val,4
S34981,314,16,2026-06-08,47,22,0.0030932763606465,0.0,0.4226417200829606,val,4
S36549,314,16,2026-06-08,51,19,0.0029613475157456,0.0,0.3828268378518871,val,4
S40911,314,16,2026-06-08,59,17,0.0029608181553483,0.0,0.4477429916061758,val,4
S41329,314,16,2026-06-08,60,15,0.0014024706954778,0.0,0.3875971162839367,val,4
S42146,314,16,2026-06-08,51,22,0.0029765512344057,0.0104675101752834,0.4528750652259918,val,4
S09111,314,17,2026-06-08,61,24,0.003140520106898,0.0,0.3992135580912418,val,1
S14088,314,17,2026-06-08,32,18,0.003146643066783,0.011932964113071,0.4092786622939588,val,1
S14735,314,17,2026-06-08,45,24,0.0032224017433741,0.0,0.4298817987739015,val,1
S15779,314,17,2026-06-08,54,25,0.0032131759176272,0.0055349526132326,0.4244578840709893,val,1
S16585,314,17,2026-06-08,59,18,0.003197444806858,0.0,0.4560190673924446,val,1
S19095,314,17,2026-06-08,34,25,0.0031701472216707,0.0100072487113402,0.4457450026796898,val,1
S23429,314,17,2026-06-08,63,17,0.0027153153420926,0.0,0.4310975618298931,val,1
S24806,314,17,2026-06-08,47,21,0.0031772291887782,0.0020957200084334,0.4320999328915165,val,1
S25804,314,17,2026-06-08,62,20,0.0030920953368568,0.0,0.392131820221026,val,1
S25805,314,17,2026-06-08,54,28,0.0031390235441721,0.0,0.4382752449877256,val,1
S28263,314,17,2026-06-08,30,26,0.0031800917815529,0.0,0.4331217530909378,val,1
S29969,314,17,2026-06-08,43,17,0.0031439541003048,0.0,0.4269284054829332,val,1
S30931,314,17,2026-06-08,44,22,0.0031774985342367,0.0,0.4204893327681812,val,1
S32868,314,17,2026-06-08,47,27,0.0031359269261565,0.0025949479444044,0.4344511388621252,val,1
S32871,314,17,2026-06-08,38,12,0.0029634810293773,0.0,0.3722475131549088,val,1
S33925,314,17,2026-06-08,59,22,0.0031941186485781,0.0082851033326816,0.406516289856001,val,1
S39730,314,17,2026-06-08,23,19,0.0032096839255865,0.0,0.3964399667405134,val,1
S09111,314,17,2026-06-08,59,24,0.0032677545488393,0.0,0.3992135580912418,val,2
S14088,314,17,2026-06-08,30,18,0.0032092489472821,0.011932964113071,0.4092786622939588,val,2
S14735,314,17,2026-06-08,43,24,0.0031973746158264,0.0,0.4298817987739015,val,2
S15779,314,17,2026-06-08,56,25,0.0032172594136408,0.0055349526132326,0.4244578840709893,val,2
S16585,314,17,2026-06-08,57,18,0.0032147638325269,0.0,0.4560190673924446,val,2
S19095,314,17,2026-06-08,37,25,0.0031679906740589,0.0100072487113402,0.4457450026796898,val,2
S23429,314,17,2026-06-08,62,27,0.0022862434973506,0.0,0.4310975618298931,val,2
S24806,314,17,2026-06-08,49,21,0.0031073517338294,0.0020957200084334,0.4320999328915165,val,2
S25804,314,17,2026-06-08,60,20,0.0032429575043518,0.0,0.392131820221026,val,2
S25805,314,17,2026-06-08,52,28,0.0031211938651863,0.0,0.4382752449877256,val,2
S28263,314,17,2026-06-08,28,26,0.0031699407098927,0.0,0.4331217530909378,val,2
S29969,314,17,2026-06-08,45,17,0.0031340966264601,0.0,0.4269284054829332,val,2
S30931,314,17,2026-06-08,40,22,0.0031758601171372,0.0,0.4204893327681812,val,2
S32868,314,17,2026-06-08,49,27,0.0030761430110674,0.0025949479444044,0.4344511388621252,val,2
S32871,314,17,2026-06-08,36,12,0.0030074883421717,0.0,0.3722475131549088,val,2
S33925,314,17,2026-06-08,57,22,0.0032427132346332,0.0082851033326816,0.406516289856001,val,2
S39730,314,17,2026-06-08,26,19,0.0032024180585787,0.0,0.3964399667405134,val,2
S09111,314,17,2026-06-08,64,23,0.0030289088843063,0.0,0.3992135580912418,val,3
S14088,314,17,2026-06-08,39,18,0.003060282348825,0.011932964113071,0.4092786622939588,val,3
S14735,314,17,2026-06-08,49,24,0.0032012902801898,0.0,0.4298817987739015,val,3
S15779,314,17,2026-06-08,50,25,0.0031143815546266,0.0055349526132326,0.4244578840709893,val,3
S16585,314,17,2026-06-08,63,18,0.0029947878234982,0.0,0.4560190673924446,val,3
S19095,314,17,2026-06-08,30,25,0.0031873419277425,0.0100072487113402,0.4457450026796898,val,3
S23429,314,17,2026-06-08,57,14,0.0022488913196316,0.0,0.4310975618298931,val,3
S24806,314,17,2026-06-08,35,21,0.003185721461995,0.0020957200084334,0.4320999328915165,val,3
S25804,314,17,2026-06-08,65,19,0.0028289438681601,0.0,0.392131820221026,val,3
S25805,314,17,2026-06-08,61,27,0.0028643207490844,0.0,0.4382752449877256,val,3
S28263,314,17,2026-06-08,35,26,0.0031523833559284,0.0,0.4331217530909378,val,3
S29969,314,17,2026-06-08,38,17,0.0030672564144015,0.0,0.4269284054829332,val,3
S30931,314,17,2026-06-08,48,22,0.0031954221775822,0.0,0.4204893327681812,val,3
S32868,314,17,2026-06-08,43,27,0.0030815943513076,0.0025949479444044,0.4344511388621252,val,3
S32871,314,17,2026-06-08,42,12,0.0027786662686487,0.0,0.3722475131549088,val,3
S33925,314,17,2026-06-08,63,22,0.0029987539838464,0.0082851033326816,0.406516289856001,val,3
S39730,314,17,2026-06-08,19,19,0.0031861767198301,0.0,0.3964399667405134,val,3
S09111,314,17,2026-06-08,63,24,0.0030867745222682,0.0,0.3992135580912418,val,4
S14088,314,17,2026-06-08,34,18,0.0031350517923242,0.011932964113071,0.4092786622939588,val,4
S14735,314,17,2026-06-08,47,24,0.0032092886224002,0.0,0.4298817987739015,val,4
S15779,314,17,2026-06-08,52,25,0.0027836729943913,0.0055349526132326,0.4244578840709893,val,4
S16585,314,17,2026-06-08,61,18,0.0031793567487562,0.0,0.4560190673924446,val,4
S19095,314,17,2026-06-08,32,25,0.0031643649734318,0.0100072487113402,0.4457450026796898,val,4
S23429,314,17,2026-06-08,60,15,0.0025379149749892,0.0,0.4310975618298931,val,4
S24806,314,17,2026-06-08,44,21,0.0031684365556044,0.0020957200084334,0.4320999328915165,val,4
S25804,314,17,2026-06-08,64,20,0.0029710984262425,0.0,0.392131820221026,val,4
S25805,314,17,2026-06-08,57,28,0.0029367755267987,0.0,0.4382752449877256,val,4
S28263,314,17,2026-06-08,32,26,0.0031342981864869,0.0,0.4331217530909378,val,4
S29969,314,17,2026-06-08,41,17,0.0031532873064158,0.0,0.4269284054829332,val,4
S30931,314,17,2026-06-08,46,22,0.0031984063508448,0.0,0.4204893327681812,val,4
S32868,314,17,2026-06-08,45,27,0.0030647085233887,0.0025949479444044,0.4344511388621252,val,4
S32871,314,17,2026-06-08,40,12,0.0030507303786823,0.0,0.3722475131549088,val,4
S33925,314,17,2026-06-08,61,22,0.0030435806413799,0.0082851033326816,0.406516289856001,val,4
S39730,314,17,2026-06-08,21,19,0.0032063313094388,0.0,0.3964399667405134,val,4
S00305,314,18,2026-06-08,39,28,0.0029130132914354,0.0065512832342512,0.4552848257011248,val,1
S02176,314,18,2026-06-08,31,28,0.0030294016862297,0.0,0.4008010502767691,val,1
S02841,314,18,2026-06-08,33,21,0.0030317003401203,0.0,0.4287420268477768,val,1
S06192,314,18,2026-06-08,49,30,0.0028119046243703,0.0090223380018335,0.3866716305933835,val,1
S06765,314,18,2026-06-08,45,31,0.00277479561981,0.0,0.3452369200832613,val,1
S10012,314,18,2026-06-08,38,13,0.002637566489715,0.0,0.4213249663838185,val,1
S11056,314,18,2026-06-08,44,29,0.0028724314654289,0.0146090534979423,0.3942762082226309,val,1
S13753,314,18,2026-06-08,60,20,0.0030700192512204,0.0053060451013833,0.4647633649547022,val,1
S16558,314,18,2026-06-08,47,19,0.0029184846193016,0.0,0.4246130259723941,val,1
S16670,314,18,2026-06-08,20,22,0.0030056057184071,0.0,0.4052877431651276,val,1
S19025,314,18,2026-06-08,60,23,0.0029520227171794,0.0084283536940821,0.4212063613175833,val,1
S19548,314,18,2026-06-08,46,13,0.0027296376958005,0.0051403512400968,0.4330505954580037,val,1
S22804,314,18,2026-06-08,43,19,0.0029872148492494,0.0065001732943584,0.417727510135453,val,1
S23719,314,18,2026-06-08,31,25,0.0031007367566456,0.0,0.4546435771282258,val,1
S29924,314,18,2026-06-08,53,27,0.002853512191124,0.0,0.4418395488273787,val,1
S29925,314,18,2026-06-08,48,29,0.002749884274898,0.0,0.3954139917405828,val,1
S35606,314,18,2026-06-08,16,20,0.0028156727607305,0.0060850933578206,0.4787873586088926,val,1
S36552,314,18,2026-06-08,37,21,0.0029915911244467,0.0,0.4537830238153311,val,1
S38640,314,18,2026-06-08,18,18,0.003063759513366,0.0,0.4128399416923782,val,1
S43472,314,18,2026-06-08,21,21,0.0029087714016119,0.0112451707421925,0.3828080088624472,val,1
S00305,314,18,2026-06-08,38,28,0.0029371051951856,0.0065512832342512,0.4552848257011248,val,2
S02176,314,18,2026-06-08,30,28,0.0028995027887245,0.0,0.4008010502767691,val,2
S02841,314,18,2026-06-08,34,21,0.0030347372424355,0.0,0.4287420268477768,val,2
S06192,314,18,2026-06-08,48,30,0.002803313432263,0.0090223380018335,0.3866716305933835,val,2
S06765,314,18,2026-06-08,46,31,0.002672023273019,0.0,0.3452369200832613,val,2
S10012,314,18,2026-06-08,39,13,0.0027458491190973,0.0,0.4213249663838185,val,2
S11056,314,18,2026-06-08,45,29,0.0028003458401333,0.0146090534979423,0.3942762082226309,val,2
S13753,314,18,2026-06-08,59,20,0.0028388602186899,0.0053060451013833,0.4647633649547022,val,2
S16558,314,18,2026-06-08,48,19,0.0030446706111402,0.0,0.4246130259723941,val,2
S16670,314,18,2026-06-08,18,22,0.0027849248571647,0.0,0.4052877431651276,val,2
S19025,314,18,2026-06-08,61,23,0.0026776382892786,0.0084283536940821,0.4212063613175833,val,2
S19548,314,18,2026-06-08,47,13,0.0026000588833823,0.0051403512400968,0.4330505954580037,val,2
S22804,314,18,2026-06-08,44,19,0.0027858971570225,0.0065001732943584,0.417727510135453,val,2
S23719,314,18,2026-06-08,32,25,0.0031172528879447,0.0,0.4546435771282258,val,2
S29924,314,18,2026-06-08,54,27,0.0028330986015142,0.0,0.4418395488273787,val,2
S29925,314,18,2026-06-08,49,29,0.0028871607502048,0.0,0.3954139917405828,val,2
S35606,314,18,2026-06-08,15,20,0.0027680294920991,0.0060850933578206,0.4787873586088926,val,2
S36552,314,18,2026-06-08,38,21,0.0030704481877418,0.0,0.4537830238153311,val,2
S38640,314,18,2026-06-08,17,18,0.0029802105835657,0.0,0.4128399416923782,val,2
S43472,314,18,2026-06-08,22,21,0.0030752875475621,0.0112451707421925,0.3828080088624472,val,2
S00305,314,18,2026-06-08,41,28,0.0029629736295707,0.0065512832342512,0.4552848257011248,val,3
S02176,314,18,2026-06-08,33,28,0.0029213289761663,0.0,0.4008010502767691,val,3
S02841,314,18,2026-06-08,31,21,0.0030368595293916,0.0,0.4287420268477768,val,3
S06192,314,18,2026-06-08,51,30,0.0027900713965739,0.0090223380018335,0.3866716305933835,val,3
S06765,314,18,2026-06-08,43,31,0.0028115491503698,0.0,0.3452369200832613,val,3
S10012,314,18,2026-06-08,36,13,0.0028277876894543,0.0,0.4213249663838185,val,3
S11056,314,18,2026-06-08,42,29,0.0029005178962157,0.0146090534979423,0.3942762082226309,val,3
S13753,314,18,2026-06-08,62,20,0.0030516980461624,0.0053060451013833,0.4647633649547022,val,3
S16558,314,18,2026-06-08,45,19,0.002987459742531,0.0,0.4246130259723941,val,3
S16670,314,18,2026-06-08,22,22,0.003060413269416,0.0,0.4052877431651276,val,3
S19025,314,18,2026-06-08,58,23,0.003023203070883,0.0084283536940821,0.4212063613175833,val,3
S19548,314,18,2026-06-08,44,13,0.0027809386346681,0.0051403512400968,0.4330505954580037,val,3
S22804,314,18,2026-06-08,39,19,0.003003674884407,0.0065001732943584,0.417727510135453,val,3
S23719,314,18,2026-06-08,29,25,0.0030797718367256,0.0,0.4546435771282258,val,3
S29924,314,18,2026-06-08,51,27,0.0028325870848754,0.0,0.4418395488273787,val,3
S29925,314,18,2026-06-08,46,29,0.0028229654300848,0.0,0.3954139917405828,val,3
S35606,314,18,2026-06-08,18,20,0.0030727215826915,0.0060850933578206,0.4787873586088926,val,3
S36552,314,18,2026-06-08,35,21,0.0030410889840205,0.0,0.4537830238153311,val,3
S38640,314,18,2026-06-08,20,18,0.0030867447216409,0.0,0.4128399416923782,val,3
S43472,314,18,2026-06-08,19,21,0.0029930732821983,0.0112451707421925,0.3828080088624472,val,3
S00305,314,18,2026-06-08,40,28,0.002860712039027,0.0065512832342512,0.4552848257011248,val,4
S02176,314,18,2026-06-08,32,28,0.0029675505466534,0.0,0.4008010502767691,val,4
S02841,314,18,2026-06-08,32,21,0.0028787175274114,0.0,0.4287420268477768,val,4
S06192,314,18,2026-06-08,50,30,0.0028064047374008,0.0090223380018335,0.3866716305933835,val,4
S06765,314,18,2026-06-08,44,31,0.0024888023336583,0.0,0.3452369200832613,val,4
S10012,314,18,2026-06-08,37,13,0.0028758963007306,0.0,0.4213249663838185,val,4
S11056,314,18,2026-06-08,43,29,0.0029189495638877,0.0146090534979423,0.3942762082226309,val,4
S13753,314,18,2026-06-08,61,20,0.0030155075306546,0.0053060451013833,0.4647633649547022,val,4
S16558,314,18,2026-06-08,46,19,0.002967076925908,0.0,0.4246130259723941,val,4
S16670,314,18,2026-06-08,21,22,0.0030630940195039,0.0,0.4052877431651276,val,4
S19025,314,18,2026-06-08,59,23,0.0029845503196903,0.0084283536940821,0.4212063613175833,val,4
S19548,314,18,2026-06-08,45,13,0.0027472850725852,0.0051403512400968,0.4330505954580037,val,4
S22804,314,18,2026-06-08,40,19,0.0028904565353692,0.0065001732943584,0.417727510135453,val,4
S23719,314,18,2026-06-08,30,25,0.0030824179753541,0.0,0.4546435771282258,val,4
S29924,314,18,2026-06-08,52,27,0.0028386067709268,0.0,0.4418395488273787,val,4
S29925,314,18,2026-06-08,47,29,0.0028660542207259,0.0,0.3954139917405828,val,4
S35606,314,18,2026-06-08,17,20,0.0029756691394634,0.0060850933578206,0.4787873586088926,val,4
S36552,314,18,2026-06-08,36,21,0.0030277606358419,0.0,0.4537830238153311,val,4
S38640,314,18,2026-06-08,19,18,0.0029532362662275,0.0,0.4128399416923782,val,4
S43472,314,18,2026-06-08,20,21,0.0028864569837598,0.0112451707421925,0.3828080088624472,val,4
S00239,314,19,2026-06-08,60,26,0.0021203007709744,0.0024128556170501,0.3430354289900446,val,1
S00242,314,19,2026-06-08,22,25,0.0023697757803376,0.0,0.4409745728495668,val,1
S04603,314,19,2026-06-08,51,29,0.002253701231554,0.0,0.3618232875073914,val,1
S06800,314,19,2026-06-08,46,31,0.0020088370401004,0.0,0.330655037379977,val,1
S11053,314,19,2026-06-08,27,15,0.0024529321090122,0.0044089403018837,0.4007128858737004,val,1
S16562,314,19,2026-06-08,44,16,0.0024928085308065,0.0,0.3524395659899589,val,1
S16669,314,19,2026-06-08,25,28,0.002193615445607,0.0,0.3831435830020311,val,1
S16673,314,19,2026-06-08,31,14,0.0025842966905033,0.0,0.4032775361479242,val,1
S19011,314,19,2026-06-08,35,29,0.0020255903122209,0.0,0.3665518542022347,val,1
S22322,314,19,2026-06-08,62,21,0.0024557659378942,0.0,0.3543655434956527,val,1
S22336,314,19,2026-06-08,58,23,0.0023492738888607,0.0,0.3485539693228223,val,1
S24443,314,19,2026-06-08,50,28,0.0020367526334978,0.0,0.2979008720574428,val,1
S37534,314,19,2026-06-08,23,21,0.0022835466232431,0.0,0.3816693476063446,val,1
S40907,314,19,2026-06-08,23,14,0.0025660797289986,0.0,0.3741338116098952,val,1
S42148,314,19,2026-06-08,54,21,0.0021888766853143,0.0153419294623515,0.3469887789536334,val,1
S42800,314,19,2026-06-08,55,17,0.0024523529718365,0.0,0.3398174551514579,val,1
S00239,314,19,2026-06-08,59,26,0.0024384393794927,0.0024128556170501,0.3430354289900446,val,2
S00242,314,19,2026-06-08,23,25,0.0021420715993324,0.0,0.4409745728495668,val,2
S04603,314,19,2026-06-08,52,29,0.0022206635341671,0.0,0.3618232875073914,val,2
S06800,314,19,2026-06-08,49,31,0.0018867740516987,0.0,0.330655037379977,val,2
S11053,314,19,2026-06-08,28,15,0.0024363765452802,0.0044089403018837,0.4007128858737004,val,2
S16562,314,19,2026-06-08,43,16,0.0022827094353866,0.0,0.3524395659899589,val,2
S16669,314,19,2026-06-08,24,28,0.0020857255173499,0.0,0.3831435830020311,val,2
S16673,314,19,2026-06-08,30,14,0.0025267609323205,0.0,0.4032775361479242,val,2
S19011,314,19,2026-06-08,36,29,0.0019919182228063,0.0,0.3665518542022347,val,2
S22322,314,19,2026-06-08,63,21,0.0025577093241264,0.0,0.3543655434956527,val,2
S22336,314,19,2026-06-08,59,23,0.0025208177107165,0.0,0.3485539693228223,val,2
S24443,314,19,2026-06-08,49,28,0.0021323675163189,0.0,0.2979008720574428,val,2
S37534,314,19,2026-06-08,24,21,0.0023639822093769,0.0,0.3816693476063446,val,2
S40907,314,19,2026-06-08,21,15,0.0025473460987535,0.0,0.3741338116098952,val,2
S42148,314,19,2026-06-08,55,21,0.0022016182051914,0.0153419294623515,0.3469887789536334,val,2
S42800,314,19,2026-06-08,56,17,0.0025976849135998,0.0,0.3398174551514579,val,2
S00239,314,19,2026-06-08,64,25,0.0023176866051738,0.0024128556170501,0.3430354289900446,val,3
S00242,314,19,2026-06-08,20,25,0.0023396836547672,0.0,0.4409745728495668,val,3
S04603,314,19,2026-06-08,49,29,0.0021982113359001,0.0,0.3618232875073914,val,3
S06800,314,19,2026-06-08,44,31,0.0018838394159829,0.0,0.330655037379977,val,3
S11053,314,19,2026-06-08,25,15,0.0027198596153907,0.0044089403018837,0.4007128858737004,val,3
S16562,314,19,2026-06-08,46,16,0.0022911789047872,0.0,0.3524395659899589,val,3
S16669,314,19,2026-06-08,27,28,0.0021309457974027,0.0,0.3831435830020311,val,3
S16673,314,19,2026-06-08,34,14,0.0023867858597019,0.0,0.4032775361479242,val,3
S19011,314,19,2026-06-08,33,29,0.0021852372814793,0.0,0.3665518542022347,val,3
S22322,314,19,2026-06-08,60,21,0.0025351238388877,0.0,0.3543655434956527,val,3
S22336,314,19,2026-06-08,56,23,0.0024708096045821,0.0,0.3485539693228223,val,3
S24443,314,19,2026-06-08,52,28,0.0020760851599188,0.0,0.2979008720574428,val,3
S37534,314,19,2026-06-08,21,21,0.0023227293426862,0.0,0.3816693476063446,val,3
S40907,314,19,2026-06-08,25,14,0.0025958122053088,0.0,0.3741338116098952,val,3
S42148,314,19,2026-06-08,52,21,0.0020725088833406,0.0153419294623515,0.3469887789536334,val,3
S42800,314,19,2026-06-08,52,17,0.0023320600648134,0.0,0.3398174551514579,val,3
S00239,314,19,2026-06-08,62,26,0.0021345821338538,0.0024128556170501,0.3430354289900446,val,4
S00242,314,19,2026-06-08,21,25,0.0025155034997468,0.0,0.4409745728495668,val,4
S04603,314,19,2026-06-08,50,29,0.0020737009026203,0.0,0.3618232875073914,val,4
S06800,314,19,2026-06-08,45,31,0.0020912850265528,0.0,0.330655037379977,val,4
S11053,314,19,2026-06-08,26,15,0.0025574317082473,0.0044089403018837,0.4007128858737004,val,4
S16562,314,19,2026-06-08,45,16,0.0022206596564084,0.0,0.3524395659899589,val,4
S16669,314,19,2026-06-08,26,28,0.0021849863718077,0.0,0.3831435830020311,val,4
S16673,314,19,2026-06-08,33,14,0.0024735347055987,0.0,0.4032775361479242,val,4
S19011,314,19,2026-06-08,34,29,0.0020693580706956,0.0,0.3665518542022347,val,4
S22322,314,19,2026-06-08,61,21,0.0025561959526111,0.0,0.3543655434956527,val,4
S22336,314,19,2026-06-08,57,23,0.002344280510793,0.0,0.3485539693228223,val,4
S24443,314,19,2026-06-08,51,28,0.0020088781673282,0.0,0.2979008720574428,val,4
S37534,314,19,2026-06-08,22,21,0.0022750386905736,0.0,0.3816693476063446,val,4
S40907,314,19,2026-06-08,24,14,0.0025818716729602,0.0,0.3741338116098952,val,4
S42148,314,19,2026-06-08,53,21,0.0020821355421489,0.0153419294623515,0.3469887789536334,val,4
S42800,314,19,2026-06-08,54,17,0.0023689589894786,0.0,0.3398174551514579,val,4
S02445,314,20,2026-06-08,30,28,0.0016125104075258,0.0,0.3635087065749698,val,1
S02864,314,20,2026-06-08,26,20,0.0017004263539549,0.0,0.3413819223395277,val,1
S02865,314,20,2026-06-08,19,22,0.0017793570530523,0.0,0.3857959791886617,val,1
S03931,314,20,2026-06-08,27,19,0.0018372073261602,0.0,0.3770669292893602,val,1
S04233,314,20,2026-06-08,48,30,0.0018016644944322,0.0,0.3599864604932497,val,1
S05302,314,20,2026-06-08,46,26,0.0015374441863866,0.0,0.3022931258742443,val,1
S05306,314,20,2026-06-08,22,28,0.0017059434372555,0.0,0.3213034947620022,val,1
S07346,314,20,2026-06-08,25,14,0.0017250357267433,0.0,0.3898033482234161,val,1
S14767,314,20,2026-06-08,41,16,0.0018130683788551,0.0,0.3320471965602267,val,1
S16686,314,20,2026-06-08,53,29,0.0017067615170028,0.0,0.2908396963199233,val,1
S19949,314,20,2026-06-08,23,21,0.0019146106662495,0.0,0.3478333740687245,val,1
S22333,314,20,2026-06-08,27,24,0.001875097431088,0.0,0.3986546959285282,val,1
S22810,314,20,2026-06-08,56,25,0.0018462872940453,0.0063934958722072,0.3216640040823684,val,1
S23839,314,20,2026-06-08,58,20,0.0020877294559151,0.0,0.386911909935905,val,1
S25033,314,20,2026-06-08,28,30,0.0018068024546162,0.0,0.3171880944991403,val,1
S25584,314,20,2026-06-08,25,25,0.0019419037306306,0.0,0.3550618446101255,val,1
S25585,314,20,2026-06-08,41,25,0.0015458733341749,0.0,0.2441963384623184,val,1
S25586,314,20,2026-06-08,44,30,0.0016207872147309,0.0,0.2627797459104612,val,1
S26437,314,20,2026-06-08,47,27,0.0016949292277125,0.0,0.3600190554412116,val,1
S26805,314,20,2026-06-08,33,16,0.0016482646907695,0.0012590278886076,0.3162735765968466,val,1
S29936,314,20,2026-06-08,14,20,0.0017832109960639,0.0,0.4252269579926982,val,1
S35111,314,20,2026-06-08,38,18,0.00165215889417,0.0178977883553163,0.3042844927258148,val,1
S37201,314,20,2026-06-08,59,15,0.0016381437721422,0.0,0.3981344967424927,val,1
S37292,314,20,2026-06-08,53,28,0.0017259572317659,0.0,0.3028575108914553,val,1
S41196,314,20,2026-06-08,30,20,0.0020738206348808,0.0,0.3488169729041019,val,1
S42407,314,20,2026-06-08,34,26,0.0015710732528077,0.0,0.3127724364645874,val,1
S02445,314,20,2026-06-08,29,28,0.0017223660378961,0.0,0.3635087065749698,val,2
S02864,314,20,2026-06-08,25,20,0.0018486968135842,0.0,0.3413819223395277,val,2
S02865,314,20,2026-06-08,18,22,0.0017710940573173,0.0,0.3857959791886617,val,2
S03931,314,20,2026-06-08,28,19,0.0016205664724079,0.0,0.3770669292893602,val,2
S04233,314,20,2026-06-08,47,30,0.0015472872589134,0.0,0.3599864604932497,val,2
S05302,314,20,2026-06-08,45,26,0.0015846236100193,0.0,0.3022931258742443,val,2
S05306,314,20,2026-06-08,21,28,0.0016633359360814,0.0,0.3213034947620022,val,2
S07346,314,20,2026-06-08,24,14,0.0016040146950873,0.0,0.3898033482234161,val,2
S14767,314,20,2026-06-08,40,16,0.0017938269130649,0.0,0.3320471965602267,val,2
S16686,314,20,2026-06-08,54,29,0.0019088558862381,0.0,0.2908396963199233,val,2
S19949,314,20,2026-06-08,24,21,0.001779185845858,0.0,0.3478333740687245,val,2
S22333,314,20,2026-06-08,26,24,0.0017988488693494,0.0,0.3986546959285282,val,2
S22810,314,20,2026-06-08,57,25,0.0019922781088682,0.0063934958722072,0.3216640040823684,val,2
S23839,314,20,2026-06-08,57,20,0.0022316350739598,0.0,0.386911909935905,val,2
S25033,314,20,2026-06-08,32,31,0.0016023492387994,0.0,0.3171880944991403,val,2
S25584,314,20,2026-06-08,26,25,0.0018397962687556,0.0,0.3550618446101255,val,2
S25585,314,20,2026-06-08,45,25,0.0018336109804531,0.0,0.2441963384623184,val,2
S25586,314,20,2026-06-08,43,30,0.0016258014725697,0.0,0.2627797459104612,val,2
S26437,314,20,2026-06-08,48,27,0.0017556263762264,0.0,0.3600190554412116,val,2
S26805,314,20,2026-06-08,32,16,0.0016771030802396,0.0012590278886076,0.3162735765968466,val,2
S29936,314,20,2026-06-08,13,20,0.0016554960470415,0.0,0.4252269579926982,val,2
S35111,314,20,2026-06-08,37,18,0.0017130224504189,0.0178977883553163,0.3042844927258148,val,2
S37201,314,20,2026-06-08,60,15,0.0016583139261572,0.0,0.3981344967424927,val,2
S37292,314,20,2026-06-08,52,28,0.0015624121481848,0.0,0.3028575108914553,val,2
S41196,314,20,2026-06-08,29,20,0.001929621405293,0.0,0.3488169729041019,val,2
S42407,314,20,2026-06-08,32,26,0.001873139051797,0.0,0.3127724364645874,val,2
S02445,314,20,2026-06-08,34,28,0.0018983792038508,0.0,0.3635087065749698,val,3
S02864,314,20,2026-06-08,28,20,0.0018007023225791,0.0,0.3413819223395277,val,3
S02865,314,20,2026-06-08,22,22,0.0017809760460313,0.0,0.3857959791886617,val,3
S03931,314,20,2026-06-08,24,19,0.0018859965083474,0.0,0.3770669292893602,val,3
S04233,314,20,2026-06-08,50,30,0.0018321684335206,0.0,0.3599864604932497,val,3
S05302,314,20,2026-06-08,48,26,0.0017101906670233,0.0,0.3022931258742443,val,3
S05306,314,20,2026-06-08,24,28,0.0017095096685445,0.0,0.3213034947620022,val,3
S07346,314,20,2026-06-08,28,14,0.0018240522387441,0.0,0.3898033482234161,val,3
S14767,314,20,2026-06-08,43,16,0.0018570999262047,0.0,0.3320471965602267,val,3
S16686,314,20,2026-06-08,51,29,0.0014982453070773,0.0,0.2908396963199233,val,3
S19949,314,20,2026-06-08,21,21,0.0017237451003184,0.0,0.3478333740687245,val,3
S22333,314,20,2026-06-08,29,24,0.001848638075338,0.0,0.3986546959285282,val,3
S22810,314,20,2026-06-08,54,25,0.001560668663331,0.0063934958722072,0.3216640040823684,val,3
S23839,314,20,2026-06-08,60,20,0.0023368742808798,0.0,0.386911909935905,val,3
S25033,314,20,2026-06-08,30,30,0.0017883410266887,0.0,0.3171880944991403,val,3
S25584,314,20,2026-06-08,23,25,0.0017626778599379,0.0,0.3550618446101255,val,3
S25585,314,20,2026-06-08,39,25,0.0014977988213707,0.0,0.2441963384623184,val,3
S25586,314,20,2026-06-08,46,30,0.0017826312686628,0.0,0.2627797459104612,val,3
S26437,314,20,2026-06-08,45,27,0.0016280262972199,0.0,0.3600190554412116,val,3
S26805,314,20,2026-06-08,35,16,0.0018992902590209,0.0012590278886076,0.3162735765968466,val,3
S29936,314,20,2026-06-08,16,20,0.0016784375097127,0.0,0.4252269579926982,val,3
S35111,314,20,2026-06-08,40,18,0.0016744605330491,0.0178977883553163,0.3042844927258148,val,3
S37201,314,20,2026-06-08,58,14,0.001742526228352,0.0,0.3981344967424927,val,3
S37292,314,20,2026-06-08,55,28,0.0017297424002769,0.0,0.3028575108914553,val,3
S41196,314,20,2026-06-08,32,20,0.0018385096650074,0.0,0.3488169729041019,val,3
S42407,314,20,2026-06-08,36,26,0.0017105524233382,0.0,0.3127724364645874,val,3
S02445,314,20,2026-06-08,33,28,0.0016053200248437,0.0,0.3635087065749698,val,4
S02864,314,20,2026-06-08,27,20,0.0017051555086157,0.0,0.3413819223395277,val,4
S02865,314,20,2026-06-08,21,22,0.0016545543214074,0.0,0.3857959791886617,val,4
S03931,314,20,2026-06-08,25,19,0.001695451878938,0.0,0.3770669292893602,val,4
S04233,314,20,2026-06-08,49,30,0.001662228361976,0.0,0.3599864604932497,val,4
S05302,314,20,2026-06-08,47,26,0.001742468133628,0.0,0.3022931258742443,val,4
S05306,314,20,2026-06-08,23,28,0.0018703061222511,0.0,0.3213034947620022,val,4
S07346,314,20,2026-06-08,27,14,0.0017759739713647,0.0,0.3898033482234161,val,4
S14767,314,20,2026-06-08,42,16,0.0015736501955197,0.0,0.3320471965602267,val,4
S16686,314,20,2026-06-08,52,29,0.0017015160311038,0.0,0.2908396963199233,val,4
S19949,314,20,2026-06-08,22,21,0.001851266321683,0.0,0.3478333740687245,val,4
S22333,314,20,2026-06-08,28,24,0.0016447588789171,0.0,0.3986546959285282,val,4
S22810,314,20,2026-06-08,55,25,0.0019098332707196,0.0063934958722072,0.3216640040823684,val,4
S23839,314,20,2026-06-08,59,20,0.0018244081542773,0.0,0.386911909935905,val,4
S25033,314,20,2026-06-08,29,30,0.0016834703367172,0.0,0.3171880944991403,val,4
S25584,314,20,2026-06-08,24,25,0.0017506927197422,0.0,0.3550618446101255,val,4
S25585,314,20,2026-06-08,40,25,0.0017362927025309,0.0,0.2441963384623184,val,4
S25586,314,20,2026-06-08,45,30,0.0016189704147839,0.0,0.2627797459104612,val,4
S26437,314,20,2026-06-08,46,27,0.0015937135919185,0.0,0.3600190554412116,val,4
S26805,314,20,2026-06-08,34,16,0.001746729496604,0.0012590278886076,0.3162735765968466,val,4
S29936,314,20,2026-06-08,15,20,0.0016574016215599,0.0,0.4252269579926982,val,4
S35111,314,20,2026-06-08,39,18,0.0016168329505613,0.0178977883553163,0.3042844927258148,val,4
S37201,314,20,2026-06-08,57,14,0.0015260712168126,0.0,0.3981344967424927,val,4
S37292,314,20,2026-06-08,54,28,0.0018301083856451,0.0,0.3028575108914553,val,4
S41196,314,20,2026-06-08,31,20,0.0020182380170977,0.0,0.3488169729041019,val,4
S42407,314,20,2026-06-08,35,26,0.001613622729194,0.0,0.3127724364645874,val,4
S01277,314,21,2026-06-08,34,18,0.0029025845963226,0.0,0.4240910994305085,val,1
S02514,314,21,2026-06-08,49,31,0.0021873576437538,0.0,0.3975451486304322,val,1
S02802,314,21,2026-06-08,53,14,0.0028719159719993,0.0,0.4418553035344167,val,1
S05558,314,21,2026-06-08,41,11,0.0021228287322814,0.0,0.4061936810826504,val,1
S05711,314,21,2026-06-08,17,24,0.0028082085259313,0.0052813346793475,0.4650055981976393,val,1
S06485,314,21,2026-06-08,39,19,0.0029996350974575,0.004671316051657,0.4713922209151414,val,1
S07749,314,21,2026-06-08,21,22,0.003023684702331,0.0066863535157169,0.4215462235489706,val,1
S10984,314,21,2026-06-08,60,26,0.0029131185861265,0.0063675090483969,0.4206023102490818,val,1
S10994,314,21,2026-06-08,20,24,0.002752541520228,0.0222926007980866,0.4658451980828612,val,1
S12836,314,21,2026-06-08,43,18,0.0029346500456516,0.0,0.4156862659333205,val,1
S12840,314,21,2026-06-08,14,21,0.0026811314580898,0.0,0.4685348076914425,val,1
S17688,314,21,2026-06-08,45,28,0.002878069625784,0.0223400071170378,0.4614589675648499,val,1
S17692,314,21,2026-06-08,39,24,0.0031773872170923,0.0198936560322698,0.4465729452887954,val,1
S18107,314,21,2026-06-08,35,23,0.0032564431669872,0.0,0.4742307375908636,val,1
S23156,314,21,2026-06-08,30,28,0.0029149184496664,0.0,0.4602126472706929,val,1
S25706,314,21,2026-06-08,44,13,0.0028174530228661,0.0,0.4368339883809941,val,1
S26254,314,21,2026-06-08,55,30,0.0018143980130615,0.0,0.3073153302298312,val,1
S33520,314,21,2026-06-08,38,12,0.002865733888061,0.001809437472467,0.4454125229376307,val,1
S34177,314,21,2026-06-08,16,17,0.001882259448357,0.0,0.4792511279395589,val,1
S35977,314,21,2026-06-08,37,16,0.0027547689708544,0.0019962966087057,0.4223961483459478,val,1
S35981,314,21,2026-06-08,28,24,0.0031652218521447,0.0,0.4800691013987927,val,1
S42716,314,21,2026-06-08,30,31,0.0022078205092329,0.0,0.3561658523841024,val,1
S01277,314,21,2026-06-08,32,18,0.0031040068321045,0.0,0.4240910994305085,val,2
S02514,314,21,2026-06-08,46,32,0.0015498328145945,0.0,0.3975451486304322,val,2
S02802,314,21,2026-06-08,52,14,0.002937102973109,0.0,0.4418553035344167,val,2
S05558,314,21,2026-06-08,31,12,0.0019697516253905,0.0,0.4061936810826504,val,2
S05711,314,21,2026-06-08,15,24,0.0027589164749103,0.0052813346793475,0.4650055981976393,val,2
S06485,314,21,2026-06-08,42,19,0.002948009953637,0.004671316051657,0.4713922209151414,val,2
S07749,314,21,2026-06-08,19,22,0.0029400733499332,0.0066863535157169,0.4215462235489706,val,2
S10984,314,21,2026-06-08,58,26,0.0030418225532042,0.0063675090483969,0.4206023102490818,val,2
S10994,314,21,2026-06-08,18,24,0.0028972662833534,0.0222926007980866,0.4658451980828612,val,2
S12836,314,21,2026-06-08,42,18,0.0028512860686778,0.0,0.4156862659333205,val,2
S12840,314,21,2026-06-08,15,21,0.0026763493902893,0.0,0.4685348076914425,val,2
S17688,314,21,2026-06-08,43,28,0.0028334809521438,0.0223400071170378,0.4614589675648499,val,2
S17692,314,21,2026-06-08,37,24,0.003143235470918,0.0198936560322698,0.4465729452887954,val,2
S18107,314,21,2026-06-08,37,23,0.0032396449741544,0.0,0.4742307375908636,val,2
S23156,314,21,2026-06-08,28,28,0.0028185997805358,0.0,0.4602126472706929,val,2
S25706,314,21,2026-06-08,46,13,0.0025930732519178,0.0,0.4368339883809941,val,2
S26254,314,21,2026-06-08,53,30,0.0024813919150992,0.0,0.3073153302298312,val,2
S33520,314,21,2026-06-08,36,12,0.0027940957935164,0.001809437472467,0.4454125229376307,val,2
S34177,314,21,2026-06-08,14,25,0.0020677521136007,0.0,0.4792511279395589,val,2
S35977,314,21,2026-06-08,35,16,0.0027089207901904,0.0019962966087057,0.4223961483459478,val,2
S35981,314,21,2026-06-08,26,24,0.0031170718682461,0.0,0.4800691013987927,val,2
S42716,314,21,2026-06-08,37,32,0.001706940831977,0.0,0.3561658523841024,val,2
S01277,314,21,2026-06-08,39,18,0.0029399007341311,0.0,0.4240910994305085,val,3
S02514,314,21,2026-06-08,45,31,0.0023780231244488,0.0,0.3975451486304322,val,3
S02802,314,21,2026-06-08,55,14,0.0026819570708162,0.0,0.4418553035344167,val,3
S05558,314,21,2026-06-08,37,11,0.0026008267211992,0.0,0.4061936810826504,val,3
S05711,314,21,2026-06-08,21,24,0.0029916862229264,0.0052813346793475,0.4650055981976393,val,3
S06485,314,21,2026-06-08,35,19,0.002987363367391,0.004671316051657,0.4713922209151414,val,3
S07749,314,21,2026-06-08,25,22,0.0031099181774877,0.0066863535157169,0.4215462235489706,val,3
S10984,314,21,2026-06-08,63,25,0.003022611301197,0.0063675090483969,0.4206023102490818,val,3
S10994,314,21,2026-06-08,24,24,0.0030761086934145,0.0222926007980866,0.4658451980828612,val,3
S12836,314,21,2026-06-08,45,18,0.0029813394880391,0.0,0.4156862659333205,val,3
S12840,314,21,2026-06-08,13,20,0.0027456633537899,0.0,0.4685348076914425,val,3
S17688,314,21,2026-06-08,50,28,0.0029152756895104,0.0223400071170378,0.4614589675648499,val,3
S17692,314,21,2026-06-08,43,24,0.0031484350565566,0.0198936560322698,0.4465729452887954,val,3
S18107,314,21,2026-06-08,31,23,0.0031470702159869,0.0,0.4742307375908636,val,3
S23156,314,21,2026-06-08,34,28,0.0027572099015332,0.0,0.4602126472706929,val,3
S25706,314,21,2026-06-08,40,13,0.0027797423192133,0.0,0.4368339883809941,val,3
S26254,314,21,2026-06-08,62,27,0.0028063331302716,0.0,0.3073153302298312,val,3
S33520,314,21,2026-06-08,43,12,0.0025687565074236,0.001809437472467,0.4454125229376307,val,3
S34177,314,21,2026-06-08,22,14,0.0019287317440549,0.0,0.4792511279395589,val,3
S35977,314,21,2026-06-08,41,16,0.0029227311795007,0.0019962966087057,0.4223961483459478,val,3
S35981,314,21,2026-06-08,32,24,0.0032642924040575,0.0,0.4800691013987927,val,3
S42716,314,21,2026-06-08,25,30,0.0017046163668584,0.0,0.3561658523841024,val,3
S01277,314,21,2026-06-08,36,18,0.002857322866541,0.0,0.4240910994305085,val,4
S02514,314,21,2026-06-08,47,31,0.0025392616766215,0.0,0.3975451486304322,val,4
S02802,314,21,2026-06-08,54,14,0.0028650155814886,0.0,0.4418553035344167,val,4
S05558,314,21,2026-06-08,39,11,0.0017477327999563,0.0,0.4061936810826504,val,4
S05711,314,21,2026-06-08,19,24,0.0027986199654118,0.0052813346793475,0.4650055981976393,val,4
S06485,314,21,2026-06-08,37,19,0.0030398051240753,0.004671316051657,0.4713922209151414,val,4
S07749,314,21,2026-06-08,23,22,0.0029945522722461,0.0066863535157169,0.4215462235489706,val,4
S10984,314,21,2026-06-08,62,26,0.0029767939636911,0.0063675090483969,0.4206023102490818,val,4
S10994,314,21,2026-06-08,22,24,0.0029364554155635,0.0222926007980866,0.4658451980828612,val,4
S12836,314,21,2026-06-08,44,18,0.0029733733689386,0.0,0.4156862659333205,val,4
S12840,314,21,2026-06-08,13,21,0.0026593960043397,0.0,0.4685348076914425,val,4
S17688,314,21,2026-06-08,47,28,0.0030364988375277,0.0223400071170378,0.4614589675648499,val,4
S17692,314,21,2026-06-08,41,24,0.0031681632714328,0.0198936560322698,0.4465729452887954,val,4
S18107,314,21,2026-06-08,33,23,0.0030927947323162,0.0,0.4742307375908636,val,4
S23156,314,21,2026-06-08,32,28,0.0028760015139045,0.0,0.4602126472706929,val,4
S25706,314,21,2026-06-08,42,13,0.0028074643459668,0.0,0.4368339883809941,val,4
S26254,314,21,2026-06-08,59,28,0.0026965713159862,0.0,0.3073153302298312,val,4
S33520,314,21,2026-06-08,41,12,0.0027404418207857,0.001809437472467,0.4454125229376307,val,4
S34177,314,21,2026-06-08,21,14,0.0018564695331625,0.0,0.4792511279395589,val,4
S35977,314,21,2026-06-08,39,16,0.0028479922228101,0.0019962966087057,0.4223961483459478,val,4
S35981,314,21,2026-06-08,30,24,0.0031653878358052,0.0,0.4800691013987927,val,4
S42716,314,21,2026-06-08,27,31,0.0018144247643844,0.0,0.3561658523841024,val,4
S00239,314,22,2026-06-08,60,26,0.0021203007709744,0.0024128556170501,0.3430354289900446,val,1
S00242,314,22,2026-06-08,22,25,0.0023697757803376,0.0,0.4409745728495668,val,1
S04603,314,22,2026-06-08,51,29,0.002253701231554,0.0,0.3618232875073914,val,1
S06800,314,22,2026-06-08,46,31,0.0020088370401004,0.0,0.330655037379977,val,1
S11053,314,22,2026-06-08,27,15,0.0024529321090122,0.0044089403018837,0.4007128858737004,val,1
S16562,314,22,2026-06-08,44,16,0.0024928085308065,0.0,0.3524395659899589,val,1
S16669,314,22,2026-06-08,25,28,0.002193615445607,0.0,0.3831435830020311,val,1
S16673,314,22,2026-06-08,31,14,0.0025842966905033,0.0,0.4032775361479242,val,1
S19011,314,22,2026-06-08,35,29,0.0020255903122209,0.0,0.3665518542022347,val,1
S22322,314,22,2026-06-08,62,21,0.0024557659378942,0.0,0.3543655434956527,val,1
S22336,314,22,2026-06-08,58,23,0.0023492738888607,0.0,0.3485539693228223,val,1
S24443,314,22,2026-06-08,50,28,0.0020367526334978,0.0,0.2979008720574428,val,1
S37534,314,22,2026-06-08,23,21,0.0022835466232431,0.0,0.3816693476063446,val,1
S40907,314,22,2026-06-08,23,14,0.0025660797289986,0.0,0.3741338116098952,val,1
S42148,314,22,2026-06-08,54,21,0.0021888766853143,0.0153419294623515,0.3469887789536334,val,1
S42800,314,22,2026-06-08,55,17,0.0024523529718365,0.0,0.3398174551514579,val,1
S00239,314,22,2026-06-08,59,26,0.0024384393794927,0.0024128556170501,0.3430354289900446,val,2
S00242,314,22,2026-06-08,23,25,0.0021420715993324,0.0,0.4409745728495668,val,2
S04603,314,22,2026-06-08,52,29,0.0022206635341671,0.0,0.3618232875073914,val,2
S06800,314,22,2026-06-08,49,31,0.0018867740516987,0.0,0.330655037379977,val,2
S11053,314,22,2026-06-08,28,15,0.0024363765452802,0.0044089403018837,0.4007128858737004,val,2
S16562,314,22,2026-06-08,43,16,0.0022827094353866,0.0,0.3524395659899589,val,2
S16669,314,22,2026-06-08,24,28,0.0020857255173499,0.0,0.3831435830020311,val,2
S16673,314,22,2026-06-08,30,14,0.0025267609323205,0.0,0.4032775361479242,val,2
S19011,314,22,2026-06-08,36,29,0.0019919182228063,0.0,0.3665518542022347,val,2
S22322,314,22,2026-06-08,63,21,0.0025577093241264,0.0,0.3543655434956527,val,2
S22336,314,22,2026-06-08,59,23,0.0025208177107165,0.0,0.3485539693228223,val,2
S24443,314,22,2026-06-08,49,28,0.0021323675163189,0.0,0.2979008720574428,val,2
S37534,314,22,2026-06-08,24,21,0.0023639822093769,0.0,0.3816693476063446,val,2
S40907,314,22,2026-06-08,21,15,0.0025473460987535,0.0,0.3741338116098952,val,2
S42148,314,22,2026-06-08,55,21,0.0022016182051914,0.0153419294623515,0.3469887789536334,val,2
S42800,314,22,2026-06-08,56,17,0.0025976849135998,0.0,0.3398174551514579,val,2
S00239,314,22,2026-06-08,64,25,0.0023176866051738,0.0024128556170501,0.3430354289900446,val,3
S00242,314,22,2026-06-08,20,25,0.0023396836547672,0.0,0.4409745728495668,val,3
S04603,314,22,2026-06-08,49,29,0.0021982113359001,0.0,0.3618232875073914,val,3
S06800,314,22,2026-06-08,44,31,0.0018838394159829,0.0,0.330655037379977,val,3
S11053,314,22,2026-06-08,25,15,0.0027198596153907,0.0044089403018837,0.4007128858737004,val,3
S16562,314,22,2026-06-08,46,16,0.0022911789047872,0.0,0.3524395659899589,val,3
S16669,314,22,2026-06-08,27,28,0.0021309457974027,0.0,0.3831435830020311,val,3
S16673,314,22,2026-06-08,34,14,0.0023867858597019,0.0,0.4032775361479242,val,3
S19011,314,22,2026-06-08,33,29,0.0021852372814793,0.0,0.3665518542022347,val,3
S22322,314,22,2026-06-08,60,21,0.0025351238388877,0.0,0.3543655434956527,val,3
S22336,314,22,2026-06-08,56,23,0.0024708096045821,0.0,0.3485539693228223,val,3
S24443,314,22,2026-06-08,52,28,0.0020760851599188,0.0,0.2979008720574428,val,3
S37534,314,22,2026-06-08,21,21,0.0023227293426862,0.0,0.3816693476063446,val,3
S40907,314,22,2026-06-08,25,14,0.0025958122053088,0.0,0.3741338116098952,val,3
S42148,314,22,2026-06-08,52,21,0.0020725088833406,0.0153419294623515,0.3469887789536334,val,3
S42800,314,22,2026-06-08,52,17,0.0023320600648134,0.0,0.3398174551514579,val,3
S00239,314,22,2026-06-08,62,26,0.0021345821338538,0.0024128556170501,0.3430354289900446,val,4
S00242,314,22,2026-06-08,21,25,0.0025155034997468,0.0,0.4409745728495668,val,4
S04603,314,22,2026-06-08,50,29,0.0020737009026203,0.0,0.3618232875073914,val,4
S06800,314,22,2026-06-08,45,31,0.0020912850265528,0.0,0.330655037379977,val,4
S11053,314,22,2026-06-08,26,15,0.0025574317082473,0.0044089403018837,0.4007128858737004,val,4
S16562,314,22,2026-06-08,45,16,0.0022206596564084,0.0,0.3524395659899589,val,4
S16669,314,22,2026-06-08,26,28,0.0021849863718077,0.0,0.3831435830020311,val,4
S16673,314,22,2026-06-08,33,14,0.0024735347055987,0.0,0.4032775361479242,val,4
S19011,314,22,2026-06-08,34,29,0.0020693580706956,0.0,0.3665518542022347,val,4
S22322,314,22,2026-06-08,61,21,0.0025561959526111,0.0,0.3543655434956527,val,4
S22336,314,22,2026-06-08,57,23,0.002344280510793,0.0,0.3485539693228223,val,4
S24443,314,22,2026-06-08,51,28,0.0020088781673282,0.0,0.2979008720574428,val,4
S37534,314,22,2026-06-08,22,21,0.0022750386905736,0.0,0.3816693476063446,val,4
S40907,314,22,2026-06-08,24,14,0.0025818716729602,0.0,0.3741338116098952,val,4
S42148,314,22,2026-06-08,53,21,0.0020821355421489,0.0153419294623515,0.3469887789536334,val,4
S42800,314,22,2026-06-08,54,17,0.0023689589894786,0.0,0.3398174551514579,val,4
S00305,314,23,2026-06-08,39,28,0.0029130132914354,0.0065512832342512,0.4552848257011248,val,1
S02176,314,23,2026-06-08,31,28,0.0030294016862297,0.0,0.4008010502767691,val,1
S02841,314,23,2026-06-08,33,21,0.0030317003401203,0.0,0.4287420268477768,val,1
S06192,314,23,2026-06-08,49,30,0.0028119046243703,0.0090223380018335,0.3866716305933835,val,1
S06765,314,23,2026-06-08,45,31,0.00277479561981,0.0,0.3452369200832613,val,1
S10012,314,23,2026-06-08,38,13,0.002637566489715,0.0,0.4213249663838185,val,1
S11056,314,23,2026-06-08,44,29,0.0028724314654289,0.0146090534979423,0.3942762082226309,val,1
S13753,314,23,2026-06-08,60,20,0.0030700192512204,0.0053060451013833,0.4647633649547022,val,1
S16558,314,23,2026-06-08,47,19,0.0029184846193016,0.0,0.4246130259723941,val,1
S16670,314,23,2026-06-08,20,22,0.0030056057184071,0.0,0.4052877431651276,val,1
S19025,314,23,2026-06-08,60,23,0.0029520227171794,0.0084283536940821,0.4212063613175833,val,1
S19548,314,23,2026-06-08,46,13,0.0027296376958005,0.0051403512400968,0.4330505954580037,val,1
S22804,314,23,2026-06-08,43,19,0.0029872148492494,0.0065001732943584,0.417727510135453,val,1
S23719,314,23,2026-06-08,31,25,0.0031007367566456,0.0,0.4546435771282258,val,1
S29924,314,23,2026-06-08,53,27,0.002853512191124,0.0,0.4418395488273787,val,1
S29925,314,23,2026-06-08,48,29,0.002749884274898,0.0,0.3954139917405828,val,1
S35606,314,23,2026-06-08,16,20,0.0028156727607305,0.0060850933578206,0.4787873586088926,val,1
S36552,314,23,2026-06-08,37,21,0.0029915911244467,0.0,0.4537830238153311,val,1
S38640,314,23,2026-06-08,18,18,0.003063759513366,0.0,0.4128399416923782,val,1
S43472,314,23,2026-06-08,21,21,0.0029087714016119,0.0112451707421925,0.3828080088624472,val,1
S00305,314,23,2026-06-08,38,28,0.0029371051951856,0.0065512832342512,0.4552848257011248,val,2
S02176,314,23,2026-06-08,30,28,0.0028995027887245,0.0,0.4008010502767691,val,2
S02841,314,23,2026-06-08,34,21,0.0030347372424355,0.0,0.4287420268477768,val,2
S06192,314,23,2026-06-08,48,30,0.002803313432263,0.0090223380018335,0.3866716305933835,val,2
S06765,314,23,2026-06-08,46,31,0.002672023273019,0.0,0.3452369200832613,val,2
S10012,314,23,2026-06-08,39,13,0.0027458491190973,0.0,0.4213249663838185,val,2
S11056,314,23,2026-06-08,45,29,0.0028003458401333,0.0146090534979423,0.3942762082226309,val,2
S13753,314,23,2026-06-08,59,20,0.0028388602186899,0.0053060451013833,0.4647633649547022,val,2
S16558,314,23,2026-06-08,48,19,0.0030446706111402,0.0,0.4246130259723941,val,2
S16670,314,23,2026-06-08,18,22,0.0027849248571647,0.0,0.4052877431651276,val,2
S19025,314,23,2026-06-08,61,23,0.0026776382892786,0.0084283536940821,0.4212063613175833,val,2
S19548,314,23,2026-06-08,47,13,0.0026000588833823,0.0051403512400968,0.4330505954580037,val,2
S22804,314,23,2026-06-08,44,19,0.0027858971570225,0.0065001732943584,0.417727510135453,val,2
S23719,314,23,2026-06-08,32,25,0.0031172528879447,0.0,0.4546435771282258,val,2
S29924,314,23,2026-06-08,54,27,0.0028330986015142,0.0,0.4418395488273787,val,2
S29925,314,23,2026-06-08,49,29,0.0028871607502048,0.0,0.3954139917405828,val,2
S35606,314,23,2026-06-08,15,20,0.0027680294920991,0.0060850933578206,0.4787873586088926,val,2
S36552,314,23,2026-06-08,38,21,0.0030704481877418,0.0,0.4537830238153311,val,2
S38640,314,23,2026-06-08,17,18,0.0029802105835657,0.0,0.4128399416923782,val,2
S43472,314,23,2026-06-08,22,21,0.0030752875475621,0.0112451707421925,0.3828080088624472,val,2
S00305,314,23,2026-06-08,41,28,0.0029629736295707,0.0065512832342512,0.4552848257011248,val,3
S02176,314,23,2026-06-08,33,28,0.0029213289761663,0.0,0.4008010502767691,val,3
S02841,314,23,2026-06-08,31,21,0.0030368595293916,0.0,0.4287420268477768,val,3
S06192,314,23,2026-06-08,51,30,0.0027900713965739,0.0090223380018335,0.3866716305933835,val,3
S06765,314,23,2026-06-08,43,31,0.0028115491503698,0.0,0.3452369200832613,val,3
S10012,314,23,2026-06-08,36,13,0.0028277876894543,0.0,0.4213249663838185,val,3
S11056,314,23,2026-06-08,42,29,0.0029005178962157,0.0146090534979423,0.3942762082226309,val,3
S13753,314,23,2026-06-08,62,20,0.0030516980461624,0.0053060451013833,0.4647633649547022,val,3
S16558,314,23,2026-06-08,45,19,0.002987459742531,0.0,0.4246130259723941,val,3
S16670,314,23,2026-06-08,22,22,0.003060413269416,0.0,0.4052877431651276,val,3
S19025,314,23,2026-06-08,58,23,0.003023203070883,0.0084283536940821,0.4212063613175833,val,3
S19548,314,23,2026-06-08,44,13,0.0027809386346681,0.0051403512400968,0.4330505954580037,val,3
S22804,314,23,2026-06-08,39,19,0.003003674884407,0.0065001732943584,0.417727510135453,val,3
S23719,314,23,2026-06-08,29,25,0.0030797718367256,0.0,0.4546435771282258,val,3
S29924,314,23,2026-06-08,51,27,0.0028325870848754,0.0,0.4418395488273787,val,3
S29925,314,23,2026-06-08,46,29,0.0028229654300848,0.0,0.3954139917405828,val,3
S35606,314,23,2026-06-08,18,20,0.0030727215826915,0.0060850933578206,0.4787873586088926,val,3
S36552,314,23,2026-06-08,35,21,0.0030410889840205,0.0,0.4537830238153311,val,3
S38640,314,23,2026-06-08,20,18,0.0030867447216409,0.0,0.4128399416923782,val,3
S43472,314,23,2026-06-08,19,21,0.0029930732821983,0.0112451707421925,0.3828080088624472,val,3
S00305,314,23,2026-06-08,40,28,0.002860712039027,0.0065512832342512,0.4552848257011248,val,4
S02176,314,23,2026-06-08,32,28,0.0029675505466534,0.0,0.4008010502767691,val,4
S02841,314,23,2026-06-08,32,21,0.0028787175274114,0.0,0.4287420268477768,val,4
S06192,314,23,2026-06-08,50,30,0.0028064047374008,0.0090223380018335,0.3866716305933835,val,4
S06765,314,23,2026-06-08,44,31,0.0024888023336583,0.0,0.3452369200832613,val,4
S10012,314,23,2026-06-08,37,13,0.0028758963007306,0.0,0.4213249663838185,val,4
S11056,314,23,2026-06-08,43,29,0.0029189495638877,0.0146090534979423,0.3942762082226309,val,4
S13753,314,23,2026-06-08,61,20,0.0030155075306546,0.0053060451013833,0.4647633649547022,val,4
S16558,314,23,2026-06-08,46,19,0.002967076925908,0.0,0.4246130259723941,val,4
S16670,314,23,2026-06-08,21,22,0.0030630940195039,0.0,0.4052877431651276,val,4
S19025,314,23,2026-06-08,59,23,0.0029845503196903,0.0084283536940821,0.4212063613175833,val,4
S19548,314,23,2026-06-08,45,13,0.0027472850725852,0.0051403512400968,0.4330505954580037,val,4
S22804,314,23,2026-06-08,40,19,0.0028904565353692,0.0065001732943584,0.417727510135453,val,4
S23719,314,23,2026-06-08,30,25,0.0030824179753541,0.0,0.4546435771282258,val,4
S29924,314,23,2026-06-08,52,27,0.0028386067709268,0.0,0.4418395488273787,val,4
S29925,314,23,2026-06-08,47,29,0.0028660542207259,0.0,0.3954139917405828,val,4
S35606,314,23,2026-06-08,17,20,0.0029756691394634,0.0060850933578206,0.4787873586088926,val,4
S36552,314,23,2026-06-08,36,21,0.0030277606358419,0.0,0.4537830238153311,val,4
S38640,314,23,2026-06-08,19,18,0.0029532362662275,0.0,0.4128399416923782,val,4
S43472,314,23,2026-06-08,20,21,0.0028864569837598,0.0112451707421925,0.3828080088624472,val,4
S00239,314,24,2026-06-08,60,26,0.0021203007709744,0.0024128556170501,0.3430354289900446,val,1
S00242,314,24,2026-06-08,22,25,0.0023697757803376,0.0,0.4409745728495668,val,1
S04603,314,24,2026-06-08,51,29,0.002253701231554,0.0,0.3618232875073914,val,1
S06800,314,24,2026-06-08,46,31,0.0020088370401004,0.0,0.330655037379977,val,1
S11053,314,24,2026-06-08,27,15,0.0024529321090122,0.0044089403018837,0.4007128858737004,val,1
S16562,314,24,2026-06-08,44,16,0.0024928085308065,0.0,0.3524395659899589,val,1
S16669,314,24,2026-06-08,25,28,0.002193615445607,0.0,0.3831435830020311,val,1
S16673,314,24,2026-06-08,31,14,0.0025842966905033,0.0,0.4032775361479242,val,1
S19011,314,24,2026-06-08,35,29,0.0020255903122209,0.0,0.3665518542022347,val,1
S22322,314,24,2026-06-08,62,21,0.0024557659378942,0.0,0.3543655434956527,val,1
S22336,314,24,2026-06-08,58,23,0.0023492738888607,0.0,0.3485539693228223,val,1
S24443,314,24,2026-06-08,50,28,0.0020367526334978,0.0,0.2979008720574428,val,1
S37534,314,24,2026-06-08,23,21,0.0022835466232431,0.0,0.3816693476063446,val,1
S40907,314,24,2026-06-08,23,14,0.0025660797289986,0.0,0.3741338116098952,val,1
S42148,314,24,2026-06-08,54,21,0.0021888766853143,0.0153419294623515,0.3469887789536334,val,1
S42800,314,24,2026-06-08,55,17,0.0024523529718365,0.0,0.3398174551514579,val,1
S00239,314,24,2026-06-08,59,26,0.0024384393794927,0.0024128556170501,0.3430354289900446,val,2
S00242,314,24,2026-06-08,23,25,0.0021420715993324,0.0,0.4409745728495668,val,2
S04603,314,24,2026-06-08,52,29,0.0022206635341671,0.0,0.3618232875073914,val,2
S06800,314,24,2026-06-08,49,31,0.0018867740516987,0.0,0.330655037379977,val,2
S11053,314,24,2026-06-08,28,15,0.0024363765452802,0.0044089403018837,0.4007128858737004,val,2
S16562,314,24,2026-06-08,43,16,0.0022827094353866,0.0,0.3524395659899589,val,2
S16669,314,24,2026-06-08,24,28,0.0020857255173499,0.0,0.3831435830020311,val,2
S16673,314,24,2026-06-08,30,14,0.0025267609323205,0.0,0.4032775361479242,val,2
S19011,314,24,2026-06-08,36,29,0.0019919182228063,0.0,0.3665518542022347,val,2
S22322,314,24,2026-06-08,63,21,0.0025577093241264,0.0,0.3543655434956527,val,2
S22336,314,24,2026-06-08,59,23,0.0025208177107165,0.0,0.3485539693228223,val,2
S24443,314,24,2026-06-08,49,28,0.0021323675163189,0.0,0.2979008720574428,val,2
S37534,314,24,2026-06-08,24,21,0.0023639822093769,0.0,0.3816693476063446,val,2
S40907,314,24,2026-06-08,21,15,0.0025473460987535,0.0,0.3741338116098952,val,2
S42148,314,24,2026-06-08,55,21,0.0022016182051914,0.0153419294623515,0.3469887789536334,val,2
S42800,314,24,2026-06-08,56,17,0.0025976849135998,0.0,0.3398174551514579,val,2
S00239,314,24,2026-06-08,64,25,0.0023176866051738,0.0024128556170501,0.3430354289900446,val,3
S00242,314,24,2026-06-08,20,25,0.0023396836547672,0.0,0.4409745728495668,val,3
S04603,314,24,2026-06-08,49,29,0.0021982113359001,0.0,0.3618232875073914,val,3
S06800,314,24,2026-06-08,44,31,0.0018838394159829,0.0,0.330655037379977,val,3
S11053,314,24,2026-06-08,25,15,0.0027198596153907,0.0044089403018837,0.4007128858737004,val,3
S16562,314,24,2026-06-08,46,16,0.0022911789047872,0.0,0.3524395659899589,val,3
S16669,314,24,2026-06-08,27,28,0.0021309457974027,0.0,0.3831435830020311,val,3
S16673,314,24,2026-06-08,34,14,0.0023867858597019,0.0,0.4032775361479242,val,3
S19011,314,24,2026-06-08,33,29,0.0021852372814793,0.0,0.3665518542022347,val,3
S22322,314,24,2026-06-08,60,21,0.0025351238388877,0.0,0.3543655434956527,val,3
S22336,314,24,2026-06-08,56,23,0.0024708096045821,0.0,0.3485539693228223,val,3
S24443,314,24,2026-06-08,52,28,0.0020760851599188,0.0,0.2979008720574428,val,3
S37534,314,24,2026-06-08,21,21,0.0023227293426862,0.0,0.3816693476063446,val,3
S40907,314,24,2026-06-08,25,14,0.0025958122053088,0.0,0.3741338116098952,val,3
S42148,314,24,2026-06-08,52,21,0.0020725088833406,0.0153419294623515,0.3469887789536334,val,3
S42800,314,24,2026-06-08,52,17,0.0023320600648134,0.0,0.3398174551514579,val,3
S00239,314,24,2026-06-08,62,26,0.0021345821338538,0.0024128556170501,0.3430354289900446,val,4
S00242,314,24,2026-06-08,21,25,0.0025155034997468,0.0,0.4409745728495668,val,4
S04603,314,24,2026-06-08,50,29,0.0020737009026203,0.0,0.3618232875073914,val,4
S06800,314,24,2026-06-08,45,31,0.0020912850265528,0.0,0.330655037379977,val,4
S11053,314,24,2026-06-08,26,15,0.0025574317082473,0.0044089403018837,0.4007128858737004,val,4
S16562,314,24,2026-06-08,45,16,0.0022206596564084,0.0,0.3524395659899589,val,4
S16669,314,24,2026-06-08,26,28,0.0021849863718077,0.0,0.3831435830020311,val,4
S16673,314,24,2026-06-08,33,14,0.0024735347055987,0.0,0.4032775361479242,val,4
S19011,314,24,2026-06-08,34,29,0.0020693580706956,0.0,0.3665518542022347,val,4
S22322,314,24,2026-06-08,61,21,0.0025561959526111,0.0,0.3543655434956527,val,4
S22336,314,24,2026-06-08,57,23,0.002344280510793,0.0,0.3485539693228223,val,4
S24443,314,24,2026-06-08,51,28,0.0020088781673282,0.0,0.2979008720574428,val,4
S37534,314,24,2026-06-08,22,21,0.0022750386905736,0.0,0.3816693476063446,val,4
S40907,314,24,2026-06-08,24,14,0.0025818716729602,0.0,0.3741338116098952,val,4
S42148,314,24,2026-06-08,53,21,0.0020821355421489,0.0153419294623515,0.3469887789536334,val,4
S42800,314,24,2026-06-08,54,17,0.0023689589894786,0.0,0.3398174551514579,val,4
S01094,314,25,2026-06-08,23,18,0.0030918926309985,0.0,0.429576153100102,val,1
S03331,314,25,2026-06-08,24,17,0.003150413081952,0.0,0.4607938921865105,val,1
S03784,314,25,2026-06-08,34,22,0.003157484395737,0.0,0.4629534713925558,val,1
S06089,314,25,2026-06-08,54,23,0.0029235548751345,0.0,0.4083963483803526,val,1
S06198,314,25,2026-06-08,44,24,0.0031987374803708,0.0046787479406919,0.4104357251988252,val,1
S06746,314,25,2026-06-08,52,24,0.0029661145258395,0.0,0.4094946262015874,val,1
S06760,314,25,2026-06-08,34,23,0.0031363788834884,0.0,0.4238407298952333,val,1
S09600,314,25,2026-06-08,31,31,0.0013084673335067,0.0,0.3850399879312511,val,1
S11888,314,25,2026-06-08,56,24,0.0029239342900001,0.0,0.478945262910578,val,1
S11890,314,25,2026-06-08,62,22,0.002936482744591,0.0053067674632156,0.4409988169748935,val,1
S16111,314,25,2026-06-08,32,18,0.0029589613797058,0.0092822937911353,0.4273783941256444,val,1
S16459,314,25,2026-06-08,61,20,0.0028818356845315,0.0,0.437512044933751,val,1
S16675,314,25,2026-06-08,28,17,0.0029391957804414,0.0,0.402400466404213,val,1
S19027,314,25,2026-06-08,28,26,0.003060876603904,0.0,0.4259478411351356,val,1
S19550,314,25,2026-06-08,60,19,0.002897637831022,0.0,0.4454238145838802,val,1
S20871,314,25,2026-06-08,54,25,0.0028217203293935,0.0071217722752414,0.3991563325841711,val,1
S22128,314,25,2026-06-08,32,21,0.0031482780795939,0.0,0.4017077676044647,val,1
S23306,314,25,2026-06-08,30,23,0.0031738267345822,0.0,0.4281147091782541,val,1
S32515,314,25,2026-06-08,26,29,0.0027182757678965,0.0,0.3778003148583244,val,1
S33694,314,25,2026-06-08,29,13,0.0027582924040783,0.0,0.4315331845060004,val,1
S34981,314,25,2026-06-08,46,22,0.0031497053020574,0.0,0.4226417200829606,val,1
S36549,314,25,2026-06-08,52,19,0.0028518513541614,0.0,0.3828268378518871,val,1
S40911,314,25,2026-06-08,60,17,0.0029237775043015,0.0,0.4477429916061758,val,1
S41329,314,25,2026-06-08,61,15,0.0014109798167081,0.0,0.3875971162839367,val,1
S42146,314,25,2026-06-08,50,22,0.003096015126425,0.0104675101752834,0.4528750652259918,val,1
S01094,314,25,2026-06-08,22,18,0.0030550333448005,0.0,0.429576153100102,val,2
S03331,314,25,2026-06-08,25,17,0.0031386945709731,0.0,0.4607938921865105,val,2
S03784,314,25,2026-06-08,33,22,0.0031613708204979,0.0,0.4629534713925558,val,2
S06089,314,25,2026-06-08,55,23,0.0028329035008141,0.0,0.4083963483803526,val,2
S06198,314,25,2026-06-08,43,24,0.0031090197569178,0.0046787479406919,0.4104357251988252,val,2
S06746,314,25,2026-06-08,51,24,0.0029910452804116,0.0,0.4094946262015874,val,2
S06760,314,25,2026-06-08,35,23,0.0031414081131594,0.0,0.4238407298952333,val,2
S09600,314,25,2026-06-08,40,32,0.0015640538531579,0.0,0.3850399879312511,val,2
S11888,314,25,2026-06-08,55,24,0.0029669846442527,0.0,0.478945262910578,val,2
S11890,314,25,2026-06-08,61,22,0.0029009882750137,0.0053067674632156,0.4409988169748935,val,2
S16111,314,25,2026-06-08,31,18,0.002958342760411,0.0092822937911353,0.4273783941256444,val,2
S16459,314,25,2026-06-08,60,20,0.0029048007670152,0.0,0.437512044933751,val,2
S16675,314,25,2026-06-08,29,17,0.003066314977215,0.0,0.402400466404213,val,2
S19027,314,25,2026-06-08,26,26,0.0030967308664518,0.0,0.4259478411351356,val,2
S19550,314,25,2026-06-08,61,19,0.0029041628248159,0.0,0.4454238145838802,val,2
S20871,314,25,2026-06-08,55,25,0.0030091510306241,0.0071217722752414,0.3991563325841711,val,2
S22128,314,25,2026-06-08,33,21,0.0031185761408438,0.0,0.4017077676044647,val,2
S23306,314,25,2026-06-08,31,23,0.0031055675088711,0.0,0.4281147091782541,val,2
S32515,314,25,2026-06-08,27,29,0.002875136248616,0.0,0.3778003148583244,val,2
S33694,314,25,2026-06-08,30,13,0.0028379083623753,0.0,0.4315331845060004,val,2
S34981,314,25,2026-06-08,45,22,0.0031977426297368,0.0,0.4226417200829606,val,2
S36549,314,25,2026-06-08,53,19,0.0029694311096,0.0,0.3828268378518871,val,2
S40911,314,25,2026-06-08,61,17,0.0028172382959052,0.0,0.4477429916061758,val,2
S41329,314,25,2026-06-08,62,16,0.0015043367306498,0.0,0.3875971162839367,val,2
S42146,314,25,2026-06-08,49,22,0.002975635286437,0.0104675101752834,0.4528750652259918,val,2
S01094,314,25,2026-06-08,25,18,0.0030694705241455,0.0,0.429576153100102,val,3
S03331,314,25,2026-06-08,22,17,0.0028099583597086,0.0,0.4607938921865105,val,3
S03784,314,25,2026-06-08,36,22,0.0031238328751751,0.0,0.4629534713925558,val,3
S06089,314,25,2026-06-08,52,23,0.0030859715529009,0.0,0.4083963483803526,val,3
S06198,314,25,2026-06-08,46,24,0.0031065281234416,0.0046787479406919,0.4104357251988252,val,3
S06746,314,25,2026-06-08,54,24,0.0028990758829351,0.0,0.4094946262015874,val,3
S06760,314,25,2026-06-08,32,23,0.0030994863164198,0.0,0.4238407298952333,val,3
S09600,314,25,2026-06-08,28,31,0.0013869966288003,0.0,0.3850399879312511,val,3
S11888,314,25,2026-06-08,58,24,0.0029764894989048,0.0,0.478945262910578,val,3
S11890,314,25,2026-06-08,64,22,0.0029156602104586,0.0053067674632156,0.4409988169748935,val,3
S16111,314,25,2026-06-08,34,18,0.0030377932006381,0.0092822937911353,0.4273783941256444,val,3
S16459,314,25,2026-06-08,63,20,0.0025792086272033,0.0,0.437512044933751,val,3
S16675,314,25,2026-06-08,26,17,0.0029971999111146,0.0,0.402400466404213,val,3
S19027,314,25,2026-06-08,30,26,0.0030567697511805,0.0,0.4259478411351356,val,3
S19550,314,25,2026-06-08,58,19,0.002944592672314,0.0,0.4454238145838802,val,3
S20871,314,25,2026-06-08,52,25,0.0030148096219414,0.0071217722752414,0.3991563325841711,val,3
S22128,314,25,2026-06-08,29,21,0.003088890244113,0.0,0.4017077676044647,val,3
S23306,314,25,2026-06-08,28,23,0.0031784002951244,0.0,0.4281147091782541,val,3
S32515,314,25,2026-06-08,24,29,0.0029007676969437,0.0,0.3778003148583244,val,3
S33694,314,25,2026-06-08,27,13,0.0027273476687547,0.0,0.4315331845060004,val,3
S34981,314,25,2026-06-08,48,22,0.0031361989805333,0.0,0.4226417200829606,val,3
S36549,314,25,2026-06-08,50,19,0.0029317039583453,0.0,0.3828268378518871,val,3
S40911,314,25,2026-06-08,58,17,0.0029178279312286,0.0,0.4477429916061758,val,3
S41329,314,25,2026-06-08,59,15,0.0015313392035997,0.0,0.3875971162839367,val,3
S42146,314,25,2026-06-08,52,22,0.0028622192873109,0.0104675101752834,0.4528750652259918,val,3
S01094,314,25,2026-06-08,24,18,0.003099042835603,0.0,0.429576153100102,val,4
S03331,314,25,2026-06-08,23,17,0.0031017765506428,0.0,0.4607938921865105,val,4
S03784,314,25,2026-06-08,35,22,0.003215499709322,0.0,0.4629534713925558,val,4
S06089,314,25,2026-06-08,53,23,0.0028169116913284,0.0,0.4083963483803526,val,4
S06198,314,25,2026-06-08,45,24,0.003137501772075,0.0046787479406919,0.4104357251988252,val,4
S06746,314,25,2026-06-08,53,24,0.002909353916888,0.0,0.4094946262015874,val,4
S06760,314,25,2026-06-08,33,23,0.0030904990500781,0.0,0.4238407298952333,val,4
S09600,314,25,2026-06-08,30,31,0.0014350923220218,0.0,0.3850399879312511,val,4
S11888,314,25,2026-06-08,57,24,0.0029169557984888,0.0,0.478945262910578,val,4
S11890,314,25,2026-06-08,63,22,0.0027934272678885,0.0053067674632156,0.4409988169748935,val,4
S16111,314,25,2026-06-08,33,18,0.0030298676278126,0.0092822937911353,0.4273783941256444,val,4
S16459,314,25,2026-06-08,62,20,0.0029233156908096,0.0,0.437512044933751,val,4
S16675,314,25,2026-06-08,27,17,0.0030722136544912,0.0,0.402400466404213,val,4
S19027,314,25,2026-06-08,29,26,0.0031090618304911,0.0,0.4259478411351356,val,4
S19550,314,25,2026-06-08,59,19,0.0029314103446914,0.0,0.4454238145838802,val,4
S20871,314,25,2026-06-08,53,25,0.0029098771541337,0.0071217722752414,0.3991563325841711,val,4
S22128,314,25,2026-06-08,30,21,0.0031770318053183,0.0,0.4017077676044647,val,4
S23306,314,25,2026-06-08,29,23,0.0031157780813829,0.0,0.4281147091782541,val,4
S32515,314,25,2026-06-08,25,29,0.002791560180303,0.0,0.3778003148583244,val,4
S33694,314,25,2026-06-08,28,13,0.0027775187169461,0.0,0.4315331845060004,val,4
S34981,314,25,2026-06-08,47,22,0.0030932763606465,0.0,0.4226417200829606,val,4
S36549,314,25,2026-06-08,51,19,0.0029613475157456,0.0,0.3828268378518871,val,4
S40911,314,25,2026-06-08,59,17,0.0029608181553483,0.0,0.4477429916061758,val,4
S41329,314,25,2026-06-08,60,15,0.0014024706954778,0.0,0.3875971162839367,val,4
S42146,314,25,2026-06-08,51,22,0.0029765512344057,0.0104675101752834,0.4528750652259918,val,4
