ufs_serial,run_id,wafer_no,date,die_x,die_y,pred,health,clf_proba,split,position
S00730,229,1,2026-05-31,23,25,0.0028313030671745,0.0,0.4476170082087554,val,1
S06412,229,1,2026-05-31,33,14,0.0025687465072678,0.0029976778551826,0.383172706613386,val,1
S07152,229,1,2026-05-31,55,24,0.0027397002950571,0.0,0.3503019115332895,val,1
S09594,229,1,2026-05-31,52,31,0.00151405026365,0.0,0.3401222805014297,val,1
S14544,229,1,2026-05-31,32,31,0.0024015220121505,0.0,0.3248790307197418,val,1
S14546,229,1,2026-05-31,34,30,0.0025595425559979,0.0162195679133215,0.3921921100999945,val,1
S16310,229,1,2026-05-31,45,15,0.002286024172759,0.0,0.341555180238448,val,1
S20395,229,1,2026-05-31,32,20,0.0025723244337369,0.0,0.3719560938816277,val,1
S21822,229,1,2026-05-31,44,32,0.0015315432171994,0.0,0.3100763241723407,val,1
S23209,229,1,2026-05-31,45,31,0.0025345099775013,0.0,0.3437010235105207,val,1
S24642,229,1,2026-05-31,59,21,0.0027409772572206,0.0,0.3467441892060655,val,1
S25600,229,1,2026-05-31,60,17,0.0026071389722493,0.0,0.3563468987305266,val,1
S26955,229,1,2026-05-31,50,19,0.0023131709496984,0.0062417268861443,0.3707902922221015,val,1
S26957,229,1,2026-05-31,47,20,0.0027087580165292,0.0100109778328348,0.3930603009946932,val,1
S29172,229,1,2026-05-31,41,29,0.0026307902879215,0.0057179278321575,0.340008882690496,val,1
S33072,229,1,2026-05-31,23,30,0.0012945298106331,0.0,0.3117822103225878,val,1
S34114,229,1,2026-05-31,24,26,0.0026886283874612,0.0,0.3393283033819623,val,1
S34287,229,1,2026-05-31,55,22,0.0027192006069874,0.0,0.3752049352175866,val,1
S34467,229,1,2026-05-31,53,13,0.0018319093758759,0.0,0.4154971607306624,val,1
S38491,229,1,2026-05-31,47,25,0.0029739252022033,0.008486442182911,0.3594008148601331,val,1
S41595,229,1,2026-05-31,26,22,0.0028255296924571,0.0124319707836179,0.3874205935914525,val,1
S41599,229,1,2026-05-31,53,26,0.0028477496929873,0.0,0.3702786012200952,val,1
S42504,229,1,2026-05-31,25,28,0.0026274426612335,0.0,0.3419531890668799,val,1
S00730,229,1,2026-05-31,25,25,0.0027941782780213,0.0,0.4476170082087554,val,2
S06412,229,1,2026-05-31,31,14,0.0025681805961669,0.0029976778551826,0.383172706613386,val,2
S07152,229,1,2026-05-31,53,24,0.0028664529377125,0.0,0.3503019115332895,val,2
S09594,229,1,2026-05-31,51,31,0.0014616287945049,0.0,0.3401222805014297,val,2
S14544,229,1,2026-05-31,33,31,0.0025535310912635,0.0,0.3248790307197418,val,2
S14546,229,1,2026-05-31,33,30,0.0026040966890392,0.0162195679133215,0.3921921100999945,val,2
S16310,229,1,2026-05-31,52,15,0.0027889520830233,0.0,0.341555180238448,val,2
S20395,229,1,2026-05-31,30,20,0.002766898748763,0.0,0.3719560938816277,val,2
S21822,229,1,2026-05-31,43,32,0.001467359697068,0.0,0.3100763241723407,val,2
S23209,229,1,2026-05-31,47,31,0.0026321291856987,0.0,0.3437010235105207,val,2
S24642,229,1,2026-05-31,62,21,0.0028153040528103,0.0,0.3467441892060655,val,2
S25600,229,1,2026-05-31,64,18,0.0023471943376228,0.0,0.3563468987305266,val,2
S26955,229,1,2026-05-31,52,19,0.0022112438497671,0.0062417268861443,0.3707902922221015,val,2
S26957,229,1,2026-05-31,45,20,0.0026866882817867,0.0100109778328348,0.3930603009946932,val,2
S29172,229,1,2026-05-31,43,29,0.0026633353760745,0.0057179278321575,0.340008882690496,val,2
S33072,229,1,2026-05-31,25,30,0.0014487081055311,0.0,0.3117822103225878,val,2
S34114,229,1,2026-05-31,22,26,0.0026077992249899,0.0,0.3393283033819623,val,2
S34287,229,1,2026-05-31,52,22,0.0028598117349153,0.0,0.3752049352175866,val,2
S34467,229,1,2026-05-31,55,13,0.0014923169869367,0.0,0.4154971607306624,val,2
S38491,229,1,2026-05-31,49,25,0.0029431113564747,0.008486442182911,0.3594008148601331,val,2
S41595,229,1,2026-05-31,24,22,0.0028701163920364,0.0124319707836179,0.3874205935914525,val,2
S41599,229,1,2026-05-31,51,26,0.0028123338398679,0.0,0.3702786012200952,val,2
S42504,229,1,2026-05-31,23,28,0.0026606309365804,0.0,0.3419531890668799,val,2
S00730,229,1,2026-05-31,19,25,0.0024718076057636,0.0,0.4476170082087554,val,3
S06412,229,1,2026-05-31,41,14,0.0027189178381578,0.0029976778551826,0.383172706613386,val,3
S07152,229,1,2026-05-31,60,24,0.00270691685625,0.0,0.3503019115332895,val,3
S09594,229,1,2026-05-31,54,30,0.0015093210177515,0.0,0.3401222805014297,val,3
S14544,229,1,2026-05-31,28,30,0.0025829989799533,0.0,0.3248790307197418,val,3
S14546,229,1,2026-05-31,37,30,0.0027220337028154,0.0162195679133215,0.3921921100999945,val,3
S16310,229,1,2026-05-31,39,15,0.0027885014005129,0.0,0.341555180238448,val,3
S20395,229,1,2026-05-31,36,20,0.0029511056362302,0.0,0.3719560938816277,val,3
S21822,229,1,2026-05-31,49,31,0.0016940835172672,0.0,0.3100763241723407,val,3
S23209,229,1,2026-05-31,43,31,0.0025430180298031,0.0,0.3437010235105207,val,3
S24642,229,1,2026-05-31,54,21,0.0026904503148796,0.0,0.3467441892060655,val,3
S25600,229,1,2026-05-31,55,17,0.0027560664991948,0.0,0.3563468987305266,val,3
S26955,229,1,2026-05-31,46,19,0.0027870756548633,0.0062417268861443,0.3707902922221015,val,3
S26957,229,1,2026-05-31,51,20,0.0027872913442726,0.0100109778328348,0.3930603009946932,val,3
S29172,229,1,2026-05-31,37,29,0.0027805699926318,0.0057179278321575,0.340008882690496,val,3
S33072,229,1,2026-05-31,19,28,0.0014874589700072,0.0,0.3117822103225878,val,3
S34114,229,1,2026-05-31,29,26,0.0027931679918491,0.0,0.3393283033819623,val,3
S34287,229,1,2026-05-31,59,22,0.0028598531283993,0.0,0.3752049352175866,val,3
S34467,229,1,2026-05-31,52,12,0.0015291200851245,0.0,0.4154971607306624,val,3
S38491,229,1,2026-05-31,43,25,0.0030176781752207,0.008486442182911,0.3594008148601331,val,3
S41595,229,1,2026-05-31,30,22,0.0028750730008566,0.0124319707836179,0.3874205935914525,val,3
S41599,229,1,2026-05-31,57,26,0.0027062586303422,0.0,0.3702786012200952,val,3
S42504,229,1,2026-05-31,29,28,0.0025781550706522,0.0,0.3419531890668799,val,3
S00730,229,1,2026-05-31,21,25,0.0027282913681662,0.0,0.4476170082087554,val,4
S06412,229,1,2026-05-31,36,14,0.0027155233311653,0.0029976778551826,0.383172706613386,val,4
S07152,229,1,2026-05-31,58,24,0.0028492757019285,0.0,0.3503019115332895,val,4
S09594,229,1,2026-05-31,53,30,0.0016902589305649,0.0,0.3401222805014297,val,4
S14544,229,1,2026-05-31,27,30,0.0026087953972483,0.0,0.3248790307197418,val,4
S14546,229,1,2026-05-31,35,30,0.0026325312767244,0.0162195679133215,0.3921921100999945,val,4
S16310,229,1,2026-05-31,41,15,0.0027175818719109,0.0,0.341555180238448,val,4
S20395,229,1,2026-05-31,34,20,0.0026546605370198,0.0,0.3719560938816277,val,4
S21822,229,1,2026-05-31,50,31,0.0018903050546296,0.0,0.3100763241723407,val,4
S23209,229,1,2026-05-31,44,31,0.0025326030821571,0.0,0.3437010235105207,val,4
S24642,229,1,2026-05-31,57,21,0.0027128440490805,0.0,0.3467441892060655,val,4
S25600,229,1,2026-05-31,58,17,0.0025988647771354,0.0,0.3563468987305266,val,4
S26955,229,1,2026-05-31,48,19,0.0027448779427953,0.0062417268861443,0.3707902922221015,val,4
S26957,229,1,2026-05-31,49,20,0.002868168786699,0.0100109778328348,0.3930603009946932,val,4
S29172,229,1,2026-05-31,39,29,0.0027085208143007,0.0057179278321575,0.340008882690496,val,4
S33072,229,1,2026-05-31,21,29,0.0013868470784761,0.0,0.3117822103225878,val,4
S34114,229,1,2026-05-31,26,26,0.0028297255386864,0.0,0.3393283033819623,val,4
S34287,229,1,2026-05-31,57,22,0.0027096051154074,0.0,0.3752049352175866,val,4
S34467,229,1,2026-05-31,50,12,0.0013582369489077,0.0,0.4154971607306624,val,4
S38491,229,1,2026-05-31,45,25,0.0027268387119756,0.008486442182911,0.3594008148601331,val,4
S41595,229,1,2026-05-31,28,22,0.0027676013477541,0.0124319707836179,0.3874205935914525,val,4
S41599,229,1,2026-05-31,55,26,0.0027731759590702,0.0,0.3702786012200952,val,4
S42504,229,1,2026-05-31,27,28,0.0027472469625901,0.0,0.3419531890668799,val,4
S00672,229,2,2026-05-31,26,15,0.0020594908279243,0.0,0.2528132749538865,val,1
S01995,229,2,2026-05-31,46,25,0.0016568273997747,0.0,0.2614821706893884,val,1
S05965,229,2,2026-05-31,37,24,0.0014740748143826,0.0,0.2530816817794499,val,1
S11721,229,2,2026-05-31,46,28,0.0015423377596369,0.0,0.3000001357662221,val,1
S12298,229,2,2026-05-31,29,13,0.0022507648331275,0.0,0.3453946400462128,val,1
S13143,229,2,2026-05-31,53,17,0.0016225095389136,0.0,0.2783128599010308,val,1
S13147,229,2,2026-05-31,18,18,0.0021967976013962,0.0,0.3012049388095068,val,1
S16346,229,2,2026-05-31,26,18,0.0012531854307026,0.0,0.2988686377531735,val,1
S20687,229,2,2026-05-31,53,28,0.0019925620094973,0.0,0.3126270626395041,val,1
S21112,229,2,2026-05-31,53,20,0.0013325710802533,0.0,0.2824933605941711,val,1
S21387,229,2,2026-05-31,50,14,0.0016318097271345,0.0,0.3252402523872761,val,1
S21407,229,2,2026-05-31,46,23,0.0012454196802869,0.0,0.2133902571961304,val,1
S22913,229,2,2026-05-31,34,26,0.0013780574282806,0.0016171752471317,0.2048177031075451,val,1
S23672,229,2,2026-05-31,18,19,0.0016773836617765,0.0,0.2708508841629968,val,1
S24659,229,2,2026-05-31,43,31,0.0014590402627187,0.0,0.275698843829791,val,1
S26451,229,2,2026-05-31,51,30,0.0019178827781491,0.0,0.3062763830749211,val,1
S29207,229,2,2026-05-31,50,22,0.0016473584972269,0.0,0.2731196229507466,val,1
S30061,229,2,2026-05-31,43,20,0.0011322161190874,0.0,0.2325817679991918,val,1
S31110,229,2,2026-05-31,29,28,0.0014000425415886,0.0,0.2219691422467345,val,1
S31608,229,2,2026-05-31,26,13,0.0012091354535811,0.0015778829699757,0.3727642791677725,val,1
S34855,229,2,2026-05-31,36,17,0.0011012263730021,0.0,0.2624485459873982,val,1
S37018,229,2,2026-05-31,49,29,0.0022965240353239,0.0,0.3046089548766044,val,1
S41613,229,2,2026-05-31,35,17,0.0014695596980992,0.0018313803522735,0.3096203590711303,val,1
S42951,229,2,2026-05-31,34,21,0.0009996493768904,0.0,0.2090597840705853,val,1
S00672,229,2,2026-05-31,28,15,0.0019528526986186,0.0,0.2528132749538865,val,2
S01995,229,2,2026-05-31,47,25,0.0017609371197131,0.0,0.2614821706893884,val,2
S05965,229,2,2026-05-31,35,24,0.0014703933665938,0.0,0.2530816817794499,val,2
S11721,229,2,2026-05-31,44,28,0.0020072547955978,0.0,0.3000001357662221,val,2
S12298,229,2,2026-05-31,31,13,0.0023847304033824,0.0,0.3453946400462128,val,2
S13143,229,2,2026-05-31,55,17,0.0017418645242526,0.0,0.2783128599010308,val,2
S13147,229,2,2026-05-31,16,18,0.0021918693273253,0.0,0.3012049388095068,val,2
S16346,229,2,2026-05-31,24,18,0.0015986497851904,0.0,0.2988686377531735,val,2
S20687,229,2,2026-05-31,52,28,0.0019540324017693,0.0,0.3126270626395041,val,2
S21112,229,2,2026-05-31,50,20,0.0019205137303452,0.0,0.2824933605941711,val,2
S21387,229,2,2026-05-31,48,14,0.0017281466250605,0.0,0.3252402523872761,val,2
S21407,229,2,2026-05-31,48,23,0.0015208773465933,0.0,0.2133902571961304,val,2
S22913,229,2,2026-05-31,31,26,0.0016023678725407,0.0016171752471317,0.2048177031075451,val,2
S23672,229,2,2026-05-31,20,19,0.0016137215888736,0.0,0.2708508841629968,val,2
S24659,229,2,2026-05-31,47,31,0.002074788239986,0.0,0.275698843829791,val,2
S26451,229,2,2026-05-31,49,30,0.002049048985905,0.0,0.3062763830749211,val,2
S29207,229,2,2026-05-31,48,22,0.00195689122386,0.0,0.2731196229507466,val,2
S30061,229,2,2026-05-31,41,20,0.0019304008622754,0.0,0.2325817679991918,val,2
S31110,229,2,2026-05-31,27,28,0.0013176577329598,0.0,0.2219691422467345,val,2
S31608,229,2,2026-05-31,24,13,0.0012388401211399,0.0015778829699757,0.3727642791677725,val,2
S34855,229,2,2026-05-31,38,17,0.0010403407778971,0.0,0.2624485459873982,val,2
S37018,229,2,2026-05-31,51,29,0.0020227435781775,0.0,0.3046089548766044,val,2
S41613,229,2,2026-05-31,37,17,0.0010333529808918,0.0018313803522735,0.3096203590711303,val,2
S42951,229,2,2026-05-31,37,21,0.0011101309670229,0.0,0.2090597840705853,val,2
S00672,229,2,2026-05-31,21,15,0.0021176229260482,0.0,0.2528132749538865,val,3
S01995,229,2,2026-05-31,44,25,0.0018880818972638,0.0,0.2614821706893884,val,3
S05965,229,2,2026-05-31,41,24,0.0021289108657033,0.0,0.2530816817794499,val,3
S11721,229,2,2026-05-31,50,28,0.0022560943597535,0.0,0.3000001357662221,val,3
S12298,229,2,2026-05-31,33,12,0.002124280213986,0.0,0.3453946400462128,val,3
S13143,229,2,2026-05-31,49,17,0.0012037384029355,0.0,0.2783128599010308,val,3
S13147,229,2,2026-05-31,22,18,0.0019257200607191,0.0,0.3012049388095068,val,3
S16346,229,2,2026-05-31,30,18,0.0010959137141203,0.0,0.2988686377531735,val,3
S20687,229,2,2026-05-31,55,28,0.0019495500648869,0.0,0.3126270626395041,val,3
S21112,229,2,2026-05-31,57,20,0.0020520622099307,0.0,0.2824933605941711,val,3
S21387,229,2,2026-05-31,54,14,0.0023331011365505,0.0,0.3252402523872761,val,3
S21407,229,2,2026-05-31,42,23,0.0013020714381906,0.0,0.2133902571961304,val,3
S22913,229,2,2026-05-31,38,26,0.0012142355414589,0.0016171752471317,0.2048177031075451,val,3
S23672,229,2,2026-05-31,14,19,0.0016722735612752,0.0,0.2708508841629968,val,3
S24659,229,2,2026-05-31,37,31,0.002128468930319,0.0,0.275698843829791,val,3
S26451,229,2,2026-05-31,54,29,0.0023498607170669,0.0,0.3062763830749211,val,3
S29207,229,2,2026-05-31,54,22,0.0017017938470032,0.0,0.2731196229507466,val,3
S30061,229,2,2026-05-31,47,20,0.0013235731279351,0.0,0.2325817679991918,val,3
S31110,229,2,2026-05-31,33,28,0.0014068270214557,0.0,0.2219691422467345,val,3
S31608,229,2,2026-05-31,31,12,0.0011460132010111,0.0015778829699757,0.3727642791677725,val,3
S34855,229,2,2026-05-31,32,17,0.0011104088351586,0.0,0.2624485459873982,val,3
S37018,229,2,2026-05-31,45,29,0.0015540054926191,0.0,0.3046089548766044,val,3
S41613,229,2,2026-05-31,31,17,0.0014174802244913,0.0018313803522735,0.3096203590711303,val,3
S42951,229,2,2026-05-31,30,21,0.001363900922728,0.0,0.2090597840705853,val,3
S00672,229,2,2026-05-31,23,15,0.0023365867925868,0.0,0.2528132749538865,val,4
S01995,229,2,2026-05-31,45,25,0.0016907335090005,0.0,0.2614821706893884,val,4
S05965,229,2,2026-05-31,39,24,0.0012971592999691,0.0,0.2530816817794499,val,4
S11721,229,2,2026-05-31,48,28,0.0020571939602865,0.0,0.3000001357662221,val,4
S12298,229,2,2026-05-31,27,13,0.0021999239097898,0.0,0.3453946400462128,val,4
S13143,229,2,2026-05-31,51,17,0.0016223632973884,0.0,0.2783128599010308,val,4
S13147,229,2,2026-05-31,20,18,0.0024028856617222,0.0,0.3012049388095068,val,4
S16346,229,2,2026-05-31,28,18,0.0017078065600241,0.0,0.2988686377531735,val,4
S20687,229,2,2026-05-31,54,28,0.0021205199534353,0.0,0.3126270626395041,val,4
S21112,229,2,2026-05-31,55,20,0.0016842526570383,0.0,0.2824933605941711,val,4
S21387,229,2,2026-05-31,52,14,0.0015903684018707,0.0,0.3252402523872761,val,4
S21407,229,2,2026-05-31,44,23,0.0012286836381437,0.0,0.2133902571961304,val,4
S22913,229,2,2026-05-31,36,26,0.0011433248487057,0.0016171752471317,0.2048177031075451,val,4
S23672,229,2,2026-05-31,16,19,0.0015484988827382,0.0,0.2708508841629968,val,4
S24659,229,2,2026-05-31,39,31,0.002112102224655,0.0,0.275698843829791,val,4
S26451,229,2,2026-05-31,56,29,0.0023202169778346,0.0,0.3062763830749211,val,4
S29207,229,2,2026-05-31,52,22,0.0015568410730945,0.0,0.2731196229507466,val,4
S30061,229,2,2026-05-31,45,20,0.0012056930789073,0.0,0.2325817679991918,val,4
S31110,229,2,2026-05-31,31,28,0.0014022085279713,0.0,0.2219691422467345,val,4
S31608,229,2,2026-05-31,29,12,0.0011964982920755,0.0015778829699757,0.3727642791677725,val,4
S34855,229,2,2026-05-31,34,17,0.0013372628905019,0.0,0.2624485459873982,val,4
S37018,229,2,2026-05-31,47,29,0.0021981217051904,0.0,0.3046089548766044,val,4
S41613,229,2,2026-05-31,33,17,0.001191338123544,0.0018313803522735,0.3096203590711303,val,4
S42951,229,2,2026-05-31,32,21,0.0011310696811456,0.0,0.2090597840705853,val,4
S04691,229,3,2026-05-31,24,20,0.0017821182146089,0.0,0.3663025591895965,val,1
S07177,229,3,2026-05-31,39,22,0.0021033750478986,0.0,0.3220359439164961,val,1
S07179,229,3,2026-05-31,26,14,0.0015997814756327,0.0,0.3631305610903193,val,1
S08832,229,3,2026-05-31,29,30,0.0018532775854888,0.0,0.329847048036527,val,1
S13820,229,3,2026-05-31,49,20,0.00202828311251,0.0053139166880506,0.3065858338102381,val,1
S16356,229,3,2026-05-31,43,27,0.0018952468923087,0.0075624434148159,0.3408269098060523,val,1
S18908,229,3,2026-05-31,45,13,0.0017808639974337,0.0,0.3156742058344878,val,1
S20694,229,3,2026-05-31,50,15,0.0014539818799816,0.0,0.366756548849014,val,1
S21116,229,3,2026-05-31,37,17,0.0018512063687638,0.0,0.3790409911610684,val,1
S21411,229,3,2026-05-31,61,19,0.0016597329060553,0.0,0.3478248286353071,val,1
S22924,229,3,2026-05-31,42,18,0.0021021266756584,0.0047406474751521,0.3115063133921222,val,1
S23668,229,3,2026-05-31,44,27,0.0016762173346207,0.0,0.3124577403224977,val,1
S23679,229,3,2026-05-31,56,19,0.0017294773641227,0.0,0.3724697179979454,val,1
S25727,229,3,2026-05-31,46,30,0.0020772523548087,0.0,0.3830363001431231,val,1
S25826,229,3,2026-05-31,53,19,0.0018212876606758,0.0,0.3038493442337733,val,1
S26447,229,3,2026-05-31,23,24,0.0021036835012847,0.0462471851562354,0.3542222710392158,val,1
S27363,229,3,2026-05-31,54,17,0.0014923739197209,0.0,0.3698285060634813,val,1
S30057,229,3,2026-05-31,49,26,0.001969967416609,0.0,0.3328586084086792,val,1
S35260,229,3,2026-05-31,52,18,0.0020089544907217,0.0140480138689982,0.361214253903431,val,1
S37176,229,3,2026-05-31,58,25,0.0018791770416021,0.0,0.3565774537229183,val,1
S38496,229,3,2026-05-31,48,20,0.0020125470537278,0.0108802434372374,0.3314819341125788,val,1
S38497,229,3,2026-05-31,42,23,0.0025039480207144,0.0125450139669504,0.3425913200957759,val,1
S38499,229,3,2026-05-31,46,29,0.0019462417430241,0.0,0.3364180671644425,val,1
S39787,229,3,2026-05-31,49,15,0.0017335022218654,0.0,0.3358445489907602,val,1
S40091,229,3,2026-05-31,50,25,0.0017670789835653,0.0057373737373737,0.3585619742313986,val,1
S41263,229,3,2026-05-31,59,23,0.0020772040798642,0.0,0.3149713609678697,val,1
S04691,229,3,2026-05-31,22,20,0.0016821153825657,0.0,0.3663025591895965,val,2
S07177,229,3,2026-05-31,37,22,0.0024109403755883,0.0,0.3220359439164961,val,2
S07179,229,3,2026-05-31,24,14,0.0021212660812112,0.0,0.3631305610903193,val,2
S08832,229,3,2026-05-31,27,30,0.0025421964423212,0.0,0.329847048036527,val,2
S13820,229,3,2026-05-31,47,20,0.0024958765494629,0.0053139166880506,0.3065858338102381,val,2
S16356,229,3,2026-05-31,45,27,0.0016645231698359,0.0075624434148159,0.3408269098060523,val,2
S18908,229,3,2026-05-31,47,13,0.0015044511169794,0.0,0.3156742058344878,val,2
S20694,229,3,2026-05-31,52,15,0.0018336981556275,0.0,0.366756548849014,val,2
S21116,229,3,2026-05-31,39,17,0.0015825941449711,0.0,0.3790409911610684,val,2
S21411,229,3,2026-05-31,63,19,0.0016596848300667,0.0,0.3478248286353071,val,2
S22924,229,3,2026-05-31,40,18,0.0025070175348677,0.0047406474751521,0.3115063133921222,val,2
S23668,229,3,2026-05-31,46,27,0.0015904949029969,0.0,0.3124577403224977,val,2
S23679,229,3,2026-05-31,58,19,0.0019652047165233,0.0,0.3724697179979454,val,2
S25727,229,3,2026-05-31,44,30,0.0019797394366742,0.0,0.3830363001431231,val,2
S25826,229,3,2026-05-31,55,19,0.0018408784495153,0.0,0.3038493442337733,val,2
S26447,229,3,2026-05-31,21,24,0.0018852727109906,0.0462471851562354,0.3542222710392158,val,2
S27363,229,3,2026-05-31,56,17,0.0016813897351178,0.0,0.3698285060634813,val,2
S30057,229,3,2026-05-31,47,26,0.0017756695030226,0.0,0.3328586084086792,val,2
S35260,229,3,2026-05-31,50,18,0.0017415401290301,0.0140480138689982,0.361214253903431,val,2
S37176,229,3,2026-05-31,62,25,0.0020815529047892,0.0,0.3565774537229183,val,2
S38496,229,3,2026-05-31,46,20,0.0019022670540249,0.0108802434372374,0.3314819341125788,val,2
S38497,229,3,2026-05-31,44,23,0.0023828057778961,0.0125450139669504,0.3425913200957759,val,2
S38499,229,3,2026-05-31,48,29,0.0019508121802097,0.0,0.3364180671644425,val,2
S39787,229,3,2026-05-31,51,15,0.0017634401305317,0.0,0.3358445489907602,val,2
S40091,229,3,2026-05-31,52,25,0.0018275185150667,0.0057373737373737,0.3585619742313986,val,2
S41263,229,3,2026-05-31,61,23,0.0024065301897262,0.0,0.3149713609678697,val,2
S04691,229,3,2026-05-31,28,20,0.0015521006647008,0.0,0.3663025591895965,val,3
S07177,229,3,2026-05-31,43,22,0.0020189277576874,0.0,0.3220359439164961,val,3
S07179,229,3,2026-05-31,30,14,0.0016394689054772,0.0,0.3631305610903193,val,3
S08832,229,3,2026-05-31,33,30,0.0019031138133135,0.0,0.329847048036527,val,3
S13820,229,3,2026-05-31,53,20,0.0018306363919861,0.0053139166880506,0.3065858338102381,val,3
S16356,229,3,2026-05-31,39,27,0.0018608999188797,0.0075624434148159,0.3408269098060523,val,3
S18908,229,3,2026-05-31,41,13,0.0015882158435111,0.0,0.3156742058344878,val,3
S20694,229,3,2026-05-31,46,15,0.001725258022189,0.0,0.366756548849014,val,3
S21116,229,3,2026-05-31,33,17,0.001748896908345,0.0,0.3790409911610684,val,3
S21411,229,3,2026-05-31,57,19,0.0017900833237111,0.0,0.3478248286353071,val,3
S22924,229,3,2026-05-31,47,18,0.0019906418683283,0.0047406474751521,0.3115063133921222,val,3
S23668,229,3,2026-05-31,40,27,0.001819717530393,0.0,0.3124577403224977,val,3
S23679,229,3,2026-05-31,52,19,0.0018807659767943,0.0,0.3724697179979454,val,3
S25727,229,3,2026-05-31,50,30,0.0017940109319576,0.0,0.3830363001431231,val,3
S25826,229,3,2026-05-31,49,19,0.0018549194114636,0.0,0.3038493442337733,val,3
S26447,229,3,2026-05-31,27,24,0.0021257106035468,0.0462471851562354,0.3542222710392158,val,3
S27363,229,3,2026-05-31,50,17,0.0016794253830316,0.0,0.3698285060634813,val,3
S30057,229,3,2026-05-31,53,26,0.0019830919153829,0.0,0.3328586084086792,val,3
S35260,229,3,2026-05-31,56,18,0.0019232711027963,0.0140480138689982,0.361214253903431,val,3
S37176,229,3,2026-05-31,54,25,0.0018196393289929,0.0,0.3565774537229183,val,3
S38496,229,3,2026-05-31,52,20,0.0019600809591938,0.0108802434372374,0.3314819341125788,val,3
S38497,229,3,2026-05-31,38,23,0.0024511397183387,0.0125450139669504,0.3425913200957759,val,3
S38499,229,3,2026-05-31,41,29,0.0016741925473895,0.0,0.3364180671644425,val,3
S39787,229,3,2026-05-31,45,15,0.0013611088831674,0.0,0.3358445489907602,val,3
S40091,229,3,2026-05-31,45,25,0.0020290282442238,0.0057373737373737,0.3585619742313986,val,3
S41263,229,3,2026-05-31,55,23,0.00186025677233,0.0,0.3149713609678697,val,3
S04691,229,3,2026-05-31,26,20,0.0018786037402449,0.0,0.3663025591895965,val,4
S07177,229,3,2026-05-31,41,22,0.0019548683170821,0.0,0.3220359439164961,val,4
S07179,229,3,2026-05-31,28,14,0.0014601535415801,0.0,0.3631305610903193,val,4
S08832,229,3,2026-05-31,31,30,0.0018889111272471,0.0,0.329847048036527,val,4
S13820,229,3,2026-05-31,51,20,0.0017236500539361,0.0053139166880506,0.3065858338102381,val,4
S16356,229,3,2026-05-31,41,27,0.001868712582862,0.0075624434148159,0.3408269098060523,val,4
S18908,229,3,2026-05-31,43,13,0.0014835431934989,0.0,0.3156742058344878,val,4
S20694,229,3,2026-05-31,48,15,0.0016638562411629,0.0,0.366756548849014,val,4
S21116,229,3,2026-05-31,35,17,0.0016022823924832,0.0,0.3790409911610684,val,4
S21411,229,3,2026-05-31,59,19,0.0018016792220455,0.0,0.3478248286353071,val,4
S22924,229,3,2026-05-31,45,18,0.0018608087979765,0.0047406474751521,0.3115063133921222,val,4
S23668,229,3,2026-05-31,42,27,0.0017896698291254,0.0,0.3124577403224977,val,4
S23679,229,3,2026-05-31,54,19,0.0019847408504878,0.0,0.3724697179979454,val,4
S25727,229,3,2026-05-31,48,30,0.001921385447367,0.0,0.3830363001431231,val,4
S25826,229,3,2026-05-31,51,19,0.0018316732603578,0.0,0.3038493442337733,val,4
S26447,229,3,2026-05-31,25,24,0.0020087648738226,0.0462471851562354,0.3542222710392158,val,4
S27363,229,3,2026-05-31,52,17,0.0018420970866673,0.0,0.3698285060634813,val,4
S30057,229,3,2026-05-31,51,26,0.0020200263739963,0.0,0.3328586084086792,val,4
S35260,229,3,2026-05-31,54,18,0.0018948864348044,0.0140480138689982,0.361214253903431,val,4
S37176,229,3,2026-05-31,56,25,0.0019501103869997,0.0,0.3565774537229183,val,4
S38496,229,3,2026-05-31,50,20,0.0017443753474953,0.0108802434372374,0.3314819341125788,val,4
S38497,229,3,2026-05-31,40,23,0.0027031005309224,0.0125450139669504,0.3425913200957759,val,4
S38499,229,3,2026-05-31,44,29,0.0020362627019387,0.0,0.3364180671644425,val,4
S39787,229,3,2026-05-31,47,15,0.0016162672540319,0.0,0.3358445489907602,val,4
S40091,229,3,2026-05-31,47,25,0.0020470924912656,0.0057373737373737,0.3585619742313986,val,4
S41263,229,3,2026-05-31,57,23,0.0019378520216102,0.0,0.3149713609678697,val,4
S00466,229,4,2026-05-31,43,17,0.0025187505460272,0.0,0.304625383712472,val,1
S03829,229,4,2026-05-31,37,32,0.001570605447579,0.0,0.3492651843865427,val,1
S04659,229,4,2026-05-31,45,22,0.0030624966761909,0.0,0.4149239900590625,val,1
S06392,229,4,2026-05-31,37,30,0.0025025420587215,0.0089706333592043,0.3086637850148335,val,1
S08971,229,4,2026-05-31,46,30,0.0026047714669087,0.0,0.3128113904692078,val,1
S10159,229,4,2026-05-31,57,14,0.0016983410550997,0.0,0.3423307619720819,val,1
S23223,229,4,2026-05-31,60,23,0.002790488728058,0.0,0.3317748558833021,val,1
S26952,229,4,2026-05-31,36,30,0.0025301358942097,0.0049707953272523,0.3501523062876404,val,1
S30032,229,4,2026-05-31,59,18,0.0025549504361029,0.0,0.323620172427974,val,1
S32018,229,4,2026-05-31,49,27,0.0028442554042552,0.0,0.3787609625199832,val,1
S32020,229,4,2026-05-31,57,15,0.0026013424642859,0.0022059769992498,0.3723326876673427,val,1
S00466,229,4,2026-05-31,46,17,0.0026392532706609,0.0,0.304625383712472,val,2
S03829,229,4,2026-05-31,34,11,0.0010231949326334,0.0,0.3492651843865427,val,2
S04659,229,4,2026-05-31,43,22,0.003091274802953,0.0,0.4149239900590625,val,2
S06392,229,4,2026-05-31,35,30,0.0024190180489185,0.0089706333592043,0.3086637850148335,val,2
S08971,229,4,2026-05-31,44,30,0.0025429549617358,0.0,0.3128113904692078,val,2
S10159,229,4,2026-05-31,58,14,0.0020012539565908,0.0,0.3423307619720819,val,2
S23223,229,4,2026-05-31,62,23,0.002733605994335,0.0,0.3317748558833021,val,2
S26952,229,4,2026-05-31,34,30,0.0023485945464547,0.0049707953272523,0.3501523062876404,val,2
S30032,229,4,2026-05-31,57,18,0.0025973041432306,0.0,0.323620172427974,val,2
S32018,229,4,2026-05-31,51,27,0.0027265387056269,0.0,0.3787609625199832,val,2
S32020,229,4,2026-05-31,61,16,0.0027303951505443,0.0022059769992498,0.3723326876673427,val,2
S00466,229,4,2026-05-31,39,17,0.0025136119438208,0.0,0.304625383712472,val,3
S03829,229,4,2026-05-31,42,31,0.0024434257834016,0.0,0.3492651843865427,val,3
S04659,229,4,2026-05-31,49,22,0.0031193555347005,0.0,0.4149239900590625,val,3
S06392,229,4,2026-05-31,42,30,0.002487625569379,0.0089706333592043,0.3086637850148335,val,3
S08971,229,4,2026-05-31,50,30,0.0024041058445669,0.0,0.3128113904692078,val,3
S10159,229,4,2026-05-31,53,13,0.0016450955608141,0.0,0.3423307619720819,val,3
S23223,229,4,2026-05-31,56,23,0.0029601868667297,0.0,0.3317748558833021,val,3
S26952,229,4,2026-05-31,40,30,0.0023412756183321,0.0049707953272523,0.3501523062876404,val,3
S30032,229,4,2026-05-31,63,18,0.0028087159424596,0.0,0.323620172427974,val,3
S32018,229,4,2026-05-31,45,27,0.0028942033305676,0.0,0.3787609625199832,val,3
S32020,229,4,2026-05-31,52,15,0.0028101728846072,0.0022059769992498,0.3723326876673427,val,3
S00466,229,4,2026-05-31,41,17,0.0028582726877862,0.0,0.304625383712472,val,4
S03829,229,4,2026-05-31,39,32,0.0015745530519705,0.0,0.3492651843865427,val,4
S04659,229,4,2026-05-31,47,22,0.0031254698143728,0.0,0.4149239900590625,val,4
S06392,229,4,2026-05-31,39,30,0.0024197002369538,0.0089706333592043,0.3086637850148335,val,4
S08971,229,4,2026-05-31,48,30,0.0023184730051514,0.0,0.3128113904692078,val,4
S10159,229,4,2026-05-31,54,13,0.0015523333674562,0.0,0.3423307619720819,val,4
S23223,229,4,2026-05-31,58,23,0.0029767817285596,0.0,0.3317748558833021,val,4
S26952,229,4,2026-05-31,38,30,0.0024451621321388,0.0049707953272523,0.3501523062876404,val,4
S30032,229,4,2026-05-31,61,18,0.0029255967378868,0.0,0.323620172427974,val,4
S32018,229,4,2026-05-31,47,27,0.0027549037040414,0.0,0.3787609625199832,val,4
S32020,229,4,2026-05-31,54,15,0.0027200810571265,0.0022059769992498,0.3723326876673427,val,4
S00596,229,5,2026-05-31,21,29,0.0013850813066849,0.0,0.341825940462251,val,1
S02777,229,5,2026-05-31,60,15,0.0016713434512299,0.0,0.3786657290330449,val,1
S02905,229,5,2026-05-31,56,21,0.0011238524634361,0.0,0.3089729341152509,val,1
S03309,229,5,2026-05-31,31,30,0.0013026179270146,0.0,0.2675308865826823,val,1
S10565,229,5,2026-05-31,55,29,0.0014307849544349,0.0,0.2583956782400883,val,1
S10568,229,5,2026-05-31,51,19,0.0011236585695308,0.0,0.3233243161538493,val,1
S14346,229,5,2026-05-31,30,31,0.0015397547493936,0.0,0.3178078312716996,val,1
S14946,229,5,2026-05-31,39,15,0.001086616397574,0.0,0.2913389234253336,val,1
S15546,229,5,2026-05-31,34,12,0.0016406405495576,0.003344605393765,0.3735539406608292,val,1
S15547,229,5,2026-05-31,42,16,0.0010303810366984,0.0,0.2733447411630625,val,1
S16761,229,5,2026-05-31,24,21,0.0008941476655191,0.0,0.2721721717917805,val,1
S17766,229,5,2026-05-31,42,17,0.0010422101995374,0.0,0.317245853083255,val,1
S21400,229,5,2026-05-31,27,22,0.0009765482330006,0.0,0.2721431929757532,val,1
S23215,229,5,2026-05-31,56,24,0.001297557212165,0.0,0.2526010535210292,val,1
S29205,229,5,2026-05-31,47,30,0.00130450677095,0.0,0.2588219423111756,val,1
S35393,229,5,2026-05-31,19,22,0.0012327516391688,0.0,0.3181512273154036,val,1
S38504,229,5,2026-05-31,29,29,0.0013499078966937,0.0,0.286979077255472,val,1
S39447,229,5,2026-05-31,63,21,0.0015511108568084,0.0,0.3397286701624898,val,1
S00596,229,5,2026-05-31,23,30,0.001475677751347,0.0,0.341825940462251,val,2
S02777,229,5,2026-05-31,65,18,0.0017653498259739,0.0,0.3786657290330449,val,2
S02905,229,5,2026-05-31,58,21,0.0014623840030273,0.0,0.3089729341152509,val,2
S03309,229,5,2026-05-31,29,30,0.0013395858138236,0.0,0.2675308865826823,val,2
S10565,229,5,2026-05-31,52,30,0.001382545445669,0.0,0.2583956782400883,val,2
S10568,229,5,2026-05-31,53,19,0.0012211657803061,0.0,0.3233243161538493,val,2
S14346,229,5,2026-05-31,40,32,0.0015271251100278,0.0,0.3178078312716996,val,2
S14946,229,5,2026-05-31,41,15,0.0010186973941388,0.0,0.2913389234253336,val,2
S15546,229,5,2026-05-31,32,12,0.001350405326669,0.003344605393765,0.3735539406608292,val,2
S15547,229,5,2026-05-31,40,16,0.0010319419383677,0.0,0.2733447411630625,val,2
S16761,229,5,2026-05-31,26,21,0.0009069444672372,0.0,0.2721721717917805,val,2
S17766,229,5,2026-05-31,44,17,0.0010004631506028,0.0,0.317245853083255,val,2
S21400,229,5,2026-05-31,25,22,0.0009798604039011,0.0,0.2721431929757532,val,2
S23215,229,5,2026-05-31,55,24,0.0010947970796531,0.0,0.2526010535210292,val,2
S29205,229,5,2026-05-31,45,30,0.0011296151998585,0.0,0.2588219423111756,val,2
S35393,229,5,2026-05-31,17,22,0.0012431841416232,0.0,0.3181512273154036,val,2
S38504,229,5,2026-05-31,31,29,0.0010876368870871,0.0,0.286979077255472,val,2
S39447,229,5,2026-05-31,65,21,0.0016784806155515,0.0,0.3397286701624898,val,2
S00596,229,5,2026-05-31,17,27,0.0013173513992686,0.0,0.341825940462251,val,3
S02777,229,5,2026-05-31,55,13,0.0014209219447065,0.0,0.3786657290330449,val,3
S02905,229,5,2026-05-31,52,21,0.0009833639792078,0.0,0.3089729341152509,val,3
S03309,229,5,2026-05-31,35,30,0.001242274723113,0.0,0.2675308865826823,val,3
S10565,229,5,2026-05-31,51,29,0.0012681808345705,0.0,0.2583956782400883,val,3
S10568,229,5,2026-05-31,47,19,0.0010436713379402,0.0,0.3233243161538493,val,3
S14346,229,5,2026-05-31,25,30,0.0014570558076289,0.0,0.3178078312716996,val,3
S14946,229,5,2026-05-31,35,15,0.0010592492915177,0.0,0.2913389234253336,val,3
S15546,229,5,2026-05-31,38,12,0.0013440099478359,0.003344605393765,0.3735539406608292,val,3
S15547,229,5,2026-05-31,46,16,0.0010219933084839,0.0,0.2733447411630625,val,3
S16761,229,5,2026-05-31,20,21,0.0010520415383916,0.0,0.2721721717917805,val,3
S17766,229,5,2026-05-31,37,17,0.0009826147255319,0.0,0.317245853083255,val,3
S21400,229,5,2026-05-31,31,22,0.0009248661648934,0.0,0.2721431929757532,val,3
S23215,229,5,2026-05-31,58,24,0.0021499332959634,0.0,0.2526010535210292,val,3
S29205,229,5,2026-05-31,51,30,0.0013806880224328,0.0,0.2588219423111756,val,3
S35393,229,5,2026-05-31,23,22,0.0011539789393051,0.0,0.3181512273154036,val,3
S38504,229,5,2026-05-31,25,29,0.0014250372024736,0.0,0.286979077255472,val,3
S39447,229,5,2026-05-31,59,21,0.0014992955683086,0.0,0.3397286701624898,val,3
S00596,229,5,2026-05-31,19,28,0.0018409404126899,0.0,0.341825940462251,val,4
S02777,229,5,2026-05-31,58,14,0.0015432878011372,0.0,0.3786657290330449,val,4
S02905,229,5,2026-05-31,54,21,0.0013995408778679,0.0,0.3089729341152509,val,4
S03309,229,5,2026-05-31,33,30,0.001224320492819,0.0,0.2675308865826823,val,4
S10565,229,5,2026-05-31,53,29,0.0012325633929957,0.0,0.2583956782400883,val,4
S10568,229,5,2026-05-31,49,19,0.0010285168357576,0.0,0.3233243161538493,val,4
S14346,229,5,2026-05-31,27,31,0.0014840262989776,0.0,0.3178078312716996,val,4
S14946,229,5,2026-05-31,37,15,0.0010244669597213,0.0,0.2913389234253336,val,4
S15546,229,5,2026-05-31,36,12,0.0019102959985861,0.003344605393765,0.3735539406608292,val,4
S15547,229,5,2026-05-31,44,16,0.0010611090897549,0.0,0.2733447411630625,val,4
S16761,229,5,2026-05-31,22,21,0.0010303146420391,0.0,0.2721721717917805,val,4
S17766,229,5,2026-05-31,39,17,0.001152680898386,0.0,0.317245853083255,val,4
S21400,229,5,2026-05-31,29,22,0.0008931081710578,0.0,0.2721431929757532,val,4
S23215,229,5,2026-05-31,57,24,0.0015062180898298,0.0,0.2526010535210292,val,4
S29205,229,5,2026-05-31,49,30,0.0012865701383076,0.0,0.2588219423111756,val,4
S35393,229,5,2026-05-31,21,22,0.001032284907679,0.0,0.3181512273154036,val,4
S38504,229,5,2026-05-31,27,29,0.0013019408844634,0.0,0.286979077255472,val,4
S39447,229,5,2026-05-31,61,21,0.0015111195912927,0.0,0.3397286701624898,val,4
S00596,229,6,2026-05-31,21,29,0.0013850813066849,0.0,0.341825940462251,val,1
S02777,229,6,2026-05-31,60,15,0.0016713434512299,0.0,0.3786657290330449,val,1
S02905,229,6,2026-05-31,56,21,0.0011238524634361,0.0,0.3089729341152509,val,1
S03309,229,6,2026-05-31,31,30,0.0013026179270146,0.0,0.2675308865826823,val,1
S10565,229,6,2026-05-31,55,29,0.0014307849544349,0.0,0.2583956782400883,val,1
S10568,229,6,2026-05-31,51,19,0.0011236585695308,0.0,0.3233243161538493,val,1
S14346,229,6,2026-05-31,30,31,0.0015397547493936,0.0,0.3178078312716996,val,1
S14946,229,6,2026-05-31,39,15,0.001086616397574,0.0,0.2913389234253336,val,1
S15546,229,6,2026-05-31,34,12,0.0016406405495576,0.003344605393765,0.3735539406608292,val,1
S15547,229,6,2026-05-31,42,16,0.0010303810366984,0.0,0.2733447411630625,val,1
S16761,229,6,2026-05-31,24,21,0.0008941476655191,0.0,0.2721721717917805,val,1
S17766,229,6,2026-05-31,42,17,0.0010422101995374,0.0,0.317245853083255,val,1
S21400,229,6,2026-05-31,27,22,0.0009765482330006,0.0,0.2721431929757532,val,1
S23215,229,6,2026-05-31,56,24,0.001297557212165,0.0,0.2526010535210292,val,1
S29205,229,6,2026-05-31,47,30,0.00130450677095,0.0,0.2588219423111756,val,1
S35393,229,6,2026-05-31,19,22,0.0012327516391688,0.0,0.3181512273154036,val,1
S38504,229,6,2026-05-31,29,29,0.0013499078966937,0.0,0.286979077255472,val,1
S39447,229,6,2026-05-31,63,21,0.0015511108568084,0.0,0.3397286701624898,val,1
S00596,229,6,2026-05-31,23,30,0.001475677751347,0.0,0.341825940462251,val,2
S02777,229,6,2026-05-31,65,18,0.0017653498259739,0.0,0.3786657290330449,val,2
S02905,229,6,2026-05-31,58,21,0.0014623840030273,0.0,0.3089729341152509,val,2
S03309,229,6,2026-05-31,29,30,0.0013395858138236,0.0,0.2675308865826823,val,2
S10565,229,6,2026-05-31,52,30,0.001382545445669,0.0,0.2583956782400883,val,2
S10568,229,6,2026-05-31,53,19,0.0012211657803061,0.0,0.3233243161538493,val,2
S14346,229,6,2026-05-31,40,32,0.0015271251100278,0.0,0.3178078312716996,val,2
S14946,229,6,2026-05-31,41,15,0.0010186973941388,0.0,0.2913389234253336,val,2
S15546,229,6,2026-05-31,32,12,0.001350405326669,0.003344605393765,0.3735539406608292,val,2
S15547,229,6,2026-05-31,40,16,0.0010319419383677,0.0,0.2733447411630625,val,2
S16761,229,6,2026-05-31,26,21,0.0009069444672372,0.0,0.2721721717917805,val,2
S17766,229,6,2026-05-31,44,17,0.0010004631506028,0.0,0.317245853083255,val,2
S21400,229,6,2026-05-31,25,22,0.0009798604039011,0.0,0.2721431929757532,val,2
S23215,229,6,2026-05-31,55,24,0.0010947970796531,0.0,0.2526010535210292,val,2
S29205,229,6,2026-05-31,45,30,0.0011296151998585,0.0,0.2588219423111756,val,2
S35393,229,6,2026-05-31,17,22,0.0012431841416232,0.0,0.3181512273154036,val,2
S38504,229,6,2026-05-31,31,29,0.0010876368870871,0.0,0.286979077255472,val,2
S39447,229,6,2026-05-31,65,21,0.0016784806155515,0.0,0.3397286701624898,val,2
S00596,229,6,2026-05-31,17,27,0.0013173513992686,0.0,0.341825940462251,val,3
S02777,229,6,2026-05-31,55,13,0.0014209219447065,0.0,0.3786657290330449,val,3
S02905,229,6,2026-05-31,52,21,0.0009833639792078,0.0,0.3089729341152509,val,3
S03309,229,6,2026-05-31,35,30,0.001242274723113,0.0,0.2675308865826823,val,3
S10565,229,6,2026-05-31,51,29,0.0012681808345705,0.0,0.2583956782400883,val,3
S10568,229,6,2026-05-31,47,19,0.0010436713379402,0.0,0.3233243161538493,val,3
S14346,229,6,2026-05-31,25,30,0.0014570558076289,0.0,0.3178078312716996,val,3
S14946,229,6,2026-05-31,35,15,0.0010592492915177,0.0,0.2913389234253336,val,3
S15546,229,6,2026-05-31,38,12,0.0013440099478359,0.003344605393765,0.3735539406608292,val,3
S15547,229,6,2026-05-31,46,16,0.0010219933084839,0.0,0.2733447411630625,val,3
S16761,229,6,2026-05-31,20,21,0.0010520415383916,0.0,0.2721721717917805,val,3
S17766,229,6,2026-05-31,37,17,0.0009826147255319,0.0,0.317245853083255,val,3
S21400,229,6,2026-05-31,31,22,0.0009248661648934,0.0,0.2721431929757532,val,3
S23215,229,6,2026-05-31,58,24,0.0021499332959634,0.0,0.2526010535210292,val,3
S29205,229,6,2026-05-31,51,30,0.0013806880224328,0.0,0.2588219423111756,val,3
S35393,229,6,2026-05-31,23,22,0.0011539789393051,0.0,0.3181512273154036,val,3
S38504,229,6,2026-05-31,25,29,0.0014250372024736,0.0,0.286979077255472,val,3
S39447,229,6,2026-05-31,59,21,0.0014992955683086,0.0,0.3397286701624898,val,3
S00596,229,6,2026-05-31,19,28,0.0018409404126899,0.0,0.341825940462251,val,4
S02777,229,6,2026-05-31,58,14,0.0015432878011372,0.0,0.3786657290330449,val,4
S02905,229,6,2026-05-31,54,21,0.0013995408778679,0.0,0.3089729341152509,val,4
S03309,229,6,2026-05-31,33,30,0.001224320492819,0.0,0.2675308865826823,val,4
S10565,229,6,2026-05-31,53,29,0.0012325633929957,0.0,0.2583956782400883,val,4
S10568,229,6,2026-05-31,49,19,0.0010285168357576,0.0,0.3233243161538493,val,4
S14346,229,6,2026-05-31,27,31,0.0014840262989776,0.0,0.3178078312716996,val,4
S14946,229,6,2026-05-31,37,15,0.0010244669597213,0.0,0.2913389234253336,val,4
S15546,229,6,2026-05-31,36,12,0.0019102959985861,0.003344605393765,0.3735539406608292,val,4
S15547,229,6,2026-05-31,44,16,0.0010611090897549,0.0,0.2733447411630625,val,4
S16761,229,6,2026-05-31,22,21,0.0010303146420391,0.0,0.2721721717917805,val,4
S17766,229,6,2026-05-31,39,17,0.001152680898386,0.0,0.317245853083255,val,4
S21400,229,6,2026-05-31,29,22,0.0008931081710578,0.0,0.2721431929757532,val,4
S23215,229,6,2026-05-31,57,24,0.0015062180898298,0.0,0.2526010535210292,val,4
S29205,229,6,2026-05-31,49,30,0.0012865701383076,0.0,0.2588219423111756,val,4
S35393,229,6,2026-05-31,21,22,0.001032284907679,0.0,0.3181512273154036,val,4
S38504,229,6,2026-05-31,27,29,0.0013019408844634,0.0,0.286979077255472,val,4
S39447,229,6,2026-05-31,61,21,0.0015111195912927,0.0,0.3397286701624898,val,4
S00904,229,7,2026-05-31,63,26,0.0016758765402915,0.0,0.4167622921681257,val,1
S01871,229,7,2026-05-31,52,18,0.0029388768043296,0.0058480048243098,0.4167825870520247,val,1
S01983,229,7,2026-05-31,47,16,0.0029417396746618,0.0,0.4122239332067692,val,1
S09620,229,7,2026-05-31,30,16,0.0029180569028085,0.0,0.4203215050375712,val,1
S11479,229,7,2026-05-31,24,24,0.0029144900382402,0.0109720744699199,0.392808374435978,val,1
S11481,229,7,2026-05-31,37,20,0.0029592738796028,0.0212858846138436,0.3574480541228772,val,1
S13790,229,7,2026-05-31,31,13,0.0028600341985911,0.0147028765679123,0.3919791488158785,val,1
S15541,229,7,2026-05-31,24,23,0.0029485453725758,0.0066364886698981,0.472770128371095,val,1
S16308,229,7,2026-05-31,30,25,0.0028385268261772,0.0,0.4506537027870894,val,1
S17719,229,7,2026-05-31,45,11,0.0013669152932,0.0226954851706303,0.3331322027421349,val,1
S18386,229,7,2026-05-31,30,21,0.0029446521395457,0.0,0.4441358386464258,val,1
S20677,229,7,2026-05-31,58,22,0.0029662603280929,0.0,0.4346739720766037,val,1
S21782,229,7,2026-05-31,41,30,0.0026736591296985,0.0,0.3879221118482486,val,1
S21904,229,7,2026-05-31,40,14,0.0028850121014508,0.0,0.4102262818245477,val,1
S25599,229,7,2026-05-31,29,20,0.0029695200859782,0.0029990888080281,0.4531671572561168,val,1
S26961,229,7,2026-05-31,25,23,0.0028304886333878,0.0097756469358903,0.4613965165876553,val,1
S28821,229,7,2026-05-31,33,30,0.0024938154683584,0.0,0.4491490124629306,val,1
S29201,229,7,2026-05-31,43,26,0.0028911833869942,0.0,0.4330800657122222,val,1
S29298,229,7,2026-05-31,33,24,0.0029014563555202,0.0,0.4325724306453968,val,1
S29305,229,7,2026-05-31,35,29,0.0026534930643668,0.0,0.4205826732864492,val,1
S31089,229,7,2026-05-31,49,21,0.0029273408471552,0.0,0.3915608785114305,val,1
S35241,229,7,2026-05-31,35,28,0.0026698338629091,0.004269303596695,0.3503011656195136,val,1
S38489,229,7,2026-05-31,32,22,0.0029460683143038,0.0096966960438372,0.4319299464915451,val,1
S39079,229,7,2026-05-31,42,22,0.0029838526612392,0.0,0.4057964249086341,val,1
S39671,229,7,2026-05-31,37,16,0.0029610822724544,0.0,0.4432890971897003,val,1
S40591,229,7,2026-05-31,33,22,0.0030213759893751,0.0021273135069426,0.435154543199133,val,1
S42499,229,7,2026-05-31,48,24,0.003007187558832,0.0,0.4204710907711325,val,1
S43194,229,7,2026-05-31,45,14,0.0029426329281673,0.0162276110189396,0.4685107248319882,val,1
S00904,229,7,2026-05-31,59,28,0.0014685943293271,0.0,0.4167622921681257,val,2
S01871,229,7,2026-05-31,50,18,0.0029367582031625,0.0058480048243098,0.4167825870520247,val,2
S01983,229,7,2026-05-31,44,16,0.002888614594947,0.0,0.4122239332067692,val,2
S09620,229,7,2026-05-31,28,16,0.0028018664293703,0.0,0.4203215050375712,val,2
S11479,229,7,2026-05-31,21,24,0.0029143486377677,0.0109720744699199,0.392808374435978,val,2
S11481,229,7,2026-05-31,35,20,0.0028951229311135,0.0212858846138436,0.3574480541228772,val,2
S13790,229,7,2026-05-31,32,13,0.0028409297456968,0.0147028765679123,0.3919791488158785,val,2
S15541,229,7,2026-05-31,26,23,0.0029438323005664,0.0066364886698981,0.472770128371095,val,2
S16308,229,7,2026-05-31,32,25,0.0029500818505025,0.0,0.4506537027870894,val,2
S17719,229,7,2026-05-31,47,11,0.0014010359854916,0.0226954851706303,0.3331322027421349,val,2
S18386,229,7,2026-05-31,32,21,0.0029181867336342,0.0,0.4441358386464258,val,2
S20677,229,7,2026-05-31,56,22,0.0030148676327846,0.0,0.4346739720766037,val,2
S21782,229,7,2026-05-31,39,30,0.0024022336469147,0.0,0.3879221118482486,val,2
S21904,229,7,2026-05-31,38,14,0.0029314094314274,0.0,0.4102262818245477,val,2
S25599,229,7,2026-05-31,27,20,0.002888652826795,0.0029990888080281,0.4531671572561168,val,2
S26961,229,7,2026-05-31,27,23,0.0029318650552939,0.0097756469358903,0.4613965165876553,val,2
S28821,229,7,2026-05-31,30,30,0.0024590458206945,0.0,0.4491490124629306,val,2
S29201,229,7,2026-05-31,41,26,0.0027974727458808,0.0,0.4330800657122222,val,2
S29298,229,7,2026-05-31,31,24,0.0030110762845219,0.0,0.4325724306453968,val,2
S29305,229,7,2026-05-31,37,29,0.002593188984138,0.0,0.4205826732864492,val,2
S31089,229,7,2026-05-31,51,21,0.0029663673305287,0.0,0.3915608785114305,val,2
S35241,229,7,2026-05-31,33,28,0.0027517614504636,0.004269303596695,0.3503011656195136,val,2
S38489,229,7,2026-05-31,30,22,0.0029805846844134,0.0096966960438372,0.4319299464915451,val,2
S39079,229,7,2026-05-31,40,22,0.0028637840477721,0.0,0.4057964249086341,val,2
S39671,229,7,2026-05-31,35,16,0.0028341851347155,0.0,0.4432890971897003,val,2
S40591,229,7,2026-05-31,31,22,0.0028719039926832,0.0021273135069426,0.435154543199133,val,2
S42499,229,7,2026-05-31,46,24,0.0030762579702019,0.0,0.4204710907711325,val,2
S43194,229,7,2026-05-31,43,14,0.0029720851285891,0.0162276110189396,0.4685107248319882,val,2
S00904,229,7,2026-05-31,62,16,0.0015818810699307,0.0,0.4167622921681257,val,3
S01871,229,7,2026-05-31,56,18,0.0029316796124679,0.0058480048243098,0.4167825870520247,val,3
S01983,229,7,2026-05-31,51,16,0.0029535063127448,0.0,0.4122239332067692,val,3
S09620,229,7,2026-05-31,34,16,0.0028730825331566,0.0,0.4203215050375712,val,3
S11479,229,7,2026-05-31,29,24,0.0028807241698869,0.0109720744699199,0.392808374435978,val,3
S11481,229,7,2026-05-31,42,20,0.0030134588904569,0.0212858846138436,0.3574480541228772,val,3
S13790,229,7,2026-05-31,29,13,0.0027612836373268,0.0147028765679123,0.3919791488158785,val,3
S15541,229,7,2026-05-31,20,23,0.0028457363505662,0.0066364886698981,0.472770128371095,val,3
S16308,229,7,2026-05-31,26,25,0.0029393146022208,0.0,0.4506537027870894,val,3
S17719,229,7,2026-05-31,40,11,0.0010134337297623,0.0226954851706303,0.3331322027421349,val,3
S18386,229,7,2026-05-31,26,21,0.0028873123161492,0.0,0.4441358386464258,val,3
S20677,229,7,2026-05-31,62,22,0.0027014821414946,0.0,0.4346739720766037,val,3
S21782,229,7,2026-05-31,45,30,0.0026206110111098,0.0,0.3879221118482486,val,3
S21904,229,7,2026-05-31,44,14,0.0028358996343601,0.0,0.4102262818245477,val,3
S25599,229,7,2026-05-31,33,20,0.0029557193901019,0.0029990888080281,0.4531671572561168,val,3
S26961,229,7,2026-05-31,21,23,0.0028282035656836,0.0097756469358903,0.4613965165876553,val,3
S28821,229,7,2026-05-31,37,30,0.0025843843559135,0.0,0.4491490124629306,val,3
S29201,229,7,2026-05-31,48,26,0.0027866864036339,0.0,0.4330800657122222,val,3
S29298,229,7,2026-05-31,37,24,0.0029049481082336,0.0,0.4325724306453968,val,3
S29305,229,7,2026-05-31,31,29,0.0025769696417831,0.0,0.4205826732864492,val,3
S31089,229,7,2026-05-31,45,21,0.0029684957863418,0.0,0.3915608785114305,val,3
S35241,229,7,2026-05-31,39,28,0.0026746327447815,0.004269303596695,0.3503011656195136,val,3
S38489,229,7,2026-05-31,36,22,0.0030347150138624,0.0096966960438372,0.4319299464915451,val,3
S39079,229,7,2026-05-31,46,22,0.0029883065402078,0.0,0.4057964249086341,val,3
S39671,229,7,2026-05-31,42,16,0.0029798288359485,0.0,0.4432890971897003,val,3
S40591,229,7,2026-05-31,37,22,0.0030548826862008,0.0021273135069426,0.435154543199133,val,3
S42499,229,7,2026-05-31,52,24,0.0029148208724155,0.0,0.4204710907711325,val,3
S43194,229,7,2026-05-31,49,14,0.0029255688917152,0.0162276110189396,0.4685107248319882,val,3
S00904,229,7,2026-05-31,63,17,0.0015612378181027,0.0,0.4167622921681257,val,4
S01871,229,7,2026-05-31,54,18,0.0029779186263743,0.0058480048243098,0.4167825870520247,val,4
S01983,229,7,2026-05-31,49,16,0.0028331464152759,0.0,0.4122239332067692,val,4
S09620,229,7,2026-05-31,32,16,0.002936727980332,0.0,0.4203215050375712,val,4
S11479,229,7,2026-05-31,27,24,0.0030112196281632,0.0109720744699199,0.392808374435978,val,4
S11481,229,7,2026-05-31,39,20,0.0029782217684097,0.0212858846138436,0.3574480541228772,val,4
S13790,229,7,2026-05-31,30,13,0.002935256755924,0.0147028765679123,0.3919791488158785,val,4
S15541,229,7,2026-05-31,22,23,0.0028270220893109,0.0066364886698981,0.472770128371095,val,4
S16308,229,7,2026-05-31,28,25,0.0029424085521248,0.0,0.4506537027870894,val,4
S17719,229,7,2026-05-31,42,11,0.0014200838614981,0.0226954851706303,0.3331322027421349,val,4
S18386,229,7,2026-05-31,28,21,0.0029185433157689,0.0,0.4441358386464258,val,4
S20677,229,7,2026-05-31,60,22,0.0029447191943905,0.0,0.4346739720766037,val,4
S21782,229,7,2026-05-31,43,30,0.0026489460451275,0.0,0.3879221118482486,val,4
S21904,229,7,2026-05-31,42,14,0.0029203625353704,0.0,0.4102262818245477,val,4
S25599,229,7,2026-05-31,31,20,0.0028190517654459,0.0029990888080281,0.4531671572561168,val,4
S26961,229,7,2026-05-31,23,23,0.0028117747282337,0.0097756469358903,0.4613965165876553,val,4
S28821,229,7,2026-05-31,35,30,0.002446274127803,0.0,0.4491490124629306,val,4
S29201,229,7,2026-05-31,45,26,0.0027249283886999,0.0,0.4330800657122222,val,4
S29298,229,7,2026-05-31,35,24,0.0028721117170885,0.0,0.4325724306453968,val,4
S29305,229,7,2026-05-31,33,29,0.0025802982139922,0.0,0.4205826732864492,val,4
S31089,229,7,2026-05-31,47,21,0.0029427417620268,0.0,0.3915608785114305,val,4
S35241,229,7,2026-05-31,37,28,0.0027523225834743,0.004269303596695,0.3503011656195136,val,4
S38489,229,7,2026-05-31,34,22,0.0030299491885886,0.0096966960438372,0.4319299464915451,val,4
S39079,229,7,2026-05-31,44,22,0.0029974434170585,0.0,0.4057964249086341,val,4
S39671,229,7,2026-05-31,40,16,0.0029117959583641,0.0,0.4432890971897003,val,4
S40591,229,7,2026-05-31,35,22,0.0029490412588476,0.0021273135069426,0.435154543199133,val,4
S42499,229,7,2026-05-31,50,24,0.0030260975126282,0.0,0.4204710907711325,val,4
S43194,229,7,2026-05-31,47,14,0.0029476611003156,0.0162276110189396,0.4685107248319882,val,4
S00596,229,8,2026-05-31,21,29,0.0013850813066849,0.0,0.341825940462251,val,1
S02777,229,8,2026-05-31,60,15,0.0016713434512299,0.0,0.3786657290330449,val,1
S02905,229,8,2026-05-31,56,21,0.0011238524634361,0.0,0.3089729341152509,val,1
S03309,229,8,2026-05-31,31,30,0.0013026179270146,0.0,0.2675308865826823,val,1
S10565,229,8,2026-05-31,55,29,0.0014307849544349,0.0,0.2583956782400883,val,1
S10568,229,8,2026-05-31,51,19,0.0011236585695308,0.0,0.3233243161538493,val,1
S14346,229,8,2026-05-31,30,31,0.0015397547493936,0.0,0.3178078312716996,val,1
S14946,229,8,2026-05-31,39,15,0.001086616397574,0.0,0.2913389234253336,val,1
S15546,229,8,2026-05-31,34,12,0.0016406405495576,0.003344605393765,0.3735539406608292,val,1
S15547,229,8,2026-05-31,42,16,0.0010303810366984,0.0,0.2733447411630625,val,1
S16761,229,8,2026-05-31,24,21,0.0008941476655191,0.0,0.2721721717917805,val,1
S17766,229,8,2026-05-31,42,17,0.0010422101995374,0.0,0.317245853083255,val,1
S21400,229,8,2026-05-31,27,22,0.0009765482330006,0.0,0.2721431929757532,val,1
S23215,229,8,2026-05-31,56,24,0.001297557212165,0.0,0.2526010535210292,val,1
S29205,229,8,2026-05-31,47,30,0.00130450677095,0.0,0.2588219423111756,val,1
S35393,229,8,2026-05-31,19,22,0.0012327516391688,0.0,0.3181512273154036,val,1
S38504,229,8,2026-05-31,29,29,0.0013499078966937,0.0,0.286979077255472,val,1
S39447,229,8,2026-05-31,63,21,0.0015511108568084,0.0,0.3397286701624898,val,1
S00596,229,8,2026-05-31,23,30,0.001475677751347,0.0,0.341825940462251,val,2
S02777,229,8,2026-05-31,65,18,0.0017653498259739,0.0,0.3786657290330449,val,2
S02905,229,8,2026-05-31,58,21,0.0014623840030273,0.0,0.3089729341152509,val,2
S03309,229,8,2026-05-31,29,30,0.0013395858138236,0.0,0.2675308865826823,val,2
S10565,229,8,2026-05-31,52,30,0.001382545445669,0.0,0.2583956782400883,val,2
S10568,229,8,2026-05-31,53,19,0.0012211657803061,0.0,0.3233243161538493,val,2
S14346,229,8,2026-05-31,40,32,0.0015271251100278,0.0,0.3178078312716996,val,2
S14946,229,8,2026-05-31,41,15,0.0010186973941388,0.0,0.2913389234253336,val,2
S15546,229,8,2026-05-31,32,12,0.001350405326669,0.003344605393765,0.3735539406608292,val,2
S15547,229,8,2026-05-31,40,16,0.0010319419383677,0.0,0.2733447411630625,val,2
S16761,229,8,2026-05-31,26,21,0.0009069444672372,0.0,0.2721721717917805,val,2
S17766,229,8,2026-05-31,44,17,0.0010004631506028,0.0,0.317245853083255,val,2
S21400,229,8,2026-05-31,25,22,0.0009798604039011,0.0,0.2721431929757532,val,2
S23215,229,8,2026-05-31,55,24,0.0010947970796531,0.0,0.2526010535210292,val,2
S29205,229,8,2026-05-31,45,30,0.0011296151998585,0.0,0.2588219423111756,val,2
S35393,229,8,2026-05-31,17,22,0.0012431841416232,0.0,0.3181512273154036,val,2
S38504,229,8,2026-05-31,31,29,0.0010876368870871,0.0,0.286979077255472,val,2
S39447,229,8,2026-05-31,65,21,0.0016784806155515,0.0,0.3397286701624898,val,2
S00596,229,8,2026-05-31,17,27,0.0013173513992686,0.0,0.341825940462251,val,3
S02777,229,8,2026-05-31,55,13,0.0014209219447065,0.0,0.3786657290330449,val,3
S02905,229,8,2026-05-31,52,21,0.0009833639792078,0.0,0.3089729341152509,val,3
S03309,229,8,2026-05-31,35,30,0.001242274723113,0.0,0.2675308865826823,val,3
S10565,229,8,2026-05-31,51,29,0.0012681808345705,0.0,0.2583956782400883,val,3
S10568,229,8,2026-05-31,47,19,0.0010436713379402,0.0,0.3233243161538493,val,3
S14346,229,8,2026-05-31,25,30,0.0014570558076289,0.0,0.3178078312716996,val,3
S14946,229,8,2026-05-31,35,15,0.0010592492915177,0.0,0.2913389234253336,val,3
S15546,229,8,2026-05-31,38,12,0.0013440099478359,0.003344605393765,0.3735539406608292,val,3
S15547,229,8,2026-05-31,46,16,0.0010219933084839,0.0,0.2733447411630625,val,3
S16761,229,8,2026-05-31,20,21,0.0010520415383916,0.0,0.2721721717917805,val,3
S17766,229,8,2026-05-31,37,17,0.0009826147255319,0.0,0.317245853083255,val,3
S21400,229,8,2026-05-31,31,22,0.0009248661648934,0.0,0.2721431929757532,val,3
S23215,229,8,2026-05-31,58,24,0.0021499332959634,0.0,0.2526010535210292,val,3
S29205,229,8,2026-05-31,51,30,0.0013806880224328,0.0,0.2588219423111756,val,3
S35393,229,8,2026-05-31,23,22,0.0011539789393051,0.0,0.3181512273154036,val,3
S38504,229,8,2026-05-31,25,29,0.0014250372024736,0.0,0.286979077255472,val,3
S39447,229,8,2026-05-31,59,21,0.0014992955683086,0.0,0.3397286701624898,val,3
S00596,229,8,2026-05-31,19,28,0.0018409404126899,0.0,0.341825940462251,val,4
S02777,229,8,2026-05-31,58,14,0.0015432878011372,0.0,0.3786657290330449,val,4
S02905,229,8,2026-05-31,54,21,0.0013995408778679,0.0,0.3089729341152509,val,4
S03309,229,8,2026-05-31,33,30,0.001224320492819,0.0,0.2675308865826823,val,4
S10565,229,8,2026-05-31,53,29,0.0012325633929957,0.0,0.2583956782400883,val,4
S10568,229,8,2026-05-31,49,19,0.0010285168357576,0.0,0.3233243161538493,val,4
S14346,229,8,2026-05-31,27,31,0.0014840262989776,0.0,0.3178078312716996,val,4
S14946,229,8,2026-05-31,37,15,0.0010244669597213,0.0,0.2913389234253336,val,4
S15546,229,8,2026-05-31,36,12,0.0019102959985861,0.003344605393765,0.3735539406608292,val,4
S15547,229,8,2026-05-31,44,16,0.0010611090897549,0.0,0.2733447411630625,val,4
S16761,229,8,2026-05-31,22,21,0.0010303146420391,0.0,0.2721721717917805,val,4
S17766,229,8,2026-05-31,39,17,0.001152680898386,0.0,0.317245853083255,val,4
S21400,229,8,2026-05-31,29,22,0.0008931081710578,0.0,0.2721431929757532,val,4
S23215,229,8,2026-05-31,57,24,0.0015062180898298,0.0,0.2526010535210292,val,4
S29205,229,8,2026-05-31,49,30,0.0012865701383076,0.0,0.2588219423111756,val,4
S35393,229,8,2026-05-31,21,22,0.001032284907679,0.0,0.3181512273154036,val,4
S38504,229,8,2026-05-31,27,29,0.0013019408844634,0.0,0.286979077255472,val,4
S39447,229,8,2026-05-31,61,21,0.0015111195912927,0.0,0.3397286701624898,val,4
S05962,229,9,2026-05-31,41,26,0.0024012620116241,0.0,0.401094466527632,val,1
S10556,229,9,2026-05-31,54,24,0.0025879432156628,0.0,0.3952245252668753,val,1
S12667,229,9,2026-05-31,39,14,0.0024720969285663,0.0,0.446649701934369,val,1
S12672,229,9,2026-05-31,48,23,0.0027145290829532,0.0,0.4531441460160583,val,1
S20394,229,9,2026-05-31,37,29,0.0024224900015721,0.0,0.395250724373305,val,1
S22888,229,9,2026-05-31,41,28,0.002557099695988,0.0078466663509054,0.4073475942838763,val,1
S23656,229,9,2026-05-31,36,12,0.0023463105493161,0.0,0.4475762363145228,val,1
S23662,229,9,2026-05-31,26,28,0.0023440252583319,0.0,0.3640734096434095,val,1
S26944,229,9,2026-05-31,30,17,0.002473308111857,0.0071948694934638,0.444888033320828,val,1
S27434,229,9,2026-05-31,51,15,0.0025000045710058,0.0,0.4062043498176987,val,1
S29171,229,9,2026-05-31,46,30,0.0023083152170352,0.0011318657793932,0.3835033919047896,val,1
S29177,229,9,2026-05-31,31,18,0.0024688314707156,0.0091657676099846,0.4367985584792433,val,1
S32914,229,9,2026-05-31,56,27,0.0024803419759606,0.0,0.3754927361233484,val,1
S36656,229,9,2026-05-31,28,16,0.0024693357898518,0.0,0.3815349728408654,val,1
S37005,229,9,2026-05-31,45,31,0.0024983553333664,0.0,0.3790300652634877,val,1
S41600,229,9,2026-05-31,32,19,0.0026200819102997,0.0,0.4786184590223786,val,1
S42498,229,9,2026-05-31,41,21,0.0026653396119368,0.0050109393746912,0.4320913333246652,val,1
S05962,229,9,2026-05-31,39,26,0.0025496451978974,0.0,0.401094466527632,val,2
S10556,229,9,2026-05-31,52,24,0.0026417630647699,0.0,0.3952245252668753,val,2
S12667,229,9,2026-05-31,37,14,0.0024151027304795,0.0,0.446649701934369,val,2
S12672,229,9,2026-05-31,50,23,0.0025104495563318,0.0,0.4531441460160583,val,2
S20394,229,9,2026-05-31,39,29,0.0024675098370289,0.0,0.395250724373305,val,2
S22888,229,9,2026-05-31,39,28,0.0024301825497429,0.0078466663509054,0.4073475942838763,val,2
S23656,229,9,2026-05-31,35,12,0.0021791725227137,0.0,0.4475762363145228,val,2
S23662,229,9,2026-05-31,24,28,0.0024140239423331,0.0,0.3640734096434095,val,2
S26944,229,9,2026-05-31,31,17,0.002490191765606,0.0071948694934638,0.444888033320828,val,2
S27434,229,9,2026-05-31,53,15,0.0025888031001423,0.0,0.4062043498176987,val,2
S29171,229,9,2026-05-31,44,30,0.0024955243751792,0.0011318657793932,0.3835033919047896,val,2
S29177,229,9,2026-05-31,29,18,0.0024521744591176,0.0091657676099846,0.4367985584792433,val,2
S32914,229,9,2026-05-31,59,27,0.0026761587865078,0.0,0.3754927361233484,val,2
S36656,229,9,2026-05-31,24,16,0.0024634398444371,0.0,0.3815349728408654,val,2
S37005,229,9,2026-05-31,47,31,0.002343564896753,0.0,0.3790300652634877,val,2
S41600,229,9,2026-05-31,34,19,0.0025246302159895,0.0,0.4786184590223786,val,2
S42498,229,9,2026-05-31,44,21,0.002670893816887,0.0050109393746912,0.4320913333246652,val,2
S05962,229,9,2026-05-31,46,26,0.0025022491388057,0.0,0.401094466527632,val,3
S10556,229,9,2026-05-31,60,24,0.0025296956770126,0.0,0.3952245252668753,val,3
S12667,229,9,2026-05-31,43,14,0.0023761099437566,0.0,0.446649701934369,val,3
S12672,229,9,2026-05-31,44,23,0.0026374689636464,0.0,0.4531441460160583,val,3
S20394,229,9,2026-05-31,33,29,0.0022373413250101,0.0,0.395250724373305,val,3
S22888,229,9,2026-05-31,45,28,0.0024438526420858,0.0078466663509054,0.4073475942838763,val,3
S23656,229,9,2026-05-31,38,12,0.0022209171876933,0.0,0.4475762363145228,val,3
S23662,229,9,2026-05-31,30,28,0.0024139249460775,0.0,0.3640734096434095,val,3
S26944,229,9,2026-05-31,28,17,0.0024599510671008,0.0071948694934638,0.444888033320828,val,3
S27434,229,9,2026-05-31,47,15,0.0024036353425508,0.0,0.4062043498176987,val,3
S29171,229,9,2026-05-31,50,30,0.0024821900588922,0.0011318657793932,0.3835033919047896,val,3
S29177,229,9,2026-05-31,35,18,0.0025316328622687,0.0091657676099846,0.4367985584792433,val,3
S32914,229,9,2026-05-31,52,27,0.0024379530431048,0.0,0.3754927361233484,val,3
S36656,229,9,2026-05-31,32,16,0.0024979755720998,0.0,0.3815349728408654,val,3
S37005,229,9,2026-05-31,41,31,0.0024150617334388,0.0,0.3790300652634877,val,3
S41600,229,9,2026-05-31,28,19,0.0024396197849309,0.0,0.4786184590223786,val,3
S42498,229,9,2026-05-31,37,21,0.0026349329426258,0.0050109393746912,0.4320913333246652,val,3
S05962,229,9,2026-05-31,43,26,0.0025268281854096,0.0,0.401094466527632,val,4
S10556,229,9,2026-05-31,56,24,0.0025903997234761,0.0,0.3952245252668753,val,4
S12667,229,9,2026-05-31,41,14,0.0023743099814731,0.0,0.446649701934369,val,4
S12672,229,9,2026-05-31,46,23,0.0026364991017733,0.0,0.4531441460160583,val,4
S20394,229,9,2026-05-31,35,29,0.0023068116053637,0.0,0.395250724373305,val,4
S22888,229,9,2026-05-31,43,28,0.0023690852806022,0.0078466663509054,0.4073475942838763,val,4
S23656,229,9,2026-05-31,37,12,0.002512478262477,0.0,0.4475762363145228,val,4
S23662,229,9,2026-05-31,28,28,0.0023522632276667,0.0,0.3640734096434095,val,4
S26944,229,9,2026-05-31,29,17,0.0025836539148608,0.0071948694934638,0.444888033320828,val,4
S27434,229,9,2026-05-31,49,15,0.0024327496957599,0.0,0.4062043498176987,val,4
S29171,229,9,2026-05-31,48,30,0.0025228246114663,0.0011318657793932,0.3835033919047896,val,4
S29177,229,9,2026-05-31,33,18,0.0024917314640067,0.0091657676099846,0.4367985584792433,val,4
S32914,229,9,2026-05-31,54,27,0.002516892774008,0.0,0.3754927361233484,val,4
S36656,229,9,2026-05-31,30,16,0.0024845707825468,0.0,0.3815349728408654,val,4
S37005,229,9,2026-05-31,43,31,0.00241942774404,0.0,0.3790300652634877,val,4
S41600,229,9,2026-05-31,30,19,0.0025156382742476,0.0,0.4786184590223786,val,4
S42498,229,9,2026-05-31,39,21,0.002702428289088,0.0050109393746912,0.4320913333246652,val,4
S01989,229,10,2026-05-31,35,13,0.0019888911174475,0.0,0.3124860569041152,val,1
S02738,229,10,2026-05-31,60,17,0.0021869578609915,0.0,0.3395615427240575,val,1
S02897,229,10,2026-05-31,25,26,0.002273703481218,0.0,0.3250264851361824,val,1
S02899,229,10,2026-05-31,29,23,0.0028049864251538,0.0,0.3856398442466948,val,1
S04512,229,10,2026-05-31,41,15,0.0021636165718264,0.0,0.2917575466542411,val,1
S08821,229,10,2026-05-31,40,18,0.0024062725692012,0.0,0.3406516329393981,val,1
S09638,229,10,2026-05-31,24,18,0.0023865379745066,0.0,0.3423991028395832,val,1
S12294,229,10,2026-05-31,27,25,0.0027052467441875,0.0,0.3615710176905411,val,1
S21902,229,10,2026-05-31,31,18,0.002524810922908,0.0,0.4125963816118305,val,1
S24638,229,10,2026-05-31,51,18,0.0020649439609953,0.0020746714755631,0.3051523861141337,val,1
S28473,229,10,2026-05-31,38,30,0.0021794163299314,0.0,0.3453496265043891,val,1
S29174,229,10,2026-05-31,26,25,0.0024290786935922,0.0,0.3613135281553579,val,1
S30249,229,10,2026-05-31,63,17,0.0020843476473724,0.0,0.3410494773477444,val,1
S31801,229,10,2026-05-31,39,16,0.0020880939514081,0.0,0.3677643973409413,val,1
S32218,229,10,2026-05-31,44,29,0.0019534495418296,0.0,0.3096801735918853,val,1
S38581,229,10,2026-05-31,50,28,0.0019320792170019,0.0,0.3119462794143658,val,1
S42292,229,10,2026-05-31,40,32,0.0020564120668533,0.0023081388598629,0.3944854795195454,val,1
S01989,229,10,2026-05-31,37,13,0.0020988771346804,0.0,0.3124860569041152,val,2
S02738,229,10,2026-05-31,62,17,0.0023298545149056,0.0,0.3395615427240575,val,2
S02897,229,10,2026-05-31,23,26,0.0020728547398252,0.0,0.3250264851361824,val,2
S02899,229,10,2026-05-31,31,23,0.0027561869937288,0.0,0.3856398442466948,val,2
S04512,229,10,2026-05-31,44,15,0.001942613088805,0.0,0.2917575466542411,val,2
S08821,229,10,2026-05-31,38,18,0.0024756538721059,0.0,0.3406516329393981,val,2
S09638,229,10,2026-05-31,20,18,0.0022374403360983,0.0,0.3423991028395832,val,2
S12294,229,10,2026-05-31,29,25,0.0027239912989966,0.0,0.3615710176905411,val,2
S21902,229,10,2026-05-31,29,18,0.0024562490773825,0.0,0.4125963816118305,val,2
S24638,229,10,2026-05-31,49,18,0.0022981078890209,0.0020746714755631,0.3051523861141337,val,2
S28473,229,10,2026-05-31,36,30,0.00208964766279,0.0,0.3453496265043891,val,2
S29174,229,10,2026-05-31,28,25,0.0025291886751736,0.0,0.3613135281553579,val,2
S30249,229,10,2026-05-31,62,27,0.0020112548825206,0.0,0.3410494773477444,val,2
S31801,229,10,2026-05-31,37,16,0.0022979237113595,0.0,0.3677643973409413,val,2
S32218,229,10,2026-05-31,46,29,0.0019906495520268,0.0,0.3096801735918853,val,2
S38581,229,10,2026-05-31,46,28,0.001942886012651,0.0,0.3119462794143658,val,2
S42292,229,10,2026-05-31,38,32,0.0020630528494579,0.0023081388598629,0.3944854795195454,val,2
S01989,229,10,2026-05-31,31,13,0.0019539584028393,0.0,0.3124860569041152,val,3
S02738,229,10,2026-05-31,56,17,0.0021841952457866,0.0,0.3395615427240575,val,3
S02897,229,10,2026-05-31,27,26,0.0024156154460648,0.0,0.3250264851361824,val,3
S02899,229,10,2026-05-31,25,23,0.0025559890840792,0.0,0.3856398442466948,val,3
S04512,229,10,2026-05-31,37,15,0.002151537282649,0.0,0.2917575466542411,val,3
S08821,229,10,2026-05-31,47,18,0.0023295369533473,0.0,0.3406516329393981,val,3
S09638,229,10,2026-05-31,28,18,0.0024107542230602,0.0,0.3423991028395832,val,3
S12294,229,10,2026-05-31,23,25,0.0022907199357682,0.0,0.3615710176905411,val,3
S21902,229,10,2026-05-31,35,18,0.0024835538824548,0.0,0.4125963816118305,val,3
S24638,229,10,2026-05-31,55,18,0.0021368712021604,0.0020746714755631,0.3051523861141337,val,3
S28473,229,10,2026-05-31,42,30,0.0019345760442276,0.0,0.3453496265043891,val,3
S29174,229,10,2026-05-31,22,25,0.002422006181039,0.0,0.3613135281553579,val,3
S30249,229,10,2026-05-31,60,15,0.0018738195999588,0.0,0.3410494773477444,val,3
S31801,229,10,2026-05-31,43,16,0.00210691756115,0.0,0.3677643973409413,val,3
S32218,229,10,2026-05-31,40,29,0.0022299271980865,0.0,0.3096801735918853,val,3
S38581,229,10,2026-05-31,54,28,0.0018889176898738,0.0,0.3119462794143658,val,3
S42292,229,10,2026-05-31,51,31,0.0019977989116968,0.0023081388598629,0.3944854795195454,val,3
S01989,229,10,2026-05-31,33,13,0.0020564396240296,0.0,0.3124860569041152,val,4
S02738,229,10,2026-05-31,58,17,0.0020413618226257,0.0,0.3395615427240575,val,4
S02897,229,10,2026-05-31,26,26,0.0024095495964971,0.0,0.3250264851361824,val,4
S02899,229,10,2026-05-31,27,23,0.0028181523575557,0.0,0.3856398442466948,val,4
S04512,229,10,2026-05-31,39,15,0.0020967098019875,0.0,0.2917575466542411,val,4
S08821,229,10,2026-05-31,45,18,0.0023468177252974,0.0,0.3406516329393981,val,4
S09638,229,10,2026-05-31,26,18,0.0022230901865321,0.0,0.3423991028395832,val,4
S12294,229,10,2026-05-31,25,25,0.0025213779125138,0.0,0.3615710176905411,val,4
S21902,229,10,2026-05-31,33,18,0.0025461645072946,0.0,0.4125963816118305,val,4
S24638,229,10,2026-05-31,53,18,0.0022750422852919,0.0020746714755631,0.3051523861141337,val,4
S28473,229,10,2026-05-31,40,30,0.0018127326269868,0.0,0.3453496265043891,val,4
S29174,229,10,2026-05-31,24,25,0.0024079826971947,0.0,0.3613135281553579,val,4
S30249,229,10,2026-05-31,62,16,0.0018888877494888,0.0,0.3410494773477444,val,4
S31801,229,10,2026-05-31,41,16,0.0023948736634996,0.0,0.3677643973409413,val,4
S32218,229,10,2026-05-31,42,29,0.001907356853535,0.0,0.3096801735918853,val,4
S38581,229,10,2026-05-31,52,28,0.0019061083990724,0.0,0.3119462794143658,val,4
S42292,229,10,2026-05-31,42,32,0.0018592114661722,0.0023081388598629,0.3944854795195454,val,4
S05962,229,11,2026-05-31,41,26,0.0024012620116241,0.0,0.401094466527632,val,1
S10556,229,11,2026-05-31,54,24,0.0025879432156628,0.0,0.3952245252668753,val,1
S12667,229,11,2026-05-31,39,14,0.0024720969285663,0.0,0.446649701934369,val,1
S12672,229,11,2026-05-31,48,23,0.0027145290829532,0.0,0.4531441460160583,val,1
S20394,229,11,2026-05-31,37,29,0.0024224900015721,0.0,0.395250724373305,val,1
S22888,229,11,2026-05-31,41,28,0.002557099695988,0.0078466663509054,0.4073475942838763,val,1
S23656,229,11,2026-05-31,36,12,0.0023463105493161,0.0,0.4475762363145228,val,1
S23662,229,11,2026-05-31,26,28,0.0023440252583319,0.0,0.3640734096434095,val,1
S26944,229,11,2026-05-31,30,17,0.002473308111857,0.0071948694934638,0.444888033320828,val,1
S27434,229,11,2026-05-31,51,15,0.0025000045710058,0.0,0.4062043498176987,val,1
S29171,229,11,2026-05-31,46,30,0.0023083152170352,0.0011318657793932,0.3835033919047896,val,1
S29177,229,11,2026-05-31,31,18,0.0024688314707156,0.0091657676099846,0.4367985584792433,val,1
S32914,229,11,2026-05-31,56,27,0.0024803419759606,0.0,0.3754927361233484,val,1
S36656,229,11,2026-05-31,28,16,0.0024693357898518,0.0,0.3815349728408654,val,1
S37005,229,11,2026-05-31,45,31,0.0024983553333664,0.0,0.3790300652634877,val,1
S41600,229,11,2026-05-31,32,19,0.0026200819102997,0.0,0.4786184590223786,val,1
S42498,229,11,2026-05-31,41,21,0.0026653396119368,0.0050109393746912,0.4320913333246652,val,1
S05962,229,11,2026-05-31,39,26,0.0025496451978974,0.0,0.401094466527632,val,2
S10556,229,11,2026-05-31,52,24,0.0026417630647699,0.0,0.3952245252668753,val,2
S12667,229,11,2026-05-31,37,14,0.0024151027304795,0.0,0.446649701934369,val,2
S12672,229,11,2026-05-31,50,23,0.0025104495563318,0.0,0.4531441460160583,val,2
S20394,229,11,2026-05-31,39,29,0.0024675098370289,0.0,0.395250724373305,val,2
S22888,229,11,2026-05-31,39,28,0.0024301825497429,0.0078466663509054,0.4073475942838763,val,2
S23656,229,11,2026-05-31,35,12,0.0021791725227137,0.0,0.4475762363145228,val,2
S23662,229,11,2026-05-31,24,28,0.0024140239423331,0.0,0.3640734096434095,val,2
S26944,229,11,2026-05-31,31,17,0.002490191765606,0.0071948694934638,0.444888033320828,val,2
S27434,229,11,2026-05-31,53,15,0.0025888031001423,0.0,0.4062043498176987,val,2
S29171,229,11,2026-05-31,44,30,0.0024955243751792,0.0011318657793932,0.3835033919047896,val,2
S29177,229,11,2026-05-31,29,18,0.0024521744591176,0.0091657676099846,0.4367985584792433,val,2
S32914,229,11,2026-05-31,59,27,0.0026761587865078,0.0,0.3754927361233484,val,2
S36656,229,11,2026-05-31,24,16,0.0024634398444371,0.0,0.3815349728408654,val,2
S37005,229,11,2026-05-31,47,31,0.002343564896753,0.0,0.3790300652634877,val,2
S41600,229,11,2026-05-31,34,19,0.0025246302159895,0.0,0.4786184590223786,val,2
S42498,229,11,2026-05-31,44,21,0.002670893816887,0.0050109393746912,0.4320913333246652,val,2
S05962,229,11,2026-05-31,46,26,0.0025022491388057,0.0,0.401094466527632,val,3
S10556,229,11,2026-05-31,60,24,0.0025296956770126,0.0,0.3952245252668753,val,3
S12667,229,11,2026-05-31,43,14,0.0023761099437566,0.0,0.446649701934369,val,3
S12672,229,11,2026-05-31,44,23,0.0026374689636464,0.0,0.4531441460160583,val,3
S20394,229,11,2026-05-31,33,29,0.0022373413250101,0.0,0.395250724373305,val,3
S22888,229,11,2026-05-31,45,28,0.0024438526420858,0.0078466663509054,0.4073475942838763,val,3
S23656,229,11,2026-05-31,38,12,0.0022209171876933,0.0,0.4475762363145228,val,3
S23662,229,11,2026-05-31,30,28,0.0024139249460775,0.0,0.3640734096434095,val,3
S26944,229,11,2026-05-31,28,17,0.0024599510671008,0.0071948694934638,0.444888033320828,val,3
S27434,229,11,2026-05-31,47,15,0.0024036353425508,0.0,0.4062043498176987,val,3
S29171,229,11,2026-05-31,50,30,0.0024821900588922,0.0011318657793932,0.3835033919047896,val,3
S29177,229,11,2026-05-31,35,18,0.0025316328622687,0.0091657676099846,0.4367985584792433,val,3
S32914,229,11,2026-05-31,52,27,0.0024379530431048,0.0,0.3754927361233484,val,3
S36656,229,11,2026-05-31,32,16,0.0024979755720998,0.0,0.3815349728408654,val,3
S37005,229,11,2026-05-31,41,31,0.0024150617334388,0.0,0.3790300652634877,val,3
S41600,229,11,2026-05-31,28,19,0.0024396197849309,0.0,0.4786184590223786,val,3
S42498,229,11,2026-05-31,37,21,0.0026349329426258,0.0050109393746912,0.4320913333246652,val,3
S05962,229,11,2026-05-31,43,26,0.0025268281854096,0.0,0.401094466527632,val,4
S10556,229,11,2026-05-31,56,24,0.0025903997234761,0.0,0.3952245252668753,val,4
S12667,229,11,2026-05-31,41,14,0.0023743099814731,0.0,0.446649701934369,val,4
S12672,229,11,2026-05-31,46,23,0.0026364991017733,0.0,0.4531441460160583,val,4
S20394,229,11,2026-05-31,35,29,0.0023068116053637,0.0,0.395250724373305,val,4
S22888,229,11,2026-05-31,43,28,0.0023690852806022,0.0078466663509054,0.4073475942838763,val,4
S23656,229,11,2026-05-31,37,12,0.002512478262477,0.0,0.4475762363145228,val,4
S23662,229,11,2026-05-31,28,28,0.0023522632276667,0.0,0.3640734096434095,val,4
S26944,229,11,2026-05-31,29,17,0.0025836539148608,0.0071948694934638,0.444888033320828,val,4
S27434,229,11,2026-05-31,49,15,0.0024327496957599,0.0,0.4062043498176987,val,4
S29171,229,11,2026-05-31,48,30,0.0025228246114663,0.0011318657793932,0.3835033919047896,val,4
S29177,229,11,2026-05-31,33,18,0.0024917314640067,0.0091657676099846,0.4367985584792433,val,4
S32914,229,11,2026-05-31,54,27,0.002516892774008,0.0,0.3754927361233484,val,4
S36656,229,11,2026-05-31,30,16,0.0024845707825468,0.0,0.3815349728408654,val,4
S37005,229,11,2026-05-31,43,31,0.00241942774404,0.0,0.3790300652634877,val,4
S41600,229,11,2026-05-31,30,19,0.0025156382742476,0.0,0.4786184590223786,val,4
S42498,229,11,2026-05-31,39,21,0.002702428289088,0.0050109393746912,0.4320913333246652,val,4
S00468,229,12,2026-05-31,43,12,0.0017548398231502,0.002437457393539,0.2661938068213984,val,1
S00878,229,12,2026-05-31,32,25,0.0020596285532948,0.0,0.3253539051653047,val,1
S02900,229,12,2026-05-31,53,26,0.0019911122074997,0.0,0.3630153044832063,val,1
S02912,229,12,2026-05-31,20,17,0.001492564434701,0.0,0.3278130963725564,val,1
S03290,229,12,2026-05-31,23,25,0.0019844893811191,0.0,0.2995372758996208,val,1
S09643,229,12,2026-05-31,53,23,0.0020130712184568,0.0,0.2908919519386067,val,1
S09894,229,12,2026-05-31,36,31,0.0015309861515747,0.0,0.307866595014765,val,1
S10740,229,12,2026-05-31,36,18,0.0017542412065952,0.0,0.2702951020406302,val,1
S11672,229,12,2026-05-31,48,19,0.0020582709782307,0.0,0.291113523539536,val,1
S19577,229,12,2026-05-31,61,17,0.0016657208129028,0.0,0.3401645271639593,val,1
S22891,229,12,2026-05-31,30,19,0.0018213946662006,0.0015741198231411,0.4119269824367577,val,1
S23858,229,12,2026-05-31,45,28,0.0021160533513825,0.0,0.3024905491917173,val,1
S24070,229,12,2026-05-31,48,16,0.0019166168702576,0.0,0.2831894508279964,val,1
S27269,229,12,2026-05-31,27,23,0.0019712190466585,0.0,0.2640179960393148,val,1
S30036,229,12,2026-05-31,32,20,0.0015620719998622,0.0,0.3148849823684096,val,1
S31092,229,12,2026-05-31,37,24,0.0020785299376209,0.0,0.3028341156592796,val,1
S35379,229,12,2026-05-31,33,28,0.0019826124516386,0.0,0.3190286637250083,val,1
S38586,229,12,2026-05-31,46,13,0.0017040022956157,0.0,0.2832091691953318,val,1
S39920,229,12,2026-05-31,25,13,0.0009199627760651,0.0,0.2643844636184277,val,1
S40090,229,12,2026-05-31,45,30,0.0016605311784468,0.0,0.2545313857225217,val,1
S42495,229,12,2026-05-31,31,22,0.001964634153547,0.0,0.3600159704041775,val,1
S43038,229,12,2026-05-31,32,15,0.0017611605543306,0.0,0.263257191448758,val,1
S00468,229,12,2026-05-31,42,12,0.0015410544200664,0.002437457393539,0.2661938068213984,val,2
S00878,229,12,2026-05-31,34,25,0.0023660303143225,0.0,0.3253539051653047,val,2
S02900,229,12,2026-05-31,51,26,0.0021576839123244,0.0,0.3630153044832063,val,2
S02912,229,12,2026-05-31,25,17,0.0014481877178068,0.0,0.3278130963725564,val,2
S03290,229,12,2026-05-31,25,25,0.0021173299631006,0.0,0.2995372758996208,val,2
S09643,229,12,2026-05-31,55,23,0.0022347096657502,0.0,0.2908919519386067,val,2
S09894,229,12,2026-05-31,37,31,0.0015116822796062,0.0,0.307866595014765,val,2
S10740,229,12,2026-05-31,35,18,0.0017552329395765,0.0,0.2702951020406302,val,2
S11672,229,12,2026-05-31,50,19,0.001908493388293,0.0,0.291113523539536,val,2
S19577,229,12,2026-05-31,62,17,0.0015728408670591,0.0,0.3401645271639593,val,2
S22891,229,12,2026-05-31,31,19,0.0016107367124139,0.0015741198231411,0.4119269824367577,val,2
S23858,229,12,2026-05-31,44,28,0.0021204827497977,0.0,0.3024905491917173,val,2
S24070,229,12,2026-05-31,46,16,0.0017867863578007,0.0,0.2831894508279964,val,2
S27269,229,12,2026-05-31,29,23,0.0021198485745493,0.0,0.2640179960393148,val,2
S30036,229,12,2026-05-31,29,20,0.001667879306033,0.0,0.3148849823684096,val,2
S31092,229,12,2026-05-31,35,24,0.0020613773923076,0.0,0.3028341156592796,val,2
S35379,229,12,2026-05-31,32,28,0.0020507976079254,0.0,0.3190286637250083,val,2
S38586,229,12,2026-05-31,48,13,0.0016232814000693,0.0,0.2832091691953318,val,2
S39920,229,12,2026-05-31,23,13,0.0010307220343427,0.0,0.2643844636184277,val,2
S40090,229,12,2026-05-31,44,30,0.0016501540544834,0.0,0.2545313857225217,val,2
S42495,229,12,2026-05-31,29,22,0.0018265448978109,0.0,0.3600159704041775,val,2
S43038,229,12,2026-05-31,34,15,0.0016430359353246,0.0,0.263257191448758,val,2
S00468,229,12,2026-05-31,46,12,0.0013820795897402,0.002437457393539,0.2661938068213984,val,3
S00878,229,12,2026-05-31,28,25,0.0019814693078732,0.0,0.3253539051653047,val,3
S02900,229,12,2026-05-31,57,26,0.0016960521023828,0.0,0.3630153044832063,val,3
S02912,229,12,2026-05-31,18,17,0.0014950759299373,0.0,0.3278130963725564,val,3
S03290,229,12,2026-05-31,19,25,0.0017878970990097,0.0,0.2995372758996208,val,3
S09643,229,12,2026-05-31,49,23,0.002305616353689,0.0,0.2908919519386067,val,3
S09894,229,12,2026-05-31,33,31,0.0014740580325685,0.0,0.307866595014765,val,3
S10740,229,12,2026-05-31,38,18,0.0018897204039251,0.0,0.2702951020406302,val,3
S11672,229,12,2026-05-31,44,19,0.0018741000228493,0.0,0.291113523539536,val,3
S19577,229,12,2026-05-31,59,17,0.0017459232008371,0.0,0.3401645271639593,val,3
S22891,229,12,2026-05-31,28,19,0.0014950333573385,0.0015741198231411,0.4119269824367577,val,3
S23858,229,12,2026-05-31,47,28,0.0018972225302008,0.0,0.3024905491917173,val,3
S24070,229,12,2026-05-31,52,16,0.0018396149882009,0.0,0.2831894508279964,val,3
S27269,229,12,2026-05-31,23,23,0.0020047118394033,0.0,0.2640179960393148,val,3
S30036,229,12,2026-05-31,36,20,0.0017031084890316,0.0,0.3148849823684096,val,3
S31092,229,12,2026-05-31,41,24,0.0021692171846819,0.0,0.3028341156592796,val,3
S35379,229,12,2026-05-31,35,28,0.0022395133660804,0.0,0.3190286637250083,val,3
S38586,229,12,2026-05-31,41,13,0.0018221492729329,0.0,0.2832091691953318,val,3
S39920,229,12,2026-05-31,29,12,0.0008884232653443,0.0,0.2643844636184277,val,3
S40090,229,12,2026-05-31,47,30,0.0015236426256188,0.0,0.2545313857225217,val,3
S42495,229,12,2026-05-31,35,22,0.0018203605888292,0.0,0.3600159704041775,val,3
S43038,229,12,2026-05-31,28,15,0.0015905965894928,0.0,0.263257191448758,val,3
S00468,229,12,2026-05-31,44,12,0.0013989351346208,0.002437457393539,0.2661938068213984,val,4
S00878,229,12,2026-05-31,30,25,0.001947872327181,0.0,0.3253539051653047,val,4
S02900,229,12,2026-05-31,55,26,0.0019268670766418,0.0,0.3630153044832063,val,4
S02912,229,12,2026-05-31,19,17,0.0014701652453401,0.0,0.3278130963725564,val,4
S03290,229,12,2026-05-31,21,25,0.0019291319200357,0.0,0.2995372758996208,val,4
S09643,229,12,2026-05-31,51,23,0.0019454111082732,0.0,0.2908919519386067,val,4
S09894,229,12,2026-05-31,35,31,0.0015369138259881,0.0,0.307866595014765,val,4
S10740,229,12,2026-05-31,37,18,0.0019271649036244,0.0,0.2702951020406302,val,4
S11672,229,12,2026-05-31,46,19,0.0018136979538153,0.0,0.291113523539536,val,4
S19577,229,12,2026-05-31,60,17,0.0015993278343312,0.0,0.3401645271639593,val,4
S22891,229,12,2026-05-31,29,19,0.0015929853077351,0.0015741198231411,0.4119269824367577,val,4
S23858,229,12,2026-05-31,46,28,0.0020331851200848,0.0,0.3024905491917173,val,4
S24070,229,12,2026-05-31,50,16,0.0019814855125294,0.0,0.2831894508279964,val,4
S27269,229,12,2026-05-31,25,23,0.0017908650574008,0.0,0.2640179960393148,val,4
S30036,229,12,2026-05-31,34,20,0.0016735800393133,0.0,0.3148849823684096,val,4
S31092,229,12,2026-05-31,39,24,0.0021071439326773,0.0,0.3028341156592796,val,4
S35379,229,12,2026-05-31,34,28,0.0019020780230294,0.0,0.3190286637250083,val,4
S38586,229,12,2026-05-31,44,13,0.0016090257830731,0.0,0.2832091691953318,val,4
S39920,229,12,2026-05-31,27,12,0.0008348122899336,0.0,0.2643844636184277,val,4
S40090,229,12,2026-05-31,46,30,0.0017003447727474,0.0,0.2545313857225217,val,4
S42495,229,12,2026-05-31,33,22,0.0017687602226929,0.0,0.3600159704041775,val,4
S43038,229,12,2026-05-31,30,15,0.0017141162289939,0.0,0.263257191448758,val,4
S00490,229,13,2026-05-31,33,16,0.001160742787652,0.0,0.2454671094188632,val,1
S00756,229,13,2026-05-31,29,26,0.0013781585659992,0.0055525763060285,0.243832925967361,val,1
S07164,229,13,2026-05-31,42,24,0.0015046009989116,0.0,0.2603428508392748,val,1
S17776,229,13,2026-05-31,42,22,0.0015054143399485,0.0,0.2255144407130302,val,1
S18395,229,13,2026-05-31,30,25,0.0013033812657703,0.0,0.2248858067761985,val,1
S29182,229,13,2026-05-31,42,26,0.0014574729185569,0.0095234673469143,0.2660278518689921,val,1
S29320,229,13,2026-05-31,46,29,0.0012444790883908,0.0,0.1982781859579242,val,1
S30290,229,13,2026-05-31,49,24,0.0017234793874171,0.0215296910467675,0.297040739127371,val,1
S32222,229,13,2026-05-31,45,26,0.0013711099423608,0.0,0.2627422091217125,val,1
S37012,229,13,2026-05-31,24,21,0.0014285702213039,0.0,0.2322075157759583,val,1
S00490,229,13,2026-05-31,31,16,0.001381235970305,0.0,0.2454671094188632,val,2
S00756,229,13,2026-05-31,28,26,0.0014319339474686,0.0055525763060285,0.243832925967361,val,2
S07164,229,13,2026-05-31,40,24,0.0016174835934495,0.0,0.2603428508392748,val,2
S17776,229,13,2026-05-31,40,22,0.0019088883077119,0.0,0.2255144407130302,val,2
S18395,229,13,2026-05-31,36,25,0.0014428896531523,0.0,0.2248858067761985,val,2
S29182,229,13,2026-05-31,40,26,0.0015121706769859,0.0095234673469143,0.2660278518689921,val,2
S29320,229,13,2026-05-31,48,29,0.0014627545441307,0.0,0.1982781859579242,val,2
S30290,229,13,2026-05-31,47,24,0.0015554396349771,0.0215296910467675,0.297040739127371,val,2
S32222,229,13,2026-05-31,43,26,0.0013498077572338,0.0,0.2627422091217125,val,2
S37012,229,13,2026-05-31,26,21,0.0012368230596975,0.0,0.2322075157759583,val,2
S00490,229,13,2026-05-31,38,16,0.0012034524341235,0.0,0.2454671094188632,val,3
S00756,229,13,2026-05-31,33,26,0.0013302744862824,0.0055525763060285,0.243832925967361,val,3
S07164,229,13,2026-05-31,46,24,0.0014632032529021,0.0,0.2603428508392748,val,3
S17776,229,13,2026-05-31,46,22,0.0014805742363064,0.0,0.2255144407130302,val,3
S18395,229,13,2026-05-31,26,25,0.0015474608973487,0.0,0.2248858067761985,val,3
S29182,229,13,2026-05-31,46,26,0.0012944543895217,0.0095234673469143,0.2660278518689921,val,3
S29320,229,13,2026-05-31,42,29,0.0012653551922792,0.0,0.1982781859579242,val,3
S30290,229,13,2026-05-31,53,24,0.001420786314954,0.0215296910467675,0.297040739127371,val,3
S32222,229,13,2026-05-31,49,26,0.0014068107875343,0.0,0.2627422091217125,val,3
S37012,229,13,2026-05-31,20,21,0.0015767537582833,0.0,0.2322075157759583,val,3
S00490,229,13,2026-05-31,36,16,0.0010958892757863,0.0,0.2454671094188632,val,4
S00756,229,13,2026-05-31,30,26,0.0016159175590001,0.0055525763060285,0.243832925967361,val,4
S07164,229,13,2026-05-31,44,24,0.0012134588415879,0.0,0.2603428508392748,val,4
S17776,229,13,2026-05-31,44,22,0.0016532713500654,0.0,0.2255144407130302,val,4
S18395,229,13,2026-05-31,28,25,0.0016774883282039,0.0,0.2248858067761985,val,4
S29182,229,13,2026-05-31,44,26,0.0014472793867102,0.0095234673469143,0.2660278518689921,val,4
S29320,229,13,2026-05-31,44,29,0.0012227720163744,0.0,0.1982781859579242,val,4
S30290,229,13,2026-05-31,51,24,0.0012047222318628,0.0215296910467675,0.297040739127371,val,4
S32222,229,13,2026-05-31,47,26,0.001621824532075,0.0,0.2627422091217125,val,4
S37012,229,13,2026-05-31,22,21,0.0014312782088339,0.0,0.2322075157759583,val,4
S00490,229,14,2026-05-31,33,16,0.001160742787652,0.0,0.2454671094188632,val,1
S00756,229,14,2026-05-31,29,26,0.0013781585659992,0.0055525763060285,0.243832925967361,val,1
S07164,229,14,2026-05-31,42,24,0.0015046009989116,0.0,0.2603428508392748,val,1
S17776,229,14,2026-05-31,42,22,0.0015054143399485,0.0,0.2255144407130302,val,1
S18395,229,14,2026-05-31,30,25,0.0013033812657703,0.0,0.2248858067761985,val,1
S29182,229,14,2026-05-31,42,26,0.0014574729185569,0.0095234673469143,0.2660278518689921,val,1
S29320,229,14,2026-05-31,46,29,0.0012444790883908,0.0,0.1982781859579242,val,1
S30290,229,14,2026-05-31,49,24,0.0017234793874171,0.0215296910467675,0.297040739127371,val,1
S32222,229,14,2026-05-31,45,26,0.0013711099423608,0.0,0.2627422091217125,val,1
S37012,229,14,2026-05-31,24,21,0.0014285702213039,0.0,0.2322075157759583,val,1
S00490,229,14,2026-05-31,31,16,0.001381235970305,0.0,0.2454671094188632,val,2
S00756,229,14,2026-05-31,28,26,0.0014319339474686,0.0055525763060285,0.243832925967361,val,2
S07164,229,14,2026-05-31,40,24,0.0016174835934495,0.0,0.2603428508392748,val,2
S17776,229,14,2026-05-31,40,22,0.0019088883077119,0.0,0.2255144407130302,val,2
S18395,229,14,2026-05-31,36,25,0.0014428896531523,0.0,0.2248858067761985,val,2
S29182,229,14,2026-05-31,40,26,0.0015121706769859,0.0095234673469143,0.2660278518689921,val,2
S29320,229,14,2026-05-31,48,29,0.0014627545441307,0.0,0.1982781859579242,val,2
S30290,229,14,2026-05-31,47,24,0.0015554396349771,0.0215296910467675,0.297040739127371,val,2
S32222,229,14,2026-05-31,43,26,0.0013498077572338,0.0,0.2627422091217125,val,2
S37012,229,14,2026-05-31,26,21,0.0012368230596975,0.0,0.2322075157759583,val,2
S00490,229,14,2026-05-31,38,16,0.0012034524341235,0.0,0.2454671094188632,val,3
S00756,229,14,2026-05-31,33,26,0.0013302744862824,0.0055525763060285,0.243832925967361,val,3
S07164,229,14,2026-05-31,46,24,0.0014632032529021,0.0,0.2603428508392748,val,3
S17776,229,14,2026-05-31,46,22,0.0014805742363064,0.0,0.2255144407130302,val,3
S18395,229,14,2026-05-31,26,25,0.0015474608973487,0.0,0.2248858067761985,val,3
S29182,229,14,2026-05-31,46,26,0.0012944543895217,0.0095234673469143,0.2660278518689921,val,3
S29320,229,14,2026-05-31,42,29,0.0012653551922792,0.0,0.1982781859579242,val,3
S30290,229,14,2026-05-31,53,24,0.001420786314954,0.0215296910467675,0.297040739127371,val,3
S32222,229,14,2026-05-31,49,26,0.0014068107875343,0.0,0.2627422091217125,val,3
S37012,229,14,2026-05-31,20,21,0.0015767537582833,0.0,0.2322075157759583,val,3
S00490,229,14,2026-05-31,36,16,0.0010958892757863,0.0,0.2454671094188632,val,4
S00756,229,14,2026-05-31,30,26,0.0016159175590001,0.0055525763060285,0.243832925967361,val,4
S07164,229,14,2026-05-31,44,24,0.0012134588415879,0.0,0.2603428508392748,val,4
S17776,229,14,2026-05-31,44,22,0.0016532713500654,0.0,0.2255144407130302,val,4
S18395,229,14,2026-05-31,28,25,0.0016774883282039,0.0,0.2248858067761985,val,4
S29182,229,14,2026-05-31,44,26,0.0014472793867102,0.0095234673469143,0.2660278518689921,val,4
S29320,229,14,2026-05-31,44,29,0.0012227720163744,0.0,0.1982781859579242,val,4
S30290,229,14,2026-05-31,51,24,0.0012047222318628,0.0215296910467675,0.297040739127371,val,4
S32222,229,14,2026-05-31,47,26,0.001621824532075,0.0,0.2627422091217125,val,4
S37012,229,14,2026-05-31,22,21,0.0014312782088339,0.0,0.2322075157759583,val,4
S00672,229,15,2026-05-31,26,15,0.0020594908279243,0.0,0.2528132749538865,val,1
S01995,229,15,2026-05-31,46,25,0.0016568273997747,0.0,0.2614821706893884,val,1
S05965,229,15,2026-05-31,37,24,0.0014740748143826,0.0,0.2530816817794499,val,1
S11721,229,15,2026-05-31,46,28,0.0015423377596369,0.0,0.3000001357662221,val,1
S12298,229,15,2026-05-31,29,13,0.0022507648331275,0.0,0.3453946400462128,val,1
S13143,229,15,2026-05-31,53,17,0.0016225095389136,0.0,0.2783128599010308,val,1
S13147,229,15,2026-05-31,18,18,0.0021967976013962,0.0,0.3012049388095068,val,1
S16346,229,15,2026-05-31,26,18,0.0012531854307026,0.0,0.2988686377531735,val,1
S20687,229,15,2026-05-31,53,28,0.0019925620094973,0.0,0.3126270626395041,val,1
S21112,229,15,2026-05-31,53,20,0.0013325710802533,0.0,0.2824933605941711,val,1
S21387,229,15,2026-05-31,50,14,0.0016318097271345,0.0,0.3252402523872761,val,1
S21407,229,15,2026-05-31,46,23,0.0012454196802869,0.0,0.2133902571961304,val,1
S22913,229,15,2026-05-31,34,26,0.0013780574282806,0.0016171752471317,0.2048177031075451,val,1
S23672,229,15,2026-05-31,18,19,0.0016773836617765,0.0,0.2708508841629968,val,1
S24659,229,15,2026-05-31,43,31,0.0014590402627187,0.0,0.275698843829791,val,1
S26451,229,15,2026-05-31,51,30,0.0019178827781491,0.0,0.3062763830749211,val,1
S29207,229,15,2026-05-31,50,22,0.0016473584972269,0.0,0.2731196229507466,val,1
S30061,229,15,2026-05-31,43,20,0.0011322161190874,0.0,0.2325817679991918,val,1
S31110,229,15,2026-05-31,29,28,0.0014000425415886,0.0,0.2219691422467345,val,1
S31608,229,15,2026-05-31,26,13,0.0012091354535811,0.0015778829699757,0.3727642791677725,val,1
S34855,229,15,2026-05-31,36,17,0.0011012263730021,0.0,0.2624485459873982,val,1
S37018,229,15,2026-05-31,49,29,0.0022965240353239,0.0,0.3046089548766044,val,1
S41613,229,15,2026-05-31,35,17,0.0014695596980992,0.0018313803522735,0.3096203590711303,val,1
S42951,229,15,2026-05-31,34,21,0.0009996493768904,0.0,0.2090597840705853,val,1
S00672,229,15,2026-05-31,28,15,0.0019528526986186,0.0,0.2528132749538865,val,2
S01995,229,15,2026-05-31,47,25,0.0017609371197131,0.0,0.2614821706893884,val,2
S05965,229,15,2026-05-31,35,24,0.0014703933665938,0.0,0.2530816817794499,val,2
S11721,229,15,2026-05-31,44,28,0.0020072547955978,0.0,0.3000001357662221,val,2
S12298,229,15,2026-05-31,31,13,0.0023847304033824,0.0,0.3453946400462128,val,2
S13143,229,15,2026-05-31,55,17,0.0017418645242526,0.0,0.2783128599010308,val,2
S13147,229,15,2026-05-31,16,18,0.0021918693273253,0.0,0.3012049388095068,val,2
S16346,229,15,2026-05-31,24,18,0.0015986497851904,0.0,0.2988686377531735,val,2
S20687,229,15,2026-05-31,52,28,0.0019540324017693,0.0,0.3126270626395041,val,2
S21112,229,15,2026-05-31,50,20,0.0019205137303452,0.0,0.2824933605941711,val,2
S21387,229,15,2026-05-31,48,14,0.0017281466250605,0.0,0.3252402523872761,val,2
S21407,229,15,2026-05-31,48,23,0.0015208773465933,0.0,0.2133902571961304,val,2
S22913,229,15,2026-05-31,31,26,0.0016023678725407,0.0016171752471317,0.2048177031075451,val,2
S23672,229,15,2026-05-31,20,19,0.0016137215888736,0.0,0.2708508841629968,val,2
S24659,229,15,2026-05-31,47,31,0.002074788239986,0.0,0.275698843829791,val,2
S26451,229,15,2026-05-31,49,30,0.002049048985905,0.0,0.3062763830749211,val,2
S29207,229,15,2026-05-31,48,22,0.00195689122386,0.0,0.2731196229507466,val,2
S30061,229,15,2026-05-31,41,20,0.0019304008622754,0.0,0.2325817679991918,val,2
S31110,229,15,2026-05-31,27,28,0.0013176577329598,0.0,0.2219691422467345,val,2
S31608,229,15,2026-05-31,24,13,0.0012388401211399,0.0015778829699757,0.3727642791677725,val,2
S34855,229,15,2026-05-31,38,17,0.0010403407778971,0.0,0.2624485459873982,val,2
S37018,229,15,2026-05-31,51,29,0.0020227435781775,0.0,0.3046089548766044,val,2
S41613,229,15,2026-05-31,37,17,0.0010333529808918,0.0018313803522735,0.3096203590711303,val,2
S42951,229,15,2026-05-31,37,21,0.0011101309670229,0.0,0.2090597840705853,val,2
S00672,229,15,2026-05-31,21,15,0.0021176229260482,0.0,0.2528132749538865,val,3
S01995,229,15,2026-05-31,44,25,0.0018880818972638,0.0,0.2614821706893884,val,3
S05965,229,15,2026-05-31,41,24,0.0021289108657033,0.0,0.2530816817794499,val,3
S11721,229,15,2026-05-31,50,28,0.0022560943597535,0.0,0.3000001357662221,val,3
S12298,229,15,2026-05-31,33,12,0.002124280213986,0.0,0.3453946400462128,val,3
S13143,229,15,2026-05-31,49,17,0.0012037384029355,0.0,0.2783128599010308,val,3
S13147,229,15,2026-05-31,22,18,0.0019257200607191,0.0,0.3012049388095068,val,3
S16346,229,15,2026-05-31,30,18,0.0010959137141203,0.0,0.2988686377531735,val,3
S20687,229,15,2026-05-31,55,28,0.0019495500648869,0.0,0.3126270626395041,val,3
S21112,229,15,2026-05-31,57,20,0.0020520622099307,0.0,0.2824933605941711,val,3
S21387,229,15,2026-05-31,54,14,0.0023331011365505,0.0,0.3252402523872761,val,3
S21407,229,15,2026-05-31,42,23,0.0013020714381906,0.0,0.2133902571961304,val,3
S22913,229,15,2026-05-31,38,26,0.0012142355414589,0.0016171752471317,0.2048177031075451,val,3
S23672,229,15,2026-05-31,14,19,0.0016722735612752,0.0,0.2708508841629968,val,3
S24659,229,15,2026-05-31,37,31,0.002128468930319,0.0,0.275698843829791,val,3
S26451,229,15,2026-05-31,54,29,0.0023498607170669,0.0,0.3062763830749211,val,3
S29207,229,15,2026-05-31,54,22,0.0017017938470032,0.0,0.2731196229507466,val,3
S30061,229,15,2026-05-31,47,20,0.0013235731279351,0.0,0.2325817679991918,val,3
S31110,229,15,2026-05-31,33,28,0.0014068270214557,0.0,0.2219691422467345,val,3
S31608,229,15,2026-05-31,31,12,0.0011460132010111,0.0015778829699757,0.3727642791677725,val,3
S34855,229,15,2026-05-31,32,17,0.0011104088351586,0.0,0.2624485459873982,val,3
S37018,229,15,2026-05-31,45,29,0.0015540054926191,0.0,0.3046089548766044,val,3
S41613,229,15,2026-05-31,31,17,0.0014174802244913,0.0018313803522735,0.3096203590711303,val,3
S42951,229,15,2026-05-31,30,21,0.001363900922728,0.0,0.2090597840705853,val,3
S00672,229,15,2026-05-31,23,15,0.0023365867925868,0.0,0.2528132749538865,val,4
S01995,229,15,2026-05-31,45,25,0.0016907335090005,0.0,0.2614821706893884,val,4
S05965,229,15,2026-05-31,39,24,0.0012971592999691,0.0,0.2530816817794499,val,4
S11721,229,15,2026-05-31,48,28,0.0020571939602865,0.0,0.3000001357662221,val,4
S12298,229,15,2026-05-31,27,13,0.0021999239097898,0.0,0.3453946400462128,val,4
S13143,229,15,2026-05-31,51,17,0.0016223632973884,0.0,0.2783128599010308,val,4
S13147,229,15,2026-05-31,20,18,0.0024028856617222,0.0,0.3012049388095068,val,4
S16346,229,15,2026-05-31,28,18,0.0017078065600241,0.0,0.2988686377531735,val,4
S20687,229,15,2026-05-31,54,28,0.0021205199534353,0.0,0.3126270626395041,val,4
S21112,229,15,2026-05-31,55,20,0.0016842526570383,0.0,0.2824933605941711,val,4
S21387,229,15,2026-05-31,52,14,0.0015903684018707,0.0,0.3252402523872761,val,4
S21407,229,15,2026-05-31,44,23,0.0012286836381437,0.0,0.2133902571961304,val,4
S22913,229,15,2026-05-31,36,26,0.0011433248487057,0.0016171752471317,0.2048177031075451,val,4
S23672,229,15,2026-05-31,16,19,0.0015484988827382,0.0,0.2708508841629968,val,4
S24659,229,15,2026-05-31,39,31,0.002112102224655,0.0,0.275698843829791,val,4
S26451,229,15,2026-05-31,56,29,0.0023202169778346,0.0,0.3062763830749211,val,4
S29207,229,15,2026-05-31,52,22,0.0015568410730945,0.0,0.2731196229507466,val,4
S30061,229,15,2026-05-31,45,20,0.0012056930789073,0.0,0.2325817679991918,val,4
S31110,229,15,2026-05-31,31,28,0.0014022085279713,0.0,0.2219691422467345,val,4
S31608,229,15,2026-05-31,29,12,0.0011964982920755,0.0015778829699757,0.3727642791677725,val,4
S34855,229,15,2026-05-31,34,17,0.0013372628905019,0.0,0.2624485459873982,val,4
S37018,229,15,2026-05-31,47,29,0.0021981217051904,0.0,0.3046089548766044,val,4
S41613,229,15,2026-05-31,33,17,0.001191338123544,0.0018313803522735,0.3096203590711303,val,4
S42951,229,15,2026-05-31,32,21,0.0011310696811456,0.0,0.2090597840705853,val,4
S04514,229,16,2026-05-31,32,21,0.0007848061678145,0.0,0.196585035252997,val,1
S07173,229,16,2026-05-31,44,13,0.0005980564786523,0.0,0.1624738837765531,val,1
S07174,229,16,2026-05-31,45,22,0.0006234053169742,0.0,0.2055636310234074,val,1
S08829,229,16,2026-05-31,53,15,0.0007126040974966,0.0,0.215969748287016,val,1
S09255,229,16,2026-05-31,32,23,0.0007371362409918,0.0,0.2384333882555978,val,1
S10880,229,16,2026-05-31,14,18,0.0011800053623172,0.0,0.3515725708637529,val,1
S11718,229,16,2026-05-31,44,22,0.000663685201543,0.0,0.1887131979489148,val,1
S12056,229,16,2026-05-31,34,19,0.0006847419808777,0.0,0.2164965231909463,val,1
S13816,229,16,2026-05-31,35,16,0.0006779994698668,0.0,0.2207866487182857,val,1
S20689,229,16,2026-05-31,21,27,0.001422668466471,0.0,0.2416507298392508,val,1
S20692,229,16,2026-05-31,54,24,0.0006432810293314,0.0,0.2070856016123213,val,1
S20693,229,16,2026-05-31,49,21,0.0005824582547297,0.0,0.2126531319812281,val,1
S29318,229,16,2026-05-31,43,15,0.0005492533637103,0.0,0.1539368455337677,val,1
S33659,229,16,2026-05-31,61,19,0.0010389519139869,0.0,0.1621226435244141,val,1
S42525,229,16,2026-05-31,23,26,0.0006799690730537,0.0,0.2071716153442689,val,1
S04514,229,16,2026-05-31,34,21,0.0007926668601409,0.0,0.196585035252997,val,2
S07173,229,16,2026-05-31,46,13,0.0006382316952111,0.0,0.1624738837765531,val,2
S07174,229,16,2026-05-31,43,22,0.000769094092071,0.0,0.2055636310234074,val,2
S08829,229,16,2026-05-31,55,15,0.0006804600878743,0.0,0.215969748287016,val,2
S09255,229,16,2026-05-31,34,23,0.0009785969465087,0.0,0.2384333882555978,val,2
S10880,229,16,2026-05-31,16,26,0.0009886176905068,0.0,0.3515725708637529,val,2
S11718,229,16,2026-05-31,42,22,0.0008161439659719,0.0,0.1887131979489148,val,2
S12056,229,16,2026-05-31,37,19,0.0006173742425602,0.0,0.2164965231909463,val,2
S13816,229,16,2026-05-31,33,16,0.0009169592009336,0.0,0.2207866487182857,val,2
S20689,229,16,2026-05-31,23,27,0.0008579449898859,0.0,0.2416507298392508,val,2
S20692,229,16,2026-05-31,52,24,0.0005422591351887,0.0,0.2070856016123213,val,2
S20693,229,16,2026-05-31,51,21,0.0005834072160842,0.0,0.2126531319812281,val,2
S29318,229,16,2026-05-31,45,15,0.0006717912488427,0.0,0.1539368455337677,val,2
S33659,229,16,2026-05-31,63,19,0.0008083624535184,0.0,0.1621226435244141,val,2
S42525,229,16,2026-05-31,21,26,0.0010552880222083,0.0,0.2071716153442689,val,2
S04514,229,16,2026-05-31,28,21,0.0008216163804816,0.0,0.196585035252997,val,3
S07173,229,16,2026-05-31,40,13,0.000734252147413,0.0,0.1624738837765531,val,3
S07174,229,16,2026-05-31,49,22,0.0006573360689224,0.0,0.2055636310234074,val,3
S08829,229,16,2026-05-31,49,15,0.0007029667130601,0.0,0.215969748287016,val,3
S09255,229,16,2026-05-31,28,23,0.0007049056462477,0.0,0.2384333882555978,val,3
S10880,229,16,2026-05-31,20,14,0.0010119306089568,0.0,0.3515725708637529,val,3
S11718,229,16,2026-05-31,48,22,0.0006327461655915,0.0,0.1887131979489148,val,3
S12056,229,16,2026-05-31,30,19,0.0006954486132488,0.0,0.2164965231909463,val,3
S13816,229,16,2026-05-31,39,16,0.0007093581219597,0.0,0.2207866487182857,val,3
S20689,229,16,2026-05-31,20,26,0.0008942452399712,0.0,0.2416507298392508,val,3
S20692,229,16,2026-05-31,58,24,0.0006565732964263,0.0,0.2070856016123213,val,3
S20693,229,16,2026-05-31,45,21,0.0008271467337767,0.0,0.2126531319812281,val,3
S29318,229,16,2026-05-31,39,15,0.0006942030633249,0.0,0.1539368455337677,val,3
S33659,229,16,2026-05-31,57,19,0.0006227842921619,0.0,0.1621226435244141,val,3
S42525,229,16,2026-05-31,27,26,0.0008521563511592,0.0,0.2071716153442689,val,3
S04514,229,16,2026-05-31,30,21,0.0009263134515783,0.0,0.196585035252997,val,4
S07173,229,16,2026-05-31,42,13,0.0006615193152594,0.0,0.1624738837765531,val,4
S07174,229,16,2026-05-31,47,22,0.0005978511734372,0.0,0.2055636310234074,val,4
S08829,229,16,2026-05-31,51,15,0.0005949207073453,0.0,0.215969748287016,val,4
S09255,229,16,2026-05-31,30,23,0.0008047729925947,0.0,0.2384333882555978,val,4
S10880,229,16,2026-05-31,17,16,0.0009841117539078,0.0,0.3515725708637529,val,4
S11718,229,16,2026-05-31,46,22,0.0008406057418136,0.0,0.1887131979489148,val,4
S12056,229,16,2026-05-31,32,19,0.0007348302987203,0.0,0.2164965231909463,val,4
S13816,229,16,2026-05-31,37,16,0.0006883662648942,0.0,0.2207866487182857,val,4
S20689,229,16,2026-05-31,18,26,0.0017391751295211,0.0,0.2416507298392508,val,4
S20692,229,16,2026-05-31,56,24,0.0007007529947308,0.0,0.2070856016123213,val,4
S20693,229,16,2026-05-31,47,21,0.0006176647821205,0.0,0.2126531319812281,val,4
S29318,229,16,2026-05-31,41,15,0.0007136989224741,0.0,0.1539368455337677,val,4
S33659,229,16,2026-05-31,59,19,0.0007937251799266,0.0,0.1621226435244141,val,4
S42525,229,16,2026-05-31,25,26,0.0007562436658384,0.0,0.2071716153442689,val,4
S00494,229,17,2026-05-31,45,24,0.0010409783851565,0.0,0.2867106606786576,val,1
S01879,229,17,2026-05-31,55,14,0.0017127184916089,0.0014740994498079,0.2686120949787693,val,1
S05151,229,17,2026-05-31,29,12,0.0019531791097199,0.0,0.3465565073823244,val,1
S08826,229,17,2026-05-31,17,20,0.0015154312221348,0.0,0.2807096021266598,val,1
S09257,229,17,2026-05-31,36,17,0.0009705647461563,0.0,0.2338895506506637,val,1
S09426,229,17,2026-05-31,23,26,0.0022617512417013,0.0,0.2593538885527206,val,1
S10564,229,17,2026-05-31,49,21,0.0010896177250287,0.0,0.209079475859636,val,1
S12054,229,17,2026-05-31,48,19,0.0013607766975134,0.0,0.2202154050584968,val,1
S19731,229,17,2026-05-31,62,27,0.0022191954971366,0.0,0.4078987686799567,val,1
S23874,229,17,2026-05-31,41,20,0.0012794952227335,0.0,0.2497352881754306,val,1
S29312,229,17,2026-05-31,33,18,0.0010309737498182,0.0,0.2264288945630225,val,1
S31104,229,17,2026-05-31,28,27,0.0011295669785065,0.0,0.236991384712259,val,1
S33621,229,17,2026-05-31,22,26,0.0022499902091821,0.0,0.290205969749937,val,1
S33668,229,17,2026-05-31,41,31,0.001314461801959,0.0,0.257222172209705,val,1
S34466,229,17,2026-05-31,30,12,0.0018389876710497,0.0,0.2872046265875239,val,1
S35265,229,17,2026-05-31,43,30,0.0013866370874325,0.0428638972695672,0.2842566852683957,val,1
S35399,229,17,2026-05-31,55,27,0.0019526922593441,0.0,0.1982037379857001,val,1
S36265,229,17,2026-05-31,24,16,0.0010203615967577,0.0,0.2323880159684315,val,1
S40092,229,17,2026-05-31,53,17,0.0012578476411592,0.0058854875954763,0.2073507123971284,val,1
S41262,229,17,2026-05-31,17,21,0.0013718010194657,0.0081569013622189,0.3178534119150439,val,1
S41610,229,17,2026-05-31,19,24,0.0021148367637634,0.0017876283171835,0.2342722891695727,val,1
S41614,229,17,2026-05-31,55,24,0.0010197157383603,0.0,0.1722113010412297,val,1
S43201,229,17,2026-05-31,27,23,0.0012959872968229,0.0068118317150582,0.1714064070503972,val,1
S00494,229,17,2026-05-31,43,24,0.0013646352226238,0.0,0.2867106606786576,val,2
S01879,229,17,2026-05-31,54,14,0.001567071663349,0.0014740994498079,0.2686120949787693,val,2
S05151,229,17,2026-05-31,27,12,0.0019596762549769,0.0,0.3465565073823244,val,2
S08826,229,17,2026-05-31,15,20,0.0015267031674611,0.0,0.2807096021266598,val,2
S09257,229,17,2026-05-31,38,17,0.0009583626181833,0.0,0.2338895506506637,val,2
S09426,229,17,2026-05-31,21,26,0.0022536317522386,0.0,0.2593538885527206,val,2
S10564,229,17,2026-05-31,51,21,0.0009760237893934,0.0,0.209079475859636,val,2
S12054,229,17,2026-05-31,50,19,0.0010451865397142,0.0,0.2202154050584968,val,2
S19731,229,17,2026-05-31,60,28,0.0018737718582463,0.0,0.4078987686799567,val,2
S23874,229,17,2026-05-31,39,20,0.001567416191756,0.0,0.2497352881754306,val,2
S29312,229,17,2026-05-31,31,18,0.0009870076313742,0.0,0.2264288945630225,val,2
S31104,229,17,2026-05-31,30,27,0.0010680233546213,0.0,0.236991384712259,val,2
S33621,229,17,2026-05-31,20,26,0.0016616912808931,0.0,0.290205969749937,val,2
S33668,229,17,2026-05-31,43,31,0.0021468654100131,0.0,0.257222172209705,val,2
S34466,229,17,2026-05-31,28,12,0.0020680260255532,0.0,0.2872046265875239,val,2
S35265,229,17,2026-05-31,41,30,0.0011614958327575,0.0428638972695672,0.2842566852683957,val,2
S35399,229,17,2026-05-31,57,27,0.0019130920248747,0.0,0.1982037379857001,val,2
S36265,229,17,2026-05-31,22,16,0.0014412785210437,0.0,0.2323880159684315,val,2
S40092,229,17,2026-05-31,55,17,0.0011337329987726,0.0058854875954763,0.2073507123971284,val,2
S41262,229,17,2026-05-31,19,21,0.0011573662326696,0.0081569013622189,0.3178534119150439,val,2
S41610,229,17,2026-05-31,17,24,0.0024328749881137,0.0017876283171835,0.2342722891695727,val,2
S41614,229,17,2026-05-31,52,24,0.0009267595154512,0.0,0.1722113010412297,val,2
S43201,229,17,2026-05-31,29,23,0.0019531861203076,0.0068118317150582,0.1714064070503972,val,2
S00494,229,17,2026-05-31,49,24,0.001088203363746,0.0,0.2867106606786576,val,3
S01879,229,17,2026-05-31,51,13,0.0014074482478171,0.0014740994498079,0.2686120949787693,val,3
S05151,229,17,2026-05-31,33,11,0.002048686804569,0.0,0.3465565073823244,val,3
S08826,229,17,2026-05-31,21,20,0.0011471887434612,0.0,0.2807096021266598,val,3
S09257,229,17,2026-05-31,32,17,0.0011096403809043,0.0,0.2338895506506637,val,3
S09426,229,17,2026-05-31,27,26,0.0013574554293027,0.0,0.2593538885527206,val,3
S10564,229,17,2026-05-31,44,21,0.0010687720685072,0.0,0.209079475859636,val,3
S12054,229,17,2026-05-31,44,19,0.0009951533954156,0.0,0.2202154050584968,val,3
S19731,229,17,2026-05-31,66,23,0.0022402805815358,0.0,0.4078987686799567,val,3
S23874,229,17,2026-05-31,45,20,0.0012207477124427,0.0,0.2497352881754306,val,3
S29312,229,17,2026-05-31,37,18,0.0010861606671033,0.0,0.2264288945630225,val,3
S31104,229,17,2026-05-31,24,27,0.0021967850221001,0.0,0.236991384712259,val,3
S33621,229,17,2026-05-31,26,26,0.0013892227817147,0.0,0.290205969749937,val,3
S33668,229,17,2026-05-31,37,31,0.0014880772475676,0.0,0.257222172209705,val,3
S34466,229,17,2026-05-31,40,32,0.0009422520458493,0.0,0.2872046265875239,val,3
S35265,229,17,2026-05-31,48,30,0.0020532586351716,0.0428638972695672,0.2842566852683957,val,3
S35399,229,17,2026-05-31,51,27,0.0013830877212846,0.0,0.1982037379857001,val,3
S36265,229,17,2026-05-31,29,16,0.0012291281208453,0.0,0.2323880159684315,val,3
S40092,229,17,2026-05-31,48,17,0.0010116023758024,0.0058854875954763,0.2073507123971284,val,3
S41262,229,17,2026-05-31,13,21,0.0018605994540982,0.0081569013622189,0.3178534119150439,val,3
S41610,229,17,2026-05-31,24,24,0.0012822470521947,0.0017876283171835,0.2342722891695727,val,3
S41614,229,17,2026-05-31,59,24,0.0016248288546077,0.0,0.1722113010412297,val,3
S43201,229,17,2026-05-31,23,23,0.0015272071260557,0.0068118317150582,0.1714064070503972,val,3
S00494,229,17,2026-05-31,47,24,0.0009437052480564,0.0,0.2867106606786576,val,4
S01879,229,17,2026-05-31,56,14,0.0017294921657547,0.0014740994498079,0.2686120949787693,val,4
S05151,229,17,2026-05-31,31,12,0.0017807306413432,0.0,0.3465565073823244,val,4
S08826,229,17,2026-05-31,19,20,0.0011520207670738,0.0,0.2807096021266598,val,4
S09257,229,17,2026-05-31,34,17,0.0010325125969823,0.0,0.2338895506506637,val,4
S09426,229,17,2026-05-31,25,26,0.0013333348917892,0.0,0.2593538885527206,val,4
S10564,229,17,2026-05-31,47,21,0.0008055409085117,0.0,0.209079475859636,val,4
S12054,229,17,2026-05-31,46,19,0.0011230002049146,0.0,0.2202154050584968,val,4
S19731,229,17,2026-05-31,65,25,0.002335344208174,0.0,0.4078987686799567,val,4
S23874,229,17,2026-05-31,43,20,0.0010694403081682,0.0,0.2497352881754306,val,4
S29312,229,17,2026-05-31,35,18,0.0010825202065652,0.0,0.2264288945630225,val,4
S31104,229,17,2026-05-31,26,27,0.0016451190915562,0.0,0.236991384712259,val,4
S33621,229,17,2026-05-31,24,26,0.0015089686920112,0.0,0.290205969749937,val,4
S33668,229,17,2026-05-31,38,31,0.0016539142209546,0.0,0.257222172209705,val,4
S34466,229,17,2026-05-31,34,11,0.0020784162229731,0.0,0.2872046265875239,val,4
S35265,229,17,2026-05-31,46,30,0.0013814900511638,0.0428638972695672,0.2842566852683957,val,4
S35399,229,17,2026-05-31,53,27,0.0011048472078889,0.0,0.1982037379857001,val,4
S36265,229,17,2026-05-31,26,16,0.0010910364300091,0.0,0.2323880159684315,val,4
S40092,229,17,2026-05-31,51,17,0.0012025318190512,0.0058854875954763,0.2073507123971284,val,4
S41262,229,17,2026-05-31,15,21,0.002004886189825,0.0081569013622189,0.3178534119150439,val,4
S41610,229,17,2026-05-31,21,24,0.0020457414464054,0.0017876283171835,0.2342722891695727,val,4
S41614,229,17,2026-05-31,57,24,0.0015221756778842,0.0,0.1722113010412297,val,4
S43201,229,17,2026-05-31,25,23,0.001134230241208,0.0068118317150582,0.1714064070503972,val,4
S04514,229,18,2026-05-31,32,21,0.0007848061678145,0.0,0.196585035252997,val,1
S07173,229,18,2026-05-31,44,13,0.0005980564786523,0.0,0.1624738837765531,val,1
S07174,229,18,2026-05-31,45,22,0.0006234053169742,0.0,0.2055636310234074,val,1
S08829,229,18,2026-05-31,53,15,0.0007126040974966,0.0,0.215969748287016,val,1
S09255,229,18,2026-05-31,32,23,0.0007371362409918,0.0,0.2384333882555978,val,1
S10880,229,18,2026-05-31,14,18,0.0011800053623172,0.0,0.3515725708637529,val,1
S11718,229,18,2026-05-31,44,22,0.000663685201543,0.0,0.1887131979489148,val,1
S12056,229,18,2026-05-31,34,19,0.0006847419808777,0.0,0.2164965231909463,val,1
S13816,229,18,2026-05-31,35,16,0.0006779994698668,0.0,0.2207866487182857,val,1
S20689,229,18,2026-05-31,21,27,0.001422668466471,0.0,0.2416507298392508,val,1
S20692,229,18,2026-05-31,54,24,0.0006432810293314,0.0,0.2070856016123213,val,1
S20693,229,18,2026-05-31,49,21,0.0005824582547297,0.0,0.2126531319812281,val,1
S29318,229,18,2026-05-31,43,15,0.0005492533637103,0.0,0.1539368455337677,val,1
S33659,229,18,2026-05-31,61,19,0.0010389519139869,0.0,0.1621226435244141,val,1
S42525,229,18,2026-05-31,23,26,0.0006799690730537,0.0,0.2071716153442689,val,1
S04514,229,18,2026-05-31,34,21,0.0007926668601409,0.0,0.196585035252997,val,2
S07173,229,18,2026-05-31,46,13,0.0006382316952111,0.0,0.1624738837765531,val,2
S07174,229,18,2026-05-31,43,22,0.000769094092071,0.0,0.2055636310234074,val,2
S08829,229,18,2026-05-31,55,15,0.0006804600878743,0.0,0.215969748287016,val,2
S09255,229,18,2026-05-31,34,23,0.0009785969465087,0.0,0.2384333882555978,val,2
S10880,229,18,2026-05-31,16,26,0.0009886176905068,0.0,0.3515725708637529,val,2
S11718,229,18,2026-05-31,42,22,0.0008161439659719,0.0,0.1887131979489148,val,2
S12056,229,18,2026-05-31,37,19,0.0006173742425602,0.0,0.2164965231909463,val,2
S13816,229,18,2026-05-31,33,16,0.0009169592009336,0.0,0.2207866487182857,val,2
S20689,229,18,2026-05-31,23,27,0.0008579449898859,0.0,0.2416507298392508,val,2
S20692,229,18,2026-05-31,52,24,0.0005422591351887,0.0,0.2070856016123213,val,2
S20693,229,18,2026-05-31,51,21,0.0005834072160842,0.0,0.2126531319812281,val,2
S29318,229,18,2026-05-31,45,15,0.0006717912488427,0.0,0.1539368455337677,val,2
S33659,229,18,2026-05-31,63,19,0.0008083624535184,0.0,0.1621226435244141,val,2
S42525,229,18,2026-05-31,21,26,0.0010552880222083,0.0,0.2071716153442689,val,2
S04514,229,18,2026-05-31,28,21,0.0008216163804816,0.0,0.196585035252997,val,3
S07173,229,18,2026-05-31,40,13,0.000734252147413,0.0,0.1624738837765531,val,3
S07174,229,18,2026-05-31,49,22,0.0006573360689224,0.0,0.2055636310234074,val,3
S08829,229,18,2026-05-31,49,15,0.0007029667130601,0.0,0.215969748287016,val,3
S09255,229,18,2026-05-31,28,23,0.0007049056462477,0.0,0.2384333882555978,val,3
S10880,229,18,2026-05-31,20,14,0.0010119306089568,0.0,0.3515725708637529,val,3
S11718,229,18,2026-05-31,48,22,0.0006327461655915,0.0,0.1887131979489148,val,3
S12056,229,18,2026-05-31,30,19,0.0006954486132488,0.0,0.2164965231909463,val,3
S13816,229,18,2026-05-31,39,16,0.0007093581219597,0.0,0.2207866487182857,val,3
S20689,229,18,2026-05-31,20,26,0.0008942452399712,0.0,0.2416507298392508,val,3
S20692,229,18,2026-05-31,58,24,0.0006565732964263,0.0,0.2070856016123213,val,3
S20693,229,18,2026-05-31,45,21,0.0008271467337767,0.0,0.2126531319812281,val,3
S29318,229,18,2026-05-31,39,15,0.0006942030633249,0.0,0.1539368455337677,val,3
S33659,229,18,2026-05-31,57,19,0.0006227842921619,0.0,0.1621226435244141,val,3
S42525,229,18,2026-05-31,27,26,0.0008521563511592,0.0,0.2071716153442689,val,3
S04514,229,18,2026-05-31,30,21,0.0009263134515783,0.0,0.196585035252997,val,4
S07173,229,18,2026-05-31,42,13,0.0006615193152594,0.0,0.1624738837765531,val,4
S07174,229,18,2026-05-31,47,22,0.0005978511734372,0.0,0.2055636310234074,val,4
S08829,229,18,2026-05-31,51,15,0.0005949207073453,0.0,0.215969748287016,val,4
S09255,229,18,2026-05-31,30,23,0.0008047729925947,0.0,0.2384333882555978,val,4
S10880,229,18,2026-05-31,17,16,0.0009841117539078,0.0,0.3515725708637529,val,4
S11718,229,18,2026-05-31,46,22,0.0008406057418136,0.0,0.1887131979489148,val,4
S12056,229,18,2026-05-31,32,19,0.0007348302987203,0.0,0.2164965231909463,val,4
S13816,229,18,2026-05-31,37,16,0.0006883662648942,0.0,0.2207866487182857,val,4
S20689,229,18,2026-05-31,18,26,0.0017391751295211,0.0,0.2416507298392508,val,4
S20692,229,18,2026-05-31,56,24,0.0007007529947308,0.0,0.2070856016123213,val,4
S20693,229,18,2026-05-31,47,21,0.0006176647821205,0.0,0.2126531319812281,val,4
S29318,229,18,2026-05-31,41,15,0.0007136989224741,0.0,0.1539368455337677,val,4
S33659,229,18,2026-05-31,59,19,0.0007937251799266,0.0,0.1621226435244141,val,4
S42525,229,18,2026-05-31,25,26,0.0007562436658384,0.0,0.2071716153442689,val,4
S00730,229,19,2026-05-31,23,25,0.0028313030671745,0.0,0.4476170082087554,val,1
S06412,229,19,2026-05-31,33,14,0.0025687465072678,0.0029976778551826,0.383172706613386,val,1
S07152,229,19,2026-05-31,55,24,0.0027397002950571,0.0,0.3503019115332895,val,1
S09594,229,19,2026-05-31,52,31,0.00151405026365,0.0,0.3401222805014297,val,1
S14544,229,19,2026-05-31,32,31,0.0024015220121505,0.0,0.3248790307197418,val,1
S14546,229,19,2026-05-31,34,30,0.0025595425559979,0.0162195679133215,0.3921921100999945,val,1
S16310,229,19,2026-05-31,45,15,0.002286024172759,0.0,0.341555180238448,val,1
S20395,229,19,2026-05-31,32,20,0.0025723244337369,0.0,0.3719560938816277,val,1
S21822,229,19,2026-05-31,44,32,0.0015315432171994,0.0,0.3100763241723407,val,1
S23209,229,19,2026-05-31,45,31,0.0025345099775013,0.0,0.3437010235105207,val,1
S24642,229,19,2026-05-31,59,21,0.0027409772572206,0.0,0.3467441892060655,val,1
S25600,229,19,2026-05-31,60,17,0.0026071389722493,0.0,0.3563468987305266,val,1
S26955,229,19,2026-05-31,50,19,0.0023131709496984,0.0062417268861443,0.3707902922221015,val,1
S26957,229,19,2026-05-31,47,20,0.0027087580165292,0.0100109778328348,0.3930603009946932,val,1
S29172,229,19,2026-05-31,41,29,0.0026307902879215,0.0057179278321575,0.340008882690496,val,1
S33072,229,19,2026-05-31,23,30,0.0012945298106331,0.0,0.3117822103225878,val,1
S34114,229,19,2026-05-31,24,26,0.0026886283874612,0.0,0.3393283033819623,val,1
S34287,229,19,2026-05-31,55,22,0.0027192006069874,0.0,0.3752049352175866,val,1
S34467,229,19,2026-05-31,53,13,0.0018319093758759,0.0,0.4154971607306624,val,1
S38491,229,19,2026-05-31,47,25,0.0029739252022033,0.008486442182911,0.3594008148601331,val,1
S41595,229,19,2026-05-31,26,22,0.0028255296924571,0.0124319707836179,0.3874205935914525,val,1
S41599,229,19,2026-05-31,53,26,0.0028477496929873,0.0,0.3702786012200952,val,1
S42504,229,19,2026-05-31,25,28,0.0026274426612335,0.0,0.3419531890668799,val,1
S00730,229,19,2026-05-31,25,25,0.0027941782780213,0.0,0.4476170082087554,val,2
S06412,229,19,2026-05-31,31,14,0.0025681805961669,0.0029976778551826,0.383172706613386,val,2
S07152,229,19,2026-05-31,53,24,0.0028664529377125,0.0,0.3503019115332895,val,2
S09594,229,19,2026-05-31,51,31,0.0014616287945049,0.0,0.3401222805014297,val,2
S14544,229,19,2026-05-31,33,31,0.0025535310912635,0.0,0.3248790307197418,val,2
S14546,229,19,2026-05-31,33,30,0.0026040966890392,0.0162195679133215,0.3921921100999945,val,2
S16310,229,19,2026-05-31,52,15,0.0027889520830233,0.0,0.341555180238448,val,2
S20395,229,19,2026-05-31,30,20,0.002766898748763,0.0,0.3719560938816277,val,2
S21822,229,19,2026-05-31,43,32,0.001467359697068,0.0,0.3100763241723407,val,2
S23209,229,19,2026-05-31,47,31,0.0026321291856987,0.0,0.3437010235105207,val,2
S24642,229,19,2026-05-31,62,21,0.0028153040528103,0.0,0.3467441892060655,val,2
S25600,229,19,2026-05-31,64,18,0.0023471943376228,0.0,0.3563468987305266,val,2
S26955,229,19,2026-05-31,52,19,0.0022112438497671,0.0062417268861443,0.3707902922221015,val,2
S26957,229,19,2026-05-31,45,20,0.0026866882817867,0.0100109778328348,0.3930603009946932,val,2
S29172,229,19,2026-05-31,43,29,0.0026633353760745,0.0057179278321575,0.340008882690496,val,2
S33072,229,19,2026-05-31,25,30,0.0014487081055311,0.0,0.3117822103225878,val,2
S34114,229,19,2026-05-31,22,26,0.0026077992249899,0.0,0.3393283033819623,val,2
S34287,229,19,2026-05-31,52,22,0.0028598117349153,0.0,0.3752049352175866,val,2
S34467,229,19,2026-05-31,55,13,0.0014923169869367,0.0,0.4154971607306624,val,2
S38491,229,19,2026-05-31,49,25,0.0029431113564747,0.008486442182911,0.3594008148601331,val,2
S41595,229,19,2026-05-31,24,22,0.0028701163920364,0.0124319707836179,0.3874205935914525,val,2
S41599,229,19,2026-05-31,51,26,0.0028123338398679,0.0,0.3702786012200952,val,2
S42504,229,19,2026-05-31,23,28,0.0026606309365804,0.0,0.3419531890668799,val,2
S00730,229,19,2026-05-31,19,25,0.0024718076057636,0.0,0.4476170082087554,val,3
S06412,229,19,2026-05-31,41,14,0.0027189178381578,0.0029976778551826,0.383172706613386,val,3
S07152,229,19,2026-05-31,60,24,0.00270691685625,0.0,0.3503019115332895,val,3
S09594,229,19,2026-05-31,54,30,0.0015093210177515,0.0,0.3401222805014297,val,3
S14544,229,19,2026-05-31,28,30,0.0025829989799533,0.0,0.3248790307197418,val,3
S14546,229,19,2026-05-31,37,30,0.0027220337028154,0.0162195679133215,0.3921921100999945,val,3
S16310,229,19,2026-05-31,39,15,0.0027885014005129,0.0,0.341555180238448,val,3
S20395,229,19,2026-05-31,36,20,0.0029511056362302,0.0,0.3719560938816277,val,3
S21822,229,19,2026-05-31,49,31,0.0016940835172672,0.0,0.3100763241723407,val,3
S23209,229,19,2026-05-31,43,31,0.0025430180298031,0.0,0.3437010235105207,val,3
S24642,229,19,2026-05-31,54,21,0.0026904503148796,0.0,0.3467441892060655,val,3
S25600,229,19,2026-05-31,55,17,0.0027560664991948,0.0,0.3563468987305266,val,3
S26955,229,19,2026-05-31,46,19,0.0027870756548633,0.0062417268861443,0.3707902922221015,val,3
S26957,229,19,2026-05-31,51,20,0.0027872913442726,0.0100109778328348,0.3930603009946932,val,3
S29172,229,19,2026-05-31,37,29,0.0027805699926318,0.0057179278321575,0.340008882690496,val,3
S33072,229,19,2026-05-31,19,28,0.0014874589700072,0.0,0.3117822103225878,val,3
S34114,229,19,2026-05-31,29,26,0.0027931679918491,0.0,0.3393283033819623,val,3
S34287,229,19,2026-05-31,59,22,0.0028598531283993,0.0,0.3752049352175866,val,3
S34467,229,19,2026-05-31,52,12,0.0015291200851245,0.0,0.4154971607306624,val,3
S38491,229,19,2026-05-31,43,25,0.0030176781752207,0.008486442182911,0.3594008148601331,val,3
S41595,229,19,2026-05-31,30,22,0.0028750730008566,0.0124319707836179,0.3874205935914525,val,3
S41599,229,19,2026-05-31,57,26,0.0027062586303422,0.0,0.3702786012200952,val,3
S42504,229,19,2026-05-31,29,28,0.0025781550706522,0.0,0.3419531890668799,val,3
S00730,229,19,2026-05-31,21,25,0.0027282913681662,0.0,0.4476170082087554,val,4
S06412,229,19,2026-05-31,36,14,0.0027155233311653,0.0029976778551826,0.383172706613386,val,4
S07152,229,19,2026-05-31,58,24,0.0028492757019285,0.0,0.3503019115332895,val,4
S09594,229,19,2026-05-31,53,30,0.0016902589305649,0.0,0.3401222805014297,val,4
S14544,229,19,2026-05-31,27,30,0.0026087953972483,0.0,0.3248790307197418,val,4
S14546,229,19,2026-05-31,35,30,0.0026325312767244,0.0162195679133215,0.3921921100999945,val,4
S16310,229,19,2026-05-31,41,15,0.0027175818719109,0.0,0.341555180238448,val,4
S20395,229,19,2026-05-31,34,20,0.0026546605370198,0.0,0.3719560938816277,val,4
S21822,229,19,2026-05-31,50,31,0.0018903050546296,0.0,0.3100763241723407,val,4
S23209,229,19,2026-05-31,44,31,0.0025326030821571,0.0,0.3437010235105207,val,4
S24642,229,19,2026-05-31,57,21,0.0027128440490805,0.0,0.3467441892060655,val,4
S25600,229,19,2026-05-31,58,17,0.0025988647771354,0.0,0.3563468987305266,val,4
S26955,229,19,2026-05-31,48,19,0.0027448779427953,0.0062417268861443,0.3707902922221015,val,4
S26957,229,19,2026-05-31,49,20,0.002868168786699,0.0100109778328348,0.3930603009946932,val,4
S29172,229,19,2026-05-31,39,29,0.0027085208143007,0.0057179278321575,0.340008882690496,val,4
S33072,229,19,2026-05-31,21,29,0.0013868470784761,0.0,0.3117822103225878,val,4
S34114,229,19,2026-05-31,26,26,0.0028297255386864,0.0,0.3393283033819623,val,4
S34287,229,19,2026-05-31,57,22,0.0027096051154074,0.0,0.3752049352175866,val,4
S34467,229,19,2026-05-31,50,12,0.0013582369489077,0.0,0.4154971607306624,val,4
S38491,229,19,2026-05-31,45,25,0.0027268387119756,0.008486442182911,0.3594008148601331,val,4
S41595,229,19,2026-05-31,28,22,0.0027676013477541,0.0124319707836179,0.3874205935914525,val,4
S41599,229,19,2026-05-31,55,26,0.0027731759590702,0.0,0.3702786012200952,val,4
S42504,229,19,2026-05-31,27,28,0.0027472469625901,0.0,0.3419531890668799,val,4
S01864,229,20,2026-05-31,33,31,0.0029282074568772,0.0059010709790791,0.3888443256804968,val,1
S01987,229,20,2026-05-31,61,17,0.0029420651945018,0.0,0.4043044365173108,val,1
S02740,229,20,2026-05-31,57,24,0.0028371986183363,0.0,0.370174141112186,val,1
S02746,229,20,2026-05-31,48,27,0.0024264779504103,0.0,0.3338404455320525,val,1
S07938,229,20,2026-05-31,44,26,0.0027886212590406,0.0086800666286804,0.4306203026488054,val,1
S09229,229,20,2026-05-31,50,24,0.0028837213707111,0.0,0.3584428547212573,val,1
S09891,229,20,2026-05-31,43,23,0.0031830206327669,0.0,0.39869201982896,val,1
S12288,229,20,2026-05-31,21,22,0.0029131955588227,0.0,0.4399406305585745,val,1
S12663,229,20,2026-05-31,46,22,0.0030907622623585,0.0,0.4292709217000988,val,1
S13793,229,20,2026-05-31,27,26,0.0027381209616305,0.0117383089277279,0.360810320308859,val,1
S14545,229,20,2026-05-31,19,18,0.0030134939939513,0.0,0.4348997795953245,val,1
S15440,229,20,2026-05-31,21,21,0.002834511934118,0.0,0.3885024424432413,val,1
S16316,229,20,2026-05-31,51,25,0.0028536018561217,0.0,0.3656174539256279,val,1
S19456,229,20,2026-05-31,21,16,0.002846400506497,0.0068261963870604,0.3868304827735446,val,1
S30286,229,20,2026-05-31,55,20,0.0030089941198928,0.0017542837880528,0.4322689924746725,val,1
S31087,229,20,2026-05-31,20,18,0.0029657568468003,0.0,0.4280946282372936,val,1
S32011,229,20,2026-05-31,16,19,0.0025402139211143,0.0066584496664076,0.3940694564310929,val,1
S35257,229,20,2026-05-31,55,22,0.0029907044544642,0.0220311184006383,0.3623251971963381,val,1
S35752,229,20,2026-05-31,51,15,0.0026469490461243,0.0,0.393761722682399,val,1
S40085,229,20,2026-05-31,49,14,0.0026806359711396,0.0,0.3157894874886748,val,1
S40595,229,20,2026-05-31,41,13,0.0025095803001683,0.0042141500474833,0.3155835651377849,val,1
S42508,229,20,2026-05-31,37,16,0.0029766286442871,0.0,0.3212338838872374,val,1
S43185,229,20,2026-05-31,35,24,0.0030136188547186,0.0197034570250555,0.4135657417371737,val,1
S01864,229,20,2026-05-31,35,31,0.0025915027039753,0.0059010709790791,0.3888443256804968,val,2
S01987,229,20,2026-05-31,64,18,0.0028101796332908,0.0,0.4043044365173108,val,2
S02740,229,20,2026-05-31,55,24,0.0027122164565837,0.0,0.370174141112186,val,2
S02746,229,20,2026-05-31,49,27,0.0024656133407561,0.0,0.3338404455320525,val,2
S07938,229,20,2026-05-31,42,26,0.0030842591447206,0.0086800666286804,0.4306203026488054,val,2
S09229,229,20,2026-05-31,49,24,0.002782483504129,0.0,0.3584428547212573,val,2
S09891,229,20,2026-05-31,45,23,0.0032382465737784,0.0,0.39869201982896,val,2
S12288,229,20,2026-05-31,19,22,0.0029347563727854,0.0,0.4399406305585745,val,2
S12663,229,20,2026-05-31,44,22,0.0031134837119002,0.0,0.4292709217000988,val,2
S13793,229,20,2026-05-31,25,26,0.0025884367336977,0.0117383089277279,0.360810320308859,val,2
S14545,229,20,2026-05-31,17,18,0.0029419079530724,0.0,0.4348997795953245,val,2
S15440,229,20,2026-05-31,24,21,0.0029535975038642,0.0,0.3885024424432413,val,2
S16316,229,20,2026-05-31,53,25,0.0027253422303097,0.0,0.3656174539256279,val,2
S19456,229,20,2026-05-31,19,16,0.0026596696877457,0.0068261963870604,0.3868304827735446,val,2
S30286,229,20,2026-05-31,53,20,0.002821810916364,0.0017542837880528,0.4322689924746725,val,2
S31087,229,20,2026-05-31,18,18,0.003046665292574,0.0,0.4280946282372936,val,2
S32011,229,20,2026-05-31,18,19,0.0030586356234727,0.0066584496664076,0.3940694564310929,val,2
S35257,229,20,2026-05-31,53,22,0.0028553761670312,0.0220311184006383,0.3623251971963381,val,2
S35752,229,20,2026-05-31,53,15,0.0027791836133251,0.0,0.393761722682399,val,2
S40085,229,20,2026-05-31,47,14,0.002674378377898,0.0,0.3157894874886748,val,2
S40595,229,20,2026-05-31,43,13,0.0026196450693132,0.0042141500474833,0.3155835651377849,val,2
S42508,229,20,2026-05-31,35,16,0.0028421381569301,0.0,0.3212338838872374,val,2
S43185,229,20,2026-05-31,33,24,0.0029266442833941,0.0197034570250555,0.4135657417371737,val,2
S01864,229,20,2026-05-31,29,30,0.0026754412847287,0.0059010709790791,0.3888443256804968,val,3
S01987,229,20,2026-05-31,57,17,0.0028358833307271,0.0,0.4043044365173108,val,3
S02740,229,20,2026-05-31,60,23,0.0027399631230989,0.0,0.370174141112186,val,3
S02746,229,20,2026-05-31,45,27,0.0026309209832634,0.0,0.3338404455320525,val,3
S07938,229,20,2026-05-31,48,26,0.002657421919257,0.0086800666286804,0.4306203026488054,val,3
S09229,229,20,2026-05-31,53,24,0.0028826712072831,0.0,0.3584428547212573,val,3
S09891,229,20,2026-05-31,39,23,0.002966861542763,0.0,0.39869201982896,val,3
S12288,229,20,2026-05-31,25,22,0.0030379677765968,0.0,0.4399406305585745,val,3
S12663,229,20,2026-05-31,50,22,0.0029558849553142,0.0,0.4292709217000988,val,3
S13793,229,20,2026-05-31,31,26,0.00278578990812,0.0117383089277279,0.360810320308859,val,3
S14545,229,20,2026-05-31,23,18,0.00288561294812,0.0,0.4348997795953245,val,3
S15440,229,20,2026-05-31,17,21,0.002755167872518,0.0,0.3885024424432413,val,3
S16316,229,20,2026-05-31,47,25,0.0028990245728918,0.0,0.3656174539256279,val,3
S19456,229,20,2026-05-31,25,16,0.0025122775193424,0.0068261963870604,0.3868304827735446,val,3
S30286,229,20,2026-05-31,59,20,0.0025145668099659,0.0017542837880528,0.4322689924746725,val,3
S31087,229,20,2026-05-31,25,18,0.002949409908906,0.0,0.4280946282372936,val,3
S32011,229,20,2026-05-31,16,18,0.0026891050522076,0.0066584496664076,0.3940694564310929,val,3
S35257,229,20,2026-05-31,59,22,0.0029484897247257,0.0220311184006383,0.3623251971963381,val,3
S35752,229,20,2026-05-31,47,15,0.0026421609855027,0.0,0.393761722682399,val,3
S40085,229,20,2026-05-31,53,14,0.0027214189859556,0.0,0.3157894874886748,val,3
S40595,229,20,2026-05-31,37,13,0.0027551538582014,0.0042141500474833,0.3155835651377849,val,3
S42508,229,20,2026-05-31,41,16,0.0028946881730881,0.0,0.3212338838872374,val,3
S43185,229,20,2026-05-31,39,24,0.0031220197327434,0.0197034570250555,0.4135657417371737,val,3
S01864,229,20,2026-05-31,27,30,0.0026702434731949,0.0059010709790791,0.3888443256804968,val,4
S01987,229,20,2026-05-31,59,17,0.0028923300731638,0.0,0.4043044365173108,val,4
S02740,229,20,2026-05-31,59,24,0.0028813157271354,0.0,0.370174141112186,val,4
S02746,229,20,2026-05-31,47,27,0.0025051885190665,0.0,0.3338404455320525,val,4
S07938,229,20,2026-05-31,46,26,0.0029516920390101,0.0086800666286804,0.4306203026488054,val,4
S09229,229,20,2026-05-31,51,24,0.0029324388141883,0.0,0.3584428547212573,val,4
S09891,229,20,2026-05-31,41,23,0.0030332618712352,0.0,0.39869201982896,val,4
S12288,229,20,2026-05-31,23,22,0.0028262439583845,0.0,0.4399406305585745,val,4
S12663,229,20,2026-05-31,48,22,0.0031605725436153,0.0,0.4292709217000988,val,4
S13793,229,20,2026-05-31,29,26,0.0026360567832752,0.0117383089277279,0.360810320308859,val,4
S14545,229,20,2026-05-31,21,18,0.0028582049827826,0.0,0.4348997795953245,val,4
S15440,229,20,2026-05-31,19,21,0.0029220842276126,0.0,0.3885024424432413,val,4
S16316,229,20,2026-05-31,49,25,0.0029720933085474,0.0,0.3656174539256279,val,4
S19456,229,20,2026-05-31,23,16,0.0027861556111381,0.0068261963870604,0.3868304827735446,val,4
S30286,229,20,2026-05-31,57,20,0.0028914352788476,0.0017542837880528,0.4322689924746725,val,4
S31087,229,20,2026-05-31,22,18,0.0025892242286374,0.0,0.4280946282372936,val,4
S32011,229,20,2026-05-31,14,19,0.0026088239244365,0.0066584496664076,0.3940694564310929,val,4
S35257,229,20,2026-05-31,57,22,0.0026129765419267,0.0220311184006383,0.3623251971963381,val,4
S35752,229,20,2026-05-31,49,15,0.0027752532142073,0.0,0.393761722682399,val,4
S40085,229,20,2026-05-31,51,14,0.00279034245923,0.0,0.3157894874886748,val,4
S40595,229,20,2026-05-31,39,13,0.0022805028502457,0.0042141500474833,0.3155835651377849,val,4
S42508,229,20,2026-05-31,39,16,0.0028017496768882,0.0,0.3212338838872374,val,4
S43185,229,20,2026-05-31,37,24,0.0031099517966483,0.0197034570250555,0.4135657417371737,val,4
S00490,229,21,2026-05-31,33,16,0.001160742787652,0.0,0.2454671094188632,val,1
S00756,229,21,2026-05-31,29,26,0.0013781585659992,0.0055525763060285,0.243832925967361,val,1
S07164,229,21,2026-05-31,42,24,0.0015046009989116,0.0,0.2603428508392748,val,1
S17776,229,21,2026-05-31,42,22,0.0015054143399485,0.0,0.2255144407130302,val,1
S18395,229,21,2026-05-31,30,25,0.0013033812657703,0.0,0.2248858067761985,val,1
S29182,229,21,2026-05-31,42,26,0.0014574729185569,0.0095234673469143,0.2660278518689921,val,1
S29320,229,21,2026-05-31,46,29,0.0012444790883908,0.0,0.1982781859579242,val,1
S30290,229,21,2026-05-31,49,24,0.0017234793874171,0.0215296910467675,0.297040739127371,val,1
S32222,229,21,2026-05-31,45,26,0.0013711099423608,0.0,0.2627422091217125,val,1
S37012,229,21,2026-05-31,24,21,0.0014285702213039,0.0,0.2322075157759583,val,1
S00490,229,21,2026-05-31,31,16,0.001381235970305,0.0,0.2454671094188632,val,2
S00756,229,21,2026-05-31,28,26,0.0014319339474686,0.0055525763060285,0.243832925967361,val,2
S07164,229,21,2026-05-31,40,24,0.0016174835934495,0.0,0.2603428508392748,val,2
S17776,229,21,2026-05-31,40,22,0.0019088883077119,0.0,0.2255144407130302,val,2
S18395,229,21,2026-05-31,36,25,0.0014428896531523,0.0,0.2248858067761985,val,2
S29182,229,21,2026-05-31,40,26,0.0015121706769859,0.0095234673469143,0.2660278518689921,val,2
S29320,229,21,2026-05-31,48,29,0.0014627545441307,0.0,0.1982781859579242,val,2
S30290,229,21,2026-05-31,47,24,0.0015554396349771,0.0215296910467675,0.297040739127371,val,2
S32222,229,21,2026-05-31,43,26,0.0013498077572338,0.0,0.2627422091217125,val,2
S37012,229,21,2026-05-31,26,21,0.0012368230596975,0.0,0.2322075157759583,val,2
S00490,229,21,2026-05-31,38,16,0.0012034524341235,0.0,0.2454671094188632,val,3
S00756,229,21,2026-05-31,33,26,0.0013302744862824,0.0055525763060285,0.243832925967361,val,3
S07164,229,21,2026-05-31,46,24,0.0014632032529021,0.0,0.2603428508392748,val,3
S17776,229,21,2026-05-31,46,22,0.0014805742363064,0.0,0.2255144407130302,val,3
S18395,229,21,2026-05-31,26,25,0.0015474608973487,0.0,0.2248858067761985,val,3
S29182,229,21,2026-05-31,46,26,0.0012944543895217,0.0095234673469143,0.2660278518689921,val,3
S29320,229,21,2026-05-31,42,29,0.0012653551922792,0.0,0.1982781859579242,val,3
S30290,229,21,2026-05-31,53,24,0.001420786314954,0.0215296910467675,0.297040739127371,val,3
S32222,229,21,2026-05-31,49,26,0.0014068107875343,0.0,0.2627422091217125,val,3
S37012,229,21,2026-05-31,20,21,0.0015767537582833,0.0,0.2322075157759583,val,3
S00490,229,21,2026-05-31,36,16,0.0010958892757863,0.0,0.2454671094188632,val,4
S00756,229,21,2026-05-31,30,26,0.0016159175590001,0.0055525763060285,0.243832925967361,val,4
S07164,229,21,2026-05-31,44,24,0.0012134588415879,0.0,0.2603428508392748,val,4
S17776,229,21,2026-05-31,44,22,0.0016532713500654,0.0,0.2255144407130302,val,4
S18395,229,21,2026-05-31,28,25,0.0016774883282039,0.0,0.2248858067761985,val,4
S29182,229,21,2026-05-31,44,26,0.0014472793867102,0.0095234673469143,0.2660278518689921,val,4
S29320,229,21,2026-05-31,44,29,0.0012227720163744,0.0,0.1982781859579242,val,4
S30290,229,21,2026-05-31,51,24,0.0012047222318628,0.0215296910467675,0.297040739127371,val,4
S32222,229,21,2026-05-31,47,26,0.001621824532075,0.0,0.2627422091217125,val,4
S37012,229,21,2026-05-31,22,21,0.0014312782088339,0.0,0.2322075157759583,val,4
S00466,229,22,2026-05-31,43,17,0.0025187505460272,0.0,0.304625383712472,val,1
S03829,229,22,2026-05-31,37,32,0.001570605447579,0.0,0.3492651843865427,val,1
S04659,229,22,2026-05-31,45,22,0.0030624966761909,0.0,0.4149239900590625,val,1
S06392,229,22,2026-05-31,37,30,0.0025025420587215,0.0089706333592043,0.3086637850148335,val,1
S08971,229,22,2026-05-31,46,30,0.0026047714669087,0.0,0.3128113904692078,val,1
S10159,229,22,2026-05-31,57,14,0.0016983410550997,0.0,0.3423307619720819,val,1
S23223,229,22,2026-05-31,60,23,0.002790488728058,0.0,0.3317748558833021,val,1
S26952,229,22,2026-05-31,36,30,0.0025301358942097,0.0049707953272523,0.3501523062876404,val,1
S30032,229,22,2026-05-31,59,18,0.0025549504361029,0.0,0.323620172427974,val,1
S32018,229,22,2026-05-31,49,27,0.0028442554042552,0.0,0.3787609625199832,val,1
S32020,229,22,2026-05-31,57,15,0.0026013424642859,0.0022059769992498,0.3723326876673427,val,1
S00466,229,22,2026-05-31,46,17,0.0026392532706609,0.0,0.304625383712472,val,2
S03829,229,22,2026-05-31,34,11,0.0010231949326334,0.0,0.3492651843865427,val,2
S04659,229,22,2026-05-31,43,22,0.003091274802953,0.0,0.4149239900590625,val,2
S06392,229,22,2026-05-31,35,30,0.0024190180489185,0.0089706333592043,0.3086637850148335,val,2
S08971,229,22,2026-05-31,44,30,0.0025429549617358,0.0,0.3128113904692078,val,2
S10159,229,22,2026-05-31,58,14,0.0020012539565908,0.0,0.3423307619720819,val,2
S23223,229,22,2026-05-31,62,23,0.002733605994335,0.0,0.3317748558833021,val,2
S26952,229,22,2026-05-31,34,30,0.0023485945464547,0.0049707953272523,0.3501523062876404,val,2
S30032,229,22,2026-05-31,57,18,0.0025973041432306,0.0,0.323620172427974,val,2
S32018,229,22,2026-05-31,51,27,0.0027265387056269,0.0,0.3787609625199832,val,2
S32020,229,22,2026-05-31,61,16,0.0027303951505443,0.0022059769992498,0.3723326876673427,val,2
S00466,229,22,2026-05-31,39,17,0.0025136119438208,0.0,0.304625383712472,val,3
S03829,229,22,2026-05-31,42,31,0.0024434257834016,0.0,0.3492651843865427,val,3
S04659,229,22,2026-05-31,49,22,0.0031193555347005,0.0,0.4149239900590625,val,3
S06392,229,22,2026-05-31,42,30,0.002487625569379,0.0089706333592043,0.3086637850148335,val,3
S08971,229,22,2026-05-31,50,30,0.0024041058445669,0.0,0.3128113904692078,val,3
S10159,229,22,2026-05-31,53,13,0.0016450955608141,0.0,0.3423307619720819,val,3
S23223,229,22,2026-05-31,56,23,0.0029601868667297,0.0,0.3317748558833021,val,3
S26952,229,22,2026-05-31,40,30,0.0023412756183321,0.0049707953272523,0.3501523062876404,val,3
S30032,229,22,2026-05-31,63,18,0.0028087159424596,0.0,0.323620172427974,val,3
S32018,229,22,2026-05-31,45,27,0.0028942033305676,0.0,0.3787609625199832,val,3
S32020,229,22,2026-05-31,52,15,0.0028101728846072,0.0022059769992498,0.3723326876673427,val,3
S00466,229,22,2026-05-31,41,17,0.0028582726877862,0.0,0.304625383712472,val,4
S03829,229,22,2026-05-31,39,32,0.0015745530519705,0.0,0.3492651843865427,val,4
S04659,229,22,2026-05-31,47,22,0.0031254698143728,0.0,0.4149239900590625,val,4
S06392,229,22,2026-05-31,39,30,0.0024197002369538,0.0089706333592043,0.3086637850148335,val,4
S08971,229,22,2026-05-31,48,30,0.0023184730051514,0.0,0.3128113904692078,val,4
S10159,229,22,2026-05-31,54,13,0.0015523333674562,0.0,0.3423307619720819,val,4
S23223,229,22,2026-05-31,58,23,0.0029767817285596,0.0,0.3317748558833021,val,4
S26952,229,22,2026-05-31,38,30,0.0024451621321388,0.0049707953272523,0.3501523062876404,val,4
S30032,229,22,2026-05-31,61,18,0.0029255967378868,0.0,0.323620172427974,val,4
S32018,229,22,2026-05-31,47,27,0.0027549037040414,0.0,0.3787609625199832,val,4
S32020,229,22,2026-05-31,54,15,0.0027200810571265,0.0022059769992498,0.3723326876673427,val,4
S01864,229,23,2026-05-31,33,31,0.0029282074568772,0.0059010709790791,0.3888443256804968,val,1
S01987,229,23,2026-05-31,61,17,0.0029420651945018,0.0,0.4043044365173108,val,1
S02740,229,23,2026-05-31,57,24,0.0028371986183363,0.0,0.370174141112186,val,1
S02746,229,23,2026-05-31,48,27,0.0024264779504103,0.0,0.3338404455320525,val,1
S07938,229,23,2026-05-31,44,26,0.0027886212590406,0.0086800666286804,0.4306203026488054,val,1
S09229,229,23,2026-05-31,50,24,0.0028837213707111,0.0,0.3584428547212573,val,1
S09891,229,23,2026-05-31,43,23,0.0031830206327669,0.0,0.39869201982896,val,1
S12288,229,23,2026-05-31,21,22,0.0029131955588227,0.0,0.4399406305585745,val,1
S12663,229,23,2026-05-31,46,22,0.0030907622623585,0.0,0.4292709217000988,val,1
S13793,229,23,2026-05-31,27,26,0.0027381209616305,0.0117383089277279,0.360810320308859,val,1
S14545,229,23,2026-05-31,19,18,0.0030134939939513,0.0,0.4348997795953245,val,1
S15440,229,23,2026-05-31,21,21,0.002834511934118,0.0,0.3885024424432413,val,1
S16316,229,23,2026-05-31,51,25,0.0028536018561217,0.0,0.3656174539256279,val,1
S19456,229,23,2026-05-31,21,16,0.002846400506497,0.0068261963870604,0.3868304827735446,val,1
S30286,229,23,2026-05-31,55,20,0.0030089941198928,0.0017542837880528,0.4322689924746725,val,1
S31087,229,23,2026-05-31,20,18,0.0029657568468003,0.0,0.4280946282372936,val,1
S32011,229,23,2026-05-31,16,19,0.0025402139211143,0.0066584496664076,0.3940694564310929,val,1
S35257,229,23,2026-05-31,55,22,0.0029907044544642,0.0220311184006383,0.3623251971963381,val,1
S35752,229,23,2026-05-31,51,15,0.0026469490461243,0.0,0.393761722682399,val,1
S40085,229,23,2026-05-31,49,14,0.0026806359711396,0.0,0.3157894874886748,val,1
S40595,229,23,2026-05-31,41,13,0.0025095803001683,0.0042141500474833,0.3155835651377849,val,1
S42508,229,23,2026-05-31,37,16,0.0029766286442871,0.0,0.3212338838872374,val,1
S43185,229,23,2026-05-31,35,24,0.0030136188547186,0.0197034570250555,0.4135657417371737,val,1
S01864,229,23,2026-05-31,35,31,0.0025915027039753,0.0059010709790791,0.3888443256804968,val,2
S01987,229,23,2026-05-31,64,18,0.0028101796332908,0.0,0.4043044365173108,val,2
S02740,229,23,2026-05-31,55,24,0.0027122164565837,0.0,0.370174141112186,val,2
S02746,229,23,2026-05-31,49,27,0.0024656133407561,0.0,0.3338404455320525,val,2
S07938,229,23,2026-05-31,42,26,0.0030842591447206,0.0086800666286804,0.4306203026488054,val,2
S09229,229,23,2026-05-31,49,24,0.002782483504129,0.0,0.3584428547212573,val,2
S09891,229,23,2026-05-31,45,23,0.0032382465737784,0.0,0.39869201982896,val,2
S12288,229,23,2026-05-31,19,22,0.0029347563727854,0.0,0.4399406305585745,val,2
S12663,229,23,2026-05-31,44,22,0.0031134837119002,0.0,0.4292709217000988,val,2
S13793,229,23,2026-05-31,25,26,0.0025884367336977,0.0117383089277279,0.360810320308859,val,2
S14545,229,23,2026-05-31,17,18,0.0029419079530724,0.0,0.4348997795953245,val,2
S15440,229,23,2026-05-31,24,21,0.0029535975038642,0.0,0.3885024424432413,val,2
S16316,229,23,2026-05-31,53,25,0.0027253422303097,0.0,0.3656174539256279,val,2
S19456,229,23,2026-05-31,19,16,0.0026596696877457,0.0068261963870604,0.3868304827735446,val,2
S30286,229,23,2026-05-31,53,20,0.002821810916364,0.0017542837880528,0.4322689924746725,val,2
S31087,229,23,2026-05-31,18,18,0.003046665292574,0.0,0.4280946282372936,val,2
S32011,229,23,2026-05-31,18,19,0.0030586356234727,0.0066584496664076,0.3940694564310929,val,2
S35257,229,23,2026-05-31,53,22,0.0028553761670312,0.0220311184006383,0.3623251971963381,val,2
S35752,229,23,2026-05-31,53,15,0.0027791836133251,0.0,0.393761722682399,val,2
S40085,229,23,2026-05-31,47,14,0.002674378377898,0.0,0.3157894874886748,val,2
S40595,229,23,2026-05-31,43,13,0.0026196450693132,0.0042141500474833,0.3155835651377849,val,2
S42508,229,23,2026-05-31,35,16,0.0028421381569301,0.0,0.3212338838872374,val,2
S43185,229,23,2026-05-31,33,24,0.0029266442833941,0.0197034570250555,0.4135657417371737,val,2
S01864,229,23,2026-05-31,29,30,0.0026754412847287,0.0059010709790791,0.3888443256804968,val,3
S01987,229,23,2026-05-31,57,17,0.0028358833307271,0.0,0.4043044365173108,val,3
S02740,229,23,2026-05-31,60,23,0.0027399631230989,0.0,0.370174141112186,val,3
S02746,229,23,2026-05-31,45,27,0.0026309209832634,0.0,0.3338404455320525,val,3
S07938,229,23,2026-05-31,48,26,0.002657421919257,0.0086800666286804,0.4306203026488054,val,3
S09229,229,23,2026-05-31,53,24,0.0028826712072831,0.0,0.3584428547212573,val,3
S09891,229,23,2026-05-31,39,23,0.002966861542763,0.0,0.39869201982896,val,3
S12288,229,23,2026-05-31,25,22,0.0030379677765968,0.0,0.4399406305585745,val,3
S12663,229,23,2026-05-31,50,22,0.0029558849553142,0.0,0.4292709217000988,val,3
S13793,229,23,2026-05-31,31,26,0.00278578990812,0.0117383089277279,0.360810320308859,val,3
S14545,229,23,2026-05-31,23,18,0.00288561294812,0.0,0.4348997795953245,val,3
S15440,229,23,2026-05-31,17,21,0.002755167872518,0.0,0.3885024424432413,val,3
S16316,229,23,2026-05-31,47,25,0.0028990245728918,0.0,0.3656174539256279,val,3
S19456,229,23,2026-05-31,25,16,0.0025122775193424,0.0068261963870604,0.3868304827735446,val,3
S30286,229,23,2026-05-31,59,20,0.0025145668099659,0.0017542837880528,0.4322689924746725,val,3
S31087,229,23,2026-05-31,25,18,0.002949409908906,0.0,0.4280946282372936,val,3
S32011,229,23,2026-05-31,16,18,0.0026891050522076,0.0066584496664076,0.3940694564310929,val,3
S35257,229,23,2026-05-31,59,22,0.0029484897247257,0.0220311184006383,0.3623251971963381,val,3
S35752,229,23,2026-05-31,47,15,0.0026421609855027,0.0,0.393761722682399,val,3
S40085,229,23,2026-05-31,53,14,0.0027214189859556,0.0,0.3157894874886748,val,3
S40595,229,23,2026-05-31,37,13,0.0027551538582014,0.0042141500474833,0.3155835651377849,val,3
S42508,229,23,2026-05-31,41,16,0.0028946881730881,0.0,0.3212338838872374,val,3
S43185,229,23,2026-05-31,39,24,0.0031220197327434,0.0197034570250555,0.4135657417371737,val,3
S01864,229,23,2026-05-31,27,30,0.0026702434731949,0.0059010709790791,0.3888443256804968,val,4
S01987,229,23,2026-05-31,59,17,0.0028923300731638,0.0,0.4043044365173108,val,4
S02740,229,23,2026-05-31,59,24,0.0028813157271354,0.0,0.370174141112186,val,4
S02746,229,23,2026-05-31,47,27,0.0025051885190665,0.0,0.3338404455320525,val,4
S07938,229,23,2026-05-31,46,26,0.0029516920390101,0.0086800666286804,0.4306203026488054,val,4
S09229,229,23,2026-05-31,51,24,0.0029324388141883,0.0,0.3584428547212573,val,4
S09891,229,23,2026-05-31,41,23,0.0030332618712352,0.0,0.39869201982896,val,4
S12288,229,23,2026-05-31,23,22,0.0028262439583845,0.0,0.4399406305585745,val,4
S12663,229,23,2026-05-31,48,22,0.0031605725436153,0.0,0.4292709217000988,val,4
S13793,229,23,2026-05-31,29,26,0.0026360567832752,0.0117383089277279,0.360810320308859,val,4
S14545,229,23,2026-05-31,21,18,0.0028582049827826,0.0,0.4348997795953245,val,4
S15440,229,23,2026-05-31,19,21,0.0029220842276126,0.0,0.3885024424432413,val,4
S16316,229,23,2026-05-31,49,25,0.0029720933085474,0.0,0.3656174539256279,val,4
S19456,229,23,2026-05-31,23,16,0.0027861556111381,0.0068261963870604,0.3868304827735446,val,4
S30286,229,23,2026-05-31,57,20,0.0028914352788476,0.0017542837880528,0.4322689924746725,val,4
S31087,229,23,2026-05-31,22,18,0.0025892242286374,0.0,0.4280946282372936,val,4
S32011,229,23,2026-05-31,14,19,0.0026088239244365,0.0066584496664076,0.3940694564310929,val,4
S35257,229,23,2026-05-31,57,22,0.0026129765419267,0.0220311184006383,0.3623251971963381,val,4
S35752,229,23,2026-05-31,49,15,0.0027752532142073,0.0,0.393761722682399,val,4
S40085,229,23,2026-05-31,51,14,0.00279034245923,0.0,0.3157894874886748,val,4
S40595,229,23,2026-05-31,39,13,0.0022805028502457,0.0042141500474833,0.3155835651377849,val,4
S42508,229,23,2026-05-31,39,16,0.0028017496768882,0.0,0.3212338838872374,val,4
S43185,229,23,2026-05-31,37,24,0.0031099517966483,0.0197034570250555,0.4135657417371737,val,4
S08830,229,24,2026-05-31,47,22,0.001764532283894,0.0,0.278923502152169,val,1
S09419,229,24,2026-05-31,27,14,0.0020406430546507,0.0,0.3891787779381966,val,1
S11491,229,24,2026-05-31,55,22,0.0023118309665582,0.024880368685307,0.2909781748784792,val,1
S11713,229,24,2026-05-31,18,18,0.0023132079166869,0.0,0.3577658659328051,val,1
S11719,229,24,2026-05-31,13,21,0.0020382865914632,0.0,0.3202890747036684,val,1
S13144,229,24,2026-05-31,29,15,0.0021100968893236,0.0,0.3419704252402025,val,1
S13451,229,24,2026-05-31,56,13,0.0017716816292562,0.0,0.363877554313485,val,1
S13818,229,24,2026-05-31,45,23,0.0021195014944057,0.0131995846247413,0.300007600953417,val,1
S15447,229,24,2026-05-31,42,26,0.0019046298360427,0.0,0.3168240564568643,val,1
S18912,229,24,2026-05-31,28,13,0.0018537768981875,0.0,0.3258337666654207,val,1
S21924,229,24,2026-05-31,28,23,0.001985824209158,0.0,0.2720809877850448,val,1
S21929,229,24,2026-05-31,35,14,0.0021116705005876,0.0,0.3071684808477903,val,1
S23231,229,24,2026-05-31,56,16,0.00205588170647,0.0,0.3153404774185249,val,1
S23663,229,24,2026-05-31,19,27,0.0023451202949214,0.0062697902080258,0.3076893945747727,val,1
S23665,229,24,2026-05-31,30,20,0.0021540863591404,0.0,0.3160634541278039,val,1
S23869,229,24,2026-05-31,34,18,0.0019608415897587,0.0,0.2703624150548826,val,1
S23870,229,24,2026-05-31,47,24,0.0017320814644435,0.0,0.2867493986239278,val,1
S26975,229,24,2026-05-31,47,25,0.0022255918470949,0.003783092544948,0.3300661968729428,val,1
S27438,229,24,2026-05-31,55,17,0.002118249103254,0.0,0.287937406136255,val,1
S28417,229,24,2026-05-31,20,23,0.0022577809693123,0.0,0.3669529794055644,val,1
S29212,229,24,2026-05-31,29,23,0.0018037736877404,0.0,0.289703065712907,val,1
S30070,229,24,2026-05-31,39,22,0.0020292005919821,0.0,0.2631625582555254,val,1
S36666,229,24,2026-05-31,56,29,0.0023048956245803,0.0,0.35802885390424,val,1
S37174,229,24,2026-05-31,56,27,0.0023546588793135,0.0,0.2597027185353002,val,1
S38500,229,24,2026-05-31,20,19,0.0019512528797626,0.0140188761205228,0.2469447411130898,val,1
S38677,229,24,2026-05-31,28,21,0.0017644027676126,0.0,0.3190537213408264,val,1
S39238,229,24,2026-05-31,32,26,0.0021917911585397,0.0,0.3535994896950195,val,1
S40622,229,24,2026-05-31,56,25,0.002213703470512,0.0,0.2942634958509045,val,1
S08830,229,24,2026-05-31,45,22,0.0018436942225748,0.0,0.278923502152169,val,2
S09419,229,24,2026-05-31,25,14,0.0018089684943796,0.0,0.3891787779381966,val,2
S11491,229,24,2026-05-31,53,22,0.0022681084826663,0.024880368685307,0.2909781748784792,val,2
S11713,229,24,2026-05-31,16,18,0.0019096487393286,0.0,0.3577658659328051,val,2
S11719,229,24,2026-05-31,15,21,0.002413473721577,0.0,0.3202890747036684,val,2
S13144,229,24,2026-05-31,31,15,0.0019127255087079,0.0,0.3419704252402025,val,2
S13451,229,24,2026-05-31,60,15,0.0017639688102429,0.0,0.363877554313485,val,2
S13818,229,24,2026-05-31,47,23,0.0017922567958721,0.0131995846247413,0.300007600953417,val,2
S15447,229,24,2026-05-31,40,26,0.0019551485725696,0.0,0.3168240564568643,val,2
S18912,229,24,2026-05-31,30,13,0.0024071438852061,0.0,0.3258337666654207,val,2
S21924,229,24,2026-05-31,30,23,0.0023025044860964,0.0,0.2720809877850448,val,2
S21929,229,24,2026-05-31,33,14,0.0021551783614071,0.0,0.3071684808477903,val,2
S23231,229,24,2026-05-31,54,16,0.002251922739951,0.0,0.3153404774185249,val,2
S23663,229,24,2026-05-31,22,27,0.0024633505366218,0.0062697902080258,0.3076893945747727,val,2
S23665,229,24,2026-05-31,28,20,0.0017290022735901,0.0,0.3160634541278039,val,2
S23869,229,24,2026-05-31,33,18,0.0018831830548572,0.0,0.2703624150548826,val,2
S23870,229,24,2026-05-31,45,24,0.0019431944186256,0.0,0.2867493986239278,val,2
S26975,229,24,2026-05-31,50,25,0.0022717538446633,0.003783092544948,0.3300661968729428,val,2
S27438,229,24,2026-05-31,57,17,0.002098177017893,0.0,0.287937406136255,val,2
S28417,229,24,2026-05-31,22,23,0.002277638739037,0.0,0.3669529794055644,val,2
S29212,229,24,2026-05-31,31,23,0.0019239531622708,0.0,0.289703065712907,val,2
S30070,229,24,2026-05-31,36,22,0.0017431592755395,0.0,0.2631625582555254,val,2
S36666,229,24,2026-05-31,52,30,0.0023830122066765,0.0,0.35802885390424,val,2
S37174,229,24,2026-05-31,57,27,0.0025688834096328,0.0,0.2597027185353002,val,2
S38500,229,24,2026-05-31,23,19,0.0020787511764999,0.0140188761205228,0.2469447411130898,val,2
S38677,229,24,2026-05-31,30,21,0.0018610721138311,0.0,0.3190537213408264,val,2
S39238,229,24,2026-05-31,30,26,0.0023146358232334,0.0,0.3535994896950195,val,2
S40622,229,24,2026-05-31,58,25,0.0021889710989667,0.0,0.2942634958509045,val,2
S08830,229,24,2026-05-31,52,22,0.0021890640978135,0.0,0.278923502152169,val,3
S09419,229,24,2026-05-31,31,14,0.002140826638778,0.0,0.3891787779381966,val,3
S11491,229,24,2026-05-31,59,22,0.0021697235496245,0.024880368685307,0.2909781748784792,val,3
S11713,229,24,2026-05-31,22,18,0.001826215197613,0.0,0.3577658659328051,val,3
S11719,229,24,2026-05-31,17,20,0.002031431335684,0.0,0.3202890747036684,val,3
S13144,229,24,2026-05-31,25,15,0.001780083972928,0.0,0.3419704252402025,val,3
S13451,229,24,2026-05-31,52,12,0.0017001372450645,0.0,0.363877554313485,val,3
S13818,229,24,2026-05-31,41,23,0.0018624325175571,0.0131995846247413,0.300007600953417,val,3
S15447,229,24,2026-05-31,46,26,0.0021242560306797,0.0,0.3168240564568643,val,3
S18912,229,24,2026-05-31,34,12,0.0024260000415862,0.0,0.3258337666654207,val,3
S21924,229,24,2026-05-31,24,23,0.0024673665249402,0.0,0.2720809877850448,val,3
S21929,229,24,2026-05-31,49,14,0.0022960332484998,0.0,0.3071684808477903,val,3
S23231,229,24,2026-05-31,60,16,0.0022311454912562,0.0,0.3153404774185249,val,3
S23663,229,24,2026-05-31,19,26,0.0023203813675532,0.0062697902080258,0.3076893945747727,val,3
S23665,229,24,2026-05-31,34,20,0.0019096056111248,0.0,0.3160634541278039,val,3
S23869,229,24,2026-05-31,37,18,0.0020172307304219,0.0,0.2703624150548826,val,3
S23870,229,24,2026-05-31,51,24,0.0023848783007346,0.0,0.2867493986239278,val,3
S26975,229,24,2026-05-31,43,25,0.0017600791307307,0.003783092544948,0.3300661968729428,val,3
S27438,229,24,2026-05-31,50,17,0.0023493618247145,0.0,0.287937406136255,val,3
S28417,229,24,2026-05-31,16,23,0.002058109332738,0.0,0.3669529794055644,val,3
S29212,229,24,2026-05-31,25,23,0.0025044484175504,0.0,0.289703065712907,val,3
S30070,229,24,2026-05-31,43,22,0.0019734035739045,0.0,0.2631625582555254,val,3
S36666,229,24,2026-05-31,54,29,0.0024327369728758,0.0,0.35802885390424,val,3
S37174,229,24,2026-05-31,54,27,0.0021538602271397,0.0,0.2597027185353002,val,3
S38500,229,24,2026-05-31,16,19,0.0019034749787621,0.0140188761205228,0.2469447411130898,val,3
S38677,229,24,2026-05-31,24,21,0.0022173478016838,0.0,0.3190537213408264,val,3
S39238,229,24,2026-05-31,37,26,0.002224332445169,0.0,0.3535994896950195,val,3
S40622,229,24,2026-05-31,52,25,0.0024659543561812,0.0,0.2942634958509045,val,3
S08830,229,24,2026-05-31,50,22,0.0023376328317459,0.0,0.278923502152169,val,4
S09419,229,24,2026-05-31,29,14,0.0019905383371504,0.0,0.3891787779381966,val,4
S11491,229,24,2026-05-31,57,22,0.0019748900639824,0.024880368685307,0.2909781748784792,val,4
S11713,229,24,2026-05-31,20,18,0.0021244970445959,0.0,0.3577658659328051,val,4
S11719,229,24,2026-05-31,15,20,0.001884399633031,0.0,0.3202890747036684,val,4
S13144,229,24,2026-05-31,27,15,0.0023490886364778,0.0,0.3419704252402025,val,4
S13451,229,24,2026-05-31,54,13,0.0016450924270399,0.0,0.363877554313485,val,4
S13818,229,24,2026-05-31,43,23,0.0017873362129807,0.0131995846247413,0.300007600953417,val,4
S15447,229,24,2026-05-31,44,26,0.0017433429673708,0.0,0.3168240564568643,val,4
S18912,229,24,2026-05-31,32,12,0.0017285696578326,0.0,0.3258337666654207,val,4
S21924,229,24,2026-05-31,26,23,0.0025538045363018,0.0,0.2720809877850448,val,4
S21929,229,24,2026-05-31,46,14,0.002232013011581,0.0,0.3071684808477903,val,4
S23231,229,24,2026-05-31,58,16,0.0022123333650606,0.0,0.3153404774185249,val,4
S23663,229,24,2026-05-31,17,26,0.0024043378572393,0.0062697902080258,0.3076893945747727,val,4
S23665,229,24,2026-05-31,32,20,0.0022824606591529,0.0,0.3160634541278039,val,4
S23869,229,24,2026-05-31,35,18,0.0015841846037548,0.0,0.2703624150548826,val,4
S23870,229,24,2026-05-31,49,24,0.0021118850478309,0.0,0.2867493986239278,val,4
S26975,229,24,2026-05-31,45,25,0.0020344935358082,0.003783092544948,0.3300661968729428,val,4
S27438,229,24,2026-05-31,53,17,0.00239557474713,0.0,0.287937406136255,val,4
S28417,229,24,2026-05-31,18,23,0.0024155141545412,0.0,0.3669529794055644,val,4
S29212,229,24,2026-05-31,27,23,0.002463003270778,0.0,0.289703065712907,val,4
S30070,229,24,2026-05-31,41,22,0.0019378024036124,0.0,0.2631625582555254,val,4
S36666,229,24,2026-05-31,55,29,0.0022880239123398,0.0,0.35802885390424,val,4
S37174,229,24,2026-05-31,55,27,0.0023339283482809,0.0,0.2597027185353002,val,4
S38500,229,24,2026-05-31,18,19,0.0023357469867242,0.0140188761205228,0.2469447411130898,val,4
S38677,229,24,2026-05-31,26,21,0.0018657145046935,0.0,0.3190537213408264,val,4
S39238,229,24,2026-05-31,34,26,0.0017227876025381,0.0,0.3535994896950195,val,4
S40622,229,24,2026-05-31,54,25,0.0021430688464225,0.0,0.2942634958509045,val,4
S00663,229,25,2026-05-31,55,27,0.00205397091548,0.0,0.4021167768587362,val,1
S02377,229,25,2026-05-31,14,25,0.0015936221059832,0.0,0.421031001371758,val,1
S02903,229,25,2026-05-31,34,24,0.0020172142984258,0.0,0.4219834955552482,val,1
S04466,229,25,2026-05-31,28,15,0.0019067485761524,0.0,0.4125275389489587,val,1
S04520,229,25,2026-05-31,63,20,0.0021513600917163,0.0,0.4055181867687191,val,1
S04669,229,25,2026-05-31,31,22,0.0017777798613412,0.0,0.3853235520550626,val,1
S09252,229,25,2026-05-31,53,23,0.0020448802075095,0.0,0.4256999293837362,val,1
S10379,229,25,2026-05-31,30,31,0.0014427787483295,0.0,0.3775386071423622,val,1
S12678,229,25,2026-05-31,52,28,0.0022439231881266,0.0,0.3790713525126872,val,1
S13408,229,25,2026-05-31,32,18,0.0021791602787788,0.0,0.3928271115376573,val,1
S18387,229,25,2026-05-31,16,25,0.0019006556964395,0.0,0.4513362153321633,val,1
S19568,229,25,2026-05-31,45,28,0.0020605724287717,0.0,0.4322579004983648,val,1
S21793,229,25,2026-05-31,13,22,0.0022346420180941,0.0,0.4725865311177511,val,1
S23214,229,25,2026-05-31,42,25,0.002329369950736,0.0,0.3704872383752746,val,1
S23667,229,25,2026-05-31,23,27,0.0017358342166609,0.0,0.4153896272792132,val,1
S23862,229,25,2026-05-31,32,16,0.0022662455911223,0.0,0.449971753613654,val,1
S25153,229,25,2026-05-31,40,27,0.0020455302576075,0.0,0.4233497387769231,val,1
S25592,229,25,2026-05-31,44,24,0.0023187697571598,0.0,0.409460692515766,val,1
S26949,229,25,2026-05-31,25,18,0.0023127103301904,0.0085543220349401,0.4781924676307674,val,1
S27446,229,25,2026-05-31,22,20,0.0019485820171507,0.0,0.4761057026994962,val,1
S28870,229,25,2026-05-31,27,21,0.0018767360649763,0.0,0.4501688239786849,val,1
S29173,229,25,2026-05-31,57,15,0.0021421133573159,0.0127077769177306,0.422818983246922,val,1
S30274,229,25,2026-05-31,45,17,0.0023450545527216,0.0233394020836042,0.4830052199336392,val,1
S33949,229,25,2026-05-31,49,22,0.0023244385150111,0.0,0.4315124831225924,val,1
S38494,229,25,2026-05-31,54,16,0.0023055667828616,0.0055497396814762,0.4790815150336699,val,1
S42944,229,25,2026-05-31,34,14,0.0019487986750314,0.0,0.4385853275504607,val,1
S00663,229,25,2026-05-31,57,27,0.0018764969381284,0.0,0.4021167768587362,val,2
S02377,229,25,2026-05-31,16,26,0.0016226119324522,0.0,0.421031001371758,val,2
S02903,229,25,2026-05-31,32,24,0.0019603332142309,0.0,0.4219834955552482,val,2
S04466,229,25,2026-05-31,30,15,0.0021924779963745,0.0,0.4125275389489587,val,2
S04520,229,25,2026-05-31,61,20,0.0020920733345511,0.0,0.4055181867687191,val,2
S04669,229,25,2026-05-31,29,22,0.0021648664531231,0.0,0.3853235520550626,val,2
S09252,229,25,2026-05-31,55,23,0.0020188250125769,0.0,0.4256999293837362,val,2
S10379,229,25,2026-05-31,33,32,0.0016598728457885,0.0,0.3775386071423622,val,2
S12678,229,25,2026-05-31,49,28,0.0020579733267173,0.0,0.3790713525126872,val,2
S13408,229,25,2026-05-31,30,18,0.0023603047278586,0.0,0.3928271115376573,val,2
S18387,229,25,2026-05-31,17,25,0.0019154524820734,0.0,0.4513362153321633,val,2
S19568,229,25,2026-05-31,43,28,0.0018969206025977,0.0,0.4322579004983648,val,2
S21793,229,25,2026-05-31,15,23,0.001930231340351,0.0,0.4725865311177511,val,2
S23214,229,25,2026-05-31,44,25,0.0021164670949856,0.0,0.3704872383752746,val,2
S23667,229,25,2026-05-31,25,27,0.0018546636984443,0.0,0.4153896272792132,val,2
S23862,229,25,2026-05-31,30,16,0.0022781538436935,0.0,0.449971753613654,val,2
S25153,229,25,2026-05-31,43,27,0.0017730697223456,0.0,0.4233497387769231,val,2
S25592,229,25,2026-05-31,42,24,0.0021275575334656,0.0,0.409460692515766,val,2
S26949,229,25,2026-05-31,23,18,0.0018610307857353,0.0085543220349401,0.4781924676307674,val,2
S27446,229,25,2026-05-31,20,20,0.0022724168883536,0.0,0.4761057026994962,val,2
S28870,229,25,2026-05-31,30,21,0.0017457505798581,0.0,0.4501688239786849,val,2
S29173,229,25,2026-05-31,61,16,0.002203479495014,0.0127077769177306,0.422818983246922,val,2
S30274,229,25,2026-05-31,47,17,0.0023418637931219,0.0233394020836042,0.4830052199336392,val,2
S33949,229,25,2026-05-31,46,22,0.002086093252474,0.0,0.4315124831225924,val,2
S38494,229,25,2026-05-31,52,16,0.0024807872771536,0.0055497396814762,0.4790815150336699,val,2
S42944,229,25,2026-05-31,32,14,0.001980329597269,0.0,0.4385853275504607,val,2
S00663,229,25,2026-05-31,51,27,0.0020767832891884,0.0,0.4021167768587362,val,3
S02377,229,25,2026-05-31,15,17,0.0013761413704208,0.0,0.421031001371758,val,3
S02903,229,25,2026-05-31,38,24,0.0024258549154562,0.0,0.4219834955552482,val,3
S04466,229,25,2026-05-31,24,15,0.0019274774996694,0.0,0.4125275389489587,val,3
S04520,229,25,2026-05-31,64,19,0.001971107051604,0.0,0.4055181867687191,val,3
S04669,229,25,2026-05-31,35,22,0.0018704118454334,0.0,0.3853235520550626,val,3
S09252,229,25,2026-05-31,49,23,0.002175861142347,0.0,0.4256999293837362,val,3
S10379,229,25,2026-05-31,24,30,0.0015043474000645,0.0,0.3775386071423622,val,3
S12678,229,25,2026-05-31,57,28,0.0018320762753238,0.0,0.3790713525126872,val,3
S13408,229,25,2026-05-31,37,18,0.002332260392128,0.0,0.3928271115376573,val,3
S18387,229,25,2026-05-31,15,24,0.0019678159810615,0.0,0.4513362153321633,val,3
S19568,229,25,2026-05-31,50,28,0.0020999804758817,0.0,0.4322579004983648,val,3
S21793,229,25,2026-05-31,18,22,0.0020405499424299,0.0,0.4725865311177511,val,3
S23214,229,25,2026-05-31,37,25,0.0023070449014277,0.0,0.3704872383752746,val,3
S23667,229,25,2026-05-31,18,27,0.0022880495326176,0.0,0.4153896272792132,val,3
S23862,229,25,2026-05-31,37,16,0.002447960503186,0.0,0.449971753613654,val,3
S25153,229,25,2026-05-31,36,27,0.0019591212068959,0.0,0.4233497387769231,val,3
S25592,229,25,2026-05-31,48,24,0.0020843740596945,0.0,0.409460692515766,val,3
S26949,229,25,2026-05-31,29,18,0.0021534409824531,0.0085543220349401,0.4781924676307674,val,3
S27446,229,25,2026-05-31,26,20,0.001983405220598,0.0,0.4761057026994962,val,3
S28870,229,25,2026-05-31,23,21,0.0021106255413019,0.0,0.4501688239786849,val,3
S29173,229,25,2026-05-31,53,15,0.0021775893741184,0.0127077769177306,0.422818983246922,val,3
S30274,229,25,2026-05-31,39,17,0.0024677291125621,0.0233394020836042,0.4830052199336392,val,3
S33949,229,25,2026-05-31,53,22,0.0025006134291875,0.0,0.4315124831225924,val,3
S38494,229,25,2026-05-31,59,16,0.0022887023833942,0.0055497396814762,0.4790815150336699,val,3
S42944,229,25,2026-05-31,38,14,0.0022488786761842,0.0,0.4385853275504607,val,3
S00663,229,25,2026-05-31,53,27,0.0019570286489589,0.0,0.4021167768587362,val,4
S02377,229,25,2026-05-31,14,18,0.0013640599970599,0.0,0.421031001371758,val,4
S02903,229,25,2026-05-31,36,24,0.0018430897871058,0.0,0.4219834955552482,val,4
S04466,229,25,2026-05-31,26,15,0.0019434985844929,0.0,0.4125275389489587,val,4
S04520,229,25,2026-05-31,65,20,0.0021674193120261,0.0,0.4055181867687191,val,4
S04669,229,25,2026-05-31,33,22,0.0019975174713858,0.0,0.3853235520550626,val,4
S09252,229,25,2026-05-31,51,23,0.0023593704104699,0.0,0.4256999293837362,val,4
S10379,229,25,2026-05-31,28,31,0.0016137939113111,0.0,0.3775386071423622,val,4
S12678,229,25,2026-05-31,54,28,0.0020008487488887,0.0,0.3790713525126872,val,4
S13408,229,25,2026-05-31,34,18,0.0021765688069479,0.0,0.3928271115376573,val,4
S18387,229,25,2026-05-31,14,24,0.0020337891233875,0.0,0.4513362153321633,val,4
S19568,229,25,2026-05-31,48,28,0.0020060370881625,0.0,0.4322579004983648,val,4
S21793,229,25,2026-05-31,16,22,0.0020012468967538,0.0,0.4725865311177511,val,4
S23214,229,25,2026-05-31,39,25,0.0021722216102902,0.0,0.3704872383752746,val,4
S23667,229,25,2026-05-31,20,27,0.0017732739902107,0.0,0.4153896272792132,val,4
S23862,229,25,2026-05-31,35,16,0.0021332130055572,0.0,0.449971753613654,val,4
S25153,229,25,2026-05-31,38,27,0.0018435463342443,0.0,0.4233497387769231,val,4
S25592,229,25,2026-05-31,46,24,0.0023226570607366,0.0,0.409460692515766,val,4
S26949,229,25,2026-05-31,27,18,0.002201201477084,0.0085543220349401,0.4781924676307674,val,4
S27446,229,25,2026-05-31,24,20,0.0019256109466681,0.0,0.4761057026994962,val,4
S28870,229,25,2026-05-31,25,21,0.0018431692697661,0.0,0.4501688239786849,val,4
S29173,229,25,2026-05-31,55,15,0.0020671447548985,0.0127077769177306,0.422818983246922,val,4
S30274,229,25,2026-05-31,41,17,0.0023681452056408,0.0233394020836042,0.4830052199336392,val,4
S33949,229,25,2026-05-31,51,22,0.0021195522135791,0.0,0.4315124831225924,val,4
S38494,229,25,2026-05-31,57,16,0.0023205145892082,0.0055497396814762,0.4790815150336699,val,4
S42944,229,25,2026-05-31,36,14,0.0023890680123008,0.0,0.4385853275504607,val,4
