ufs_serial,run_id,wafer_no,date,die_x,die_y,pred,health,clf_proba,split,position
S06713,219,1,2026-05-30,51,17,0.0027529184574479,0.0067748091603053,0.4053869260341955,val,1
S08247,219,1,2026-05-30,21,18,0.0029211759573935,0.0134647295878627,0.4445794676945909,val,1
S11091,219,1,2026-05-30,29,30,0.0027181170953959,0.0098079845282497,0.4075744352026526,val,1
S13703,219,1,2026-05-30,28,22,0.0030984271451706,0.0,0.4261539912742474,val,1
S17358,219,1,2026-05-30,21,21,0.0028136483241706,0.0199487410146256,0.3841653804092628,val,1
S17369,219,1,2026-05-30,24,14,0.0029465491533066,0.0042315107064883,0.4210503368106825,val,1
S17380,219,1,2026-05-30,50,27,0.0028586605168419,0.0202594327500615,0.3953720716670141,val,1
S19111,219,1,2026-05-30,39,28,0.0028361215037415,0.0041963237839526,0.4406791939857519,val,1
S19702,219,1,2026-05-30,46,19,0.0024075417066991,0.0,0.3422443734112438,val,1
S24594,219,1,2026-05-30,58,21,0.0029763345297199,0.0,0.4243620734833125,val,1
S25425,219,1,2026-05-30,53,28,0.0026750242840754,0.0,0.3678747364427817,val,1
S31151,219,1,2026-05-30,19,16,0.0031015356938253,0.0015876971044493,0.4161168613668599,val,1
S38511,219,1,2026-05-30,33,17,0.0029219697649273,0.0027081000525818,0.4779337843163294,val,1
S38524,219,1,2026-05-30,43,16,0.0028341356303853,0.0067688117126319,0.3896488631950037,val,1
S40192,219,1,2026-05-30,32,14,0.0031134545516479,0.0,0.4574729338233871,val,1
S43431,219,1,2026-05-30,31,14,0.0027446322359915,0.0119216815088003,0.3798684593769112,val,1
S06713,219,1,2026-05-30,53,17,0.0029013780803524,0.0067748091603053,0.4053869260341955,val,2
S08247,219,1,2026-05-30,19,18,0.0031448323054418,0.0134647295878627,0.4445794676945909,val,2
S11091,219,1,2026-05-30,28,30,0.0028231090689751,0.0098079845282497,0.4075744352026526,val,2
S13703,219,1,2026-05-30,24,22,0.0029604126151538,0.0,0.4261539912742474,val,2
S17358,219,1,2026-05-30,23,21,0.002886003933982,0.0199487410146256,0.3841653804092628,val,2
S17369,219,1,2026-05-30,20,15,0.0031182724061025,0.0042315107064883,0.4210503368106825,val,2
S17380,219,1,2026-05-30,52,27,0.0027237320375046,0.0202594327500615,0.3953720716670141,val,2
S19111,219,1,2026-05-30,37,28,0.0026209341589777,0.0041963237839526,0.4406791939857519,val,2
S19702,219,1,2026-05-30,48,19,0.0029457782370147,0.0,0.3422443734112438,val,2
S24594,219,1,2026-05-30,60,21,0.0027914150527492,0.0,0.4243620734833125,val,2
S25425,219,1,2026-05-30,52,28,0.002682360880854,0.0,0.3678747364427817,val,2
S31151,219,1,2026-05-30,20,17,0.0031439027252648,0.0015876971044493,0.4161168613668599,val,2
S38511,219,1,2026-05-30,36,17,0.0024166005341836,0.0027081000525818,0.4779337843163294,val,2
S38524,219,1,2026-05-30,41,16,0.0027731236378855,0.0067688117126319,0.3896488631950037,val,2
S40192,219,1,2026-05-30,30,14,0.0030825231791229,0.0,0.4574729338233871,val,2
S43431,219,1,2026-05-30,29,14,0.003129166060424,0.0119216815088003,0.3798684593769112,val,2
S06713,219,1,2026-05-30,47,17,0.0026540736683362,0.0067748091603053,0.4053869260341955,val,3
S08247,219,1,2026-05-30,25,18,0.0029889806697716,0.0134647295878627,0.4445794676945909,val,3
S11091,219,1,2026-05-30,32,30,0.0027068572223554,0.0098079845282497,0.4075744352026526,val,3
S13703,219,1,2026-05-30,41,22,0.0024061730989777,0.0,0.4261539912742474,val,3
S17358,219,1,2026-05-30,17,21,0.0026906532303235,0.0199487410146256,0.3841653804092628,val,3
S17369,219,1,2026-05-30,28,14,0.00298319556393,0.0042315107064883,0.4210503368106825,val,3
S17380,219,1,2026-05-30,46,27,0.002801410424466,0.0202594327500615,0.3953720716670141,val,3
S19111,219,1,2026-05-30,43,28,0.0023978593559435,0.0041963237839526,0.4406791939857519,val,3
S19702,219,1,2026-05-30,31,19,0.0027638292163824,0.0,0.3422443734112438,val,3
S24594,219,1,2026-05-30,54,21,0.0029401580984124,0.0,0.4243620734833125,val,3
S25425,219,1,2026-05-30,55,28,0.0029963801225053,0.0,0.3678747364427817,val,3
S31151,219,1,2026-05-30,23,16,0.0030318521826351,0.0015876971044493,0.4161168613668599,val,3
S38511,219,1,2026-05-30,29,17,0.0030767179702245,0.0027081000525818,0.4779337843163294,val,3
S38524,219,1,2026-05-30,47,16,0.0027083478800536,0.0067688117126319,0.3896488631950037,val,3
S40192,219,1,2026-05-30,36,14,0.00270454139865,0.0,0.4574729338233871,val,3
S43431,219,1,2026-05-30,35,14,0.0028510907697334,0.0119216815088003,0.3798684593769112,val,3
S06713,219,1,2026-05-30,49,17,0.0025903290063687,0.0067748091603053,0.4053869260341955,val,4
S08247,219,1,2026-05-30,23,18,0.003128576126048,0.0134647295878627,0.4445794676945909,val,4
S11091,219,1,2026-05-30,30,30,0.0028239085254759,0.0098079845282497,0.4075744352026526,val,4
S13703,219,1,2026-05-30,30,22,0.0026414900286558,0.0,0.4261539912742474,val,4
S17358,219,1,2026-05-30,19,21,0.0026191212390359,0.0199487410146256,0.3841653804092628,val,4
S17369,219,1,2026-05-30,26,14,0.0029278148547998,0.0042315107064883,0.4210503368106825,val,4
S17380,219,1,2026-05-30,48,27,0.0029847630467889,0.0202594327500615,0.3953720716670141,val,4
S19111,219,1,2026-05-30,41,28,0.0028974649369331,0.0041963237839526,0.4406791939857519,val,4
S19702,219,1,2026-05-30,34,19,0.0029847258456776,0.0,0.3422443734112438,val,4
S24594,219,1,2026-05-30,56,21,0.002708245107981,0.0,0.4243620734833125,val,4
S25425,219,1,2026-05-30,54,28,0.0028117279726447,0.0,0.3678747364427817,val,4
S31151,219,1,2026-05-30,21,16,0.0030850377708862,0.0015876971044493,0.4161168613668599,val,4
S38511,219,1,2026-05-30,31,17,0.0028922946355993,0.0027081000525818,0.4779337843163294,val,4
S38524,219,1,2026-05-30,45,16,0.0025119681695075,0.0067688117126319,0.3896488631950037,val,4
S40192,219,1,2026-05-30,34,14,0.0030021936898633,0.0,0.4574729338233871,val,4
S43431,219,1,2026-05-30,33,14,0.0031721112172946,0.0119216815088003,0.3798684593769112,val,4
S01394,219,2,2026-05-30,50,25,0.0029072696659618,0.0058097058325004,0.3402459446470118,val,1
S06696,219,2,2026-05-30,21,21,0.0027441170824412,0.0,0.3916470852898315,val,1
S11788,219,2,2026-05-30,51,14,0.0028143438005452,0.0,0.3321870628497436,val,1
S16060,219,2,2026-05-30,35,31,0.0028582567392563,0.0112985359643539,0.3100271486654409,val,1
S17001,219,2,2026-05-30,42,12,0.002498316262561,0.0,0.272861303619441,val,1
S17003,219,2,2026-05-30,15,22,0.0029571789566071,0.0,0.327428570987546,val,1
S19107,219,2,2026-05-30,63,18,0.002688744128431,0.0121320657577048,0.3205096939998215,val,1
S19480,219,2,2026-05-30,40,17,0.0027853723781325,0.0,0.3358271171793258,val,1
S20028,219,2,2026-05-30,35,12,0.0026564998237978,0.0,0.2833350072314103,val,1
S22563,219,2,2026-05-30,60,19,0.0029474647436159,0.0,0.3625289424322444,val,1
S23406,219,2,2026-05-30,45,15,0.0030002244620648,0.0,0.4117503927633071,val,1
S23945,219,2,2026-05-30,21,27,0.0030928699684317,0.0033874507558718,0.3874439200139039,val,1
S25419,219,2,2026-05-30,35,14,0.0029147632539825,0.0,0.4542167148320959,val,1
S31883,219,2,2026-05-30,51,30,0.0030441515405826,0.0,0.4113970320641105,val,1
S34919,219,2,2026-05-30,49,13,0.0026498157520372,0.0,0.3034598426990564,val,1
S36943,219,2,2026-05-30,34,26,0.0029787974643389,0.0,0.3538810814927705,val,1
S36947,219,2,2026-05-30,28,21,0.0027379969722887,0.0,0.3021062532127391,val,1
S37480,219,2,2026-05-30,32,13,0.0029257903660873,0.0,0.3674226474976481,val,1
S40183,219,2,2026-05-30,22,23,0.0029525869015541,0.0,0.3736111551039174,val,1
S40185,219,2,2026-05-30,22,15,0.0027107850293168,0.0049814573519093,0.3221123726357692,val,1
S41544,219,2,2026-05-30,56,18,0.0029555323277725,0.0018253670934426,0.4345861370500092,val,1
S42337,219,2,2026-05-30,32,22,0.0028484252259046,0.0043826001075809,0.3574239366325539,val,1
S43430,219,2,2026-05-30,31,30,0.0030704335648088,0.0190787680566911,0.3936491696749608,val,1
S01394,219,2,2026-05-30,51,25,0.0028868402467305,0.0058097058325004,0.3402459446470118,val,2
S06696,219,2,2026-05-30,23,21,0.0027627361638021,0.0,0.3916470852898315,val,2
S11788,219,2,2026-05-30,49,14,0.0027739741279872,0.0,0.3321870628497436,val,2
S16060,219,2,2026-05-30,36,31,0.0029056814033497,0.0112985359643539,0.3100271486654409,val,2
S17001,219,2,2026-05-30,40,12,0.0025622617720542,0.0,0.272861303619441,val,2
S17003,219,2,2026-05-30,15,23,0.0029430945301967,0.0,0.327428570987546,val,2
S19107,219,2,2026-05-30,62,18,0.0026755249006876,0.0121320657577048,0.3205096939998215,val,2
S19480,219,2,2026-05-30,41,17,0.0028564190042723,0.0,0.3358271171793258,val,2
S20028,219,2,2026-05-30,33,12,0.0026581939982135,0.0,0.2833350072314103,val,2
S22563,219,2,2026-05-30,62,19,0.0027730830507273,0.0,0.3625289424322444,val,2
S23406,219,2,2026-05-30,47,15,0.0028155196228493,0.0,0.4117503927633071,val,2
S23945,219,2,2026-05-30,22,27,0.0030684093015524,0.0033874507558718,0.3874439200139039,val,2
S25419,219,2,2026-05-30,33,14,0.0029048710166171,0.0,0.4542167148320959,val,2
S31883,219,2,2026-05-30,50,30,0.002973344019978,0.0,0.4113970320641105,val,2
S34919,219,2,2026-05-30,51,13,0.0026423676736943,0.0,0.3034598426990564,val,2
S36943,219,2,2026-05-30,33,26,0.0030535750745296,0.0,0.3538810814927705,val,2
S36947,219,2,2026-05-30,29,21,0.002673546743381,0.0,0.3021062532127391,val,2
S37480,219,2,2026-05-30,34,13,0.0029478196146189,0.0,0.3674226474976481,val,2
S40183,219,2,2026-05-30,27,23,0.0027972083273696,0.0,0.3736111551039174,val,2
S40185,219,2,2026-05-30,24,15,0.0028138706733368,0.0049814573519093,0.3221123726357692,val,2
S41544,219,2,2026-05-30,54,18,0.0029571538669268,0.0018253670934426,0.4345861370500092,val,2
S42337,219,2,2026-05-30,30,22,0.0027807854945717,0.0043826001075809,0.3574239366325539,val,2
S43430,219,2,2026-05-30,30,30,0.0030118289950767,0.0190787680566911,0.3936491696749608,val,2
S01394,219,2,2026-05-30,48,25,0.0027006898273284,0.0058097058325004,0.3402459446470118,val,3
S06696,219,2,2026-05-30,17,21,0.0028808111990869,0.0,0.3916470852898315,val,3
S11788,219,2,2026-05-30,55,14,0.0029003152960516,0.0,0.3321870628497436,val,3
S16060,219,2,2026-05-30,33,31,0.0028492301876951,0.0112985359643539,0.3100271486654409,val,3
S17001,219,2,2026-05-30,46,12,0.0025733663011929,0.0,0.272861303619441,val,3
S17003,219,2,2026-05-30,19,22,0.002925267257454,0.0,0.327428570987546,val,3
S19107,219,2,2026-05-30,62,17,0.0026219534747177,0.0121320657577048,0.3205096939998215,val,3
S19480,219,2,2026-05-30,38,17,0.0029272974259408,0.0,0.3358271171793258,val,3
S20028,219,2,2026-05-30,39,12,0.0025142325707207,0.0,0.2833350072314103,val,3
S22563,219,2,2026-05-30,56,19,0.0029090652367489,0.0,0.3625289424322444,val,3
S23406,219,2,2026-05-30,39,15,0.0029110025282135,0.0,0.4117503927633071,val,3
S23945,219,2,2026-05-30,19,27,0.0030373854269182,0.0033874507558718,0.3874439200139039,val,3
S25419,219,2,2026-05-30,39,14,0.0025369498621143,0.0,0.4542167148320959,val,3
S31883,219,2,2026-05-30,56,29,0.0028824641010832,0.0,0.4113970320641105,val,3
S34919,219,2,2026-05-30,44,13,0.0028063947499863,0.0,0.3034598426990564,val,3
S36943,219,2,2026-05-30,36,26,0.0029249439930926,0.0,0.3538810814927705,val,3
S36947,219,2,2026-05-30,26,21,0.0028929389872701,0.0,0.3021062532127391,val,3
S37480,219,2,2026-05-30,27,13,0.0028633845189075,0.0,0.3674226474976481,val,3
S40183,219,2,2026-05-30,18,23,0.0028442025133254,0.0,0.3736111551039174,val,3
S40185,219,2,2026-05-30,24,14,0.0028505582027474,0.0049814573519093,0.3221123726357692,val,3
S41544,219,2,2026-05-30,60,18,0.0028456921876601,0.0018253670934426,0.4345861370500092,val,3
S42337,219,2,2026-05-30,36,22,0.0027681042790634,0.0043826001075809,0.3574239366325539,val,3
S43430,219,2,2026-05-30,33,30,0.0030773855238288,0.0190787680566911,0.3936491696749608,val,3
S01394,219,2,2026-05-30,49,25,0.0028794574742648,0.0058097058325004,0.3402459446470118,val,4
S06696,219,2,2026-05-30,19,21,0.0029027324210143,0.0,0.3916470852898315,val,4
S11788,219,2,2026-05-30,53,14,0.0028890902778025,0.0,0.3321870628497436,val,4
S16060,219,2,2026-05-30,34,31,0.0028633662482483,0.0112985359643539,0.3100271486654409,val,4
S17001,219,2,2026-05-30,44,12,0.0026550845360617,0.0,0.272861303619441,val,4
S17003,219,2,2026-05-30,17,22,0.003065918959954,0.0,0.327428570987546,val,4
S19107,219,2,2026-05-30,64,18,0.0025678693363398,0.0121320657577048,0.3205096939998215,val,4
S19480,219,2,2026-05-30,39,17,0.002825441857356,0.0,0.3358271171793258,val,4
S20028,219,2,2026-05-30,37,12,0.0024577619459236,0.0,0.2833350072314103,val,4
S22563,219,2,2026-05-30,58,19,0.0029221325957232,0.0,0.3625289424322444,val,4
S23406,219,2,2026-05-30,41,15,0.0029573165877234,0.0,0.4117503927633071,val,4
S23945,219,2,2026-05-30,20,27,0.0030297335266598,0.0033874507558718,0.3874439200139039,val,4
S25419,219,2,2026-05-30,37,14,0.0027526205623024,0.0,0.4542167148320959,val,4
S31883,219,2,2026-05-30,52,30,0.0029942279248567,0.0,0.4113970320641105,val,4
S34919,219,2,2026-05-30,47,13,0.0027366752707507,0.0,0.3034598426990564,val,4
S36943,219,2,2026-05-30,35,26,0.0029932778217221,0.0,0.3538810814927705,val,4
S36947,219,2,2026-05-30,27,21,0.0027805244920194,0.0,0.3021062532127391,val,4
S37480,219,2,2026-05-30,29,13,0.0029323729311227,0.0,0.3674226474976481,val,4
S40183,219,2,2026-05-30,20,23,0.0029124812198588,0.0,0.3736111551039174,val,4
S40185,219,2,2026-05-30,20,15,0.0025542165465765,0.0049814573519093,0.3221123726357692,val,4
S41544,219,2,2026-05-30,58,18,0.0027258619203646,0.0018253670934426,0.4345861370500092,val,4
S42337,219,2,2026-05-30,34,22,0.0028511474919695,0.0043826001075809,0.3574239366325539,val,4
S43430,219,2,2026-05-30,32,30,0.0030742866722731,0.0190787680566911,0.3936491696749608,val,4
S00633,219,3,2026-05-30,21,16,0.0032652214011942,0.0,0.4092748885737374,val,1
S06664,219,3,2026-05-30,24,29,0.0033384064039519,0.004558211200176,0.390071579979863,val,1
S06669,219,3,2026-05-30,48,29,0.0033029051433348,0.0030014524130892,0.4578787515944199,val,1
S07321,219,3,2026-05-30,56,19,0.0033761877381645,0.0,0.4924904623689916,val,1
S14750,219,3,2026-05-30,19,17,0.0033000768523081,0.0,0.4761317755695287,val,1
S17005,219,3,2026-05-30,42,28,0.0031841779509654,0.0,0.4397634263205739,val,1
S17010,219,3,2026-05-30,23,15,0.0034141233460065,0.0,0.4379687084294201,val,1
S17362,219,3,2026-05-30,31,24,0.003438574643812,0.0086578147416778,0.4565169395275621,val,1
S17963,219,3,2026-05-30,45,15,0.003278224528638,0.0,0.4773136633042837,val,1
S19110,219,3,2026-05-30,48,13,0.0033688476497183,0.0075554223565794,0.4926835829831654,val,1
S19495,219,3,2026-05-30,15,24,0.0032723047054539,0.0068650912870664,0.4303621717118472,val,1
S19704,219,3,2026-05-30,61,18,0.0031937096277308,0.0,0.4470079027615721,val,1
S24595,219,3,2026-05-30,43,27,0.0029546411462789,0.0020698501545099,0.4510917084587253,val,1
S25422,219,3,2026-05-30,45,17,0.0034722610724423,0.0030395322667449,0.462647770690024,val,1
S26493,219,3,2026-05-30,20,21,0.0034105896061587,0.0,0.440815266860822,val,1
S35567,219,3,2026-05-30,45,14,0.0033871541901637,0.0020247450735956,0.4626042864188617,val,1
S36443,219,3,2026-05-30,43,16,0.0032115353109362,0.0,0.4691958299103413,val,1
S40214,219,3,2026-05-30,56,26,0.003371903857261,0.0084158834984336,0.4159878098119597,val,1
S40721,219,3,2026-05-30,27,17,0.0034446840283134,0.0021499236495927,0.432220919330422,val,1
S41546,219,3,2026-05-30,35,31,0.0033013167114146,0.0017973058493807,0.4289697444800626,val,1
S42995,219,3,2026-05-30,24,24,0.003456450356086,0.0,0.4574165646303731,val,1
S00633,219,3,2026-05-30,20,16,0.0033214023714433,0.0,0.4092748885737374,val,2
S06664,219,3,2026-05-30,26,29,0.0033758421884094,0.004558211200176,0.390071579979863,val,2
S06669,219,3,2026-05-30,50,29,0.0033704619797425,0.0030014524130892,0.4578787515944199,val,2
S07321,219,3,2026-05-30,58,19,0.0033306407802335,0.0,0.4924904623689916,val,2
S14750,219,3,2026-05-30,21,17,0.0034024004999655,0.0,0.4761317755695287,val,2
S17005,219,3,2026-05-30,40,28,0.0031010959091251,0.0,0.4397634263205739,val,2
S17010,219,3,2026-05-30,24,15,0.0030617769102447,0.0,0.4379687084294201,val,2
S17362,219,3,2026-05-30,29,24,0.0034279489906007,0.0086578147416778,0.4565169395275621,val,2
S17963,219,3,2026-05-30,47,15,0.0034518087732077,0.0,0.4773136633042837,val,2
S19110,219,3,2026-05-30,49,13,0.0034704419221054,0.0075554223565794,0.4926835829831654,val,2
S19495,219,3,2026-05-30,15,25,0.0032902457202185,0.0068650912870664,0.4303621717118472,val,2
S19704,219,3,2026-05-30,59,18,0.0031294114085599,0.0,0.4470079027615721,val,2
S24595,219,3,2026-05-30,45,27,0.003013372114783,0.0020698501545099,0.4510917084587253,val,2
S25422,219,3,2026-05-30,47,17,0.0034625240762983,0.0030395322667449,0.462647770690024,val,2
S26493,219,3,2026-05-30,22,21,0.0033914126753055,0.0,0.440815266860822,val,2
S35567,219,3,2026-05-30,43,14,0.0034674932260431,0.0020247450735956,0.4626042864188617,val,2
S36443,219,3,2026-05-30,41,16,0.0032618476204175,0.0,0.4691958299103413,val,2
S40214,219,3,2026-05-30,54,26,0.0033885873018841,0.0084158834984336,0.4159878098119597,val,2
S40721,219,3,2026-05-30,29,17,0.0034502197937229,0.0021499236495927,0.432220919330422,val,2
S41546,219,3,2026-05-30,36,31,0.00333244642837,0.0017973058493807,0.4289697444800626,val,2
S42995,219,3,2026-05-30,22,24,0.003342104745982,0.0,0.4574165646303731,val,2
S00633,219,3,2026-05-30,23,16,0.003430656464168,0.0,0.4092748885737374,val,3
S06664,219,3,2026-05-30,22,28,0.003366140158614,0.004558211200176,0.390071579979863,val,3
S06669,219,3,2026-05-30,44,29,0.003273636366911,0.0030014524130892,0.4578787515944199,val,3
S07321,219,3,2026-05-30,51,19,0.0034156295133788,0.0,0.4924904623689916,val,3
S14750,219,3,2026-05-30,19,16,0.0032889735327804,0.0,0.4761317755695287,val,3
S17005,219,3,2026-05-30,46,28,0.002898562921771,0.0,0.4397634263205739,val,3
S17010,219,3,2026-05-30,24,14,0.0032521860488159,0.0,0.4379687084294201,val,3
S17362,219,3,2026-05-30,35,24,0.0027689608946522,0.0086578147416778,0.4565169395275621,val,3
S17963,219,3,2026-05-30,41,15,0.0032869697202874,0.0,0.4773136633042837,val,3
S19110,219,3,2026-05-30,46,13,0.0033989418051425,0.0075554223565794,0.4926835829831654,val,3
S19495,219,3,2026-05-30,19,24,0.003370432860281,0.0068650912870664,0.4303621717118472,val,3
S19704,219,3,2026-05-30,61,17,0.0026544868038675,0.0,0.4470079027615721,val,3
S24595,219,3,2026-05-30,39,27,0.0033442010402628,0.0020698501545099,0.4510917084587253,val,3
S25422,219,3,2026-05-30,41,17,0.0034767044234717,0.0030395322667449,0.462647770690024,val,3
S26493,219,3,2026-05-30,16,21,0.0034185943938032,0.0,0.440815266860822,val,3
S35567,219,3,2026-05-30,49,14,0.0033901903538409,0.0020247450735956,0.4626042864188617,val,3
S36443,219,3,2026-05-30,47,16,0.003359671075742,0.0,0.4691958299103413,val,3
S40214,219,3,2026-05-30,60,26,0.0032690278667154,0.0084158834984336,0.4159878098119597,val,3
S40721,219,3,2026-05-30,23,17,0.0034310055910314,0.0021499236495927,0.432220919330422,val,3
S41546,219,3,2026-05-30,29,30,0.0033485442890276,0.0017973058493807,0.4289697444800626,val,3
S42995,219,3,2026-05-30,28,24,0.0034417166035566,0.0,0.4574165646303731,val,3
S00633,219,3,2026-05-30,22,16,0.0033571618558776,0.0,0.4092748885737374,val,4
S06664,219,3,2026-05-30,20,28,0.003302322736204,0.004558211200176,0.390071579979863,val,4
S06669,219,3,2026-05-30,46,29,0.0032170096081143,0.0030014524130892,0.4578787515944199,val,4
S07321,219,3,2026-05-30,53,19,0.003563794490245,0.0,0.4924904623689916,val,4
S14750,219,3,2026-05-30,17,17,0.0032832210364263,0.0,0.4761317755695287,val,4
S17005,219,3,2026-05-30,44,28,0.0032637856856179,0.0,0.4397634263205739,val,4
S17010,219,3,2026-05-30,21,15,0.0031670052213404,0.0,0.4379687084294201,val,4
S17362,219,3,2026-05-30,33,24,0.0032845648270087,0.0086578147416778,0.4565169395275621,val,4
S17963,219,3,2026-05-30,43,15,0.0033040790449876,0.0,0.4773136633042837,val,4
S19110,219,3,2026-05-30,47,13,0.0033050375871487,0.0075554223565794,0.4926835829831654,val,4
S19495,219,3,2026-05-30,17,24,0.0033987570620926,0.0068650912870664,0.4303621717118472,val,4
S19704,219,3,2026-05-30,63,18,0.0032095434729725,0.0,0.4470079027615721,val,4
S24595,219,3,2026-05-30,41,27,0.0032876861804808,0.0020698501545099,0.4510917084587253,val,4
S25422,219,3,2026-05-30,43,17,0.0034645923163854,0.0030395322667449,0.462647770690024,val,4
S26493,219,3,2026-05-30,18,21,0.0033732358105709,0.0,0.440815266860822,val,4
S35567,219,3,2026-05-30,47,14,0.003453127515607,0.0020247450735956,0.4626042864188617,val,4
S36443,219,3,2026-05-30,45,16,0.0027359547934181,0.0,0.4691958299103413,val,4
S40214,219,3,2026-05-30,58,26,0.0033998972166552,0.0084158834984336,0.4159878098119597,val,4
S40721,219,3,2026-05-30,25,17,0.003454699725544,0.0021499236495927,0.432220919330422,val,4
S41546,219,3,2026-05-30,27,30,0.0031026568194259,0.0017973058493807,0.4289697444800626,val,4
S42995,219,3,2026-05-30,26,24,0.0031673155045334,0.0,0.4574165646303731,val,4
S01675,219,4,2026-05-30,35,18,0.0032113067574122,0.0043475218250844,0.4367727816858912,val,1
S08490,219,4,2026-05-30,44,22,0.0031022352281708,0.0,0.4236721088558053,val,1
S08491,219,4,2026-05-30,18,17,0.0033417180210223,0.0,0.4422160354611116,val,1
S08900,219,4,2026-05-30,56,14,0.0032697956433817,0.0,0.4546859121598568,val,1
S13665,219,4,2026-05-30,56,22,0.0032801264836192,0.0,0.4891505153230929,val,1
S14574,219,4,2026-05-30,36,13,0.003361331619798,0.0,0.4463655770159618,val,1
S20110,219,4,2026-05-30,28,30,0.0032404255477201,0.0097698099113443,0.4503555284913081,val,1
S22844,219,4,2026-05-30,49,29,0.0031254507515901,0.0,0.4629560615552118,val,1
S22853,219,4,2026-05-30,24,16,0.0034061886974195,0.0,0.4654513735970793,val,1
S23032,219,4,2026-05-30,37,13,0.0030461242075098,0.0,0.3953113391812261,val,1
S23882,219,4,2026-05-30,47,21,0.0032228599170354,0.0,0.4617387425132421,val,1
S36558,219,4,2026-05-30,25,16,0.0033807731837932,0.0,0.4613214717131743,val,1
S38078,219,4,2026-05-30,15,24,0.0031214468319971,0.0040661714173511,0.4143880118664222,val,1
S41047,219,4,2026-05-30,52,19,0.0033198488308547,0.0,0.4737563450725883,val,1
S41617,219,4,2026-05-30,50,18,0.0032758334099361,0.0,0.4372018810130391,val,1
S01675,219,4,2026-05-30,33,18,0.0033225167897629,0.0043475218250844,0.4367727816858912,val,2
S08490,219,4,2026-05-30,42,22,0.0032220245958394,0.0,0.4236721088558053,val,2
S08491,219,4,2026-05-30,20,17,0.0033991437500045,0.0,0.4422160354611116,val,2
S08900,219,4,2026-05-30,54,14,0.0032825898828823,0.0,0.4546859121598568,val,2
S13665,219,4,2026-05-30,53,22,0.0032756834779043,0.0,0.4891505153230929,val,2
S14574,219,4,2026-05-30,38,13,0.003286426200884,0.0,0.4463655770159618,val,2
S20110,219,4,2026-05-30,32,31,0.0032330444470506,0.0097698099113443,0.4503555284913081,val,2
S22844,219,4,2026-05-30,51,29,0.0032140291288685,0.0,0.4629560615552118,val,2
S22853,219,4,2026-05-30,22,16,0.003335816886538,0.0,0.4654513735970793,val,2
S23032,219,4,2026-05-30,39,13,0.0032984880933652,0.0,0.3953113391812261,val,2
S23882,219,4,2026-05-30,54,21,0.0033630501127942,0.0,0.4617387425132421,val,2
S36558,219,4,2026-05-30,23,16,0.0033393406035244,0.0,0.4613214717131743,val,2
S38078,219,4,2026-05-30,16,25,0.0032840748148854,0.0040661714173511,0.4143880118664222,val,2
S41047,219,4,2026-05-30,54,19,0.0033285811797191,0.0,0.4737563450725883,val,2
S41617,219,4,2026-05-30,48,18,0.0033404124945599,0.0,0.4372018810130391,val,2
S01675,219,4,2026-05-30,40,18,0.003122735156764,0.0043475218250844,0.4367727816858912,val,3
S08490,219,4,2026-05-30,52,22,0.0032116386107602,0.0,0.4236721088558053,val,3
S08491,219,4,2026-05-30,21,16,0.0031464254026261,0.0,0.4422160354611116,val,3
S08900,219,4,2026-05-30,48,13,0.0031789866479167,0.0,0.4546859121598568,val,3
S13665,219,4,2026-05-30,61,22,0.0032540786396588,0.0,0.4891505153230929,val,3
S14574,219,4,2026-05-30,32,13,0.0033051127339966,0.0,0.4463655770159618,val,3
S20110,219,4,2026-05-30,33,30,0.0032191881055715,0.0097698099113443,0.4503555284913081,val,3
S22844,219,4,2026-05-30,43,29,0.00313410505673,0.0,0.4629560615552118,val,3
S22853,219,4,2026-05-30,28,16,0.0032735750187922,0.0,0.4654513735970793,val,3
S23032,219,4,2026-05-30,33,13,0.0032991667416608,0.0,0.3953113391812261,val,3
S23882,219,4,2026-05-30,42,21,0.0030138852468083,0.0,0.4617387425132421,val,3
S36558,219,4,2026-05-30,29,16,0.0033518922218019,0.0,0.4613214717131743,val,3
S38078,219,4,2026-05-30,19,24,0.0032981694101483,0.0040661714173511,0.4143880118664222,val,3
S41047,219,4,2026-05-30,48,19,0.003236003372213,0.0,0.4737563450725883,val,3
S41617,219,4,2026-05-30,55,18,0.0032798942461416,0.0,0.4372018810130391,val,3
S01675,219,4,2026-05-30,38,18,0.0032284145737133,0.0043475218250844,0.4367727816858912,val,4
S08490,219,4,2026-05-30,47,22,0.0032783884397331,0.0,0.4236721088558053,val,4
S08491,219,4,2026-05-30,19,16,0.0033283597413933,0.0,0.4422160354611116,val,4
S08900,219,4,2026-05-30,51,13,0.0030718025059216,0.0,0.4546859121598568,val,4
S13665,219,4,2026-05-30,59,22,0.0033162638352456,0.0,0.4891505153230929,val,4
S14574,219,4,2026-05-30,34,13,0.0033201092861893,0.0,0.4463655770159618,val,4
S20110,219,4,2026-05-30,31,30,0.0031753160512839,0.0097698099113443,0.4503555284913081,val,4
S22844,219,4,2026-05-30,45,29,0.0031593834709047,0.0,0.4629560615552118,val,4
S22853,219,4,2026-05-30,26,16,0.0033376065012366,0.0,0.4654513735970793,val,4
S23032,219,4,2026-05-30,35,13,0.0032821321271313,0.0,0.3953113391812261,val,4
S23882,219,4,2026-05-30,44,21,0.0032481151976062,0.0,0.4617387425132421,val,4
S36558,219,4,2026-05-30,27,16,0.0032803422340162,0.0,0.4613214717131743,val,4
S38078,219,4,2026-05-30,17,24,0.0033140305882597,0.0040661714173511,0.4143880118664222,val,4
S41047,219,4,2026-05-30,50,19,0.0032666526652583,0.0,0.4737563450725883,val,4
S41617,219,4,2026-05-30,52,18,0.0032761000034599,0.0,0.4372018810130391,val,4
S01678,219,5,2026-05-30,38,29,0.0032804148501311,0.01028246483598,0.4651869377681124,val,1
S03082,219,5,2026-05-30,17,26,0.0033154278243542,0.0078047462907825,0.3992847101940794,val,1
S18543,219,5,2026-05-30,39,16,0.0033146293655786,0.0033401660002016,0.4417636592940841,val,1
S20123,219,5,2026-05-30,32,26,0.0033392746288904,0.0,0.4691220951723651,val,1
S22856,219,5,2026-05-30,34,15,0.0033544239574621,0.0,0.4323851527729458,val,1
S23033,219,5,2026-05-30,60,23,0.0033124407489145,0.0,0.4697857819070667,val,1
S23896,219,5,2026-05-30,43,12,0.0031971990556386,0.0,0.372950683743815,val,1
S24901,219,5,2026-05-30,62,27,0.0025308591073246,0.0,0.3176953066323325,val,1
S27110,219,5,2026-05-30,49,26,0.0033275717109974,0.0036459670615852,0.5298707371116055,val,1
S27893,219,5,2026-05-30,55,14,0.003216226897237,0.0023693745232646,0.3930251973059255,val,1
S35177,219,5,2026-05-30,34,21,0.0032810906963988,0.0028787419922317,0.4316233876694532,val,1
S35289,219,5,2026-05-30,53,30,0.0025952386088822,0.0259549678696298,0.2914711058973693,val,1
S36743,219,5,2026-05-30,23,30,0.00248621185322,0.0,0.2669078904790835,val,1
S41048,219,5,2026-05-30,24,14,0.0032296089559354,0.002714289615248,0.4255786120965932,val,1
S41050,219,5,2026-05-30,63,24,0.0031685129861519,0.00271638136464,0.3837275933092344,val,1
S42019,219,5,2026-05-30,29,29,0.0033052189227481,0.0072957207368384,0.466914239117008,val,1
S42036,219,5,2026-05-30,28,20,0.003324204535566,0.0101036422641621,0.4704257043314401,val,1
S01678,219,5,2026-05-30,41,29,0.0033343754132862,0.01028246483598,0.4651869377681124,val,2
S03082,219,5,2026-05-30,19,27,0.0031900265480475,0.0078047462907825,0.3992847101940794,val,2
S18543,219,5,2026-05-30,37,16,0.0033158419697632,0.0033401660002016,0.4417636592940841,val,2
S20123,219,5,2026-05-30,30,26,0.0033618972946602,0.0,0.4691220951723651,val,2
S22856,219,5,2026-05-30,38,15,0.0033173849523028,0.0,0.4323851527729458,val,2
S23033,219,5,2026-05-30,61,23,0.0033410460196417,0.0,0.4697857819070667,val,2
S23896,219,5,2026-05-30,40,12,0.0032040605413231,0.0,0.372950683743815,val,2
S24901,219,5,2026-05-30,59,28,0.0026408329722321,0.0,0.3176953066323325,val,2
S27110,219,5,2026-05-30,47,26,0.0032587889228161,0.0036459670615852,0.5298707371116055,val,2
S27893,219,5,2026-05-30,53,14,0.0032456281175627,0.0023693745232646,0.3930251973059255,val,2
S35177,219,5,2026-05-30,36,21,0.0032231940805692,0.0028787419922317,0.4316233876694532,val,2
S35289,219,5,2026-05-30,50,31,0.0024814333413032,0.0259549678696298,0.2914711058973693,val,2
S36743,219,5,2026-05-30,25,30,0.0025894317228598,0.0,0.2669078904790835,val,2
S41048,219,5,2026-05-30,20,15,0.0031256407588383,0.002714289615248,0.4255786120965932,val,2
S41050,219,5,2026-05-30,61,24,0.0032697245684815,0.00271638136464,0.3837275933092344,val,2
S42019,219,5,2026-05-30,31,29,0.0033039256325293,0.0072957207368384,0.466914239117008,val,2
S42036,219,5,2026-05-30,26,20,0.0032339136021464,0.0101036422641621,0.4704257043314401,val,2
S01678,219,5,2026-05-30,34,29,0.0033363611760757,0.01028246483598,0.4651869377681124,val,3
S03082,219,5,2026-05-30,21,26,0.0032781651441201,0.0078047462907825,0.3992847101940794,val,3
S18543,219,5,2026-05-30,45,16,0.0033709761437242,0.0033401660002016,0.4417636592940841,val,3
S20123,219,5,2026-05-30,36,26,0.0032859387519951,0.0,0.4691220951723651,val,3
S22856,219,5,2026-05-30,30,15,0.0033446068105122,0.0,0.4323851527729458,val,3
S23033,219,5,2026-05-30,58,23,0.0033320308055534,0.0,0.4697857819070667,val,3
S23896,219,5,2026-05-30,47,12,0.0031806059517522,0.0,0.372950683743815,val,3
S24901,219,5,2026-05-30,57,14,0.0026084484477366,0.0,0.3176953066323325,val,3
S27110,219,5,2026-05-30,51,26,0.0033493720172017,0.0036459670615852,0.5298707371116055,val,3
S27893,219,5,2026-05-30,50,13,0.0032013774836005,0.0023693745232646,0.3930251973059255,val,3
S35177,219,5,2026-05-30,29,21,0.0032729218901219,0.0028787419922317,0.4316233876694532,val,3
S35289,219,5,2026-05-30,57,29,0.0026228579960462,0.0259549678696298,0.2914711058973693,val,3
S36743,219,5,2026-05-30,19,28,0.0025298061405861,0.0,0.2669078904790835,val,3
S41048,219,5,2026-05-30,28,14,0.0033188490541556,0.002714289615248,0.4255786120965932,val,3
S41050,219,5,2026-05-30,63,23,0.0031670566154668,0.00271638136464,0.3837275933092344,val,3
S42019,219,5,2026-05-30,25,29,0.0032236943721611,0.0072957207368384,0.466914239117008,val,3
S42036,219,5,2026-05-30,33,20,0.0032650076898698,0.0101036422641621,0.4704257043314401,val,3
S01678,219,5,2026-05-30,36,29,0.0032789877237337,0.01028246483598,0.4651869377681124,val,4
S03082,219,5,2026-05-30,19,26,0.0032982826788434,0.0078047462907825,0.3992847101940794,val,4
S18543,219,5,2026-05-30,43,16,0.0033611808319662,0.0033401660002016,0.4417636592940841,val,4
S20123,219,5,2026-05-30,34,26,0.0033141528414888,0.0,0.4691220951723651,val,4
S22856,219,5,2026-05-30,32,15,0.0033281960707036,0.0,0.4323851527729458,val,4
S23033,219,5,2026-05-30,59,23,0.0033697472692154,0.0,0.4697857819070667,val,4
S23896,219,5,2026-05-30,45,12,0.0031784964759579,0.0,0.372950683743815,val,4
S24901,219,5,2026-05-30,60,15,0.0026099025233314,0.0,0.3176953066323325,val,4
S27110,219,5,2026-05-30,50,26,0.0033352388097058,0.0036459670615852,0.5298707371116055,val,4
S27893,219,5,2026-05-30,52,13,0.0030991996300805,0.0023693745232646,0.3930251973059255,val,4
S35177,219,5,2026-05-30,32,21,0.0032207137348211,0.0028787419922317,0.4316233876694532,val,4
S35289,219,5,2026-05-30,55,30,0.0025822398423792,0.0259549678696298,0.2914711058973693,val,4
S36743,219,5,2026-05-30,21,29,0.0024794593337612,0.0,0.2669078904790835,val,4
S41048,219,5,2026-05-30,26,14,0.0033138751999657,0.002714289615248,0.4255786120965932,val,4
S41050,219,5,2026-05-30,65,23,0.0031933415243823,0.00271638136464,0.3837275933092344,val,4
S42019,219,5,2026-05-30,27,29,0.0033237821989081,0.0072957207368384,0.466914239117008,val,4
S42036,219,5,2026-05-30,31,20,0.0031924574608876,0.0101036422641621,0.4704257043314401,val,4
S02040,219,6,2026-05-30,25,20,0.0034430438557669,0.0,0.4545941410456489,val,1
S02238,219,6,2026-05-30,52,25,0.0030384567936155,0.0,0.451975526009739,val,1
S02409,219,6,2026-05-30,34,16,0.0030947612902612,0.0,0.4670562617855613,val,1
S04067,219,6,2026-05-30,42,25,0.0030452922983771,0.0,0.4091577304852924,val,1
S04778,219,6,2026-05-30,26,28,0.0033185742814649,0.0,0.4724847675334025,val,1
S06429,219,6,2026-05-30,22,22,0.0033165219010871,0.0045125206559044,0.4822937061362109,val,1
S07501,219,6,2026-05-30,33,12,0.003355885417909,0.0148051499282084,0.4434604830499369,val,1
S10927,219,6,2026-05-30,25,19,0.003433276243032,0.0130504222967754,0.4710360181193024,val,1
S13528,219,6,2026-05-30,39,11,0.0032619095484882,0.0185097989140988,0.395583972146946,val,1
S15637,219,6,2026-05-30,48,29,0.0030620590539069,0.0,0.4784401902603627,val,1
S15640,219,6,2026-05-30,28,18,0.0032868612273276,0.0050241096610495,0.4552601732164048,val,1
S18348,219,6,2026-05-30,49,13,0.0030973821790885,0.0,0.4866937469315429,val,1
S19959,219,6,2026-05-30,53,23,0.0031435982253553,0.0038117589311735,0.4648019879823312,val,1
S20944,219,6,2026-05-30,23,15,0.0032753340566858,0.0,0.4609935357307622,val,1
S21279,219,6,2026-05-30,21,14,0.0033262709915884,0.0,0.432585129691222,val,1
S24359,219,6,2026-05-30,36,31,0.0032284438184147,0.0,0.4450241688532698,val,1
S26652,219,6,2026-05-30,38,27,0.0032886263733669,0.0,0.4336014544687789,val,1
S27810,219,6,2026-05-30,45,23,0.0028966989279045,0.0023805076181033,0.4444220945008602,val,1
S27811,219,6,2026-05-30,51,14,0.0033025952292013,0.0,0.4472306181754562,val,1
S28591,219,6,2026-05-30,36,18,0.0030729807369974,0.0,0.4264409424305056,val,1
S29781,219,6,2026-05-30,52,18,0.0029665609694231,0.0,0.4154376744772361,val,1
S30467,219,6,2026-05-30,34,15,0.003081204540432,0.0077550829341364,0.5011755419543444,val,1
S30469,219,6,2026-05-30,51,25,0.0030686818282876,0.0108785466086623,0.4426019393531915,val,1
S32075,219,6,2026-05-30,32,17,0.0033172074943475,0.0022187995267751,0.4480150256038773,val,1
S32349,219,6,2026-05-30,39,29,0.0029971059531436,0.0,0.4108783661260891,val,1
S38717,219,6,2026-05-30,17,21,0.0034055830607607,0.0,0.4703540583741971,val,1
S38719,219,6,2026-05-30,19,26,0.003139504108989,0.0,0.4584836727815842,val,1
S43063,219,6,2026-05-30,46,27,0.0030489985965427,0.0051035287255759,0.4698954706253841,val,1
S02040,219,6,2026-05-30,23,20,0.0032129794187141,0.0,0.4545941410456489,val,2
S02238,219,6,2026-05-30,54,25,0.0028808151618778,0.0,0.451975526009739,val,2
S02409,219,6,2026-05-30,32,16,0.0032950195688932,0.0,0.4670562617855613,val,2
S04067,219,6,2026-05-30,44,25,0.0031413011409592,0.0,0.4091577304852924,val,2
S04778,219,6,2026-05-30,24,28,0.0031334473829593,0.0,0.4724847675334025,val,2
S06429,219,6,2026-05-30,21,22,0.0033681672576315,0.0045125206559044,0.4822937061362109,val,2
S07501,219,6,2026-05-30,27,13,0.0032718153143396,0.0148051499282084,0.4434604830499369,val,2
S10927,219,6,2026-05-30,28,19,0.0031103575693396,0.0130504222967754,0.4710360181193024,val,2
S13528,219,6,2026-05-30,41,11,0.0033139480023224,0.0185097989140988,0.395583972146946,val,2
S15637,219,6,2026-05-30,50,29,0.0031821128238039,0.0,0.4784401902603627,val,2
S15640,219,6,2026-05-30,26,18,0.0034134337592614,0.0050241096610495,0.4552601732164048,val,2
S18348,219,6,2026-05-30,51,13,0.003129691435815,0.0,0.4866937469315429,val,2
S19959,219,6,2026-05-30,55,23,0.0029590675849699,0.0038117589311735,0.4648019879823312,val,2
S20944,219,6,2026-05-30,25,15,0.0032859551638146,0.0,0.4609935357307622,val,2
S21279,219,6,2026-05-30,19,15,0.0032021134240474,0.0,0.432585129691222,val,2
S24359,219,6,2026-05-30,38,31,0.0032279268874884,0.0,0.4450241688532698,val,2
S26652,219,6,2026-05-30,40,27,0.0032838717160157,0.0,0.4336014544687789,val,2
S27810,219,6,2026-05-30,47,23,0.0028721873614641,0.0023805076181033,0.4444220945008602,val,2
S27811,219,6,2026-05-30,49,14,0.0030777146921828,0.0,0.4472306181754562,val,2
S28591,219,6,2026-05-30,34,18,0.0032674047705822,0.0,0.4264409424305056,val,2
S29781,219,6,2026-05-30,51,18,0.0030410207211596,0.0,0.4154376744772361,val,2
S30467,219,6,2026-05-30,36,15,0.0032943612896531,0.0077550829341364,0.5011755419543444,val,2
S30469,219,6,2026-05-30,53,25,0.0033784525033094,0.0108785466086623,0.4426019393531915,val,2
S32075,219,6,2026-05-30,34,17,0.0031909687955591,0.0022187995267751,0.4480150256038773,val,2
S32349,219,6,2026-05-30,42,29,0.0031165310840445,0.0,0.4108783661260891,val,2
S38717,219,6,2026-05-30,19,21,0.0032742716792204,0.0,0.4703540583741971,val,2
S38719,219,6,2026-05-30,18,26,0.0032844504115958,0.0,0.4584836727815842,val,2
S43063,219,6,2026-05-30,48,27,0.0033351911884155,0.0051035287255759,0.4698954706253841,val,2
S02040,219,6,2026-05-30,29,20,0.0032484733979161,0.0,0.4545941410456489,val,3
S02238,219,6,2026-05-30,47,25,0.0031868447601768,0.0,0.451975526009739,val,3
S02409,219,6,2026-05-30,38,16,0.0032407055046198,0.0,0.4670562617855613,val,3
S04067,219,6,2026-05-30,37,25,0.0024674770882235,0.0,0.4091577304852924,val,3
S04778,219,6,2026-05-30,30,28,0.0031927268462347,0.0,0.4724847675334025,val,3
S06429,219,6,2026-05-30,24,22,0.0032692841911067,0.0045125206559044,0.4822937061362109,val,3
S07501,219,6,2026-05-30,37,12,0.0033290371446465,0.0148051499282084,0.4434604830499369,val,3
S10927,219,6,2026-05-30,21,19,0.003238953268184,0.0130504222967754,0.4710360181193024,val,3
S13528,219,6,2026-05-30,35,11,0.003208779803231,0.0185097989140988,0.395583972146946,val,3
S15637,219,6,2026-05-30,44,29,0.0031442356895254,0.0,0.4784401902603627,val,3
S15640,219,6,2026-05-30,32,18,0.003292982080259,0.0050241096610495,0.4552601732164048,val,3
S18348,219,6,2026-05-30,45,13,0.0033001611528127,0.0,0.4866937469315429,val,3
S19959,219,6,2026-05-30,49,23,0.0029449862943448,0.0038117589311735,0.4648019879823312,val,3
S20944,219,6,2026-05-30,23,14,0.0032768631672938,0.0,0.4609935357307622,val,3
S21279,219,6,2026-05-30,23,13,0.0032497194808466,0.0,0.432585129691222,val,3
S24359,219,6,2026-05-30,27,30,0.0031895408092447,0.0,0.4450241688532698,val,3
S26652,219,6,2026-05-30,34,27,0.0030649495949379,0.0,0.4336014544687789,val,3
S27810,219,6,2026-05-30,41,23,0.0026805397700546,0.0023805076181033,0.4444220945008602,val,3
S27811,219,6,2026-05-30,55,14,0.0031369243684274,0.0,0.4472306181754562,val,3
S28591,219,6,2026-05-30,40,18,0.0028822883937419,0.0,0.4264409424305056,val,3
S29781,219,6,2026-05-30,55,18,0.0030622314929815,0.0,0.4154376744772361,val,3
S30467,219,6,2026-05-30,30,15,0.0031774434880765,0.0077550829341364,0.5011755419543444,val,3
S30469,219,6,2026-05-30,46,25,0.0029970622902555,0.0108785466086623,0.4426019393531915,val,3
S32075,219,6,2026-05-30,28,17,0.0033069357656508,0.0022187995267751,0.4480150256038773,val,3
S32349,219,6,2026-05-30,31,29,0.0031722168064003,0.0,0.4108783661260891,val,3
S38717,219,6,2026-05-30,13,21,0.00326250864123,0.0,0.4703540583741971,val,3
S38719,219,6,2026-05-30,23,26,0.0033721035802912,0.0,0.4584836727815842,val,3
S43063,219,6,2026-05-30,42,27,0.0031770868731419,0.0051035287255759,0.4698954706253841,val,3
S02040,219,6,2026-05-30,27,20,0.003432368272234,0.0,0.4545941410456489,val,4
S02238,219,6,2026-05-30,50,25,0.0030727543751256,0.0,0.451975526009739,val,4
S02409,219,6,2026-05-30,36,16,0.0031415419611489,0.0,0.4670562617855613,val,4
S04067,219,6,2026-05-30,40,25,0.0030392936697422,0.0,0.4091577304852924,val,4
S04778,219,6,2026-05-30,28,28,0.0030697687202095,0.0,0.4724847675334025,val,4
S06429,219,6,2026-05-30,23,22,0.003337265679639,0.0045125206559044,0.4822937061362109,val,4
S07501,219,6,2026-05-30,35,12,0.0033040316238187,0.0148051499282084,0.4434604830499369,val,4
S10927,219,6,2026-05-30,23,19,0.0034291894052644,0.0130504222967754,0.4710360181193024,val,4
S13528,219,6,2026-05-30,37,11,0.0033565527921977,0.0185097989140988,0.395583972146946,val,4
S15637,219,6,2026-05-30,46,29,0.0031615007617533,0.0,0.4784401902603627,val,4
S15640,219,6,2026-05-30,30,18,0.0031594243904078,0.0050241096610495,0.4552601732164048,val,4
S18348,219,6,2026-05-30,47,13,0.0033156561713613,0.0,0.4866937469315429,val,4
S19959,219,6,2026-05-30,51,23,0.0031951964807635,0.0038117589311735,0.4648019879823312,val,4
S20944,219,6,2026-05-30,21,15,0.0032155829130829,0.0,0.4609935357307622,val,4
S21279,219,6,2026-05-30,22,14,0.0032196608281533,0.0,0.432585129691222,val,4
S24359,219,6,2026-05-30,34,31,0.0032640316913435,0.0,0.4450241688532698,val,4
S26652,219,6,2026-05-30,36,27,0.0032162929001902,0.0,0.4336014544687789,val,4
S27810,219,6,2026-05-30,43,23,0.0031916986699377,0.0023805076181033,0.4444220945008602,val,4
S27811,219,6,2026-05-30,53,14,0.0031417277232159,0.0,0.4472306181754562,val,4
S28591,219,6,2026-05-30,38,18,0.0031192182132718,0.0,0.4264409424305056,val,4
S29781,219,6,2026-05-30,53,18,0.0028283320294963,0.0,0.4154376744772361,val,4
S30467,219,6,2026-05-30,32,15,0.0031988844946636,0.0077550829341364,0.5011755419543444,val,4
S30469,219,6,2026-05-30,48,25,0.0033351624182273,0.0108785466086623,0.4426019393531915,val,4
S32075,219,6,2026-05-30,30,17,0.0033409439783095,0.0022187995267751,0.4480150256038773,val,4
S32349,219,6,2026-05-30,37,29,0.0031098466944865,0.0,0.4108783661260891,val,4
S38717,219,6,2026-05-30,15,21,0.0032537941731099,0.0,0.4703540583741971,val,4
S38719,219,6,2026-05-30,20,26,0.0031158254585735,0.0,0.4584836727815842,val,4
S43063,219,6,2026-05-30,44,27,0.0030834344049428,0.0051035287255759,0.4698954706253841,val,4
S08176,219,7,2026-05-30,42,13,0.0030116011764171,0.0081045696820604,0.4152269349184123,val,1
S10224,219,7,2026-05-30,56,26,0.0031132083627199,0.0,0.3956797462395778,val,1
S11941,219,7,2026-05-30,14,23,0.0029959493742941,0.0,0.4774695602073113,val,1
S12169,219,7,2026-05-30,47,26,0.0031356077111061,0.0,0.3763432573617218,val,1
S12174,219,7,2026-05-30,62,20,0.0031676411524811,0.0,0.4627244749675279,val,1
S21324,219,7,2026-05-30,45,31,0.0026788696904373,0.0,0.3790018459480678,val,1
S22693,219,7,2026-05-30,16,19,0.0029179243736362,0.0,0.436029632698109,val,1
S27802,219,7,2026-05-30,49,19,0.0025320407605388,0.0,0.3664336229363094,val,1
S27807,219,7,2026-05-30,52,29,0.0028010966304445,0.0,0.4084589915318856,val,1
S30330,219,7,2026-05-30,25,15,0.003029432299295,0.0,0.4709370926096132,val,1
S33700,219,7,2026-05-30,34,22,0.002813337958818,0.0,0.3871237767830653,val,1
S37345,219,7,2026-05-30,60,19,0.0031199137837535,0.0,0.4704206930622514,val,1
S37347,219,7,2026-05-30,54,24,0.0032103784010528,0.0,0.4275396085146203,val,1
S38779,219,7,2026-05-30,48,17,0.0025061074769233,0.0,0.4116453260371202,val,1
S39358,219,7,2026-05-30,32,16,0.0030820364714624,0.0,0.4074164202614381,val,1
S43074,219,7,2026-05-30,34,23,0.0029416272330006,0.0179540131614596,0.3861374387835692,val,1
S08176,219,7,2026-05-30,44,13,0.0028465037383724,0.0081045696820604,0.4152269349184123,val,2
S10224,219,7,2026-05-30,54,26,0.0031248841622275,0.0,0.3956797462395778,val,2
S11941,219,7,2026-05-30,16,23,0.0029232598471647,0.0,0.4774695602073113,val,2
S12169,219,7,2026-05-30,24,26,0.0030319613135862,0.0,0.3763432573617218,val,2
S12174,219,7,2026-05-30,60,20,0.0029810498023028,0.0,0.4627244749675279,val,2
S21324,219,7,2026-05-30,48,31,0.0026759185092432,0.0,0.3790018459480678,val,2
S22693,219,7,2026-05-30,18,19,0.0029871980588615,0.0,0.436029632698109,val,2
S27802,219,7,2026-05-30,51,19,0.0027550357406584,0.0,0.3664336229363094,val,2
S27807,219,7,2026-05-30,54,29,0.0027908977325333,0.0,0.4084589915318856,val,2
S30330,219,7,2026-05-30,27,15,0.0030341079867938,0.0,0.4709370926096132,val,2
S33700,219,7,2026-05-30,33,22,0.0031038719685883,0.0,0.3871237767830653,val,2
S37345,219,7,2026-05-30,62,19,0.003025580889534,0.0,0.4704206930622514,val,2
S37347,219,7,2026-05-30,52,24,0.0031195075066562,0.0,0.4275396085146203,val,2
S38779,219,7,2026-05-30,57,17,0.0029069289844912,0.0,0.4116453260371202,val,2
S39358,219,7,2026-05-30,29,16,0.0030413075245657,0.0,0.4074164202614381,val,2
S43074,219,7,2026-05-30,36,23,0.0030671543396841,0.0179540131614596,0.3861374387835692,val,2
S08176,219,7,2026-05-30,37,13,0.002956719421172,0.0081045696820604,0.4152269349184123,val,3
S10224,219,7,2026-05-30,60,26,0.0030366517416098,0.0,0.3956797462395778,val,3
S11941,219,7,2026-05-30,15,22,0.0028847082917298,0.0,0.4774695602073113,val,3
S12169,219,7,2026-05-30,51,26,0.003012848590324,0.0,0.3763432573617218,val,3
S12174,219,7,2026-05-30,65,19,0.0028192348978514,0.0,0.4627244749675279,val,3
S21324,219,7,2026-05-30,41,31,0.0029442483052736,0.0,0.3790018459480678,val,3
S22693,219,7,2026-05-30,17,18,0.0030451484584568,0.0,0.436029632698109,val,3
S27802,219,7,2026-05-30,38,19,0.0028888744455463,0.0,0.3664336229363094,val,3
S27807,219,7,2026-05-30,48,29,0.002900309514343,0.0,0.4084589915318856,val,3
S30330,219,7,2026-05-30,21,15,0.0029700617032959,0.0,0.4709370926096132,val,3
S33700,219,7,2026-05-30,40,22,0.0022889727728366,0.0,0.3871237767830653,val,3
S37345,219,7,2026-05-30,56,19,0.0029234650578747,0.0,0.4704206930622514,val,3
S37347,219,7,2026-05-30,58,24,0.002954589547331,0.0,0.4275396085146203,val,3
S38779,219,7,2026-05-30,31,17,0.0031153216094309,0.0,0.4116453260371202,val,3
S39358,219,7,2026-05-30,37,16,0.0030199655156747,0.0,0.4074164202614381,val,3
S43074,219,7,2026-05-30,19,23,0.0032177852083461,0.0179540131614596,0.3861374387835692,val,3
S08176,219,7,2026-05-30,39,13,0.0029476807015603,0.0081045696820604,0.4152269349184123,val,4
S10224,219,7,2026-05-30,58,26,0.0032568177481567,0.0,0.3956797462395778,val,4
S11941,219,7,2026-05-30,13,22,0.0028334244646766,0.0,0.4774695602073113,val,4
S12169,219,7,2026-05-30,49,26,0.0031120661831751,0.0,0.3763432573617218,val,4
S12174,219,7,2026-05-30,64,20,0.0028433605165834,0.0,0.4627244749675279,val,4
S21324,219,7,2026-05-30,43,31,0.002811263007359,0.0,0.3790018459480678,val,4
S22693,219,7,2026-05-30,14,19,0.0029711056760756,0.0,0.436029632698109,val,4
S27802,219,7,2026-05-30,47,19,0.0026060570674032,0.0,0.3664336229363094,val,4
S27807,219,7,2026-05-30,50,29,0.0029379358869644,0.0,0.4084589915318856,val,4
S30330,219,7,2026-05-30,23,15,0.003060870378352,0.0,0.4709370926096132,val,4
S33700,219,7,2026-05-30,35,22,0.0030507368930161,0.0,0.3871237767830653,val,4
S37345,219,7,2026-05-30,58,19,0.0030340686646463,0.0,0.4704206930622514,val,4
S37347,219,7,2026-05-30,56,24,0.0030426078220797,0.0,0.4275396085146203,val,4
S38779,219,7,2026-05-30,34,17,0.0028958262519858,0.0,0.4116453260371202,val,4
S39358,219,7,2026-05-30,34,16,0.0029167407323936,0.0,0.4074164202614381,val,4
S43074,219,7,2026-05-30,31,23,0.0032289110648526,0.0179540131614596,0.3861374387835692,val,4
S02040,219,8,2026-05-30,25,20,0.0034430438557669,0.0,0.4545941410456489,val,1
S02238,219,8,2026-05-30,52,25,0.0030384567936155,0.0,0.451975526009739,val,1
S02409,219,8,2026-05-30,34,16,0.0030947612902612,0.0,0.4670562617855613,val,1
S04067,219,8,2026-05-30,42,25,0.0030452922983771,0.0,0.4091577304852924,val,1
S04778,219,8,2026-05-30,26,28,0.0033185742814649,0.0,0.4724847675334025,val,1
S06429,219,8,2026-05-30,22,22,0.0033165219010871,0.0045125206559044,0.4822937061362109,val,1
S07501,219,8,2026-05-30,33,12,0.003355885417909,0.0148051499282084,0.4434604830499369,val,1
S10927,219,8,2026-05-30,25,19,0.003433276243032,0.0130504222967754,0.4710360181193024,val,1
S13528,219,8,2026-05-30,39,11,0.0032619095484882,0.0185097989140988,0.395583972146946,val,1
S15637,219,8,2026-05-30,48,29,0.0030620590539069,0.0,0.4784401902603627,val,1
S15640,219,8,2026-05-30,28,18,0.0032868612273276,0.0050241096610495,0.4552601732164048,val,1
S18348,219,8,2026-05-30,49,13,0.0030973821790885,0.0,0.4866937469315429,val,1
S19959,219,8,2026-05-30,53,23,0.0031435982253553,0.0038117589311735,0.4648019879823312,val,1
S20944,219,8,2026-05-30,23,15,0.0032753340566858,0.0,0.4609935357307622,val,1
S21279,219,8,2026-05-30,21,14,0.0033262709915884,0.0,0.432585129691222,val,1
S24359,219,8,2026-05-30,36,31,0.0032284438184147,0.0,0.4450241688532698,val,1
S26652,219,8,2026-05-30,38,27,0.0032886263733669,0.0,0.4336014544687789,val,1
S27810,219,8,2026-05-30,45,23,0.0028966989279045,0.0023805076181033,0.4444220945008602,val,1
S27811,219,8,2026-05-30,51,14,0.0033025952292013,0.0,0.4472306181754562,val,1
S28591,219,8,2026-05-30,36,18,0.0030729807369974,0.0,0.4264409424305056,val,1
S29781,219,8,2026-05-30,52,18,0.0029665609694231,0.0,0.4154376744772361,val,1
S30467,219,8,2026-05-30,34,15,0.003081204540432,0.0077550829341364,0.5011755419543444,val,1
S30469,219,8,2026-05-30,51,25,0.0030686818282876,0.0108785466086623,0.4426019393531915,val,1
S32075,219,8,2026-05-30,32,17,0.0033172074943475,0.0022187995267751,0.4480150256038773,val,1
S32349,219,8,2026-05-30,39,29,0.0029971059531436,0.0,0.4108783661260891,val,1
S38717,219,8,2026-05-30,17,21,0.0034055830607607,0.0,0.4703540583741971,val,1
S38719,219,8,2026-05-30,19,26,0.003139504108989,0.0,0.4584836727815842,val,1
S43063,219,8,2026-05-30,46,27,0.0030489985965427,0.0051035287255759,0.4698954706253841,val,1
S02040,219,8,2026-05-30,23,20,0.0032129794187141,0.0,0.4545941410456489,val,2
S02238,219,8,2026-05-30,54,25,0.0028808151618778,0.0,0.451975526009739,val,2
S02409,219,8,2026-05-30,32,16,0.0032950195688932,0.0,0.4670562617855613,val,2
S04067,219,8,2026-05-30,44,25,0.0031413011409592,0.0,0.4091577304852924,val,2
S04778,219,8,2026-05-30,24,28,0.0031334473829593,0.0,0.4724847675334025,val,2
S06429,219,8,2026-05-30,21,22,0.0033681672576315,0.0045125206559044,0.4822937061362109,val,2
S07501,219,8,2026-05-30,27,13,0.0032718153143396,0.0148051499282084,0.4434604830499369,val,2
S10927,219,8,2026-05-30,28,19,0.0031103575693396,0.0130504222967754,0.4710360181193024,val,2
S13528,219,8,2026-05-30,41,11,0.0033139480023224,0.0185097989140988,0.395583972146946,val,2
S15637,219,8,2026-05-30,50,29,0.0031821128238039,0.0,0.4784401902603627,val,2
S15640,219,8,2026-05-30,26,18,0.0034134337592614,0.0050241096610495,0.4552601732164048,val,2
S18348,219,8,2026-05-30,51,13,0.003129691435815,0.0,0.4866937469315429,val,2
S19959,219,8,2026-05-30,55,23,0.0029590675849699,0.0038117589311735,0.4648019879823312,val,2
S20944,219,8,2026-05-30,25,15,0.0032859551638146,0.0,0.4609935357307622,val,2
S21279,219,8,2026-05-30,19,15,0.0032021134240474,0.0,0.432585129691222,val,2
S24359,219,8,2026-05-30,38,31,0.0032279268874884,0.0,0.4450241688532698,val,2
S26652,219,8,2026-05-30,40,27,0.0032838717160157,0.0,0.4336014544687789,val,2
S27810,219,8,2026-05-30,47,23,0.0028721873614641,0.0023805076181033,0.4444220945008602,val,2
S27811,219,8,2026-05-30,49,14,0.0030777146921828,0.0,0.4472306181754562,val,2
S28591,219,8,2026-05-30,34,18,0.0032674047705822,0.0,0.4264409424305056,val,2
S29781,219,8,2026-05-30,51,18,0.0030410207211596,0.0,0.4154376744772361,val,2
S30467,219,8,2026-05-30,36,15,0.0032943612896531,0.0077550829341364,0.5011755419543444,val,2
S30469,219,8,2026-05-30,53,25,0.0033784525033094,0.0108785466086623,0.4426019393531915,val,2
S32075,219,8,2026-05-30,34,17,0.0031909687955591,0.0022187995267751,0.4480150256038773,val,2
S32349,219,8,2026-05-30,42,29,0.0031165310840445,0.0,0.4108783661260891,val,2
S38717,219,8,2026-05-30,19,21,0.0032742716792204,0.0,0.4703540583741971,val,2
S38719,219,8,2026-05-30,18,26,0.0032844504115958,0.0,0.4584836727815842,val,2
S43063,219,8,2026-05-30,48,27,0.0033351911884155,0.0051035287255759,0.4698954706253841,val,2
S02040,219,8,2026-05-30,29,20,0.0032484733979161,0.0,0.4545941410456489,val,3
S02238,219,8,2026-05-30,47,25,0.0031868447601768,0.0,0.451975526009739,val,3
S02409,219,8,2026-05-30,38,16,0.0032407055046198,0.0,0.4670562617855613,val,3
S04067,219,8,2026-05-30,37,25,0.0024674770882235,0.0,0.4091577304852924,val,3
S04778,219,8,2026-05-30,30,28,0.0031927268462347,0.0,0.4724847675334025,val,3
S06429,219,8,2026-05-30,24,22,0.0032692841911067,0.0045125206559044,0.4822937061362109,val,3
S07501,219,8,2026-05-30,37,12,0.0033290371446465,0.0148051499282084,0.4434604830499369,val,3
S10927,219,8,2026-05-30,21,19,0.003238953268184,0.0130504222967754,0.4710360181193024,val,3
S13528,219,8,2026-05-30,35,11,0.003208779803231,0.0185097989140988,0.395583972146946,val,3
S15637,219,8,2026-05-30,44,29,0.0031442356895254,0.0,0.4784401902603627,val,3
S15640,219,8,2026-05-30,32,18,0.003292982080259,0.0050241096610495,0.4552601732164048,val,3
S18348,219,8,2026-05-30,45,13,0.0033001611528127,0.0,0.4866937469315429,val,3
S19959,219,8,2026-05-30,49,23,0.0029449862943448,0.0038117589311735,0.4648019879823312,val,3
S20944,219,8,2026-05-30,23,14,0.0032768631672938,0.0,0.4609935357307622,val,3
S21279,219,8,2026-05-30,23,13,0.0032497194808466,0.0,0.432585129691222,val,3
S24359,219,8,2026-05-30,27,30,0.0031895408092447,0.0,0.4450241688532698,val,3
S26652,219,8,2026-05-30,34,27,0.0030649495949379,0.0,0.4336014544687789,val,3
S27810,219,8,2026-05-30,41,23,0.0026805397700546,0.0023805076181033,0.4444220945008602,val,3
S27811,219,8,2026-05-30,55,14,0.0031369243684274,0.0,0.4472306181754562,val,3
S28591,219,8,2026-05-30,40,18,0.0028822883937419,0.0,0.4264409424305056,val,3
S29781,219,8,2026-05-30,55,18,0.0030622314929815,0.0,0.4154376744772361,val,3
S30467,219,8,2026-05-30,30,15,0.0031774434880765,0.0077550829341364,0.5011755419543444,val,3
S30469,219,8,2026-05-30,46,25,0.0029970622902555,0.0108785466086623,0.4426019393531915,val,3
S32075,219,8,2026-05-30,28,17,0.0033069357656508,0.0022187995267751,0.4480150256038773,val,3
S32349,219,8,2026-05-30,31,29,0.0031722168064003,0.0,0.4108783661260891,val,3
S38717,219,8,2026-05-30,13,21,0.00326250864123,0.0,0.4703540583741971,val,3
S38719,219,8,2026-05-30,23,26,0.0033721035802912,0.0,0.4584836727815842,val,3
S43063,219,8,2026-05-30,42,27,0.0031770868731419,0.0051035287255759,0.4698954706253841,val,3
S02040,219,8,2026-05-30,27,20,0.003432368272234,0.0,0.4545941410456489,val,4
S02238,219,8,2026-05-30,50,25,0.0030727543751256,0.0,0.451975526009739,val,4
S02409,219,8,2026-05-30,36,16,0.0031415419611489,0.0,0.4670562617855613,val,4
S04067,219,8,2026-05-30,40,25,0.0030392936697422,0.0,0.4091577304852924,val,4
S04778,219,8,2026-05-30,28,28,0.0030697687202095,0.0,0.4724847675334025,val,4
S06429,219,8,2026-05-30,23,22,0.003337265679639,0.0045125206559044,0.4822937061362109,val,4
S07501,219,8,2026-05-30,35,12,0.0033040316238187,0.0148051499282084,0.4434604830499369,val,4
S10927,219,8,2026-05-30,23,19,0.0034291894052644,0.0130504222967754,0.4710360181193024,val,4
S13528,219,8,2026-05-30,37,11,0.0033565527921977,0.0185097989140988,0.395583972146946,val,4
S15637,219,8,2026-05-30,46,29,0.0031615007617533,0.0,0.4784401902603627,val,4
S15640,219,8,2026-05-30,30,18,0.0031594243904078,0.0050241096610495,0.4552601732164048,val,4
S18348,219,8,2026-05-30,47,13,0.0033156561713613,0.0,0.4866937469315429,val,4
S19959,219,8,2026-05-30,51,23,0.0031951964807635,0.0038117589311735,0.4648019879823312,val,4
S20944,219,8,2026-05-30,21,15,0.0032155829130829,0.0,0.4609935357307622,val,4
S21279,219,8,2026-05-30,22,14,0.0032196608281533,0.0,0.432585129691222,val,4
S24359,219,8,2026-05-30,34,31,0.0032640316913435,0.0,0.4450241688532698,val,4
S26652,219,8,2026-05-30,36,27,0.0032162929001902,0.0,0.4336014544687789,val,4
S27810,219,8,2026-05-30,43,23,0.0031916986699377,0.0023805076181033,0.4444220945008602,val,4
S27811,219,8,2026-05-30,53,14,0.0031417277232159,0.0,0.4472306181754562,val,4
S28591,219,8,2026-05-30,38,18,0.0031192182132718,0.0,0.4264409424305056,val,4
S29781,219,8,2026-05-30,53,18,0.0028283320294963,0.0,0.4154376744772361,val,4
S30467,219,8,2026-05-30,32,15,0.0031988844946636,0.0077550829341364,0.5011755419543444,val,4
S30469,219,8,2026-05-30,48,25,0.0033351624182273,0.0108785466086623,0.4426019393531915,val,4
S32075,219,8,2026-05-30,30,17,0.0033409439783095,0.0022187995267751,0.4480150256038773,val,4
S32349,219,8,2026-05-30,37,29,0.0031098466944865,0.0,0.4108783661260891,val,4
S38717,219,8,2026-05-30,15,21,0.0032537941731099,0.0,0.4703540583741971,val,4
S38719,219,8,2026-05-30,20,26,0.0031158254585735,0.0,0.4584836727815842,val,4
S43063,219,8,2026-05-30,44,27,0.0030834344049428,0.0051035287255759,0.4698954706253841,val,4
S03649,219,9,2026-05-30,52,27,0.0030467518724487,0.0,0.4066995717176145,val,1
S06679,219,9,2026-05-30,28,19,0.0025673753870411,0.0,0.4169008713304141,val,1
S09571,219,9,2026-05-30,42,23,0.0025190168670883,0.0,0.3601425188072125,val,1
S11610,219,9,2026-05-30,28,31,0.0031684829321599,0.0,0.3888692784207968,val,1
S18852,219,9,2026-05-30,18,18,0.0022371536555406,0.0116663679120466,0.4216586053641073,val,1
S18855,219,9,2026-05-30,29,25,0.0031269379736924,0.0032668568498823,0.4075929548752308,val,1
S19179,219,9,2026-05-30,23,14,0.0028727183145755,0.0,0.3444754294513336,val,1
S21428,219,9,2026-05-30,58,24,0.0020706008320766,0.0,0.3881897386405071,val,1
S24130,219,9,2026-05-30,56,20,0.0031781181558276,0.0,0.4549963058228349,val,1
S24355,219,9,2026-05-30,27,22,0.0032752667034697,0.0,0.4469895521984963,val,1
S24356,219,9,2026-05-30,36,31,0.0024177535460783,0.0,0.3927200676134593,val,1
S24365,219,9,2026-05-30,19,18,0.0022146268465978,0.0,0.4204583492228745,val,1
S26655,219,9,2026-05-30,41,15,0.0018859927279314,0.0,0.3405405891846927,val,1
S27256,219,9,2026-05-30,24,24,0.0022404417810563,0.0,0.4043747890938403,val,1
S27485,219,9,2026-05-30,28,14,0.002056317844883,0.0,0.3987587273288918,val,1
S27806,219,9,2026-05-30,36,26,0.0032242720095925,0.0023835215691916,0.4272910512048291,val,1
S30475,219,9,2026-05-30,38,21,0.0025531543694546,0.0173344934942873,0.3336874665048069,val,1
S30476,219,9,2026-05-30,44,22,0.0025450123141921,0.0107576921828158,0.3850348736682478,val,1
S32345,219,9,2026-05-30,62,26,0.0030095158857961,0.0,0.4419499318671653,val,1
S34547,219,9,2026-05-30,20,26,0.0030128667193032,0.0,0.4094835898330063,val,1
S38265,219,9,2026-05-30,59,24,0.0024500073314656,0.00835525818084,0.4159998256377741,val,1
S38721,219,9,2026-05-30,49,20,0.0021228318054721,0.0,0.3936066212190663,val,1
S40802,219,9,2026-05-30,60,23,0.0024778632959703,0.0021605220029821,0.4228899835038599,val,1
S42706,219,9,2026-05-30,48,31,0.0025978787981798,0.0,0.3440107852290596,val,1
S03649,219,9,2026-05-30,54,27,0.0031298956290813,0.0,0.4066995717176145,val,2
S06679,219,9,2026-05-30,30,19,0.0023342971241971,0.0,0.4169008713304141,val,2
S09571,219,9,2026-05-30,44,23,0.0029311258671119,0.0,0.3601425188072125,val,2
S11610,219,9,2026-05-30,31,31,0.0027311474222109,0.0,0.3888692784207968,val,2
S18852,219,9,2026-05-30,16,18,0.003061432801169,0.0116663679120466,0.4216586053641073,val,2
S18855,219,9,2026-05-30,31,25,0.0032301684620045,0.0032668568498823,0.4075929548752308,val,2
S19179,219,9,2026-05-30,21,15,0.0031548904818569,0.0,0.3444754294513336,val,2
S21428,219,9,2026-05-30,55,24,0.0029664001708706,0.0,0.3881897386405071,val,2
S24130,219,9,2026-05-30,54,20,0.0023491272123243,0.0,0.4549963058228349,val,2
S24355,219,9,2026-05-30,25,22,0.0030679292302158,0.0,0.4469895521984963,val,2
S24356,219,9,2026-05-30,38,31,0.0026651835294371,0.0,0.3927200676134593,val,2
S24365,219,9,2026-05-30,17,18,0.0030406808323234,0.0,0.4204583492228745,val,2
S26655,219,9,2026-05-30,43,15,0.0020024984321688,0.0,0.3405405891846927,val,2
S27256,219,9,2026-05-30,22,24,0.0022969625709082,0.0,0.4043747890938403,val,2
S27485,219,9,2026-05-30,26,14,0.0027603011239503,0.0,0.3987587273288918,val,2
S27806,219,9,2026-05-30,34,26,0.0031951940372544,0.0023835215691916,0.4272910512048291,val,2
S30475,219,9,2026-05-30,40,21,0.0022975412294611,0.0173344934942873,0.3336874665048069,val,2
S30476,219,9,2026-05-30,42,22,0.002090808571495,0.0107576921828158,0.3850348736682478,val,2
S32345,219,9,2026-05-30,60,26,0.0030857533927088,0.0,0.4419499318671653,val,2
S34547,219,9,2026-05-30,18,26,0.0030574941752454,0.0,0.4094835898330063,val,2
S38265,219,9,2026-05-30,56,24,0.0030108550340567,0.00835525818084,0.4159998256377741,val,2
S38721,219,9,2026-05-30,47,20,0.0031317788830324,0.0,0.3936066212190663,val,2
S40802,219,9,2026-05-30,62,23,0.0023204617252278,0.0021605220029821,0.4228899835038599,val,2
S42706,219,9,2026-05-30,44,32,0.00316785538638,0.0,0.3440107852290596,val,2
S03649,219,9,2026-05-30,48,27,0.0023917331291219,0.0,0.4066995717176145,val,3
S06679,219,9,2026-05-30,23,19,0.0032359700515933,0.0,0.4169008713304141,val,3
S09571,219,9,2026-05-30,38,23,0.0026034203429677,0.0,0.3601425188072125,val,3
S11610,219,9,2026-05-30,17,27,0.0032296859957859,0.0,0.3888692784207968,val,3
S18852,219,9,2026-05-30,22,18,0.0031269774982599,0.0116663679120466,0.4216586053641073,val,3
S18855,219,9,2026-05-30,24,25,0.0029467126496651,0.0032668568498823,0.4075929548752308,val,3
S19179,219,9,2026-05-30,27,14,0.0030426127204434,0.0,0.3444754294513336,val,3
S21428,219,9,2026-05-30,62,24,0.0029705880971507,0.0,0.3881897386405071,val,3
S24130,219,9,2026-05-30,60,20,0.0024048330365011,0.0,0.4549963058228349,val,3
S24355,219,9,2026-05-30,32,22,0.0032324114159276,0.0,0.4469895521984963,val,3
S24356,219,9,2026-05-30,34,31,0.002471671916464,0.0,0.3927200676134593,val,3
S24365,219,9,2026-05-30,23,18,0.0029140950109008,0.0,0.4204583492228745,val,3
S26655,219,9,2026-05-30,37,15,0.0027538988902203,0.0,0.3405405891846927,val,3
S27256,219,9,2026-05-30,28,24,0.0029855128319499,0.0,0.4043747890938403,val,3
S27485,219,9,2026-05-30,32,14,0.002008446942476,0.0,0.3987587273288918,val,3
S27806,219,9,2026-05-30,41,26,0.0030338411516932,0.0023835215691916,0.4272910512048291,val,3
S30475,219,9,2026-05-30,34,21,0.0028511843821433,0.0173344934942873,0.3336874665048069,val,3
S30476,219,9,2026-05-30,48,22,0.0025953551214175,0.0107576921828158,0.3850348736682478,val,3
S32345,219,9,2026-05-30,60,25,0.0025342480409562,0.0,0.4419499318671653,val,3
S34547,219,9,2026-05-30,24,26,0.0022560944165207,0.0,0.4094835898330063,val,3
S38265,219,9,2026-05-30,63,24,0.0025584044689584,0.00835525818084,0.4159998256377741,val,3
S38721,219,9,2026-05-30,53,20,0.0021260811910126,0.0,0.3936066212190663,val,3
S40802,219,9,2026-05-30,56,23,0.0025076267283498,0.0021605220029821,0.4228899835038599,val,3
S42706,219,9,2026-05-30,58,29,0.0031745136825933,0.0,0.3440107852290596,val,3
S03649,219,9,2026-05-30,50,27,0.0030936087404464,0.0,0.4066995717176145,val,4
S06679,219,9,2026-05-30,25,19,0.002329395470172,0.0,0.4169008713304141,val,4
S09571,219,9,2026-05-30,40,23,0.0023205509523353,0.0,0.3601425188072125,val,4
S11610,219,9,2026-05-30,25,30,0.0025313866728801,0.0,0.3888692784207968,val,4
S18852,219,9,2026-05-30,20,18,0.003006710017471,0.0116663679120466,0.4216586053641073,val,4
S18855,219,9,2026-05-30,26,25,0.0025871181006653,0.0032668568498823,0.4075929548752308,val,4
S19179,219,9,2026-05-30,25,14,0.0019819906765118,0.0,0.3444754294513336,val,4
S21428,219,9,2026-05-30,60,24,0.0026293433807044,0.0,0.3881897386405071,val,4
S24130,219,9,2026-05-30,58,20,0.0023902532243898,0.0,0.4549963058228349,val,4
S24355,219,9,2026-05-30,30,22,0.0027740670413643,0.0,0.4469895521984963,val,4
S24356,219,9,2026-05-30,35,31,0.0024759844549325,0.0,0.3927200676134593,val,4
S24365,219,9,2026-05-30,21,18,0.0028187741241962,0.0,0.4204583492228745,val,4
S26655,219,9,2026-05-30,39,15,0.0030419622629643,0.0,0.3405405891846927,val,4
S27256,219,9,2026-05-30,26,24,0.0026539754529037,0.0,0.4043747890938403,val,4
S27485,219,9,2026-05-30,30,14,0.0019130866153492,0.0,0.3987587273288918,val,4
S27806,219,9,2026-05-30,39,26,0.0030251664311863,0.0023835215691916,0.4272910512048291,val,4
S30475,219,9,2026-05-30,36,21,0.0026899812069324,0.0173344934942873,0.3336874665048069,val,4
S30476,219,9,2026-05-30,46,22,0.0029198048011159,0.0107576921828158,0.3850348736682478,val,4
S32345,219,9,2026-05-30,62,25,0.0026357983864274,0.0,0.4419499318671653,val,4
S34547,219,9,2026-05-30,22,26,0.0024220675395479,0.0,0.4094835898330063,val,4
S38265,219,9,2026-05-30,61,24,0.0023040495128379,0.00835525818084,0.4159998256377741,val,4
S38721,219,9,2026-05-30,51,20,0.0026305363791563,0.0,0.3936066212190663,val,4
S40802,219,9,2026-05-30,58,23,0.0023635446955931,0.0021605220029821,0.4228899835038599,val,4
S42706,219,9,2026-05-30,50,31,0.0031028564188872,0.0,0.3440107852290596,val,4
S01675,219,10,2026-05-30,35,18,0.0032113067574122,0.0043475218250844,0.4367727816858912,val,1
S08490,219,10,2026-05-30,44,22,0.0031022352281708,0.0,0.4236721088558053,val,1
S08491,219,10,2026-05-30,18,17,0.0033417180210223,0.0,0.4422160354611116,val,1
S08900,219,10,2026-05-30,56,14,0.0032697956433817,0.0,0.4546859121598568,val,1
S13665,219,10,2026-05-30,56,22,0.0032801264836192,0.0,0.4891505153230929,val,1
S14574,219,10,2026-05-30,36,13,0.003361331619798,0.0,0.4463655770159618,val,1
S20110,219,10,2026-05-30,28,30,0.0032404255477201,0.0097698099113443,0.4503555284913081,val,1
S22844,219,10,2026-05-30,49,29,0.0031254507515901,0.0,0.4629560615552118,val,1
S22853,219,10,2026-05-30,24,16,0.0034061886974195,0.0,0.4654513735970793,val,1
S23032,219,10,2026-05-30,37,13,0.0030461242075098,0.0,0.3953113391812261,val,1
S23882,219,10,2026-05-30,47,21,0.0032228599170354,0.0,0.4617387425132421,val,1
S36558,219,10,2026-05-30,25,16,0.0033807731837932,0.0,0.4613214717131743,val,1
S38078,219,10,2026-05-30,15,24,0.0031214468319971,0.0040661714173511,0.4143880118664222,val,1
S41047,219,10,2026-05-30,52,19,0.0033198488308547,0.0,0.4737563450725883,val,1
S41617,219,10,2026-05-30,50,18,0.0032758334099361,0.0,0.4372018810130391,val,1
S01675,219,10,2026-05-30,33,18,0.0033225167897629,0.0043475218250844,0.4367727816858912,val,2
S08490,219,10,2026-05-30,42,22,0.0032220245958394,0.0,0.4236721088558053,val,2
S08491,219,10,2026-05-30,20,17,0.0033991437500045,0.0,0.4422160354611116,val,2
S08900,219,10,2026-05-30,54,14,0.0032825898828823,0.0,0.4546859121598568,val,2
S13665,219,10,2026-05-30,53,22,0.0032756834779043,0.0,0.4891505153230929,val,2
S14574,219,10,2026-05-30,38,13,0.003286426200884,0.0,0.4463655770159618,val,2
S20110,219,10,2026-05-30,32,31,0.0032330444470506,0.0097698099113443,0.4503555284913081,val,2
S22844,219,10,2026-05-30,51,29,0.0032140291288685,0.0,0.4629560615552118,val,2
S22853,219,10,2026-05-30,22,16,0.003335816886538,0.0,0.4654513735970793,val,2
S23032,219,10,2026-05-30,39,13,0.0032984880933652,0.0,0.3953113391812261,val,2
S23882,219,10,2026-05-30,54,21,0.0033630501127942,0.0,0.4617387425132421,val,2
S36558,219,10,2026-05-30,23,16,0.0033393406035244,0.0,0.4613214717131743,val,2
S38078,219,10,2026-05-30,16,25,0.0032840748148854,0.0040661714173511,0.4143880118664222,val,2
S41047,219,10,2026-05-30,54,19,0.0033285811797191,0.0,0.4737563450725883,val,2
S41617,219,10,2026-05-30,48,18,0.0033404124945599,0.0,0.4372018810130391,val,2
S01675,219,10,2026-05-30,40,18,0.003122735156764,0.0043475218250844,0.4367727816858912,val,3
S08490,219,10,2026-05-30,52,22,0.0032116386107602,0.0,0.4236721088558053,val,3
S08491,219,10,2026-05-30,21,16,0.0031464254026261,0.0,0.4422160354611116,val,3
S08900,219,10,2026-05-30,48,13,0.0031789866479167,0.0,0.4546859121598568,val,3
S13665,219,10,2026-05-30,61,22,0.0032540786396588,0.0,0.4891505153230929,val,3
S14574,219,10,2026-05-30,32,13,0.0033051127339966,0.0,0.4463655770159618,val,3
S20110,219,10,2026-05-30,33,30,0.0032191881055715,0.0097698099113443,0.4503555284913081,val,3
S22844,219,10,2026-05-30,43,29,0.00313410505673,0.0,0.4629560615552118,val,3
S22853,219,10,2026-05-30,28,16,0.0032735750187922,0.0,0.4654513735970793,val,3
S23032,219,10,2026-05-30,33,13,0.0032991667416608,0.0,0.3953113391812261,val,3
S23882,219,10,2026-05-30,42,21,0.0030138852468083,0.0,0.4617387425132421,val,3
S36558,219,10,2026-05-30,29,16,0.0033518922218019,0.0,0.4613214717131743,val,3
S38078,219,10,2026-05-30,19,24,0.0032981694101483,0.0040661714173511,0.4143880118664222,val,3
S41047,219,10,2026-05-30,48,19,0.003236003372213,0.0,0.4737563450725883,val,3
S41617,219,10,2026-05-30,55,18,0.0032798942461416,0.0,0.4372018810130391,val,3
S01675,219,10,2026-05-30,38,18,0.0032284145737133,0.0043475218250844,0.4367727816858912,val,4
S08490,219,10,2026-05-30,47,22,0.0032783884397331,0.0,0.4236721088558053,val,4
S08491,219,10,2026-05-30,19,16,0.0033283597413933,0.0,0.4422160354611116,val,4
S08900,219,10,2026-05-30,51,13,0.0030718025059216,0.0,0.4546859121598568,val,4
S13665,219,10,2026-05-30,59,22,0.0033162638352456,0.0,0.4891505153230929,val,4
S14574,219,10,2026-05-30,34,13,0.0033201092861893,0.0,0.4463655770159618,val,4
S20110,219,10,2026-05-30,31,30,0.0031753160512839,0.0097698099113443,0.4503555284913081,val,4
S22844,219,10,2026-05-30,45,29,0.0031593834709047,0.0,0.4629560615552118,val,4
S22853,219,10,2026-05-30,26,16,0.0033376065012366,0.0,0.4654513735970793,val,4
S23032,219,10,2026-05-30,35,13,0.0032821321271313,0.0,0.3953113391812261,val,4
S23882,219,10,2026-05-30,44,21,0.0032481151976062,0.0,0.4617387425132421,val,4
S36558,219,10,2026-05-30,27,16,0.0032803422340162,0.0,0.4613214717131743,val,4
S38078,219,10,2026-05-30,17,24,0.0033140305882597,0.0040661714173511,0.4143880118664222,val,4
S41047,219,10,2026-05-30,50,19,0.0032666526652583,0.0,0.4737563450725883,val,4
S41617,219,10,2026-05-30,52,18,0.0032761000034599,0.0,0.4372018810130391,val,4
S03649,219,11,2026-05-30,52,27,0.0030467518724487,0.0,0.4066995717176145,val,1
S06679,219,11,2026-05-30,28,19,0.0025673753870411,0.0,0.4169008713304141,val,1
S09571,219,11,2026-05-30,42,23,0.0025190168670883,0.0,0.3601425188072125,val,1
S11610,219,11,2026-05-30,28,31,0.0031684829321599,0.0,0.3888692784207968,val,1
S18852,219,11,2026-05-30,18,18,0.0022371536555406,0.0116663679120466,0.4216586053641073,val,1
S18855,219,11,2026-05-30,29,25,0.0031269379736924,0.0032668568498823,0.4075929548752308,val,1
S19179,219,11,2026-05-30,23,14,0.0028727183145755,0.0,0.3444754294513336,val,1
S21428,219,11,2026-05-30,58,24,0.0020706008320766,0.0,0.3881897386405071,val,1
S24130,219,11,2026-05-30,56,20,0.0031781181558276,0.0,0.4549963058228349,val,1
S24355,219,11,2026-05-30,27,22,0.0032752667034697,0.0,0.4469895521984963,val,1
S24356,219,11,2026-05-30,36,31,0.0024177535460783,0.0,0.3927200676134593,val,1
S24365,219,11,2026-05-30,19,18,0.0022146268465978,0.0,0.4204583492228745,val,1
S26655,219,11,2026-05-30,41,15,0.0018859927279314,0.0,0.3405405891846927,val,1
S27256,219,11,2026-05-30,24,24,0.0022404417810563,0.0,0.4043747890938403,val,1
S27485,219,11,2026-05-30,28,14,0.002056317844883,0.0,0.3987587273288918,val,1
S27806,219,11,2026-05-30,36,26,0.0032242720095925,0.0023835215691916,0.4272910512048291,val,1
S30475,219,11,2026-05-30,38,21,0.0025531543694546,0.0173344934942873,0.3336874665048069,val,1
S30476,219,11,2026-05-30,44,22,0.0025450123141921,0.0107576921828158,0.3850348736682478,val,1
S32345,219,11,2026-05-30,62,26,0.0030095158857961,0.0,0.4419499318671653,val,1
S34547,219,11,2026-05-30,20,26,0.0030128667193032,0.0,0.4094835898330063,val,1
S38265,219,11,2026-05-30,59,24,0.0024500073314656,0.00835525818084,0.4159998256377741,val,1
S38721,219,11,2026-05-30,49,20,0.0021228318054721,0.0,0.3936066212190663,val,1
S40802,219,11,2026-05-30,60,23,0.0024778632959703,0.0021605220029821,0.4228899835038599,val,1
S42706,219,11,2026-05-30,48,31,0.0025978787981798,0.0,0.3440107852290596,val,1
S03649,219,11,2026-05-30,54,27,0.0031298956290813,0.0,0.4066995717176145,val,2
S06679,219,11,2026-05-30,30,19,0.0023342971241971,0.0,0.4169008713304141,val,2
S09571,219,11,2026-05-30,44,23,0.0029311258671119,0.0,0.3601425188072125,val,2
S11610,219,11,2026-05-30,31,31,0.0027311474222109,0.0,0.3888692784207968,val,2
S18852,219,11,2026-05-30,16,18,0.003061432801169,0.0116663679120466,0.4216586053641073,val,2
S18855,219,11,2026-05-30,31,25,0.0032301684620045,0.0032668568498823,0.4075929548752308,val,2
S19179,219,11,2026-05-30,21,15,0.0031548904818569,0.0,0.3444754294513336,val,2
S21428,219,11,2026-05-30,55,24,0.0029664001708706,0.0,0.3881897386405071,val,2
S24130,219,11,2026-05-30,54,20,0.0023491272123243,0.0,0.4549963058228349,val,2
S24355,219,11,2026-05-30,25,22,0.0030679292302158,0.0,0.4469895521984963,val,2
S24356,219,11,2026-05-30,38,31,0.0026651835294371,0.0,0.3927200676134593,val,2
S24365,219,11,2026-05-30,17,18,0.0030406808323234,0.0,0.4204583492228745,val,2
S26655,219,11,2026-05-30,43,15,0.0020024984321688,0.0,0.3405405891846927,val,2
S27256,219,11,2026-05-30,22,24,0.0022969625709082,0.0,0.4043747890938403,val,2
S27485,219,11,2026-05-30,26,14,0.0027603011239503,0.0,0.3987587273288918,val,2
S27806,219,11,2026-05-30,34,26,0.0031951940372544,0.0023835215691916,0.4272910512048291,val,2
S30475,219,11,2026-05-30,40,21,0.0022975412294611,0.0173344934942873,0.3336874665048069,val,2
S30476,219,11,2026-05-30,42,22,0.002090808571495,0.0107576921828158,0.3850348736682478,val,2
S32345,219,11,2026-05-30,60,26,0.0030857533927088,0.0,0.4419499318671653,val,2
S34547,219,11,2026-05-30,18,26,0.0030574941752454,0.0,0.4094835898330063,val,2
S38265,219,11,2026-05-30,56,24,0.0030108550340567,0.00835525818084,0.4159998256377741,val,2
S38721,219,11,2026-05-30,47,20,0.0031317788830324,0.0,0.3936066212190663,val,2
S40802,219,11,2026-05-30,62,23,0.0023204617252278,0.0021605220029821,0.4228899835038599,val,2
S42706,219,11,2026-05-30,44,32,0.00316785538638,0.0,0.3440107852290596,val,2
S03649,219,11,2026-05-30,48,27,0.0023917331291219,0.0,0.4066995717176145,val,3
S06679,219,11,2026-05-30,23,19,0.0032359700515933,0.0,0.4169008713304141,val,3
S09571,219,11,2026-05-30,38,23,0.0026034203429677,0.0,0.3601425188072125,val,3
S11610,219,11,2026-05-30,17,27,0.0032296859957859,0.0,0.3888692784207968,val,3
S18852,219,11,2026-05-30,22,18,0.0031269774982599,0.0116663679120466,0.4216586053641073,val,3
S18855,219,11,2026-05-30,24,25,0.0029467126496651,0.0032668568498823,0.4075929548752308,val,3
S19179,219,11,2026-05-30,27,14,0.0030426127204434,0.0,0.3444754294513336,val,3
S21428,219,11,2026-05-30,62,24,0.0029705880971507,0.0,0.3881897386405071,val,3
S24130,219,11,2026-05-30,60,20,0.0024048330365011,0.0,0.4549963058228349,val,3
S24355,219,11,2026-05-30,32,22,0.0032324114159276,0.0,0.4469895521984963,val,3
S24356,219,11,2026-05-30,34,31,0.002471671916464,0.0,0.3927200676134593,val,3
S24365,219,11,2026-05-30,23,18,0.0029140950109008,0.0,0.4204583492228745,val,3
S26655,219,11,2026-05-30,37,15,0.0027538988902203,0.0,0.3405405891846927,val,3
S27256,219,11,2026-05-30,28,24,0.0029855128319499,0.0,0.4043747890938403,val,3
S27485,219,11,2026-05-30,32,14,0.002008446942476,0.0,0.3987587273288918,val,3
S27806,219,11,2026-05-30,41,26,0.0030338411516932,0.0023835215691916,0.4272910512048291,val,3
S30475,219,11,2026-05-30,34,21,0.0028511843821433,0.0173344934942873,0.3336874665048069,val,3
S30476,219,11,2026-05-30,48,22,0.0025953551214175,0.0107576921828158,0.3850348736682478,val,3
S32345,219,11,2026-05-30,60,25,0.0025342480409562,0.0,0.4419499318671653,val,3
S34547,219,11,2026-05-30,24,26,0.0022560944165207,0.0,0.4094835898330063,val,3
S38265,219,11,2026-05-30,63,24,0.0025584044689584,0.00835525818084,0.4159998256377741,val,3
S38721,219,11,2026-05-30,53,20,0.0021260811910126,0.0,0.3936066212190663,val,3
S40802,219,11,2026-05-30,56,23,0.0025076267283498,0.0021605220029821,0.4228899835038599,val,3
S42706,219,11,2026-05-30,58,29,0.0031745136825933,0.0,0.3440107852290596,val,3
S03649,219,11,2026-05-30,50,27,0.0030936087404464,0.0,0.4066995717176145,val,4
S06679,219,11,2026-05-30,25,19,0.002329395470172,0.0,0.4169008713304141,val,4
S09571,219,11,2026-05-30,40,23,0.0023205509523353,0.0,0.3601425188072125,val,4
S11610,219,11,2026-05-30,25,30,0.0025313866728801,0.0,0.3888692784207968,val,4
S18852,219,11,2026-05-30,20,18,0.003006710017471,0.0116663679120466,0.4216586053641073,val,4
S18855,219,11,2026-05-30,26,25,0.0025871181006653,0.0032668568498823,0.4075929548752308,val,4
S19179,219,11,2026-05-30,25,14,0.0019819906765118,0.0,0.3444754294513336,val,4
S21428,219,11,2026-05-30,60,24,0.0026293433807044,0.0,0.3881897386405071,val,4
S24130,219,11,2026-05-30,58,20,0.0023902532243898,0.0,0.4549963058228349,val,4
S24355,219,11,2026-05-30,30,22,0.0027740670413643,0.0,0.4469895521984963,val,4
S24356,219,11,2026-05-30,35,31,0.0024759844549325,0.0,0.3927200676134593,val,4
S24365,219,11,2026-05-30,21,18,0.0028187741241962,0.0,0.4204583492228745,val,4
S26655,219,11,2026-05-30,39,15,0.0030419622629643,0.0,0.3405405891846927,val,4
S27256,219,11,2026-05-30,26,24,0.0026539754529037,0.0,0.4043747890938403,val,4
S27485,219,11,2026-05-30,30,14,0.0019130866153492,0.0,0.3987587273288918,val,4
S27806,219,11,2026-05-30,39,26,0.0030251664311863,0.0023835215691916,0.4272910512048291,val,4
S30475,219,11,2026-05-30,36,21,0.0026899812069324,0.0173344934942873,0.3336874665048069,val,4
S30476,219,11,2026-05-30,46,22,0.0029198048011159,0.0107576921828158,0.3850348736682478,val,4
S32345,219,11,2026-05-30,62,25,0.0026357983864274,0.0,0.4419499318671653,val,4
S34547,219,11,2026-05-30,22,26,0.0024220675395479,0.0,0.4094835898330063,val,4
S38265,219,11,2026-05-30,61,24,0.0023040495128379,0.00835525818084,0.4159998256377741,val,4
S38721,219,11,2026-05-30,51,20,0.0026305363791563,0.0,0.3936066212190663,val,4
S40802,219,11,2026-05-30,58,23,0.0023635446955931,0.0021605220029821,0.4228899835038599,val,4
S42706,219,11,2026-05-30,50,31,0.0031028564188872,0.0,0.3440107852290596,val,4
S01391,219,12,2026-05-30,40,20,0.002973427460973,0.0014810841416715,0.3877321278685984,val,1
S05198,219,12,2026-05-30,28,21,0.0034128253860479,0.0,0.4392278526082027,val,1
S06703,219,12,2026-05-30,32,18,0.003365053848216,0.0,0.4058669538835855,val,1
S07318,219,12,2026-05-30,35,26,0.0032481579095737,0.0,0.4221414434942685,val,1
S08238,219,12,2026-05-30,21,21,0.0033178755601546,0.0011357767387439,0.4257711491441284,val,1
S11088,219,12,2026-05-30,21,22,0.0033959979599543,0.0069459325997633,0.4548933030538167,val,1
S11092,219,12,2026-05-30,28,16,0.0033007281328367,0.0007420779077285,0.4506090167958994,val,1
S13700,219,12,2026-05-30,34,28,0.0033266432655409,0.0013155456735223,0.4365870732075774,val,1
S14749,219,12,2026-05-30,61,16,0.0028292717929178,0.0,0.3504575265755986,val,1
S17376,219,12,2026-05-30,17,18,0.0033114639399611,0.0315034322297748,0.4762176428176426,val,1
S17377,219,12,2026-05-30,46,21,0.0032895879308107,0.032886861256787,0.4326775598794378,val,1
S17382,219,12,2026-05-30,36,26,0.0033815665630456,0.0281219940021501,0.4271588288419905,val,1
S19117,219,12,2026-05-30,24,23,0.0034119079918804,0.0055143917858862,0.4182931723957598,val,1
S19705,219,12,2026-05-30,52,15,0.0031463182579944,0.0,0.4540442427781966,val,1
S24598,219,12,2026-05-30,50,25,0.0033833251615941,0.0,0.4365159253622763,val,1
S24601,219,12,2026-05-30,34,25,0.0033193462834709,0.0020730099938268,0.4857222450538321,val,1
S26725,219,12,2026-05-30,39,20,0.0031985348972002,0.0126794124100067,0.3796381952753746,val,1
S30797,219,12,2026-05-30,21,24,0.003386348782657,0.0050019373701081,0.4166189740139065,val,1
S30798,219,12,2026-05-30,52,14,0.0030595825093505,0.0,0.4312352856685364,val,1
S31162,219,12,2026-05-30,39,17,0.0032540112381003,0.0048303075069004,0.4074364386366801,val,1
S31167,219,12,2026-05-30,49,13,0.0031537565234632,0.0016229419332928,0.4506924661572231,val,1
S32427,219,12,2026-05-30,38,29,0.0033073690529845,0.0081202516134302,0.4103248114929164,val,1
S32428,219,12,2026-05-30,36,24,0.0033717104673794,0.0,0.455246794731744,val,1
S35561,219,12,2026-05-30,31,17,0.0031775118066501,0.0,0.3831292675829366,val,1
S36445,219,12,2026-05-30,51,15,0.0031974297856223,0.0,0.4362073358981873,val,1
S38523,219,12,2026-05-30,20,16,0.0032954391512052,0.0013968874985595,0.4731830786684691,val,1
S42827,219,12,2026-05-30,27,26,0.0033822818718132,0.0,0.4789544039347693,val,1
S01391,219,12,2026-05-30,38,20,0.0031191535844734,0.0014810841416715,0.3877321278685984,val,2
S05198,219,12,2026-05-30,30,21,0.0033018139476187,0.0,0.4392278526082027,val,2
S06703,219,12,2026-05-30,30,18,0.0033814816046441,0.0,0.4058669538835855,val,2
S07318,219,12,2026-05-30,33,26,0.0033418870369337,0.0,0.4221414434942685,val,2
S08238,219,12,2026-05-30,23,21,0.003339112011538,0.0011357767387439,0.4257711491441284,val,2
S11088,219,12,2026-05-30,19,22,0.0032796608488897,0.0069459325997633,0.4548933030538167,val,2
S11092,219,12,2026-05-30,26,16,0.0033441548169209,0.0007420779077285,0.4506090167958994,val,2
S13700,219,12,2026-05-30,32,28,0.0033061652403808,0.0013155456735223,0.4365870732075774,val,2
S14749,219,12,2026-05-30,59,16,0.0029166406518299,0.0,0.3504575265755986,val,2
S17376,219,12,2026-05-30,15,18,0.0032155485565364,0.0315034322297748,0.4762176428176426,val,2
S17377,219,12,2026-05-30,48,21,0.0032636295743044,0.032886861256787,0.4326775598794378,val,2
S17382,219,12,2026-05-30,34,26,0.0033383828972646,0.0281219940021501,0.4271588288419905,val,2
S19117,219,12,2026-05-30,26,23,0.0034303398005057,0.0055143917858862,0.4182931723957598,val,2
S19705,219,12,2026-05-30,54,15,0.0029090012957826,0.0,0.4540442427781966,val,2
S24598,219,12,2026-05-30,52,25,0.0033976334985369,0.0,0.4365159253622763,val,2
S24601,219,12,2026-05-30,36,25,0.0033520059520173,0.0020730099938268,0.4857222450538321,val,2
S26725,219,12,2026-05-30,37,20,0.003210776244894,0.0126794124100067,0.3796381952753746,val,2
S30797,219,12,2026-05-30,19,24,0.0033626483251304,0.0050019373701081,0.4166189740139065,val,2
S30798,219,12,2026-05-30,50,14,0.0032804147087674,0.0,0.4312352856685364,val,2
S31162,219,12,2026-05-30,41,17,0.0033037637059546,0.0048303075069004,0.4074364386366801,val,2
S31167,219,12,2026-05-30,52,13,0.0030975658553713,0.0016229419332928,0.4506924661572231,val,2
S32427,219,12,2026-05-30,40,29,0.0033318634498847,0.0081202516134302,0.4103248114929164,val,2
S32428,219,12,2026-05-30,34,24,0.0033528592360536,0.0,0.455246794731744,val,2
S35561,219,12,2026-05-30,33,17,0.0033282992371228,0.0,0.3831292675829366,val,2
S36445,219,12,2026-05-30,53,15,0.0032633487581718,0.0,0.4362073358981873,val,2
S38523,219,12,2026-05-30,18,16,0.0031902065770981,0.0013968874985595,0.4731830786684691,val,2
S42827,219,12,2026-05-30,25,26,0.0033866350253122,0.0,0.4789544039347693,val,2
S01391,219,12,2026-05-30,44,20,0.0032987176791863,0.0014810841416715,0.3877321278685984,val,3
S05198,219,12,2026-05-30,24,21,0.0033056146167421,0.0,0.4392278526082027,val,3
S06703,219,12,2026-05-30,34,18,0.003297200785344,0.0,0.4058669538835855,val,3
S07318,219,12,2026-05-30,39,26,0.0032907750854043,0.0,0.4221414434942685,val,3
S08238,219,12,2026-05-30,17,21,0.0033687153851285,0.0011357767387439,0.4257711491441284,val,3
S11088,219,12,2026-05-30,25,22,0.0034179471897096,0.0069459325997633,0.4548933030538167,val,3
S11092,219,12,2026-05-30,32,16,0.0033356706915685,0.0007420779077285,0.4506090167958994,val,3
S13700,219,12,2026-05-30,38,28,0.0033366489367311,0.0013155456735223,0.4365870732075774,val,3
S14749,219,12,2026-05-30,55,15,0.0030794477786718,0.0,0.3504575265755986,val,3
S17376,219,12,2026-05-30,21,18,0.0033893396773971,0.0315034322297748,0.4762176428176426,val,3
S17377,219,12,2026-05-30,41,21,0.003072448574966,0.032886861256787,0.4326775598794378,val,3
S17382,219,12,2026-05-30,41,26,0.0033414347117635,0.0281219940021501,0.4271588288419905,val,3
S19117,219,12,2026-05-30,20,23,0.0033342491334222,0.0055143917858862,0.4182931723957598,val,3
S19705,219,12,2026-05-30,48,15,0.0028864772550451,0.0,0.4540442427781966,val,3
S24598,219,12,2026-05-30,46,25,0.0033066981337474,0.0,0.4365159253622763,val,3
S24601,219,12,2026-05-30,30,25,0.0034129741796823,0.0020730099938268,0.4857222450538321,val,3
S26725,219,12,2026-05-30,43,20,0.0033094671271056,0.0126794124100067,0.3796381952753746,val,3
S30797,219,12,2026-05-30,25,24,0.0033771729731894,0.0050019373701081,0.4166189740139065,val,3
S30798,219,12,2026-05-30,56,14,0.0027422871098693,0.0,0.4312352856685364,val,3
S31162,219,12,2026-05-30,35,17,0.0033743715809639,0.0048303075069004,0.4074364386366801,val,3
S31167,219,12,2026-05-30,45,13,0.0032494980776375,0.0016229419332928,0.4506924661572231,val,3
S32427,219,12,2026-05-30,34,29,0.0032708790622221,0.0081202516134302,0.4103248114929164,val,3
S32428,219,12,2026-05-30,43,24,0.0033375005983661,0.0,0.455246794731744,val,3
S35561,219,12,2026-05-30,26,17,0.003333736515498,0.0,0.3831292675829366,val,3
S36445,219,12,2026-05-30,47,15,0.0031738162802625,0.0,0.4362073358981873,val,3
S38523,219,12,2026-05-30,24,16,0.0031302905696435,0.0013968874985595,0.4731830786684691,val,3
S42827,219,12,2026-05-30,31,26,0.0033629718235397,0.0,0.4789544039347693,val,3
S01391,219,12,2026-05-30,42,20,0.0030233098135073,0.0014810841416715,0.3877321278685984,val,4
S05198,219,12,2026-05-30,26,21,0.0033857852390622,0.0,0.4392278526082027,val,4
S06703,219,12,2026-05-30,33,18,0.0033335635955403,0.0,0.4058669538835855,val,4
S07318,219,12,2026-05-30,37,26,0.0033612358249994,0.0,0.4221414434942685,val,4
S08238,219,12,2026-05-30,19,21,0.0034189578342531,0.0011357767387439,0.4257711491441284,val,4
S11088,219,12,2026-05-30,23,22,0.0034709462672809,0.0069459325997633,0.4548933030538167,val,4
S11092,219,12,2026-05-30,30,16,0.0032602512035165,0.0007420779077285,0.4506090167958994,val,4
S13700,219,12,2026-05-30,36,28,0.003311288434112,0.0013155456735223,0.4365870732075774,val,4
S14749,219,12,2026-05-30,57,15,0.0030708757476187,0.0,0.3504575265755986,val,4
S17376,219,12,2026-05-30,19,18,0.0033375809916598,0.0315034322297748,0.4762176428176426,val,4
S17377,219,12,2026-05-30,44,21,0.0033582696349555,0.032886861256787,0.4326775598794378,val,4
S17382,219,12,2026-05-30,38,26,0.0033343012198651,0.0281219940021501,0.4271588288419905,val,4
S19117,219,12,2026-05-30,22,23,0.0034024469097182,0.0055143917858862,0.4182931723957598,val,4
S19705,219,12,2026-05-30,50,15,0.0033458496516989,0.0,0.4540442427781966,val,4
S24598,219,12,2026-05-30,48,25,0.0032729346151551,0.0,0.4365159253622763,val,4
S24601,219,12,2026-05-30,32,25,0.0033593938837125,0.0020730099938268,0.4857222450538321,val,4
S26725,219,12,2026-05-30,41,20,0.0030229918432223,0.0126794124100067,0.3796381952753746,val,4
S30797,219,12,2026-05-30,23,24,0.0033678591269286,0.0050019373701081,0.4166189740139065,val,4
S30798,219,12,2026-05-30,54,14,0.0029209438732903,0.0,0.4312352856685364,val,4
S31162,219,12,2026-05-30,37,17,0.0033239251223604,0.0048303075069004,0.4074364386366801,val,4
S31167,219,12,2026-05-30,47,13,0.0032386292398004,0.0016229419332928,0.4506924661572231,val,4
S32427,219,12,2026-05-30,36,29,0.0032730058082999,0.0081202516134302,0.4103248114929164,val,4
S32428,219,12,2026-05-30,41,24,0.003322349861218,0.0,0.455246794731744,val,4
S35561,219,12,2026-05-30,28,17,0.0033706413457002,0.0,0.3831292675829366,val,4
S36445,219,12,2026-05-30,49,15,0.0032207975736682,0.0,0.4362073358981873,val,4
S38523,219,12,2026-05-30,22,16,0.0033016218082454,0.0013968874985595,0.4731830786684691,val,4
S42827,219,12,2026-05-30,29,26,0.0034238006119907,0.0,0.4789544039347693,val,4
S03649,219,13,2026-05-30,52,27,0.0030467518724487,0.0,0.4066995717176145,val,1
S06679,219,13,2026-05-30,28,19,0.0025673753870411,0.0,0.4169008713304141,val,1
S09571,219,13,2026-05-30,42,23,0.0025190168670883,0.0,0.3601425188072125,val,1
S11610,219,13,2026-05-30,28,31,0.0031684829321599,0.0,0.3888692784207968,val,1
S18852,219,13,2026-05-30,18,18,0.0022371536555406,0.0116663679120466,0.4216586053641073,val,1
S18855,219,13,2026-05-30,29,25,0.0031269379736924,0.0032668568498823,0.4075929548752308,val,1
S19179,219,13,2026-05-30,23,14,0.0028727183145755,0.0,0.3444754294513336,val,1
S21428,219,13,2026-05-30,58,24,0.0020706008320766,0.0,0.3881897386405071,val,1
S24130,219,13,2026-05-30,56,20,0.0031781181558276,0.0,0.4549963058228349,val,1
S24355,219,13,2026-05-30,27,22,0.0032752667034697,0.0,0.4469895521984963,val,1
S24356,219,13,2026-05-30,36,31,0.0024177535460783,0.0,0.3927200676134593,val,1
S24365,219,13,2026-05-30,19,18,0.0022146268465978,0.0,0.4204583492228745,val,1
S26655,219,13,2026-05-30,41,15,0.0018859927279314,0.0,0.3405405891846927,val,1
S27256,219,13,2026-05-30,24,24,0.0022404417810563,0.0,0.4043747890938403,val,1
S27485,219,13,2026-05-30,28,14,0.002056317844883,0.0,0.3987587273288918,val,1
S27806,219,13,2026-05-30,36,26,0.0032242720095925,0.0023835215691916,0.4272910512048291,val,1
S30475,219,13,2026-05-30,38,21,0.0025531543694546,0.0173344934942873,0.3336874665048069,val,1
S30476,219,13,2026-05-30,44,22,0.0025450123141921,0.0107576921828158,0.3850348736682478,val,1
S32345,219,13,2026-05-30,62,26,0.0030095158857961,0.0,0.4419499318671653,val,1
S34547,219,13,2026-05-30,20,26,0.0030128667193032,0.0,0.4094835898330063,val,1
S38265,219,13,2026-05-30,59,24,0.0024500073314656,0.00835525818084,0.4159998256377741,val,1
S38721,219,13,2026-05-30,49,20,0.0021228318054721,0.0,0.3936066212190663,val,1
S40802,219,13,2026-05-30,60,23,0.0024778632959703,0.0021605220029821,0.4228899835038599,val,1
S42706,219,13,2026-05-30,48,31,0.0025978787981798,0.0,0.3440107852290596,val,1
S03649,219,13,2026-05-30,54,27,0.0031298956290813,0.0,0.4066995717176145,val,2
S06679,219,13,2026-05-30,30,19,0.0023342971241971,0.0,0.4169008713304141,val,2
S09571,219,13,2026-05-30,44,23,0.0029311258671119,0.0,0.3601425188072125,val,2
S11610,219,13,2026-05-30,31,31,0.0027311474222109,0.0,0.3888692784207968,val,2
S18852,219,13,2026-05-30,16,18,0.003061432801169,0.0116663679120466,0.4216586053641073,val,2
S18855,219,13,2026-05-30,31,25,0.0032301684620045,0.0032668568498823,0.4075929548752308,val,2
S19179,219,13,2026-05-30,21,15,0.0031548904818569,0.0,0.3444754294513336,val,2
S21428,219,13,2026-05-30,55,24,0.0029664001708706,0.0,0.3881897386405071,val,2
S24130,219,13,2026-05-30,54,20,0.0023491272123243,0.0,0.4549963058228349,val,2
S24355,219,13,2026-05-30,25,22,0.0030679292302158,0.0,0.4469895521984963,val,2
S24356,219,13,2026-05-30,38,31,0.0026651835294371,0.0,0.3927200676134593,val,2
S24365,219,13,2026-05-30,17,18,0.0030406808323234,0.0,0.4204583492228745,val,2
S26655,219,13,2026-05-30,43,15,0.0020024984321688,0.0,0.3405405891846927,val,2
S27256,219,13,2026-05-30,22,24,0.0022969625709082,0.0,0.4043747890938403,val,2
S27485,219,13,2026-05-30,26,14,0.0027603011239503,0.0,0.3987587273288918,val,2
S27806,219,13,2026-05-30,34,26,0.0031951940372544,0.0023835215691916,0.4272910512048291,val,2
S30475,219,13,2026-05-30,40,21,0.0022975412294611,0.0173344934942873,0.3336874665048069,val,2
S30476,219,13,2026-05-30,42,22,0.002090808571495,0.0107576921828158,0.3850348736682478,val,2
S32345,219,13,2026-05-30,60,26,0.0030857533927088,0.0,0.4419499318671653,val,2
S34547,219,13,2026-05-30,18,26,0.0030574941752454,0.0,0.4094835898330063,val,2
S38265,219,13,2026-05-30,56,24,0.0030108550340567,0.00835525818084,0.4159998256377741,val,2
S38721,219,13,2026-05-30,47,20,0.0031317788830324,0.0,0.3936066212190663,val,2
S40802,219,13,2026-05-30,62,23,0.0023204617252278,0.0021605220029821,0.4228899835038599,val,2
S42706,219,13,2026-05-30,44,32,0.00316785538638,0.0,0.3440107852290596,val,2
S03649,219,13,2026-05-30,48,27,0.0023917331291219,0.0,0.4066995717176145,val,3
S06679,219,13,2026-05-30,23,19,0.0032359700515933,0.0,0.4169008713304141,val,3
S09571,219,13,2026-05-30,38,23,0.0026034203429677,0.0,0.3601425188072125,val,3
S11610,219,13,2026-05-30,17,27,0.0032296859957859,0.0,0.3888692784207968,val,3
S18852,219,13,2026-05-30,22,18,0.0031269774982599,0.0116663679120466,0.4216586053641073,val,3
S18855,219,13,2026-05-30,24,25,0.0029467126496651,0.0032668568498823,0.4075929548752308,val,3
S19179,219,13,2026-05-30,27,14,0.0030426127204434,0.0,0.3444754294513336,val,3
S21428,219,13,2026-05-30,62,24,0.0029705880971507,0.0,0.3881897386405071,val,3
S24130,219,13,2026-05-30,60,20,0.0024048330365011,0.0,0.4549963058228349,val,3
S24355,219,13,2026-05-30,32,22,0.0032324114159276,0.0,0.4469895521984963,val,3
S24356,219,13,2026-05-30,34,31,0.002471671916464,0.0,0.3927200676134593,val,3
S24365,219,13,2026-05-30,23,18,0.0029140950109008,0.0,0.4204583492228745,val,3
S26655,219,13,2026-05-30,37,15,0.0027538988902203,0.0,0.3405405891846927,val,3
S27256,219,13,2026-05-30,28,24,0.0029855128319499,0.0,0.4043747890938403,val,3
S27485,219,13,2026-05-30,32,14,0.002008446942476,0.0,0.3987587273288918,val,3
S27806,219,13,2026-05-30,41,26,0.0030338411516932,0.0023835215691916,0.4272910512048291,val,3
S30475,219,13,2026-05-30,34,21,0.0028511843821433,0.0173344934942873,0.3336874665048069,val,3
S30476,219,13,2026-05-30,48,22,0.0025953551214175,0.0107576921828158,0.3850348736682478,val,3
S32345,219,13,2026-05-30,60,25,0.0025342480409562,0.0,0.4419499318671653,val,3
S34547,219,13,2026-05-30,24,26,0.0022560944165207,0.0,0.4094835898330063,val,3
S38265,219,13,2026-05-30,63,24,0.0025584044689584,0.00835525818084,0.4159998256377741,val,3
S38721,219,13,2026-05-30,53,20,0.0021260811910126,0.0,0.3936066212190663,val,3
S40802,219,13,2026-05-30,56,23,0.0025076267283498,0.0021605220029821,0.4228899835038599,val,3
S42706,219,13,2026-05-30,58,29,0.0031745136825933,0.0,0.3440107852290596,val,3
S03649,219,13,2026-05-30,50,27,0.0030936087404464,0.0,0.4066995717176145,val,4
S06679,219,13,2026-05-30,25,19,0.002329395470172,0.0,0.4169008713304141,val,4
S09571,219,13,2026-05-30,40,23,0.0023205509523353,0.0,0.3601425188072125,val,4
S11610,219,13,2026-05-30,25,30,0.0025313866728801,0.0,0.3888692784207968,val,4
S18852,219,13,2026-05-30,20,18,0.003006710017471,0.0116663679120466,0.4216586053641073,val,4
S18855,219,13,2026-05-30,26,25,0.0025871181006653,0.0032668568498823,0.4075929548752308,val,4
S19179,219,13,2026-05-30,25,14,0.0019819906765118,0.0,0.3444754294513336,val,4
S21428,219,13,2026-05-30,60,24,0.0026293433807044,0.0,0.3881897386405071,val,4
S24130,219,13,2026-05-30,58,20,0.0023902532243898,0.0,0.4549963058228349,val,4
S24355,219,13,2026-05-30,30,22,0.0027740670413643,0.0,0.4469895521984963,val,4
S24356,219,13,2026-05-30,35,31,0.0024759844549325,0.0,0.3927200676134593,val,4
S24365,219,13,2026-05-30,21,18,0.0028187741241962,0.0,0.4204583492228745,val,4
S26655,219,13,2026-05-30,39,15,0.0030419622629643,0.0,0.3405405891846927,val,4
S27256,219,13,2026-05-30,26,24,0.0026539754529037,0.0,0.4043747890938403,val,4
S27485,219,13,2026-05-30,30,14,0.0019130866153492,0.0,0.3987587273288918,val,4
S27806,219,13,2026-05-30,39,26,0.0030251664311863,0.0023835215691916,0.4272910512048291,val,4
S30475,219,13,2026-05-30,36,21,0.0026899812069324,0.0173344934942873,0.3336874665048069,val,4
S30476,219,13,2026-05-30,46,22,0.0029198048011159,0.0107576921828158,0.3850348736682478,val,4
S32345,219,13,2026-05-30,62,25,0.0026357983864274,0.0,0.4419499318671653,val,4
S34547,219,13,2026-05-30,22,26,0.0024220675395479,0.0,0.4094835898330063,val,4
S38265,219,13,2026-05-30,61,24,0.0023040495128379,0.00835525818084,0.4159998256377741,val,4
S38721,219,13,2026-05-30,51,20,0.0026305363791563,0.0,0.3936066212190663,val,4
S40802,219,13,2026-05-30,58,23,0.0023635446955931,0.0021605220029821,0.4228899835038599,val,4
S42706,219,13,2026-05-30,50,31,0.0031028564188872,0.0,0.3440107852290596,val,4
S01394,219,14,2026-05-30,50,25,0.0029072696659618,0.0058097058325004,0.3402459446470118,val,1
S06696,219,14,2026-05-30,21,21,0.0027441170824412,0.0,0.3916470852898315,val,1
S11788,219,14,2026-05-30,51,14,0.0028143438005452,0.0,0.3321870628497436,val,1
S16060,219,14,2026-05-30,35,31,0.0028582567392563,0.0112985359643539,0.3100271486654409,val,1
S17001,219,14,2026-05-30,42,12,0.002498316262561,0.0,0.272861303619441,val,1
S17003,219,14,2026-05-30,15,22,0.0029571789566071,0.0,0.327428570987546,val,1
S19107,219,14,2026-05-30,63,18,0.002688744128431,0.0121320657577048,0.3205096939998215,val,1
S19480,219,14,2026-05-30,40,17,0.0027853723781325,0.0,0.3358271171793258,val,1
S20028,219,14,2026-05-30,35,12,0.0026564998237978,0.0,0.2833350072314103,val,1
S22563,219,14,2026-05-30,60,19,0.0029474647436159,0.0,0.3625289424322444,val,1
S23406,219,14,2026-05-30,45,15,0.0030002244620648,0.0,0.4117503927633071,val,1
S23945,219,14,2026-05-30,21,27,0.0030928699684317,0.0033874507558718,0.3874439200139039,val,1
S25419,219,14,2026-05-30,35,14,0.0029147632539825,0.0,0.4542167148320959,val,1
S31883,219,14,2026-05-30,51,30,0.0030441515405826,0.0,0.4113970320641105,val,1
S34919,219,14,2026-05-30,49,13,0.0026498157520372,0.0,0.3034598426990564,val,1
S36943,219,14,2026-05-30,34,26,0.0029787974643389,0.0,0.3538810814927705,val,1
S36947,219,14,2026-05-30,28,21,0.0027379969722887,0.0,0.3021062532127391,val,1
S37480,219,14,2026-05-30,32,13,0.0029257903660873,0.0,0.3674226474976481,val,1
S40183,219,14,2026-05-30,22,23,0.0029525869015541,0.0,0.3736111551039174,val,1
S40185,219,14,2026-05-30,22,15,0.0027107850293168,0.0049814573519093,0.3221123726357692,val,1
S41544,219,14,2026-05-30,56,18,0.0029555323277725,0.0018253670934426,0.4345861370500092,val,1
S42337,219,14,2026-05-30,32,22,0.0028484252259046,0.0043826001075809,0.3574239366325539,val,1
S43430,219,14,2026-05-30,31,30,0.0030704335648088,0.0190787680566911,0.3936491696749608,val,1
S01394,219,14,2026-05-30,51,25,0.0028868402467305,0.0058097058325004,0.3402459446470118,val,2
S06696,219,14,2026-05-30,23,21,0.0027627361638021,0.0,0.3916470852898315,val,2
S11788,219,14,2026-05-30,49,14,0.0027739741279872,0.0,0.3321870628497436,val,2
S16060,219,14,2026-05-30,36,31,0.0029056814033497,0.0112985359643539,0.3100271486654409,val,2
S17001,219,14,2026-05-30,40,12,0.0025622617720542,0.0,0.272861303619441,val,2
S17003,219,14,2026-05-30,15,23,0.0029430945301967,0.0,0.327428570987546,val,2
S19107,219,14,2026-05-30,62,18,0.0026755249006876,0.0121320657577048,0.3205096939998215,val,2
S19480,219,14,2026-05-30,41,17,0.0028564190042723,0.0,0.3358271171793258,val,2
S20028,219,14,2026-05-30,33,12,0.0026581939982135,0.0,0.2833350072314103,val,2
S22563,219,14,2026-05-30,62,19,0.0027730830507273,0.0,0.3625289424322444,val,2
S23406,219,14,2026-05-30,47,15,0.0028155196228493,0.0,0.4117503927633071,val,2
S23945,219,14,2026-05-30,22,27,0.0030684093015524,0.0033874507558718,0.3874439200139039,val,2
S25419,219,14,2026-05-30,33,14,0.0029048710166171,0.0,0.4542167148320959,val,2
S31883,219,14,2026-05-30,50,30,0.002973344019978,0.0,0.4113970320641105,val,2
S34919,219,14,2026-05-30,51,13,0.0026423676736943,0.0,0.3034598426990564,val,2
S36943,219,14,2026-05-30,33,26,0.0030535750745296,0.0,0.3538810814927705,val,2
S36947,219,14,2026-05-30,29,21,0.002673546743381,0.0,0.3021062532127391,val,2
S37480,219,14,2026-05-30,34,13,0.0029478196146189,0.0,0.3674226474976481,val,2
S40183,219,14,2026-05-30,27,23,0.0027972083273696,0.0,0.3736111551039174,val,2
S40185,219,14,2026-05-30,24,15,0.0028138706733368,0.0049814573519093,0.3221123726357692,val,2
S41544,219,14,2026-05-30,54,18,0.0029571538669268,0.0018253670934426,0.4345861370500092,val,2
S42337,219,14,2026-05-30,30,22,0.0027807854945717,0.0043826001075809,0.3574239366325539,val,2
S43430,219,14,2026-05-30,30,30,0.0030118289950767,0.0190787680566911,0.3936491696749608,val,2
S01394,219,14,2026-05-30,48,25,0.0027006898273284,0.0058097058325004,0.3402459446470118,val,3
S06696,219,14,2026-05-30,17,21,0.0028808111990869,0.0,0.3916470852898315,val,3
S11788,219,14,2026-05-30,55,14,0.0029003152960516,0.0,0.3321870628497436,val,3
S16060,219,14,2026-05-30,33,31,0.0028492301876951,0.0112985359643539,0.3100271486654409,val,3
S17001,219,14,2026-05-30,46,12,0.0025733663011929,0.0,0.272861303619441,val,3
S17003,219,14,2026-05-30,19,22,0.002925267257454,0.0,0.327428570987546,val,3
S19107,219,14,2026-05-30,62,17,0.0026219534747177,0.0121320657577048,0.3205096939998215,val,3
S19480,219,14,2026-05-30,38,17,0.0029272974259408,0.0,0.3358271171793258,val,3
S20028,219,14,2026-05-30,39,12,0.0025142325707207,0.0,0.2833350072314103,val,3
S22563,219,14,2026-05-30,56,19,0.0029090652367489,0.0,0.3625289424322444,val,3
S23406,219,14,2026-05-30,39,15,0.0029110025282135,0.0,0.4117503927633071,val,3
S23945,219,14,2026-05-30,19,27,0.0030373854269182,0.0033874507558718,0.3874439200139039,val,3
S25419,219,14,2026-05-30,39,14,0.0025369498621143,0.0,0.4542167148320959,val,3
S31883,219,14,2026-05-30,56,29,0.0028824641010832,0.0,0.4113970320641105,val,3
S34919,219,14,2026-05-30,44,13,0.0028063947499863,0.0,0.3034598426990564,val,3
S36943,219,14,2026-05-30,36,26,0.0029249439930926,0.0,0.3538810814927705,val,3
S36947,219,14,2026-05-30,26,21,0.0028929389872701,0.0,0.3021062532127391,val,3
S37480,219,14,2026-05-30,27,13,0.0028633845189075,0.0,0.3674226474976481,val,3
S40183,219,14,2026-05-30,18,23,0.0028442025133254,0.0,0.3736111551039174,val,3
S40185,219,14,2026-05-30,24,14,0.0028505582027474,0.0049814573519093,0.3221123726357692,val,3
S41544,219,14,2026-05-30,60,18,0.0028456921876601,0.0018253670934426,0.4345861370500092,val,3
S42337,219,14,2026-05-30,36,22,0.0027681042790634,0.0043826001075809,0.3574239366325539,val,3
S43430,219,14,2026-05-30,33,30,0.0030773855238288,0.0190787680566911,0.3936491696749608,val,3
S01394,219,14,2026-05-30,49,25,0.0028794574742648,0.0058097058325004,0.3402459446470118,val,4
S06696,219,14,2026-05-30,19,21,0.0029027324210143,0.0,0.3916470852898315,val,4
S11788,219,14,2026-05-30,53,14,0.0028890902778025,0.0,0.3321870628497436,val,4
S16060,219,14,2026-05-30,34,31,0.0028633662482483,0.0112985359643539,0.3100271486654409,val,4
S17001,219,14,2026-05-30,44,12,0.0026550845360617,0.0,0.272861303619441,val,4
S17003,219,14,2026-05-30,17,22,0.003065918959954,0.0,0.327428570987546,val,4
S19107,219,14,2026-05-30,64,18,0.0025678693363398,0.0121320657577048,0.3205096939998215,val,4
S19480,219,14,2026-05-30,39,17,0.002825441857356,0.0,0.3358271171793258,val,4
S20028,219,14,2026-05-30,37,12,0.0024577619459236,0.0,0.2833350072314103,val,4
S22563,219,14,2026-05-30,58,19,0.0029221325957232,0.0,0.3625289424322444,val,4
S23406,219,14,2026-05-30,41,15,0.0029573165877234,0.0,0.4117503927633071,val,4
S23945,219,14,2026-05-30,20,27,0.0030297335266598,0.0033874507558718,0.3874439200139039,val,4
S25419,219,14,2026-05-30,37,14,0.0027526205623024,0.0,0.4542167148320959,val,4
S31883,219,14,2026-05-30,52,30,0.0029942279248567,0.0,0.4113970320641105,val,4
S34919,219,14,2026-05-30,47,13,0.0027366752707507,0.0,0.3034598426990564,val,4
S36943,219,14,2026-05-30,35,26,0.0029932778217221,0.0,0.3538810814927705,val,4
S36947,219,14,2026-05-30,27,21,0.0027805244920194,0.0,0.3021062532127391,val,4
S37480,219,14,2026-05-30,29,13,0.0029323729311227,0.0,0.3674226474976481,val,4
S40183,219,14,2026-05-30,20,23,0.0029124812198588,0.0,0.3736111551039174,val,4
S40185,219,14,2026-05-30,20,15,0.0025542165465765,0.0049814573519093,0.3221123726357692,val,4
S41544,219,14,2026-05-30,58,18,0.0027258619203646,0.0018253670934426,0.4345861370500092,val,4
S42337,219,14,2026-05-30,34,22,0.0028511474919695,0.0043826001075809,0.3574239366325539,val,4
S43430,219,14,2026-05-30,32,30,0.0030742866722731,0.0190787680566911,0.3936491696749608,val,4
S02239,219,15,2026-05-30,25,19,0.0031169073061309,0.0,0.4147867855270357,val,1
S03645,219,15,2026-05-30,41,21,0.0024250319246078,0.0,0.3452253371247021,val,1
S04066,219,15,2026-05-30,44,27,0.0032214867729407,0.0,0.4469086119099758,val,1
S04414,219,15,2026-05-30,35,28,0.0032470084153759,0.0,0.4239327095188094,val,1
S05166,219,15,2026-05-30,55,22,0.0033616169607576,0.0,0.4517330330442795,val,1
S08180,219,15,2026-05-30,34,21,0.0029840894657715,0.0092421484740924,0.443067867164012,val,1
S18349,219,15,2026-05-30,49,13,0.0022879055397738,0.0,0.3643992313396362,val,1
S19177,219,15,2026-05-30,55,21,0.0033203794590311,0.0029461803394331,0.4328321311872675,val,1
S24135,219,15,2026-05-30,20,15,0.00317597769839,0.0,0.4156737276137227,val,1
S24362,219,15,2026-05-30,40,14,0.0031866961156048,0.0,0.4527646424844087,val,1
S27486,219,15,2026-05-30,38,30,0.0032265384099669,0.0,0.3675109967536434,val,1
S30326,219,15,2026-05-30,19,22,0.0033096599741346,0.0,0.4185233150369649,val,1
S31139,219,15,2026-05-30,43,24,0.0032253226290705,0.0,0.3879681191064426,val,1
S32738,219,15,2026-05-30,54,13,0.0023060474531399,0.0,0.3964930091347557,val,1
S33489,219,15,2026-05-30,45,16,0.0030920179780204,0.0106192043075082,0.408718685117653,val,1
S35149,219,15,2026-05-30,28,17,0.0031789609255767,0.0200259959706245,0.4388616822586238,val,1
S37651,219,15,2026-05-30,54,25,0.0033672701222101,0.0,0.4648033652741037,val,1
S38263,219,15,2026-05-30,45,26,0.0030596274997986,0.0013761747326565,0.4102118106776704,val,1
S38718,219,15,2026-05-30,61,23,0.0032703424628573,0.0,0.4339966114545576,val,1
S43600,219,15,2026-05-30,35,11,0.002097158271175,0.0157002112578728,0.3686855524799157,val,1
S02239,219,15,2026-05-30,27,19,0.0031852715574907,0.0,0.4147867855270357,val,2
S03645,219,15,2026-05-30,43,21,0.0024396754920104,0.0,0.3452253371247021,val,2
S04066,219,15,2026-05-30,46,27,0.0030124456672257,0.0,0.4469086119099758,val,2
S04414,219,15,2026-05-30,27,28,0.0032029230840301,0.0,0.4239327095188094,val,2
S05166,219,15,2026-05-30,53,22,0.0033143124558177,0.0,0.4517330330442795,val,2
S08180,219,15,2026-05-30,36,21,0.0025252070298905,0.0092421484740924,0.443067867164012,val,2
S18349,219,15,2026-05-30,51,13,0.0024336337499567,0.0,0.3643992313396362,val,2
S19177,219,15,2026-05-30,56,21,0.003318278677979,0.0029461803394331,0.4328321311872675,val,2
S24135,219,15,2026-05-30,21,15,0.0031617571632913,0.0,0.4156737276137227,val,2
S24362,219,15,2026-05-30,38,14,0.0024717663575643,0.0,0.4527646424844087,val,2
S27486,219,15,2026-05-30,36,30,0.0032351621824771,0.0,0.3675109967536434,val,2
S30326,219,15,2026-05-30,17,22,0.003215680336672,0.0,0.4185233150369649,val,2
S31139,219,15,2026-05-30,41,24,0.0031158476625626,0.0,0.3879681191064426,val,2
S32738,219,15,2026-05-30,56,13,0.0021429628600137,0.0,0.3964930091347557,val,2
S33489,219,15,2026-05-30,44,16,0.0029944119451572,0.0106192043075082,0.408718685117653,val,2
S35149,219,15,2026-05-30,30,17,0.00328692956521,0.0200259959706245,0.4388616822586238,val,2
S37651,219,15,2026-05-30,56,25,0.0033477813898373,0.0,0.4648033652741037,val,2
S38263,219,15,2026-05-30,42,26,0.0031793661304951,0.0013761747326565,0.4102118106776704,val,2
S38718,219,15,2026-05-30,63,23,0.0032902625639923,0.0,0.4339966114545576,val,2
S43600,219,15,2026-05-30,37,11,0.0021036236777063,0.0157002112578728,0.3686855524799157,val,2
S02239,219,15,2026-05-30,21,19,0.0032643990084177,0.0,0.4147867855270357,val,3
S03645,219,15,2026-05-30,37,21,0.0024945538813083,0.0,0.3452253371247021,val,3
S04066,219,15,2026-05-30,40,27,0.0031389310536812,0.0,0.4469086119099758,val,3
S04414,219,15,2026-05-30,39,28,0.0032191713341447,0.0,0.4239327095188094,val,3
S05166,219,15,2026-05-30,59,22,0.0032541658742437,0.0,0.4517330330442795,val,3
S08180,219,15,2026-05-30,30,21,0.0032837899230963,0.0092421484740924,0.443067867164012,val,3
S18349,219,15,2026-05-30,45,13,0.0025276615202048,0.0,0.3643992313396362,val,3
S19177,219,15,2026-05-30,53,21,0.0032515363110563,0.0029461803394331,0.4328321311872675,val,3
S24135,219,15,2026-05-30,24,14,0.003194405723035,0.0,0.4156737276137227,val,3
S24362,219,15,2026-05-30,44,14,0.0029034672125258,0.0,0.4527646424844087,val,3
S27486,219,15,2026-05-30,42,30,0.0032396235297652,0.0,0.3675109967536434,val,3
S30326,219,15,2026-05-30,25,22,0.0032581730361332,0.0,0.4185233150369649,val,3
S31139,219,15,2026-05-30,48,24,0.003321958581197,0.0,0.3879681191064426,val,3
S32738,219,15,2026-05-30,50,12,0.0019539390513656,0.0,0.3964930091347557,val,3
S33489,219,15,2026-05-30,47,16,0.0032430882684771,0.0106192043075082,0.408718685117653,val,3
S35149,219,15,2026-05-30,26,17,0.0033714068942599,0.0200259959706245,0.4388616822586238,val,3
S37651,219,15,2026-05-30,50,25,0.0030887539994334,0.0,0.4648033652741037,val,3
S38263,219,15,2026-05-30,49,26,0.0032125965902058,0.0013761747326565,0.4102118106776704,val,3
S38718,219,15,2026-05-30,57,23,0.0033686559933958,0.0,0.4339966114545576,val,3
S43600,219,15,2026-05-30,37,32,0.0033702229289181,0.0157002112578728,0.3686855524799157,val,3
S02239,219,15,2026-05-30,23,19,0.0032856625428178,0.0,0.4147867855270357,val,4
S03645,219,15,2026-05-30,39,21,0.0024466389835343,0.0,0.3452253371247021,val,4
S04066,219,15,2026-05-30,42,27,0.0032145311694085,0.0,0.4469086119099758,val,4
S04414,219,15,2026-05-30,37,28,0.0031495247539516,0.0,0.4239327095188094,val,4
S05166,219,15,2026-05-30,57,22,0.0033340366294028,0.0,0.4517330330442795,val,4
S08180,219,15,2026-05-30,32,21,0.0030129443094907,0.0092421484740924,0.443067867164012,val,4
S18349,219,15,2026-05-30,47,13,0.0023200244190095,0.0,0.3643992313396362,val,4
S19177,219,15,2026-05-30,54,21,0.0032858190931621,0.0029461803394331,0.4328321311872675,val,4
S24135,219,15,2026-05-30,23,14,0.0031951004670822,0.0,0.4156737276137227,val,4
S24362,219,15,2026-05-30,42,14,0.0031658276721956,0.0,0.4527646424844087,val,4
S27486,219,15,2026-05-30,40,30,0.0032501669657017,0.0,0.3675109967536434,val,4
S30326,219,15,2026-05-30,21,22,0.0032312257736839,0.0,0.4185233150369649,val,4
S31139,219,15,2026-05-30,46,24,0.0033249091740348,0.0,0.3879681191064426,val,4
S32738,219,15,2026-05-30,48,12,0.00216544660223,0.0,0.3964930091347557,val,4
S33489,219,15,2026-05-30,46,16,0.0031847231441534,0.0106192043075082,0.408718685117653,val,4
S35149,219,15,2026-05-30,27,17,0.0033130112340755,0.0200259959706245,0.4388616822586238,val,4
S37651,219,15,2026-05-30,52,25,0.0033030469724136,0.0,0.4648033652741037,val,4
S38263,219,15,2026-05-30,47,26,0.0031735294196016,0.0013761747326565,0.4102118106776704,val,4
S38718,219,15,2026-05-30,59,23,0.0033843319571721,0.0,0.4339966114545576,val,4
S43600,219,15,2026-05-30,35,32,0.0032943105597959,0.0157002112578728,0.3686855524799157,val,4
S04068,219,16,2026-05-30,22,26,0.003183189947729,0.0,0.3910479212690581,val,1
S04698,219,16,2026-05-30,53,20,0.0032733962107071,0.0,0.4714351485642262,val,1
S07077,219,16,2026-05-30,48,31,0.0030323671224157,0.0,0.4665503141842134,val,1
S10933,219,16,2026-05-30,52,29,0.0030216709580622,0.0121645568380963,0.400302355303646,val,1
S10937,219,16,2026-05-30,56,23,0.0032078378674281,0.0042073717894451,0.4362630916289537,val,1
S11939,219,16,2026-05-30,49,22,0.0029844179574899,0.0,0.3853061636181911,val,1
S14031,219,16,2026-05-30,22,28,0.0029828088178331,0.0170186051820568,0.4172555579590222,val,1
S14320,219,16,2026-05-30,62,26,0.0030236548460389,0.0,0.3850446363530981,val,1
S14326,219,16,2026-05-30,32,12,0.0031199672832708,0.0055406911928651,0.4251632944792711,val,1
S15643,219,16,2026-05-30,42,17,0.0032441348586881,0.0,0.3918246904700216,val,1
S16210,219,16,2026-05-30,35,25,0.0031582546516061,0.0,0.4358780170394691,val,1
S18937,219,16,2026-05-30,42,31,0.0026490060981722,0.0,0.3454418143858815,val,1
S19173,219,16,2026-05-30,26,21,0.0032997803877724,0.0,0.4590495264840629,val,1
S22684,219,16,2026-05-30,30,26,0.0031710139603057,0.0095705757750818,0.4141704202378296,val,1
S24898,219,16,2026-05-30,26,12,0.0029373354376211,0.0020701087952549,0.2586301370286457,val,1
S25365,219,16,2026-05-30,31,15,0.0031266992545167,0.0,0.438410422039474,val,1
S27798,219,16,2026-05-30,48,22,0.0031643697974413,0.0023679859731374,0.426273057809418,val,1
S30329,219,16,2026-05-30,43,13,0.0031784405296509,0.0,0.3766116776018512,val,1
S30464,219,16,2026-05-30,37,28,0.0031168362767373,0.0252905523902988,0.4302977400933959,val,1
S32343,219,16,2026-05-30,55,19,0.0031739128770193,0.0,0.4226933754335045,val,1
S32946,219,16,2026-05-30,43,25,0.0032164431957679,0.0,0.444956183864064,val,1
S35147,219,16,2026-05-30,47,14,0.0032018615404879,0.0279652479529771,0.4371105558000401,val,1
S35148,219,16,2026-05-30,59,24,0.0030829401768252,0.0015216412906702,0.3499575796304614,val,1
S36309,219,16,2026-05-30,51,24,0.003127803926973,0.0,0.3964132334827375,val,1
S37648,219,16,2026-05-30,52,18,0.0030849743104328,0.0,0.4561855272166166,val,1
S38190,219,16,2026-05-30,57,14,0.0028427257830797,0.0,0.3754161262635256,val,1
S38270,219,16,2026-05-30,20,21,0.0032417004023558,0.0028054845246764,0.5500607665431515,val,1
S40800,219,16,2026-05-30,23,17,0.0032477030099196,0.0,0.4229902204039432,val,1
S04068,219,16,2026-05-30,20,26,0.0030476781741349,0.0,0.3910479212690581,val,2
S04698,219,16,2026-05-30,51,20,0.0032602621200732,0.0,0.4714351485642262,val,2
S07077,219,16,2026-05-30,45,32,0.0030193324802207,0.0,0.4665503141842134,val,2
S10933,219,16,2026-05-30,54,29,0.0031639830185758,0.0121645568380963,0.400302355303646,val,2
S10937,219,16,2026-05-30,58,23,0.0031983453766873,0.0042073717894451,0.4362630916289537,val,2
S11939,219,16,2026-05-30,47,22,0.0031389022403398,0.0,0.3853061636181911,val,2
S14031,219,16,2026-05-30,20,28,0.0032118914138818,0.0170186051820568,0.4172555579590222,val,2
S14320,219,16,2026-05-30,60,26,0.0031028080246866,0.0,0.3850446363530981,val,2
S14326,219,16,2026-05-30,28,13,0.0032578777887193,0.0055406911928651,0.4251632944792711,val,2
S15643,219,16,2026-05-30,44,17,0.0031354932873446,0.0,0.3918246904700216,val,2
S16210,219,16,2026-05-30,37,25,0.0032150347431229,0.0,0.4358780170394691,val,2
S18937,219,16,2026-05-30,44,31,0.0030374657405728,0.0,0.3454418143858815,val,2
S19173,219,16,2026-05-30,27,21,0.0032941629365647,0.0,0.4590495264840629,val,2
S22684,219,16,2026-05-30,28,26,0.0032217573183046,0.0095705757750818,0.4141704202378296,val,2
S24898,219,16,2026-05-30,23,13,0.0030016847900506,0.0020701087952549,0.2586301370286457,val,2
S25365,219,16,2026-05-30,33,15,0.0031903650724154,0.0,0.438410422039474,val,2
S27798,219,16,2026-05-30,46,22,0.003237869465408,0.0023679859731374,0.426273057809418,val,2
S30329,219,16,2026-05-30,47,13,0.0031629771959525,0.0,0.3766116776018512,val,2
S30464,219,16,2026-05-30,35,28,0.0030684826541256,0.0252905523902988,0.4302977400933959,val,2
S32343,219,16,2026-05-30,57,19,0.0030886410769033,0.0,0.4226933754335045,val,2
S32946,219,16,2026-05-30,46,25,0.0028331917036082,0.0,0.444956183864064,val,2
S35147,219,16,2026-05-30,44,14,0.0031148411615598,0.0279652479529771,0.4371105558000401,val,2
S35148,219,16,2026-05-30,57,24,0.0032323600160958,0.0015216412906702,0.3499575796304614,val,2
S36309,219,16,2026-05-30,49,24,0.0032381169799306,0.0,0.3964132334827375,val,2
S37648,219,16,2026-05-30,50,18,0.0031714150764289,0.0,0.4561855272166166,val,2
S38190,219,16,2026-05-30,59,15,0.0030228474217423,0.0,0.3754161262635256,val,2
S38270,219,16,2026-05-30,22,21,0.0032668125307129,0.0028054845246764,0.5500607665431515,val,2
S40800,219,16,2026-05-30,25,17,0.003265698213713,0.0,0.4229902204039432,val,2
S04068,219,16,2026-05-30,26,26,0.0031162049028031,0.0,0.3910479212690581,val,3
S04698,219,16,2026-05-30,57,20,0.0032472459734079,0.0,0.4714351485642262,val,3
S07077,219,16,2026-05-30,55,30,0.0029171921865152,0.0,0.4665503141842134,val,3
S10933,219,16,2026-05-30,48,29,0.0030620359786509,0.0121645568380963,0.400302355303646,val,3
S10937,219,16,2026-05-30,52,23,0.0031521907150782,0.0042073717894451,0.4362630916289537,val,3
S11939,219,16,2026-05-30,54,22,0.0031267899909895,0.0,0.3853061636181911,val,3
S14031,219,16,2026-05-30,26,28,0.0031379318975909,0.0170186051820568,0.4172555579590222,val,3
S14320,219,16,2026-05-30,61,25,0.0031843728448199,0.0,0.3850446363530981,val,3
S14326,219,16,2026-05-30,36,12,0.0029919231741963,0.0055406911928651,0.4251632944792711,val,3
S15643,219,16,2026-05-30,38,17,0.0028486442282885,0.0,0.3918246904700216,val,3
S16210,219,16,2026-05-30,31,25,0.0031297285097732,0.0,0.4358780170394691,val,3
S18937,219,16,2026-05-30,38,31,0.0030968004418373,0.0,0.3454418143858815,val,3
S19173,219,16,2026-05-30,24,21,0.0032843021188355,0.0,0.4590495264840629,val,3
S22684,219,16,2026-05-30,34,26,0.0031046827651064,0.0095705757750818,0.4141704202378296,val,3
S24898,219,16,2026-05-30,30,12,0.0025810005082065,0.0020701087952549,0.2586301370286457,val,3
S25365,219,16,2026-05-30,27,15,0.0031739289543553,0.0,0.438410422039474,val,3
S27798,219,16,2026-05-30,53,22,0.0032674208420943,0.0023679859731374,0.426273057809418,val,3
S30329,219,16,2026-05-30,38,13,0.0031557506236649,0.0,0.3766116776018512,val,3
S30464,219,16,2026-05-30,42,28,0.0030715929058252,0.0252905523902988,0.4302977400933959,val,3
S32343,219,16,2026-05-30,51,19,0.003202331430633,0.0,0.4226933754335045,val,3
S32946,219,16,2026-05-30,39,25,0.0031697272715513,0.0,0.444956183864064,val,3
S35147,219,16,2026-05-30,51,14,0.003055594918891,0.0279652479529771,0.4371105558000401,val,3
S35148,219,16,2026-05-30,63,24,0.0032167142896435,0.0015216412906702,0.3499575796304614,val,3
S36309,219,16,2026-05-30,55,24,0.0032618676950541,0.0,0.3964132334827375,val,3
S37648,219,16,2026-05-30,56,18,0.0031122088293757,0.0,0.4561855272166166,val,3
S38190,219,16,2026-05-30,50,12,0.0030727544234977,0.0,0.3754161262635256,val,3
S38270,219,16,2026-05-30,16,21,0.0032290966547726,0.0028054845246764,0.5500607665431515,val,3
S40800,219,16,2026-05-30,19,17,0.0032378584431883,0.0,0.4229902204039432,val,3
S04068,219,16,2026-05-30,24,26,0.0031420872055238,0.0,0.3910479212690581,val,4
S04698,219,16,2026-05-30,55,20,0.0032566159647107,0.0,0.4714351485642262,val,4
S07077,219,16,2026-05-30,53,30,0.0030127088557394,0.0,0.4665503141842134,val,4
S10933,219,16,2026-05-30,50,29,0.003114158461606,0.0121645568380963,0.400302355303646,val,4
S10937,219,16,2026-05-30,54,23,0.0031366113509709,0.0042073717894451,0.4362630916289537,val,4
S11939,219,16,2026-05-30,52,22,0.0031459923582315,0.0,0.3853061636181911,val,4
S14031,219,16,2026-05-30,24,28,0.0028524631783874,0.0170186051820568,0.4172555579590222,val,4
S14320,219,16,2026-05-30,63,25,0.0030893192257029,0.0,0.3850446363530981,val,4
S14326,219,16,2026-05-30,34,12,0.0030117722376121,0.0055406911928651,0.4251632944792711,val,4
S15643,219,16,2026-05-30,40,17,0.0031865294770254,0.0,0.3918246904700216,val,4
S16210,219,16,2026-05-30,33,25,0.0031375881804688,0.0,0.4358780170394691,val,4
S18937,219,16,2026-05-30,40,31,0.0029120584547846,0.0,0.3454418143858815,val,4
S19173,219,16,2026-05-30,25,21,0.0032622543687288,0.0,0.4590495264840629,val,4
S22684,219,16,2026-05-30,32,26,0.0032467868126122,0.0095705757750818,0.4141704202378296,val,4
S24898,219,16,2026-05-30,28,12,0.0030069575163841,0.0020701087952549,0.2586301370286457,val,4
S25365,219,16,2026-05-30,29,15,0.0030919185822075,0.0,0.438410422039474,val,4
S27798,219,16,2026-05-30,51,22,0.0030446601516322,0.0023679859731374,0.426273057809418,val,4
S30329,219,16,2026-05-30,40,13,0.0029931777301563,0.0,0.3766116776018512,val,4
S30464,219,16,2026-05-30,39,28,0.0031609079557864,0.0252905523902988,0.4302977400933959,val,4
S32343,219,16,2026-05-30,53,19,0.003221711422613,0.0,0.4226933754335045,val,4
S32946,219,16,2026-05-30,41,25,0.0030984279006417,0.0,0.444956183864064,val,4
S35147,219,16,2026-05-30,49,14,0.0031054399661082,0.0279652479529771,0.4371105558000401,val,4
S35148,219,16,2026-05-30,61,24,0.0031829143291342,0.0015216412906702,0.3499575796304614,val,4
S36309,219,16,2026-05-30,53,24,0.0032857743604062,0.0,0.3964132334827375,val,4
S37648,219,16,2026-05-30,54,18,0.0031856415628064,0.0,0.4561855272166166,val,4
S38190,219,16,2026-05-30,54,13,0.0030289228850339,0.0,0.3754161262635256,val,4
S38270,219,16,2026-05-30,18,21,0.0033490676594555,0.0028054845246764,0.5500607665431515,val,4
S40800,219,16,2026-05-30,21,17,0.0032213262728639,0.0,0.4229902204039432,val,4
S01675,219,17,2026-05-30,35,18,0.0032113067574122,0.0043475218250844,0.4367727816858912,val,1
S08490,219,17,2026-05-30,44,22,0.0031022352281708,0.0,0.4236721088558053,val,1
S08491,219,17,2026-05-30,18,17,0.0033417180210223,0.0,0.4422160354611116,val,1
S08900,219,17,2026-05-30,56,14,0.0032697956433817,0.0,0.4546859121598568,val,1
S13665,219,17,2026-05-30,56,22,0.0032801264836192,0.0,0.4891505153230929,val,1
S14574,219,17,2026-05-30,36,13,0.003361331619798,0.0,0.4463655770159618,val,1
S20110,219,17,2026-05-30,28,30,0.0032404255477201,0.0097698099113443,0.4503555284913081,val,1
S22844,219,17,2026-05-30,49,29,0.0031254507515901,0.0,0.4629560615552118,val,1
S22853,219,17,2026-05-30,24,16,0.0034061886974195,0.0,0.4654513735970793,val,1
S23032,219,17,2026-05-30,37,13,0.0030461242075098,0.0,0.3953113391812261,val,1
S23882,219,17,2026-05-30,47,21,0.0032228599170354,0.0,0.4617387425132421,val,1
S36558,219,17,2026-05-30,25,16,0.0033807731837932,0.0,0.4613214717131743,val,1
S38078,219,17,2026-05-30,15,24,0.0031214468319971,0.0040661714173511,0.4143880118664222,val,1
S41047,219,17,2026-05-30,52,19,0.0033198488308547,0.0,0.4737563450725883,val,1
S41617,219,17,2026-05-30,50,18,0.0032758334099361,0.0,0.4372018810130391,val,1
S01675,219,17,2026-05-30,33,18,0.0033225167897629,0.0043475218250844,0.4367727816858912,val,2
S08490,219,17,2026-05-30,42,22,0.0032220245958394,0.0,0.4236721088558053,val,2
S08491,219,17,2026-05-30,20,17,0.0033991437500045,0.0,0.4422160354611116,val,2
S08900,219,17,2026-05-30,54,14,0.0032825898828823,0.0,0.4546859121598568,val,2
S13665,219,17,2026-05-30,53,22,0.0032756834779043,0.0,0.4891505153230929,val,2
S14574,219,17,2026-05-30,38,13,0.003286426200884,0.0,0.4463655770159618,val,2
S20110,219,17,2026-05-30,32,31,0.0032330444470506,0.0097698099113443,0.4503555284913081,val,2
S22844,219,17,2026-05-30,51,29,0.0032140291288685,0.0,0.4629560615552118,val,2
S22853,219,17,2026-05-30,22,16,0.003335816886538,0.0,0.4654513735970793,val,2
S23032,219,17,2026-05-30,39,13,0.0032984880933652,0.0,0.3953113391812261,val,2
S23882,219,17,2026-05-30,54,21,0.0033630501127942,0.0,0.4617387425132421,val,2
S36558,219,17,2026-05-30,23,16,0.0033393406035244,0.0,0.4613214717131743,val,2
S38078,219,17,2026-05-30,16,25,0.0032840748148854,0.0040661714173511,0.4143880118664222,val,2
S41047,219,17,2026-05-30,54,19,0.0033285811797191,0.0,0.4737563450725883,val,2
S41617,219,17,2026-05-30,48,18,0.0033404124945599,0.0,0.4372018810130391,val,2
S01675,219,17,2026-05-30,40,18,0.003122735156764,0.0043475218250844,0.4367727816858912,val,3
S08490,219,17,2026-05-30,52,22,0.0032116386107602,0.0,0.4236721088558053,val,3
S08491,219,17,2026-05-30,21,16,0.0031464254026261,0.0,0.4422160354611116,val,3
S08900,219,17,2026-05-30,48,13,0.0031789866479167,0.0,0.4546859121598568,val,3
S13665,219,17,2026-05-30,61,22,0.0032540786396588,0.0,0.4891505153230929,val,3
S14574,219,17,2026-05-30,32,13,0.0033051127339966,0.0,0.4463655770159618,val,3
S20110,219,17,2026-05-30,33,30,0.0032191881055715,0.0097698099113443,0.4503555284913081,val,3
S22844,219,17,2026-05-30,43,29,0.00313410505673,0.0,0.4629560615552118,val,3
S22853,219,17,2026-05-30,28,16,0.0032735750187922,0.0,0.4654513735970793,val,3
S23032,219,17,2026-05-30,33,13,0.0032991667416608,0.0,0.3953113391812261,val,3
S23882,219,17,2026-05-30,42,21,0.0030138852468083,0.0,0.4617387425132421,val,3
S36558,219,17,2026-05-30,29,16,0.0033518922218019,0.0,0.4613214717131743,val,3
S38078,219,17,2026-05-30,19,24,0.0032981694101483,0.0040661714173511,0.4143880118664222,val,3
S41047,219,17,2026-05-30,48,19,0.003236003372213,0.0,0.4737563450725883,val,3
S41617,219,17,2026-05-30,55,18,0.0032798942461416,0.0,0.4372018810130391,val,3
S01675,219,17,2026-05-30,38,18,0.0032284145737133,0.0043475218250844,0.4367727816858912,val,4
S08490,219,17,2026-05-30,47,22,0.0032783884397331,0.0,0.4236721088558053,val,4
S08491,219,17,2026-05-30,19,16,0.0033283597413933,0.0,0.4422160354611116,val,4
S08900,219,17,2026-05-30,51,13,0.0030718025059216,0.0,0.4546859121598568,val,4
S13665,219,17,2026-05-30,59,22,0.0033162638352456,0.0,0.4891505153230929,val,4
S14574,219,17,2026-05-30,34,13,0.0033201092861893,0.0,0.4463655770159618,val,4
S20110,219,17,2026-05-30,31,30,0.0031753160512839,0.0097698099113443,0.4503555284913081,val,4
S22844,219,17,2026-05-30,45,29,0.0031593834709047,0.0,0.4629560615552118,val,4
S22853,219,17,2026-05-30,26,16,0.0033376065012366,0.0,0.4654513735970793,val,4
S23032,219,17,2026-05-30,35,13,0.0032821321271313,0.0,0.3953113391812261,val,4
S23882,219,17,2026-05-30,44,21,0.0032481151976062,0.0,0.4617387425132421,val,4
S36558,219,17,2026-05-30,27,16,0.0032803422340162,0.0,0.4613214717131743,val,4
S38078,219,17,2026-05-30,17,24,0.0033140305882597,0.0040661714173511,0.4143880118664222,val,4
S41047,219,17,2026-05-30,50,19,0.0032666526652583,0.0,0.4737563450725883,val,4
S41617,219,17,2026-05-30,52,18,0.0032761000034599,0.0,0.4372018810130391,val,4
S02040,219,18,2026-05-30,25,20,0.0034430438557669,0.0,0.4545941410456489,val,1
S02238,219,18,2026-05-30,52,25,0.0030384567936155,0.0,0.451975526009739,val,1
S02409,219,18,2026-05-30,34,16,0.0030947612902612,0.0,0.4670562617855613,val,1
S04067,219,18,2026-05-30,42,25,0.0030452922983771,0.0,0.4091577304852924,val,1
S04778,219,18,2026-05-30,26,28,0.0033185742814649,0.0,0.4724847675334025,val,1
S06429,219,18,2026-05-30,22,22,0.0033165219010871,0.0045125206559044,0.4822937061362109,val,1
S07501,219,18,2026-05-30,33,12,0.003355885417909,0.0148051499282084,0.4434604830499369,val,1
S10927,219,18,2026-05-30,25,19,0.003433276243032,0.0130504222967754,0.4710360181193024,val,1
S13528,219,18,2026-05-30,39,11,0.0032619095484882,0.0185097989140988,0.395583972146946,val,1
S15637,219,18,2026-05-30,48,29,0.0030620590539069,0.0,0.4784401902603627,val,1
S15640,219,18,2026-05-30,28,18,0.0032868612273276,0.0050241096610495,0.4552601732164048,val,1
S18348,219,18,2026-05-30,49,13,0.0030973821790885,0.0,0.4866937469315429,val,1
S19959,219,18,2026-05-30,53,23,0.0031435982253553,0.0038117589311735,0.4648019879823312,val,1
S20944,219,18,2026-05-30,23,15,0.0032753340566858,0.0,0.4609935357307622,val,1
S21279,219,18,2026-05-30,21,14,0.0033262709915884,0.0,0.432585129691222,val,1
S24359,219,18,2026-05-30,36,31,0.0032284438184147,0.0,0.4450241688532698,val,1
S26652,219,18,2026-05-30,38,27,0.0032886263733669,0.0,0.4336014544687789,val,1
S27810,219,18,2026-05-30,45,23,0.0028966989279045,0.0023805076181033,0.4444220945008602,val,1
S27811,219,18,2026-05-30,51,14,0.0033025952292013,0.0,0.4472306181754562,val,1
S28591,219,18,2026-05-30,36,18,0.0030729807369974,0.0,0.4264409424305056,val,1
S29781,219,18,2026-05-30,52,18,0.0029665609694231,0.0,0.4154376744772361,val,1
S30467,219,18,2026-05-30,34,15,0.003081204540432,0.0077550829341364,0.5011755419543444,val,1
S30469,219,18,2026-05-30,51,25,0.0030686818282876,0.0108785466086623,0.4426019393531915,val,1
S32075,219,18,2026-05-30,32,17,0.0033172074943475,0.0022187995267751,0.4480150256038773,val,1
S32349,219,18,2026-05-30,39,29,0.0029971059531436,0.0,0.4108783661260891,val,1
S38717,219,18,2026-05-30,17,21,0.0034055830607607,0.0,0.4703540583741971,val,1
S38719,219,18,2026-05-30,19,26,0.003139504108989,0.0,0.4584836727815842,val,1
S43063,219,18,2026-05-30,46,27,0.0030489985965427,0.0051035287255759,0.4698954706253841,val,1
S02040,219,18,2026-05-30,23,20,0.0032129794187141,0.0,0.4545941410456489,val,2
S02238,219,18,2026-05-30,54,25,0.0028808151618778,0.0,0.451975526009739,val,2
S02409,219,18,2026-05-30,32,16,0.0032950195688932,0.0,0.4670562617855613,val,2
S04067,219,18,2026-05-30,44,25,0.0031413011409592,0.0,0.4091577304852924,val,2
S04778,219,18,2026-05-30,24,28,0.0031334473829593,0.0,0.4724847675334025,val,2
S06429,219,18,2026-05-30,21,22,0.0033681672576315,0.0045125206559044,0.4822937061362109,val,2
S07501,219,18,2026-05-30,27,13,0.0032718153143396,0.0148051499282084,0.4434604830499369,val,2
S10927,219,18,2026-05-30,28,19,0.0031103575693396,0.0130504222967754,0.4710360181193024,val,2
S13528,219,18,2026-05-30,41,11,0.0033139480023224,0.0185097989140988,0.395583972146946,val,2
S15637,219,18,2026-05-30,50,29,0.0031821128238039,0.0,0.4784401902603627,val,2
S15640,219,18,2026-05-30,26,18,0.0034134337592614,0.0050241096610495,0.4552601732164048,val,2
S18348,219,18,2026-05-30,51,13,0.003129691435815,0.0,0.4866937469315429,val,2
S19959,219,18,2026-05-30,55,23,0.0029590675849699,0.0038117589311735,0.4648019879823312,val,2
S20944,219,18,2026-05-30,25,15,0.0032859551638146,0.0,0.4609935357307622,val,2
S21279,219,18,2026-05-30,19,15,0.0032021134240474,0.0,0.432585129691222,val,2
S24359,219,18,2026-05-30,38,31,0.0032279268874884,0.0,0.4450241688532698,val,2
S26652,219,18,2026-05-30,40,27,0.0032838717160157,0.0,0.4336014544687789,val,2
S27810,219,18,2026-05-30,47,23,0.0028721873614641,0.0023805076181033,0.4444220945008602,val,2
S27811,219,18,2026-05-30,49,14,0.0030777146921828,0.0,0.4472306181754562,val,2
S28591,219,18,2026-05-30,34,18,0.0032674047705822,0.0,0.4264409424305056,val,2
S29781,219,18,2026-05-30,51,18,0.0030410207211596,0.0,0.4154376744772361,val,2
S30467,219,18,2026-05-30,36,15,0.0032943612896531,0.0077550829341364,0.5011755419543444,val,2
S30469,219,18,2026-05-30,53,25,0.0033784525033094,0.0108785466086623,0.4426019393531915,val,2
S32075,219,18,2026-05-30,34,17,0.0031909687955591,0.0022187995267751,0.4480150256038773,val,2
S32349,219,18,2026-05-30,42,29,0.0031165310840445,0.0,0.4108783661260891,val,2
S38717,219,18,2026-05-30,19,21,0.0032742716792204,0.0,0.4703540583741971,val,2
S38719,219,18,2026-05-30,18,26,0.0032844504115958,0.0,0.4584836727815842,val,2
S43063,219,18,2026-05-30,48,27,0.0033351911884155,0.0051035287255759,0.4698954706253841,val,2
S02040,219,18,2026-05-30,29,20,0.0032484733979161,0.0,0.4545941410456489,val,3
S02238,219,18,2026-05-30,47,25,0.0031868447601768,0.0,0.451975526009739,val,3
S02409,219,18,2026-05-30,38,16,0.0032407055046198,0.0,0.4670562617855613,val,3
S04067,219,18,2026-05-30,37,25,0.0024674770882235,0.0,0.4091577304852924,val,3
S04778,219,18,2026-05-30,30,28,0.0031927268462347,0.0,0.4724847675334025,val,3
S06429,219,18,2026-05-30,24,22,0.0032692841911067,0.0045125206559044,0.4822937061362109,val,3
S07501,219,18,2026-05-30,37,12,0.0033290371446465,0.0148051499282084,0.4434604830499369,val,3
S10927,219,18,2026-05-30,21,19,0.003238953268184,0.0130504222967754,0.4710360181193024,val,3
S13528,219,18,2026-05-30,35,11,0.003208779803231,0.0185097989140988,0.395583972146946,val,3
S15637,219,18,2026-05-30,44,29,0.0031442356895254,0.0,0.4784401902603627,val,3
S15640,219,18,2026-05-30,32,18,0.003292982080259,0.0050241096610495,0.4552601732164048,val,3
S18348,219,18,2026-05-30,45,13,0.0033001611528127,0.0,0.4866937469315429,val,3
S19959,219,18,2026-05-30,49,23,0.0029449862943448,0.0038117589311735,0.4648019879823312,val,3
S20944,219,18,2026-05-30,23,14,0.0032768631672938,0.0,0.4609935357307622,val,3
S21279,219,18,2026-05-30,23,13,0.0032497194808466,0.0,0.432585129691222,val,3
S24359,219,18,2026-05-30,27,30,0.0031895408092447,0.0,0.4450241688532698,val,3
S26652,219,18,2026-05-30,34,27,0.0030649495949379,0.0,0.4336014544687789,val,3
S27810,219,18,2026-05-30,41,23,0.0026805397700546,0.0023805076181033,0.4444220945008602,val,3
S27811,219,18,2026-05-30,55,14,0.0031369243684274,0.0,0.4472306181754562,val,3
S28591,219,18,2026-05-30,40,18,0.0028822883937419,0.0,0.4264409424305056,val,3
S29781,219,18,2026-05-30,55,18,0.0030622314929815,0.0,0.4154376744772361,val,3
S30467,219,18,2026-05-30,30,15,0.0031774434880765,0.0077550829341364,0.5011755419543444,val,3
S30469,219,18,2026-05-30,46,25,0.0029970622902555,0.0108785466086623,0.4426019393531915,val,3
S32075,219,18,2026-05-30,28,17,0.0033069357656508,0.0022187995267751,0.4480150256038773,val,3
S32349,219,18,2026-05-30,31,29,0.0031722168064003,0.0,0.4108783661260891,val,3
S38717,219,18,2026-05-30,13,21,0.00326250864123,0.0,0.4703540583741971,val,3
S38719,219,18,2026-05-30,23,26,0.0033721035802912,0.0,0.4584836727815842,val,3
S43063,219,18,2026-05-30,42,27,0.0031770868731419,0.0051035287255759,0.4698954706253841,val,3
S02040,219,18,2026-05-30,27,20,0.003432368272234,0.0,0.4545941410456489,val,4
S02238,219,18,2026-05-30,50,25,0.0030727543751256,0.0,0.451975526009739,val,4
S02409,219,18,2026-05-30,36,16,0.0031415419611489,0.0,0.4670562617855613,val,4
S04067,219,18,2026-05-30,40,25,0.0030392936697422,0.0,0.4091577304852924,val,4
S04778,219,18,2026-05-30,28,28,0.0030697687202095,0.0,0.4724847675334025,val,4
S06429,219,18,2026-05-30,23,22,0.003337265679639,0.0045125206559044,0.4822937061362109,val,4
S07501,219,18,2026-05-30,35,12,0.0033040316238187,0.0148051499282084,0.4434604830499369,val,4
S10927,219,18,2026-05-30,23,19,0.0034291894052644,0.0130504222967754,0.4710360181193024,val,4
S13528,219,18,2026-05-30,37,11,0.0033565527921977,0.0185097989140988,0.395583972146946,val,4
S15637,219,18,2026-05-30,46,29,0.0031615007617533,0.0,0.4784401902603627,val,4
S15640,219,18,2026-05-30,30,18,0.0031594243904078,0.0050241096610495,0.4552601732164048,val,4
S18348,219,18,2026-05-30,47,13,0.0033156561713613,0.0,0.4866937469315429,val,4
S19959,219,18,2026-05-30,51,23,0.0031951964807635,0.0038117589311735,0.4648019879823312,val,4
S20944,219,18,2026-05-30,21,15,0.0032155829130829,0.0,0.4609935357307622,val,4
S21279,219,18,2026-05-30,22,14,0.0032196608281533,0.0,0.432585129691222,val,4
S24359,219,18,2026-05-30,34,31,0.0032640316913435,0.0,0.4450241688532698,val,4
S26652,219,18,2026-05-30,36,27,0.0032162929001902,0.0,0.4336014544687789,val,4
S27810,219,18,2026-05-30,43,23,0.0031916986699377,0.0023805076181033,0.4444220945008602,val,4
S27811,219,18,2026-05-30,53,14,0.0031417277232159,0.0,0.4472306181754562,val,4
S28591,219,18,2026-05-30,38,18,0.0031192182132718,0.0,0.4264409424305056,val,4
S29781,219,18,2026-05-30,53,18,0.0028283320294963,0.0,0.4154376744772361,val,4
S30467,219,18,2026-05-30,32,15,0.0031988844946636,0.0077550829341364,0.5011755419543444,val,4
S30469,219,18,2026-05-30,48,25,0.0033351624182273,0.0108785466086623,0.4426019393531915,val,4
S32075,219,18,2026-05-30,30,17,0.0033409439783095,0.0022187995267751,0.4480150256038773,val,4
S32349,219,18,2026-05-30,37,29,0.0031098466944865,0.0,0.4108783661260891,val,4
S38717,219,18,2026-05-30,15,21,0.0032537941731099,0.0,0.4703540583741971,val,4
S38719,219,18,2026-05-30,20,26,0.0031158254585735,0.0,0.4584836727815842,val,4
S43063,219,18,2026-05-30,44,27,0.0030834344049428,0.0051035287255759,0.4698954706253841,val,4
S01678,219,19,2026-05-30,38,29,0.0032804148501311,0.01028246483598,0.4651869377681124,val,1
S03082,219,19,2026-05-30,17,26,0.0033154278243542,0.0078047462907825,0.3992847101940794,val,1
S18543,219,19,2026-05-30,39,16,0.0033146293655786,0.0033401660002016,0.4417636592940841,val,1
S20123,219,19,2026-05-30,32,26,0.0033392746288904,0.0,0.4691220951723651,val,1
S22856,219,19,2026-05-30,34,15,0.0033544239574621,0.0,0.4323851527729458,val,1
S23033,219,19,2026-05-30,60,23,0.0033124407489145,0.0,0.4697857819070667,val,1
S23896,219,19,2026-05-30,43,12,0.0031971990556386,0.0,0.372950683743815,val,1
S24901,219,19,2026-05-30,62,27,0.0025308591073246,0.0,0.3176953066323325,val,1
S27110,219,19,2026-05-30,49,26,0.0033275717109974,0.0036459670615852,0.5298707371116055,val,1
S27893,219,19,2026-05-30,55,14,0.003216226897237,0.0023693745232646,0.3930251973059255,val,1
S35177,219,19,2026-05-30,34,21,0.0032810906963988,0.0028787419922317,0.4316233876694532,val,1
S35289,219,19,2026-05-30,53,30,0.0025952386088822,0.0259549678696298,0.2914711058973693,val,1
S36743,219,19,2026-05-30,23,30,0.00248621185322,0.0,0.2669078904790835,val,1
S41048,219,19,2026-05-30,24,14,0.0032296089559354,0.002714289615248,0.4255786120965932,val,1
S41050,219,19,2026-05-30,63,24,0.0031685129861519,0.00271638136464,0.3837275933092344,val,1
S42019,219,19,2026-05-30,29,29,0.0033052189227481,0.0072957207368384,0.466914239117008,val,1
S42036,219,19,2026-05-30,28,20,0.003324204535566,0.0101036422641621,0.4704257043314401,val,1
S01678,219,19,2026-05-30,41,29,0.0033343754132862,0.01028246483598,0.4651869377681124,val,2
S03082,219,19,2026-05-30,19,27,0.0031900265480475,0.0078047462907825,0.3992847101940794,val,2
S18543,219,19,2026-05-30,37,16,0.0033158419697632,0.0033401660002016,0.4417636592940841,val,2
S20123,219,19,2026-05-30,30,26,0.0033618972946602,0.0,0.4691220951723651,val,2
S22856,219,19,2026-05-30,38,15,0.0033173849523028,0.0,0.4323851527729458,val,2
S23033,219,19,2026-05-30,61,23,0.0033410460196417,0.0,0.4697857819070667,val,2
S23896,219,19,2026-05-30,40,12,0.0032040605413231,0.0,0.372950683743815,val,2
S24901,219,19,2026-05-30,59,28,0.0026408329722321,0.0,0.3176953066323325,val,2
S27110,219,19,2026-05-30,47,26,0.0032587889228161,0.0036459670615852,0.5298707371116055,val,2
S27893,219,19,2026-05-30,53,14,0.0032456281175627,0.0023693745232646,0.3930251973059255,val,2
S35177,219,19,2026-05-30,36,21,0.0032231940805692,0.0028787419922317,0.4316233876694532,val,2
S35289,219,19,2026-05-30,50,31,0.0024814333413032,0.0259549678696298,0.2914711058973693,val,2
S36743,219,19,2026-05-30,25,30,0.0025894317228598,0.0,0.2669078904790835,val,2
S41048,219,19,2026-05-30,20,15,0.0031256407588383,0.002714289615248,0.4255786120965932,val,2
S41050,219,19,2026-05-30,61,24,0.0032697245684815,0.00271638136464,0.3837275933092344,val,2
S42019,219,19,2026-05-30,31,29,0.0033039256325293,0.0072957207368384,0.466914239117008,val,2
S42036,219,19,2026-05-30,26,20,0.0032339136021464,0.0101036422641621,0.4704257043314401,val,2
S01678,219,19,2026-05-30,34,29,0.0033363611760757,0.01028246483598,0.4651869377681124,val,3
S03082,219,19,2026-05-30,21,26,0.0032781651441201,0.0078047462907825,0.3992847101940794,val,3
S18543,219,19,2026-05-30,45,16,0.0033709761437242,0.0033401660002016,0.4417636592940841,val,3
S20123,219,19,2026-05-30,36,26,0.0032859387519951,0.0,0.4691220951723651,val,3
S22856,219,19,2026-05-30,30,15,0.0033446068105122,0.0,0.4323851527729458,val,3
S23033,219,19,2026-05-30,58,23,0.0033320308055534,0.0,0.4697857819070667,val,3
S23896,219,19,2026-05-30,47,12,0.0031806059517522,0.0,0.372950683743815,val,3
S24901,219,19,2026-05-30,57,14,0.0026084484477366,0.0,0.3176953066323325,val,3
S27110,219,19,2026-05-30,51,26,0.0033493720172017,0.0036459670615852,0.5298707371116055,val,3
S27893,219,19,2026-05-30,50,13,0.0032013774836005,0.0023693745232646,0.3930251973059255,val,3
S35177,219,19,2026-05-30,29,21,0.0032729218901219,0.0028787419922317,0.4316233876694532,val,3
S35289,219,19,2026-05-30,57,29,0.0026228579960462,0.0259549678696298,0.2914711058973693,val,3
S36743,219,19,2026-05-30,19,28,0.0025298061405861,0.0,0.2669078904790835,val,3
S41048,219,19,2026-05-30,28,14,0.0033188490541556,0.002714289615248,0.4255786120965932,val,3
S41050,219,19,2026-05-30,63,23,0.0031670566154668,0.00271638136464,0.3837275933092344,val,3
S42019,219,19,2026-05-30,25,29,0.0032236943721611,0.0072957207368384,0.466914239117008,val,3
S42036,219,19,2026-05-30,33,20,0.0032650076898698,0.0101036422641621,0.4704257043314401,val,3
S01678,219,19,2026-05-30,36,29,0.0032789877237337,0.01028246483598,0.4651869377681124,val,4
S03082,219,19,2026-05-30,19,26,0.0032982826788434,0.0078047462907825,0.3992847101940794,val,4
S18543,219,19,2026-05-30,43,16,0.0033611808319662,0.0033401660002016,0.4417636592940841,val,4
S20123,219,19,2026-05-30,34,26,0.0033141528414888,0.0,0.4691220951723651,val,4
S22856,219,19,2026-05-30,32,15,0.0033281960707036,0.0,0.4323851527729458,val,4
S23033,219,19,2026-05-30,59,23,0.0033697472692154,0.0,0.4697857819070667,val,4
S23896,219,19,2026-05-30,45,12,0.0031784964759579,0.0,0.372950683743815,val,4
S24901,219,19,2026-05-30,60,15,0.0026099025233314,0.0,0.3176953066323325,val,4
S27110,219,19,2026-05-30,50,26,0.0033352388097058,0.0036459670615852,0.5298707371116055,val,4
S27893,219,19,2026-05-30,52,13,0.0030991996300805,0.0023693745232646,0.3930251973059255,val,4
S35177,219,19,2026-05-30,32,21,0.0032207137348211,0.0028787419922317,0.4316233876694532,val,4
S35289,219,19,2026-05-30,55,30,0.0025822398423792,0.0259549678696298,0.2914711058973693,val,4
S36743,219,19,2026-05-30,21,29,0.0024794593337612,0.0,0.2669078904790835,val,4
S41048,219,19,2026-05-30,26,14,0.0033138751999657,0.002714289615248,0.4255786120965932,val,4
S41050,219,19,2026-05-30,65,23,0.0031933415243823,0.00271638136464,0.3837275933092344,val,4
S42019,219,19,2026-05-30,27,29,0.0033237821989081,0.0072957207368384,0.466914239117008,val,4
S42036,219,19,2026-05-30,31,20,0.0031924574608876,0.0101036422641621,0.4704257043314401,val,4
S06713,219,20,2026-05-30,51,17,0.0027529184574479,0.0067748091603053,0.4053869260341955,val,1
S08247,219,20,2026-05-30,21,18,0.0029211759573935,0.0134647295878627,0.4445794676945909,val,1
S11091,219,20,2026-05-30,29,30,0.0027181170953959,0.0098079845282497,0.4075744352026526,val,1
S13703,219,20,2026-05-30,28,22,0.0030984271451706,0.0,0.4261539912742474,val,1
S17358,219,20,2026-05-30,21,21,0.0028136483241706,0.0199487410146256,0.3841653804092628,val,1
S17369,219,20,2026-05-30,24,14,0.0029465491533066,0.0042315107064883,0.4210503368106825,val,1
S17380,219,20,2026-05-30,50,27,0.0028586605168419,0.0202594327500615,0.3953720716670141,val,1
S19111,219,20,2026-05-30,39,28,0.0028361215037415,0.0041963237839526,0.4406791939857519,val,1
S19702,219,20,2026-05-30,46,19,0.0024075417066991,0.0,0.3422443734112438,val,1
S24594,219,20,2026-05-30,58,21,0.0029763345297199,0.0,0.4243620734833125,val,1
S25425,219,20,2026-05-30,53,28,0.0026750242840754,0.0,0.3678747364427817,val,1
S31151,219,20,2026-05-30,19,16,0.0031015356938253,0.0015876971044493,0.4161168613668599,val,1
S38511,219,20,2026-05-30,33,17,0.0029219697649273,0.0027081000525818,0.4779337843163294,val,1
S38524,219,20,2026-05-30,43,16,0.0028341356303853,0.0067688117126319,0.3896488631950037,val,1
S40192,219,20,2026-05-30,32,14,0.0031134545516479,0.0,0.4574729338233871,val,1
S43431,219,20,2026-05-30,31,14,0.0027446322359915,0.0119216815088003,0.3798684593769112,val,1
S06713,219,20,2026-05-30,53,17,0.0029013780803524,0.0067748091603053,0.4053869260341955,val,2
S08247,219,20,2026-05-30,19,18,0.0031448323054418,0.0134647295878627,0.4445794676945909,val,2
S11091,219,20,2026-05-30,28,30,0.0028231090689751,0.0098079845282497,0.4075744352026526,val,2
S13703,219,20,2026-05-30,24,22,0.0029604126151538,0.0,0.4261539912742474,val,2
S17358,219,20,2026-05-30,23,21,0.002886003933982,0.0199487410146256,0.3841653804092628,val,2
S17369,219,20,2026-05-30,20,15,0.0031182724061025,0.0042315107064883,0.4210503368106825,val,2
S17380,219,20,2026-05-30,52,27,0.0027237320375046,0.0202594327500615,0.3953720716670141,val,2
S19111,219,20,2026-05-30,37,28,0.0026209341589777,0.0041963237839526,0.4406791939857519,val,2
S19702,219,20,2026-05-30,48,19,0.0029457782370147,0.0,0.3422443734112438,val,2
S24594,219,20,2026-05-30,60,21,0.0027914150527492,0.0,0.4243620734833125,val,2
S25425,219,20,2026-05-30,52,28,0.002682360880854,0.0,0.3678747364427817,val,2
S31151,219,20,2026-05-30,20,17,0.0031439027252648,0.0015876971044493,0.4161168613668599,val,2
S38511,219,20,2026-05-30,36,17,0.0024166005341836,0.0027081000525818,0.4779337843163294,val,2
S38524,219,20,2026-05-30,41,16,0.0027731236378855,0.0067688117126319,0.3896488631950037,val,2
S40192,219,20,2026-05-30,30,14,0.0030825231791229,0.0,0.4574729338233871,val,2
S43431,219,20,2026-05-30,29,14,0.003129166060424,0.0119216815088003,0.3798684593769112,val,2
S06713,219,20,2026-05-30,47,17,0.0026540736683362,0.0067748091603053,0.4053869260341955,val,3
S08247,219,20,2026-05-30,25,18,0.0029889806697716,0.0134647295878627,0.4445794676945909,val,3
S11091,219,20,2026-05-30,32,30,0.0027068572223554,0.0098079845282497,0.4075744352026526,val,3
S13703,219,20,2026-05-30,41,22,0.0024061730989777,0.0,0.4261539912742474,val,3
S17358,219,20,2026-05-30,17,21,0.0026906532303235,0.0199487410146256,0.3841653804092628,val,3
S17369,219,20,2026-05-30,28,14,0.00298319556393,0.0042315107064883,0.4210503368106825,val,3
S17380,219,20,2026-05-30,46,27,0.002801410424466,0.0202594327500615,0.3953720716670141,val,3
S19111,219,20,2026-05-30,43,28,0.0023978593559435,0.0041963237839526,0.4406791939857519,val,3
S19702,219,20,2026-05-30,31,19,0.0027638292163824,0.0,0.3422443734112438,val,3
S24594,219,20,2026-05-30,54,21,0.0029401580984124,0.0,0.4243620734833125,val,3
S25425,219,20,2026-05-30,55,28,0.0029963801225053,0.0,0.3678747364427817,val,3
S31151,219,20,2026-05-30,23,16,0.0030318521826351,0.0015876971044493,0.4161168613668599,val,3
S38511,219,20,2026-05-30,29,17,0.0030767179702245,0.0027081000525818,0.4779337843163294,val,3
S38524,219,20,2026-05-30,47,16,0.0027083478800536,0.0067688117126319,0.3896488631950037,val,3
S40192,219,20,2026-05-30,36,14,0.00270454139865,0.0,0.4574729338233871,val,3
S43431,219,20,2026-05-30,35,14,0.0028510907697334,0.0119216815088003,0.3798684593769112,val,3
S06713,219,20,2026-05-30,49,17,0.0025903290063687,0.0067748091603053,0.4053869260341955,val,4
S08247,219,20,2026-05-30,23,18,0.003128576126048,0.0134647295878627,0.4445794676945909,val,4
S11091,219,20,2026-05-30,30,30,0.0028239085254759,0.0098079845282497,0.4075744352026526,val,4
S13703,219,20,2026-05-30,30,22,0.0026414900286558,0.0,0.4261539912742474,val,4
S17358,219,20,2026-05-30,19,21,0.0026191212390359,0.0199487410146256,0.3841653804092628,val,4
S17369,219,20,2026-05-30,26,14,0.0029278148547998,0.0042315107064883,0.4210503368106825,val,4
S17380,219,20,2026-05-30,48,27,0.0029847630467889,0.0202594327500615,0.3953720716670141,val,4
S19111,219,20,2026-05-30,41,28,0.0028974649369331,0.0041963237839526,0.4406791939857519,val,4
S19702,219,20,2026-05-30,34,19,0.0029847258456776,0.0,0.3422443734112438,val,4
S24594,219,20,2026-05-30,56,21,0.002708245107981,0.0,0.4243620734833125,val,4
S25425,219,20,2026-05-30,54,28,0.0028117279726447,0.0,0.3678747364427817,val,4
S31151,219,20,2026-05-30,21,16,0.0030850377708862,0.0015876971044493,0.4161168613668599,val,4
S38511,219,20,2026-05-30,31,17,0.0028922946355993,0.0027081000525818,0.4779337843163294,val,4
S38524,219,20,2026-05-30,45,16,0.0025119681695075,0.0067688117126319,0.3896488631950037,val,4
S40192,219,20,2026-05-30,34,14,0.0030021936898633,0.0,0.4574729338233871,val,4
S43431,219,20,2026-05-30,33,14,0.0031721112172946,0.0119216815088003,0.3798684593769112,val,4
S01678,219,21,2026-05-30,38,29,0.0032804148501311,0.01028246483598,0.4651869377681124,val,1
S03082,219,21,2026-05-30,17,26,0.0033154278243542,0.0078047462907825,0.3992847101940794,val,1
S18543,219,21,2026-05-30,39,16,0.0033146293655786,0.0033401660002016,0.4417636592940841,val,1
S20123,219,21,2026-05-30,32,26,0.0033392746288904,0.0,0.4691220951723651,val,1
S22856,219,21,2026-05-30,34,15,0.0033544239574621,0.0,0.4323851527729458,val,1
S23033,219,21,2026-05-30,60,23,0.0033124407489145,0.0,0.4697857819070667,val,1
S23896,219,21,2026-05-30,43,12,0.0031971990556386,0.0,0.372950683743815,val,1
S24901,219,21,2026-05-30,62,27,0.0025308591073246,0.0,0.3176953066323325,val,1
S27110,219,21,2026-05-30,49,26,0.0033275717109974,0.0036459670615852,0.5298707371116055,val,1
S27893,219,21,2026-05-30,55,14,0.003216226897237,0.0023693745232646,0.3930251973059255,val,1
S35177,219,21,2026-05-30,34,21,0.0032810906963988,0.0028787419922317,0.4316233876694532,val,1
S35289,219,21,2026-05-30,53,30,0.0025952386088822,0.0259549678696298,0.2914711058973693,val,1
S36743,219,21,2026-05-30,23,30,0.00248621185322,0.0,0.2669078904790835,val,1
S41048,219,21,2026-05-30,24,14,0.0032296089559354,0.002714289615248,0.4255786120965932,val,1
S41050,219,21,2026-05-30,63,24,0.0031685129861519,0.00271638136464,0.3837275933092344,val,1
S42019,219,21,2026-05-30,29,29,0.0033052189227481,0.0072957207368384,0.466914239117008,val,1
S42036,219,21,2026-05-30,28,20,0.003324204535566,0.0101036422641621,0.4704257043314401,val,1
S01678,219,21,2026-05-30,41,29,0.0033343754132862,0.01028246483598,0.4651869377681124,val,2
S03082,219,21,2026-05-30,19,27,0.0031900265480475,0.0078047462907825,0.3992847101940794,val,2
S18543,219,21,2026-05-30,37,16,0.0033158419697632,0.0033401660002016,0.4417636592940841,val,2
S20123,219,21,2026-05-30,30,26,0.0033618972946602,0.0,0.4691220951723651,val,2
S22856,219,21,2026-05-30,38,15,0.0033173849523028,0.0,0.4323851527729458,val,2
S23033,219,21,2026-05-30,61,23,0.0033410460196417,0.0,0.4697857819070667,val,2
S23896,219,21,2026-05-30,40,12,0.0032040605413231,0.0,0.372950683743815,val,2
S24901,219,21,2026-05-30,59,28,0.0026408329722321,0.0,0.3176953066323325,val,2
S27110,219,21,2026-05-30,47,26,0.0032587889228161,0.0036459670615852,0.5298707371116055,val,2
S27893,219,21,2026-05-30,53,14,0.0032456281175627,0.0023693745232646,0.3930251973059255,val,2
S35177,219,21,2026-05-30,36,21,0.0032231940805692,0.0028787419922317,0.4316233876694532,val,2
S35289,219,21,2026-05-30,50,31,0.0024814333413032,0.0259549678696298,0.2914711058973693,val,2
S36743,219,21,2026-05-30,25,30,0.0025894317228598,0.0,0.2669078904790835,val,2
S41048,219,21,2026-05-30,20,15,0.0031256407588383,0.002714289615248,0.4255786120965932,val,2
S41050,219,21,2026-05-30,61,24,0.0032697245684815,0.00271638136464,0.3837275933092344,val,2
S42019,219,21,2026-05-30,31,29,0.0033039256325293,0.0072957207368384,0.466914239117008,val,2
S42036,219,21,2026-05-30,26,20,0.0032339136021464,0.0101036422641621,0.4704257043314401,val,2
S01678,219,21,2026-05-30,34,29,0.0033363611760757,0.01028246483598,0.4651869377681124,val,3
S03082,219,21,2026-05-30,21,26,0.0032781651441201,0.0078047462907825,0.3992847101940794,val,3
S18543,219,21,2026-05-30,45,16,0.0033709761437242,0.0033401660002016,0.4417636592940841,val,3
S20123,219,21,2026-05-30,36,26,0.0032859387519951,0.0,0.4691220951723651,val,3
S22856,219,21,2026-05-30,30,15,0.0033446068105122,0.0,0.4323851527729458,val,3
S23033,219,21,2026-05-30,58,23,0.0033320308055534,0.0,0.4697857819070667,val,3
S23896,219,21,2026-05-30,47,12,0.0031806059517522,0.0,0.372950683743815,val,3
S24901,219,21,2026-05-30,57,14,0.0026084484477366,0.0,0.3176953066323325,val,3
S27110,219,21,2026-05-30,51,26,0.0033493720172017,0.0036459670615852,0.5298707371116055,val,3
S27893,219,21,2026-05-30,50,13,0.0032013774836005,0.0023693745232646,0.3930251973059255,val,3
S35177,219,21,2026-05-30,29,21,0.0032729218901219,0.0028787419922317,0.4316233876694532,val,3
S35289,219,21,2026-05-30,57,29,0.0026228579960462,0.0259549678696298,0.2914711058973693,val,3
S36743,219,21,2026-05-30,19,28,0.0025298061405861,0.0,0.2669078904790835,val,3
S41048,219,21,2026-05-30,28,14,0.0033188490541556,0.002714289615248,0.4255786120965932,val,3
S41050,219,21,2026-05-30,63,23,0.0031670566154668,0.00271638136464,0.3837275933092344,val,3
S42019,219,21,2026-05-30,25,29,0.0032236943721611,0.0072957207368384,0.466914239117008,val,3
S42036,219,21,2026-05-30,33,20,0.0032650076898698,0.0101036422641621,0.4704257043314401,val,3
S01678,219,21,2026-05-30,36,29,0.0032789877237337,0.01028246483598,0.4651869377681124,val,4
S03082,219,21,2026-05-30,19,26,0.0032982826788434,0.0078047462907825,0.3992847101940794,val,4
S18543,219,21,2026-05-30,43,16,0.0033611808319662,0.0033401660002016,0.4417636592940841,val,4
S20123,219,21,2026-05-30,34,26,0.0033141528414888,0.0,0.4691220951723651,val,4
S22856,219,21,2026-05-30,32,15,0.0033281960707036,0.0,0.4323851527729458,val,4
S23033,219,21,2026-05-30,59,23,0.0033697472692154,0.0,0.4697857819070667,val,4
S23896,219,21,2026-05-30,45,12,0.0031784964759579,0.0,0.372950683743815,val,4
S24901,219,21,2026-05-30,60,15,0.0026099025233314,0.0,0.3176953066323325,val,4
S27110,219,21,2026-05-30,50,26,0.0033352388097058,0.0036459670615852,0.5298707371116055,val,4
S27893,219,21,2026-05-30,52,13,0.0030991996300805,0.0023693745232646,0.3930251973059255,val,4
S35177,219,21,2026-05-30,32,21,0.0032207137348211,0.0028787419922317,0.4316233876694532,val,4
S35289,219,21,2026-05-30,55,30,0.0025822398423792,0.0259549678696298,0.2914711058973693,val,4
S36743,219,21,2026-05-30,21,29,0.0024794593337612,0.0,0.2669078904790835,val,4
S41048,219,21,2026-05-30,26,14,0.0033138751999657,0.002714289615248,0.4255786120965932,val,4
S41050,219,21,2026-05-30,65,23,0.0031933415243823,0.00271638136464,0.3837275933092344,val,4
S42019,219,21,2026-05-30,27,29,0.0033237821989081,0.0072957207368384,0.466914239117008,val,4
S42036,219,21,2026-05-30,31,20,0.0031924574608876,0.0101036422641621,0.4704257043314401,val,4
S01394,219,22,2026-05-30,50,25,0.0029072696659618,0.0058097058325004,0.3402459446470118,val,1
S06696,219,22,2026-05-30,21,21,0.0027441170824412,0.0,0.3916470852898315,val,1
S11788,219,22,2026-05-30,51,14,0.0028143438005452,0.0,0.3321870628497436,val,1
S16060,219,22,2026-05-30,35,31,0.0028582567392563,0.0112985359643539,0.3100271486654409,val,1
S17001,219,22,2026-05-30,42,12,0.002498316262561,0.0,0.272861303619441,val,1
S17003,219,22,2026-05-30,15,22,0.0029571789566071,0.0,0.327428570987546,val,1
S19107,219,22,2026-05-30,63,18,0.002688744128431,0.0121320657577048,0.3205096939998215,val,1
S19480,219,22,2026-05-30,40,17,0.0027853723781325,0.0,0.3358271171793258,val,1
S20028,219,22,2026-05-30,35,12,0.0026564998237978,0.0,0.2833350072314103,val,1
S22563,219,22,2026-05-30,60,19,0.0029474647436159,0.0,0.3625289424322444,val,1
S23406,219,22,2026-05-30,45,15,0.0030002244620648,0.0,0.4117503927633071,val,1
S23945,219,22,2026-05-30,21,27,0.0030928699684317,0.0033874507558718,0.3874439200139039,val,1
S25419,219,22,2026-05-30,35,14,0.0029147632539825,0.0,0.4542167148320959,val,1
S31883,219,22,2026-05-30,51,30,0.0030441515405826,0.0,0.4113970320641105,val,1
S34919,219,22,2026-05-30,49,13,0.0026498157520372,0.0,0.3034598426990564,val,1
S36943,219,22,2026-05-30,34,26,0.0029787974643389,0.0,0.3538810814927705,val,1
S36947,219,22,2026-05-30,28,21,0.0027379969722887,0.0,0.3021062532127391,val,1
S37480,219,22,2026-05-30,32,13,0.0029257903660873,0.0,0.3674226474976481,val,1
S40183,219,22,2026-05-30,22,23,0.0029525869015541,0.0,0.3736111551039174,val,1
S40185,219,22,2026-05-30,22,15,0.0027107850293168,0.0049814573519093,0.3221123726357692,val,1
S41544,219,22,2026-05-30,56,18,0.0029555323277725,0.0018253670934426,0.4345861370500092,val,1
S42337,219,22,2026-05-30,32,22,0.0028484252259046,0.0043826001075809,0.3574239366325539,val,1
S43430,219,22,2026-05-30,31,30,0.0030704335648088,0.0190787680566911,0.3936491696749608,val,1
S01394,219,22,2026-05-30,51,25,0.0028868402467305,0.0058097058325004,0.3402459446470118,val,2
S06696,219,22,2026-05-30,23,21,0.0027627361638021,0.0,0.3916470852898315,val,2
S11788,219,22,2026-05-30,49,14,0.0027739741279872,0.0,0.3321870628497436,val,2
S16060,219,22,2026-05-30,36,31,0.0029056814033497,0.0112985359643539,0.3100271486654409,val,2
S17001,219,22,2026-05-30,40,12,0.0025622617720542,0.0,0.272861303619441,val,2
S17003,219,22,2026-05-30,15,23,0.0029430945301967,0.0,0.327428570987546,val,2
S19107,219,22,2026-05-30,62,18,0.0026755249006876,0.0121320657577048,0.3205096939998215,val,2
S19480,219,22,2026-05-30,41,17,0.0028564190042723,0.0,0.3358271171793258,val,2
S20028,219,22,2026-05-30,33,12,0.0026581939982135,0.0,0.2833350072314103,val,2
S22563,219,22,2026-05-30,62,19,0.0027730830507273,0.0,0.3625289424322444,val,2
S23406,219,22,2026-05-30,47,15,0.0028155196228493,0.0,0.4117503927633071,val,2
S23945,219,22,2026-05-30,22,27,0.0030684093015524,0.0033874507558718,0.3874439200139039,val,2
S25419,219,22,2026-05-30,33,14,0.0029048710166171,0.0,0.4542167148320959,val,2
S31883,219,22,2026-05-30,50,30,0.002973344019978,0.0,0.4113970320641105,val,2
S34919,219,22,2026-05-30,51,13,0.0026423676736943,0.0,0.3034598426990564,val,2
S36943,219,22,2026-05-30,33,26,0.0030535750745296,0.0,0.3538810814927705,val,2
S36947,219,22,2026-05-30,29,21,0.002673546743381,0.0,0.3021062532127391,val,2
S37480,219,22,2026-05-30,34,13,0.0029478196146189,0.0,0.3674226474976481,val,2
S40183,219,22,2026-05-30,27,23,0.0027972083273696,0.0,0.3736111551039174,val,2
S40185,219,22,2026-05-30,24,15,0.0028138706733368,0.0049814573519093,0.3221123726357692,val,2
S41544,219,22,2026-05-30,54,18,0.0029571538669268,0.0018253670934426,0.4345861370500092,val,2
S42337,219,22,2026-05-30,30,22,0.0027807854945717,0.0043826001075809,0.3574239366325539,val,2
S43430,219,22,2026-05-30,30,30,0.0030118289950767,0.0190787680566911,0.3936491696749608,val,2
S01394,219,22,2026-05-30,48,25,0.0027006898273284,0.0058097058325004,0.3402459446470118,val,3
S06696,219,22,2026-05-30,17,21,0.0028808111990869,0.0,0.3916470852898315,val,3
S11788,219,22,2026-05-30,55,14,0.0029003152960516,0.0,0.3321870628497436,val,3
S16060,219,22,2026-05-30,33,31,0.0028492301876951,0.0112985359643539,0.3100271486654409,val,3
S17001,219,22,2026-05-30,46,12,0.0025733663011929,0.0,0.272861303619441,val,3
S17003,219,22,2026-05-30,19,22,0.002925267257454,0.0,0.327428570987546,val,3
S19107,219,22,2026-05-30,62,17,0.0026219534747177,0.0121320657577048,0.3205096939998215,val,3
S19480,219,22,2026-05-30,38,17,0.0029272974259408,0.0,0.3358271171793258,val,3
S20028,219,22,2026-05-30,39,12,0.0025142325707207,0.0,0.2833350072314103,val,3
S22563,219,22,2026-05-30,56,19,0.0029090652367489,0.0,0.3625289424322444,val,3
S23406,219,22,2026-05-30,39,15,0.0029110025282135,0.0,0.4117503927633071,val,3
S23945,219,22,2026-05-30,19,27,0.0030373854269182,0.0033874507558718,0.3874439200139039,val,3
S25419,219,22,2026-05-30,39,14,0.0025369498621143,0.0,0.4542167148320959,val,3
S31883,219,22,2026-05-30,56,29,0.0028824641010832,0.0,0.4113970320641105,val,3
S34919,219,22,2026-05-30,44,13,0.0028063947499863,0.0,0.3034598426990564,val,3
S36943,219,22,2026-05-30,36,26,0.0029249439930926,0.0,0.3538810814927705,val,3
S36947,219,22,2026-05-30,26,21,0.0028929389872701,0.0,0.3021062532127391,val,3
S37480,219,22,2026-05-30,27,13,0.0028633845189075,0.0,0.3674226474976481,val,3
S40183,219,22,2026-05-30,18,23,0.0028442025133254,0.0,0.3736111551039174,val,3
S40185,219,22,2026-05-30,24,14,0.0028505582027474,0.0049814573519093,0.3221123726357692,val,3
S41544,219,22,2026-05-30,60,18,0.0028456921876601,0.0018253670934426,0.4345861370500092,val,3
S42337,219,22,2026-05-30,36,22,0.0027681042790634,0.0043826001075809,0.3574239366325539,val,3
S43430,219,22,2026-05-30,33,30,0.0030773855238288,0.0190787680566911,0.3936491696749608,val,3
S01394,219,22,2026-05-30,49,25,0.0028794574742648,0.0058097058325004,0.3402459446470118,val,4
S06696,219,22,2026-05-30,19,21,0.0029027324210143,0.0,0.3916470852898315,val,4
S11788,219,22,2026-05-30,53,14,0.0028890902778025,0.0,0.3321870628497436,val,4
S16060,219,22,2026-05-30,34,31,0.0028633662482483,0.0112985359643539,0.3100271486654409,val,4
S17001,219,22,2026-05-30,44,12,0.0026550845360617,0.0,0.272861303619441,val,4
S17003,219,22,2026-05-30,17,22,0.003065918959954,0.0,0.327428570987546,val,4
S19107,219,22,2026-05-30,64,18,0.0025678693363398,0.0121320657577048,0.3205096939998215,val,4
S19480,219,22,2026-05-30,39,17,0.002825441857356,0.0,0.3358271171793258,val,4
S20028,219,22,2026-05-30,37,12,0.0024577619459236,0.0,0.2833350072314103,val,4
S22563,219,22,2026-05-30,58,19,0.0029221325957232,0.0,0.3625289424322444,val,4
S23406,219,22,2026-05-30,41,15,0.0029573165877234,0.0,0.4117503927633071,val,4
S23945,219,22,2026-05-30,20,27,0.0030297335266598,0.0033874507558718,0.3874439200139039,val,4
S25419,219,22,2026-05-30,37,14,0.0027526205623024,0.0,0.4542167148320959,val,4
S31883,219,22,2026-05-30,52,30,0.0029942279248567,0.0,0.4113970320641105,val,4
S34919,219,22,2026-05-30,47,13,0.0027366752707507,0.0,0.3034598426990564,val,4
S36943,219,22,2026-05-30,35,26,0.0029932778217221,0.0,0.3538810814927705,val,4
S36947,219,22,2026-05-30,27,21,0.0027805244920194,0.0,0.3021062532127391,val,4
S37480,219,22,2026-05-30,29,13,0.0029323729311227,0.0,0.3674226474976481,val,4
S40183,219,22,2026-05-30,20,23,0.0029124812198588,0.0,0.3736111551039174,val,4
S40185,219,22,2026-05-30,20,15,0.0025542165465765,0.0049814573519093,0.3221123726357692,val,4
S41544,219,22,2026-05-30,58,18,0.0027258619203646,0.0018253670934426,0.4345861370500092,val,4
S42337,219,22,2026-05-30,34,22,0.0028511474919695,0.0043826001075809,0.3574239366325539,val,4
S43430,219,22,2026-05-30,32,30,0.0030742866722731,0.0190787680566911,0.3936491696749608,val,4
S08176,219,23,2026-05-30,42,13,0.0030116011764171,0.0081045696820604,0.4152269349184123,val,1
S10224,219,23,2026-05-30,56,26,0.0031132083627199,0.0,0.3956797462395778,val,1
S11941,219,23,2026-05-30,14,23,0.0029959493742941,0.0,0.4774695602073113,val,1
S12169,219,23,2026-05-30,47,26,0.0031356077111061,0.0,0.3763432573617218,val,1
S12174,219,23,2026-05-30,62,20,0.0031676411524811,0.0,0.4627244749675279,val,1
S21324,219,23,2026-05-30,45,31,0.0026788696904373,0.0,0.3790018459480678,val,1
S22693,219,23,2026-05-30,16,19,0.0029179243736362,0.0,0.436029632698109,val,1
S27802,219,23,2026-05-30,49,19,0.0025320407605388,0.0,0.3664336229363094,val,1
S27807,219,23,2026-05-30,52,29,0.0028010966304445,0.0,0.4084589915318856,val,1
S30330,219,23,2026-05-30,25,15,0.003029432299295,0.0,0.4709370926096132,val,1
S33700,219,23,2026-05-30,34,22,0.002813337958818,0.0,0.3871237767830653,val,1
S37345,219,23,2026-05-30,60,19,0.0031199137837535,0.0,0.4704206930622514,val,1
S37347,219,23,2026-05-30,54,24,0.0032103784010528,0.0,0.4275396085146203,val,1
S38779,219,23,2026-05-30,48,17,0.0025061074769233,0.0,0.4116453260371202,val,1
S39358,219,23,2026-05-30,32,16,0.0030820364714624,0.0,0.4074164202614381,val,1
S43074,219,23,2026-05-30,34,23,0.0029416272330006,0.0179540131614596,0.3861374387835692,val,1
S08176,219,23,2026-05-30,44,13,0.0028465037383724,0.0081045696820604,0.4152269349184123,val,2
S10224,219,23,2026-05-30,54,26,0.0031248841622275,0.0,0.3956797462395778,val,2
S11941,219,23,2026-05-30,16,23,0.0029232598471647,0.0,0.4774695602073113,val,2
S12169,219,23,2026-05-30,24,26,0.0030319613135862,0.0,0.3763432573617218,val,2
S12174,219,23,2026-05-30,60,20,0.0029810498023028,0.0,0.4627244749675279,val,2
S21324,219,23,2026-05-30,48,31,0.0026759185092432,0.0,0.3790018459480678,val,2
S22693,219,23,2026-05-30,18,19,0.0029871980588615,0.0,0.436029632698109,val,2
S27802,219,23,2026-05-30,51,19,0.0027550357406584,0.0,0.3664336229363094,val,2
S27807,219,23,2026-05-30,54,29,0.0027908977325333,0.0,0.4084589915318856,val,2
S30330,219,23,2026-05-30,27,15,0.0030341079867938,0.0,0.4709370926096132,val,2
S33700,219,23,2026-05-30,33,22,0.0031038719685883,0.0,0.3871237767830653,val,2
S37345,219,23,2026-05-30,62,19,0.003025580889534,0.0,0.4704206930622514,val,2
S37347,219,23,2026-05-30,52,24,0.0031195075066562,0.0,0.4275396085146203,val,2
S38779,219,23,2026-05-30,57,17,0.0029069289844912,0.0,0.4116453260371202,val,2
S39358,219,23,2026-05-30,29,16,0.0030413075245657,0.0,0.4074164202614381,val,2
S43074,219,23,2026-05-30,36,23,0.0030671543396841,0.0179540131614596,0.3861374387835692,val,2
S08176,219,23,2026-05-30,37,13,0.002956719421172,0.0081045696820604,0.4152269349184123,val,3
S10224,219,23,2026-05-30,60,26,0.0030366517416098,0.0,0.3956797462395778,val,3
S11941,219,23,2026-05-30,15,22,0.0028847082917298,0.0,0.4774695602073113,val,3
S12169,219,23,2026-05-30,51,26,0.003012848590324,0.0,0.3763432573617218,val,3
S12174,219,23,2026-05-30,65,19,0.0028192348978514,0.0,0.4627244749675279,val,3
S21324,219,23,2026-05-30,41,31,0.0029442483052736,0.0,0.3790018459480678,val,3
S22693,219,23,2026-05-30,17,18,0.0030451484584568,0.0,0.436029632698109,val,3
S27802,219,23,2026-05-30,38,19,0.0028888744455463,0.0,0.3664336229363094,val,3
S27807,219,23,2026-05-30,48,29,0.002900309514343,0.0,0.4084589915318856,val,3
S30330,219,23,2026-05-30,21,15,0.0029700617032959,0.0,0.4709370926096132,val,3
S33700,219,23,2026-05-30,40,22,0.0022889727728366,0.0,0.3871237767830653,val,3
S37345,219,23,2026-05-30,56,19,0.0029234650578747,0.0,0.4704206930622514,val,3
S37347,219,23,2026-05-30,58,24,0.002954589547331,0.0,0.4275396085146203,val,3
S38779,219,23,2026-05-30,31,17,0.0031153216094309,0.0,0.4116453260371202,val,3
S39358,219,23,2026-05-30,37,16,0.0030199655156747,0.0,0.4074164202614381,val,3
S43074,219,23,2026-05-30,19,23,0.0032177852083461,0.0179540131614596,0.3861374387835692,val,3
S08176,219,23,2026-05-30,39,13,0.0029476807015603,0.0081045696820604,0.4152269349184123,val,4
S10224,219,23,2026-05-30,58,26,0.0032568177481567,0.0,0.3956797462395778,val,4
S11941,219,23,2026-05-30,13,22,0.0028334244646766,0.0,0.4774695602073113,val,4
S12169,219,23,2026-05-30,49,26,0.0031120661831751,0.0,0.3763432573617218,val,4
S12174,219,23,2026-05-30,64,20,0.0028433605165834,0.0,0.4627244749675279,val,4
S21324,219,23,2026-05-30,43,31,0.002811263007359,0.0,0.3790018459480678,val,4
S22693,219,23,2026-05-30,14,19,0.0029711056760756,0.0,0.436029632698109,val,4
S27802,219,23,2026-05-30,47,19,0.0026060570674032,0.0,0.3664336229363094,val,4
S27807,219,23,2026-05-30,50,29,0.0029379358869644,0.0,0.4084589915318856,val,4
S30330,219,23,2026-05-30,23,15,0.003060870378352,0.0,0.4709370926096132,val,4
S33700,219,23,2026-05-30,35,22,0.0030507368930161,0.0,0.3871237767830653,val,4
S37345,219,23,2026-05-30,58,19,0.0030340686646463,0.0,0.4704206930622514,val,4
S37347,219,23,2026-05-30,56,24,0.0030426078220797,0.0,0.4275396085146203,val,4
S38779,219,23,2026-05-30,34,17,0.0028958262519858,0.0,0.4116453260371202,val,4
S39358,219,23,2026-05-30,34,16,0.0029167407323936,0.0,0.4074164202614381,val,4
S43074,219,23,2026-05-30,31,23,0.0032289110648526,0.0179540131614596,0.3861374387835692,val,4
S08176,219,24,2026-05-30,42,13,0.0030116011764171,0.0081045696820604,0.4152269349184123,val,1
S10224,219,24,2026-05-30,56,26,0.0031132083627199,0.0,0.3956797462395778,val,1
S11941,219,24,2026-05-30,14,23,0.0029959493742941,0.0,0.4774695602073113,val,1
S12169,219,24,2026-05-30,47,26,0.0031356077111061,0.0,0.3763432573617218,val,1
S12174,219,24,2026-05-30,62,20,0.0031676411524811,0.0,0.4627244749675279,val,1
S21324,219,24,2026-05-30,45,31,0.0026788696904373,0.0,0.3790018459480678,val,1
S22693,219,24,2026-05-30,16,19,0.0029179243736362,0.0,0.436029632698109,val,1
S27802,219,24,2026-05-30,49,19,0.0025320407605388,0.0,0.3664336229363094,val,1
S27807,219,24,2026-05-30,52,29,0.0028010966304445,0.0,0.4084589915318856,val,1
S30330,219,24,2026-05-30,25,15,0.003029432299295,0.0,0.4709370926096132,val,1
S33700,219,24,2026-05-30,34,22,0.002813337958818,0.0,0.3871237767830653,val,1
S37345,219,24,2026-05-30,60,19,0.0031199137837535,0.0,0.4704206930622514,val,1
S37347,219,24,2026-05-30,54,24,0.0032103784010528,0.0,0.4275396085146203,val,1
S38779,219,24,2026-05-30,48,17,0.0025061074769233,0.0,0.4116453260371202,val,1
S39358,219,24,2026-05-30,32,16,0.0030820364714624,0.0,0.4074164202614381,val,1
S43074,219,24,2026-05-30,34,23,0.0029416272330006,0.0179540131614596,0.3861374387835692,val,1
S08176,219,24,2026-05-30,44,13,0.0028465037383724,0.0081045696820604,0.4152269349184123,val,2
S10224,219,24,2026-05-30,54,26,0.0031248841622275,0.0,0.3956797462395778,val,2
S11941,219,24,2026-05-30,16,23,0.0029232598471647,0.0,0.4774695602073113,val,2
S12169,219,24,2026-05-30,24,26,0.0030319613135862,0.0,0.3763432573617218,val,2
S12174,219,24,2026-05-30,60,20,0.0029810498023028,0.0,0.4627244749675279,val,2
S21324,219,24,2026-05-30,48,31,0.0026759185092432,0.0,0.3790018459480678,val,2
S22693,219,24,2026-05-30,18,19,0.0029871980588615,0.0,0.436029632698109,val,2
S27802,219,24,2026-05-30,51,19,0.0027550357406584,0.0,0.3664336229363094,val,2
S27807,219,24,2026-05-30,54,29,0.0027908977325333,0.0,0.4084589915318856,val,2
S30330,219,24,2026-05-30,27,15,0.0030341079867938,0.0,0.4709370926096132,val,2
S33700,219,24,2026-05-30,33,22,0.0031038719685883,0.0,0.3871237767830653,val,2
S37345,219,24,2026-05-30,62,19,0.003025580889534,0.0,0.4704206930622514,val,2
S37347,219,24,2026-05-30,52,24,0.0031195075066562,0.0,0.4275396085146203,val,2
S38779,219,24,2026-05-30,57,17,0.0029069289844912,0.0,0.4116453260371202,val,2
S39358,219,24,2026-05-30,29,16,0.0030413075245657,0.0,0.4074164202614381,val,2
S43074,219,24,2026-05-30,36,23,0.0030671543396841,0.0179540131614596,0.3861374387835692,val,2
S08176,219,24,2026-05-30,37,13,0.002956719421172,0.0081045696820604,0.4152269349184123,val,3
S10224,219,24,2026-05-30,60,26,0.0030366517416098,0.0,0.3956797462395778,val,3
S11941,219,24,2026-05-30,15,22,0.0028847082917298,0.0,0.4774695602073113,val,3
S12169,219,24,2026-05-30,51,26,0.003012848590324,0.0,0.3763432573617218,val,3
S12174,219,24,2026-05-30,65,19,0.0028192348978514,0.0,0.4627244749675279,val,3
S21324,219,24,2026-05-30,41,31,0.0029442483052736,0.0,0.3790018459480678,val,3
S22693,219,24,2026-05-30,17,18,0.0030451484584568,0.0,0.436029632698109,val,3
S27802,219,24,2026-05-30,38,19,0.0028888744455463,0.0,0.3664336229363094,val,3
S27807,219,24,2026-05-30,48,29,0.002900309514343,0.0,0.4084589915318856,val,3
S30330,219,24,2026-05-30,21,15,0.0029700617032959,0.0,0.4709370926096132,val,3
S33700,219,24,2026-05-30,40,22,0.0022889727728366,0.0,0.3871237767830653,val,3
S37345,219,24,2026-05-30,56,19,0.0029234650578747,0.0,0.4704206930622514,val,3
S37347,219,24,2026-05-30,58,24,0.002954589547331,0.0,0.4275396085146203,val,3
S38779,219,24,2026-05-30,31,17,0.0031153216094309,0.0,0.4116453260371202,val,3
S39358,219,24,2026-05-30,37,16,0.0030199655156747,0.0,0.4074164202614381,val,3
S43074,219,24,2026-05-30,19,23,0.0032177852083461,0.0179540131614596,0.3861374387835692,val,3
S08176,219,24,2026-05-30,39,13,0.0029476807015603,0.0081045696820604,0.4152269349184123,val,4
S10224,219,24,2026-05-30,58,26,0.0032568177481567,0.0,0.3956797462395778,val,4
S11941,219,24,2026-05-30,13,22,0.0028334244646766,0.0,0.4774695602073113,val,4
S12169,219,24,2026-05-30,49,26,0.0031120661831751,0.0,0.3763432573617218,val,4
S12174,219,24,2026-05-30,64,20,0.0028433605165834,0.0,0.4627244749675279,val,4
S21324,219,24,2026-05-30,43,31,0.002811263007359,0.0,0.3790018459480678,val,4
S22693,219,24,2026-05-30,14,19,0.0029711056760756,0.0,0.436029632698109,val,4
S27802,219,24,2026-05-30,47,19,0.0026060570674032,0.0,0.3664336229363094,val,4
S27807,219,24,2026-05-30,50,29,0.0029379358869644,0.0,0.4084589915318856,val,4
S30330,219,24,2026-05-30,23,15,0.003060870378352,0.0,0.4709370926096132,val,4
S33700,219,24,2026-05-30,35,22,0.0030507368930161,0.0,0.3871237767830653,val,4
S37345,219,24,2026-05-30,58,19,0.0030340686646463,0.0,0.4704206930622514,val,4
S37347,219,24,2026-05-30,56,24,0.0030426078220797,0.0,0.4275396085146203,val,4
S38779,219,24,2026-05-30,34,17,0.0028958262519858,0.0,0.4116453260371202,val,4
S39358,219,24,2026-05-30,34,16,0.0029167407323936,0.0,0.4074164202614381,val,4
S43074,219,24,2026-05-30,31,23,0.0032289110648526,0.0179540131614596,0.3861374387835692,val,4
S04068,219,25,2026-05-30,22,26,0.003183189947729,0.0,0.3910479212690581,val,1
S04698,219,25,2026-05-30,53,20,0.0032733962107071,0.0,0.4714351485642262,val,1
S07077,219,25,2026-05-30,48,31,0.0030323671224157,0.0,0.4665503141842134,val,1
S10933,219,25,2026-05-30,52,29,0.0030216709580622,0.0121645568380963,0.400302355303646,val,1
S10937,219,25,2026-05-30,56,23,0.0032078378674281,0.0042073717894451,0.4362630916289537,val,1
S11939,219,25,2026-05-30,49,22,0.0029844179574899,0.0,0.3853061636181911,val,1
S14031,219,25,2026-05-30,22,28,0.0029828088178331,0.0170186051820568,0.4172555579590222,val,1
S14320,219,25,2026-05-30,62,26,0.0030236548460389,0.0,0.3850446363530981,val,1
S14326,219,25,2026-05-30,32,12,0.0031199672832708,0.0055406911928651,0.4251632944792711,val,1
S15643,219,25,2026-05-30,42,17,0.0032441348586881,0.0,0.3918246904700216,val,1
S16210,219,25,2026-05-30,35,25,0.0031582546516061,0.0,0.4358780170394691,val,1
S18937,219,25,2026-05-30,42,31,0.0026490060981722,0.0,0.3454418143858815,val,1
S19173,219,25,2026-05-30,26,21,0.0032997803877724,0.0,0.4590495264840629,val,1
S22684,219,25,2026-05-30,30,26,0.0031710139603057,0.0095705757750818,0.4141704202378296,val,1
S24898,219,25,2026-05-30,26,12,0.0029373354376211,0.0020701087952549,0.2586301370286457,val,1
S25365,219,25,2026-05-30,31,15,0.0031266992545167,0.0,0.438410422039474,val,1
S27798,219,25,2026-05-30,48,22,0.0031643697974413,0.0023679859731374,0.426273057809418,val,1
S30329,219,25,2026-05-30,43,13,0.0031784405296509,0.0,0.3766116776018512,val,1
S30464,219,25,2026-05-30,37,28,0.0031168362767373,0.0252905523902988,0.4302977400933959,val,1
S32343,219,25,2026-05-30,55,19,0.0031739128770193,0.0,0.4226933754335045,val,1
S32946,219,25,2026-05-30,43,25,0.0032164431957679,0.0,0.444956183864064,val,1
S35147,219,25,2026-05-30,47,14,0.0032018615404879,0.0279652479529771,0.4371105558000401,val,1
S35148,219,25,2026-05-30,59,24,0.0030829401768252,0.0015216412906702,0.3499575796304614,val,1
S36309,219,25,2026-05-30,51,24,0.003127803926973,0.0,0.3964132334827375,val,1
S37648,219,25,2026-05-30,52,18,0.0030849743104328,0.0,0.4561855272166166,val,1
S38190,219,25,2026-05-30,57,14,0.0028427257830797,0.0,0.3754161262635256,val,1
S38270,219,25,2026-05-30,20,21,0.0032417004023558,0.0028054845246764,0.5500607665431515,val,1
S40800,219,25,2026-05-30,23,17,0.0032477030099196,0.0,0.4229902204039432,val,1
S04068,219,25,2026-05-30,20,26,0.0030476781741349,0.0,0.3910479212690581,val,2
S04698,219,25,2026-05-30,51,20,0.0032602621200732,0.0,0.4714351485642262,val,2
S07077,219,25,2026-05-30,45,32,0.0030193324802207,0.0,0.4665503141842134,val,2
S10933,219,25,2026-05-30,54,29,0.0031639830185758,0.0121645568380963,0.400302355303646,val,2
S10937,219,25,2026-05-30,58,23,0.0031983453766873,0.0042073717894451,0.4362630916289537,val,2
S11939,219,25,2026-05-30,47,22,0.0031389022403398,0.0,0.3853061636181911,val,2
S14031,219,25,2026-05-30,20,28,0.0032118914138818,0.0170186051820568,0.4172555579590222,val,2
S14320,219,25,2026-05-30,60,26,0.0031028080246866,0.0,0.3850446363530981,val,2
S14326,219,25,2026-05-30,28,13,0.0032578777887193,0.0055406911928651,0.4251632944792711,val,2
S15643,219,25,2026-05-30,44,17,0.0031354932873446,0.0,0.3918246904700216,val,2
S16210,219,25,2026-05-30,37,25,0.0032150347431229,0.0,0.4358780170394691,val,2
S18937,219,25,2026-05-30,44,31,0.0030374657405728,0.0,0.3454418143858815,val,2
S19173,219,25,2026-05-30,27,21,0.0032941629365647,0.0,0.4590495264840629,val,2
S22684,219,25,2026-05-30,28,26,0.0032217573183046,0.0095705757750818,0.4141704202378296,val,2
S24898,219,25,2026-05-30,23,13,0.0030016847900506,0.0020701087952549,0.2586301370286457,val,2
S25365,219,25,2026-05-30,33,15,0.0031903650724154,0.0,0.438410422039474,val,2
S27798,219,25,2026-05-30,46,22,0.003237869465408,0.0023679859731374,0.426273057809418,val,2
S30329,219,25,2026-05-30,47,13,0.0031629771959525,0.0,0.3766116776018512,val,2
S30464,219,25,2026-05-30,35,28,0.0030684826541256,0.0252905523902988,0.4302977400933959,val,2
S32343,219,25,2026-05-30,57,19,0.0030886410769033,0.0,0.4226933754335045,val,2
S32946,219,25,2026-05-30,46,25,0.0028331917036082,0.0,0.444956183864064,val,2
S35147,219,25,2026-05-30,44,14,0.0031148411615598,0.0279652479529771,0.4371105558000401,val,2
S35148,219,25,2026-05-30,57,24,0.0032323600160958,0.0015216412906702,0.3499575796304614,val,2
S36309,219,25,2026-05-30,49,24,0.0032381169799306,0.0,0.3964132334827375,val,2
S37648,219,25,2026-05-30,50,18,0.0031714150764289,0.0,0.4561855272166166,val,2
S38190,219,25,2026-05-30,59,15,0.0030228474217423,0.0,0.3754161262635256,val,2
S38270,219,25,2026-05-30,22,21,0.0032668125307129,0.0028054845246764,0.5500607665431515,val,2
S40800,219,25,2026-05-30,25,17,0.003265698213713,0.0,0.4229902204039432,val,2
S04068,219,25,2026-05-30,26,26,0.0031162049028031,0.0,0.3910479212690581,val,3
S04698,219,25,2026-05-30,57,20,0.0032472459734079,0.0,0.4714351485642262,val,3
S07077,219,25,2026-05-30,55,30,0.0029171921865152,0.0,0.4665503141842134,val,3
S10933,219,25,2026-05-30,48,29,0.0030620359786509,0.0121645568380963,0.400302355303646,val,3
S10937,219,25,2026-05-30,52,23,0.0031521907150782,0.0042073717894451,0.4362630916289537,val,3
S11939,219,25,2026-05-30,54,22,0.0031267899909895,0.0,0.3853061636181911,val,3
S14031,219,25,2026-05-30,26,28,0.0031379318975909,0.0170186051820568,0.4172555579590222,val,3
S14320,219,25,2026-05-30,61,25,0.0031843728448199,0.0,0.3850446363530981,val,3
S14326,219,25,2026-05-30,36,12,0.0029919231741963,0.0055406911928651,0.4251632944792711,val,3
S15643,219,25,2026-05-30,38,17,0.0028486442282885,0.0,0.3918246904700216,val,3
S16210,219,25,2026-05-30,31,25,0.0031297285097732,0.0,0.4358780170394691,val,3
S18937,219,25,2026-05-30,38,31,0.0030968004418373,0.0,0.3454418143858815,val,3
S19173,219,25,2026-05-30,24,21,0.0032843021188355,0.0,0.4590495264840629,val,3
S22684,219,25,2026-05-30,34,26,0.0031046827651064,0.0095705757750818,0.4141704202378296,val,3
S24898,219,25,2026-05-30,30,12,0.0025810005082065,0.0020701087952549,0.2586301370286457,val,3
S25365,219,25,2026-05-30,27,15,0.0031739289543553,0.0,0.438410422039474,val,3
S27798,219,25,2026-05-30,53,22,0.0032674208420943,0.0023679859731374,0.426273057809418,val,3
S30329,219,25,2026-05-30,38,13,0.0031557506236649,0.0,0.3766116776018512,val,3
S30464,219,25,2026-05-30,42,28,0.0030715929058252,0.0252905523902988,0.4302977400933959,val,3
S32343,219,25,2026-05-30,51,19,0.003202331430633,0.0,0.4226933754335045,val,3
S32946,219,25,2026-05-30,39,25,0.0031697272715513,0.0,0.444956183864064,val,3
S35147,219,25,2026-05-30,51,14,0.003055594918891,0.0279652479529771,0.4371105558000401,val,3
S35148,219,25,2026-05-30,63,24,0.0032167142896435,0.0015216412906702,0.3499575796304614,val,3
S36309,219,25,2026-05-30,55,24,0.0032618676950541,0.0,0.3964132334827375,val,3
S37648,219,25,2026-05-30,56,18,0.0031122088293757,0.0,0.4561855272166166,val,3
S38190,219,25,2026-05-30,50,12,0.0030727544234977,0.0,0.3754161262635256,val,3
S38270,219,25,2026-05-30,16,21,0.0032290966547726,0.0028054845246764,0.5500607665431515,val,3
S40800,219,25,2026-05-30,19,17,0.0032378584431883,0.0,0.4229902204039432,val,3
S04068,219,25,2026-05-30,24,26,0.0031420872055238,0.0,0.3910479212690581,val,4
S04698,219,25,2026-05-30,55,20,0.0032566159647107,0.0,0.4714351485642262,val,4
S07077,219,25,2026-05-30,53,30,0.0030127088557394,0.0,0.4665503141842134,val,4
S10933,219,25,2026-05-30,50,29,0.003114158461606,0.0121645568380963,0.400302355303646,val,4
S10937,219,25,2026-05-30,54,23,0.0031366113509709,0.0042073717894451,0.4362630916289537,val,4
S11939,219,25,2026-05-30,52,22,0.0031459923582315,0.0,0.3853061636181911,val,4
S14031,219,25,2026-05-30,24,28,0.0028524631783874,0.0170186051820568,0.4172555579590222,val,4
S14320,219,25,2026-05-30,63,25,0.0030893192257029,0.0,0.3850446363530981,val,4
S14326,219,25,2026-05-30,34,12,0.0030117722376121,0.0055406911928651,0.4251632944792711,val,4
S15643,219,25,2026-05-30,40,17,0.0031865294770254,0.0,0.3918246904700216,val,4
S16210,219,25,2026-05-30,33,25,0.0031375881804688,0.0,0.4358780170394691,val,4
S18937,219,25,2026-05-30,40,31,0.0029120584547846,0.0,0.3454418143858815,val,4
S19173,219,25,2026-05-30,25,21,0.0032622543687288,0.0,0.4590495264840629,val,4
S22684,219,25,2026-05-30,32,26,0.0032467868126122,0.0095705757750818,0.4141704202378296,val,4
S24898,219,25,2026-05-30,28,12,0.0030069575163841,0.0020701087952549,0.2586301370286457,val,4
S25365,219,25,2026-05-30,29,15,0.0030919185822075,0.0,0.438410422039474,val,4
S27798,219,25,2026-05-30,51,22,0.0030446601516322,0.0023679859731374,0.426273057809418,val,4
S30329,219,25,2026-05-30,40,13,0.0029931777301563,0.0,0.3766116776018512,val,4
S30464,219,25,2026-05-30,39,28,0.0031609079557864,0.0252905523902988,0.4302977400933959,val,4
S32343,219,25,2026-05-30,53,19,0.003221711422613,0.0,0.4226933754335045,val,4
S32946,219,25,2026-05-30,41,25,0.0030984279006417,0.0,0.444956183864064,val,4
S35147,219,25,2026-05-30,49,14,0.0031054399661082,0.0279652479529771,0.4371105558000401,val,4
S35148,219,25,2026-05-30,61,24,0.0031829143291342,0.0015216412906702,0.3499575796304614,val,4
S36309,219,25,2026-05-30,53,24,0.0032857743604062,0.0,0.3964132334827375,val,4
S37648,219,25,2026-05-30,54,18,0.0031856415628064,0.0,0.4561855272166166,val,4
S38190,219,25,2026-05-30,54,13,0.0030289228850339,0.0,0.3754161262635256,val,4
S38270,219,25,2026-05-30,18,21,0.0033490676594555,0.0028054845246764,0.5500607665431515,val,4
S40800,219,25,2026-05-30,21,17,0.0032213262728639,0.0,0.4229902204039432,val,4
