ufs_serial,run_id,wafer_no,date,die_x,die_y,pred,health,clf_proba,split,position
S00206,17,3,2025-10-26,14,20,0.0029120607057948,0.0,0.4036693956907295,train,1
S00207,17,3,2025-10-26,47,21,0.0032386505585661,0.0024246859373094,0.4070646915854007,train,1
S00211,17,15,2025-10-26,26,16,0.0033862634526218,0.0024002356770644,0.4807219140779789,train,1
S00238,17,25,2025-10-26,37,23,0.001309997103773,0.0,0.3274418503942407,train,1
S00679,17,18,2025-10-26,52,25,0.003453450021924,0.0,0.4424001860594382,train,1
S00683,17,24,2025-10-26,17,17,0.0036513603650331,0.0,0.5278003603242581,train,1
S00772,17,9,2025-10-26,52,21,0.0034555343318815,0.0,0.4964490282238769,train,1
S00774,17,3,2025-10-26,62,23,0.0034285719462785,0.0,0.4098302636733178,train,1
S00973,17,5,2025-10-26,22,17,0.0033625770519544,0.0,0.4775873000231493,train,1
S00975,17,1,2025-10-26,30,26,0.0034089955288738,0.0,0.4434764328438936,train,1
S00977,17,1,2025-10-26,38,29,0.0033968621861516,0.0,0.469187467028596,train,1
S00980,17,14,2025-10-26,33,14,0.0032206852879253,0.0,0.3803030119746636,train,1
S00984,17,14,2025-10-26,35,14,0.0032602965435983,0.0,0.4090464548543099,train,1
S00985,17,18,2025-10-26,49,13,0.0030628031886727,0.0,0.4607987110694347,train,1
S01083,17,25,2025-10-26,47,18,0.0012203221277816,0.0,0.2596044359711346,train,1
S01379,17,25,2025-10-26,40,17,0.0009888978024608,0.0,0.2176907693377308,train,1
S01380,17,25,2025-10-26,31,19,0.00088172242637,0.0,0.2478857225398755,train,1
S01531,17,24,2025-10-26,22,29,0.0033730682853433,0.0103766803570842,0.4632702699974134,train,1
S01533,17,14,2025-10-26,49,31,0.0031499480305337,0.0,0.4685695101914437,train,1
S01814,17,3,2025-10-26,32,13,0.0030887388939688,0.0,0.4019184861212241,train,1
S01815,17,15,2025-10-26,35,29,0.0033735877038978,0.0086634418442497,0.4693872374484711,train,1
S01817,17,15,2025-10-26,46,19,0.0034155214879513,0.0058429000534913,0.510899110462796,train,1
S01818,17,15,2025-10-26,18,26,0.0033759201611132,0.0,0.4611067720951536,train,1
S01819,17,9,2025-10-26,33,19,0.0030412082492602,0.0,0.4071061115343393,train,1
S01820,17,3,2025-10-26,33,17,0.0031581901259689,0.0029311936209677,0.4388288494782353,train,1
S01821,17,9,2025-10-26,57,17,0.0033915781914295,0.0088547605473204,0.4682934243228207,train,1
S01825,17,3,2025-10-26,55,21,0.003380305132155,0.0,0.4494656938753776,train,1
S01826,17,15,2025-10-26,36,26,0.0034588891386273,0.0056856369028722,0.4829406883529161,train,1
S01829,17,3,2025-10-26,57,24,0.0033890806422232,0.0,0.4295023239202717,train,1
S01884,17,3,2025-10-26,41,18,0.0032394853176621,0.0,0.4223588330617245,train,1
S01904,17,15,2025-10-26,30,14,0.0034170366577566,0.0,0.4961662165039914,train,1
S01927,17,20,2025-10-26,47,17,0.0035671834622559,0.0,0.4250662179072018,train,1
S01928,17,8,2025-10-26,47,22,0.0030884879081134,0.0,0.4862549002457334,train,1
S01931,17,7,2025-10-26,14,19,0.0028897357289578,0.0,0.4795994681575266,train,1
S01933,17,8,2025-10-26,42,31,0.0029593806731717,0.0,0.4752215483098738,train,1
S01934,17,24,2025-10-26,52,16,0.0033813283957908,0.0,0.4776497211947365,train,1
S01935,17,24,2025-10-26,55,27,0.0034247633859076,0.0,0.4271823409453896,train,1
S01936,17,7,2025-10-26,24,23,0.0033692848250452,0.0,0.5070670436304611,train,1
S01937,17,2,2025-10-26,54,18,0.0032816751656895,0.0,0.4795736534873967,train,1
S02051,17,7,2025-10-26,58,26,0.0030812281762927,0.0099261034551627,0.4481192253830335,train,1
S02352,17,25,2025-10-26,32,30,0.0011777532479997,0.0,0.2828435737498005,train,1
S02370,17,2,2025-10-26,43,15,0.003212800365822,0.0,0.3941346790258853,train,1
S02557,17,8,2025-10-26,14,18,0.0029050932460347,0.0,0.5412615605539125,train,1
S02580,17,20,2025-10-26,59,24,0.0035636625947866,0.0,0.4674748039967607,train,1
S02581,17,24,2025-10-26,26,17,0.0034838313536137,0.0,0.4051266025673084,train,1
S02772,17,15,2025-10-26,39,32,0.0034073894015169,0.0,0.4664202819977512,train,1
S02783,17,13,2025-10-26,53,24,0.003395042709661,0.0,0.4663597051277728,train,1
S02804,17,5,2025-10-26,47,16,0.0033937263348395,0.0,0.4361586784479995,train,1
S02807,17,24,2025-10-26,43,17,0.0034366857172921,0.0,0.4667860538114395,train,1
S02808,17,19,2025-10-26,36,15,0.0031523808343711,0.0,0.4619948937865259,train,1
S02809,17,18,2025-10-26,34,20,0.0033159196056696,0.0,0.3860502169218145,train,1
S02861,17,25,2025-10-26,54,15,0.0011721462081288,0.0,0.2539619525562484,train,1
S02984,17,1,2025-10-26,26,26,0.0033924389507637,0.0,0.4786043976171782,train,1
S02987,17,17,2025-10-26,23,25,0.0032367224861587,0.0028635300353764,0.4224617508466311,train,1
S02988,17,13,2025-10-26,37,17,0.0033031220522317,0.0,0.4010759655227858,train,1
S02991,17,20,2025-10-26,50,20,0.0035828568060668,0.0,0.4929410886703413,train,1
S03035,17,3,2025-10-26,45,29,0.0032818734421743,0.0,0.4300579323002746,train,1
S03041,17,14,2025-10-26,26,14,0.0032220104256322,0.0061208404147885,0.4356909315714201,train,1
S03044,17,14,2025-10-26,46,27,0.0031909231050558,0.0104508369080662,0.4335074320499854,train,1
S03045,17,2,2025-10-26,24,14,0.0028045993429109,0.0090586809321145,0.410756357763679,train,1
S03046,17,2,2025-10-26,36,29,0.0030338943455872,0.0045085499160883,0.387112361140735,train,1
S03048,17,2,2025-10-26,36,15,0.0032371390626002,0.0046724578820697,0.4117387246911903,train,1
S03049,17,6,2025-10-26,50,26,0.0030754700177966,0.0076942607317133,0.4799542080655068,train,1
S03051,17,8,2025-10-26,49,30,0.0029742208185918,0.0077735442982538,0.5033191574531651,train,1
S03052,17,1,2025-10-26,57,25,0.0034929548120215,0.0061811884174229,0.4033467381374857,train,1
S03054,17,6,2025-10-26,59,22,0.0032207966846907,0.0015078563258668,0.4716008862658878,train,1
S03057,17,24,2025-10-26,51,28,0.0035211129940978,0.0015234416908057,0.4380005149550516,train,1
S03058,17,19,2025-10-26,22,16,0.0030239912065924,0.0030899313003201,0.4434254659972504,train,1
S03059,17,20,2025-10-26,45,28,0.0035117555736279,0.0,0.4783326885317517,train,1
S03174,17,1,2025-10-26,14,18,0.0032450076001346,0.0030029485692188,0.382453999917594,train,1
S03325,17,25,2025-10-26,48,23,0.0013602027413541,0.0,0.3115725755517001,train,1
S03721,17,13,2025-10-26,48,19,0.0032345800020531,0.0,0.4621706223261091,train,1
S03723,17,19,2025-10-26,17,23,0.0029752378574639,0.0,0.4766080348931172,train,1
S03831,17,12,2025-10-26,25,13,0.0015424385917679,0.0,0.4345629510018962,train,1
S03897,17,2,2025-10-26,31,17,0.0031927176970012,0.0,0.4106597226528516,train,1
S03898,17,2,2025-10-26,42,24,0.0032299300003678,0.0,0.4347487826851909,train,1
S03899,17,2,2025-10-26,39,17,0.00318192352176,0.0,0.4613341617401198,train,1
S03900,17,8,2025-10-26,31,15,0.0031520356119642,0.0,0.4762615605611213,train,1
S03901,17,17,2025-10-26,33,26,0.0031375153814335,0.0,0.4135299713025557,train,1
S03902,17,14,2025-10-26,31,17,0.0031236291026871,0.0,0.4462870727734405,train,1
S03904,17,19,2025-10-26,35,15,0.0032799968578941,0.0,0.529380165588124,train,1
S03932,17,25,2025-10-26,62,23,0.0015802905668803,0.0,0.2620138529832345,train,1
S03933,17,25,2025-10-26,39,17,0.0007983850151507,0.0,0.2622073495811514,train,1
S03985,17,2,2025-10-26,32,16,0.003442814094729,0.0,0.4418694716003782,train,1
S03986,17,14,2025-10-26,37,20,0.0032155534309454,0.0,0.4384182477760632,train,1
S03987,17,19,2025-10-26,21,19,0.0032908110646222,0.0,0.41318948189076,train,1
S04030,17,3,2025-10-26,57,26,0.0033774971262748,0.0,0.3814378404663991,train,1
S04235,17,25,2025-10-26,23,20,0.0016739481568901,0.0,0.2510449043532037,train,1
S04489,17,15,2025-10-26,34,16,0.0034156028540302,0.0,0.46670463502142,train,1
S04491,17,15,2025-10-26,58,26,0.003409882574486,0.0,0.4045198362865426,train,1
S04493,17,3,2025-10-26,42,19,0.0033303540934608,0.0,0.4584081470819193,train,1
S04524,17,18,2025-10-26,24,26,0.0035175376493377,0.0,0.4715371574739345,train,1
S04525,17,14,2025-10-26,32,19,0.003067377211108,0.0,0.4300690172790251,train,1
S04529,17,7,2025-10-26,60,27,0.003181016035824,0.0,0.4745860478567274,train,1
S04530,17,18,2025-10-26,43,15,0.0028044993371547,0.0,0.3910669949022039,train,1
S04531,17,20,2025-10-26,35,21,0.0035080707935927,0.0,0.448624708181756,train,1
S04625,17,15,2025-10-26,25,21,0.0036423271372449,0.0,0.4644786568468513,train,1
S04626,17,3,2025-10-26,41,28,0.0032970421980008,0.0,0.4634075313843215,train,1
S04628,17,15,2025-10-26,38,30,0.0033480632190229,0.0,0.4876977451367996,train,1
S04758,17,18,2025-10-26,32,23,0.0023637500165424,0.0,0.3836420476919794,train,1
S04759,17,13,2025-10-26,15,19,0.0034801412336325,0.0,0.4692111126880518,train,1
S04761,17,2,2025-10-26,41,28,0.0032209753830283,0.0,0.4411225146628745,train,1
S04762,17,2,2025-10-26,53,29,0.0029208874053081,0.0,0.4245267891072152,train,1
S04763,17,8,2025-10-26,27,29,0.0030665455278356,0.0,0.4938031189914801,train,1
S04764,17,24,2025-10-26,30,25,0.00346018654375,0.0,0.4391607843475292,train,1
S04765,17,7,2025-10-26,37,20,0.0029776727585813,0.0,0.4922151061962816,train,1
S04767,17,18,2025-10-26,38,18,0.0029045981635627,0.0,0.3947443398612149,train,1
S04768,17,20,2025-10-26,56,25,0.0034974515039906,0.0,0.4461533384000962,train,1
S04827,17,7,2025-10-26,40,31,0.003313365469239,0.0,0.5044893126146918,train,1
S04829,17,2,2025-10-26,47,22,0.0031892810507865,0.0,0.441372228282705,train,1
S04830,17,6,2025-10-26,19,21,0.0032400206903657,0.0,0.5122582371800578,train,1
S04832,17,14,2025-10-26,28,20,0.0032755239114788,0.0,0.4470502809895275,train,1
S04835,17,14,2025-10-26,28,24,0.0032288748714474,0.0,0.4596285860811202,train,1
S04839,17,24,2025-10-26,48,20,0.0033273317309608,0.0,0.4773963328103982,train,1
S05105,17,25,2025-10-26,26,15,0.0010847184765566,0.0,0.2610209476434657,train,1
S05120,17,20,2025-10-26,56,19,0.0035586416149802,0.0,0.4559820862609944,train,1
S05158,17,12,2025-10-26,59,28,0.001745726408958,0.0,0.416224073748022,train,1
S05242,17,15,2025-10-26,35,14,0.003447647059774,0.0,0.4955929333586615,train,1
S05311,17,25,2025-10-26,55,26,0.0008152119344327,0.0,0.2418041145291576,train,1
S05935,17,15,2025-10-26,37,17,0.0035078151904841,0.0,0.4596416968946571,train,1
S06044,17,8,2025-10-26,40,29,0.0025963593550639,0.0,0.4513636919973118,train,1
S06079,17,25,2025-10-26,35,16,0.0009570621363459,0.0,0.2208314245788514,train,1
S06643,17,9,2025-10-26,17,22,0.0030660913922933,0.0030082651631393,0.4484225365972252,train,1
S06647,17,9,2025-10-26,35,20,0.0031994936787797,0.0123768078046107,0.4511687222099994,train,1
S06649,17,3,2025-10-26,19,23,0.0033574102110333,0.0061776157759153,0.4798326701692717,train,1
S06735,17,25,2025-10-26,38,27,0.0014342885775044,0.0,0.2768978704560199,train,1
S06782,17,1,2025-10-26,63,26,0.003214395303099,0.0,0.4351371630812362,train,1
S06807,17,11,2025-10-26,46,32,0.0029178333380733,0.0,0.374645931075587,train,1
S06962,17,8,2025-10-26,34,28,0.002296877840333,0.0,0.4263351069882551,train,1
S06964,17,5,2025-10-26,24,21,0.0033137848983574,0.0044857822364828,0.4707619005921067,train,1
S06967,17,1,2025-10-26,30,30,0.0033556388830337,0.0022461144930876,0.4025099575773831,train,1
S06968,17,1,2025-10-26,59,18,0.0036206765129532,0.0,0.4822055245332639,train,1
S06976,17,18,2025-10-26,28,30,0.0035341860442751,0.0137560719079976,0.4554608836050111,train,1
S06980,17,20,2025-10-26,30,30,0.0035567192241556,0.0,0.4657121491927074,train,1
S06981,17,14,2025-10-26,57,28,0.003382931968323,0.0,0.454488367693991,train,1
S06982,17,13,2025-10-26,35,24,0.0032203837224626,0.0,0.4225094588236751,train,1
S06983,17,24,2025-10-26,29,29,0.0035927017965889,0.0,0.4419617037447031,train,1
S06984,17,17,2025-10-26,46,25,0.0033306134723142,0.0,0.4090574178618268,train,1
S06987,17,20,2025-10-26,14,22,0.0033065600816015,0.0045040146448443,0.4822124196654791,train,1
S06988,17,19,2025-10-26,32,23,0.0032692061346739,0.0022570390554041,0.4210332915983576,train,1
S07212,17,8,2025-10-26,36,17,0.0028642082881551,0.0,0.4573831019924558,train,1
S07213,17,14,2025-10-26,50,28,0.0028354179834899,0.0,0.446241001774244,train,1
S07214,17,13,2025-10-26,52,19,0.00322392905348,0.0,0.4629600286391603,train,1
S07215,17,2,2025-10-26,40,23,0.0032856294506121,0.0,0.4697789531259292,train,1
S07221,17,20,2025-10-26,38,27,0.0032485010217979,0.0,0.4681918840683308,train,1
S07222,17,1,2025-10-26,34,30,0.0034756647351901,0.0,0.4434019430012768,train,1
S07224,17,1,2025-10-26,22,15,0.0034541059218524,0.0,0.4214963355873993,train,1
S07226,17,5,2025-10-26,59,23,0.003212923605752,0.0,0.4587172110274087,train,1
S07227,17,20,2025-10-26,56,27,0.0032701931006527,0.0,0.4367477693128399,train,1
S07228,17,17,2025-10-26,45,15,0.0034472203470745,0.0,0.4281335336154555,train,1
S07273,17,6,2025-10-26,44,27,0.0031159013707145,0.0056861735598649,0.4559465773287594,train,1
S07276,17,1,2025-10-26,38,17,0.0034563327759612,0.0071443151663604,0.4772516093533279,train,1
S07278,17,1,2025-10-26,28,17,0.0035045163725447,0.0119004860761918,0.4332057017998851,train,1
S07281,17,1,2025-10-26,58,18,0.0034793500373092,0.0102352730043571,0.41592468655079,train,1
S07284,17,17,2025-10-26,48,17,0.0033468898372481,0.0014720168704388,0.422463074178313,train,1
S07285,17,14,2025-10-26,36,20,0.0029899185971239,0.0156938057263588,0.4074540513584193,train,1
S07286,17,14,2025-10-26,56,19,0.003186724147645,0.0101130781081945,0.4257678247041139,train,1
S07287,17,18,2025-10-26,37,28,0.0033789183163617,0.0043320984964044,0.4688757001008802,train,1
S07288,17,17,2025-10-26,36,13,0.0032162187330277,0.0102870254558787,0.4120015802691179,train,1
S07289,17,17,2025-10-26,34,30,0.0033455364249917,0.0159093223914909,0.3904757341733365,train,1
S07291,17,13,2025-10-26,59,18,0.0031320659934514,0.0130708067782346,0.4429177167375521,train,1
S07292,17,20,2025-10-26,47,19,0.0032800595586206,0.00143715553088,0.4503481812482981,train,1
S07293,17,20,2025-10-26,17,18,0.0033853219163347,0.0044588387281992,0.4097202940801421,train,1
S07294,17,20,2025-10-26,13,21,0.0034427112019373,0.0148390987860004,0.4828159362486224,train,1
S07295,17,24,2025-10-26,25,17,0.0035652780672049,0.0028682646998565,0.4563786795955427,train,1
S07300,17,18,2025-10-26,13,21,0.0032385659621047,0.0128136816775524,0.4060641946346093,train,1
S07345,17,25,2025-10-26,56,20,0.0010713870276468,0.0,0.2195477128842853,train,1
S07560,17,3,2025-10-26,23,20,0.0034420162796185,0.0,0.4303641264105191,train,1
S07563,17,15,2025-10-26,24,21,0.0034163680852263,0.0,0.4717308310658715,train,1
S07564,17,3,2025-10-26,21,15,0.003430099291938,0.0,0.3971879919857686,train,1
S07619,17,13,2025-10-26,21,29,0.0032895656552961,0.0131972888466976,0.4369136147449739,train,1
S07666,17,14,2025-10-26,59,25,0.0032488959356213,0.0061970074812967,0.4510535593902491,train,1
S07669,17,14,2025-10-26,19,23,0.0032577155475298,0.0075988406252935,0.459436146072706,train,1
S07670,17,8,2025-10-26,38,13,0.0029477471763829,0.0098488001109723,0.4261370792981705,train,1
S07673,17,2,2025-10-26,40,16,0.0031905135079707,0.0053354460411419,0.4347171651131097,train,1
S07675,17,20,2025-10-26,24,28,0.0032443673342033,0.0051994409293294,0.3344356025299022,train,1
S07679,17,5,2025-10-26,30,17,0.0033194801472668,0.0072200742553195,0.4344421991278988,train,1
S07680,17,2,2025-10-26,28,29,0.0030174503337474,0.0126522663340249,0.4243520910155856,train,1
S07681,17,5,2025-10-26,58,18,0.0034628892065842,0.0093375418028782,0.4390870071271361,train,1
S07682,17,8,2025-10-26,18,26,0.0020674392932339,0.01319886601292,0.4948665008825695,train,1
S07683,17,24,2025-10-26,54,24,0.0030805343038385,0.0031299397313415,0.4434457416574587,train,1
S07685,17,7,2025-10-26,37,15,0.0032484157967612,0.0084525965798447,0.4525404689151625,train,1
S07688,17,18,2025-10-26,50,13,0.0023827405301835,0.015131646191753,0.3983196396617319,train,1
S07691,17,20,2025-10-26,58,24,0.003570600911983,0.0158404355004239,0.410776332472649,train,1
S07692,17,24,2025-10-26,27,29,0.0034412316101696,0.0032146645623657,0.4956372175954717,train,1
S07693,17,20,2025-10-26,47,26,0.0030738059021241,0.0126256692303295,0.4249686134617077,train,1
S07780,17,9,2025-10-26,36,11,0.0031042688579053,0.0064498965031697,0.4255116430667667,train,1
S07888,17,2,2025-10-26,48,25,0.0031853320651615,0.0,0.4493408030138124,train,1
S08047,17,15,2025-10-26,25,29,0.0033423199381078,0.0071587529077932,0.4521377252423996,train,1
S08050,17,9,2025-10-26,58,19,0.0032411460171901,0.0023629703059737,0.4636306365528668,train,1
S08052,17,15,2025-10-26,39,18,0.0034139559076165,0.0034612438192074,0.4378458019849285,train,1
S08053,17,9,2025-10-26,18,21,0.0032201775456337,0.0115356316396612,0.4544911371543069,train,1
S08055,17,3,2025-10-26,38,15,0.0033699087460381,0.0034519162649849,0.3975367963982971,train,1
S08059,17,15,2025-10-26,42,16,0.0032990658689072,0.0153038625613184,0.4608858580234738,train,1
S08061,17,3,2025-10-26,32,28,0.0032399904598698,0.0083429256594724,0.4750715039861742,train,1
S08402,17,7,2025-10-26,40,32,0.0029313528555199,0.0056972414805032,0.4928835541662549,train,1
S08403,17,14,2025-10-26,43,11,0.0030898472434858,0.0033748913515862,0.394930935374197,train,1
S08462,17,7,2025-10-26,27,17,0.003285171277243,0.0,0.4553802298649743,train,1
S08463,17,1,2025-10-26,46,22,0.0034547740309296,0.0,0.487520620764095,train,1
S08464,17,1,2025-10-26,42,18,0.0034292970374488,0.0,0.4468209877342843,train,1
S08466,17,14,2025-10-26,22,17,0.003477714857441,0.0,0.4698878780128428,train,1
S08482,17,13,2025-10-26,48,16,0.0031251567205073,0.0,0.44818176827634,train,1
S08494,17,17,2025-10-26,24,18,0.0031934894083339,0.0,0.3865750391349332,train,1
S08495,17,18,2025-10-26,54,29,0.0034637730322841,0.0,0.4322698761563038,train,1
S08877,17,2,2025-10-26,44,21,0.0029711909011882,0.0,0.4439236895533143,train,1
S08879,17,1,2025-10-26,37,17,0.0033599757465196,0.0,0.4587147929971058,train,1
S08880,17,1,2025-10-26,34,20,0.0033688352844513,0.0,0.4201949186019004,train,1
S08882,17,20,2025-10-26,16,18,0.0033347304399351,0.0,0.4239805083648496,train,1
S08883,17,20,2025-10-26,63,25,0.003533343673417,0.0,0.4587896525397996,train,1
S09110,17,15,2025-10-26,44,29,0.0032990444943019,0.006143766611039,0.4857858039816689,train,1
S09113,17,9,2025-10-26,50,20,0.0034278372364039,0.0,0.4834071263758827,train,1
S09118,17,15,2025-10-26,45,25,0.0034102439339024,0.0,0.4203300689791463,train,1
S09138,17,19,2025-10-26,63,18,0.0031768594228227,0.0,0.407426658433238,train,1
S09139,17,19,2025-10-26,51,21,0.0031897474983603,0.0,0.429264393477372,train,1
S09169,17,25,2025-10-26,45,29,0.0008038930212036,0.0,0.2902412132382667,train,1
S09332,17,12,2025-10-26,54,30,0.0023217719259281,0.0,0.4418987688629434,train,1
S09495,17,18,2025-10-26,38,22,0.0030902716420075,0.0,0.2853135186228118,train,1
S09497,17,8,2025-10-26,30,18,0.0028272331076306,0.0,0.4435599296171828,train,1
S09498,17,5,2025-10-26,51,20,0.003358987962515,0.0,0.4703401010461701,train,1
S09499,17,1,2025-10-26,36,14,0.0033025133006932,0.0,0.5019477109414645,train,1
S09501,17,24,2025-10-26,30,24,0.0033691614740564,0.0,0.4223586084645437,train,1
S09502,17,19,2025-10-26,34,13,0.0030441144162094,0.0,0.4815234112375792,train,1
S09533,17,13,2025-10-26,23,25,0.0034372898181083,0.0,0.3973778213833122,train,1
S09535,17,7,2025-10-26,40,30,0.0032983230009353,0.0,0.4284279860030546,train,1
S09537,17,24,2025-10-26,39,25,0.0033239135338355,0.0,0.4179385390601879,train,1
S10282,17,14,2025-10-26,50,23,0.0030609665465243,0.0,0.437696898933821,train,1
S10286,17,6,2025-10-26,51,17,0.0030911140663135,0.0,0.4708233503757608,train,1
S10287,17,7,2025-10-26,56,16,0.0032860677585186,0.0,0.4990863728379094,train,1
S10288,17,8,2025-10-26,36,24,0.0030468460478812,0.0,0.4864829234875517,train,1
S10289,17,18,2025-10-26,26,14,0.003220287837138,0.0,0.4711463696485943,train,1
S10485,17,17,2025-10-26,27,27,0.003573748975971,0.0,0.3793975532789237,train,1
S10486,17,1,2025-10-26,37,31,0.0032978280784497,0.0,0.4059982201407902,train,1
S10621,17,11,2025-10-26,23,30,0.0033609209796787,0.0,0.3667485300465971,train,1
S10689,17,14,2025-10-26,30,17,0.0031406846925672,0.0,0.3934996089977964,train,1
S10736,17,15,2025-10-26,51,24,0.0033853992545591,0.0,0.4845248273664004,train,1
S10744,17,2,2025-10-26,36,30,0.0033163582111913,0.0,0.4588816330197985,train,1
S10747,17,17,2025-10-26,14,23,0.0034533621869906,0.0,0.4061688401366505,train,1
S10749,17,13,2025-10-26,48,27,0.0031976438405889,0.0,0.4611709137918565,train,1
S10751,17,19,2025-10-26,37,19,0.0033589188666618,0.0,0.4851089128819374,train,1
S10783,17,25,2025-10-26,62,21,0.0017188669437437,0.0,0.3727113901206411,train,1
S10859,17,15,2025-10-26,28,12,0.0029399579797758,0.0207136903222097,0.3870380880746463,train,1
S11229,17,7,2025-10-26,27,14,0.0033495537455253,0.0131244970936283,0.4584815397900068,train,1
S11230,17,8,2025-10-26,26,23,0.0031638463686106,0.0224138213782019,0.4829781099088867,train,1
S11231,17,8,2025-10-26,39,30,0.002945171146263,0.0234427051089295,0.4955040307581215,train,1
S11232,17,7,2025-10-26,41,30,0.0031830118427983,0.0171500543487637,0.432203720903782,train,1
S11237,17,5,2025-10-26,57,27,0.0032694121220811,0.0183564926910544,0.4633495296296666,train,1
S11238,17,5,2025-10-26,49,17,0.0033472159166683,0.0021149476156838,0.4590507391711609,train,1
S11239,17,17,2025-10-26,43,19,0.0032803018892673,0.0089309489153642,0.4024243235823233,train,1
S11240,17,13,2025-10-26,52,24,0.0032798282715753,0.0031449674983112,0.4296836207601848,train,1
S11243,17,24,2025-10-26,40,20,0.0030518272039281,0.0294521072630801,0.4168705776964443,train,1
S11244,17,18,2025-10-26,63,19,0.0031040064654049,0.0213695491602516,0.4092544512187901,train,1
S11247,17,24,2025-10-26,62,25,0.0030680328879483,0.0205321287285978,0.4755047379429244,train,1
S11501,17,20,2025-10-26,60,15,0.003181542311649,0.0203664318585086,0.4079939499658824,train,1
S11502,17,8,2025-10-26,26,13,0.0032109105392493,0.0126205253448649,0.4704931512015523,train,1
S11503,17,2,2025-10-26,48,31,0.0031801253001285,0.0127717530965719,0.4592468941482705,train,1
S11590,17,1,2025-10-26,58,24,0.0034993172378243,0.0,0.4781855796568887,train,1
S11593,17,13,2025-10-26,39,25,0.0030474215694753,0.0,0.4116508140464736,train,1
S11595,17,13,2025-10-26,35,15,0.0028921796821722,0.0,0.442113406900737,train,1
S11596,17,14,2025-10-26,43,30,0.0030677508019435,0.0,0.4314124995375414,train,1
S11597,17,20,2025-10-26,22,17,0.0033288652413509,0.0091988487557492,0.4275295766173459,train,1
S11598,17,19,2025-10-26,38,19,0.0030788085532562,0.0,0.4394337626484828,train,1
S11659,17,15,2025-10-26,45,19,0.0032704331107053,0.0,0.4950220136916645,train,1
S12002,17,15,2025-10-26,26,30,0.0033735994599266,0.0,0.4749688222787863,train,1
S12065,17,17,2025-10-26,26,13,0.0028640886174395,0.0,0.4601796430882394,train,1
S12229,17,6,2025-10-26,30,17,0.0033605112407374,0.0,0.4508497823933349,train,1
S12231,17,7,2025-10-26,59,24,0.0032187113464291,0.0,0.4822936530905998,train,1
S12234,17,8,2025-10-26,26,16,0.0031312454710761,0.0,0.4649339046858275,train,1
S12236,17,14,2025-10-26,33,23,0.0032790336503504,0.0052142347559696,0.4112629139143322,train,1
S12238,17,18,2025-10-26,33,26,0.0034951378702879,0.0026708368263794,0.4584014406903753,train,1
S12240,17,20,2025-10-26,43,21,0.0032201974192161,0.0,0.4587436583818604,train,1
S12242,17,19,2025-10-26,52,30,0.0024340503717509,0.0,0.3719101570677344,train,1
S12245,17,24,2025-10-26,37,23,0.0033550486016267,0.0,0.4450863966595045,train,1
S12246,17,19,2025-10-26,40,27,0.0032325769981048,0.0,0.4404707530438996,train,1
S12251,17,24,2025-10-26,15,19,0.0033313717787672,0.007973944294699,0.4603596021858672,train,1
S12253,17,24,2025-10-26,61,23,0.0034563619213783,0.0,0.4515284157862506,train,1
S12254,17,19,2025-10-26,16,22,0.0033573477880744,0.0,0.5115162521738081,train,1
S12384,17,14,2025-10-26,51,16,0.003415335047575,0.0,0.4469886078868799,train,1
S12385,17,5,2025-10-26,18,16,0.0033172136250192,0.0039944704312742,0.4495347843402803,train,1
S12386,17,2,2025-10-26,17,26,0.0030772848689767,0.0,0.4387007123190101,train,1
S12388,17,2,2025-10-26,51,13,0.0030301863337653,0.0,0.4014693746021917,train,1
S12389,17,5,2025-10-26,37,17,0.0033541814992551,0.0,0.4746816267492844,train,1
S12390,17,13,2025-10-26,52,23,0.0031659779982311,0.0,0.4554969150319085,train,1
S12391,17,1,2025-10-26,53,25,0.0035380769343683,0.0,0.5098605061294442,train,1
S12458,17,25,2025-10-26,13,22,0.0021172126612209,0.0,0.4012747740138937,train,1
S12732,17,9,2025-10-26,63,21,0.0031659844014682,0.0,0.4725837628667365,train,1
S12733,17,3,2025-10-26,53,14,0.0033774304200057,0.0,0.446085290293507,train,1
S12734,17,3,2025-10-26,47,14,0.003340307189853,0.0,0.4457427890114543,train,1
S13051,17,8,2025-10-26,36,19,0.0027412184429946,0.0,0.4719611907668526,train,1
S13052,17,19,2025-10-26,43,13,0.0032678590908407,0.0,0.4643628225953904,train,1
S13053,17,19,2025-10-26,42,30,0.0030595403967652,0.0,0.4449973877332144,train,1
S13054,17,20,2025-10-26,36,13,0.0033755896014392,0.0,0.5039769212650561,train,1
S13055,17,11,2025-10-26,43,11,0.0031936242404126,0.0,0.4950271517506728,train,1
S13220,17,13,2025-10-26,61,24,0.0031639505205877,0.0,0.4299327211922335,train,1
S13439,17,2,2025-10-26,45,24,0.0028164437493246,0.0,0.4389333289468997,train,1
S13445,17,9,2025-10-26,46,32,0.0026973278782211,0.0,0.4760833106504776,train,1
S13460,17,8,2025-10-26,30,31,0.0030419653819369,0.0,0.4664914534939267,train,1
S13608,17,7,2025-10-26,14,18,0.0020883274180429,0.0206545991028548,0.4941759662595102,train,1
S13609,17,13,2025-10-26,45,32,0.0031933387146766,0.0102231821454283,0.3688174866938833,train,1
S13618,17,2,2025-10-26,30,28,0.003094701135169,0.001840924833224,0.4294623057543561,train,1
S13620,17,7,2025-10-26,52,13,0.0034418195458601,0.0075417871152284,0.4619945886870886,train,1
S13622,17,7,2025-10-26,23,28,0.0031118489980677,0.0018577911349346,0.4601133287451899,train,1
S13625,17,14,2025-10-26,42,18,0.0031011171073588,0.0,0.4204037616925351,train,1
S13626,17,5,2025-10-26,50,20,0.0032946485009351,0.0018732097090306,0.4663798562302057,train,1
S13627,17,5,2025-10-26,29,18,0.0034150004356495,0.0,0.4346418027620526,train,1
S13629,17,17,2025-10-26,55,26,0.0032663703268506,0.0,0.4306035564699835,train,1
S13630,17,5,2025-10-26,40,15,0.0032734342891089,0.0018656576349317,0.4712717497814762,train,1
S13632,17,19,2025-10-26,44,15,0.0031243499105723,0.0018828967058778,0.470593049354897,train,1
S13634,17,24,2025-10-26,33,19,0.0033790591777416,0.0091658183213089,0.4435094426187116,train,1
S13635,17,24,2025-10-26,45,23,0.0034148540101907,0.0018845030902817,0.4405562021892028,train,1
S13649,17,3,2025-10-26,24,13,0.0018661256631123,0.0056564690885914,0.3652684327641567,train,1
S13650,17,15,2025-10-26,35,32,0.0032220250278483,0.0056413166855845,0.4613763467537394,train,1
S13936,17,14,2025-10-26,19,27,0.0032767703160889,0.0116180309346631,0.4901007717627239,train,1
S13938,17,14,2025-10-26,23,17,0.0031795219030592,0.006732611033896,0.4129829335407728,train,1
S13939,17,1,2025-10-26,38,27,0.0033329002163004,0.0066077420933114,0.4134309184813098,train,1
S13942,17,24,2025-10-26,32,31,0.0033523628495626,0.0157707685473123,0.4179316037351557,train,1
S13944,17,19,2025-10-26,33,17,0.0032143001315221,0.0104755355670252,0.4721621978805623,train,1
S13945,17,18,2025-10-26,45,16,0.0007608707819219,0.016685906723173,0.2901505755435505,train,1
S13946,17,18,2025-10-26,48,22,0.003224063332694,0.0026064200793987,0.4041466730039221,train,1
S13947,17,19,2025-10-26,30,20,0.003403183602288,0.0079862450186399,0.4357661810604492,train,1
S13948,17,20,2025-10-26,18,25,0.0035195091254149,0.0064734782767262,0.4746881579881421,train,1
S13949,17,18,2025-10-26,29,29,0.003308766291205,0.0093142176351686,0.490520572131127,train,1
S13950,17,7,2025-10-26,38,12,0.0035061779769943,0.0105578170597966,0.491457178794271,train,1
S13951,17,20,2025-10-26,61,17,0.0034396147092744,0.0052923574950217,0.4145336506589118,train,1
S14092,17,9,2025-10-26,36,16,0.0032535992979815,0.0039627485687859,0.4154742191411912,train,1
S14096,17,3,2025-10-26,26,27,0.0032783241869676,0.005174536491154,0.4105758100828251,train,1
S14101,17,15,2025-10-26,23,23,0.0034482017379624,0.0052847603249542,0.4992937259640604,train,1
S14107,17,3,2025-10-26,27,19,0.0032516165099675,0.0064117946058358,0.4723806754299564,train,1
S14215,17,25,2025-10-26,13,23,0.0016778723653392,0.0,0.3839745254647515,train,1
S14378,17,6,2025-10-26,42,15,0.0031404856344387,0.0,0.4627585494646664,train,1
S14380,17,17,2025-10-26,59,27,0.0032974964483842,0.0,0.3898544096152143,train,1
S14381,17,18,2025-10-26,35,23,0.003080408458819,0.0,0.3639317251333073,train,1
S14382,17,19,2025-10-26,35,13,0.0030802467787052,0.0,0.4709513907514228,train,1
S14384,17,24,2025-10-26,14,20,0.0034773723035742,0.0,0.4623223284719728,train,1
S14761,17,25,2025-10-26,23,23,0.0014355712447478,0.0,0.3119043248546275,train,1
S14762,17,25,2025-10-26,30,27,0.0025058542391782,0.0,0.2938307524425715,train,1
S14806,17,13,2025-10-26,31,29,0.003198219317613,0.0,0.4521482963294809,train,1
S14809,17,6,2025-10-26,26,22,0.0033262810396469,0.0,0.485633133432904,train,1
S14811,17,6,2025-10-26,27,27,0.0029807392023256,0.0,0.4535963962353724,train,1
S15089,17,25,2025-10-26,35,15,0.0011301477218486,0.0,0.2500298392587255,train,1
S15090,17,25,2025-10-26,17,21,0.0022131424908732,0.0,0.4243046566905303,train,1
S15504,17,9,2025-10-26,46,27,0.0032254047971627,0.0133564450894236,0.4509124074073747,train,1
S15505,17,9,2025-10-26,24,15,0.0034154470286213,0.0,0.4437574253300038,train,1
S15507,17,3,2025-10-26,48,15,0.0031000692637276,0.0016465568078663,0.426642526839449,train,1
S15516,17,15,2025-10-26,31,23,0.003615231516835,0.0016391928706653,0.4511482895422934,train,1
S15556,17,7,2025-10-26,44,25,0.0031300934875223,0.0100819539110678,0.4825448030781494,train,1
S15557,17,7,2025-10-26,33,18,0.0032962882436732,0.0067398283852551,0.4428569409203872,train,1
S15558,17,6,2025-10-26,55,24,0.0025540027634228,0.0,0.4698094128092854,train,1
S15559,17,6,2025-10-26,37,21,0.003019635988307,0.0016441220156869,0.4455123383976513,train,1
S15563,17,1,2025-10-26,28,23,0.0034104306990436,0.0016423942605425,0.4246081220303216,train,1
S15566,17,14,2025-10-26,38,18,0.0032369682761078,0.001661868314491,0.4303978416017653,train,1
S15568,17,14,2025-10-26,32,12,0.003186171716105,0.0,0.419385461031886,train,1
S15569,17,2,2025-10-26,17,24,0.0026674322814047,0.0066687464568091,0.4579750788533293,train,1
S15578,17,13,2025-10-26,51,18,0.0034124139834566,0.0,0.4405441509796839,train,1
S15580,17,8,2025-10-26,21,18,0.0028706814323722,0.004893466188807,0.4722949833804845,train,1
S15581,17,13,2025-10-26,60,20,0.0032698846361055,0.0,0.5018570110583062,train,1
S15582,17,13,2025-10-26,16,24,0.0031555792717712,0.0,0.4481868421699794,train,1
S15588,17,19,2025-10-26,27,13,0.0028480258494972,0.0049692546118082,0.4481955264210128,train,1
S15589,17,18,2025-10-26,47,30,0.0032673410156426,0.0049439945884646,0.3852099033771878,train,1
S15590,17,24,2025-10-26,47,26,0.0035753820605032,0.0065760312262247,0.4308240890415559,train,1
S15592,17,8,2025-10-26,26,14,0.002929613104837,0.0115457499095654,0.4974420763192512,train,1
S15593,17,17,2025-10-26,55,17,0.0032722114696249,0.0166196834568941,0.4155967519093268,train,1
S15594,17,20,2025-10-26,19,21,0.0035066891756627,0.0016735020977702,0.4648909413988802,train,1
S15595,17,24,2025-10-26,35,27,0.0035257533969613,0.0016970566140818,0.4419236984957933,train,1
S15597,17,19,2025-10-26,51,15,0.0032310078164798,0.0032834213647009,0.4214759080377017,train,1
S15598,17,18,2025-10-26,46,14,0.0031741520533493,0.0114704912627761,0.4010170490161905,train,1
S15602,17,24,2025-10-26,34,15,0.0034811001816378,0.0033171480535949,0.4708776194994288,train,1
S15603,17,24,2025-10-26,52,23,0.0035673108160425,0.0,0.4600817596862807,train,1
S15605,17,24,2025-10-26,39,20,0.0033177471208967,0.0115249812830858,0.4444367881845199,train,1
S15783,17,3,2025-10-26,50,22,0.0032138241056227,0.0018404340017404,0.4127132692011999,train,1
S15784,17,3,2025-10-26,28,23,0.0034122521603139,0.001889769767486,0.4632673626982733,train,1
S15785,17,3,2025-10-26,53,20,0.0034134863710488,0.0,0.4661770828206816,train,1
S15790,17,3,2025-10-26,36,21,0.0033908842406301,0.0,0.4504373219989399,train,1
S15792,17,15,2025-10-26,38,17,0.0035548846401808,0.0,0.4906228233197998,train,1
S16094,17,25,2025-10-26,57,23,0.0010232134140528,0.0,0.2941325534994543,train,1
S16096,17,25,2025-10-26,22,27,0.0019552371531796,0.0074039313832837,0.3296594426972457,train,1
S16370,17,3,2025-10-26,30,31,0.0033061382255587,0.0,0.4262274227384077,train,1
S16428,17,14,2025-10-26,29,22,0.0030992956178131,0.0,0.4176901852883015,train,1
S16429,17,13,2025-10-26,44,12,0.0033821865650377,0.0,0.4442098173075142,train,1
S16432,17,1,2025-10-26,34,26,0.0033893463636866,0.0,0.4072023776150186,train,1
S16457,17,25,2025-10-26,48,22,0.0009382764708913,0.0,0.3903996102900894,train,1
S16580,17,25,2025-10-26,37,28,0.0012765539932317,0.0,0.3017912159369051,train,1
S16582,17,25,2025-10-26,32,29,0.0015497975756895,0.0,0.2757009903795253,train,1
S16715,17,6,2025-10-26,57,26,0.003287952748596,0.0,0.4357858945851662,train,1
S16716,17,6,2025-10-26,57,20,0.0031786449114358,0.0,0.4689344310299845,train,1
S16718,17,2,2025-10-26,48,23,0.0030918254947294,0.0,0.4326378348945456,train,1
S16719,17,5,2025-10-26,22,26,0.0032377341203308,0.0025388749259281,0.4591084111548946,train,1
S16720,17,5,2025-10-26,16,19,0.0033180122109157,0.0025643010086938,0.4294594636752134,train,1
S16721,17,14,2025-10-26,23,28,0.0032997353837935,0.0,0.467502932825053,train,1
S16724,17,8,2025-10-26,18,24,0.0028779967442465,0.0,0.4741358156117949,train,1
S16728,17,18,2025-10-26,42,21,0.0030147924264257,0.0,0.3169970678081722,train,1
S16730,17,19,2025-10-26,38,20,0.0031631538097063,0.0,0.413441558218754,train,1
S16731,17,17,2025-10-26,34,14,0.0034690913732755,0.0,0.4367274269950469,train,1
S16732,17,19,2025-10-26,53,19,0.0030419312781362,0.0,0.4347478821777266,train,1
S16734,17,18,2025-10-26,46,19,0.0024902054092487,0.0,0.33175414807426,train,1
S16739,17,24,2025-10-26,23,24,0.0036733741188069,0.0,0.471615953020229,train,1
S16740,17,24,2025-10-26,62,24,0.0031291685403328,0.0025545738179313,0.4963710224566888,train,1
S16821,17,7,2025-10-26,52,28,0.003340306086624,0.0,0.5033472695885978,train,1
S16948,17,3,2025-10-26,61,25,0.0032487157531767,0.0,0.3700383895122088,train,1
S16949,17,9,2025-10-26,37,17,0.0033353487266288,0.0,0.4459275469389309,train,1
S16950,17,9,2025-10-26,49,18,0.0033448574772514,0.0,0.4989935158277306,train,1
S16953,17,9,2025-10-26,55,22,0.0034594476662631,0.0,0.4732149169898793,train,1
S17131,17,6,2025-10-26,55,27,0.0030246149755633,0.0,0.4391135169940419,train,1
S17132,17,19,2025-10-26,26,25,0.0033354874579005,0.0,0.4489422100902572,train,1
S17133,17,7,2025-10-26,35,13,0.0033079566242324,0.0,0.4894627333170878,train,1
S17135,17,2,2025-10-26,52,15,0.0029483830369445,0.0,0.4318731944359177,train,1
S17136,17,2,2025-10-26,18,22,0.0029824144964067,0.0,0.4666554190718532,train,1
S17139,17,20,2025-10-26,26,15,0.0035296987216014,0.0,0.486450098955027,train,1
S17140,17,20,2025-10-26,28,16,0.0033968550849224,0.0,0.4429108175573771,train,1
S17142,17,20,2025-10-26,38,26,0.0029413722090963,0.0,0.3961648737382628,train,1
S17144,17,24,2025-10-26,50,17,0.0033529696878517,0.0,0.4238923146838445,train,1
S17648,17,15,2025-10-26,45,22,0.0032696791463073,0.0017631428642379,0.511283414750039,train,1
S17649,17,9,2025-10-26,36,23,0.0033623093813321,0.0050541105070584,0.4164083609326305,train,1
S17650,17,9,2025-10-26,23,26,0.0034271416664511,0.0259367720067312,0.4321248863520555,train,1
S17652,17,3,2025-10-26,51,19,0.0033476720273893,0.0335343876299507,0.3947661822263524,train,1
S17654,17,15,2025-10-26,23,22,0.0034569127315375,0.0312734327888623,0.5003547737402854,train,1
S17830,17,19,2025-10-26,29,19,0.0031955761885013,0.0880512175927134,0.4770935788761581,train,1
S17834,17,13,2025-10-26,23,19,0.0032550852564975,0.0303655165039942,0.4579232609627149,train,1
S17835,17,17,2025-10-26,52,13,0.003115302157672,0.0221891698482411,0.4113805781860825,train,1
S17837,17,17,2025-10-26,16,20,0.0031092440724971,0.0128499247719541,0.4588640426627388,train,1
S17838,17,13,2025-10-26,18,20,0.003170096924632,0.0227089351307014,0.4688736033397505,train,1
S17839,17,6,2025-10-26,48,22,0.0031447879684732,0.0308300885631394,0.5070867464308603,train,1
S17840,17,5,2025-10-26,50,28,0.0032592724336273,0.0289422397527777,0.4610865863866705,train,1
S17844,17,1,2025-10-26,32,21,0.0035324960211541,0.0240977583508793,0.4839057703457962,train,1
S17845,17,6,2025-10-26,25,19,0.0032079900606238,0.0235879793533027,0.4306711165650522,train,1
S17849,17,1,2025-10-26,54,28,0.0033439863243657,0.0721272713435947,0.4064966858325641,train,1
S17850,17,18,2025-10-26,34,26,0.0032421176841462,0.0238397449615892,0.4682703641916522,train,1
S17852,17,19,2025-10-26,37,30,0.0031224633704816,0.0107240984133225,0.4464449414560789,train,1
S17853,17,18,2025-10-26,46,29,0.00336694259739,0.0137556392585491,0.4324796091412129,train,1
S17854,17,19,2025-10-26,43,14,0.0030905792638336,0.0153677372753898,0.4435582863938115,train,1
S17855,17,20,2025-10-26,22,23,0.0034495093275705,0.0270136100763845,0.4447796020456174,train,1
S18042,17,13,2025-10-26,28,26,0.0031553793900975,0.0,0.4180140202572586,train,1
S18043,17,5,2025-10-26,39,15,0.0033879109843655,0.0,0.4469333732016123,train,1
S18045,17,1,2025-10-26,44,14,0.0031103301602038,0.0,0.4910749312021139,train,1
S18048,17,19,2025-10-26,60,24,0.0033318347556954,0.0,0.4150412696598315,train,1
S18049,17,20,2025-10-26,39,17,0.0034125089678292,0.0,0.4566849448202993,train,1
S18050,17,20,2025-10-26,42,20,0.0034641923161106,0.0,0.5262134605210059,train,1
S18244,17,15,2025-10-26,53,25,0.0033798829008952,0.0,0.4693406366002239,train,1
S18249,17,3,2025-10-26,30,20,0.0034587875917552,0.0,0.4195525057757575,train,1
S18252,17,15,2025-10-26,57,17,0.0034477324594967,0.0,0.4662304678458461,train,1
S18253,17,15,2025-10-26,36,15,0.0033820852128783,0.0,0.4743596515111143,train,1
S18359,17,14,2025-10-26,19,24,0.003259368245222,0.0,0.4808024331438087,train,1
S18360,17,5,2025-10-26,42,19,0.0031680236905678,0.0,0.426587020674714,train,1
S18361,17,14,2025-10-26,51,15,0.0035033280223917,0.0,0.4135938795231011,train,1
S18363,17,18,2025-10-26,42,20,0.0031773144172804,0.0,0.3740933273741957,train,1
S19082,17,9,2025-10-26,61,18,0.003394668739042,0.00832584719055,0.4492297475421507,train,1
S19083,17,9,2025-10-26,44,16,0.0033951411212438,0.0,0.487363302640057,train,1
S19084,17,3,2025-10-26,44,16,0.003508916779231,0.0,0.4357363962236849,train,1
S19090,17,3,2025-10-26,46,25,0.0033582742169422,0.0103269293903994,0.4459313473128335,train,1
S19244,17,8,2025-10-26,61,27,0.0031734471215776,0.0,0.4528380133896301,train,1
S19247,17,17,2025-10-26,59,19,0.0033892939640299,0.0,0.4285806959633098,train,1
S19248,17,2,2025-10-26,49,14,0.0030137649569833,0.0034202150537634,0.4299460065300417,train,1
S19251,17,1,2025-10-26,46,15,0.003358499634524,0.0,0.4591784026683412,train,1
S19255,17,14,2025-10-26,59,16,0.0034207091890224,0.0017130606223545,0.4458553717327798,train,1
S19256,17,17,2025-10-26,43,30,0.0030059789172598,0.0,0.4103473518124993,train,1
S19259,17,18,2025-10-26,31,27,0.0033454588847121,0.0035111516153416,0.4387426345748426,train,1
S19262,17,13,2025-10-26,60,24,0.0030552306297027,0.0069467740131946,0.3816527345830132,train,1
S19264,17,13,2025-10-26,41,14,0.0031974141170577,0.0,0.4409376532275402,train,1
S19266,17,14,2025-10-26,40,26,0.0029822579045959,0.0,0.3795539209649778,train,1
S19269,17,20,2025-10-26,38,15,0.0032693245834332,0.0051970051865484,0.4274602366221681,train,1
S19270,17,17,2025-10-26,53,20,0.003283326581829,0.0034866182609,0.3968959945963144,train,1
S19272,17,18,2025-10-26,22,18,0.0032898533785488,0.005091430620294,0.4001559439415624,train,1
S19279,17,20,2025-10-26,26,18,0.0033415501349146,0.0222771594466741,0.3635201601561973,train,1
S19281,17,24,2025-10-26,33,15,0.0033906612334327,0.0085123145959647,0.4136887048881938,train,1
S19282,17,18,2025-10-26,58,20,0.002930241256873,0.0,0.3398482431439407,train,1
S19283,17,18,2025-10-26,46,28,0.0032409897279698,0.0140469881646352,0.4524761924423858,train,1
S19284,17,18,2025-10-26,38,28,0.0035733505477424,0.0067891305609911,0.4489920216483078,train,1
S19620,17,25,2025-10-26,24,22,0.0015329102389111,0.0,0.2582740298932407,train,1
S19626,17,2,2025-10-26,46,31,0.0030562585651388,0.0,0.3880785424600768,train,1
S20091,17,1,2025-10-26,43,24,0.0034595607205592,0.0039333000941776,0.3956613092886475,train,1
S20094,17,5,2025-10-26,61,20,0.0032261537439685,0.0116021196629082,0.418964174313174,train,1
S20096,17,2,2025-10-26,19,22,0.0027370043950175,0.0019481715802141,0.4711593469735557,train,1
S20097,17,2,2025-10-26,34,19,0.0031485356624417,0.0018996945963817,0.434116366460977,train,1
S20102,17,17,2025-10-26,53,27,0.0031604354117153,0.0019021156731269,0.3772261728376487,train,1
S20103,17,17,2025-10-26,35,16,0.0031305166524196,0.0019523730957487,0.4452918615204407,train,1
S20107,17,13,2025-10-26,60,19,0.0033305057461908,0.0019226454363283,0.51387948862759,train,1
S20108,17,13,2025-10-26,49,27,0.0031300754958163,0.0058089928351858,0.4780996319823762,train,1
S20114,17,18,2025-10-26,30,24,0.002104208470535,0.0038586806728234,0.3633154182563397,train,1
S20115,17,20,2025-10-26,50,14,0.0035264536497974,0.0,0.4532885606070994,train,1
S20119,17,24,2025-10-26,50,13,0.0034436724377326,0.0,0.4524139860432837,train,1
S20121,17,19,2025-10-26,53,25,0.0032408711040812,0.0019498454247289,0.4614959466283022,train,1
S20122,17,18,2025-10-26,18,27,0.0034880749066384,0.0,0.3822688285531159,train,1
S20412,17,15,2025-10-26,58,20,0.0033658749073829,0.0058578096270802,0.4230876091863425,train,1
S20413,17,15,2025-10-26,29,13,0.0034555461597242,0.0,0.4627875574640113,train,1
S20542,17,3,2025-10-26,27,29,0.003304542108422,0.0,0.4167044795700007,train,1
S20543,17,9,2025-10-26,45,28,0.0033042034816373,0.0,0.4565877131114839,train,1
S20544,17,3,2025-10-26,56,21,0.0034485584757203,0.0,0.4147439852888728,train,1
S20609,17,20,2025-10-26,54,13,0.0032524165179478,0.0,0.4596846632919904,train,1
S20865,17,25,2025-10-26,24,21,0.0010828482270612,0.0,0.2432143624487425,train,1
S20866,17,25,2025-10-26,46,27,0.0011651298954341,0.0,0.2737987403836003,train,1
S21168,17,3,2025-10-26,60,19,0.0033004702125616,0.0,0.4510806767473642,train,1
S21276,17,2,2025-10-26,49,12,0.0032245771241615,0.0,0.3771300088271194,train,1
S21477,17,14,2025-10-26,41,23,0.0032571830018349,0.0,0.4062049549130924,train,1
S21478,17,8,2025-10-26,28,14,0.0027870970308836,0.0,0.4924269671730559,train,1
S21480,17,8,2025-10-26,37,24,0.0027762928101447,0.0,0.4657413791694225,train,1
S21481,17,2,2025-10-26,46,20,0.0032370221627985,0.0,0.413530805562454,train,1
S21486,17,19,2025-10-26,26,26,0.003206010015441,0.0,0.5097026212069998,train,1
S21487,17,20,2025-10-26,44,18,0.0033306505215372,0.0,0.5192631473548719,train,1
S21491,17,20,2025-10-26,25,20,0.0037568502707366,0.0,0.4225722100954902,train,1
S21742,17,25,2025-10-26,25,22,0.0015063019723897,0.0,0.2607867503004692,train,1
S21771,17,9,2025-10-26,17,21,0.0031838640434485,0.0,0.4915238743687218,train,1
S21772,17,3,2025-10-26,57,27,0.0034083032923758,0.0,0.4059897674989745,train,1
S22139,17,25,2025-10-26,54,26,0.0012953418526078,0.0,0.2530200886453378,train,1
S22141,17,25,2025-10-26,31,20,0.0014229840272844,0.0,0.2824130934116604,train,1
S22147,17,7,2025-10-26,30,28,0.0035237641706692,0.0,0.4538260565545113,train,1
S22149,17,14,2025-10-26,45,24,0.0031394413127196,0.0,0.3609277197346279,train,1
S22151,17,5,2025-10-26,46,16,0.0032405484449668,0.0,0.4620849004469565,train,1
S22152,17,17,2025-10-26,27,30,0.0033063889827867,0.0,0.3842413460377807,train,1
S22153,17,14,2025-10-26,17,19,0.0032612298364739,0.0,0.4873832891952885,train,1
S22154,17,6,2025-10-26,58,27,0.003108082683023,0.0,0.4341768980408196,train,1
S22158,17,17,2025-10-26,47,26,0.0032584811677845,0.0045159238562536,0.4030115187264447,train,1
S22161,17,20,2025-10-26,25,14,0.0034879201698671,0.0,0.4615341790105294,train,1
S22162,17,17,2025-10-26,54,25,0.00326538971567,0.0,0.421284361711209,train,1
S22163,17,14,2025-10-26,49,28,0.0030607043972787,0.0,0.4131714327551568,train,1
S22165,17,19,2025-10-26,25,17,0.0032414971830417,0.0,0.4719496157827522,train,1
S22166,17,20,2025-10-26,58,20,0.003447590545388,0.0,0.4027107960106682,train,1
S22339,17,25,2025-10-26,33,16,0.0012622014493707,0.0,0.2270746961538989,train,1
S22341,17,25,2025-10-26,32,22,0.0015236202153195,0.0,0.3424733534492724,train,1
S22465,17,15,2025-10-26,48,12,0.0030179700363815,0.0,0.432557709884614,train,1
S22777,17,9,2025-10-26,40,31,0.0031184080310326,0.0015634093018134,0.4520309524440799,train,1
S22778,17,15,2025-10-26,30,30,0.0033935179870019,0.0,0.4418490812130362,train,1
S22782,17,15,2025-10-26,15,22,0.0035835835703943,0.0080579524045773,0.4234921577663366,train,1
S22816,17,17,2025-10-26,50,14,0.0032991433483192,0.0130170734502119,0.4412958127080653,train,1
S22819,17,6,2025-10-26,34,24,0.0031988299580942,0.0097195603707904,0.4768659074198312,train,1
S22823,17,2,2025-10-26,49,16,0.0031698030415395,0.0063427645264622,0.4415942265116139,train,1
S22829,17,13,2025-10-26,43,18,0.0032508924852006,0.0,0.4337627044521828,train,1
S22832,17,20,2025-10-26,13,22,0.0036320869171801,0.0048647749185125,0.4542830258835033,train,1
S22834,17,20,2025-10-26,26,20,0.0034480694912531,0.0047362653070948,0.3878797868157466,train,1
S22842,17,19,2025-10-26,30,29,0.0032280354232498,0.0,0.4281591412187988,train,1
S22843,17,20,2025-10-26,39,31,0.0033462521213133,0.0016155981614037,0.4925195667860889,train,1
S22852,17,24,2025-10-26,39,22,0.0032577616404579,0.0031570288356788,0.3819992883236958,train,1
S23011,17,2,2025-10-26,31,25,0.0032277761007487,0.0,0.4358694479645375,train,1
S23014,17,17,2025-10-26,49,29,0.0027835902533341,0.0,0.3402831630026998,train,1
S23015,17,2,2025-10-26,25,22,0.0032379774587287,0.0,0.4576563415855024,train,1
S23017,17,5,2025-10-26,61,21,0.0033408962799641,0.0,0.473386106697282,train,1
S23018,17,5,2025-10-26,37,16,0.0034191104220041,0.0,0.4665675851182736,train,1
S23022,17,13,2025-10-26,15,18,0.0030630390454362,0.0,0.4978227977189552,train,1
S23028,17,20,2025-10-26,34,26,0.0032127791284208,0.0,0.3314520368041501,train,1
S23029,17,19,2025-10-26,33,31,0.0031387499227697,0.0,0.4603010321879597,train,1
S23030,17,19,2025-10-26,18,26,0.0033561003886939,0.0,0.4460513530355256,train,1
S23031,17,19,2025-10-26,38,16,0.003143793177797,0.0,0.5334008844473463,train,1
S23307,17,25,2025-10-26,37,21,0.0012737401143728,0.0,0.2436226244813219,train,1
S23352,17,15,2025-10-26,31,18,0.00353633649996,0.0,0.4574738818604013,train,1
S23579,17,6,2025-10-26,53,28,0.0033266149034771,0.0,0.4354185116151499,train,1
S23580,17,1,2025-10-26,15,22,0.0035712953240349,0.0,0.4529965627853919,train,1
S23583,17,8,2025-10-26,49,26,0.0029109931660145,0.0,0.4568979358390341,train,1
S23586,17,19,2025-10-26,20,24,0.0031175035705619,0.0127054733236188,0.4846241013115098,train,1
S23731,17,25,2025-10-26,45,28,0.0012437751083907,0.0,0.3168782825738438,train,1
S23836,17,25,2025-10-26,25,15,0.0013903779077336,0.0,0.2538095583962299,train,1
S24017,17,2,2025-10-26,30,18,0.0029513642764441,0.0,0.4100572631298821,train,1
S24018,17,13,2025-10-26,44,18,0.0032324152410264,0.0,0.4212507428104239,train,1
S24020,17,1,2025-10-26,22,16,0.003482988682512,0.0,0.4414941483405625,train,1
S24024,17,19,2025-10-26,53,14,0.003198910304198,0.0,0.4429731470717573,train,1
S24025,17,19,2025-10-26,24,17,0.0034751538778121,0.0,0.4365842435582015,train,1
S24027,17,17,2025-10-26,43,13,0.0034105250218152,0.0,0.4495273094433258,train,1
S24029,17,19,2025-10-26,29,27,0.0033136697586014,0.0,0.4841696431673628,train,1
S24030,17,6,2025-10-26,23,16,0.0033514194207887,0.0,0.4653355884220185,train,1
S24101,17,17,2025-10-26,27,17,0.003613903430352,0.0,0.3699911287970361,train,1
S24103,17,5,2025-10-26,24,25,0.0033423221588215,0.0,0.471308169323583,train,1
S24292,17,18,2025-10-26,25,15,0.0033451559055731,0.0,0.4527846495557865,train,1
S24294,17,8,2025-10-26,15,20,0.0031645555036328,0.0,0.4993740930258463,train,1
S24295,17,13,2025-10-26,51,20,0.0032193219537187,0.0,0.4136034542107929,train,1
S24299,17,18,2025-10-26,30,27,0.0034430514719488,0.0,0.4283763306186607,train,1
S24300,17,6,2025-10-26,39,23,0.0031862224783894,0.0,0.4591892834468473,train,1
S24301,17,6,2025-10-26,31,15,0.0033601959867256,0.0,0.4811481442586194,train,1
S24303,17,18,2025-10-26,35,17,0.0033700862011384,0.0,0.3970033748540476,train,1
S24305,17,7,2025-10-26,39,25,0.0031437214573954,0.0,0.4850349620832462,train,1
S24308,17,6,2025-10-26,33,19,0.0031430103723727,0.0,0.4583620844957086,train,1
S24309,17,7,2025-10-26,47,25,0.0031420619308798,0.0,0.5158748331365536,train,1
S24310,17,19,2025-10-26,39,18,0.0032095248512308,0.0027895646707527,0.4445473136711357,train,1
S24417,17,15,2025-10-26,37,22,0.0032369820097982,0.0028331680176944,0.3645855609478394,train,1
S24457,17,25,2025-10-26,29,26,0.0015634248375661,0.0,0.3270997635589803,train,1
S24739,17,25,2025-10-26,32,20,0.0011010853026535,0.0021020220860348,0.2356789315946714,train,1
S24803,17,9,2025-10-26,41,19,0.0032879181350777,0.002078993382359,0.444452566564427,train,1
S24844,17,20,2025-10-26,38,12,0.0031888502965587,0.0,0.4442355153451536,train,1
S24845,17,19,2025-10-26,43,15,0.003149538943232,0.0,0.5022045027196507,train,1
S24846,17,19,2025-10-26,42,13,0.0030770916416902,0.0020682222028022,0.4403965484951168,train,1
S24848,17,14,2025-10-26,28,18,0.0032134130188133,0.0020795675169043,0.4058268022780615,train,1
S24849,17,14,2025-10-26,28,21,0.0031763425562213,0.0,0.4483784369726001,train,1
S24850,17,24,2025-10-26,52,27,0.0033847105437182,0.0163603221041283,0.4867792562671632,train,1
S24852,17,6,2025-10-26,19,26,0.0032267596938544,0.0,0.5178335504081718,train,1
S24855,17,2,2025-10-26,33,16,0.0033633075844487,0.0,0.4102778249925998,train,1
S24857,17,8,2025-10-26,42,28,0.002290033150241,0.0020570000082776,0.4534038304416972,train,1
S24861,17,7,2025-10-26,41,18,0.0031918586834875,0.0083527656981996,0.4549258787788559,train,1
S24864,17,24,2025-10-26,62,23,0.0035589817933758,0.0,0.4297703256570878,train,1
S24865,17,18,2025-10-26,46,16,0.0032714251105698,0.0,0.4081888254970917,train,1
S24866,17,20,2025-10-26,26,26,0.0033317884588559,0.0063067864575402,0.4299239631494542,train,1
S24885,17,6,2025-10-26,22,29,0.0031835585152424,0.0042023912197926,0.4821558421727809,train,1
S24886,17,5,2025-10-26,23,13,0.0030292478497763,0.0,0.405040306308876,train,1
S24887,17,18,2025-10-26,47,32,0.0031612954677844,0.0,0.3518420091718371,train,1
S25032,17,25,2025-10-26,41,12,0.0018404151515967,0.0,0.2801016500512239,train,1
S25034,17,25,2025-10-26,52,25,0.0009497659901435,0.0,0.2667602621691604,train,1
S25233,17,3,2025-10-26,49,17,0.0033745404149611,0.0,0.4735225798111666,train,1
S25535,17,1,2025-10-26,61,17,0.0034100860275099,0.0,0.4352338486278782,train,1
S25536,17,2,2025-10-26,22,18,0.0032383907228572,0.0,0.4042467897144481,train,1
S25539,17,14,2025-10-26,17,18,0.0034354896444913,0.0,0.4870315553734092,train,1
S25540,17,17,2025-10-26,41,19,0.0033357761828214,0.0,0.3887265466469189,train,1
S25541,17,5,2025-10-26,41,27,0.0032666942405706,0.0,0.4317751145601989,train,1
S25544,17,1,2025-10-26,54,17,0.0036861053352726,0.0,0.4659777528079563,train,1
S25546,17,8,2025-10-26,47,27,0.0030593752027853,0.0,0.4920221676976444,train,1
S25548,17,24,2025-10-26,44,16,0.0034434674889055,0.0,0.4246545037662187,train,1
S25549,17,18,2025-10-26,61,16,0.003263495109289,0.0,0.447644629884568,train,1
S25550,17,18,2025-10-26,62,18,0.0034022934094858,0.0,0.4686523018353923,train,1
S25554,17,3,2025-10-26,40,14,0.0033274651238133,0.0,0.4419386014033987,train,1
S25555,17,15,2025-10-26,33,13,0.0034366066166085,0.0,0.4672257875007248,train,1
S25556,17,3,2025-10-26,57,17,0.0033247309625595,0.0,0.4420340118256051,train,1
S25728,17,19,2025-10-26,17,22,0.0034720165045596,0.0,0.4580692944086843,train,1
S25806,17,3,2025-10-26,20,26,0.0033458746623569,0.0,0.4035491220767622,train,1
S25987,17,25,2025-10-26,45,26,0.0010704022605859,0.0,0.3052704199546881,train,1
S26010,17,18,2025-10-26,37,16,0.0033134184056813,0.0,0.427156689569909,train,1
S26013,17,24,2025-10-26,46,25,0.0035451520214552,0.0,0.4948745586493099,train,1
S26149,17,3,2025-10-26,21,21,0.0033737141669756,0.0,0.4657835056777625,train,1
S26364,17,2,2025-10-26,19,16,0.0030898511029472,0.0,0.4029480415647417,train,1
S26597,17,11,2025-10-26,47,31,0.0033075840062801,0.0,0.4044239364874563,train,1
S26823,17,25,2025-10-26,50,14,0.0008557870523694,0.0229758368065946,0.2398065189376347,train,1
S27019,17,17,2025-10-26,26,27,0.0032100238189088,0.0050236653046165,0.4014239245357358,train,1
S27020,17,14,2025-10-26,41,19,0.003003460569363,0.0025086946206924,0.4445820712092286,train,1
S27021,17,18,2025-10-26,48,24,0.0033557193323067,0.0073695136417556,0.4194131139355432,train,1
S27022,17,13,2025-10-26,26,20,0.0033659762668045,0.0075801482475673,0.4623892079003321,train,1
S27025,17,14,2025-10-26,40,31,0.0032068616239547,0.0108144569924059,0.4390501698106702,train,1
S27026,17,13,2025-10-26,57,16,0.0030713249414288,0.0084399547798916,0.4113153555783866,train,1
S27027,17,17,2025-10-26,47,28,0.003144652746316,0.0207984087949526,0.4009596815164419,train,1
S27028,17,14,2025-10-26,22,16,0.0032843048562119,0.0151927368324519,0.4601692538962137,train,1
S27029,17,1,2025-10-26,46,27,0.0034720601385588,0.0170751399410542,0.4333160702238817,train,1
S27033,17,6,2025-10-26,32,25,0.0031366973717059,0.0149062361753657,0.4686060044385565,train,1
S27041,17,20,2025-10-26,32,15,0.0032634613450322,0.0050699800057126,0.4686232306206432,train,1
S27045,17,19,2025-10-26,55,28,0.0024100418163415,0.0050671886788605,0.4293123936413365,train,1
S27073,17,15,2025-10-26,51,21,0.0035585854776873,0.0121338186860807,0.4847282504130282,train,1
S27076,17,3,2025-10-26,60,20,0.0034688674818525,0.0060810728138114,0.445268418121809,train,1
S27080,17,15,2025-10-26,46,17,0.0035088765043029,0.0011996833029188,0.4587428903564434,train,1
S27270,17,3,2025-10-26,29,14,0.0031895754310516,0.0,0.4415221421805271,train,1
S27380,17,9,2025-10-26,37,23,0.0031040844572737,0.0,0.4064872376226158,train,1
S27516,17,20,2025-10-26,27,21,0.0034078151604169,0.0,0.4078315934384107,train,1
S27518,17,13,2025-10-26,33,23,0.0032585055587245,0.0,0.4228952109829438,train,1
S27520,17,14,2025-10-26,59,17,0.0032547776903664,0.0,0.4487322001822568,train,1
S27522,17,6,2025-10-26,48,25,0.0029918136043649,0.0,0.3918742355687986,train,1
S27523,17,6,2025-10-26,24,15,0.0032678561543757,0.0,0.4819409023009357,train,1
S27525,17,13,2025-10-26,54,26,0.0030609166390156,0.0,0.4727985108206576,train,1
S27756,17,15,2025-10-26,60,25,0.0034916857872334,0.0166024805890802,0.4781988794059855,train,1
S27759,17,15,2025-10-26,16,21,0.0035668701048953,0.0,0.4456178579419814,train,1
S28086,17,7,2025-10-26,36,23,0.003463361869058,0.0,0.4910550711522547,train,1
S28087,17,19,2025-10-26,15,24,0.0031647454906478,0.0023630882758489,0.4901067674754185,train,1
S28088,17,8,2025-10-26,29,30,0.0030672532107123,0.0,0.5137022291971232,train,1
S28089,17,2,2025-10-26,37,28,0.003173003389846,0.0,0.4458717494320778,train,1
S28094,17,2,2025-10-26,60,16,0.0028601374685384,0.0093763854694324,0.4341391434317967,train,1
S28095,17,8,2025-10-26,46,13,0.0030561561947686,0.0023546244445076,0.4730060602147814,train,1
S28097,17,24,2025-10-26,54,21,0.002763615120325,0.0023423397947978,0.3192053493630074,train,1
S28100,17,19,2025-10-26,41,17,0.0030061005760463,0.0046812378436165,0.4365881570931191,train,1
S28101,17,20,2025-10-26,36,22,0.0029185791342056,0.0023264196074576,0.4684921698204683,train,1
S28102,17,24,2025-10-26,47,22,0.0033544751016879,0.0,0.4591686323577479,train,1
S28103,17,20,2025-10-26,21,22,0.0035596106342605,0.0,0.3966615098986104,train,1
S28104,17,24,2025-10-26,59,17,0.0028193606205261,0.0,0.4159460320063108,train,1
S28165,17,25,2025-10-26,44,30,0.0008393214871051,0.0,0.3337145263199323,train,1
S28318,17,15,2025-10-26,43,21,0.0033441278334049,0.0,0.4612296273410994,train,1
S28394,17,18,2025-10-26,30,18,0.003618020639884,0.0,0.412467593222469,train,1
S28396,17,8,2025-10-26,53,14,0.0029813430692222,0.0,0.5132088090333998,train,1
S28398,17,13,2025-10-26,49,25,0.003231300834906,0.0,0.4662748902660316,train,1
S28408,17,25,2025-10-26,58,14,0.0020695588099202,0.0,0.3532834082510361,train,1
S28579,17,15,2025-10-26,15,18,0.0034943713298308,0.0,0.4761956458920342,train,1
S28580,17,3,2025-10-26,36,28,0.0032893995872492,0.0,0.4411596625409684,train,1
S28733,17,6,2025-10-26,39,32,0.002937173797049,0.0012378703648355,0.4402943468402998,train,1
S28811,17,20,2025-10-26,27,18,0.0033834744717524,0.0,0.4554863041826442,train,1
S28902,17,9,2025-10-26,62,18,0.0033713236872277,0.0,0.5006304473763087,train,1
S29088,17,19,2025-10-26,50,13,0.0031358972817601,0.0079638684393656,0.4860556575002885,train,1
S29090,17,13,2025-10-26,38,13,0.0031348334574728,0.0083577170147647,0.4526049722492059,train,1
S29091,17,19,2025-10-26,47,18,0.0031735704848148,0.0113419824507354,0.4049745082477369,train,1
S29092,17,19,2025-10-26,48,28,0.0032268432002464,0.0,0.4673933292167544,train,1
S29093,17,2,2025-10-26,44,28,0.0032505580828575,0.0126161053226718,0.3931249574224452,train,1
S29094,17,14,2025-10-26,20,26,0.0032576488192657,0.0125559528813006,0.4521315988568291,train,1
S29095,17,18,2025-10-26,54,28,0.0032809852643678,0.0067104126161157,0.4161482975015895,train,1
S29096,17,18,2025-10-26,53,27,0.0032645866269102,0.0,0.4425418466199634,train,1
S29100,17,1,2025-10-26,59,22,0.0034743942465033,0.0105604623655152,0.4844322564800949,train,1
S29101,17,13,2025-10-26,57,22,0.0032477075077412,0.0046154417637116,0.4100190635914402,train,1
S29104,17,6,2025-10-26,35,24,0.0032493785736003,0.0023702219996661,0.4551242715510957,train,1
S29105,17,7,2025-10-26,33,22,0.0032133390977405,0.0067798922310892,0.4922223331961836,train,1
S29106,17,24,2025-10-26,51,19,0.0035363154579621,0.0,0.4124972578088294,train,1
S29107,17,1,2025-10-26,45,19,0.0033140020216396,0.005960905098073,0.4171143816323295,train,1
S29108,17,20,2025-10-26,56,28,0.0033860352918714,0.0163071500220303,0.4720732471035287,train,1
S29109,17,20,2025-10-26,41,20,0.0034432300477394,0.0083127247529957,0.4773254042389727,train,1
S29110,17,20,2025-10-26,42,22,0.003117906409086,0.0069168035182453,0.409038459950457,train,1
S29501,17,25,2025-10-26,62,18,0.0015352183344182,0.0,0.278617742731589,train,1
S29502,17,25,2025-10-26,42,13,0.0015476959582539,0.0,0.2054526978700495,train,1
S29641,17,9,2025-10-26,48,18,0.0032393546599454,0.0,0.4389524590993621,train,1
S29720,17,1,2025-10-26,53,21,0.0036252294478344,0.0,0.4738619562192372,train,1
S29721,17,7,2025-10-26,61,20,0.0030369180933549,0.0,0.5010070823288107,train,1
S29722,17,1,2025-10-26,37,28,0.0034098284287896,0.0,0.4741803436540481,train,1
S29723,17,2,2025-10-26,24,17,0.0031689500690158,0.0,0.4148888222623932,train,1
S29726,17,8,2025-10-26,28,19,0.0031299235936144,0.0,0.4131201285274025,train,1
S29728,17,13,2025-10-26,45,15,0.0032184314314217,0.0,0.4509985094009603,train,1
S29729,17,14,2025-10-26,25,14,0.0033830898212225,0.0,0.4604650403248326,train,1
S29735,17,19,2025-10-26,21,20,0.0032356724596646,0.0,0.4330551356361201,train,1
S29738,17,24,2025-10-26,22,22,0.00358379171748,0.0,0.4796538194355483,train,1
S29947,17,25,2025-10-26,28,14,0.0015667737621834,0.0,0.2168631089291956,train,1
S29965,17,3,2025-10-26,56,17,0.0034481588304307,0.0,0.4593039466014816,train,1
S30075,17,17,2025-10-26,43,20,0.0033434054991657,0.0,0.3566864101426787,train,1
S30076,17,2,2025-10-26,53,18,0.0032906074784338,0.0,0.408221499453982,train,1
S30078,17,24,2025-10-26,37,29,0.0034218091484783,0.0,0.4052094951739853,train,1
S30079,17,24,2025-10-26,31,30,0.0035017567804684,0.0,0.4357661878608883,train,1
S30394,17,25,2025-10-26,54,18,0.0011184550054859,0.0,0.2423246564294797,train,1
S30397,17,25,2025-10-26,59,27,0.0010542330522601,0.0049650597655332,0.2710625987667461,train,1
S30859,17,3,2025-10-26,58,27,0.0032652813993612,0.0095369677431734,0.394425144924633,train,1
S30860,17,3,2025-10-26,41,17,0.0034277007360882,0.0090212243816286,0.4935442941500423,train,1
S30864,17,15,2025-10-26,55,17,0.0035859800101427,0.0130514020409556,0.5023359080509424,train,1
S30865,17,3,2025-10-26,21,25,0.0030840962104025,0.0088287750563123,0.3788181257140663,train,1
S30868,17,9,2025-10-26,48,25,0.0032313973884021,0.011280939211085,0.4141710963532238,train,1
S30869,17,9,2025-10-26,44,20,0.0034000740483151,0.0093750107177276,0.4898486610345156,train,1
S30924,17,9,2025-10-26,39,18,0.0032860555181513,0.0,0.4366229002846525,train,1
S31402,17,7,2025-10-26,55,30,0.0033037656145927,0.0,0.4766315933482232,train,1
S31403,17,2,2025-10-26,19,28,0.0028376774609816,0.0,0.4746091022900229,train,1
S31598,17,15,2025-10-26,53,30,0.0032718147864724,0.0081022480885541,0.4402826620272779,train,1
S31692,17,20,2025-10-26,18,20,0.0034345207989016,0.0,0.5093881534741708,train,1
S31693,17,20,2025-10-26,53,23,0.003431044634404,0.0,0.4311290150135249,train,1
S31694,17,13,2025-10-26,32,28,0.0031107947997776,0.0,0.4165761111596951,train,1
S31695,17,14,2025-10-26,58,17,0.003202461027119,0.0,0.3860038639097163,train,1
S31698,17,17,2025-10-26,33,14,0.0032699788439157,0.0,0.4658709061472878,train,1
S31699,17,5,2025-10-26,32,13,0.0032973295935849,0.0,0.4512591221338528,train,1
S31709,17,7,2025-10-26,36,20,0.0031846292438138,0.0,0.5100611293109075,train,1
S31710,17,19,2025-10-26,30,24,0.0032087059361684,0.0021826102613423,0.4494681088372145,train,1
S31713,17,19,2025-10-26,60,20,0.0032874992496236,0.0,0.3917967310012273,train,1
S31770,17,20,2025-10-26,51,21,0.0035471014091545,0.0,0.4067207937576707,train,1
S31772,17,20,2025-10-26,34,20,0.0033396246332957,0.0,0.4722151223128881,train,1
S31781,17,3,2025-10-26,19,19,0.0035048279531287,0.0043641855788692,0.4360639155885942,train,1
S31784,17,15,2025-10-26,44,22,0.0033604325436791,0.0022271814727181,0.4934110814877999,train,1
S31785,17,3,2025-10-26,43,26,0.0032980510248794,0.0,0.4743823363370094,train,1
S31788,17,3,2025-10-26,40,17,0.0034170513887806,0.0,0.4733920132910572,train,1
S31789,17,3,2025-10-26,21,26,0.0033638116749255,0.0,0.4731063662370209,train,1
S32141,17,2,2025-10-26,63,26,0.0028501117559488,0.0022212389776043,0.4422968268974198,train,1
S32297,17,7,2025-10-26,19,20,0.0035668712440421,0.0,0.4841744352126358,train,1
S32298,17,8,2025-10-26,35,28,0.0029886014415626,0.0,0.4912911672529561,train,1
S32301,17,6,2025-10-26,20,20,0.0033138977275954,0.0,0.4482886670962946,train,1
S32302,17,5,2025-10-26,18,22,0.0032082463283323,0.0,0.4776782096615374,train,1
S32303,17,2,2025-10-26,51,15,0.0030586384521362,0.0,0.3973853943992863,train,1
S32304,17,14,2025-10-26,44,13,0.0034122306200777,0.0,0.4688371770470141,train,1
S32305,17,17,2025-10-26,53,23,0.0032420363457107,0.0027353983664663,0.4403367040972715,train,1
S32306,17,5,2025-10-26,48,18,0.0032639415965344,0.0054432050292147,0.4448476592101305,train,1
S32307,17,17,2025-10-26,26,28,0.0031810038484155,0.0,0.3700039834382896,train,1
S32434,17,18,2025-10-26,25,30,0.002969215695291,0.0,0.4200202965988257,train,1
S32525,17,25,2025-10-26,15,21,0.0017175160474676,0.0,0.385011234742288,train,1
S32653,17,3,2025-10-26,35,19,0.0034472031220905,0.0,0.3726540687524176,train,1
S33408,17,19,2025-10-26,31,18,0.0033264793308481,0.0036504526340917,0.5013687533286951,train,1
S33412,17,17,2025-10-26,48,18,0.0032131415847334,0.0018001571968256,0.2734767811749679,train,1
S33414,17,5,2025-10-26,55,16,0.0034836504182739,0.0070903014804749,0.4255142540854742,train,1
S33415,17,2,2025-10-26,33,27,0.0032123498337705,0.0035362213660344,0.4294077371624179,train,1
S33416,17,2,2025-10-26,43,30,0.0031732584156232,0.0018320689477215,0.412997958664093,train,1
S33418,17,1,2025-10-26,42,13,0.0034040832367719,0.0,0.4372153933809648,train,1
S33419,17,6,2025-10-26,37,17,0.0032506448841447,0.0054277788698862,0.4963082322352889,train,1
S33420,17,1,2025-10-26,41,12,0.0034377022799314,0.0017939582949816,0.439248687318697,train,1
S33421,17,1,2025-10-26,58,23,0.0034976880913598,0.0,0.4895851141969745,train,1
S33423,17,24,2025-10-26,49,14,0.0033800658645043,0.0035489860039988,0.45873054661634,train,1
S33425,17,20,2025-10-26,18,26,0.0035089957379492,0.0,0.481222682876018,train,1
S33463,17,15,2025-10-26,47,17,0.0034465748937234,0.0073154127798936,0.4879849092408877,train,1
S33469,17,15,2025-10-26,21,24,0.0034732101946464,0.005336167836973,0.4936032617471625,train,1
S33615,17,11,2025-10-26,21,14,0.0030200281856746,0.0,0.3729847346710322,train,1
S33899,17,17,2025-10-26,47,21,0.0033162678156238,0.0,0.4304285470684022,train,1
S33901,17,18,2025-10-26,32,28,0.0033558554206238,0.0,0.4765910927401455,train,1
S33902,17,13,2025-10-26,37,12,0.0031383639010983,0.0,0.4274928236819831,train,1
S33903,17,18,2025-10-26,38,29,0.0034086250323852,0.0,0.4003844971769538,train,1
S33904,17,13,2025-10-26,32,19,0.0034172660290012,0.0,0.4529854949029692,train,1
S33906,17,14,2025-10-26,59,24,0.0032479504980875,0.0,0.4125264637198879,train,1
S33907,17,2,2025-10-26,29,30,0.0031308291942215,0.0,0.4658355461685031,train,1
S33911,17,20,2025-10-26,30,22,0.0031400369421482,0.0,0.4193357784885709,train,1
S33912,17,18,2025-10-26,21,21,0.0033322863480942,0.0,0.4183775611011376,train,1
S33928,17,15,2025-10-26,21,17,0.0034355767507793,0.0079570925392251,0.4730728922460876,train,1
S33938,17,3,2025-10-26,24,28,0.003237545052448,0.0,0.4367929424001951,train,1
S33940,17,15,2025-10-26,30,17,0.0033556632671102,0.0132913762056731,0.5069860159784704,train,1
S34176,17,5,2025-10-26,55,30,0.0025721165252571,0.0048095998451637,0.3881328833955638,train,1
S34389,17,19,2025-10-26,59,20,0.0030693745842091,0.0,0.3893166981770118,train,1
S34390,17,14,2025-10-26,39,15,0.0032648625761114,0.0,0.4202729861190346,train,1
S34391,17,17,2025-10-26,63,25,0.0035278565058029,0.0,0.4300319846957208,train,1
S34392,17,13,2025-10-26,48,20,0.0032121472778027,0.0,0.4742463769836632,train,1
S34393,17,5,2025-10-26,58,27,0.0032927417566846,0.0,0.4575700819442707,train,1
S34397,17,1,2025-10-26,46,31,0.0034597734577787,0.0,0.4319914634491812,train,1
S34398,17,1,2025-10-26,51,24,0.0035945760940202,0.0,0.4643969562890537,train,1
S34402,17,1,2025-10-26,42,27,0.0034546963583911,0.0,0.4450004272457233,train,1
S34404,17,7,2025-10-26,23,24,0.0035862292574389,0.0,0.4744250090750467,train,1
S34405,17,19,2025-10-26,49,22,0.0032210510243952,0.0,0.4248161701478224,train,1
S34406,17,18,2025-10-26,57,22,0.0030548759339874,0.0,0.3926683656581942,train,1
S34409,17,20,2025-10-26,55,17,0.0034088809731324,0.0,0.3890536331148724,train,1
S34410,17,24,2025-10-26,27,27,0.0035710998511859,0.0,0.4445704770328889,train,1
S34427,17,9,2025-10-26,36,21,0.0032964198266832,0.0,0.510814246936792,train,1
S34428,17,9,2025-10-26,56,23,0.0032581836571527,0.0,0.4551039473763123,train,1
S34570,17,1,2025-10-26,23,30,0.0034373980510647,0.0,0.4494462992518304,train,1
S35016,17,7,2025-10-26,37,23,0.0033060714385211,0.0,0.5032085618918964,train,1
S35019,17,6,2025-10-26,54,23,0.0029522578744812,0.0,0.4687109726333033,train,1
S35271,17,7,2025-10-26,33,11,0.0016890213760496,0.0068182921449813,0.3662391138083753,train,1
S35272,17,5,2025-10-26,48,31,0.0028309138385781,0.0,0.4094348601040857,train,1
S35273,17,13,2025-10-26,36,11,0.0032080632685918,0.0178510496920065,0.3868235648164699,train,1
S35724,17,18,2025-10-26,30,29,0.0034321783871872,0.0,0.4829491220135347,train,1
S35727,17,14,2025-10-26,35,13,0.003012198453522,0.0019910901719468,0.4525669856168595,train,1
S35728,17,17,2025-10-26,42,14,0.0031506073178719,0.0040364170910183,0.4302421818095494,train,1
S35729,17,2,2025-10-26,38,22,0.0028900529700978,0.0040343037579093,0.4339264285292389,train,1
S35735,17,5,2025-10-26,57,18,0.0033589497881876,0.0,0.4530869871528922,train,1
S35738,17,6,2025-10-26,42,19,0.0032003664163736,0.0020028370166191,0.4696183770794465,train,1
S35739,17,19,2025-10-26,57,27,0.003258834573443,0.0,0.4656032294441423,train,1
S35740,17,19,2025-10-26,43,26,0.002981889852777,0.0059317785787601,0.4341969626618049,train,1
S35741,17,19,2025-10-26,48,27,0.0032946015456837,0.0,0.4405728198202332,train,1
S35742,17,17,2025-10-26,60,18,0.0035278532978816,0.0019742905265834,0.4400613024469103,train,1
S35744,17,19,2025-10-26,40,18,0.0031949307485435,0.0020179381300981,0.4220523347394088,train,1
S35745,17,20,2025-10-26,60,18,0.0033552037517162,0.0,0.4743235346416077,train,1
S35746,17,19,2025-10-26,33,12,0.0031252426651364,0.0,0.4614764613643023,train,1
S35883,17,2,2025-10-26,40,11,0.0025575597028392,0.0,0.3399288146635819,train,1
S35884,17,24,2025-10-26,14,18,0.0032478110313641,0.0019952627564334,0.4734777615215977,train,1
S36061,17,9,2025-10-26,48,15,0.0031083830890814,0.0080568355440998,0.4067494543883892,train,1
S36062,17,15,2025-10-26,27,14,0.0033857287735714,0.0,0.4279112738019644,train,1
S36063,17,15,2025-10-26,52,25,0.0034014468516366,0.0019730913219711,0.4606714519104353,train,1
S36066,17,15,2025-10-26,44,20,0.0033799238900866,0.0,0.5039357672398864,train,1
S36100,17,2,2025-10-26,37,21,0.0030388194010466,0.0,0.3910427680786129,train,1
S36104,17,20,2025-10-26,30,23,0.0035808374926319,0.0,0.4119028009159327,train,1
S36127,17,15,2025-10-26,48,18,0.0033377287132387,0.0,0.5157046626952474,train,1
S36145,17,6,2025-10-26,41,20,0.0032456192775824,0.0,0.5166575999667135,train,1
S36146,17,2,2025-10-26,58,19,0.0033463358823021,0.0,0.4403036867696683,train,1
S36147,17,18,2025-10-26,13,22,0.0034748727558197,0.0,0.4480687191078704,train,1
S36525,17,25,2025-10-26,19,16,0.001590615759932,0.0,0.3690278639723108,train,1
S36526,17,25,2025-10-26,54,14,0.0014713526127762,0.0,0.2713079696770595,train,1
S36527,17,25,2025-10-26,25,21,0.0011039544839576,0.0,0.2861591198178619,train,1
S36577,17,24,2025-10-26,50,28,0.0034766381073867,0.0,0.4693642738796124,train,1
S36578,17,6,2025-10-26,35,28,0.00298371016272,0.0072187484113669,0.4267441170400794,train,1
S36579,17,2,2025-10-26,30,13,0.0032741555628701,0.0,0.4430575266072075,train,1
S36580,17,19,2025-10-26,50,30,0.002853857789683,0.0,0.4514843662293717,train,1
S36581,17,1,2025-10-26,54,19,0.003435731191715,0.0,0.4811561768663139,train,1
S36582,17,2,2025-10-26,26,27,0.0032551318089024,0.0,0.4449436474120462,train,1
S36583,17,24,2025-10-26,21,18,0.0036430526436089,0.0,0.4376542984559964,train,1
S36584,17,19,2025-10-26,51,13,0.00330280283033,0.0,0.4817435891171948,train,1
S36688,17,9,2025-10-26,27,22,0.003151008629255,0.0,0.4620061535342792,train,1
S36690,17,9,2025-10-26,19,23,0.0031806591626801,0.0,0.4372071834026689,train,1
S36767,17,18,2025-10-26,57,14,0.0023462407073383,0.0,0.4105452351441697,train,1
S36768,17,1,2025-10-26,24,13,0.0031342460972885,0.0,0.400174062876854,train,1
S36822,17,25,2025-10-26,55,21,0.0009356624178557,0.0,0.2233258905364608,train,1
S36823,17,25,2025-10-26,35,31,0.0023376744445241,0.0,0.3287241444690522,train,1
S36975,17,13,2025-10-26,54,13,0.0031839925746245,0.0,0.5142024373052623,train,1
S37059,17,6,2025-10-26,26,26,0.0031465861857797,0.0,0.4925579792784885,train,1
S37060,17,14,2025-10-26,58,28,0.003138733554274,0.0,0.4575693963502905,train,1
S37061,17,2,2025-10-26,55,20,0.0032988771173177,0.0,0.45985018483098,train,1
S37077,17,7,2025-10-26,28,14,0.0035449711960722,0.0,0.4785251000368634,train,1
S37257,17,13,2025-10-26,36,32,0.0030874083776429,0.0,0.4288744985645613,train,1
S37258,17,20,2025-10-26,46,32,0.003446185818819,0.0,0.4322737932656473,train,1
S37285,17,25,2025-10-26,55,18,0.0011680135805957,0.0,0.2411599717832232,train,1
S37369,17,6,2025-10-26,29,18,0.0031559264692392,0.0,0.4459146378964831,train,1
S37371,17,1,2025-10-26,30,16,0.0034099896106001,0.0,0.4754364234576207,train,1
S37373,17,2,2025-10-26,27,15,0.0029731022735221,0.0066669349537875,0.4281993377289557,train,1
S37379,17,19,2025-10-26,22,20,0.0034373361809297,0.0,0.458267242668158,train,1
S37382,17,8,2025-10-26,30,30,0.0018674085047622,0.0,0.4504551913247756,train,1
S37383,17,24,2025-10-26,45,12,0.0033752299378429,0.0,0.4855130449389492,train,1
S37832,17,14,2025-10-26,54,24,0.0031426448823264,0.0,0.4343260741529703,train,1
S37833,17,8,2025-10-26,38,25,0.0017851693129329,0.0,0.4624895308448254,train,1
S37834,17,19,2025-10-26,31,30,0.0033596467390032,0.0051063917229191,0.4525497276890395,train,1
S37835,17,2,2025-10-26,48,22,0.0033180243094247,0.0,0.4855839171972665,train,1
S37837,17,13,2025-10-26,23,29,0.0033778316022232,0.0,0.4599879878838296,train,1
S37838,17,5,2025-10-26,49,28,0.0032950945930722,0.0,0.4129125161412255,train,1
S37839,17,19,2025-10-26,35,29,0.0031135298744631,0.0,0.4406460999216389,train,1
S37840,17,13,2025-10-26,42,19,0.0031946886480434,0.0,0.4143757896433955,train,1
S37845,17,19,2025-10-26,40,31,0.0031600419480992,0.0,0.4140205899970064,train,1
S37848,17,6,2025-10-26,31,13,0.0032640730115174,0.0,0.4404552571083913,train,1
S37901,17,25,2025-10-26,32,19,0.0010656243694347,0.0,0.2552587600816275,train,1
S38001,17,3,2025-10-26,27,28,0.0033033209571673,0.0094490028165035,0.4414099549101993,train,1
S38003,17,3,2025-10-26,32,17,0.0032120269902409,0.0027007713772575,0.4120894551944055,train,1
S38007,17,15,2025-10-26,41,29,0.0032752441777056,0.0231459793825729,0.4307353806461522,train,1
S38040,17,6,2025-10-26,30,14,0.0032111268246862,0.0082569798061188,0.43781409590301,train,1
S38041,17,7,2025-10-26,56,14,0.0031971483592608,0.0231919145338559,0.4685463092315771,train,1
S38043,17,7,2025-10-26,52,19,0.0032724163443714,0.0056075029969677,0.4634601659926262,train,1
S38044,17,7,2025-10-26,26,25,0.0033395026723994,0.0013751238164804,0.4586177374462193,train,1
S38045,17,1,2025-10-26,32,12,0.0033178531932599,0.010863209892734,0.4234636170615831,train,1
S38049,17,5,2025-10-26,62,17,0.0033064919394517,0.0054704354334522,0.4774705271392561,train,1
S38050,17,5,2025-10-26,43,24,0.0033750001142373,0.0110580827464984,0.4416554038922752,train,1
S38051,17,1,2025-10-26,26,29,0.0033191579263809,0.001399199894145,0.4189273050902987,train,1
S38052,17,5,2025-10-26,40,28,0.0032080756361281,0.0111819828332939,0.4626682868208926,train,1
S38060,17,14,2025-10-26,29,21,0.002905359818732,0.0135920471482681,0.3730069214781069,train,1
S38061,17,17,2025-10-26,23,18,0.0031750805506042,0.0040613865917039,0.3898928728391855,train,1
S38068,17,20,2025-10-26,36,18,0.0034925398368177,0.0054682235150114,0.4346041095171459,train,1
S38069,17,13,2025-10-26,29,13,0.0032168202725173,0.0208755113870244,0.5033082527237819,train,1
S38079,17,7,2025-10-26,60,24,0.0033090692761873,0.0013558230828197,0.439905243929699,train,1
S38081,17,24,2025-10-26,43,31,0.0032821979565223,0.0081542247744052,0.4191006594782868,train,1
S38088,17,18,2025-10-26,46,27,0.0031103541611193,0.0027499280702919,0.4119212038639572,train,1
S38122,17,15,2025-10-26,16,26,0.0033108471056085,0.005523879386038,0.4853094514675396,train,1
S38245,17,13,2025-10-26,35,11,0.0029939408175314,0.0041365993324843,0.4074316007473107,train,1
S38652,17,7,2025-10-26,60,20,0.0033838502973716,0.0,0.4866643488913773,train,1
S38653,17,7,2025-10-26,27,20,0.0029754005224797,0.0,0.470423861415608,train,1
S38654,17,17,2025-10-26,24,20,0.0032396067117007,0.0,0.401543300631817,train,1
S38685,17,17,2025-10-26,33,23,0.0030068612008346,0.0,0.2907031185812215,train,1
S38686,17,17,2025-10-26,24,29,0.0034626062475267,0.0,0.3738793444956025,train,1
S38690,17,18,2025-10-26,15,25,0.0033463029556517,0.0,0.4641096294870357,train,1
S38768,17,15,2025-10-26,15,25,0.003523866752798,0.0,0.4494011052378402,train,1
S38769,17,3,2025-10-26,62,25,0.0031341193136617,0.0,0.3618480089714568,train,1
S39054,17,6,2025-10-26,60,22,0.0033159069830906,0.0,0.4348024439511467,train,1
S39055,17,13,2025-10-26,41,19,0.0031815197952273,0.0,0.4323940939520439,train,1
S39056,17,6,2025-10-26,59,19,0.0032983692174073,0.0,0.4683888539630594,train,1
S39058,17,2,2025-10-26,14,20,0.0032851396519609,0.0,0.4432940648611411,train,1
S39059,17,14,2025-10-26,29,15,0.003166577385204,0.0,0.4499055821502711,train,1
S39063,17,20,2025-10-26,22,26,0.003595026798184,0.0,0.45304319119004,train,1
S39064,17,19,2025-10-26,29,16,0.0031977831496265,0.0,0.4390548927708748,train,1
S39066,17,24,2025-10-26,36,16,0.0033862725050588,0.0058643067846607,0.3813692685028049,train,1
S39067,17,18,2025-10-26,40,24,0.003276970762322,0.0,0.4009140868957759,train,1
S39068,17,24,2025-10-26,38,25,0.0032339779055047,0.0,0.4116667683083204,train,1
S39103,17,9,2025-10-26,54,24,0.003307021582,0.0,0.4669393750519644,train,1
S39107,17,3,2025-10-26,16,24,0.0033040032921784,0.0,0.4561549480655043,train,1
S39110,17,3,2025-10-26,50,27,0.0034027316343435,0.0,0.4382356307346198,train,1
S39111,17,15,2025-10-26,42,23,0.0033938363002115,0.0,0.4634919434714566,train,1
S39114,17,15,2025-10-26,26,26,0.0033532349845888,0.0,0.4947932940486592,train,1
S39168,17,6,2025-10-26,19,15,0.0027863755773912,0.0,0.4159930339948741,train,1
S39169,17,24,2025-10-26,40,11,0.0033754280915548,0.0,0.3315779874568678,train,1
S39170,17,1,2025-10-26,48,12,0.0032644173207318,0.0,0.465050186257738,train,1
S39214,17,7,2025-10-26,48,14,0.0031911880707085,0.0,0.4904195989617126,train,1
S39216,17,1,2025-10-26,51,18,0.0034593140614894,0.0,0.4702140784483615,train,1
S39219,17,14,2025-10-26,39,27,0.003032412591356,0.0,0.4318479110050024,train,1
S39220,17,13,2025-10-26,53,15,0.0031982332159764,0.0,0.4731516022580247,train,1
S39497,17,5,2025-10-26,41,11,0.0032101411551098,0.0,0.4600098797738337,train,1
S39653,17,1,2025-10-26,28,14,0.003408628561805,0.0,0.4338587373650586,train,1
S39656,17,1,2025-10-26,31,19,0.0035184340627606,0.0,0.4687234450760758,train,1
S39725,17,3,2025-10-26,37,26,0.0033936967574467,0.0,0.4278711251621767,train,1
S39729,17,3,2025-10-26,42,18,0.0033423291123363,0.0,0.4625794248296326,train,1
S39734,17,2,2025-10-26,57,17,0.0026051818799594,0.0,0.4340582651639657,train,1
S39885,17,19,2025-10-26,14,18,0.0022357083520744,0.0033795384923994,0.4315078863664865,train,1
S39886,17,13,2025-10-26,63,26,0.0033650642179406,0.0134457418999212,0.4758462274134548,train,1
S39968,17,15,2025-10-26,60,15,0.0033356836221389,0.0,0.5030362623841228,train,1
S40243,17,25,2025-10-26,46,14,0.0015090638065068,0.0,0.2377217638770514,train,1
S40244,17,25,2025-10-26,26,27,0.0022220642815194,0.0095229336000521,0.3440629005942354,train,1
S40419,17,13,2025-10-26,14,25,0.0034852794360033,0.0,0.4800275042312803,train,1
S40442,17,25,2025-10-26,24,29,0.0021549934117921,0.0033625612297366,0.3662848185194184,train,1
S40728,17,20,2025-10-26,31,24,0.0035941546790846,0.0,0.3611337994284024,train,1
S40729,17,7,2025-10-26,25,16,0.0032918054871684,0.004254954839262,0.4909355966707692,train,1
S40730,17,6,2025-10-26,58,19,0.0032090280738426,0.0,0.4678120566611985,train,1
S40731,17,13,2025-10-26,54,17,0.0032296887651459,0.0021393458853103,0.4344545518191776,train,1
S40733,17,7,2025-10-26,24,22,0.0031502546312628,0.0021476382461098,0.4917120413555049,train,1
S40735,17,5,2025-10-26,50,27,0.0031589710573186,0.00213454964009,0.466118526623977,train,1
S40736,17,2,2025-10-26,23,28,0.0032460190125732,0.0063551736484067,0.5019492178473041,train,1
S40737,17,2,2025-10-26,44,12,0.0027774498025789,0.0,0.4646912267773057,train,1
S40739,17,5,2025-10-26,33,23,0.0033393335274044,0.0021607192543127,0.4385113541939624,train,1
S40740,17,6,2025-10-26,24,29,0.00320237829006,0.0,0.4877660929704694,train,1
S40743,17,13,2025-10-26,57,27,0.0031775544490587,0.0043346677481531,0.3953595458443056,train,1
S40748,17,8,2025-10-26,35,14,0.0030774144748312,0.0021638236549027,0.4811568759837963,train,1
S40749,17,19,2025-10-26,56,21,0.0031467075308465,0.0,0.3873445453942075,train,1
S40750,17,20,2025-10-26,42,14,0.0032519784279088,0.0021242856715435,0.4920623780650847,train,1
S40753,17,18,2025-10-26,59,21,0.0030458539670623,0.0021476660876178,0.3958024695349953,train,1
S40754,17,19,2025-10-26,15,18,0.0032558583626036,0.0021142278601631,0.4441659330239562,train,1
S40756,17,13,2025-10-26,28,30,0.0029288064027618,0.0021200448749941,0.4808039981676826,train,1
S40761,17,7,2025-10-26,32,12,0.0031245057511605,0.0021428879403268,0.4643713605361863,train,1
S40762,17,24,2025-10-26,53,24,0.0034284041510294,0.0,0.4541721960041745,train,1
S40763,17,8,2025-10-26,16,22,0.0029565828219092,0.004289160161728,0.4969715093563598,train,1
S40863,17,3,2025-10-26,49,26,0.0034552492407239,0.0,0.4620213686443309,train,1
S41400,17,6,2025-10-26,23,25,0.0032086322345693,0.0,0.4585105616824854,train,1
S41492,17,6,2025-10-26,37,22,0.0033349781511492,0.0024432449439086,0.4542880264697747,train,1
S41494,17,6,2025-10-26,44,18,0.0032436701259275,0.0095863592087878,0.4768065339706158,train,1
S41496,17,7,2025-10-26,15,22,0.0032799175683322,0.0,0.4800215386874326,train,1
S41497,17,1,2025-10-26,31,15,0.0035436929700059,0.0,0.4496912195085404,train,1
S41499,17,2,2025-10-26,49,25,0.0032214607056663,0.0,0.4324667046391314,train,1
S41503,17,19,2025-10-26,37,20,0.0033912175489948,0.0,0.4527125357357796,train,1
S41504,17,8,2025-10-26,23,27,0.0027861760139287,0.0,0.4750700783073991,train,1
S41572,17,25,2025-10-26,33,22,0.0009383195684056,0.0017909135460808,0.2864363836427263,train,1
S41949,17,15,2025-10-26,60,23,0.0034189700976546,0.0,0.4648516219396321,train,1
S41993,17,6,2025-10-26,48,24,0.003341303371061,0.0156237720249603,0.4432661145188876,train,1
S41995,17,1,2025-10-26,62,22,0.0035504137166103,0.0279713884213507,0.4854985596347035,train,1
S41999,17,17,2025-10-26,41,31,0.0033966811450685,0.0135177035679121,0.3585005319234509,train,1
S42000,17,1,2025-10-26,50,30,0.0033837288920562,0.010242459839047,0.4411553614172295,train,1
S42001,17,2,2025-10-26,62,22,0.0027003363541183,0.0207352243273829,0.4700370298108113,train,1
S42008,17,14,2025-10-26,36,21,0.0030831200914029,0.00995826889694,0.451029869430019,train,1
S42009,17,14,2025-10-26,30,22,0.0032221548788293,0.0035926823494118,0.433586655067855,train,1
S42012,17,18,2025-10-26,24,25,0.0030471037378166,0.0161302169542365,0.3416629199464345,train,1
S42016,17,24,2025-10-26,23,28,0.0034617887478433,0.0165705331243956,0.4513115885388228,train,1
S42023,17,18,2025-10-26,38,14,0.0031891133648332,0.0144634149446799,0.3925344616175971,train,1
S42024,17,20,2025-10-26,48,17,0.0033665380702563,0.0176588676295546,0.4690900600408388,train,1
S42583,17,3,2025-10-26,41,24,0.0033674591771341,0.0,0.4576143606259931,train,1
S42617,17,1,2025-10-26,54,16,0.0033686777899886,0.0024716776574264,0.4705191386348015,train,1
S42618,17,1,2025-10-26,35,22,0.003112104549744,0.0,0.5077225336928158,train,1
S42620,17,17,2025-10-26,56,17,0.0031300379768853,0.0049437978712822,0.4032478800650796,train,1
S42621,17,13,2025-10-26,37,21,0.0031850228461759,0.0,0.4225644981423136,train,1
S42623,17,1,2025-10-26,55,14,0.0034724805193013,0.0024893937800217,0.4512516197993745,train,1
S42624,17,7,2025-10-26,32,22,0.0033234456618041,0.0025155131748104,0.4929756535181313,train,1
S42625,17,24,2025-10-26,14,22,0.0033303136868839,0.01009009009009,0.5020616368980354,train,1
S42626,17,1,2025-10-26,25,22,0.003462620361,0.0,0.4701490973445278,train,1
S42627,17,24,2025-10-26,32,20,0.0033216443573095,0.0,0.4815188744575667,train,1
S42628,17,18,2025-10-26,40,17,0.0016788844727648,0.0,0.3405339259414362,train,1
S42630,17,8,2025-10-26,48,29,0.0027312332302107,0.0,0.4223968820587835,train,1
S42632,17,24,2025-10-26,20,23,0.0034384014619458,0.0,0.4239379457086687,train,1
S42696,17,8,2025-10-26,36,23,0.0028259528713578,0.0,0.3785861244481614,train,1
S42697,17,6,2025-10-26,60,26,0.0029377952574517,0.0,0.4503124767248649,train,1
S42698,17,17,2025-10-26,59,18,0.0033648910243533,0.0,0.4228281999744125,train,1
S42699,17,14,2025-10-26,18,22,0.0034074683199947,0.0,0.4928202396254626,train,1
S42776,17,9,2025-10-26,18,18,0.0026614304487863,0.0,0.3841551607339823,train,1
S42813,17,25,2025-10-26,53,15,0.0014681859488046,0.0,0.3314878227272454,train,1
S42888,17,3,2025-10-26,38,32,0.0033309058926963,0.0,0.3766554772966866,train,1
S42998,17,25,2025-10-26,42,15,0.0012542276153778,0.0,0.3133270882243296,train,1
S43033,17,15,2025-10-26,25,27,0.0030835298237648,0.0,0.4420309467651128,train,1
S43285,17,24,2025-10-26,42,19,0.0033806229551104,0.0120216001789936,0.4927103756091791,train,1
S43287,17,2,2025-10-26,56,24,0.0032391815255448,0.0090494167344411,0.4654819824507215,train,1
S43288,17,6,2025-10-26,18,22,0.0032400697587447,0.0115645269189377,0.4556523755174484,train,1
S43289,17,6,2025-10-26,31,14,0.0032798571281851,0.0058232519991798,0.4656172575092501,train,1
S43292,17,1,2025-10-26,34,29,0.0034069807130819,0.0204832503437604,0.4355361734889207,train,1
S43293,17,1,2025-10-26,52,24,0.003388035424623,0.0189241416074097,0.4621833090106351,train,1
S43295,17,1,2025-10-26,60,21,0.0034319190337402,0.0068737688366753,0.4641425781836015,train,1
S43296,17,1,2025-10-26,47,16,0.0034003257306386,0.0238429683871982,0.4768825596281786,train,1
S43297,17,13,2025-10-26,43,20,0.003258170764592,0.0165183747123605,0.3748975556073907,train,1
S43298,17,18,2025-10-26,26,17,0.0017608246585443,0.0029940660863279,0.3929713993695067,train,1
S43301,17,8,2025-10-26,45,13,0.0030763749485406,0.0107877611103875,0.4750381708835485,train,1
S43302,17,13,2025-10-26,19,26,0.0028991904923629,0.022210305224114,0.4461050940467346,train,1
S43303,17,20,2025-10-26,59,18,0.0035317497584343,0.0143505578526714,0.4329128424703424,train,1
S43305,17,14,2025-10-26,21,26,0.0033615750942674,0.017115469151033,0.4720329474827063,train,1
S43306,17,24,2025-10-26,22,24,0.00345539670768,0.0082057378250254,0.3990492465352813,train,1
S43307,17,13,2025-10-26,35,21,0.0030745568313094,0.0096556976387253,0.4146190148604601,train,1
S43308,17,24,2025-10-26,34,17,0.0034095940497647,0.0138802444901932,0.4636804087605193,train,1
S43310,17,20,2025-10-26,43,25,0.0029553734406707,0.0061257441484969,0.4207134504522603,train,1
S43311,17,17,2025-10-26,41,16,0.0032644676431199,0.0125318095770102,0.3948602661808248,train,1
S43312,17,19,2025-10-26,25,23,0.0032985456788711,0.0127099722430415,0.5010380432131992,train,1
S43314,17,19,2025-10-26,62,25,0.0033676389967307,0.0028148592853542,0.3893958424043796,train,1
S43315,17,19,2025-10-26,13,21,0.0030105650471813,0.0050693904695459,0.403791026365851,train,1
S43316,17,24,2025-10-26,41,12,0.0033150294871398,0.0077216777947385,0.4695082984875884,train,1
S43318,17,18,2025-10-26,25,14,0.0035051483969781,0.0118034733560932,0.4300305717793297,train,1
S43319,17,24,2025-10-26,30,18,0.0033867917313288,0.0111343968749554,0.4058663426000733,train,1
S43320,17,24,2025-10-26,29,13,0.0036198149480161,0.0145110336410723,0.4992888786908715,train,1
S43465,17,25,2025-10-26,33,26,0.0014919863082475,0.013208060167099,0.2557492292912268,train,1
S43496,17,3,2025-10-26,34,24,0.0033646600951975,0.0048025448656253,0.4482522101595855,train,1
S43497,17,9,2025-10-26,18,20,0.0032972996039137,0.005050505050505,0.4498661387881346,train,1
S43498,17,9,2025-10-26,22,26,0.0032355213967977,0.0101130957468022,0.4401748010132196,train,1
S43503,17,15,2025-10-26,32,27,0.0032284483419907,0.00767859591389,0.4735792600200605,train,1
S43505,17,15,2025-10-26,45,20,0.0033458223342632,0.0116556539888954,0.5177889542578522,train,1
S43508,17,3,2025-10-26,29,16,0.0031768852903531,0.0049213573044032,0.4133424339136243,train,1
S43512,17,15,2025-10-26,17,21,0.0034068078594087,0.0138741002173436,0.4738334497946357,train,1
S43596,17,17,2025-10-26,30,31,0.002727821764496,0.0221319455830231,0.3501081792414191,train,1
S43597,17,2,2025-10-26,47,32,0.0028661498001962,0.034286333757108,0.3610298173719732,train,1
S00206,17,3,2025-10-26,15,21,0.0031749739927659,0.0,0.4036693956907295,train,2
S00207,17,3,2025-10-26,49,21,0.0032728759581033,0.0024246859373094,0.4070646915854007,train,2
S00211,17,15,2025-10-26,24,16,0.0034088403539091,0.0024002356770644,0.4807219140779789,train,2
S00238,17,25,2025-10-26,39,23,0.0012584634306657,0.0,0.3274418503942407,train,2
S00679,17,18,2025-10-26,55,25,0.0032089977138674,0.0,0.4424001860594382,train,2
S00683,17,24,2025-10-26,19,17,0.0036714848748023,0.0,0.5278003603242581,train,2
S00772,17,9,2025-10-26,54,21,0.0033952539086148,0.0,0.4964490282238769,train,2
S00774,17,3,2025-10-26,64,23,0.0034522494664372,0.0,0.4098302636733178,train,2
S00973,17,5,2025-10-26,23,17,0.0033697044240071,0.0,0.4775873000231493,train,2
S00975,17,1,2025-10-26,29,26,0.0034854898184222,0.0,0.4434764328438936,train,2
S00977,17,1,2025-10-26,39,29,0.0035381947534299,0.0,0.469187467028596,train,2
S00980,17,14,2025-10-26,31,14,0.0029543432594587,0.0,0.3803030119746636,train,2
S00984,17,14,2025-10-26,32,14,0.0032180968548887,0.0,0.4090464548543099,train,2
S00985,17,18,2025-10-26,56,14,0.003248978657496,0.0,0.4607987110694347,train,2
S01083,17,25,2025-10-26,45,18,0.001220811661154,0.0,0.2596044359711346,train,2
S01379,17,25,2025-10-26,42,17,0.0011448872989133,0.0,0.2176907693377308,train,2
S01380,17,25,2025-10-26,33,19,0.0007481616512589,0.0,0.2478857225398755,train,2
S01531,17,24,2025-10-26,24,30,0.0033417736706043,0.0103766803570842,0.4632702699974134,train,2
S01533,17,14,2025-10-26,51,31,0.0027551917835106,0.0,0.4685695101914437,train,2
S01814,17,3,2025-10-26,34,13,0.0032381693767026,0.0,0.4019184861212241,train,2
S01815,17,15,2025-10-26,37,29,0.0033894610620196,0.0086634418442497,0.4693872374484711,train,2
S01817,17,15,2025-10-26,48,19,0.0034262261335305,0.0058429000534913,0.510899110462796,train,2
S01818,17,15,2025-10-26,19,27,0.0033971410336648,0.0,0.4611067720951536,train,2
S01819,17,9,2025-10-26,35,19,0.0033774798524937,0.0,0.4071061115343393,train,2
S01820,17,3,2025-10-26,35,17,0.0031916538544822,0.0029311936209677,0.4388288494782353,train,2
S01821,17,9,2025-10-26,59,17,0.0034175959498475,0.0088547605473204,0.4682934243228207,train,2
S01825,17,3,2025-10-26,57,21,0.0034230158746049,0.0,0.4494656938753776,train,2
S01826,17,15,2025-10-26,32,26,0.0035661619093287,0.0056856369028722,0.4829406883529161,train,2
S01829,17,3,2025-10-26,55,24,0.0033229194767157,0.0,0.4295023239202717,train,2
S01884,17,3,2025-10-26,39,18,0.0032377136493345,0.0,0.4223588330617245,train,2
S01904,17,15,2025-10-26,28,14,0.0033934896838102,0.0,0.4961662165039914,train,2
S01927,17,20,2025-10-26,49,17,0.0035504055076227,0.0,0.4250662179072018,train,2
S01928,17,8,2025-10-26,45,22,0.0025815914484312,0.0,0.4862549002457334,train,2
S01931,17,7,2025-10-26,15,19,0.0030043854002021,0.0,0.4795994681575266,train,2
S01933,17,8,2025-10-26,44,31,0.0030166874770173,0.0,0.4752215483098738,train,2
S01934,17,24,2025-10-26,50,16,0.0033488390419102,0.0,0.4776497211947365,train,2
S01935,17,24,2025-10-26,57,27,0.0033891923725585,0.0,0.4271823409453896,train,2
S01936,17,7,2025-10-26,30,23,0.0032772705637905,0.0,0.5070670436304611,train,2
S01937,17,2,2025-10-26,52,18,0.0032127839306181,0.0,0.4795736534873967,train,2
S02051,17,7,2025-10-26,56,26,0.0029695989363193,0.0099261034551627,0.4481192253830335,train,2
S02352,17,25,2025-10-26,31,30,0.0013733906156238,0.0,0.2828435737498005,train,2
S02370,17,2,2025-10-26,45,15,0.0032025985077966,0.0,0.3941346790258853,train,2
S02557,17,8,2025-10-26,16,26,0.0031129591058681,0.0,0.5412615605539125,train,2
S02580,17,20,2025-10-26,57,24,0.0035592953237631,0.0,0.4674748039967607,train,2
S02581,17,24,2025-10-26,28,17,0.003614633678105,0.0,0.4051266025673084,train,2
S02772,17,15,2025-10-26,37,11,0.0031098209976394,0.0,0.4664202819977512,train,2
S02783,17,13,2025-10-26,51,24,0.0032167464424495,0.0,0.4663597051277728,train,2
S02804,17,5,2025-10-26,45,16,0.0033816201056431,0.0,0.4361586784479995,train,2
S02807,17,24,2025-10-26,45,17,0.0032582331854586,0.0,0.4667860538114395,train,2
S02808,17,19,2025-10-26,38,15,0.0033497373443751,0.0,0.4619948937865259,train,2
S02809,17,18,2025-10-26,32,20,0.003476710514101,0.0,0.3860502169218145,train,2
S02861,17,25,2025-10-26,57,15,0.0016864220978376,0.0,0.2539619525562484,train,2
S02984,17,1,2025-10-26,25,26,0.0032844883280429,0.0,0.4786043976171782,train,2
S02987,17,17,2025-10-26,24,25,0.0031148526913308,0.0028635300353764,0.4224617508466311,train,2
S02988,17,13,2025-10-26,39,17,0.0032033700519307,0.0,0.4010759655227858,train,2
S02991,17,20,2025-10-26,48,20,0.003378059521934,0.0,0.4929410886703413,train,2
S03035,17,3,2025-10-26,47,29,0.0032812132873378,0.0,0.4300579323002746,train,2
S03041,17,14,2025-10-26,23,14,0.0032668308119766,0.0061208404147885,0.4356909315714201,train,2
S03044,17,14,2025-10-26,48,27,0.0030635371920789,0.0104508369080662,0.4335074320499854,train,2
S03045,17,2,2025-10-26,20,15,0.0026885040503022,0.0090586809321145,0.410756357763679,train,2
S03046,17,2,2025-10-26,38,29,0.0029744756276986,0.0045085499160883,0.387112361140735,train,2
S03048,17,2,2025-10-26,38,15,0.003264588760232,0.0046724578820697,0.4117387246911903,train,2
S03049,17,6,2025-10-26,48,26,0.0030254756956898,0.0076942607317133,0.4799542080655068,train,2
S03051,17,8,2025-10-26,47,30,0.0029069520041825,0.0077735442982538,0.5033191574531651,train,2
S03052,17,1,2025-10-26,58,25,0.0035123390606858,0.0061811884174229,0.4033467381374857,train,2
S03054,17,6,2025-10-26,55,22,0.0029871377882764,0.0015078563258668,0.4716008862658878,train,2
S03057,17,24,2025-10-26,49,28,0.0035616032889965,0.0015234416908057,0.4380005149550516,train,2
S03058,17,19,2025-10-26,20,16,0.0029552817016551,0.0030899313003201,0.4434254659972504,train,2
S03059,17,20,2025-10-26,43,28,0.0034602699040309,0.0,0.4783326885317517,train,2
S03174,17,1,2025-10-26,16,26,0.0032154549851006,0.0030029485692188,0.382453999917594,train,2
S03325,17,25,2025-10-26,50,23,0.0013564593542439,0.0,0.3115725755517001,train,2
S03721,17,13,2025-10-26,49,19,0.0032545137484036,0.0,0.4621706223261091,train,2
S03723,17,19,2025-10-26,19,23,0.0031269538822828,0.0,0.4766080348931172,train,2
S03831,17,12,2025-10-26,26,13,0.0015188663954194,0.0,0.4345629510018962,train,2
S03897,17,2,2025-10-26,33,17,0.0032775903516916,0.0,0.4106597226528516,train,2
S03898,17,2,2025-10-26,40,24,0.0032759332665452,0.0,0.4347487826851909,train,2
S03899,17,2,2025-10-26,41,17,0.0031249733670497,0.0,0.4613341617401198,train,2
S03900,17,8,2025-10-26,32,15,0.0030919725750424,0.0,0.4762615605611213,train,2
S03901,17,17,2025-10-26,31,26,0.0032725445127377,0.0,0.4135299713025557,train,2
S03902,17,14,2025-10-26,33,17,0.0031909831055826,0.0,0.4462870727734405,train,2
S03904,17,19,2025-10-26,37,15,0.0031677924571497,0.0,0.529380165588124,train,2
S03932,17,25,2025-10-26,63,23,0.0016985464653505,0.0,0.2620138529832345,train,2
S03933,17,25,2025-10-26,41,17,0.0023784714366626,0.0,0.2622073495811514,train,2
S03985,17,2,2025-10-26,30,16,0.0032022619554757,0.0,0.4418694716003782,train,2
S03986,17,14,2025-10-26,35,20,0.0033093723865605,0.0,0.4384182477760632,train,2
S03987,17,19,2025-10-26,23,19,0.0033698618106974,0.0,0.41318948189076,train,2
S04030,17,3,2025-10-26,55,26,0.0034261536977607,0.0,0.3814378404663991,train,2
S04235,17,25,2025-10-26,21,20,0.0021458325798302,0.0,0.2510449043532037,train,2
S04489,17,15,2025-10-26,32,16,0.003347563567275,0.0,0.46670463502142,train,2
S04491,17,15,2025-10-26,56,26,0.0035223288003214,0.0,0.4045198362865426,train,2
S04493,17,3,2025-10-26,44,19,0.003393664097553,0.0,0.4584081470819193,train,2
S04524,17,18,2025-10-26,22,26,0.0034215955897459,0.0,0.4715371574739345,train,2
S04525,17,14,2025-10-26,34,19,0.0031889069671814,0.0,0.4300690172790251,train,2
S04529,17,7,2025-10-26,57,28,0.0030133666833653,0.0,0.4745860478567274,train,2
S04530,17,18,2025-10-26,45,15,0.0029623668194482,0.0,0.3910669949022039,train,2
S04531,17,20,2025-10-26,37,21,0.0032244956049387,0.0,0.448624708181756,train,2
S04625,17,15,2025-10-26,27,21,0.0036394557687324,0.0,0.4644786568468513,train,2
S04626,17,3,2025-10-26,39,28,0.0034155972929701,0.0,0.4634075313843215,train,2
S04628,17,15,2025-10-26,36,30,0.0033923391257485,0.0,0.4876977451367996,train,2
S04758,17,18,2025-10-26,34,23,0.0023195876464266,0.0,0.3836420476919794,train,2
S04759,17,13,2025-10-26,17,19,0.0028811370196188,0.0,0.4692111126880518,train,2
S04761,17,2,2025-10-26,39,28,0.0032759500994251,0.0,0.4411225146628745,train,2
S04762,17,2,2025-10-26,55,29,0.0028238730173157,0.0,0.4245267891072152,train,2
S04763,17,8,2025-10-26,30,29,0.0032560740181129,0.0,0.4938031189914801,train,2
S04764,17,24,2025-10-26,32,25,0.0032966765194006,0.0,0.4391607843475292,train,2
S04765,17,7,2025-10-26,34,20,0.0032661701491393,0.0,0.4922151061962816,train,2
S04767,17,18,2025-10-26,36,18,0.0028491411864583,0.0,0.3947443398612149,train,2
S04768,17,20,2025-10-26,58,25,0.0035970912823716,0.0,0.4461533384000962,train,2
S04827,17,7,2025-10-26,42,31,0.0032996487067583,0.0,0.5044893126146918,train,2
S04829,17,2,2025-10-26,45,22,0.0031811193914007,0.0,0.441372228282705,train,2
S04830,17,6,2025-10-26,22,21,0.0032372440374428,0.0,0.5122582371800578,train,2
S04832,17,14,2025-10-26,26,20,0.0032897081963017,0.0,0.4470502809895275,train,2
S04835,17,14,2025-10-26,26,24,0.0032210052174562,0.0,0.4596285860811202,train,2
S04839,17,24,2025-10-26,46,20,0.0033170813889333,0.0,0.4773963328103982,train,2
S05105,17,25,2025-10-26,28,15,0.0015500744426023,0.0,0.2610209476434657,train,2
S05120,17,20,2025-10-26,58,19,0.0034574425317361,0.0,0.4559820862609944,train,2
S05158,17,12,2025-10-26,58,29,0.0018819577015458,0.0,0.416224073748022,train,2
S05242,17,15,2025-10-26,33,14,0.0034565830074444,0.0,0.4955929333586615,train,2
S05311,17,25,2025-10-26,53,26,0.0009308708338338,0.0,0.2418041145291576,train,2
S05935,17,15,2025-10-26,40,17,0.0035314047977378,0.0,0.4596416968946571,train,2
S06044,17,8,2025-10-26,42,29,0.0025514361746133,0.0,0.4513636919973118,train,2
S06079,17,25,2025-10-26,32,16,0.0011816622520472,0.0,0.2208314245788514,train,2
S06643,17,9,2025-10-26,14,22,0.0031146919018399,0.0030082651631393,0.4484225365972252,train,2
S06647,17,9,2025-10-26,33,20,0.0031582107318555,0.0123768078046107,0.4511687222099994,train,2
S06649,17,3,2025-10-26,22,23,0.0031110742429807,0.0061776157759153,0.4798326701692717,train,2
S06735,17,25,2025-10-26,39,27,0.0012758396233234,0.0,0.2768978704560199,train,2
S06782,17,1,2025-10-26,59,28,0.0033838733461775,0.0,0.4351371630812362,train,2
S06807,17,11,2025-10-26,44,32,0.002881063075242,0.0,0.374645931075587,train,2
S06962,17,8,2025-10-26,32,28,0.0031706036860896,0.0,0.4263351069882551,train,2
S06964,17,5,2025-10-26,26,21,0.0032833911721582,0.0044857822364828,0.4707619005921067,train,2
S06967,17,1,2025-10-26,29,30,0.0033553041541118,0.0022461144930876,0.4025099575773831,train,2
S06968,17,1,2025-10-26,57,18,0.0036792072210971,0.0,0.4822055245332639,train,2
S06976,17,18,2025-10-26,32,31,0.003367934658821,0.0137560719079976,0.4554608836050111,train,2
S06980,17,20,2025-10-26,28,30,0.0036150517485135,0.0,0.4657121491927074,train,2
S06981,17,14,2025-10-26,55,28,0.0033096995038714,0.0,0.454488367693991,train,2
S06982,17,13,2025-10-26,33,24,0.0033447159518704,0.0,0.4225094588236751,train,2
S06983,17,24,2025-10-26,31,29,0.0037692367281221,0.0,0.4419617037447031,train,2
S06984,17,17,2025-10-26,48,25,0.003328999733778,0.0,0.4090574178618268,train,2
S06987,17,20,2025-10-26,13,23,0.0032530910238347,0.0045040146448443,0.4822124196654791,train,2
S06988,17,19,2025-10-26,49,23,0.0031152015865453,0.0022570390554041,0.4210332915983576,train,2
S07212,17,8,2025-10-26,38,17,0.0026770067900819,0.0,0.4573831019924558,train,2
S07213,17,14,2025-10-26,48,28,0.0030395386195336,0.0,0.446241001774244,train,2
S07214,17,13,2025-10-26,53,19,0.003157206492282,0.0,0.4629600286391603,train,2
S07215,17,2,2025-10-26,42,23,0.0032534692960872,0.0,0.4697789531259292,train,2
S07221,17,20,2025-10-26,40,27,0.0033662728737113,0.0,0.4681918840683308,train,2
S07222,17,1,2025-10-26,33,30,0.0034385331040242,0.0,0.4434019430012768,train,2
S07224,17,1,2025-10-26,24,15,0.0034105579493298,0.0,0.4214963355873993,train,2
S07226,17,5,2025-10-26,64,23,0.0034457255828296,0.0,0.4587172110274087,train,2
S07227,17,20,2025-10-26,58,27,0.0032536465100252,0.0,0.4367477693128399,train,2
S07228,17,17,2025-10-26,46,15,0.0035066191000921,0.0,0.4281335336154555,train,2
S07273,17,6,2025-10-26,46,27,0.003139138599878,0.0056861735598649,0.4559465773287594,train,2
S07276,17,1,2025-10-26,40,17,0.0034212285546351,0.0071443151663604,0.4772516093533279,train,2
S07278,17,1,2025-10-26,30,17,0.0036219842544799,0.0119004860761918,0.4332057017998851,train,2
S07281,17,1,2025-10-26,56,18,0.0034731753338007,0.0102352730043571,0.41592468655079,train,2
S07284,17,17,2025-10-26,50,17,0.0034737737826598,0.0014720168704388,0.422463074178313,train,2
S07285,17,14,2025-10-26,34,20,0.0029810615505319,0.0156938057263588,0.4074540513584193,train,2
S07286,17,14,2025-10-26,57,19,0.0032609705051364,0.0101130781081945,0.4257678247041139,train,2
S07287,17,18,2025-10-26,35,28,0.0032650320164228,0.0043320984964044,0.4688757001008802,train,2
S07288,17,17,2025-10-26,38,13,0.0032149453251812,0.0102870254558787,0.4120015802691179,train,2
S07289,17,17,2025-10-26,32,30,0.0033969081456144,0.0159093223914909,0.3904757341733365,train,2
S07291,17,13,2025-10-26,58,18,0.0032806861167911,0.0130708067782346,0.4429177167375521,train,2
S07292,17,20,2025-10-26,49,19,0.0032041432007153,0.00143715553088,0.4503481812482981,train,2
S07293,17,20,2025-10-26,15,18,0.0032871476099684,0.0044588387281992,0.4097202940801421,train,2
S07294,17,20,2025-10-26,14,21,0.0033607157850607,0.0148390987860004,0.4828159362486224,train,2
S07295,17,24,2025-10-26,27,17,0.0036562973336796,0.0028682646998565,0.4563786795955427,train,2
S07300,17,18,2025-10-26,15,21,0.0033620052635615,0.0128136816775524,0.4060641946346093,train,2
S07345,17,25,2025-10-26,54,20,0.0011892910603027,0.0,0.2195477128842853,train,2
S07560,17,3,2025-10-26,21,20,0.0032397320826194,0.0,0.4303641264105191,train,2
S07563,17,15,2025-10-26,26,21,0.0033869881273229,0.0,0.4717308310658715,train,2
S07564,17,3,2025-10-26,22,15,0.0034049753910719,0.0,0.3971879919857686,train,2
S07619,17,13,2025-10-26,22,29,0.0031121585725291,0.0131972888466976,0.4369136147449739,train,2
S07666,17,14,2025-10-26,61,25,0.0031837543054506,0.0061970074812967,0.4510535593902491,train,2
S07669,17,14,2025-10-26,22,23,0.0033032468385505,0.0075988406252935,0.459436146072706,train,2
S07670,17,8,2025-10-26,40,13,0.0029534588585498,0.0098488001109723,0.4261370792981705,train,2
S07673,17,2,2025-10-26,38,16,0.003197407038587,0.0053354460411419,0.4347171651131097,train,2
S07675,17,20,2025-10-26,22,28,0.003659636748656,0.0051994409293294,0.3344356025299022,train,2
S07679,17,5,2025-10-26,32,17,0.0032732330450438,0.0072200742553195,0.4344421991278988,train,2
S07680,17,2,2025-10-26,30,29,0.0030638399749774,0.0126522663340249,0.4243520910155856,train,2
S07681,17,5,2025-10-26,56,18,0.0034340794062428,0.0093375418028782,0.4390870071271361,train,2
S07682,17,8,2025-10-26,18,27,0.0022912385859382,0.01319886601292,0.4948665008825695,train,2
S07683,17,24,2025-10-26,52,24,0.0033150271360681,0.0031299397313415,0.4434457416574587,train,2
S07685,17,7,2025-10-26,40,15,0.0033058648137041,0.0084525965798447,0.4525404689151625,train,2
S07688,17,18,2025-10-26,55,14,0.0031735834515008,0.015131646191753,0.3983196396617319,train,2
S07691,17,20,2025-10-26,56,24,0.0034765037262316,0.0158404355004239,0.410776332472649,train,2
S07692,17,24,2025-10-26,30,29,0.0034756141287179,0.0032146645623657,0.4956372175954717,train,2
S07693,17,20,2025-10-26,45,26,0.0033702570025633,0.0126256692303295,0.4249686134617077,train,2
S07780,17,9,2025-10-26,39,11,0.0028030613918223,0.0064498965031697,0.4255116430667667,train,2
S07888,17,2,2025-10-26,50,25,0.0032780801673521,0.0,0.4493408030138124,train,2
S08047,17,15,2025-10-26,28,29,0.0033558401255347,0.0071587529077932,0.4521377252423996,train,2
S08050,17,9,2025-10-26,60,19,0.0032420355515311,0.0023629703059737,0.4636306365528668,train,2
S08052,17,15,2025-10-26,37,18,0.0034025211795188,0.0034612438192074,0.4378458019849285,train,2
S08053,17,9,2025-10-26,20,21,0.0032447417162154,0.0115356316396612,0.4544911371543069,train,2
S08055,17,3,2025-10-26,40,15,0.003406526000673,0.0034519162649849,0.3975367963982971,train,2
S08059,17,15,2025-10-26,40,16,0.0034274529353913,0.0153038625613184,0.4608858580234738,train,2
S08061,17,3,2025-10-26,30,28,0.0032532959896268,0.0083429256594724,0.4750715039861742,train,2
S08402,17,7,2025-10-26,25,13,0.0032089370079483,0.0056972414805032,0.4928835541662549,train,2
S08403,17,14,2025-10-26,54,13,0.003162782936169,0.0033748913515862,0.394930935374197,train,2
S08462,17,7,2025-10-26,29,17,0.0032609798916233,0.0,0.4553802298649743,train,2
S08463,17,1,2025-10-26,44,22,0.0034048532711898,0.0,0.487520620764095,train,2
S08464,17,1,2025-10-26,40,18,0.0034261697535922,0.0,0.4468209877342843,train,2
S08466,17,14,2025-10-26,24,17,0.0033932528712133,0.0,0.4698878780128428,train,2
S08482,17,13,2025-10-26,46,16,0.0032195722181327,0.0,0.44818176827634,train,2
S08494,17,17,2025-10-26,21,18,0.0030571065503751,0.0,0.3865750391349332,train,2
S08495,17,18,2025-10-26,56,29,0.0031020354726003,0.0,0.4322698761563038,train,2
S08877,17,2,2025-10-26,46,21,0.0030656967239304,0.0,0.4439236895533143,train,2
S08879,17,1,2025-10-26,39,17,0.0033958675077819,0.0,0.4587147929971058,train,2
S08880,17,1,2025-10-26,32,20,0.0034803021458218,0.0,0.4201949186019004,train,2
S08882,17,20,2025-10-26,14,19,0.0035310021039163,0.0,0.4239805083648496,train,2
S08883,17,20,2025-10-26,62,26,0.0034764629637638,0.0,0.4587896525397996,train,2
S09110,17,15,2025-10-26,46,29,0.0033637812741027,0.006143766611039,0.4857858039816689,train,2
S09113,17,9,2025-10-26,48,20,0.0034341522161626,0.0,0.4834071263758827,train,2
S09118,17,15,2025-10-26,47,25,0.0035142173754498,0.0,0.4203300689791463,train,2
S09138,17,19,2025-10-26,61,18,0.0031205380080357,0.0,0.407426658433238,train,2
S09139,17,19,2025-10-26,52,21,0.0032451779644693,0.0,0.429264393477372,train,2
S09169,17,25,2025-10-26,46,29,0.0008837719441827,0.0,0.2902412132382667,train,2
S09332,17,12,2025-10-26,53,30,0.0015538709624971,0.0,0.4418987688629434,train,2
S09495,17,18,2025-10-26,36,22,0.0028780453162358,0.0,0.2853135186228118,train,2
S09497,17,8,2025-10-26,28,18,0.0027568450941644,0.0,0.4435599296171828,train,2
S09498,17,5,2025-10-26,49,20,0.0033235770539243,0.0,0.4703401010461701,train,2
S09499,17,1,2025-10-26,34,14,0.0033684926851458,0.0,0.5019477109414645,train,2
S09501,17,24,2025-10-26,28,24,0.0035184235164694,0.0,0.4223586084645437,train,2
S09502,17,19,2025-10-26,36,13,0.0031612586492302,0.0,0.4815234112375792,train,2
S09533,17,13,2025-10-26,25,25,0.0034115537655128,0.0,0.3973778213833122,train,2
S09535,17,7,2025-10-26,38,30,0.0031517618824034,0.0,0.4284279860030546,train,2
S09537,17,24,2025-10-26,41,25,0.0034704764273273,0.0,0.4179385390601879,train,2
S10282,17,14,2025-10-26,52,23,0.0032185077055106,0.0,0.437696898933821,train,2
S10286,17,6,2025-10-26,55,17,0.0030458624109783,0.0,0.4708233503757608,train,2
S10287,17,7,2025-10-26,54,16,0.0034634773546201,0.0,0.4990863728379094,train,2
S10288,17,8,2025-10-26,32,24,0.0029528837815199,0.0,0.4864829234875517,train,2
S10289,17,18,2025-10-26,24,14,0.0031604175569796,0.0,0.4711463696485943,train,2
S10485,17,17,2025-10-26,29,27,0.0035378363479114,0.0,0.3793975532789237,train,2
S10486,17,1,2025-10-26,38,31,0.00335109188994,0.0,0.4059982201407902,train,2
S10621,17,11,2025-10-26,25,30,0.0033241455376918,0.0,0.3667485300465971,train,2
S10689,17,14,2025-10-26,32,17,0.0032317937251283,0.0,0.3934996089977964,train,2
S10736,17,15,2025-10-26,49,24,0.0033678979924704,0.0,0.4845248273664004,train,2
S10744,17,2,2025-10-26,34,30,0.0032430847715611,0.0,0.4588816330197985,train,2
S10747,17,17,2025-10-26,16,23,0.0033755312561894,0.0,0.4061688401366505,train,2
S10749,17,13,2025-10-26,50,27,0.0030978759829875,0.0,0.4611709137918565,train,2
S10751,17,19,2025-10-26,39,19,0.0033924242330891,0.0,0.4851089128819374,train,2
S10783,17,25,2025-10-26,64,21,0.0014709922966022,0.0,0.3727113901206411,train,2
S10859,17,15,2025-10-26,27,12,0.0027741526594833,0.0207136903222097,0.3870380880746463,train,2
S11229,17,7,2025-10-26,25,14,0.0033582046568782,0.0131244970936283,0.4584815397900068,train,2
S11230,17,8,2025-10-26,28,23,0.0031733129182726,0.0224138213782019,0.4829781099088867,train,2
S11231,17,8,2025-10-26,37,30,0.0026667383695669,0.0234427051089295,0.4955040307581215,train,2
S11232,17,7,2025-10-26,39,30,0.0031964325579551,0.0171500543487637,0.432203720903782,train,2
S11237,17,5,2025-10-26,59,27,0.0031111405754016,0.0183564926910544,0.4633495296296666,train,2
S11238,17,5,2025-10-26,51,17,0.0032818606292314,0.0021149476156838,0.4590507391711609,train,2
S11239,17,17,2025-10-26,46,19,0.0033299548555883,0.0089309489153642,0.4024243235823233,train,2
S11240,17,13,2025-10-26,50,24,0.0031862770754975,0.0031449674983112,0.4296836207601848,train,2
S11243,17,24,2025-10-26,38,20,0.0031148762083262,0.0294521072630801,0.4168705776964443,train,2
S11244,17,18,2025-10-26,65,20,0.003305699918711,0.0213695491602516,0.4092544512187901,train,2
S11247,17,24,2025-10-26,62,26,0.0033745930720157,0.0205321287285978,0.4755047379429244,train,2
S11501,17,20,2025-10-26,63,26,0.0033654049927087,0.0203664318585086,0.4079939499658824,train,2
S11502,17,8,2025-10-26,23,13,0.0032232619489021,0.0126205253448649,0.4704931512015523,train,2
S11503,17,2,2025-10-26,46,32,0.0031800786160793,0.0127717530965719,0.4592468941482705,train,2
S11590,17,1,2025-10-26,57,24,0.0035310772760708,0.0,0.4781855796568887,train,2
S11593,17,13,2025-10-26,41,25,0.0031693125045975,0.0,0.4116508140464736,train,2
S11595,17,13,2025-10-26,37,15,0.0029811291921496,0.0,0.442113406900737,train,2
S11596,17,14,2025-10-26,42,30,0.003088308843283,0.0,0.4314124995375414,train,2
S11597,17,20,2025-10-26,24,17,0.0034943766055398,0.0091988487557492,0.4275295766173459,train,2
S11598,17,19,2025-10-26,40,19,0.0031069870418377,0.0,0.4394337626484828,train,2
S11659,17,15,2025-10-26,47,19,0.0035198632666532,0.0,0.4950220136916645,train,2
S12002,17,15,2025-10-26,27,31,0.0032736809236685,0.0,0.4749688222787863,train,2
S12065,17,17,2025-10-26,19,15,0.0027745719000414,0.0,0.4601796430882394,train,2
S12229,17,6,2025-10-26,32,17,0.0032998054164259,0.0,0.4508497823933349,train,2
S12231,17,7,2025-10-26,57,24,0.0032588749913663,0.0,0.4822936530905998,train,2
S12234,17,8,2025-10-26,24,16,0.0032058229981135,0.0,0.4649339046858275,train,2
S12236,17,14,2025-10-26,35,23,0.0032051530917494,0.0052142347559696,0.4112629139143322,train,2
S12238,17,18,2025-10-26,30,26,0.0035659445933499,0.0026708368263794,0.4584014406903753,train,2
S12240,17,20,2025-10-26,45,21,0.0031274833258932,0.0,0.4587436583818604,train,2
S12242,17,19,2025-10-26,49,30,0.0032473972243464,0.0,0.3719101570677344,train,2
S12245,17,24,2025-10-26,39,23,0.0033748522215454,0.0,0.4450863966595045,train,2
S12246,17,19,2025-10-26,42,27,0.0032867264846214,0.0,0.4404707530438996,train,2
S12251,17,24,2025-10-26,18,19,0.0034578843142384,0.007973944294699,0.4603596021858672,train,2
S12253,17,24,2025-10-26,63,23,0.0031481415824459,0.0,0.4515284157862506,train,2
S12254,17,19,2025-10-26,14,22,0.0030904958526378,0.0,0.5115162521738081,train,2
S12384,17,14,2025-10-26,46,16,0.0034457433521863,0.0,0.4469886078868799,train,2
S12385,17,5,2025-10-26,18,17,0.0033255579702604,0.0039944704312742,0.4495347843402803,train,2
S12386,17,2,2025-10-26,19,27,0.003090254951765,0.0,0.4387007123190101,train,2
S12388,17,2,2025-10-26,56,14,0.003163133685188,0.0,0.4014693746021917,train,2
S12389,17,5,2025-10-26,39,17,0.0034599532515275,0.0,0.4746816267492844,train,2
S12390,17,13,2025-10-26,54,23,0.00293612697497,0.0,0.4554969150319085,train,2
S12391,17,1,2025-10-26,54,25,0.0035059828895936,0.0,0.5098605061294442,train,2
S12458,17,25,2025-10-26,14,23,0.0020637211667952,0.0,0.4012747740138937,train,2
S12732,17,9,2025-10-26,65,21,0.0031870734205701,0.0,0.4725837628667365,train,2
S12733,17,3,2025-10-26,51,14,0.0032074178232789,0.0,0.446085290293507,train,2
S12734,17,3,2025-10-26,46,14,0.0034578044468618,0.0,0.4457427890114543,train,2
S13051,17,8,2025-10-26,38,19,0.0030218019991478,0.0,0.4719611907668526,train,2
S13052,17,19,2025-10-26,45,13,0.0033653993630318,0.0,0.4643628225953904,train,2
S13053,17,19,2025-10-26,40,30,0.0028864415499126,0.0,0.4449973877332144,train,2
S13054,17,20,2025-10-26,38,13,0.0034442606554788,0.0,0.5039769212650561,train,2
S13055,17,11,2025-10-26,44,11,0.003047787369115,0.0,0.4950271517506728,train,2
S13220,17,13,2025-10-26,59,24,0.0031360318866905,0.0,0.4299327211922335,train,2
S13439,17,2,2025-10-26,43,24,0.002805885841304,0.0,0.4389333289468997,train,2
S13445,17,9,2025-10-26,44,32,0.0029480801580352,0.0,0.4760833106504776,train,2
S13460,17,8,2025-10-26,36,32,0.0026257557016529,0.0,0.4664914534939267,train,2
S13608,17,7,2025-10-26,15,26,0.0028784616694254,0.0206545991028548,0.4941759662595102,train,2
S13609,17,13,2025-10-26,42,32,0.0032203464235612,0.0102231821454283,0.3688174866938833,train,2
S13618,17,2,2025-10-26,28,28,0.0029051214613068,0.001840924833224,0.4294623057543561,train,2
S13620,17,7,2025-10-26,55,14,0.0032943957590421,0.0075417871152284,0.4619945886870886,train,2
S13622,17,7,2025-10-26,21,28,0.0031559118897449,0.0018577911349346,0.4601133287451899,train,2
S13625,17,14,2025-10-26,37,18,0.0031889726279173,0.0,0.4204037616925351,train,2
S13626,17,5,2025-10-26,48,20,0.0032751193477029,0.0018732097090306,0.4663798562302057,train,2
S13627,17,5,2025-10-26,26,18,0.0034490408574046,0.0,0.4346418027620526,train,2
S13629,17,17,2025-10-26,53,26,0.0031063629514539,0.0,0.4306035564699835,train,2
S13630,17,5,2025-10-26,42,15,0.0031587313264979,0.0018656576349317,0.4712717497814762,train,2
S13632,17,19,2025-10-26,46,15,0.0031980253409182,0.0018828967058778,0.470593049354897,train,2
S13634,17,24,2025-10-26,35,19,0.0032680406800756,0.0091658183213089,0.4435094426187116,train,2
S13635,17,24,2025-10-26,47,23,0.0032905793789347,0.0018845030902817,0.4405562021892028,train,2
S13649,17,3,2025-10-26,21,14,0.001797997493345,0.0056564690885914,0.3652684327641567,train,2
S13650,17,15,2025-10-26,37,32,0.0033437065092778,0.0056413166855845,0.4613763467537394,train,2
S13936,17,14,2025-10-26,20,27,0.0032206037276197,0.0116180309346631,0.4901007717627239,train,2
S13938,17,14,2025-10-26,25,17,0.0031208630974423,0.006732611033896,0.4129829335407728,train,2
S13939,17,1,2025-10-26,39,27,0.0031381907348381,0.0066077420933114,0.4134309184813098,train,2
S13942,17,24,2025-10-26,34,31,0.0033095580731881,0.0157707685473123,0.4179316037351557,train,2
S13944,17,19,2025-10-26,35,17,0.00314217226492,0.0104755355670252,0.4721621978805623,train,2
S13945,17,18,2025-10-26,43,16,0.001556222398814,0.016685906723173,0.2901505755435505,train,2
S13946,17,18,2025-10-26,46,22,0.0031047873239784,0.0026064200793987,0.4041466730039221,train,2
S13947,17,19,2025-10-26,28,20,0.0033478975465183,0.0079862450186399,0.4357661810604492,train,2
S13948,17,20,2025-10-26,20,25,0.0035702348936193,0.0064734782767262,0.4746881579881421,train,2
S13949,17,18,2025-10-26,31,29,0.003388873045883,0.0093142176351686,0.490520572131127,train,2
S13950,17,7,2025-10-26,37,12,0.0033551793689395,0.0105578170597966,0.491457178794271,train,2
S13951,17,20,2025-10-26,62,17,0.0032013856676852,0.0052923574950217,0.4145336506589118,train,2
S14092,17,9,2025-10-26,34,16,0.003274246138001,0.0039627485687859,0.4154742191411912,train,2
S14096,17,3,2025-10-26,28,27,0.0033158016227978,0.005174536491154,0.4105758100828251,train,2
S14101,17,15,2025-10-26,25,23,0.0033926400786149,0.0052847603249542,0.4992937259640604,train,2
S14107,17,3,2025-10-26,29,19,0.0032426334743443,0.0064117946058358,0.4723806754299564,train,2
S14215,17,25,2025-10-26,15,23,0.001611257667757,0.0,0.3839745254647515,train,2
S14378,17,6,2025-10-26,45,15,0.0031901116681834,0.0,0.4627585494646664,train,2
S14380,17,17,2025-10-26,60,27,0.0033027349943485,0.0,0.3898544096152143,train,2
S14381,17,18,2025-10-26,37,23,0.0032478495158052,0.0,0.3639317251333073,train,2
S14382,17,19,2025-10-26,37,13,0.003192091420378,0.0,0.4709513907514228,train,2
S14384,17,24,2025-10-26,14,21,0.0033851582544969,0.0,0.4623223284719728,train,2
S14761,17,25,2025-10-26,24,23,0.0014138575939497,0.0,0.3119043248546275,train,2
S14762,17,25,2025-10-26,31,27,0.0015563129489961,0.0,0.2938307524425715,train,2
S14806,17,13,2025-10-26,33,29,0.0031831973146468,0.0,0.4521482963294809,train,2
S14809,17,6,2025-10-26,24,22,0.0032132253581968,0.0,0.485633133432904,train,2
S14811,17,6,2025-10-26,29,27,0.0032592917461484,0.0,0.4535963962353724,train,2
S15089,17,25,2025-10-26,38,15,0.0011774439805618,0.0,0.2500298392587255,train,2
S15090,17,25,2025-10-26,19,21,0.0016140488063479,0.0,0.4243046566905303,train,2
S15504,17,9,2025-10-26,48,27,0.0032571559179505,0.0133564450894236,0.4509124074073747,train,2
S15505,17,9,2025-10-26,26,15,0.003415301516327,0.0,0.4437574253300038,train,2
S15507,17,3,2025-10-26,50,15,0.0031944451505241,0.0016465568078663,0.426642526839449,train,2
S15516,17,15,2025-10-26,33,23,0.0033433566624273,0.0016391928706653,0.4511482895422934,train,2
S15556,17,7,2025-10-26,46,25,0.0031534416451222,0.0100819539110678,0.4825448030781494,train,2
S15557,17,7,2025-10-26,30,18,0.003181606849303,0.0067398283852551,0.4428569409203872,train,2
S15558,17,6,2025-10-26,53,24,0.0032420423430699,0.0,0.4698094128092854,train,2
S15559,17,6,2025-10-26,39,21,0.0031893434369276,0.0016441220156869,0.4455123383976513,train,2
S15563,17,1,2025-10-26,30,23,0.0035105523970922,0.0016423942605425,0.4246081220303216,train,2
S15566,17,14,2025-10-26,36,18,0.003192880884235,0.001661868314491,0.4303978416017653,train,2
S15568,17,14,2025-10-26,28,13,0.0031038727985733,0.0,0.419385461031886,train,2
S15569,17,2,2025-10-26,15,24,0.0028205961928038,0.0066687464568091,0.4579750788533293,train,2
S15578,17,13,2025-10-26,49,18,0.0033630257595194,0.0,0.4405441509796839,train,2
S15580,17,8,2025-10-26,18,18,0.002940532682316,0.004893466188807,0.4722949833804845,train,2
S15581,17,13,2025-10-26,59,20,0.0031812629716808,0.0,0.5018570110583062,train,2
S15582,17,13,2025-10-26,14,24,0.0032383519377089,0.0,0.4481868421699794,train,2
S15588,17,19,2025-10-26,29,13,0.0030181513415301,0.0049692546118082,0.4481955264210128,train,2
S15589,17,18,2025-10-26,45,30,0.0032542650726227,0.0049439945884646,0.3852099033771878,train,2
S15590,17,24,2025-10-26,45,26,0.0035145837375499,0.0065760312262247,0.4308240890415559,train,2
S15592,17,8,2025-10-26,24,14,0.0028140296974329,0.0115457499095654,0.4974420763192512,train,2
S15593,17,17,2025-10-26,57,17,0.0034199706656435,0.0166196834568941,0.4155967519093268,train,2
S15594,17,20,2025-10-26,21,21,0.0033554491335437,0.0016735020977702,0.4648909413988802,train,2
S15595,17,24,2025-10-26,38,27,0.0033342560512506,0.0016970566140818,0.4419236984957933,train,2
S15597,17,19,2025-10-26,53,15,0.0033802113319413,0.0032834213647009,0.4214759080377017,train,2
S15598,17,18,2025-10-26,44,14,0.0032034167057665,0.0114704912627761,0.4010170490161905,train,2
S15602,17,24,2025-10-26,36,15,0.0034823619357933,0.0033171480535949,0.4708776194994288,train,2
S15603,17,24,2025-10-26,54,23,0.0034939346816449,0.0,0.4600817596862807,train,2
S15605,17,24,2025-10-26,37,20,0.0034511147774514,0.0115249812830858,0.4444367881845199,train,2
S15783,17,3,2025-10-26,48,22,0.0033476675396965,0.0018404340017404,0.4127132692011999,train,2
S15784,17,3,2025-10-26,30,23,0.0034173067935197,0.001889769767486,0.4632673626982733,train,2
S15785,17,3,2025-10-26,51,20,0.0033446153347449,0.0,0.4661770828206816,train,2
S15790,17,3,2025-10-26,39,21,0.0032035306754024,0.0,0.4504373219989399,train,2
S15792,17,15,2025-10-26,41,17,0.00350809798449,0.0,0.4906228233197998,train,2
S16094,17,25,2025-10-26,59,23,0.0010907988785458,0.0,0.2941325534994543,train,2
S16096,17,25,2025-10-26,23,27,0.0018102828420594,0.0074039313832837,0.3296594426972457,train,2
S16370,17,3,2025-10-26,35,32,0.0033775012560462,0.0,0.4262274227384077,train,2
S16428,17,14,2025-10-26,24,22,0.0031470326805777,0.0,0.4176901852883015,train,2
S16429,17,13,2025-10-26,43,12,0.0034059384661179,0.0,0.4442098173075142,train,2
S16432,17,1,2025-10-26,33,26,0.0034080782589514,0.0,0.4072023776150186,train,2
S16457,17,25,2025-10-26,46,22,0.0012783787528674,0.0,0.3903996102900894,train,2
S16580,17,25,2025-10-26,36,28,0.001546924311204,0.0,0.3017912159369051,train,2
S16582,17,25,2025-10-26,34,29,0.0015360996076182,0.0,0.2757009903795253,train,2
S16715,17,6,2025-10-26,55,26,0.0031764496492937,0.0,0.4357858945851662,train,2
S16716,17,6,2025-10-26,55,20,0.0031830043941073,0.0,0.4689344310299845,train,2
S16718,17,2,2025-10-26,50,23,0.0030571910929234,0.0,0.4326378348945456,train,2
S16719,17,5,2025-10-26,20,26,0.003272442428243,0.0025388749259281,0.4591084111548946,train,2
S16720,17,5,2025-10-26,18,19,0.0034867157394556,0.0025643010086938,0.4294594636752134,train,2
S16721,17,14,2025-10-26,21,28,0.0033147346596745,0.0,0.467502932825053,train,2
S16724,17,8,2025-10-26,16,24,0.0029193226007084,0.0,0.4741358156117949,train,2
S16728,17,18,2025-10-26,43,21,0.0028745945643556,0.0,0.3169970678081722,train,2
S16730,17,19,2025-10-26,36,20,0.0031986131280826,0.0,0.413441558218754,train,2
S16731,17,17,2025-10-26,32,14,0.0035696376992263,0.0,0.4367274269950469,train,2
S16732,17,19,2025-10-26,55,19,0.0033642022333843,0.0,0.4347478821777266,train,2
S16734,17,18,2025-10-26,48,19,0.0031376464831981,0.0,0.33175414807426,train,2
S16739,17,24,2025-10-26,21,24,0.0036730111673569,0.0,0.471615953020229,train,2
S16740,17,24,2025-10-26,60,24,0.0034664129379154,0.0025545738179313,0.4963710224566888,train,2
S16821,17,7,2025-10-26,51,28,0.0032014620136115,0.0,0.5033472695885978,train,2
S16948,17,3,2025-10-26,63,25,0.0032235576608451,0.0,0.3700383895122088,train,2
S16949,17,9,2025-10-26,39,17,0.0032318295867443,0.0,0.4459275469389309,train,2
S16950,17,9,2025-10-26,47,18,0.0033302378810797,0.0,0.4989935158277306,train,2
S16953,17,9,2025-10-26,52,22,0.0033472791733068,0.0,0.4732149169898793,train,2
S17131,17,6,2025-10-26,59,27,0.0032289453007026,0.0,0.4391135169940419,train,2
S17132,17,19,2025-10-26,28,25,0.0032321727569804,0.0,0.4489422100902572,train,2
S17133,17,7,2025-10-26,38,13,0.0035187801333479,0.0,0.4894627333170878,train,2
S17135,17,2,2025-10-26,54,15,0.0028567706798724,0.0,0.4318731944359177,train,2
S17136,17,2,2025-10-26,16,22,0.0031397950973447,0.0,0.4666554190718532,train,2
S17139,17,20,2025-10-26,28,15,0.0033261808275903,0.0,0.486450098955027,train,2
S17140,17,20,2025-10-26,26,16,0.0034981928351645,0.0,0.4429108175573771,train,2
S17142,17,20,2025-10-26,37,26,0.0033864820344743,0.0,0.3961648737382628,train,2
S17144,17,24,2025-10-26,52,17,0.0033406577749415,0.0,0.4238923146838445,train,2
S17648,17,15,2025-10-26,43,22,0.0033508189316424,0.0017631428642379,0.511283414750039,train,2
S17649,17,9,2025-10-26,38,23,0.0033244968880544,0.0050541105070584,0.4164083609326305,train,2
S17650,17,9,2025-10-26,21,26,0.0034673124174065,0.0259367720067312,0.4321248863520555,train,2
S17652,17,3,2025-10-26,53,19,0.0034454776177077,0.0335343876299507,0.3947661822263524,train,2
S17654,17,15,2025-10-26,21,22,0.0032852735830839,0.0312734327888623,0.5003547737402854,train,2
S17830,17,19,2025-10-26,31,19,0.0030317747929469,0.0880512175927134,0.4770935788761581,train,2
S17834,17,13,2025-10-26,25,19,0.0031720799160347,0.0303655165039942,0.4579232609627149,train,2
S17835,17,17,2025-10-26,55,14,0.003175099492963,0.0221891698482411,0.4113805781860825,train,2
S17837,17,17,2025-10-26,14,20,0.0031400639846693,0.0128499247719541,0.4588640426627388,train,2
S17838,17,13,2025-10-26,16,20,0.0032312369986532,0.0227089351307014,0.4688736033397505,train,2
S17839,17,6,2025-10-26,44,22,0.0032402959986757,0.0308300885631394,0.5070867464308603,train,2
S17840,17,5,2025-10-26,48,28,0.0027519237649135,0.0289422397527777,0.4610865863866705,train,2
S17844,17,1,2025-10-26,34,21,0.0035223624435698,0.0240977583508793,0.4839057703457962,train,2
S17845,17,6,2025-10-26,27,19,0.0033259068296643,0.0235879793533027,0.4306711165650522,train,2
S17849,17,1,2025-10-26,53,28,0.0034321432911534,0.0721272713435947,0.4064966858325641,train,2
S17850,17,18,2025-10-26,31,26,0.0033580083457836,0.0238397449615892,0.4682703641916522,train,2
S17852,17,19,2025-10-26,36,30,0.0032495143165086,0.0107240984133225,0.4464449414560789,train,2
S17853,17,18,2025-10-26,48,29,0.0033037542234703,0.0137556392585491,0.4324796091412129,train,2
S17854,17,19,2025-10-26,41,14,0.0029667770315408,0.0153677372753898,0.4435582863938115,train,2
S17855,17,20,2025-10-26,24,23,0.0034749761039765,0.0270136100763845,0.4447796020456174,train,2
S18042,17,13,2025-10-26,26,26,0.0029862340498352,0.0,0.4180140202572586,train,2
S18043,17,5,2025-10-26,41,15,0.0032000344712936,0.0,0.4469333732016123,train,2
S18045,17,1,2025-10-26,42,14,0.0034154680917535,0.0,0.4910749312021139,train,2
S18048,17,19,2025-10-26,58,24,0.0030011269812513,0.0,0.4150412696598315,train,2
S18049,17,20,2025-10-26,41,17,0.0031556683468183,0.0,0.4566849448202993,train,2
S18050,17,20,2025-10-26,40,20,0.0034562044826948,0.0,0.5262134605210059,train,2
S18244,17,15,2025-10-26,55,25,0.0033231117733813,0.0,0.4693406366002239,train,2
S18249,17,3,2025-10-26,29,20,0.0033571895606246,0.0,0.4195525057757575,train,2
S18252,17,15,2025-10-26,59,17,0.0034202697048035,0.0,0.4662304678458461,train,2
S18253,17,15,2025-10-26,38,15,0.0033437324540482,0.0,0.4743596515111143,train,2
S18359,17,14,2025-10-26,17,24,0.0033042625445974,0.0,0.4808024331438087,train,2
S18360,17,5,2025-10-26,44,19,0.0032562265885139,0.0,0.426587020674714,train,2
S18361,17,14,2025-10-26,53,15,0.0032414911462492,0.0,0.4135938795231011,train,2
S18363,17,18,2025-10-26,40,20,0.0021959264770074,0.0,0.3740933273741957,train,2
S19082,17,9,2025-10-26,59,18,0.003318408405182,0.00832584719055,0.4492297475421507,train,2
S19083,17,9,2025-10-26,42,16,0.0033540805793872,0.0,0.487363302640057,train,2
S19084,17,3,2025-10-26,42,16,0.0033574625496485,0.0,0.4357363962236849,train,2
S19090,17,3,2025-10-26,48,25,0.0033803944118521,0.0103269293903994,0.4459313473128335,train,2
S19244,17,8,2025-10-26,57,28,0.0031189056196304,0.0,0.4528380133896301,train,2
S19247,17,17,2025-10-26,59,20,0.0030556546213586,0.0,0.4285806959633098,train,2
S19248,17,2,2025-10-26,46,14,0.002895159705501,0.0034202150537634,0.4299460065300417,train,2
S19251,17,1,2025-10-26,49,15,0.0033932502867346,0.0,0.4591784026683412,train,2
S19255,17,14,2025-10-26,57,16,0.0030335884494664,0.0017130606223545,0.4458553717327798,train,2
S19256,17,17,2025-10-26,41,30,0.0030324344152191,0.0,0.4103473518124993,train,2
S19259,17,18,2025-10-26,33,27,0.0035093313916918,0.0035111516153416,0.4387426345748426,train,2
S19262,17,13,2025-10-26,58,24,0.0030958762996085,0.0069467740131946,0.3816527345830132,train,2
S19264,17,13,2025-10-26,39,14,0.0033921525944634,0.0,0.4409376532275402,train,2
S19266,17,14,2025-10-26,38,26,0.0029252921993016,0.0,0.3795539209649778,train,2
S19269,17,20,2025-10-26,40,15,0.0032370305560207,0.0051970051865484,0.4274602366221681,train,2
S19270,17,17,2025-10-26,51,20,0.0028699853247952,0.0034866182609,0.3968959945963144,train,2
S19272,17,18,2025-10-26,20,18,0.0032586060590384,0.005091430620294,0.4001559439415624,train,2
S19279,17,20,2025-10-26,24,18,0.0035030801409031,0.0222771594466741,0.3635201601561973,train,2
S19281,17,24,2025-10-26,35,15,0.0033279607971216,0.0085123145959647,0.4136887048881938,train,2
S19282,17,18,2025-10-26,56,20,0.0028808223949914,0.0,0.3398482431439407,train,2
S19283,17,18,2025-10-26,44,28,0.0032782958673123,0.0140469881646352,0.4524761924423858,train,2
S19284,17,18,2025-10-26,36,28,0.0034895438213137,0.0067891305609911,0.4489920216483078,train,2
S19620,17,25,2025-10-26,20,22,0.0022832716237117,0.0,0.2582740298932407,train,2
S19626,17,2,2025-10-26,44,32,0.0028601893821906,0.0,0.3880785424600768,train,2
S20091,17,1,2025-10-26,41,24,0.0034162424088132,0.0039333000941776,0.3956613092886475,train,2
S20094,17,5,2025-10-26,59,20,0.0033312033379353,0.0116021196629082,0.418964174313174,train,2
S20096,17,2,2025-10-26,17,22,0.0026694222537005,0.0019481715802141,0.4711593469735557,train,2
S20097,17,2,2025-10-26,36,19,0.0032152272377781,0.0018996945963817,0.434116366460977,train,2
S20102,17,17,2025-10-26,55,27,0.0030707363247705,0.0019021156731269,0.3772261728376487,train,2
S20103,17,17,2025-10-26,33,16,0.0032797048669532,0.0019523730957487,0.4452918615204407,train,2
S20107,17,13,2025-10-26,61,19,0.0032686523890225,0.0019226454363283,0.51387948862759,train,2
S20108,17,13,2025-10-26,51,27,0.0033439475339905,0.0058089928351858,0.4780996319823762,train,2
S20114,17,18,2025-10-26,28,24,0.0031774656184937,0.0038586806728234,0.3633154182563397,train,2
S20115,17,20,2025-10-26,48,14,0.0030352382367855,0.0,0.4532885606070994,train,2
S20119,17,24,2025-10-26,52,13,0.003466062558957,0.0,0.4524139860432837,train,2
S20121,17,19,2025-10-26,55,25,0.002982386656553,0.0019498454247289,0.4614959466283022,train,2
S20122,17,18,2025-10-26,24,27,0.0035985182098244,0.0,0.3822688285531159,train,2
S20412,17,15,2025-10-26,54,20,0.0034288838859161,0.0058578096270802,0.4230876091863425,train,2
S20413,17,15,2025-10-26,30,13,0.0033871960151072,0.0,0.4627875574640113,train,2
S20542,17,3,2025-10-26,29,29,0.0032809298068839,0.0,0.4167044795700007,train,2
S20543,17,9,2025-10-26,42,28,0.0033005821106814,0.0,0.4565877131114839,train,2
S20544,17,3,2025-10-26,59,21,0.0034574396891,0.0,0.4147439852888728,train,2
S20609,17,20,2025-10-26,55,13,0.0032611701894913,0.0,0.4596846632919904,train,2
S20865,17,25,2025-10-26,30,21,0.0013756445323882,0.0,0.2432143624487425,train,2
S20866,17,25,2025-10-26,47,27,0.0008638959460013,0.0,0.2737987403836003,train,2
S21168,17,3,2025-10-26,62,19,0.0033667213350337,0.0,0.4510806767473642,train,2
S21276,17,2,2025-10-26,53,13,0.0029126534979698,0.0,0.3771300088271194,train,2
S21477,17,14,2025-10-26,44,23,0.0031233171206344,0.0,0.4062049549130924,train,2
S21478,17,8,2025-10-26,25,14,0.0024101958616963,0.0,0.4924269671730559,train,2
S21480,17,8,2025-10-26,33,24,0.0028012300717652,0.0,0.4657413791694225,train,2
S21481,17,2,2025-10-26,44,20,0.0031524351044522,0.0,0.413530805562454,train,2
S21486,17,19,2025-10-26,24,26,0.0031276270403156,0.0,0.5097026212069998,train,2
S21487,17,20,2025-10-26,42,18,0.0032326951071568,0.0,0.5192631473548719,train,2
S21491,17,20,2025-10-26,23,20,0.0035284538752404,0.0,0.4225722100954902,train,2
S21742,17,25,2025-10-26,21,22,0.0016633907011958,0.0,0.2607867503004692,train,2
S21771,17,9,2025-10-26,19,21,0.0032831413314309,0.0,0.4915238743687218,train,2
S21772,17,3,2025-10-26,59,27,0.0033486015199342,0.0,0.4059897674989745,train,2
S22139,17,25,2025-10-26,52,26,0.0012167377081131,0.0,0.2530200886453378,train,2
S22141,17,25,2025-10-26,29,20,0.0016141403139354,0.0,0.2824130934116604,train,2
S22147,17,7,2025-10-26,28,28,0.0035283397457202,0.0,0.4538260565545113,train,2
S22149,17,14,2025-10-26,44,24,0.0032903803114624,0.0,0.3609277197346279,train,2
S22151,17,5,2025-10-26,44,16,0.0032309909275413,0.0,0.4620849004469565,train,2
S22152,17,17,2025-10-26,33,31,0.0033873316701961,0.0,0.3842413460377807,train,2
S22153,17,14,2025-10-26,18,19,0.0031384362308539,0.0,0.4873832891952885,train,2
S22154,17,6,2025-10-26,60,27,0.0030736042754853,0.0,0.4341768980408196,train,2
S22158,17,17,2025-10-26,45,26,0.0027332778562284,0.0045159238562536,0.4030115187264447,train,2
S22161,17,20,2025-10-26,23,14,0.003365989238019,0.0,0.4615341790105294,train,2
S22162,17,17,2025-10-26,56,25,0.0032557987836095,0.0,0.421284361711209,train,2
S22163,17,14,2025-10-26,47,28,0.0031408777480751,0.0,0.4131714327551568,train,2
S22165,17,19,2025-10-26,27,17,0.0033786452180879,0.0,0.4719496157827522,train,2
S22166,17,20,2025-10-26,56,20,0.0034673326967129,0.0,0.4027107960106682,train,2
S22339,17,25,2025-10-26,31,16,0.001384822907321,0.0,0.2270746961538989,train,2
S22341,17,25,2025-10-26,30,22,0.0014330807964184,0.0,0.3424733534492724,train,2
S22465,17,15,2025-10-26,53,13,0.003353174213945,0.0,0.432557709884614,train,2
S22777,17,9,2025-10-26,43,31,0.0031610726916222,0.0015634093018134,0.4520309524440799,train,2
S22778,17,15,2025-10-26,28,30,0.0033458614775714,0.0,0.4418490812130362,train,2
S22782,17,15,2025-10-26,16,23,0.0035728917125238,0.0080579524045773,0.4234921577663366,train,2
S22816,17,17,2025-10-26,48,14,0.0032110701537605,0.0130170734502119,0.4412958127080653,train,2
S22819,17,6,2025-10-26,31,24,0.0031515202656135,0.0097195603707904,0.4768659074198312,train,2
S22823,17,2,2025-10-26,47,16,0.0030845142977624,0.0063427645264622,0.4415942265116139,train,2
S22829,17,13,2025-10-26,41,18,0.0032063006409283,0.0,0.4337627044521828,train,2
S22832,17,20,2025-10-26,14,23,0.0035876732969181,0.0048647749185125,0.4542830258835033,train,2
S22834,17,20,2025-10-26,24,20,0.0034539727816483,0.0047362653070948,0.3878797868157466,train,2
S22842,17,19,2025-10-26,32,29,0.0033521200223736,0.0,0.4281591412187988,train,2
S22843,17,20,2025-10-26,41,31,0.0032915659045922,0.0016155981614037,0.4925195667860889,train,2
S22852,17,24,2025-10-26,37,22,0.0032183492715262,0.0031570288356788,0.3819992883236958,train,2
S23011,17,2,2025-10-26,33,25,0.0031526852008537,0.0,0.4358694479645375,train,2
S23014,17,17,2025-10-26,51,29,0.0027727478783585,0.0,0.3402831630026998,train,2
S23015,17,2,2025-10-26,24,22,0.0033158548354047,0.0,0.4576563415855024,train,2
S23017,17,5,2025-10-26,63,22,0.0031991116758127,0.0,0.473386106697282,train,2
S23018,17,5,2025-10-26,35,16,0.0034633355814009,0.0,0.4665675851182736,train,2
S23022,17,13,2025-10-26,16,19,0.0031757334950419,0.0,0.4978227977189552,train,2
S23028,17,20,2025-10-26,33,26,0.0032556526382057,0.0,0.3314520368041501,train,2
S23029,17,19,2025-10-26,34,31,0.0033081896116086,0.0,0.4603010321879597,train,2
S23030,17,19,2025-10-26,18,27,0.0033805921103614,0.0,0.4460513530355256,train,2
S23031,17,19,2025-10-26,36,16,0.0031853634554432,0.0,0.5334008844473463,train,2
S23307,17,25,2025-10-26,40,21,0.0013518250352088,0.0,0.2436226244813219,train,2
S23352,17,15,2025-10-26,29,18,0.0036374971982351,0.0,0.4574738818604013,train,2
S23579,17,6,2025-10-26,51,28,0.0032571449578734,0.0,0.4354185116151499,train,2
S23580,17,1,2025-10-26,13,22,0.0034442219295789,0.0,0.4529965627853919,train,2
S23583,17,8,2025-10-26,47,26,0.0026187277165953,0.0,0.4568979358390341,train,2
S23586,17,19,2025-10-26,18,24,0.0031839730967737,0.0127054733236188,0.4846241013115098,train,2
S23731,17,25,2025-10-26,44,28,0.0011716276881243,0.0,0.3168782825738438,train,2
S23836,17,25,2025-10-26,27,15,0.001518511696059,0.0,0.2538095583962299,train,2
S24017,17,2,2025-10-26,28,18,0.0029263523034452,0.0,0.4100572631298821,train,2
S24018,17,13,2025-10-26,42,18,0.0030333437648604,0.0,0.4212507428104239,train,2
S24020,17,1,2025-10-26,19,16,0.0032784150507666,0.0,0.4414941483405625,train,2
S24024,17,19,2025-10-26,52,14,0.0031437509169762,0.0,0.4429731470717573,train,2
S24025,17,19,2025-10-26,26,17,0.0035455700101581,0.0,0.4365842435582015,train,2
S24027,17,17,2025-10-26,45,13,0.0034827557842646,0.0,0.4495273094433258,train,2
S24029,17,19,2025-10-26,32,27,0.0031269651012676,0.0,0.4841696431673628,train,2
S24030,17,6,2025-10-26,21,16,0.0033511152894384,0.0,0.4653355884220185,train,2
S24101,17,17,2025-10-26,29,17,0.003533180202264,0.0,0.3699911287970361,train,2
S24103,17,5,2025-10-26,28,25,0.0033802664639205,0.0,0.471308169323583,train,2
S24292,17,18,2025-10-26,27,15,0.0032742583190995,0.0,0.4527846495557865,train,2
S24294,17,8,2025-10-26,13,21,0.0031512656086313,0.0,0.4993740930258463,train,2
S24295,17,13,2025-10-26,49,20,0.0031969775641366,0.0,0.4136034542107929,train,2
S24299,17,18,2025-10-26,32,27,0.0026665154160911,0.0,0.4283763306186607,train,2
S24300,17,6,2025-10-26,41,23,0.0031882966822686,0.0,0.4591892834468473,train,2
S24301,17,6,2025-10-26,34,15,0.0032797501423571,0.0,0.4811481442586194,train,2
S24303,17,18,2025-10-26,37,17,0.0033572263969636,0.0,0.3970033748540476,train,2
S24305,17,7,2025-10-26,41,25,0.003176706795451,0.0,0.4850349620832462,train,2
S24308,17,6,2025-10-26,35,19,0.0032416446176543,0.0,0.4583620844957086,train,2
S24309,17,7,2025-10-26,49,25,0.0032807199665485,0.0,0.5158748331365536,train,2
S24310,17,19,2025-10-26,37,18,0.0031545986535227,0.0027895646707527,0.4445473136711357,train,2
S24417,17,15,2025-10-26,35,22,0.003294206847933,0.0028331680176944,0.3645855609478394,train,2
S24457,17,25,2025-10-26,28,26,0.0019310401216835,0.0,0.3270997635589803,train,2
S24739,17,25,2025-10-26,30,20,0.0010550985279522,0.0021020220860348,0.2356789315946714,train,2
S24803,17,9,2025-10-26,43,19,0.0033587090229918,0.002078993382359,0.444452566564427,train,2
S24844,17,20,2025-10-26,36,12,0.0032758997536895,0.0,0.4442355153451536,train,2
S24845,17,19,2025-10-26,45,15,0.0032241230143841,0.0,0.5022045027196507,train,2
S24846,17,19,2025-10-26,44,13,0.003183640339328,0.0020682222028022,0.4403965484951168,train,2
S24848,17,14,2025-10-26,25,18,0.0032216965971392,0.0020795675169043,0.4058268022780615,train,2
S24849,17,14,2025-10-26,30,21,0.0031441020697224,0.0,0.4483784369726001,train,2
S24850,17,24,2025-10-26,54,27,0.0033919038541261,0.0163603221041283,0.4867792562671632,train,2
S24852,17,6,2025-10-26,20,27,0.0031159843968246,0.0,0.5178335504081718,train,2
S24855,17,2,2025-10-26,31,16,0.0032766114315269,0.0,0.4102778249925998,train,2
S24857,17,8,2025-10-26,40,28,0.0020210275603342,0.0020570000082776,0.4534038304416972,train,2
S24861,17,7,2025-10-26,39,18,0.0031708742421328,0.0083527656981996,0.4549258787788559,train,2
S24864,17,24,2025-10-26,64,23,0.0021098910071692,0.0,0.4297703256570878,train,2
S24865,17,18,2025-10-26,44,16,0.0024015095881708,0.0,0.4081888254970917,train,2
S24866,17,20,2025-10-26,25,26,0.0031523386553816,0.0063067864575402,0.4299239631494542,train,2
S24885,17,6,2025-10-26,25,30,0.0032409859921353,0.0042023912197926,0.4821558421727809,train,2
S24886,17,5,2025-10-26,21,14,0.0031086360399397,0.0,0.405040306308876,train,2
S24887,17,18,2025-10-26,44,32,0.0031844073428725,0.0,0.3518420091718371,train,2
S25032,17,25,2025-10-26,40,12,0.0020908912298316,0.0,0.2801016500512239,train,2
S25034,17,25,2025-10-26,54,25,0.0011501714398799,0.0,0.2667602621691604,train,2
S25233,17,3,2025-10-26,51,17,0.0034494814568756,0.0,0.4735225798111666,train,2
S25535,17,1,2025-10-26,62,17,0.0035237305750224,0.0,0.4352338486278782,train,2
S25536,17,2,2025-10-26,20,18,0.0032058440605231,0.0,0.4042467897144481,train,2
S25539,17,14,2025-10-26,14,19,0.0033873451171636,0.0,0.4870315553734092,train,2
S25540,17,17,2025-10-26,45,19,0.0033291383045635,0.0,0.3887265466469189,train,2
S25541,17,5,2025-10-26,43,27,0.0031421314712777,0.0,0.4317751145601989,train,2
S25544,17,1,2025-10-26,56,17,0.0036026202707318,0.0,0.4659777528079563,train,2
S25546,17,8,2025-10-26,49,27,0.002750324084013,0.0,0.4920221676976444,train,2
S25548,17,24,2025-10-26,42,16,0.0034185337086693,0.0,0.4246545037662187,train,2
S25549,17,18,2025-10-26,59,16,0.0027812489005123,0.0,0.447644629884568,train,2
S25550,17,18,2025-10-26,60,18,0.003092381920987,0.0,0.4686523018353923,train,2
S25554,17,3,2025-10-26,38,14,0.0033352756308471,0.0,0.4419386014033987,train,2
S25555,17,15,2025-10-26,34,13,0.0033988629489535,0.0,0.4672257875007248,train,2
S25556,17,3,2025-10-26,59,17,0.0032489021157976,0.0,0.4420340118256051,train,2
S25728,17,19,2025-10-26,15,22,0.0032577732765581,0.0,0.4580692944086843,train,2
S25806,17,3,2025-10-26,18,26,0.0030568933613757,0.0,0.4035491220767622,train,2
S25987,17,25,2025-10-26,44,26,0.0007747381414061,0.0,0.3052704199546881,train,2
S26010,17,18,2025-10-26,35,16,0.0032743090362749,0.0,0.427156689569909,train,2
S26013,17,24,2025-10-26,48,25,0.0035225684105322,0.0,0.4948745586493099,train,2
S26149,17,3,2025-10-26,23,21,0.0034494713166141,0.0,0.4657835056777625,train,2
S26364,17,2,2025-10-26,17,17,0.0032607021504884,0.0,0.4029480415647417,train,2
S26597,17,11,2025-10-26,48,31,0.0032144545572998,0.0,0.4044239364874563,train,2
S26823,17,25,2025-10-26,49,14,0.000739616739428,0.0229758368065946,0.2398065189376347,train,2
S27019,17,17,2025-10-26,28,27,0.0032213180913378,0.0050236653046165,0.4014239245357358,train,2
S27020,17,14,2025-10-26,43,19,0.0032261073533229,0.0025086946206924,0.4445820712092286,train,2
S27021,17,18,2025-10-26,46,24,0.0027001310343054,0.0073695136417556,0.4194131139355432,train,2
S27022,17,13,2025-10-26,24,20,0.003472374587316,0.0075801482475673,0.4623892079003321,train,2
S27025,17,14,2025-10-26,42,31,0.0031962544158179,0.0108144569924059,0.4390501698106702,train,2
S27026,17,13,2025-10-26,55,16,0.0031088309623196,0.0084399547798916,0.4113153555783866,train,2
S27027,17,17,2025-10-26,45,28,0.0030537123877308,0.0207984087949526,0.4009596815164419,train,2
S27028,17,14,2025-10-26,19,16,0.0031200145315202,0.0151927368324519,0.4601692538962137,train,2
S27029,17,1,2025-10-26,47,27,0.0034146909740643,0.0170751399410542,0.4333160702238817,train,2
S27033,17,6,2025-10-26,34,25,0.003165960437993,0.0149062361753657,0.4686060044385565,train,2
S27041,17,20,2025-10-26,33,15,0.0035035258945239,0.0050699800057126,0.4686232306206432,train,2
S27045,17,19,2025-10-26,53,28,0.0028695821286015,0.0050671886788605,0.4293123936413365,train,2
S27073,17,15,2025-10-26,54,21,0.003569197015467,0.0121338186860807,0.4847282504130282,train,2
S27076,17,3,2025-10-26,58,20,0.0032821335126907,0.0060810728138114,0.445268418121809,train,2
S27080,17,15,2025-10-26,48,17,0.0034281874107761,0.0011996833029188,0.4587428903564434,train,2
S27270,17,3,2025-10-26,26,14,0.0032430179551723,0.0,0.4415221421805271,train,2
S27380,17,9,2025-10-26,40,23,0.0031134654061151,0.0,0.4064872376226158,train,2
S27516,17,20,2025-10-26,29,21,0.0033474062145318,0.0,0.4078315934384107,train,2
S27518,17,13,2025-10-26,35,23,0.0033077878080885,0.0,0.4228952109829438,train,2
S27520,17,14,2025-10-26,61,17,0.0032502330373278,0.0,0.4487322001822568,train,2
S27522,17,6,2025-10-26,49,25,0.0032424612292049,0.0,0.3918742355687986,train,2
S27523,17,6,2025-10-26,26,15,0.0031375513824473,0.0,0.4819409023009357,train,2
S27525,17,13,2025-10-26,52,26,0.0031737435047727,0.0,0.4727985108206576,train,2
S27756,17,15,2025-10-26,62,25,0.0034439096850363,0.0166024805890802,0.4781988794059855,train,2
S27759,17,15,2025-10-26,18,21,0.0035223035855212,0.0,0.4456178579419814,train,2
S28086,17,7,2025-10-26,38,23,0.0034685959557123,0.0,0.4910550711522547,train,2
S28087,17,19,2025-10-26,15,25,0.0031250575219827,0.0023630882758489,0.4901067674754185,train,2
S28088,17,8,2025-10-26,33,31,0.0028145086733805,0.0,0.5137022291971232,train,2
S28089,17,2,2025-10-26,36,28,0.003173213631238,0.0,0.4458717494320778,train,2
S28094,17,2,2025-10-26,58,16,0.0029515134176208,0.0093763854694324,0.4341391434317967,train,2
S28095,17,8,2025-10-26,48,13,0.003117714761252,0.0023546244445076,0.4730060602147814,train,2
S28097,17,24,2025-10-26,56,21,0.0033423909137848,0.0023423397947978,0.3192053493630074,train,2
S28100,17,19,2025-10-26,43,17,0.0030528982563438,0.0046812378436165,0.4365881570931191,train,2
S28101,17,20,2025-10-26,35,22,0.0032026405732852,0.0023264196074576,0.4684921698204683,train,2
S28102,17,24,2025-10-26,45,22,0.0031277266398374,0.0,0.4591686323577479,train,2
S28103,17,20,2025-10-26,19,22,0.0035760272906101,0.0,0.3966615098986104,train,2
S28104,17,24,2025-10-26,61,17,0.0031479311412179,0.0,0.4159460320063108,train,2
S28165,17,25,2025-10-26,43,30,0.0010046675427922,0.0,0.3337145263199323,train,2
S28318,17,15,2025-10-26,45,21,0.0033733487104271,0.0,0.4612296273410994,train,2
S28394,17,18,2025-10-26,28,18,0.0032691677680013,0.0,0.412467593222469,train,2
S28396,17,8,2025-10-26,48,14,0.0033092597028461,0.0,0.5132088090333998,train,2
S28398,17,13,2025-10-26,51,25,0.0033385594687641,0.0,0.4662748902660316,train,2
S28408,17,25,2025-10-26,59,15,0.0014235013209141,0.0,0.3532834082510361,train,2
S28579,17,15,2025-10-26,16,19,0.0035602773540802,0.0,0.4761956458920342,train,2
S28580,17,3,2025-10-26,33,28,0.0032512279466719,0.0,0.4411596625409684,train,2
S28733,17,6,2025-10-26,41,32,0.0030294327714789,0.0012378703648355,0.4402943468402998,train,2
S28811,17,20,2025-10-26,25,18,0.0034019644143558,0.0,0.4554863041826442,train,2
S28902,17,9,2025-10-26,60,18,0.0033892024416962,0.0,0.5006304473763087,train,2
S29088,17,19,2025-10-26,52,13,0.0032231407680073,0.0079638684393656,0.4860556575002885,train,2
S29090,17,13,2025-10-26,40,13,0.0029398777324372,0.0083577170147647,0.4526049722492059,train,2
S29091,17,19,2025-10-26,45,18,0.002963105111511,0.0113419824507354,0.4049745082477369,train,2
S29092,17,19,2025-10-26,46,28,0.0031297785920436,0.0,0.4673933292167544,train,2
S29093,17,2,2025-10-26,42,28,0.0028578322813141,0.0126161053226718,0.3931249574224452,train,2
S29094,17,14,2025-10-26,18,26,0.0029519385961329,0.0125559528813006,0.4521315988568291,train,2
S29095,17,18,2025-10-26,52,28,0.0034589707479504,0.0067104126161157,0.4161482975015895,train,2
S29096,17,18,2025-10-26,54,27,0.0034407945592079,0.0,0.4425418466199634,train,2
S29100,17,1,2025-10-26,57,22,0.0033850951144936,0.0105604623655152,0.4844322564800949,train,2
S29101,17,13,2025-10-26,55,22,0.0031645003818651,0.0046154417637116,0.4100190635914402,train,2
S29104,17,6,2025-10-26,33,24,0.0032729932758687,0.0023702219996661,0.4551242715510957,train,2
S29105,17,7,2025-10-26,31,22,0.0031879239459013,0.0067798922310892,0.4922223331961836,train,2
S29106,17,24,2025-10-26,53,19,0.0035144026855611,0.0,0.4124972578088294,train,2
S29107,17,1,2025-10-26,47,19,0.0033588283322616,0.005960905098073,0.4171143816323295,train,2
S29108,17,20,2025-10-26,54,28,0.0035922469245226,0.0163071500220303,0.4720732471035287,train,2
S29109,17,20,2025-10-26,39,20,0.0035136194206382,0.0083127247529957,0.4773254042389727,train,2
S29110,17,20,2025-10-26,39,22,0.0031396609712969,0.0069168035182453,0.409038459950457,train,2
S29501,17,25,2025-10-26,61,18,0.0011861316807876,0.0,0.278617742731589,train,2
S29502,17,25,2025-10-26,43,13,0.0016741043390602,0.0,0.2054526978700495,train,2
S29641,17,9,2025-10-26,46,18,0.0031520005630256,0.0,0.4389524590993621,train,2
S29720,17,1,2025-10-26,56,21,0.0036716343027298,0.0,0.4738619562192372,train,2
S29721,17,7,2025-10-26,59,20,0.0031373590625979,0.0,0.5010070823288107,train,2
S29722,17,1,2025-10-26,36,28,0.0034000699277673,0.0,0.4741803436540481,train,2
S29723,17,2,2025-10-26,26,17,0.0032171972592215,0.0,0.4148888222623932,train,2
S29726,17,8,2025-10-26,30,19,0.0030544849185919,0.0,0.4131201285274025,train,2
S29728,17,13,2025-10-26,47,15,0.0033036151868561,0.0,0.4509985094009603,train,2
S29729,17,14,2025-10-26,23,15,0.0029849369925983,0.0,0.4604650403248326,train,2
S29735,17,19,2025-10-26,19,20,0.0031474163139701,0.0,0.4330551356361201,train,2
S29738,17,24,2025-10-26,20,22,0.0036813824109503,0.0,0.4796538194355483,train,2
S29947,17,25,2025-10-26,26,14,0.0017301509706767,0.0,0.2168631089291956,train,2
S29965,17,3,2025-10-26,58,17,0.0034486584090925,0.0,0.4593039466014816,train,2
S30075,17,17,2025-10-26,41,20,0.0033524199275112,0.0,0.3566864101426787,train,2
S30076,17,2,2025-10-26,51,18,0.0032435961838909,0.0,0.408221499453982,train,2
S30078,17,24,2025-10-26,39,29,0.0033418310505331,0.0,0.4052094951739853,train,2
S30079,17,24,2025-10-26,29,30,0.0034271077529119,0.0,0.4357661878608883,train,2
S30394,17,25,2025-10-26,52,18,0.0011621146598548,0.0,0.2423246564294797,train,2
S30397,17,25,2025-10-26,60,27,0.0011713024770926,0.0049650597655332,0.2710625987667461,train,2
S30859,17,3,2025-10-26,60,27,0.0032159133324941,0.0095369677431734,0.394425144924633,train,2
S30860,17,3,2025-10-26,43,17,0.0033308545750714,0.0090212243816286,0.4935442941500423,train,2
S30864,17,15,2025-10-26,58,17,0.0034832850772413,0.0130514020409556,0.5023359080509424,train,2
S30865,17,3,2025-10-26,23,25,0.0033890423735345,0.0088287750563123,0.3788181257140663,train,2
S30868,17,9,2025-10-26,50,25,0.0032336594034625,0.011280939211085,0.4141710963532238,train,2
S30869,17,9,2025-10-26,43,20,0.003350055580315,0.0093750107177276,0.4898486610345156,train,2
S30924,17,9,2025-10-26,37,18,0.0031763897503119,0.0,0.4366229002846525,train,2
S31402,17,7,2025-10-26,50,31,0.0031283330100298,0.0,0.4766315933482232,train,2
S31403,17,2,2025-10-26,23,30,0.0028619653875035,0.0,0.4746091022900229,train,2
S31598,17,15,2025-10-26,49,31,0.0031982650828624,0.0081022480885541,0.4402826620272779,train,2
S31692,17,20,2025-10-26,16,20,0.0034917349739771,0.0,0.5093881534741708,train,2
S31693,17,20,2025-10-26,55,23,0.0034244482109582,0.0,0.4311290150135249,train,2
S31694,17,13,2025-10-26,26,28,0.0032899296086747,0.0,0.4165761111596951,train,2
S31695,17,14,2025-10-26,60,17,0.0032478498399183,0.0,0.3860038639097163,train,2
S31698,17,17,2025-10-26,31,14,0.0033326166659437,0.0,0.4658709061472878,train,2
S31699,17,5,2025-10-26,35,13,0.0033497930712317,0.0,0.4512591221338528,train,2
S31709,17,7,2025-10-26,33,20,0.0032026446173896,0.0,0.5100611293109075,train,2
S31710,17,19,2025-10-26,28,24,0.0029853235379176,0.0021826102613423,0.4494681088372145,train,2
S31713,17,19,2025-10-26,58,20,0.0032328236885272,0.0,0.3917967310012273,train,2
S31770,17,20,2025-10-26,53,21,0.003445922025949,0.0,0.4067207937576707,train,2
S31772,17,20,2025-10-26,32,20,0.0031833613985709,0.0,0.4722151223128881,train,2
S31781,17,3,2025-10-26,21,19,0.0035186918141551,0.0043641855788692,0.4360639155885942,train,2
S31784,17,15,2025-10-26,42,22,0.0032235915134563,0.0022271814727181,0.4934110814877999,train,2
S31785,17,3,2025-10-26,42,26,0.0032917335260232,0.0,0.4743823363370094,train,2
S31788,17,3,2025-10-26,42,17,0.0034286745914461,0.0,0.4733920132910572,train,2
S31789,17,3,2025-10-26,19,26,0.0029980489939739,0.0,0.4731063662370209,train,2
S32141,17,2,2025-10-26,62,27,0.0027111045084279,0.0022212389776043,0.4422968268974198,train,2
S32297,17,7,2025-10-26,16,20,0.0034310157928529,0.0,0.4841744352126358,train,2
S32298,17,8,2025-10-26,33,28,0.0028835334777208,0.0,0.4912911672529561,train,2
S32301,17,6,2025-10-26,18,20,0.00333412584641,0.0,0.4482886670962946,train,2
S32302,17,5,2025-10-26,16,22,0.0030385238987923,0.0,0.4776782096615374,train,2
S32303,17,2,2025-10-26,53,15,0.0028907598019708,0.0,0.3973853943992863,train,2
S32304,17,14,2025-10-26,46,13,0.0031441226577867,0.0,0.4688371770470141,train,2
S32305,17,17,2025-10-26,55,23,0.0032558136345437,0.0027353983664663,0.4403367040972715,train,2
S32306,17,5,2025-10-26,46,18,0.0030944181634422,0.0054432050292147,0.4448476592101305,train,2
S32307,17,17,2025-10-26,24,28,0.0032477577903238,0.0,0.3700039834382896,train,2
S32434,17,18,2025-10-26,29,31,0.00319340521977,0.0,0.4200202965988257,train,2
S32525,17,25,2025-10-26,18,21,0.0015038796151823,0.0,0.385011234742288,train,2
S32653,17,3,2025-10-26,37,19,0.0032995226913436,0.0,0.3726540687524176,train,2
S33408,17,19,2025-10-26,29,18,0.0033170391350428,0.0036504526340917,0.5013687533286951,train,2
S33412,17,17,2025-10-26,45,18,0.0033201270864688,0.0018001571968256,0.2734767811749679,train,2
S33414,17,5,2025-10-26,53,16,0.0034134279860088,0.0070903014804749,0.4255142540854742,train,2
S33415,17,2,2025-10-26,35,27,0.0032308278077724,0.0035362213660344,0.4294077371624179,train,2
S33416,17,2,2025-10-26,42,30,0.0030961064515443,0.0018320689477215,0.412997958664093,train,2
S33418,17,1,2025-10-26,44,13,0.0034644845232408,0.0,0.4372153933809648,train,2
S33419,17,6,2025-10-26,39,17,0.0034129525121863,0.0054277788698862,0.4963082322352889,train,2
S33420,17,1,2025-10-26,39,12,0.0034051456496253,0.0017939582949816,0.439248687318697,train,2
S33421,17,1,2025-10-26,60,23,0.0034693197904933,0.0,0.4895851141969745,train,2
S33423,17,24,2025-10-26,47,14,0.003437743265548,0.0035489860039988,0.45873054661634,train,2
S33425,17,20,2025-10-26,18,27,0.0034460210315963,0.0,0.481222682876018,train,2
S33463,17,15,2025-10-26,49,17,0.0034326597484634,0.0073154127798936,0.4879849092408877,train,2
S33469,17,15,2025-10-26,19,24,0.003467627533848,0.005336167836973,0.4936032617471625,train,2
S33615,17,11,2025-10-26,20,14,0.0025929193768544,0.0,0.3729847346710322,train,2
S33899,17,17,2025-10-26,49,21,0.0032338813186328,0.0,0.4304285470684022,train,2
S33901,17,18,2025-10-26,31,28,0.0034529648812079,0.0,0.4765910927401455,train,2
S33902,17,13,2025-10-26,35,12,0.0032489630842417,0.0,0.4274928236819831,train,2
S33903,17,18,2025-10-26,40,29,0.0035135619149581,0.0,0.4003844971769538,train,2
S33904,17,13,2025-10-26,34,19,0.0033038494875366,0.0,0.4529854949029692,train,2
S33906,17,14,2025-10-26,58,24,0.0031290788505333,0.0,0.4125264637198879,train,2
S33907,17,2,2025-10-26,27,30,0.0031532527591422,0.0,0.4658355461685031,train,2
S33911,17,20,2025-10-26,28,22,0.0033274783310504,0.0,0.4193357784885709,train,2
S33912,17,18,2025-10-26,23,21,0.0025840011144507,0.0,0.4183775611011376,train,2
S33928,17,15,2025-10-26,23,17,0.0034579491673268,0.0079570925392251,0.4730728922460876,train,2
S33938,17,3,2025-10-26,21,28,0.0030040691198446,0.0,0.4367929424001951,train,2
S33940,17,15,2025-10-26,32,17,0.003424108283093,0.0132913762056731,0.5069860159784704,train,2
S34176,17,5,2025-10-26,54,30,0.0027788999231649,0.0048095998451637,0.3881328833955638,train,2
S34389,17,19,2025-10-26,57,20,0.0030932961979694,0.0,0.3893166981770118,train,2
S34390,17,14,2025-10-26,41,15,0.0031924126468725,0.0,0.4202729861190346,train,2
S34391,17,17,2025-10-26,62,26,0.0035479043154517,0.0,0.4300319846957208,train,2
S34392,17,13,2025-10-26,46,20,0.0031699804831829,0.0,0.4742463769836632,train,2
S34393,17,5,2025-10-26,60,27,0.0033379055701326,0.0,0.4575700819442707,train,2
S34397,17,1,2025-10-26,47,31,0.0034357166440791,0.0,0.4319914634491812,train,2
S34398,17,1,2025-10-26,49,24,0.0034837154464228,0.0,0.4643969562890537,train,2
S34402,17,1,2025-10-26,43,27,0.0033987369081212,0.0,0.4450004272457233,train,2
S34404,17,7,2025-10-26,15,25,0.0034241590791383,0.0,0.4744250090750467,train,2
S34405,17,19,2025-10-26,32,22,0.0031588324543595,0.0,0.4248161701478224,train,2
S34406,17,18,2025-10-26,55,22,0.00314592079137,0.0,0.3926683656581942,train,2
S34409,17,20,2025-10-26,57,17,0.0034374075850454,0.0,0.3890536331148724,train,2
S34410,17,24,2025-10-26,29,27,0.0034847517078934,0.0,0.4445704770328889,train,2
S34427,17,9,2025-10-26,39,21,0.0033117429386236,0.0,0.510814246936792,train,2
S34428,17,9,2025-10-26,59,23,0.0031551447967263,0.0,0.4551039473763123,train,2
S34570,17,1,2025-10-26,24,30,0.0034314474197654,0.0,0.4494462992518304,train,2
S35016,17,7,2025-10-26,41,23,0.0030788926169277,0.0,0.5032085618918964,train,2
S35019,17,6,2025-10-26,56,23,0.002836628143619,0.0,0.4687109726333033,train,2
S35271,17,7,2025-10-26,31,12,0.0033556429682634,0.0068182921449813,0.3662391138083753,train,2
S35272,17,5,2025-10-26,52,31,0.0032632560531304,0.0,0.4094348601040857,train,2
S35273,17,13,2025-10-26,38,11,0.0030930198964522,0.0178510496920065,0.3868235648164699,train,2
S35724,17,18,2025-10-26,32,29,0.0034310478471633,0.0,0.4829491220135347,train,2
S35727,17,14,2025-10-26,37,13,0.0029605174609125,0.0019910901719468,0.4525669856168595,train,2
S35728,17,17,2025-10-26,40,14,0.0032338485850695,0.0040364170910183,0.4302421818095494,train,2
S35729,17,2,2025-10-26,36,22,0.002725912992029,0.0040343037579093,0.4339264285292389,train,2
S35735,17,5,2025-10-26,54,18,0.0032964319920531,0.0,0.4530869871528922,train,2
S35738,17,6,2025-10-26,45,19,0.0033586905082236,0.0020028370166191,0.4696183770794465,train,2
S35739,17,19,2025-10-26,59,27,0.0032435923553446,0.0,0.4656032294441423,train,2
S35740,17,19,2025-10-26,41,26,0.0029713743571294,0.0059317785787601,0.4341969626618049,train,2
S35741,17,19,2025-10-26,50,27,0.0032292697427352,0.0,0.4405728198202332,train,2
S35742,17,17,2025-10-26,58,18,0.0033666598473894,0.0019742905265834,0.4400613024469103,train,2
S35744,17,19,2025-10-26,38,18,0.0032054967579983,0.0020179381300981,0.4220523347394088,train,2
S35745,17,20,2025-10-26,58,18,0.0034554392225641,0.0,0.4743235346416077,train,2
S35746,17,19,2025-10-26,28,13,0.0031402115781233,0.0,0.4614764613643023,train,2
S35883,17,2,2025-10-26,42,11,0.0026457123791742,0.0,0.3399288146635819,train,2
S35884,17,24,2025-10-26,17,27,0.0034162523136763,0.0019952627564334,0.4734777615215977,train,2
S36061,17,9,2025-10-26,51,15,0.0031879614035454,0.0080568355440998,0.4067494543883892,train,2
S36062,17,15,2025-10-26,25,14,0.0032119066791583,0.0,0.4279112738019644,train,2
S36063,17,15,2025-10-26,54,25,0.0033532131089352,0.0019730913219711,0.4606714519104353,train,2
S36066,17,15,2025-10-26,42,20,0.0031303512496965,0.0,0.5039357672398864,train,2
S36100,17,2,2025-10-26,39,21,0.0032035017415358,0.0,0.3910427680786129,train,2
S36104,17,20,2025-10-26,32,23,0.0034692262470335,0.0,0.4119028009159327,train,2
S36127,17,15,2025-10-26,46,18,0.003325506423098,0.0,0.5157046626952474,train,2
S36145,17,6,2025-10-26,39,20,0.003266298738137,0.0,0.5166575999667135,train,2
S36146,17,2,2025-10-26,60,19,0.0032760918917712,0.0,0.4403036867696683,train,2
S36147,17,18,2025-10-26,14,23,0.0035958124293326,0.0,0.4480687191078704,train,2
S36525,17,25,2025-10-26,18,16,0.0017013563911067,0.0,0.3690278639723108,train,2
S36526,17,25,2025-10-26,53,14,0.0017612632283782,0.0,0.2713079696770595,train,2
S36527,17,25,2025-10-26,31,21,0.0018022253215284,0.0,0.2861591198178619,train,2
S36577,17,24,2025-10-26,48,28,0.003477021393776,0.0,0.4693642738796124,train,2
S36578,17,6,2025-10-26,32,28,0.003135806213798,0.0072187484113669,0.4267441170400794,train,2
S36579,17,2,2025-10-26,32,13,0.0032566576740344,0.0,0.4430575266072075,train,2
S36580,17,19,2025-10-26,48,30,0.0029980663631068,0.0,0.4514843662293717,train,2
S36581,17,1,2025-10-26,56,19,0.0034151009562436,0.0,0.4811561768663139,train,2
S36582,17,2,2025-10-26,28,27,0.0032418102298525,0.0,0.4449436474120462,train,2
S36583,17,24,2025-10-26,19,18,0.0035593714838833,0.0,0.4376542984559964,train,2
S36584,17,19,2025-10-26,56,14,0.0032730207215468,0.0,0.4817435891171948,train,2
S36688,17,9,2025-10-26,25,22,0.0031498276456383,0.0,0.4620061535342792,train,2
S36690,17,9,2025-10-26,22,23,0.0031893970816977,0.0,0.4372071834026689,train,2
S36767,17,18,2025-10-26,60,15,0.0031331844034506,0.0,0.4105452351441697,train,2
S36768,17,1,2025-10-26,21,14,0.0030381413964795,0.0,0.400174062876854,train,2
S36822,17,25,2025-10-26,57,21,0.0009992494220715,0.0,0.2233258905364608,train,2
S36823,17,25,2025-10-26,38,31,0.0023262368471336,0.0,0.3287241444690522,train,2
S36975,17,13,2025-10-26,55,13,0.0031149580566143,0.0,0.5142024373052623,train,2
S37059,17,6,2025-10-26,24,26,0.0032788458981223,0.0,0.4925579792784885,train,2
S37060,17,14,2025-10-26,56,28,0.0030756223341129,0.0,0.4575693963502905,train,2
S37061,17,2,2025-10-26,53,20,0.0031906970159544,0.0,0.45985018483098,train,2
S37077,17,7,2025-10-26,26,14,0.0035579150553444,0.0,0.4785251000368634,train,2
S37257,17,13,2025-10-26,38,32,0.0030822189348388,0.0,0.4288744985645613,train,2
S37258,17,20,2025-10-26,42,32,0.0035459812285849,0.0,0.4322737932656473,train,2
S37285,17,25,2025-10-26,53,18,0.0012349011689951,0.0,0.2411599717832232,train,2
S37369,17,6,2025-10-26,27,18,0.0033198269388436,0.0,0.4459146378964831,train,2
S37371,17,1,2025-10-26,28,16,0.003447866265886,0.0,0.4754364234576207,train,2
S37373,17,2,2025-10-26,29,15,0.0031907266615104,0.0066669349537875,0.4281993377289557,train,2
S37379,17,19,2025-10-26,20,20,0.0033041095517387,0.0,0.458267242668158,train,2
S37382,17,8,2025-10-26,32,31,0.0019599947983086,0.0,0.4504551913247756,train,2
S37383,17,24,2025-10-26,44,12,0.0034033797642794,0.0,0.4855130449389492,train,2
S37832,17,14,2025-10-26,53,24,0.003086301925458,0.0,0.4343260741529703,train,2
S37833,17,8,2025-10-26,42,25,0.0028625292967482,0.0,0.4624895308448254,train,2
S37834,17,19,2025-10-26,29,30,0.0030169725148478,0.0051063917229191,0.4525497276890395,train,2
S37835,17,2,2025-10-26,46,22,0.0032038778307698,0.0,0.4855839171972665,train,2
S37837,17,13,2025-10-26,25,29,0.0033716874463175,0.0,0.4599879878838296,train,2
S37838,17,5,2025-10-26,47,28,0.0033002220983578,0.0,0.4129125161412255,train,2
S37839,17,19,2025-10-26,36,29,0.0029151905632161,0.0,0.4406460999216389,train,2
S37840,17,13,2025-10-26,45,19,0.0031581984642894,0.0,0.4143757896433955,train,2
S37845,17,19,2025-10-26,42,31,0.0032383215630546,0.0,0.4140205899970064,train,2
S37848,17,6,2025-10-26,35,13,0.0032088894367865,0.0,0.4404552571083913,train,2
S37901,17,25,2025-10-26,34,19,0.0009727994241499,0.0,0.2552587600816275,train,2
S38001,17,3,2025-10-26,25,28,0.0032925238654799,0.0094490028165035,0.4414099549101993,train,2
S38003,17,3,2025-10-26,34,17,0.0033660353425896,0.0027007713772575,0.4120894551944055,train,2
S38007,17,15,2025-10-26,43,29,0.0034012804338025,0.0231459793825729,0.4307353806461522,train,2
S38040,17,6,2025-10-26,26,14,0.0031899853129891,0.0082569798061188,0.43781409590301,train,2
S38041,17,7,2025-10-26,54,14,0.0031734022079741,0.0231919145338559,0.4685463092315771,train,2
S38043,17,7,2025-10-26,55,19,0.0033761287948534,0.0056075029969677,0.4634601659926262,train,2
S38044,17,7,2025-10-26,28,25,0.0033627425704249,0.0013751238164804,0.4586177374462193,train,2
S38045,17,1,2025-10-26,28,13,0.0032476006383129,0.010863209892734,0.4234636170615831,train,2
S38049,17,5,2025-10-26,64,18,0.003308404949064,0.0054704354334522,0.4774705271392561,train,2
S38050,17,5,2025-10-26,40,24,0.003380928749132,0.0110580827464984,0.4416554038922752,train,2
S38051,17,1,2025-10-26,27,29,0.0034048387241945,0.001399199894145,0.4189273050902987,train,2
S38052,17,5,2025-10-26,25,28,0.003302936134767,0.0111819828332939,0.4626682868208926,train,2
S38060,17,14,2025-10-26,31,21,0.0032054540883742,0.0135920471482681,0.3730069214781069,train,2
S38061,17,17,2025-10-26,19,18,0.0030793547226415,0.0040613865917039,0.3898928728391855,train,2
S38068,17,20,2025-10-26,34,18,0.0034801008980456,0.0054682235150114,0.4346041095171459,train,2
S38069,17,13,2025-10-26,31,13,0.0031717598121644,0.0208755113870244,0.5033082527237819,train,2
S38079,17,7,2025-10-26,58,24,0.0032259111260791,0.0013558230828197,0.439905243929699,train,2
S38081,17,24,2025-10-26,45,31,0.0033819862649093,0.0081542247744052,0.4191006594782868,train,2
S38088,17,18,2025-10-26,48,27,0.0030949568832161,0.0027499280702919,0.4119212038639572,train,2
S38122,17,15,2025-10-26,15,26,0.0031856803046916,0.005523879386038,0.4853094514675396,train,2
S38245,17,13,2025-10-26,37,11,0.0031514156468312,0.0041365993324843,0.4074316007473107,train,2
S38652,17,7,2025-10-26,58,20,0.0032983245102947,0.0,0.4866643488913773,train,2
S38653,17,7,2025-10-26,25,20,0.0032472824029224,0.0,0.470423861415608,train,2
S38654,17,17,2025-10-26,20,20,0.0033729839469265,0.0,0.401543300631817,train,2
S38685,17,17,2025-10-26,37,23,0.0031991580712483,0.0,0.2907031185812215,train,2
S38686,17,17,2025-10-26,26,29,0.0032797066469801,0.0,0.3738793444956025,train,2
S38690,17,18,2025-10-26,17,25,0.0032132500849757,0.0,0.4641096294870357,train,2
S38768,17,15,2025-10-26,17,25,0.0035707636459,0.0,0.4494011052378402,train,2
S38769,17,3,2025-10-26,64,25,0.0031706630434189,0.0,0.3618480089714568,train,2
S39054,17,6,2025-10-26,56,22,0.0031811622195569,0.0,0.4348024439511467,train,2
S39055,17,13,2025-10-26,44,19,0.003158306395292,0.0,0.4323940939520439,train,2
S39056,17,6,2025-10-26,61,19,0.0033887160920023,0.0,0.4683888539630594,train,2
S39058,17,2,2025-10-26,13,21,0.0032004502258525,0.0,0.4432940648611411,train,2
S39059,17,14,2025-10-26,33,15,0.0031278638119285,0.0,0.4499055821502711,train,2
S39063,17,20,2025-10-26,21,26,0.0031631530122975,0.0,0.45304319119004,train,2
S39064,17,19,2025-10-26,27,16,0.0033448321941967,0.0,0.4390548927708748,train,2
S39066,17,24,2025-10-26,33,16,0.0034603679796914,0.0058643067846607,0.3813692685028049,train,2
S39067,17,18,2025-10-26,36,24,0.0031247126398445,0.0,0.4009140868957759,train,2
S39068,17,24,2025-10-26,40,25,0.0033536846815397,0.0,0.4116667683083204,train,2
S39103,17,9,2025-10-26,52,24,0.0033424622981796,0.0,0.4669393750519644,train,2
S39107,17,3,2025-10-26,15,25,0.0029970081596962,0.0,0.4561549480655043,train,2
S39110,17,3,2025-10-26,52,27,0.0032694925357258,0.0,0.4382356307346198,train,2
S39111,17,15,2025-10-26,44,23,0.0033906370000416,0.0,0.4634919434714566,train,2
S39114,17,15,2025-10-26,24,26,0.0034845671209424,0.0,0.4947932940486592,train,2
S39168,17,6,2025-10-26,19,28,0.0032162678679293,0.0,0.4159930339948741,train,2
S39169,17,24,2025-10-26,41,11,0.0034173926761698,0.0,0.3315779874568678,train,2
S39170,17,1,2025-10-26,53,13,0.0034648775666974,0.0,0.465050186257738,train,2
S39214,17,7,2025-10-26,34,14,0.0030560087525018,0.0,0.4904195989617126,train,2
S39216,17,1,2025-10-26,49,18,0.0033374816777346,0.0,0.4702140784483615,train,2
S39219,17,14,2025-10-26,41,27,0.0030701925997601,0.0,0.4318479110050024,train,2
S39220,17,13,2025-10-26,55,15,0.0032806024114802,0.0,0.4731516022580247,train,2
S39497,17,5,2025-10-26,45,11,0.0024360569444288,0.0,0.4600098797738337,train,2
S39653,17,1,2025-10-26,26,14,0.0034116793312612,0.0,0.4338587373650586,train,2
S39656,17,1,2025-10-26,34,19,0.0035835550806887,0.0,0.4687234450760758,train,2
S39725,17,3,2025-10-26,35,26,0.0033252602870588,0.0,0.4278711251621767,train,2
S39729,17,3,2025-10-26,40,18,0.0033211689674554,0.0,0.4625794248296326,train,2
S39734,17,2,2025-10-26,59,17,0.002824073923817,0.0,0.4340582651639657,train,2
S39885,17,19,2025-10-26,13,19,0.0017294668823059,0.0033795384923994,0.4315078863664865,train,2
S39886,17,13,2025-10-26,60,28,0.0033095684094387,0.0134457418999212,0.4758462274134548,train,2
S39968,17,15,2025-10-26,63,17,0.0034777737004849,0.0,0.5030362623841228,train,2
S40243,17,25,2025-10-26,45,14,0.0017902868326352,0.0,0.2377217638770514,train,2
S40244,17,25,2025-10-26,27,27,0.0015820243120961,0.0095229336000521,0.3440629005942354,train,2
S40419,17,13,2025-10-26,16,26,0.0034261412170218,0.0,0.4800275042312803,train,2
S40442,17,25,2025-10-26,25,29,0.0019355256598111,0.0033625612297366,0.3662848185194184,train,2
S40728,17,20,2025-10-26,29,24,0.0034769719159483,0.0,0.3611337994284024,train,2
S40729,17,7,2025-10-26,21,17,0.0031414197018301,0.004254954839262,0.4909355966707692,train,2
S40730,17,6,2025-10-26,60,19,0.0031261650940568,0.0,0.4678120566611985,train,2
S40731,17,13,2025-10-26,56,17,0.0033912550688241,0.0021393458853103,0.4344545518191776,train,2
S40733,17,7,2025-10-26,22,22,0.0032080111782947,0.0021476382461098,0.4917120413555049,train,2
S40735,17,5,2025-10-26,52,27,0.0031106464024836,0.00213454964009,0.466118526623977,train,2
S40736,17,2,2025-10-26,21,28,0.0031883052322039,0.0063551736484067,0.5019492178473041,train,2
S40737,17,2,2025-10-26,42,12,0.002884492885151,0.0,0.4646912267773057,train,2
S40739,17,5,2025-10-26,35,23,0.0032320602167149,0.0021607192543127,0.4385113541939624,train,2
S40740,17,6,2025-10-26,26,29,0.0032959635050871,0.0,0.4877660929704694,train,2
S40743,17,13,2025-10-26,59,27,0.0032646437476236,0.0043346677481531,0.3953595458443056,train,2
S40748,17,8,2025-10-26,33,14,0.0032228812140964,0.0021638236549027,0.4811568759837963,train,2
S40749,17,19,2025-10-26,57,21,0.0033357820976446,0.0,0.3873445453942075,train,2
S40750,17,20,2025-10-26,40,14,0.0032139015650576,0.0021242856715435,0.4920623780650847,train,2
S40753,17,18,2025-10-26,61,21,0.0032723085218929,0.0021476660876178,0.3958024695349953,train,2
S40754,17,19,2025-10-26,15,19,0.003307596100478,0.0021142278601631,0.4441659330239562,train,2
S40756,17,13,2025-10-26,34,31,0.0029881677718301,0.0021200448749941,0.4808039981676826,train,2
S40761,17,7,2025-10-26,28,13,0.0030928532850083,0.0021428879403268,0.4643713605361863,train,2
S40762,17,24,2025-10-26,51,24,0.0034765027023019,0.0,0.4541721960041745,train,2
S40763,17,8,2025-10-26,13,23,0.0031228008538364,0.004289160161728,0.4969715093563598,train,2
S40863,17,3,2025-10-26,47,26,0.0033361309632924,0.0,0.4620213686443309,train,2
S41400,17,6,2025-10-26,26,25,0.0031406679653559,0.0,0.4585105616824854,train,2
S41492,17,6,2025-10-26,35,22,0.0032852818504723,0.0024432449439086,0.4542880264697747,train,2
S41494,17,6,2025-10-26,43,18,0.0032114415907973,0.0095863592087878,0.4768065339706158,train,2
S41496,17,7,2025-10-26,13,22,0.0018155356129679,0.0,0.4800215386874326,train,2
S41497,17,1,2025-10-26,33,15,0.0035075446067376,0.0,0.4496912195085404,train,2
S41499,17,2,2025-10-26,51,25,0.0032902540239511,0.0,0.4324667046391314,train,2
S41503,17,19,2025-10-26,35,20,0.0034504937484413,0.0,0.4527125357357796,train,2
S41504,17,8,2025-10-26,26,27,0.0024330121254227,0.0,0.4750700783073991,train,2
S41572,17,25,2025-10-26,31,22,0.0014438833439748,0.0017909135460808,0.2864363836427263,train,2
S41949,17,15,2025-10-26,62,23,0.0034486568365569,0.0,0.4648516219396321,train,2
S41993,17,6,2025-10-26,42,24,0.0032303690319592,0.0156237720249603,0.4432661145188876,train,2
S41995,17,1,2025-10-26,60,22,0.0035807717999148,0.0279713884213507,0.4854985596347035,train,2
S41999,17,17,2025-10-26,43,31,0.0034144578516018,0.0135177035679121,0.3585005319234509,train,2
S42000,17,1,2025-10-26,49,30,0.0034117994458508,0.010242459839047,0.4411553614172295,train,2
S42001,17,2,2025-10-26,61,22,0.0027519320267098,0.0207352243273829,0.4700370298108113,train,2
S42008,17,14,2025-10-26,38,21,0.0027316300674488,0.00995826889694,0.451029869430019,train,2
S42009,17,14,2025-10-26,28,22,0.0031751060952432,0.0035926823494118,0.433586655067855,train,2
S42012,17,18,2025-10-26,26,25,0.0034043253991081,0.0161302169542365,0.3416629199464345,train,2
S42016,17,24,2025-10-26,20,28,0.0033555972277811,0.0165705331243956,0.4513115885388228,train,2
S42023,17,18,2025-10-26,36,14,0.0031561711771935,0.0144634149446799,0.3925344616175971,train,2
S42024,17,20,2025-10-26,50,17,0.0033778385153295,0.0176588676295546,0.4690900600408388,train,2
S42583,17,3,2025-10-26,39,24,0.003311222107177,0.0,0.4576143606259931,train,2
S42617,17,1,2025-10-26,52,16,0.0032762047334758,0.0024716776574264,0.4705191386348015,train,2
S42618,17,1,2025-10-26,33,22,0.0034265198640423,0.0,0.5077225336928158,train,2
S42620,17,17,2025-10-26,59,17,0.003399711777376,0.0049437978712822,0.4032478800650796,train,2
S42621,17,13,2025-10-26,39,21,0.0032003063698677,0.0,0.4225644981423136,train,2
S42623,17,1,2025-10-26,53,14,0.0033990893152393,0.0024893937800217,0.4512516197993745,train,2
S42624,17,7,2025-10-26,30,22,0.0033833455172738,0.0025155131748104,0.4929756535181313,train,2
S42625,17,24,2025-10-26,13,23,0.003435012435597,0.01009009009009,0.5020616368980354,train,2
S42626,17,1,2025-10-26,22,22,0.0034124303649852,0.0,0.4701490973445278,train,2
S42627,17,24,2025-10-26,30,20,0.0035463871720865,0.0,0.4815188744575667,train,2
S42628,17,18,2025-10-26,41,17,0.001307628633042,0.0,0.3405339259414362,train,2
S42630,17,8,2025-10-26,51,29,0.0027558747431214,0.0,0.4223968820587835,train,2
S42632,17,24,2025-10-26,22,23,0.0035528804325697,0.0,0.4239379457086687,train,2
S42696,17,8,2025-10-26,38,23,0.0027209192641587,0.0,0.3785861244481614,train,2
S42697,17,6,2025-10-26,56,26,0.0030397665189545,0.0,0.4503124767248649,train,2
S42698,17,17,2025-10-26,57,18,0.0033080596470245,0.0,0.4228281999744125,train,2
S42699,17,14,2025-10-26,15,22,0.0032774529010245,0.0,0.4928202396254626,train,2
S42776,17,9,2025-10-26,16,18,0.0032578304361527,0.0,0.3841551607339823,train,2
S42813,17,25,2025-10-26,56,15,0.0011959017523449,0.0,0.3314878227272454,train,2
S42888,17,3,2025-10-26,35,11,0.0018290059144988,0.0,0.3766554772966866,train,2
S42998,17,25,2025-10-26,43,15,0.0011967487914624,0.0,0.3133270882243296,train,2
S43033,17,15,2025-10-26,27,27,0.0035795713852895,0.0,0.4420309467651128,train,2
S43285,17,24,2025-10-26,44,19,0.0033049127311912,0.0120216001789936,0.4927103756091791,train,2
S43287,17,2,2025-10-26,54,24,0.0032424668008395,0.0090494167344411,0.4654819824507215,train,2
S43288,17,6,2025-10-26,16,22,0.0032664919157717,0.0115645269189377,0.4556523755174484,train,2
S43289,17,6,2025-10-26,28,14,0.0032800252514912,0.0058232519991798,0.4656172575092501,train,2
S43292,17,1,2025-10-26,35,29,0.003330304959031,0.0204832503437604,0.4355361734889207,train,2
S43293,17,1,2025-10-26,50,24,0.0033123948342979,0.0189241416074097,0.4621833090106351,train,2
S43295,17,1,2025-10-26,61,21,0.0033838306189189,0.0068737688366753,0.4641425781836015,train,2
S43296,17,1,2025-10-26,45,16,0.0033848233279539,0.0238429683871982,0.4768825596281786,train,2
S43297,17,13,2025-10-26,41,20,0.0032510612788758,0.0165183747123605,0.3748975556073907,train,2
S43298,17,18,2025-10-26,28,17,0.0016638029473811,0.0029940660863279,0.3929713993695067,train,2
S43301,17,8,2025-10-26,47,13,0.0029441673632137,0.0107877611103875,0.4750381708835485,train,2
S43302,17,13,2025-10-26,17,26,0.0030800667710579,0.022210305224114,0.4461050940467346,train,2
S43303,17,20,2025-10-26,57,18,0.0035358508723308,0.0143505578526714,0.4329128424703424,train,2
S43305,17,14,2025-10-26,19,26,0.003256754946186,0.017115469151033,0.4720329474827063,train,2
S43306,17,24,2025-10-26,20,24,0.0028522936744683,0.0082057378250254,0.3990492465352813,train,2
S43307,17,13,2025-10-26,38,21,0.0032345376826404,0.0096556976387253,0.4146190148604601,train,2
S43308,17,24,2025-10-26,36,17,0.0033037509960844,0.0138802444901932,0.4636804087605193,train,2
S43310,17,20,2025-10-26,45,25,0.0030266764463178,0.0061257441484969,0.4207134504522603,train,2
S43311,17,17,2025-10-26,34,16,0.003289360138718,0.0125318095770102,0.3948602661808248,train,2
S43312,17,19,2025-10-26,27,23,0.0033068802246983,0.0127099722430415,0.5010380432131992,train,2
S43314,17,19,2025-10-26,64,25,0.0021799191676514,0.0028148592853542,0.3893958424043796,train,2
S43315,17,19,2025-10-26,15,21,0.0033179328576938,0.0050693904695459,0.403791026365851,train,2
S43316,17,24,2025-10-26,40,12,0.0033649780727062,0.0077216777947385,0.4695082984875884,train,2
S43318,17,18,2025-10-26,23,14,0.0034104355891527,0.0118034733560932,0.4300305717793297,train,2
S43319,17,24,2025-10-26,27,18,0.0035660495196245,0.0111343968749554,0.4058663426000733,train,2
S43320,17,24,2025-10-26,30,13,0.003635297003445,0.0145110336410723,0.4992888786908715,train,2
S43465,17,25,2025-10-26,32,26,0.0013351430392088,0.013208060167099,0.2557492292912268,train,2
S43496,17,3,2025-10-26,32,24,0.0030754903474165,0.0048025448656253,0.4482522101595855,train,2
S43497,17,9,2025-10-26,16,20,0.0031203192033736,0.005050505050505,0.4498661387881346,train,2
S43498,17,9,2025-10-26,20,26,0.0031989481053207,0.0101130957468022,0.4401748010132196,train,2
S43503,17,15,2025-10-26,34,27,0.0033179656337328,0.00767859591389,0.4735792600200605,train,2
S43505,17,15,2025-10-26,43,20,0.0033459040473876,0.0116556539888954,0.5177889542578522,train,2
S43508,17,3,2025-10-26,26,16,0.0033258906068293,0.0049213573044032,0.4133424339136243,train,2
S43512,17,15,2025-10-26,19,21,0.00338478361944,0.0138741002173436,0.4738334497946357,train,2
S43596,17,17,2025-10-26,34,32,0.0029364707846923,0.0221319455830231,0.3501081792414191,train,2
S43597,17,2,2025-10-26,45,32,0.002921669052142,0.034286333757108,0.3610298173719732,train,2
S00206,17,3,2025-10-26,18,20,0.0030521061617884,0.0,0.4036693956907295,train,3
S00207,17,3,2025-10-26,43,21,0.0032503812942558,0.0024246859373094,0.4070646915854007,train,3
S00211,17,15,2025-10-26,30,16,0.0033460524407305,0.0024002356770644,0.4807219140779789,train,3
S00238,17,25,2025-10-26,33,23,0.0012626832368389,0.0,0.3274418503942407,train,3
S00679,17,18,2025-10-26,48,25,0.0033599932320995,0.0,0.4424001860594382,train,3
S00683,17,24,2025-10-26,21,16,0.0035597995785493,0.0,0.5278003603242581,train,3
S00772,17,9,2025-10-26,48,21,0.0033656350191932,0.0,0.4964490282238769,train,3
S00774,17,3,2025-10-26,58,23,0.0034549287870927,0.0,0.4098302636733178,train,3
S00973,17,5,2025-10-26,20,17,0.0033790827176561,0.0,0.4775873000231493,train,3
S00975,17,1,2025-10-26,32,26,0.0033940427404029,0.0,0.4434764328438936,train,3
S00977,17,1,2025-10-26,36,29,0.0034582405593407,0.0,0.469187467028596,train,3
S00980,17,14,2025-10-26,38,14,0.0031533636005845,0.0,0.3803030119746636,train,3
S00984,17,14,2025-10-26,39,14,0.0032061594412338,0.0,0.4090464548543099,train,3
S00985,17,18,2025-10-26,45,13,0.0022680934006101,0.0,0.4607987110694347,train,3
S01083,17,25,2025-10-26,51,18,0.0010490820475608,0.0,0.2596044359711346,train,3
S01379,17,25,2025-10-26,34,17,0.0010622434614521,0.0,0.2176907693377308,train,3
S01380,17,25,2025-10-26,26,19,0.0015774759442648,0.0,0.2478857225398755,train,3
S01531,17,24,2025-10-26,19,28,0.0033928663207414,0.0103766803570842,0.4632702699974134,train,3
S01533,17,14,2025-10-26,45,31,0.0032367968384852,0.0,0.4685695101914437,train,3
S01814,17,3,2025-10-26,28,13,0.0026654007113194,0.0,0.4019184861212241,train,3
S01815,17,15,2025-10-26,30,29,0.0033698644512167,0.0086634418442497,0.4693872374484711,train,3
S01817,17,15,2025-10-26,42,19,0.0033951834735763,0.0058429000534913,0.510899110462796,train,3
S01818,17,15,2025-10-26,22,26,0.003455265810427,0.0,0.4611067720951536,train,3
S01819,17,9,2025-10-26,29,19,0.0032510116497186,0.0,0.4071061115343393,train,3
S01820,17,3,2025-10-26,28,17,0.003294059677258,0.0029311936209677,0.4388288494782353,train,3
S01821,17,9,2025-10-26,49,17,0.0032721163652763,0.0088547605473204,0.4682934243228207,train,3
S01825,17,3,2025-10-26,50,21,0.0032913381172729,0.0,0.4494656938753776,train,3
S01826,17,15,2025-10-26,40,26,0.0035259539487896,0.0056856369028722,0.4829406883529161,train,3
S01829,17,3,2025-10-26,61,24,0.0033604551117675,0.0,0.4295023239202717,train,3
S01884,17,3,2025-10-26,45,18,0.0031949249778489,0.0,0.4223588330617245,train,3
S01904,17,15,2025-10-26,34,14,0.0033909992258349,0.0,0.4961662165039914,train,3
S01927,17,20,2025-10-26,43,17,0.0033493267206046,0.0,0.4250662179072018,train,3
S01928,17,8,2025-10-26,37,21,0.0030742452408806,0.0,0.4862549002457334,train,3
S01931,17,7,2025-10-26,20,18,0.0031616704136823,0.0,0.4795994681575266,train,3
S01933,17,8,2025-10-26,36,31,0.0031242757296192,0.0,0.4752215483098738,train,3
S01934,17,24,2025-10-26,56,16,0.0034268213104027,0.0,0.4776497211947365,train,3
S01935,17,24,2025-10-26,51,27,0.003455805196915,0.0,0.4271823409453896,train,3
S01936,17,7,2025-10-26,14,23,0.0035652830876551,0.0,0.5070670436304611,train,3
S01937,17,2,2025-10-26,59,18,0.0031271732766173,0.0,0.4795736534873967,train,3
S02051,17,7,2025-10-26,59,25,0.00316948641694,0.0099261034551627,0.4481192253830335,train,3
S02352,17,25,2025-10-26,34,30,0.0013604273405165,0.0,0.2828435737498005,train,3
S02370,17,2,2025-10-26,39,15,0.0032250423308849,0.0,0.3941346790258853,train,3
S02557,17,8,2025-10-26,15,17,0.0032231887754125,0.0,0.5412615605539125,train,3
S02580,17,20,2025-10-26,63,24,0.0034296873931033,0.0,0.4674748039967607,train,3
S02581,17,24,2025-10-26,22,17,0.003540433132522,0.0,0.4051266025673084,train,3
S02772,17,15,2025-10-26,44,32,0.0031943054129484,0.0,0.4664202819977512,train,3
S02783,17,13,2025-10-26,57,24,0.0030955557626594,0.0,0.4663597051277728,train,3
S02804,17,5,2025-10-26,52,16,0.0034526991009123,0.0,0.4361586784479995,train,3
S02807,17,24,2025-10-26,38,17,0.0034086625249829,0.0,0.4667860538114395,train,3
S02808,17,19,2025-10-26,32,15,0.0031958566299864,0.0,0.4619948937865259,train,3
S02809,17,18,2025-10-26,38,20,0.0023727640895566,0.0,0.3860502169218145,train,3
S02861,17,25,2025-10-26,50,15,0.0012605485300043,0.0,0.2539619525562484,train,3
S02984,17,1,2025-10-26,28,26,0.0033731189081419,0.0,0.4786043976171782,train,3
S02987,17,17,2025-10-26,17,25,0.0029239573885313,0.0028635300353764,0.4224617508466311,train,3
S02988,17,13,2025-10-26,32,17,0.0033524684731083,0.0,0.4010759655227858,train,3
S02991,17,20,2025-10-26,54,20,0.0034817988477737,0.0,0.4929410886703413,train,3
S03035,17,3,2025-10-26,41,29,0.0033173804971597,0.0,0.4300579323002746,train,3
S03041,17,14,2025-10-26,30,14,0.0032690093892266,0.0061208404147885,0.4356909315714201,train,3
S03044,17,14,2025-10-26,42,27,0.003057653024076,0.0104508369080662,0.4335074320499854,train,3
S03045,17,2,2025-10-26,28,14,0.0027480110989024,0.0090586809321145,0.410756357763679,train,3
S03046,17,2,2025-10-26,32,29,0.002949352694134,0.0045085499160883,0.387112361140735,train,3
S03048,17,2,2025-10-26,32,15,0.0032307802376091,0.0046724578820697,0.4117387246911903,train,3
S03049,17,6,2025-10-26,54,26,0.0031849967805354,0.0076942607317133,0.4799542080655068,train,3
S03051,17,8,2025-10-26,54,29,0.0029098507843972,0.0077735442982538,0.5033191574531651,train,3
S03052,17,1,2025-10-26,55,25,0.0034929614259309,0.0061811884174229,0.4033467381374857,train,3
S03054,17,6,2025-10-26,63,21,0.0032307877605462,0.0015078563258668,0.4716008862658878,train,3
S03057,17,24,2025-10-26,56,28,0.0035444934408456,0.0015234416908057,0.4380005149550516,train,3
S03058,17,19,2025-10-26,26,16,0.0030553601041336,0.0030899313003201,0.4434254659972504,train,3
S03059,17,20,2025-10-26,49,28,0.0029682450690906,0.0,0.4783326885317517,train,3
S03174,17,1,2025-10-26,18,15,0.0030054119961688,0.0030029485692188,0.382453999917594,train,3
S03325,17,25,2025-10-26,41,23,0.0016741946367092,0.0,0.3115725755517001,train,3
S03721,17,13,2025-10-26,46,19,0.0033276594516236,0.0,0.4621706223261091,train,3
S03723,17,19,2025-10-26,13,23,0.0027424977742739,0.0,0.4766080348931172,train,3
S03831,17,12,2025-10-26,30,12,0.001621323672956,0.0,0.4345629510018962,train,3
S03897,17,2,2025-10-26,27,17,0.0032642976675784,0.0,0.4106597226528516,train,3
S03898,17,2,2025-10-26,46,24,0.0032935583291535,0.0,0.4347487826851909,train,3
S03899,17,2,2025-10-26,35,17,0.0031525129546059,0.0,0.4613341617401198,train,3
S03900,17,8,2025-10-26,29,15,0.0031199573761731,0.0,0.4762615605611213,train,3
S03901,17,17,2025-10-26,42,26,0.0032706049272402,0.0,0.4135299713025557,train,3
S03902,17,14,2025-10-26,27,17,0.0030579378715181,0.0,0.4462870727734405,train,3
S03904,17,19,2025-10-26,31,15,0.0027162731382816,0.0,0.529380165588124,train,3
S03932,17,25,2025-10-26,60,23,0.0014775817629738,0.0,0.2620138529832345,train,3
S03933,17,25,2025-10-26,33,17,0.0007979767273878,0.0,0.2622073495811514,train,3
S03985,17,2,2025-10-26,36,16,0.003161450026838,0.0,0.4418694716003782,train,3
S03986,17,14,2025-10-26,42,20,0.0033935873556628,0.0,0.4384182477760632,train,3
S03987,17,19,2025-10-26,17,19,0.0032642083386986,0.0,0.41318948189076,train,3
S04030,17,3,2025-10-26,62,26,0.0032365056734334,0.0,0.3814378404663991,train,3
S04235,17,25,2025-10-26,28,20,0.0012947847083035,0.0,0.2510449043532037,train,3
S04489,17,15,2025-10-26,38,16,0.0033762808479073,0.0,0.46670463502142,train,3
S04491,17,15,2025-10-26,62,26,0.0034700166973278,0.0,0.4045198362865426,train,3
S04493,17,3,2025-10-26,38,19,0.0033373510113653,0.0,0.4584081470819193,train,3
S04524,17,18,2025-10-26,28,26,0.0033601687988667,0.0,0.4715371574739345,train,3
S04525,17,14,2025-10-26,28,19,0.0032031800881713,0.0,0.4300690172790251,train,3
S04529,17,7,2025-10-26,55,27,0.003052120271112,0.0,0.4745860478567274,train,3
S04530,17,18,2025-10-26,38,15,0.0034067721705645,0.0,0.3910669949022039,train,3
S04531,17,20,2025-10-26,31,21,0.0035267815412101,0.0,0.448624708181756,train,3
S04625,17,15,2025-10-26,21,21,0.0036680041733934,0.0,0.4644786568468513,train,3
S04626,17,3,2025-10-26,45,28,0.003549479546195,0.0,0.4634075313843215,train,3
S04628,17,15,2025-10-26,42,30,0.0032557721550794,0.0,0.4876977451367996,train,3
S04758,17,18,2025-10-26,27,23,0.0026902776698413,0.0,0.3836420476919794,train,3
S04759,17,13,2025-10-26,18,18,0.0032330684209447,0.0,0.4692111126880518,train,3
S04761,17,2,2025-10-26,45,28,0.0032217379350922,0.0,0.4411225146628745,train,3
S04762,17,2,2025-10-26,49,29,0.0031793928587577,0.0,0.4245267891072152,train,3
S04763,17,8,2025-10-26,21,28,0.0031852331674235,0.0,0.4938031189914801,train,3
S04764,17,24,2025-10-26,25,25,0.0029077218579884,0.0,0.4391607843475292,train,3
S04765,17,7,2025-10-26,46,20,0.003189065314156,0.0,0.4922151061962816,train,3
S04767,17,18,2025-10-26,42,18,0.0019702069786575,0.0,0.3947443398612149,train,3
S04768,17,20,2025-10-26,52,25,0.0035687248749807,0.0,0.4461533384000962,train,3
S04827,17,7,2025-10-26,34,31,0.0033004097329555,0.0,0.5044893126146918,train,3
S04829,17,2,2025-10-26,51,22,0.0031894385241487,0.0,0.441372228282705,train,3
S04830,17,6,2025-10-26,14,21,0.0029055739179401,0.0,0.5122582371800578,train,3
S04832,17,14,2025-10-26,32,20,0.0033548330344674,0.0,0.4470502809895275,train,3
S04835,17,14,2025-10-26,32,24,0.0031417460981682,0.0,0.4596285860811202,train,3
S04839,17,24,2025-10-26,52,20,0.0034393028496847,0.0,0.4773963328103982,train,3
S05105,17,25,2025-10-26,22,15,0.0015905743381852,0.0,0.2610209476434657,train,3
S05120,17,20,2025-10-26,52,19,0.0035348036439528,0.0,0.4559820862609944,train,3
S05158,17,12,2025-10-26,62,27,0.0017501563713489,0.0,0.416224073748022,train,3
S05242,17,15,2025-10-26,40,14,0.0034181539512736,0.0,0.4955929333586615,train,3
S05311,17,25,2025-10-26,59,26,0.000795765946173,0.0,0.2418041145291576,train,3
S05935,17,15,2025-10-26,33,17,0.0035341807597467,0.0,0.4596416968946571,train,3
S06044,17,8,2025-10-26,35,29,0.0025769491449876,0.0,0.4513636919973118,train,3
S06079,17,25,2025-10-26,40,16,0.0010453842070845,0.0,0.2208314245788514,train,3
S06643,17,9,2025-10-26,22,22,0.0034661216320224,0.0030082651631393,0.4484225365972252,train,3
S06647,17,9,2025-10-26,41,20,0.0033265425830676,0.0123768078046107,0.4511687222099994,train,3
S06649,17,3,2025-10-26,15,23,0.0031649399121896,0.0061776157759153,0.4798326701692717,train,3
S06735,17,25,2025-10-26,36,27,0.0012943138727923,0.0,0.2768978704560199,train,3
S06782,17,1,2025-10-26,55,13,0.0028953042697306,0.0,0.4351371630812362,train,3
S06807,17,11,2025-10-26,50,31,0.003001278533694,0.0,0.374645931075587,train,3
S06962,17,8,2025-10-26,38,28,0.0024292512080096,0.0,0.4263351069882551,train,3
S06964,17,5,2025-10-26,18,21,0.0033177942792558,0.0044857822364828,0.4707619005921067,train,3
S06967,17,1,2025-10-26,32,30,0.0033764025828574,0.0022461144930876,0.4025099575773831,train,3
S06968,17,1,2025-10-26,64,18,0.0034065562993693,0.0,0.4822055245332639,train,3
S06976,17,18,2025-10-26,32,30,0.0034025459672599,0.0137560719079976,0.4554608836050111,train,3
S06980,17,20,2025-10-26,35,30,0.0035447642111695,0.0,0.4657121491927074,train,3
S06981,17,14,2025-10-26,59,27,0.0032723164850063,0.0,0.454488367693991,train,3
S06982,17,13,2025-10-26,40,24,0.0030469712371686,0.0,0.4225094588236751,train,3
S06983,17,24,2025-10-26,24,29,0.0035586971765641,0.0,0.4419617037447031,train,3
S06984,17,17,2025-10-26,42,25,0.0032752501047317,0.0,0.4090574178618268,train,3
S06987,17,20,2025-10-26,18,22,0.0036419524650604,0.0045040146448443,0.4822124196654791,train,3
S06988,17,19,2025-10-26,28,23,0.0033447998358022,0.0022570390554041,0.4210332915983576,train,3
S07212,17,8,2025-10-26,32,17,0.0028521278282686,0.0,0.4573831019924558,train,3
S07213,17,14,2025-10-26,54,28,0.0031551873849912,0.0,0.446241001774244,train,3
S07214,17,13,2025-10-26,50,19,0.003142570080086,0.0,0.4629600286391603,train,3
S07215,17,2,2025-10-26,36,23,0.0033011782662335,0.0,0.4697789531259292,train,3
S07221,17,20,2025-10-26,34,27,0.0032041695162685,0.0,0.4681918840683308,train,3
S07222,17,1,2025-10-26,36,30,0.0032147420609346,0.0,0.4434019430012768,train,3
S07224,17,1,2025-10-26,24,14,0.0034094922047293,0.0,0.4214963355873993,train,3
S07226,17,5,2025-10-26,55,23,0.0032766540129451,0.0,0.4587172110274087,train,3
S07227,17,20,2025-10-26,52,27,0.0033634744374953,0.0,0.4367477693128399,train,3
S07228,17,17,2025-10-26,36,15,0.0033136158513373,0.0,0.4281335336154555,train,3
S07273,17,6,2025-10-26,40,27,0.0031439334289286,0.0056861735598649,0.4559465773287594,train,3
S07276,17,1,2025-10-26,34,17,0.0034478389896717,0.0071443151663604,0.4772516093533279,train,3
S07278,17,1,2025-10-26,24,17,0.0036115549150227,0.0119004860761918,0.4332057017998851,train,3
S07281,17,1,2025-10-26,63,18,0.0033290097400558,0.0102352730043571,0.41592468655079,train,3
S07284,17,17,2025-10-26,31,17,0.0033250897416912,0.0014720168704388,0.422463074178313,train,3
S07285,17,14,2025-10-26,41,20,0.0029417673238469,0.0156938057263588,0.4074540513584193,train,3
S07286,17,14,2025-10-26,54,19,0.003202655019405,0.0101130781081945,0.4257678247041139,train,3
S07287,17,18,2025-10-26,41,28,0.0033360751025792,0.0043320984964044,0.4688757001008802,train,3
S07288,17,17,2025-10-26,32,13,0.0032714709380003,0.0102870254558787,0.4120015802691179,train,3
S07289,17,17,2025-10-26,38,30,0.0033019946734102,0.0159093223914909,0.3904757341733365,train,3
S07291,17,13,2025-10-26,61,18,0.0032431252551164,0.0130708067782346,0.4429177167375521,train,3
S07292,17,20,2025-10-26,43,19,0.0033100407451505,0.00143715553088,0.4503481812482981,train,3
S07293,17,20,2025-10-26,23,18,0.0032060556847688,0.0044588387281992,0.4097202940801421,train,3
S07294,17,20,2025-10-26,14,20,0.0035221924520316,0.0148390987860004,0.4828159362486224,train,3
S07295,17,24,2025-10-26,21,17,0.0035539099240522,0.0028682646998565,0.4563786795955427,train,3
S07300,17,18,2025-10-26,16,20,0.0032464286032428,0.0128136816775524,0.4060641946346093,train,3
S07345,17,25,2025-10-26,60,20,0.0011624169326718,0.0,0.2195477128842853,train,3
S07560,17,3,2025-10-26,27,20,0.0035024680041016,0.0,0.4303641264105191,train,3
S07563,17,15,2025-10-26,20,21,0.0034390119769714,0.0,0.4717308310658715,train,3
S07564,17,3,2025-10-26,24,14,0.0026502191678536,0.0,0.3971879919857686,train,3
S07619,17,13,2025-10-26,17,27,0.0032101271278443,0.0131972888466976,0.4369136147449739,train,3
S07666,17,14,2025-10-26,54,25,0.0032292122824454,0.0061970074812967,0.4510535593902491,train,3
S07669,17,14,2025-10-26,14,22,0.0033373904288515,0.0075988406252935,0.459436146072706,train,3
S07670,17,8,2025-10-26,34,13,0.0028017597584055,0.0098488001109723,0.4261370792981705,train,3
S07673,17,2,2025-10-26,44,16,0.0032572936335637,0.0053354460411419,0.4347171651131097,train,3
S07675,17,20,2025-10-26,29,28,0.0034635034375233,0.0051994409293294,0.3344356025299022,train,3
S07679,17,5,2025-10-26,25,17,0.0033585925372127,0.0072200742553195,0.4344421991278988,train,3
S07680,17,2,2025-10-26,24,29,0.0031479227729152,0.0126522663340249,0.4243520910155856,train,3
S07681,17,5,2025-10-26,63,18,0.0035032190379603,0.0093375418028782,0.4390870071271361,train,3
S07682,17,8,2025-10-26,22,26,0.0021638035178016,0.01319886601292,0.4948665008825695,train,3
S07683,17,24,2025-10-26,58,24,0.0031363791967064,0.0031299397313415,0.4434457416574587,train,3
S07685,17,7,2025-10-26,31,15,0.0031733888705721,0.0084525965798447,0.4525404689151625,train,3
S07688,17,18,2025-10-26,46,13,0.0023075252970058,0.015131646191753,0.3983196396617319,train,3
S07691,17,20,2025-10-26,62,24,0.0034206994703447,0.0158404355004239,0.410776332472649,train,3
S07692,17,24,2025-10-26,23,29,0.0033098424126459,0.0032146645623657,0.4956372175954717,train,3
S07693,17,20,2025-10-26,51,26,0.0034890444078372,0.0126256692303295,0.4249686134617077,train,3
S07780,17,9,2025-10-26,43,32,0.0032909848509368,0.0064498965031697,0.4255116430667667,train,3
S07888,17,2,2025-10-26,42,25,0.0032648305818779,0.0,0.4493408030138124,train,3
S08047,17,15,2025-10-26,23,29,0.0034108916712201,0.0071587529077932,0.4521377252423996,train,3
S08050,17,9,2025-10-26,54,19,0.0032132790296387,0.0023629703059737,0.4636306365528668,train,3
S08052,17,15,2025-10-26,43,18,0.0033731782151302,0.0034612438192074,0.4378458019849285,train,3
S08053,17,9,2025-10-26,14,20,0.0031418079770757,0.0115356316396612,0.4544911371543069,train,3
S08055,17,3,2025-10-26,34,15,0.003364179451811,0.0034519162649849,0.3975367963982971,train,3
S08059,17,15,2025-10-26,46,16,0.0033698388695989,0.0153038625613184,0.4608858580234738,train,3
S08061,17,3,2025-10-26,37,28,0.0032231785776446,0.0083429256594724,0.4750715039861742,train,3
S08402,17,7,2025-10-26,46,31,0.0031996210438307,0.0056972414805032,0.4928835541662549,train,3
S08403,17,14,2025-10-26,39,11,0.0032183218644532,0.0033748913515862,0.394930935374197,train,3
S08462,17,7,2025-10-26,23,17,0.0033360757539388,0.0,0.4553802298649743,train,3
S08463,17,1,2025-10-26,50,22,0.0033946779455657,0.0,0.487520620764095,train,3
S08464,17,1,2025-10-26,46,18,0.003405039346311,0.0,0.4468209877342843,train,3
S08466,17,14,2025-10-26,17,17,0.003364876168538,0.0,0.4698878780128428,train,3
S08482,17,13,2025-10-26,53,16,0.0032702674580877,0.0,0.44818176827634,train,3
S08494,17,17,2025-10-26,29,18,0.0032372164385938,0.0,0.3865750391349332,train,3
S08495,17,18,2025-10-26,50,29,0.0033747052757272,0.0,0.4322698761563038,train,3
S08877,17,2,2025-10-26,40,21,0.0032253040910745,0.0,0.4439236895533143,train,3
S08879,17,1,2025-10-26,33,17,0.0033988111465947,0.0,0.4587147929971058,train,3
S08880,17,1,2025-10-26,38,20,0.0033228978723497,0.0,0.4201949186019004,train,3
S08882,17,20,2025-10-26,22,18,0.0032357611268683,0.0,0.4239805083648496,train,3
S08883,17,20,2025-10-26,59,25,0.0035412006215368,0.0,0.4587896525397996,train,3
S09110,17,15,2025-10-26,40,29,0.0032878748247292,0.006143766611039,0.4857858039816689,train,3
S09113,17,9,2025-10-26,55,20,0.0034664536985767,0.0,0.4834071263758827,train,3
S09118,17,15,2025-10-26,39,25,0.0034984373465466,0.0,0.4203300689791463,train,3
S09138,17,19,2025-10-26,59,17,0.0030905316451645,0.0,0.407426658433238,train,3
S09139,17,19,2025-10-26,34,21,0.003097885608655,0.0,0.429264393477372,train,3
S09169,17,25,2025-10-26,43,29,0.0013009059470561,0.0,0.2902412132382667,train,3
S09332,17,12,2025-10-26,57,29,0.0022554511973045,0.0,0.4418987688629434,train,3
S09495,17,18,2025-10-26,43,22,0.0030266442955541,0.0,0.2853135186228118,train,3
S09497,17,8,2025-10-26,34,18,0.0027599685626609,0.0,0.4435599296171828,train,3
S09498,17,5,2025-10-26,57,20,0.0033695764612852,0.0,0.4703401010461701,train,3
S09499,17,1,2025-10-26,40,14,0.0033532663427253,0.0,0.5019477109414645,train,3
S09501,17,24,2025-10-26,43,24,0.0033369587394003,0.0,0.4223586084645437,train,3
S09502,17,19,2025-10-26,30,13,0.0032027708220276,0.0,0.4815234112375792,train,3
S09533,17,13,2025-10-26,15,25,0.0034356966245901,0.0,0.3973778213833122,train,3
S09535,17,7,2025-10-26,45,30,0.0031077514901033,0.0,0.4284279860030546,train,3
S09537,17,24,2025-10-26,35,25,0.0035543048067838,0.0,0.4179385390601879,train,3
S10282,17,14,2025-10-26,46,23,0.0031996795199381,0.0,0.437696898933821,train,3
S10286,17,6,2025-10-26,47,17,0.0030844613940599,0.0,0.4708233503757608,train,3
S10287,17,7,2025-10-26,60,16,0.0031312117704176,0.0,0.4990863728379094,train,3
S10288,17,8,2025-10-26,40,24,0.0030025790084704,0.0,0.4864829234875517,train,3
S10289,17,18,2025-10-26,30,14,0.0025630625133788,0.0,0.4711463696485943,train,3
S10485,17,17,2025-10-26,23,27,0.0033810938733367,0.0,0.3793975532789237,train,3
S10486,17,1,2025-10-26,35,31,0.0034169678541745,0.0,0.4059982201407902,train,3
S10621,17,11,2025-10-26,19,28,0.0033594190791944,0.0,0.3667485300465971,train,3
S10689,17,14,2025-10-26,26,17,0.0035510690010734,0.0,0.3934996089977964,train,3
S10736,17,15,2025-10-26,55,24,0.0033400121673427,0.0,0.4845248273664004,train,3
S10744,17,2,2025-10-26,40,30,0.0032396434366389,0.0,0.4588816330197985,train,3
S10747,17,17,2025-10-26,17,22,0.0033676074964738,0.0,0.4061688401366505,train,3
S10749,17,13,2025-10-26,44,27,0.0033175864139002,0.0,0.4611709137918565,train,3
S10751,17,19,2025-10-26,33,19,0.0034448054413357,0.0,0.4851089128819374,train,3
S10783,17,25,2025-10-26,58,21,0.0011951334782207,0.0,0.3727113901206411,train,3
S10859,17,15,2025-10-26,30,12,0.0029882813068499,0.0207136903222097,0.3870380880746463,train,3
S11229,17,7,2025-10-26,31,14,0.0033135511034173,0.0131244970936283,0.4584815397900068,train,3
S11230,17,8,2025-10-26,21,23,0.0031395994420324,0.0224138213782019,0.4829781099088867,train,3
S11231,17,8,2025-10-26,45,30,0.0027463529666657,0.0234427051089295,0.4955040307581215,train,3
S11232,17,7,2025-10-26,46,30,0.003174803732869,0.0171500543487637,0.432203720903782,train,3
S11237,17,5,2025-10-26,53,27,0.0031305575577778,0.0183564926910544,0.4633495296296666,train,3
S11238,17,5,2025-10-26,44,17,0.0032100978330068,0.0021149476156838,0.4590507391711609,train,3
S11239,17,17,2025-10-26,29,19,0.0031803120746988,0.0089309489153642,0.4024243235823233,train,3
S11240,17,13,2025-10-26,56,24,0.0033132025106324,0.0031449674983112,0.4296836207601848,train,3
S11243,17,24,2025-10-26,45,20,0.0032624706376648,0.0294521072630801,0.4168705776964443,train,3
S11244,17,18,2025-10-26,58,19,0.003213872692754,0.0213695491602516,0.4092544512187901,train,3
S11247,17,24,2025-10-26,58,25,0.0031881766320086,0.0205321287285978,0.4755047379429244,train,3
S11501,17,20,2025-10-26,56,13,0.0031099552226923,0.0203664318585086,0.4079939499658824,train,3
S11502,17,8,2025-10-26,35,11,0.002822186546267,0.0126205253448649,0.4704931512015523,train,3
S11503,17,2,2025-10-26,59,29,0.0030771831644734,0.0127717530965719,0.4592468941482705,train,3
S11590,17,1,2025-10-26,60,24,0.0035076232551713,0.0,0.4781855796568887,train,3
S11593,17,13,2025-10-26,35,25,0.0032002403037983,0.0,0.4116508140464736,train,3
S11595,17,13,2025-10-26,31,15,0.0030422290343842,0.0,0.442113406900737,train,3
S11596,17,14,2025-10-26,45,30,0.0031072137149197,0.0,0.4314124995375414,train,3
S11597,17,20,2025-10-26,18,17,0.0034333895170031,0.0091988487557492,0.4275295766173459,train,3
S11598,17,19,2025-10-26,34,19,0.0031654106079721,0.0,0.4394337626484828,train,3
S11659,17,15,2025-10-26,41,19,0.0034277506498952,0.0,0.4950220136916645,train,3
S12002,17,15,2025-10-26,22,29,0.0033720851000436,0.0,0.4749688222787863,train,3
S12065,17,17,2025-10-26,31,12,0.0031303918045861,0.0,0.4601796430882394,train,3
S12229,17,6,2025-10-26,26,17,0.0031208296645272,0.0,0.4508497823933349,train,3
S12231,17,7,2025-10-26,60,23,0.0033682537890116,0.0,0.4822936530905998,train,3
S12234,17,8,2025-10-26,33,16,0.0031919348879236,0.0,0.4649339046858275,train,3
S12236,17,14,2025-10-26,29,23,0.0031738697728128,0.0052142347559696,0.4112629139143322,train,3
S12238,17,18,2025-10-26,38,26,0.0033051035657275,0.0026708368263794,0.4584014406903753,train,3
S12240,17,20,2025-10-26,39,21,0.0032383277272583,0.0,0.4587436583818604,train,3
S12242,17,19,2025-10-26,53,29,0.0032090995766955,0.0,0.3719101570677344,train,3
S12245,17,24,2025-10-26,33,23,0.0035188466014242,0.0,0.4450863966595045,train,3
S12246,17,19,2025-10-26,36,27,0.0033367026831251,0.0,0.4404707530438996,train,3
S12251,17,24,2025-10-26,17,18,0.003427918061589,0.007973944294699,0.4603596021858672,train,3
S12253,17,24,2025-10-26,57,23,0.0035101101918126,0.0,0.4515284157862506,train,3
S12254,17,19,2025-10-26,20,22,0.0032180945933045,0.0,0.5115162521738081,train,3
S12384,17,14,2025-10-26,55,16,0.003502525432965,0.0,0.4469886078868799,train,3
S12385,17,5,2025-10-26,23,16,0.003233115366431,0.0039944704312742,0.4495347843402803,train,3
S12386,17,2,2025-10-26,21,26,0.0031832366361246,0.0,0.4387007123190101,train,3
S12388,17,2,2025-10-26,47,13,0.0031650067978127,0.0,0.4014693746021917,train,3
S12389,17,5,2025-10-26,33,17,0.0034667378475908,0.0,0.4746816267492844,train,3
S12390,17,13,2025-10-26,47,23,0.0030224084955273,0.0,0.4554969150319085,train,3
S12391,17,1,2025-10-26,51,25,0.0035474340626957,0.0,0.5098605061294442,train,3
S12458,17,25,2025-10-26,19,22,0.0019283685960711,0.0,0.4012747740138937,train,3
S12732,17,9,2025-10-26,58,21,0.0031872950076865,0.0,0.4725837628667365,train,3
S12733,17,3,2025-10-26,51,13,0.003194372259372,0.0,0.446085290293507,train,3
S12734,17,3,2025-10-26,49,14,0.0033986342022027,0.0,0.4457427890114543,train,3
S13051,17,8,2025-10-26,32,19,0.0027741523958775,0.0,0.4719611907668526,train,3
S13052,17,19,2025-10-26,39,13,0.0032473615625289,0.0,0.4643628225953904,train,3
S13053,17,19,2025-10-26,46,30,0.003045708059024,0.0,0.4449973877332144,train,3
S13054,17,20,2025-10-26,32,13,0.0033319407213561,0.0,0.5039769212650561,train,3
S13055,17,11,2025-10-26,39,11,0.0032208277228716,0.0,0.4950271517506728,train,3
S13220,17,13,2025-10-26,65,23,0.003241827351554,0.0,0.4299327211922335,train,3
S13439,17,2,2025-10-26,49,24,0.0027668632208882,0.0,0.4389333289468997,train,3
S13445,17,9,2025-10-26,45,31,0.0027536794491844,0.0,0.4760833106504776,train,3
S13460,17,8,2025-10-26,19,28,0.0029909674795285,0.0,0.4664914534939267,train,3
S13608,17,7,2025-10-26,29,12,0.0025370581959603,0.0206545991028548,0.4941759662595102,train,3
S13609,17,13,2025-10-26,55,30,0.0030761287677333,0.0102231821454283,0.3688174866938833,train,3
S13618,17,2,2025-10-26,34,28,0.0029942421720199,0.001840924833224,0.4294623057543561,train,3
S13620,17,7,2025-10-26,48,13,0.003446657041435,0.0075417871152284,0.4619945886870886,train,3
S13622,17,7,2025-10-26,29,28,0.0031139823422422,0.0018577911349346,0.4601133287451899,train,3
S13625,17,14,2025-10-26,48,18,0.0031852461846059,0.0,0.4204037616925351,train,3
S13626,17,5,2025-10-26,54,20,0.0033329534681608,0.0018732097090306,0.4663798562302057,train,3
S13627,17,5,2025-10-26,33,18,0.0034243647421158,0.0,0.4346418027620526,train,3
S13629,17,17,2025-10-26,59,26,0.0032094932804876,0.0,0.4306035564699835,train,3
S13630,17,5,2025-10-26,36,15,0.0031696419356,0.0018656576349317,0.4712717497814762,train,3
S13632,17,19,2025-10-26,40,15,0.0032268310913352,0.0018828967058778,0.470593049354897,train,3
S13634,17,24,2025-10-26,29,19,0.0034506235782811,0.0091658183213089,0.4435094426187116,train,3
S13635,17,24,2025-10-26,41,23,0.0033021950307842,0.0018845030902817,0.4405562021892028,train,3
S13649,17,3,2025-10-26,30,12,0.0026884365516999,0.0056564690885914,0.3652684327641567,train,3
S13650,17,15,2025-10-26,28,31,0.0032159892142843,0.0056413166855845,0.4613763467537394,train,3
S13936,17,14,2025-10-26,17,26,0.0032836380122509,0.0116180309346631,0.4901007717627239,train,3
S13938,17,14,2025-10-26,19,17,0.003297926115435,0.006732611033896,0.4129829335407728,train,3
S13939,17,1,2025-10-26,36,27,0.0033037897696665,0.0066077420933114,0.4134309184813098,train,3
S13942,17,24,2025-10-26,30,30,0.0034695348660817,0.0157707685473123,0.4179316037351557,train,3
S13944,17,19,2025-10-26,29,17,0.0031105877658731,0.0104755355670252,0.4721621978805623,train,3
S13945,17,18,2025-10-26,49,16,0.0031952887584208,0.016685906723173,0.2901505755435505,train,3
S13946,17,18,2025-10-26,52,22,0.0029885724641819,0.0026064200793987,0.4041466730039221,train,3
S13947,17,19,2025-10-26,34,20,0.0033228002894608,0.0079862450186399,0.4357661810604492,train,3
S13948,17,20,2025-10-26,14,24,0.0033672761870624,0.0064734782767262,0.4746881579881421,train,3
S13949,17,18,2025-10-26,24,29,0.0033849333186474,0.0093142176351686,0.490520572131127,train,3
S13950,17,7,2025-10-26,45,31,0.0022478389575429,0.0105578170597966,0.491457178794271,train,3
S13951,17,20,2025-10-26,59,17,0.0033192740965949,0.0052923574950217,0.4145336506589118,train,3
S14092,17,9,2025-10-26,40,16,0.0033671020082339,0.0039627485687859,0.4154742191411912,train,3
S14096,17,3,2025-10-26,22,27,0.0032079342321799,0.005174536491154,0.4105758100828251,train,3
S14101,17,15,2025-10-26,19,23,0.0033958632885307,0.0052847603249542,0.4992937259640604,train,3
S14107,17,3,2025-10-26,23,19,0.0026944092404349,0.0064117946058358,0.4723806754299564,train,3
S14215,17,25,2025-10-26,18,22,0.0017120364944477,0.0,0.3839745254647515,train,3
S14378,17,6,2025-10-26,38,15,0.0031770546923676,0.0,0.4627585494646664,train,3
S14380,17,17,2025-10-26,56,27,0.0033036844396859,0.0,0.3898544096152143,train,3
S14381,17,18,2025-10-26,31,23,0.0034500655035021,0.0,0.3639317251333073,train,3
S14382,17,19,2025-10-26,31,13,0.0030720410049419,0.0,0.4709513907514228,train,3
S14384,17,24,2025-10-26,19,20,0.0034553467236662,0.0,0.4623223284719728,train,3
S14761,17,25,2025-10-26,21,23,0.00123878929876,0.0,0.3119043248546275,train,3
S14762,17,25,2025-10-26,28,27,0.0025734097181189,0.0,0.2938307524425715,train,3
S14806,17,13,2025-10-26,27,29,0.0029248107974471,0.0,0.4521482963294809,train,3
S14809,17,6,2025-10-26,32,22,0.0031828442342161,0.0,0.485633133432904,train,3
S14811,17,6,2025-10-26,22,27,0.003264956041873,0.0,0.4535963962353724,train,3
S15089,17,25,2025-10-26,30,15,0.0013337468580016,0.0,0.2500298392587255,train,3
S15090,17,25,2025-10-26,13,20,0.0012762212010975,0.0,0.4243046566905303,train,3
S15504,17,9,2025-10-26,42,27,0.0031942628360518,0.0133564450894236,0.4509124074073747,train,3
S15505,17,9,2025-10-26,20,15,0.003267290254873,0.0,0.4437574253300038,train,3
S15507,17,3,2025-10-26,44,15,0.0032255171480166,0.0016465568078663,0.426642526839449,train,3
S15516,17,15,2025-10-26,27,23,0.003652853327438,0.0016391928706653,0.4511482895422934,train,3
S15556,17,7,2025-10-26,40,25,0.0031518881267198,0.0100819539110678,0.4825448030781494,train,3
S15557,17,7,2025-10-26,38,18,0.0033211138615486,0.0067398283852551,0.4428569409203872,train,3
S15558,17,6,2025-10-26,62,24,0.0034260487318942,0.0,0.4698094128092854,train,3
S15559,17,6,2025-10-26,33,21,0.003227988983231,0.0016441220156869,0.4455123383976513,train,3
S15563,17,1,2025-10-26,24,23,0.0034135615183264,0.0016423942605425,0.4246081220303216,train,3
S15566,17,14,2025-10-26,47,18,0.0032363400622357,0.001661868314491,0.4303978416017653,train,3
S15568,17,14,2025-10-26,40,12,0.0033045871659997,0.0,0.419385461031886,train,3
S15569,17,2,2025-10-26,21,24,0.0028774949301571,0.0066687464568091,0.4579750788533293,train,3
S15578,17,13,2025-10-26,56,18,0.003307425920853,0.0,0.4405441509796839,train,3
S15580,17,8,2025-10-26,26,18,0.0028603681449133,0.004893466188807,0.4722949833804845,train,3
S15581,17,13,2025-10-26,62,20,0.0032746909757917,0.0,0.5018570110583062,train,3
S15582,17,13,2025-10-26,22,24,0.0032666360855564,0.0,0.4481868421699794,train,3
S15588,17,19,2025-10-26,36,12,0.0032100168002116,0.0049692546118082,0.4481955264210128,train,3
S15589,17,18,2025-10-26,51,30,0.0033490722794484,0.0049439945884646,0.3852099033771878,train,3
S15590,17,24,2025-10-26,51,26,0.0033620739257593,0.0065760312262247,0.4308240890415559,train,3
S15592,17,8,2025-10-26,31,14,0.0029200291984533,0.0115457499095654,0.4974420763192512,train,3
S15593,17,17,2025-10-26,51,17,0.0031905170467895,0.0166196834568941,0.4155967519093268,train,3
S15594,17,20,2025-10-26,15,21,0.003461541581083,0.0016735020977702,0.4648909413988802,train,3
S15595,17,24,2025-10-26,31,27,0.0034350681774748,0.0016970566140818,0.4419236984957933,train,3
S15597,17,19,2025-10-26,47,15,0.0032484374218596,0.0032834213647009,0.4214759080377017,train,3
S15598,17,18,2025-10-26,50,14,0.0022724847121464,0.0114704912627761,0.4010170490161905,train,3
S15602,17,24,2025-10-26,30,15,0.0035267194405139,0.0033171480535949,0.4708776194994288,train,3
S15603,17,24,2025-10-26,48,23,0.0034148867245918,0.0,0.4600817596862807,train,3
S15605,17,24,2025-10-26,44,20,0.0034155024674051,0.0115249812830858,0.4444367881845199,train,3
S15783,17,3,2025-10-26,54,22,0.0033777906768541,0.0018404340017404,0.4127132692011999,train,3
S15784,17,3,2025-10-26,24,23,0.0033178839690499,0.001889769767486,0.4632673626982733,train,3
S15785,17,3,2025-10-26,57,20,0.003377897990861,0.0,0.4661770828206816,train,3
S15790,17,3,2025-10-26,32,21,0.0035785170990895,0.0,0.4504373219989399,train,3
S15792,17,15,2025-10-26,34,17,0.0034384765633719,0.0,0.4906228233197998,train,3
S16094,17,25,2025-10-26,53,23,0.0009503219819909,0.0,0.2941325534994543,train,3
S16096,17,25,2025-10-26,20,27,0.0019589831656463,0.0074039313832837,0.3296594426972457,train,3
S16370,17,3,2025-10-26,25,30,0.0031270429321592,0.0,0.4262274227384077,train,3
S16428,17,14,2025-10-26,33,22,0.0029865490543892,0.0,0.4176901852883015,train,3
S16429,17,13,2025-10-26,47,12,0.0034343278065265,0.0,0.4442098173075142,train,3
S16432,17,1,2025-10-26,36,26,0.0033930554368279,0.0,0.4072023776150186,train,3
S16457,17,25,2025-10-26,54,22,0.0010843846441696,0.0,0.3903996102900894,train,3
S16580,17,25,2025-10-26,39,28,0.0014496547113067,0.0,0.3017912159369051,train,3
S16582,17,25,2025-10-26,30,29,0.0017150177205889,0.0,0.2757009903795253,train,3
S16715,17,6,2025-10-26,60,25,0.0032644793520224,0.0,0.4357858945851662,train,3
S16716,17,6,2025-10-26,61,20,0.0031147885085076,0.0,0.4689344310299845,train,3
S16718,17,2,2025-10-26,44,23,0.0031415569154649,0.0,0.4326378348945456,train,3
S16719,17,5,2025-10-26,32,26,0.0032202607380357,0.0025388749259281,0.4591084111548946,train,3
S16720,17,5,2025-10-26,16,18,0.0034689987113672,0.0025643010086938,0.4294594636752134,train,3
S16721,17,14,2025-10-26,28,28,0.0031120035371231,0.0,0.467502932825053,train,3
S16724,17,8,2025-10-26,23,24,0.0028044666168968,0.0,0.4741358156117949,train,3
S16728,17,18,2025-10-26,39,21,0.0031358169317028,0.0,0.3169970678081722,train,3
S16730,17,19,2025-10-26,52,20,0.0032067572869059,0.0,0.413441558218754,train,3
S16731,17,17,2025-10-26,38,14,0.0034921600366637,0.0,0.4367274269950469,train,3
S16732,17,19,2025-10-26,49,19,0.0033468286285819,0.0,0.4347478821777266,train,3
S16734,17,18,2025-10-26,42,19,0.0032486753553508,0.0,0.33175414807426,train,3
S16739,17,24,2025-10-26,27,24,0.0035655062415352,0.0,0.471615953020229,train,3
S16740,17,24,2025-10-26,65,23,0.0032910997964168,0.0025545738179313,0.4963710224566888,train,3
S16821,17,7,2025-10-26,54,28,0.0029630186308333,0.0,0.5033472695885978,train,3
S16948,17,3,2025-10-26,57,25,0.0032872792422874,0.0,0.3700383895122088,train,3
S16949,17,9,2025-10-26,33,17,0.0033381614741876,0.0,0.4459275469389309,train,3
S16950,17,9,2025-10-26,58,18,0.0034029919480843,0.0,0.4989935158277306,train,3
S16953,17,9,2025-10-26,64,22,0.0033656557914554,0.0,0.4732149169898793,train,3
S17131,17,6,2025-10-26,51,27,0.0032945633561548,0.0,0.4391135169940419,train,3
S17132,17,19,2025-10-26,21,25,0.0034011653824544,0.0,0.4489422100902572,train,3
S17133,17,7,2025-10-26,31,13,0.0032308260246051,0.0,0.4894627333170878,train,3
S17135,17,2,2025-10-26,48,15,0.0029092016847634,0.0,0.4318731944359177,train,3
S17136,17,2,2025-10-26,22,22,0.0029792025389836,0.0,0.4666554190718532,train,3
S17139,17,20,2025-10-26,22,15,0.0034740235501448,0.0,0.486450098955027,train,3
S17140,17,20,2025-10-26,33,16,0.0032158632622726,0.0,0.4429108175573771,train,3
S17142,17,20,2025-10-26,40,26,0.0033362778726851,0.0,0.3961648737382628,train,3
S17144,17,24,2025-10-26,46,17,0.0033679564968179,0.0,0.4238923146838445,train,3
S17648,17,15,2025-10-26,49,22,0.0032208776989832,0.0017631428642379,0.511283414750039,train,3
S17649,17,9,2025-10-26,32,23,0.0033223813667951,0.0050541105070584,0.4164083609326305,train,3
S17650,17,9,2025-10-26,29,26,0.0033461726004696,0.0259367720067312,0.4321248863520555,train,3
S17652,17,3,2025-10-26,47,19,0.0033107490432228,0.0335343876299507,0.3947661822263524,train,3
S17654,17,15,2025-10-26,27,22,0.0034275012562357,0.0312734327888623,0.5003547737402854,train,3
S17830,17,19,2025-10-26,25,19,0.0032249545505637,0.0880512175927134,0.4770935788761581,train,3
S17834,17,13,2025-10-26,18,19,0.0033003497490924,0.0303655165039942,0.4579232609627149,train,3
S17835,17,17,2025-10-26,48,13,0.0033207881968636,0.0221891698482411,0.4113805781860825,train,3
S17837,17,17,2025-10-26,23,20,0.0031506640107435,0.0128499247719541,0.4588640426627388,train,3
S17838,17,13,2025-10-26,21,20,0.0032716942263477,0.0227089351307014,0.4688736033397505,train,3
S17839,17,6,2025-10-26,54,22,0.0031567038870119,0.0308300885631394,0.5070867464308603,train,3
S17840,17,5,2025-10-26,55,28,0.0030645355309494,0.0289422397527777,0.4610865863866705,train,3
S17844,17,1,2025-10-26,28,21,0.0036615133941809,0.0240977583508793,0.4839057703457962,train,3
S17845,17,6,2025-10-26,19,19,0.003206963207709,0.0235879793533027,0.4306711165650522,train,3
S17849,17,1,2025-10-26,56,28,0.0033653944373263,0.0721272713435947,0.4064966858325641,train,3
S17850,17,18,2025-10-26,39,26,0.003105932140008,0.0238397449615892,0.4682703641916522,train,3
S17852,17,19,2025-10-26,39,30,0.0028567952272444,0.0107240984133225,0.4464449414560789,train,3
S17853,17,18,2025-10-26,41,29,0.0033320454532534,0.0137556392585491,0.4324796091412129,train,3
S17854,17,19,2025-10-26,47,14,0.0030134511349283,0.0153677372753898,0.4435582863938115,train,3
S17855,17,20,2025-10-26,17,23,0.0034408600201298,0.0270136100763845,0.4447796020456174,train,3
S18042,17,13,2025-10-26,32,26,0.0031466957757288,0.0,0.4180140202572586,train,3
S18043,17,5,2025-10-26,35,15,0.0032070784973151,0.0,0.4469333732016123,train,3
S18045,17,1,2025-10-26,51,14,0.0034744850030548,0.0,0.4910749312021139,train,3
S18048,17,19,2025-10-26,64,24,0.0032217181245509,0.0,0.4150412696598315,train,3
S18049,17,20,2025-10-26,35,17,0.003375189414443,0.0,0.4566849448202993,train,3
S18050,17,20,2025-10-26,46,20,0.0034583899933718,0.0,0.5262134605210059,train,3
S18244,17,15,2025-10-26,49,25,0.0033593414607036,0.0,0.4693406366002239,train,3
S18249,17,3,2025-10-26,32,20,0.0034639183978463,0.0,0.4195525057757575,train,3
S18252,17,15,2025-10-26,51,17,0.003440849268473,0.0,0.4662304678458461,train,3
S18253,17,15,2025-10-26,31,15,0.003228964844284,0.0,0.4743596515111143,train,3
S18359,17,14,2025-10-26,24,24,0.0032909974403263,0.0,0.4808024331438087,train,3
S18360,17,5,2025-10-26,36,19,0.0030481617552861,0.0,0.426587020674714,train,3
S18361,17,14,2025-10-26,43,15,0.0031001883759282,0.0,0.4135938795231011,train,3
S18363,17,18,2025-10-26,46,20,0.0027029116408089,0.0,0.3740933273741957,train,3
S19082,17,9,2025-10-26,61,17,0.0033957931888875,0.00832584719055,0.4492297475421507,train,3
S19083,17,9,2025-10-26,48,16,0.0033107987114229,0.0,0.487363302640057,train,3
S19084,17,3,2025-10-26,48,16,0.0032607687161569,0.0,0.4357363962236849,train,3
S19090,17,3,2025-10-26,42,25,0.0033861851137388,0.0103269293903994,0.4459313473128335,train,3
S19244,17,8,2025-10-26,57,27,0.0030382326366355,0.0,0.4528380133896301,train,3
S19247,17,17,2025-10-26,55,19,0.0034058129457868,0.0,0.4285806959633098,train,3
S19248,17,2,2025-10-26,53,14,0.003069161155579,0.0034202150537634,0.4299460065300417,train,3
S19251,17,1,2025-10-26,42,15,0.003408822407774,0.0,0.4591784026683412,train,3
S19255,17,14,2025-10-26,55,15,0.0032758858509884,0.0017130606223545,0.4458553717327798,train,3
S19256,17,17,2025-10-26,47,30,0.003008761570308,0.0,0.4103473518124993,train,3
S19259,17,18,2025-10-26,27,27,0.0032351235838338,0.0035111516153416,0.4387426345748426,train,3
S19262,17,13,2025-10-26,64,24,0.0032517833458137,0.0069467740131946,0.3816527345830132,train,3
S19264,17,13,2025-10-26,45,14,0.003221966594437,0.0,0.4409376532275402,train,3
S19266,17,14,2025-10-26,46,26,0.0032659766583554,0.0,0.3795539209649778,train,3
S19269,17,20,2025-10-26,34,15,0.0033731011532823,0.0051970051865484,0.4274602366221681,train,3
S19270,17,17,2025-10-26,57,20,0.00331261693344,0.0034866182609,0.3968959945963144,train,3
S19272,17,18,2025-10-26,26,18,0.0031021861436307,0.005091430620294,0.4001559439415624,train,3
S19279,17,20,2025-10-26,31,18,0.0034213976825688,0.0222771594466741,0.3635201601561973,train,3
S19281,17,24,2025-10-26,29,15,0.0032820694355664,0.0085123145959647,0.4136887048881938,train,3
S19282,17,18,2025-10-26,62,20,0.0026558779782123,0.0,0.3398482431439407,train,3
S19283,17,18,2025-10-26,51,28,0.0032215812536986,0.0140469881646352,0.4524761924423858,train,3
S19284,17,18,2025-10-26,42,28,0.0034944229537159,0.0067891305609911,0.4489920216483078,train,3
S19620,17,25,2025-10-26,28,22,0.0017709272146246,0.0,0.2582740298932407,train,3
S19626,17,2,2025-10-26,42,31,0.0030541777819228,0.0,0.3880785424600768,train,3
S20091,17,1,2025-10-26,47,24,0.0033024041236321,0.0039333000941776,0.3956613092886475,train,3
S20094,17,5,2025-10-26,65,20,0.0034146421000933,0.0116021196629082,0.418964174313174,train,3
S20096,17,2,2025-10-26,23,22,0.0026156698817605,0.0019481715802141,0.4711593469735557,train,3
S20097,17,2,2025-10-26,30,19,0.0032488897148401,0.0018996945963817,0.434116366460977,train,3
S20102,17,17,2025-10-26,49,27,0.0031193831908768,0.0019021156731269,0.3772261728376487,train,3
S20103,17,17,2025-10-26,47,16,0.0030663434748262,0.0019523730957487,0.4452918615204407,train,3
S20107,17,13,2025-10-26,58,19,0.0033021768098106,0.0019226454363283,0.51387948862759,train,3
S20108,17,13,2025-10-26,45,27,0.0032427897375491,0.0058089928351858,0.4780996319823762,train,3
S20114,17,18,2025-10-26,34,24,0.0028035515770545,0.0038586806728234,0.3633154182563397,train,3
S20115,17,20,2025-10-26,54,14,0.0034152453626191,0.0,0.4532885606070994,train,3
S20119,17,24,2025-10-26,46,13,0.0034816507078833,0.0,0.4524139860432837,train,3
S20121,17,19,2025-10-26,47,25,0.0030654551625434,0.0019498454247289,0.4614959466283022,train,3
S20122,17,18,2025-10-26,21,26,0.0035626243204796,0.0,0.3822688285531159,train,3
S20412,17,15,2025-10-26,62,20,0.0034682999316503,0.0058578096270802,0.4230876091863425,train,3
S20413,17,15,2025-10-26,27,13,0.0033966311157095,0.0,0.4627875574640113,train,3
S20542,17,3,2025-10-26,23,29,0.003200057156627,0.0,0.4167044795700007,train,3
S20543,17,9,2025-10-26,50,28,0.0032450527902399,0.0,0.4565877131114839,train,3
S20544,17,3,2025-10-26,51,21,0.0034081867314118,0.0,0.4147439852888728,train,3
S20609,17,20,2025-10-26,50,12,0.0033298848272231,0.0,0.4596846632919904,train,3
S20865,17,25,2025-10-26,20,21,0.0012049529888245,0.0,0.2432143624487425,train,3
S20866,17,25,2025-10-26,44,27,0.0011201140493355,0.0,0.2737987403836003,train,3
S21168,17,3,2025-10-26,55,19,0.0033113532625108,0.0,0.4510806767473642,train,3
S21276,17,2,2025-10-26,44,11,0.0026856860862243,0.0,0.3771300088271194,train,3
S21477,17,14,2025-10-26,37,23,0.002963749015621,0.0,0.4062049549130924,train,3
S21478,17,8,2025-10-26,32,14,0.0030728215882087,0.0,0.4924269671730559,train,3
S21480,17,8,2025-10-26,41,24,0.0028484018621101,0.0,0.4657413791694225,train,3
S21481,17,2,2025-10-26,50,20,0.0032291061487169,0.0,0.413530805562454,train,3
S21486,17,19,2025-10-26,30,26,0.0030395344382294,0.0,0.5097026212069998,train,3
S21487,17,20,2025-10-26,48,18,0.003245358202878,0.0,0.5192631473548719,train,3
S21491,17,20,2025-10-26,29,20,0.0036851740726206,0.0,0.4225722100954902,train,3
S21742,17,25,2025-10-26,29,22,0.0011261735219679,0.0,0.2607867503004692,train,3
S21771,17,9,2025-10-26,15,20,0.003168161741712,0.0,0.4915238743687218,train,3
S21772,17,3,2025-10-26,53,27,0.0032953871851904,0.0,0.4059897674989745,train,3
S22139,17,25,2025-10-26,58,26,0.0014977012461284,0.0,0.2530200886453378,train,3
S22141,17,25,2025-10-26,35,20,0.0013188507124422,0.0,0.2824130934116604,train,3
S22147,17,7,2025-10-26,35,28,0.0031445543115922,0.0,0.4538260565545113,train,3
S22149,17,14,2025-10-26,47,24,0.0031244498001554,0.0,0.3609277197346279,train,3
S22151,17,5,2025-10-26,51,16,0.0032801022965574,0.0,0.4620849004469565,train,3
S22152,17,17,2025-10-26,31,30,0.0033395312196773,0.0,0.3842413460377807,train,3
S22153,17,14,2025-10-26,15,19,0.00321396542981,0.0,0.4873832891952885,train,3
S22154,17,6,2025-10-26,52,27,0.0032178022343858,0.0,0.4341768980408196,train,3
S22158,17,17,2025-10-26,51,26,0.0029235983341499,0.0045159238562536,0.4030115187264447,train,3
S22161,17,20,2025-10-26,30,14,0.0034627301703363,0.0,0.4615341790105294,train,3
S22162,17,17,2025-10-26,50,25,0.0032864852979057,0.0,0.421284361711209,train,3
S22163,17,14,2025-10-26,53,28,0.0030349966361258,0.0,0.4131714327551568,train,3
S22165,17,19,2025-10-26,21,17,0.0032818561262655,0.0,0.4719496157827522,train,3
S22166,17,20,2025-10-26,62,20,0.0034702368918579,0.0,0.4027107960106682,train,3
S22339,17,25,2025-10-26,39,16,0.0009968062029262,0.0,0.2270746961538989,train,3
S22341,17,25,2025-10-26,38,22,0.0014557872318376,0.0,0.3424733534492724,train,3
S22465,17,15,2025-10-26,50,12,0.0029581729888105,0.0,0.432557709884614,train,3
S22777,17,9,2025-10-26,36,31,0.003230152066356,0.0015634093018134,0.4520309524440799,train,3
S22778,17,15,2025-10-26,34,30,0.0033056538078135,0.0,0.4418490812130362,train,3
S22782,17,15,2025-10-26,20,22,0.0036531768789262,0.0080579524045773,0.4234921577663366,train,3
S22816,17,17,2025-10-26,54,14,0.0032041080121102,0.0130170734502119,0.4412958127080653,train,3
S22819,17,6,2025-10-26,39,24,0.0032434231753142,0.0097195603707904,0.4768659074198312,train,3
S22823,17,2,2025-10-26,53,16,0.0031240343431977,0.0063427645264622,0.4415942265116139,train,3
S22829,17,13,2025-10-26,47,18,0.0032473924124106,0.0,0.4337627044521828,train,3
S22832,17,20,2025-10-26,17,22,0.0037320934210378,0.0048647749185125,0.4542830258835033,train,3
S22834,17,20,2025-10-26,30,20,0.0033301449600258,0.0047362653070948,0.3878797868157466,train,3
S22842,17,19,2025-10-26,24,29,0.0032912426666089,0.0,0.4281591412187988,train,3
S22843,17,20,2025-10-26,35,31,0.0033253217903346,0.0016155981614037,0.4925195667860889,train,3
S22852,17,24,2025-10-26,43,22,0.0033081398183012,0.0031570288356788,0.3819992883236958,train,3
S23011,17,2,2025-10-26,27,25,0.0032976444870817,0.0,0.4358694479645375,train,3
S23014,17,17,2025-10-26,45,29,0.0031897606447355,0.0,0.3402831630026998,train,3
S23015,17,2,2025-10-26,27,22,0.0033197916784836,0.0,0.4576563415855024,train,3
S23017,17,5,2025-10-26,56,21,0.0033416432419008,0.0,0.473386106697282,train,3
S23018,17,5,2025-10-26,42,16,0.0034629745631754,0.0,0.4665675851182736,train,3
S23022,17,13,2025-10-26,19,18,0.0030351121460964,0.0,0.4978227977189552,train,3
S23028,17,20,2025-10-26,36,26,0.0033866577913218,0.0,0.3314520368041501,train,3
S23029,17,19,2025-10-26,27,30,0.0032245350672467,0.0,0.4603010321879597,train,3
S23030,17,19,2025-10-26,22,26,0.0033737833874279,0.0,0.4460513530355256,train,3
S23031,17,19,2025-10-26,42,16,0.0032202708873172,0.0,0.5334008844473463,train,3
S23307,17,25,2025-10-26,33,21,0.0012126665524895,0.0,0.2436226244813219,train,3
S23352,17,15,2025-10-26,35,18,0.0035353215063422,0.0,0.4574738818604013,train,3
S23579,17,6,2025-10-26,61,27,0.0032438935726831,0.0,0.4354185116151499,train,3
S23580,17,1,2025-10-26,19,22,0.0036610368206034,0.0,0.4529965627853919,train,3
S23583,17,8,2025-10-26,55,26,0.0030181347086996,0.0,0.4568979358390341,train,3
S23586,17,19,2025-10-26,22,24,0.003171087381286,0.0127054733236188,0.4846241013115098,train,3
S23731,17,25,2025-10-26,49,28,0.0012023925136054,0.0,0.3168782825738438,train,3
S23836,17,25,2025-10-26,20,15,0.0022204881042483,0.0,0.2538095583962299,train,3
S24017,17,2,2025-10-26,34,18,0.0027855199105542,0.0,0.4100572631298821,train,3
S24018,17,13,2025-10-26,48,18,0.0031713349402615,0.0,0.4212507428104239,train,3
S24020,17,1,2025-10-26,26,16,0.0034552348481202,0.0,0.4414941483405625,train,3
S24024,17,19,2025-10-26,55,14,0.0032804617016153,0.0,0.4429731470717573,train,3
S24025,17,19,2025-10-26,20,17,0.0035213083162812,0.0,0.4365842435582015,train,3
S24027,17,17,2025-10-26,39,13,0.0034421941857459,0.0,0.4495273094433258,train,3
S24029,17,19,2025-10-26,23,27,0.0032271837437563,0.0,0.4841696431673628,train,3
S24030,17,6,2025-10-26,29,16,0.0033351201957006,0.0,0.4653355884220185,train,3
S24101,17,17,2025-10-26,21,17,0.0032466692608987,0.0,0.3699911287970361,train,3
S24103,17,5,2025-10-26,20,25,0.0033131100280563,0.0,0.471308169323583,train,3
S24292,17,18,2025-10-26,20,15,0.0028651125436646,0.0,0.4527846495557865,train,3
S24294,17,8,2025-10-26,19,20,0.0030420599943423,0.0,0.4993740930258463,train,3
S24295,17,13,2025-10-26,55,20,0.0029459303926845,0.0,0.4136034542107929,train,3
S24299,17,18,2025-10-26,26,27,0.0034669986495269,0.0,0.4283763306186607,train,3
S24300,17,6,2025-10-26,35,23,0.0030784256864835,0.0,0.4591892834468473,train,3
S24301,17,6,2025-10-26,27,15,0.0033241237738625,0.0,0.4811481442586194,train,3
S24303,17,18,2025-10-26,30,17,0.0030652094536412,0.0,0.3970033748540476,train,3
S24305,17,7,2025-10-26,35,25,0.0032174954488666,0.0,0.4850349620832462,train,3
S24308,17,6,2025-10-26,29,19,0.0032117176548021,0.0,0.4583620844957086,train,3
S24309,17,7,2025-10-26,43,25,0.0033081259723174,0.0,0.5158748331365536,train,3
S24310,17,19,2025-10-26,43,18,0.0031260916459852,0.0027895646707527,0.4445473136711357,train,3
S24417,17,15,2025-10-26,41,22,0.0030205919330211,0.0028331680176944,0.3645855609478394,train,3
S24457,17,25,2025-10-26,31,26,0.0016017758275017,0.0,0.3270997635589803,train,3
S24739,17,25,2025-10-26,37,20,0.0012025847267067,0.0021020220860348,0.2356789315946714,train,3
S24803,17,9,2025-10-26,37,19,0.0031799802809044,0.002078993382359,0.444452566564427,train,3
S24844,17,20,2025-10-26,42,12,0.0032034608516948,0.0,0.4442355153451536,train,3
S24845,17,19,2025-10-26,39,15,0.0031139805169695,0.0,0.5022045027196507,train,3
S24846,17,19,2025-10-26,38,13,0.0031549840213251,0.0020682222028022,0.4403965484951168,train,3
S24848,17,14,2025-10-26,34,18,0.0031837057625817,0.0020795675169043,0.4058268022780615,train,3
S24849,17,14,2025-10-26,24,21,0.0030788751422417,0.0,0.4483784369726001,train,3
S24850,17,24,2025-10-26,48,27,0.0034557363368673,0.0163603221041283,0.4867792562671632,train,3
S24852,17,6,2025-10-26,22,26,0.0032481184983071,0.0,0.5178335504081718,train,3
S24855,17,2,2025-10-26,37,16,0.0032842280210329,0.0,0.4102778249925998,train,3
S24857,17,8,2025-10-26,47,28,0.0021383155046803,0.0020570000082776,0.4534038304416972,train,3
S24861,17,7,2025-10-26,48,18,0.0032934467939999,0.0083527656981996,0.4549258787788559,train,3
S24864,17,24,2025-10-26,58,23,0.0035709062313958,0.0,0.4297703256570878,train,3
S24865,17,18,2025-10-26,50,16,0.0023161785321672,0.0,0.4081888254970917,train,3
S24866,17,20,2025-10-26,28,26,0.0034727233464819,0.0063067864575402,0.4299239631494542,train,3
S24885,17,6,2025-10-26,16,17,0.0020564586274689,0.0042023912197926,0.4821558421727809,train,3
S24886,17,5,2025-10-26,27,12,0.003036480998156,0.0,0.405040306308876,train,3
S24887,17,18,2025-10-26,48,31,0.0032626148045994,0.0,0.3518420091718371,train,3
S25032,17,25,2025-10-26,43,12,0.0019352603769817,0.0,0.2801016500512239,train,3
S25034,17,25,2025-10-26,48,25,0.0009304227940032,0.0,0.2667602621691604,train,3
S25233,17,3,2025-10-26,45,17,0.0033640162388716,0.0,0.4735225798111666,train,3
S25535,17,1,2025-10-26,58,17,0.0034998296652161,0.0,0.4352338486278782,train,3
S25536,17,2,2025-10-26,26,18,0.0033224401423497,0.0,0.4042467897144481,train,3
S25539,17,14,2025-10-26,23,18,0.0033746006839963,0.0,0.4870315553734092,train,3
S25540,17,17,2025-10-26,28,19,0.0034202748058883,0.0,0.3887265466469189,train,3
S25541,17,5,2025-10-26,36,27,0.0032283962273881,0.0,0.4317751145601989,train,3
S25544,17,1,2025-10-26,50,17,0.0036053335975095,0.0,0.4659777528079563,train,3
S25546,17,8,2025-10-26,41,27,0.0026921330895923,0.0,0.4920221676976444,train,3
S25548,17,24,2025-10-26,48,16,0.0033640917701545,0.0,0.4246545037662187,train,3
S25549,17,18,2025-10-26,55,15,0.0032308737642207,0.0,0.447644629884568,train,3
S25550,17,18,2025-10-26,60,17,0.0028076330126895,0.0,0.4686523018353923,train,3
S25554,17,3,2025-10-26,44,14,0.0033014805739233,0.0,0.4419386014033987,train,3
S25555,17,15,2025-10-26,31,13,0.0034226983957391,0.0,0.4672257875007248,train,3
S25556,17,3,2025-10-26,53,17,0.00296875421811,0.0,0.4420340118256051,train,3
S25728,17,19,2025-10-26,21,22,0.0031491294631738,0.0,0.4580692944086843,train,3
S25806,17,3,2025-10-26,24,26,0.0033712225509126,0.0,0.4035491220767622,train,3
S25987,17,25,2025-10-26,47,26,0.0011096625885627,0.0,0.3052704199546881,train,3
S26010,17,18,2025-10-26,41,16,0.0033939089512852,0.0,0.427156689569909,train,3
S26013,17,24,2025-10-26,42,25,0.0034581146202079,0.0,0.4948745586493099,train,3
S26149,17,3,2025-10-26,17,21,0.003370684278059,0.0,0.4657835056777625,train,3
S26364,17,2,2025-10-26,23,16,0.0031247370529167,0.0,0.4029480415647417,train,3
S26597,17,11,2025-10-26,45,31,0.0031240006459113,0.0,0.4044239364874563,train,3
S26823,17,25,2025-10-26,52,14,0.0008406033946084,0.0229758368065946,0.2398065189376347,train,3
S27019,17,17,2025-10-26,22,27,0.0031515555840994,0.0050236653046165,0.4014239245357358,train,3
S27020,17,14,2025-10-26,35,19,0.0031274000509017,0.0025086946206924,0.4445820712092286,train,3
S27021,17,18,2025-10-26,52,24,0.0028279570177883,0.0073695136417556,0.4194131139355432,train,3
S27022,17,13,2025-10-26,30,20,0.0034028220726377,0.0075801482475673,0.4623892079003321,train,3
S27025,17,14,2025-10-26,32,31,0.003155857075913,0.0108144569924059,0.4390501698106702,train,3
S27026,17,13,2025-10-26,58,15,0.0032451885012621,0.0084399547798916,0.4113153555783866,train,3
S27027,17,17,2025-10-26,51,28,0.0029745568794768,0.0207984087949526,0.4009596815164419,train,3
S27028,17,14,2025-10-26,26,16,0.003161306109907,0.0151927368324519,0.4601692538962137,train,3
S27029,17,1,2025-10-26,44,27,0.0034500657370006,0.0170751399410542,0.4333160702238817,train,3
S27033,17,6,2025-10-26,27,25,0.00313175868561,0.0149062361753657,0.4686060044385565,train,3
S27041,17,20,2025-10-26,29,15,0.0027349005983666,0.0050699800057126,0.4686232306206432,train,3
S27045,17,19,2025-10-26,61,27,0.0025011587166913,0.0050671886788605,0.4293123936413365,train,3
S27073,17,15,2025-10-26,47,21,0.0034303390109665,0.0121338186860807,0.4847282504130282,train,3
S27076,17,3,2025-10-26,65,20,0.0033601032173074,0.0060810728138114,0.445268418121809,train,3
S27080,17,15,2025-10-26,42,17,0.0035596510365583,0.0011996833029188,0.4587428903564434,train,3
S27270,17,3,2025-10-26,34,14,0.0031667370682905,0.0,0.4415221421805271,train,3
S27380,17,9,2025-10-26,33,23,0.0032580219603059,0.0,0.4064872376226158,train,3
S27516,17,20,2025-10-26,23,21,0.0032562289645824,0.0,0.4078315934384107,train,3
S27518,17,13,2025-10-26,29,23,0.0031509801487466,0.0,0.4228952109829438,train,3
S27520,17,14,2025-10-26,55,17,0.0029542065975618,0.0,0.4487322001822568,train,3
S27522,17,6,2025-10-26,46,25,0.0032022137167846,0.0,0.3918742355687986,train,3
S27523,17,6,2025-10-26,24,14,0.0033075803767359,0.0,0.4819409023009357,train,3
S27525,17,13,2025-10-26,58,26,0.0031874394992698,0.0,0.4727985108206576,train,3
S27756,17,15,2025-10-26,56,25,0.0034548052300709,0.0166024805890802,0.4781988794059855,train,3
S27759,17,15,2025-10-26,15,20,0.003445293052223,0.0,0.4456178579419814,train,3
S28086,17,7,2025-10-26,32,23,0.003324323094549,0.0,0.4910550711522547,train,3
S28087,17,19,2025-10-26,19,24,0.0031017188792412,0.0023630882758489,0.4901067674754185,train,3
S28088,17,8,2025-10-26,34,30,0.0028108366167572,0.0,0.5137022291971232,train,3
S28089,17,2,2025-10-26,40,28,0.0031206236761962,0.0,0.4458717494320778,train,3
S28094,17,2,2025-10-26,56,15,0.0029076337164957,0.0093763854694324,0.4341391434317967,train,3
S28095,17,8,2025-10-26,42,13,0.0031450566416548,0.0023546244445076,0.4730060602147814,train,3
S28097,17,24,2025-10-26,50,21,0.0033998534217745,0.0023423397947978,0.3192053493630074,train,3
S28100,17,19,2025-10-26,36,17,0.0029501076838349,0.0046812378436165,0.4365881570931191,train,3
S28101,17,20,2025-10-26,38,22,0.0033647904555988,0.0023264196074576,0.4684921698204683,train,3
S28102,17,24,2025-10-26,51,22,0.0034156952968006,0.0,0.4591686323577479,train,3
S28103,17,20,2025-10-26,25,22,0.0035758904045783,0.0,0.3966615098986104,train,3
S28104,17,24,2025-10-26,54,17,0.0034270308027177,0.0,0.4159460320063108,train,3
S28165,17,25,2025-10-26,46,30,0.0013402293615935,0.0,0.3337145263199323,train,3
S28318,17,15,2025-10-26,39,21,0.0033016731940877,0.0,0.4612296273410994,train,3
S28394,17,18,2025-10-26,34,18,0.0032412829331514,0.0,0.412467593222469,train,3
S28396,17,8,2025-10-26,50,13,0.0030373289987679,0.0,0.5132088090333998,train,3
S28398,17,13,2025-10-26,45,25,0.0032146995776018,0.0,0.4662748902660316,train,3
S28408,17,25,2025-10-26,55,13,0.0014358795553698,0.0,0.3532834082510361,train,3
S28579,17,15,2025-10-26,19,18,0.0034842433107453,0.0,0.4761956458920342,train,3
S28580,17,3,2025-10-26,40,28,0.0032982052638674,0.0,0.4411596625409684,train,3
S28733,17,6,2025-10-26,26,30,0.0031903006772349,0.0012378703648355,0.4402943468402998,train,3
S28811,17,20,2025-10-26,32,18,0.0032928294042612,0.0,0.4554863041826442,train,3
S28902,17,9,2025-10-26,60,17,0.0033902463793338,0.0,0.5006304473763087,train,3
S29088,17,19,2025-10-26,46,13,0.0032563620683226,0.0079638684393656,0.4860556575002885,train,3
S29090,17,13,2025-10-26,34,13,0.0032601045302008,0.0083577170147647,0.4526049722492059,train,3
S29091,17,19,2025-10-26,51,18,0.0033168368454349,0.0113419824507354,0.4049745082477369,train,3
S29092,17,19,2025-10-26,52,28,0.0030446992906595,0.0,0.4673933292167544,train,3
S29093,17,2,2025-10-26,48,28,0.00317194906382,0.0126161053226718,0.3931249574224452,train,3
S29094,17,14,2025-10-26,24,26,0.003191905556491,0.0125559528813006,0.4521315988568291,train,3
S29095,17,18,2025-10-26,61,27,0.0033996497635881,0.0067104126161157,0.4161482975015895,train,3
S29096,17,18,2025-10-26,50,27,0.0028005029771374,0.0,0.4425418466199634,train,3
S29100,17,1,2025-10-26,63,22,0.0034672774090443,0.0105604623655152,0.4844322564800949,train,3
S29101,17,13,2025-10-26,61,22,0.0031761639281639,0.0046154417637116,0.4100190635914402,train,3
S29104,17,6,2025-10-26,40,24,0.0033048424893473,0.0023702219996661,0.4551242715510957,train,3
S29105,17,7,2025-10-26,38,22,0.0031708610186321,0.0067798922310892,0.4922223331961836,train,3
S29106,17,24,2025-10-26,46,19,0.0032982649872208,0.0,0.4124972578088294,train,3
S29107,17,1,2025-10-26,41,19,0.0034332588886647,0.005960905098073,0.4171143816323295,train,3
S29108,17,20,2025-10-26,60,27,0.0035036267584171,0.0163071500220303,0.4720732471035287,train,3
S29109,17,20,2025-10-26,45,20,0.0033566780552456,0.0083127247529957,0.4773254042389727,train,3
S29110,17,20,2025-10-26,46,22,0.003464196179252,0.0069168035182453,0.409038459950457,train,3
S29501,17,25,2025-10-26,64,18,0.0012546014748857,0.0,0.278617742731589,train,3
S29502,17,25,2025-10-26,38,13,0.0015112404966226,0.0,0.2054526978700495,train,3
S29641,17,9,2025-10-26,57,18,0.0032926994360919,0.0,0.4389524590993621,train,3
S29720,17,1,2025-10-26,45,21,0.0035249618909731,0.0,0.4738619562192372,train,3
S29721,17,7,2025-10-26,64,19,0.0030306052156469,0.0,0.5010070823288107,train,3
S29722,17,1,2025-10-26,39,28,0.0035452737056226,0.0,0.4741803436540481,train,3
S29723,17,2,2025-10-26,20,17,0.003180624877885,0.0,0.4148888222623932,train,3
S29726,17,8,2025-10-26,23,19,0.0031255242618192,0.0,0.4131201285274025,train,3
S29728,17,13,2025-10-26,40,15,0.0033122064556048,0.0,0.4509985094009603,train,3
S29729,17,14,2025-10-26,29,14,0.0032816071461816,0.0,0.4604650403248326,train,3
S29735,17,19,2025-10-26,25,20,0.0032348457532222,0.0,0.4330551356361201,train,3
S29738,17,24,2025-10-26,26,22,0.0034783315799851,0.0,0.4796538194355483,train,3
S29947,17,25,2025-10-26,32,14,0.0014151143006349,0.0,0.2168631089291956,train,3
S29965,17,3,2025-10-26,52,17,0.003539723312355,0.0,0.4593039466014816,train,3
S30075,17,17,2025-10-26,45,20,0.0033912943454218,0.0,0.3566864101426787,train,3
S30076,17,2,2025-10-26,58,18,0.0032944491787589,0.0,0.408221499453982,train,3
S30078,17,24,2025-10-26,32,29,0.0033754197495068,0.0,0.4052094951739853,train,3
S30079,17,24,2025-10-26,35,30,0.0034159275475177,0.0,0.4357661878608883,train,3
S30394,17,25,2025-10-26,58,18,0.0012457327486753,0.0,0.2423246564294797,train,3
S30397,17,25,2025-10-26,56,27,0.0008416458300004,0.0049650597655332,0.2710625987667461,train,3
S30859,17,3,2025-10-26,54,27,0.0031568119082596,0.0095369677431734,0.394425144924633,train,3
S30860,17,3,2025-10-26,37,17,0.0034264573363492,0.0090212243816286,0.4935442941500423,train,3
S30864,17,15,2025-10-26,50,17,0.0035302472849689,0.0130514020409556,0.5023359080509424,train,3
S30865,17,3,2025-10-26,17,25,0.0032524735884047,0.0088287750563123,0.3788181257140663,train,3
S30868,17,9,2025-10-26,39,25,0.0032264074719184,0.011280939211085,0.4141710963532238,train,3
S30869,17,9,2025-10-26,46,20,0.003375851826364,0.0093750107177276,0.4898486610345156,train,3
S30924,17,9,2025-10-26,44,18,0.003210467336862,0.0,0.4366229002846525,train,3
S31402,17,7,2025-10-26,59,28,0.0032518219686998,0.0,0.4766315933482232,train,3
S31403,17,2,2025-10-26,19,15,0.0027622712146146,0.0,0.4746091022900229,train,3
S31598,17,15,2025-10-26,59,28,0.0032612282076292,0.0081022480885541,0.4402826620272779,train,3
S31692,17,20,2025-10-26,22,20,0.0034247824522399,0.0,0.5093881534741708,train,3
S31693,17,20,2025-10-26,49,23,0.0034310529841961,0.0,0.4311290150135249,train,3
S31694,17,13,2025-10-26,41,28,0.00321504264417,0.0,0.4165761111596951,train,3
S31695,17,14,2025-10-26,53,17,0.0032563399148864,0.0,0.3860038639097163,train,3
S31698,17,17,2025-10-26,37,14,0.003211026601326,0.0,0.4658709061472878,train,3
S31699,17,5,2025-10-26,28,13,0.0034037340765885,0.0,0.4512591221338528,train,3
S31709,17,7,2025-10-26,42,20,0.0029739241804672,0.0,0.5100611293109075,train,3
S31710,17,19,2025-10-26,47,24,0.0030810166959329,0.0021826102613423,0.4494681088372145,train,3
S31713,17,19,2025-10-26,64,20,0.0032527505431958,0.0,0.3917967310012273,train,3
S31770,17,20,2025-10-26,47,21,0.0035284879135625,0.0,0.4067207937576707,train,3
S31772,17,20,2025-10-26,38,20,0.0032845391239983,0.0,0.4722151223128881,train,3
S31781,17,3,2025-10-26,15,19,0.0030186475578903,0.0043641855788692,0.4360639155885942,train,3
S31784,17,15,2025-10-26,48,22,0.0033162013430049,0.0022271814727181,0.4934110814877999,train,3
S31785,17,3,2025-10-26,45,26,0.0031641126972712,0.0,0.4743823363370094,train,3
S31788,17,3,2025-10-26,36,17,0.0034094551123453,0.0,0.4733920132910572,train,3
S31789,17,3,2025-10-26,25,26,0.0034870406915814,0.0,0.4731063662370209,train,3
S32141,17,2,2025-10-26,59,15,0.0028202544023522,0.0022212389776043,0.4422968268974198,train,3
S32297,17,7,2025-10-26,24,20,0.0034660646950942,0.0,0.4841744352126358,train,3
S32298,17,8,2025-10-26,39,28,0.0028869492022373,0.0,0.4912911672529561,train,3
S32301,17,6,2025-10-26,24,20,0.0032361942070843,0.0,0.4482886670962946,train,3
S32302,17,5,2025-10-26,23,22,0.0033649880953202,0.0,0.4776782096615374,train,3
S32303,17,2,2025-10-26,47,15,0.0029111705668751,0.0,0.3973853943992863,train,3
S32304,17,14,2025-10-26,39,13,0.0033403534615037,0.0,0.4688371770470141,train,3
S32305,17,17,2025-10-26,41,23,0.0033382784012656,0.0027353983664663,0.4403367040972715,train,3
S32306,17,5,2025-10-26,52,18,0.0032323874971215,0.0054432050292147,0.4448476592101305,train,3
S32307,17,17,2025-10-26,30,28,0.0033289396357972,0.0,0.3700039834382896,train,3
S32434,17,18,2025-10-26,16,26,0.0032412113518761,0.0,0.4200202965988257,train,3
S32525,17,25,2025-10-26,14,20,0.0018550733876639,0.0,0.385011234742288,train,3
S32653,17,3,2025-10-26,31,19,0.0033217471471802,0.0,0.3726540687524176,train,3
S33408,17,19,2025-10-26,35,18,0.0031068626701342,0.0036504526340917,0.5013687533286951,train,3
S33412,17,17,2025-10-26,54,18,0.0033053477153905,0.0018001571968256,0.2734767811749679,train,3
S33414,17,5,2025-10-26,59,16,0.0035183645817404,0.0070903014804749,0.4255142540854742,train,3
S33415,17,2,2025-10-26,29,27,0.0032807626859227,0.0035362213660344,0.4294077371624179,train,3
S33416,17,2,2025-10-26,45,30,0.0031673497251009,0.0018320689477215,0.412997958664093,train,3
S33418,17,1,2025-10-26,38,13,0.0034438320311255,0.0,0.4372153933809648,train,3
S33419,17,6,2025-10-26,33,17,0.0033106216989651,0.0054277788698862,0.4963082322352889,train,3
S33420,17,1,2025-10-26,47,12,0.003091717991649,0.0017939582949816,0.439248687318697,train,3
S33421,17,1,2025-10-26,54,23,0.0034452569650974,0.0,0.4895851141969745,train,3
S33423,17,24,2025-10-26,52,14,0.0033552986441647,0.0035489860039988,0.45873054661634,train,3
S33425,17,20,2025-10-26,20,26,0.0034948967857316,0.0,0.481222682876018,train,3
S33463,17,15,2025-10-26,43,17,0.0034198425146415,0.0073154127798936,0.4879849092408877,train,3
S33469,17,15,2025-10-26,25,24,0.0034208988189201,0.005336167836973,0.4936032617471625,train,3
S33615,17,11,2025-10-26,26,13,0.0031874467743018,0.0,0.3729847346710322,train,3
S33899,17,17,2025-10-26,42,21,0.0033022121476085,0.0,0.4304285470684022,train,3
S33901,17,18,2025-10-26,34,28,0.0033935243697157,0.0,0.4765910927401455,train,3
S33902,17,13,2025-10-26,41,12,0.0030338902962997,0.0,0.4274928236819831,train,3
S33903,17,18,2025-10-26,34,29,0.0035264641247019,0.0,0.4003844971769538,train,3
S33904,17,13,2025-10-26,27,19,0.0034158100560985,0.0,0.4529854949029692,train,3
S33906,17,14,2025-10-26,61,23,0.0029032476728131,0.0,0.4125264637198879,train,3
S33907,17,2,2025-10-26,33,30,0.003188736633293,0.0,0.4658355461685031,train,3
S33911,17,20,2025-10-26,34,22,0.0031231652208812,0.0,0.4193357784885709,train,3
S33912,17,18,2025-10-26,17,21,0.0034406305286829,0.0,0.4183775611011376,train,3
S33928,17,15,2025-10-26,19,17,0.0033623334321767,0.0079570925392251,0.4730728922460876,train,3
S33938,17,3,2025-10-26,28,28,0.0032446623010867,0.0,0.4367929424001951,train,3
S33940,17,15,2025-10-26,25,17,0.0033961818597911,0.0132913762056731,0.5069860159784704,train,3
S34176,17,5,2025-10-26,59,28,0.0027945232119303,0.0048095998451637,0.3881328833955638,train,3
S34389,17,19,2025-10-26,63,20,0.0030971369209621,0.0,0.3893166981770118,train,3
S34390,17,14,2025-10-26,35,15,0.0031799563704639,0.0,0.4202729861190346,train,3
S34391,17,17,2025-10-26,58,25,0.003301624081712,0.0,0.4300319846957208,train,3
S34392,17,13,2025-10-26,52,20,0.0032147278355513,0.0,0.4742463769836632,train,3
S34393,17,5,2025-10-26,54,27,0.0033394276835744,0.0,0.4575700819442707,train,3
S34397,17,1,2025-10-26,44,31,0.0033946840975134,0.0,0.4319914634491812,train,3
S34398,17,1,2025-10-26,55,24,0.0035322581532696,0.0,0.4643969562890537,train,3
S34402,17,1,2025-10-26,40,27,0.0034078911029444,0.0,0.4450004272457233,train,3
S34404,17,7,2025-10-26,27,24,0.0034703641688396,0.0,0.4744250090750467,train,3
S34405,17,19,2025-10-26,53,22,0.0029164720806644,0.0,0.4248161701478224,train,3
S34406,17,18,2025-10-26,61,22,0.0033926262533178,0.0,0.3926683656581942,train,3
S34409,17,20,2025-10-26,51,17,0.0036105237514519,0.0,0.3890536331148724,train,3
S34410,17,24,2025-10-26,22,27,0.0035812096397862,0.0,0.4445704770328889,train,3
S34427,17,9,2025-10-26,32,21,0.0032081537398935,0.0,0.510814246936792,train,3
S34428,17,9,2025-10-26,52,23,0.0032710633889624,0.0,0.4551039473763123,train,3
S34570,17,1,2025-10-26,21,29,0.0034414449884062,0.0,0.4494462992518304,train,3
S35016,17,7,2025-10-26,33,23,0.003240195331775,0.0,0.5032085618918964,train,3
S35019,17,6,2025-10-26,43,23,0.0031932027261703,0.0,0.4687109726333033,train,3
S35271,17,7,2025-10-26,39,32,0.0024075300041767,0.0068182921449813,0.3662391138083753,train,3
S35272,17,5,2025-10-26,19,28,0.0031273341599132,0.0,0.4094348601040857,train,3
S35273,17,13,2025-10-26,46,32,0.0027520767089761,0.0178510496920065,0.3868235648164699,train,3
S35724,17,18,2025-10-26,25,29,0.0032477574424709,0.0,0.4829491220135347,train,3
S35727,17,14,2025-10-26,30,13,0.0032335594816215,0.0019910901719468,0.4525669856168595,train,3
S35728,17,17,2025-10-26,46,14,0.0032373072930378,0.0040364170910183,0.4302421818095494,train,3
S35729,17,2,2025-10-26,42,22,0.0027357051093304,0.0040343037579093,0.4339264285292389,train,3
S35735,17,5,2025-10-26,61,18,0.0033990794352335,0.0,0.4530869871528922,train,3
S35738,17,6,2025-10-26,38,19,0.0032644595076478,0.0020028370166191,0.4696183770794465,train,3
S35739,17,19,2025-10-26,52,27,0.0033447435277274,0.0,0.4656032294441423,train,3
S35740,17,19,2025-10-26,52,26,0.0030713151829362,0.0059317785787601,0.4341969626618049,train,3
S35741,17,19,2025-10-26,44,27,0.0032123577864029,0.0,0.4405728198202332,train,3
S35742,17,17,2025-10-26,60,17,0.0034966709394814,0.0019742905265834,0.4400613024469103,train,3
S35744,17,19,2025-10-26,44,18,0.003067485068501,0.0020179381300981,0.4220523347394088,train,3
S35745,17,20,2025-10-26,64,18,0.0033461270203812,0.0,0.4743235346416077,train,3
S35746,17,19,2025-10-26,37,12,0.0032016854036347,0.0,0.4614764613643023,train,3
S35883,17,2,2025-10-26,33,11,0.0016933671678079,0.0,0.3399288146635819,train,3
S35884,17,24,2025-10-26,18,15,0.0031777774117193,0.0019952627564334,0.4734777615215977,train,3
S36061,17,9,2025-10-26,44,15,0.0032147310543839,0.0080568355440998,0.4067494543883892,train,3
S36062,17,15,2025-10-26,31,14,0.0033365289611665,0.0,0.4279112738019644,train,3
S36063,17,15,2025-10-26,48,25,0.003410276333386,0.0019730913219711,0.4606714519104353,train,3
S36066,17,15,2025-10-26,48,20,0.0032988023372904,0.0,0.5039357672398864,train,3
S36100,17,2,2025-10-26,33,21,0.0032594598856463,0.0,0.3910427680786129,train,3
S36104,17,20,2025-10-26,26,23,0.003737780056122,0.0,0.4119028009159327,train,3
S36127,17,15,2025-10-26,52,18,0.0034506041970224,0.0,0.5157046626952474,train,3
S36145,17,6,2025-10-26,45,20,0.0033045923545281,0.0,0.5166575999667135,train,3
S36146,17,2,2025-10-26,54,19,0.0033045098814704,0.0,0.4403036867696683,train,3
S36147,17,18,2025-10-26,18,22,0.0035244755176828,0.0,0.4480687191078704,train,3
S36525,17,25,2025-10-26,21,16,0.0016482485276538,0.0,0.3690278639723108,train,3
S36526,17,25,2025-10-26,56,14,0.0015991752799749,0.0,0.2713079696770595,train,3
S36527,17,25,2025-10-26,21,21,0.0014131130589456,0.0,0.2861591198178619,train,3
S36577,17,24,2025-10-26,54,28,0.0034553815352379,0.0,0.4693642738796124,train,3
S36578,17,6,2025-10-26,40,28,0.0031391562245716,0.0072187484113669,0.4267441170400794,train,3
S36579,17,2,2025-10-26,32,12,0.0031206554197559,0.0,0.4430575266072075,train,3
S36580,17,19,2025-10-26,54,29,0.0032003676919725,0.0,0.4514843662293717,train,3
S36581,17,1,2025-10-26,49,19,0.0034481705293658,0.0,0.4811561768663139,train,3
S36582,17,2,2025-10-26,22,27,0.0033512929295567,0.0,0.4449436474120462,train,3
S36583,17,24,2025-10-26,25,18,0.0035142406922219,0.0,0.4376542984559964,train,3
S36584,17,19,2025-10-26,47,13,0.0032140145648849,0.0,0.4817435891171948,train,3
S36688,17,9,2025-10-26,32,22,0.0032705627685197,0.0,0.4620061535342792,train,3
S36690,17,9,2025-10-26,15,23,0.0031624927416098,0.0,0.4372071834026689,train,3
S36767,17,18,2025-10-26,42,32,0.0027966660193101,0.0,0.4105452351441697,train,3
S36768,17,1,2025-10-26,29,12,0.0032487480277269,0.0,0.400174062876854,train,3
S36822,17,25,2025-10-26,51,21,0.0008671986769385,0.0,0.2233258905364608,train,3
S36823,17,25,2025-10-26,32,31,0.0019346976891724,0.0,0.3287241444690522,train,3
S36975,17,13,2025-10-26,50,12,0.0030861823708961,0.0,0.5142024373052623,train,3
S37059,17,6,2025-10-26,31,26,0.0032052223926745,0.0,0.4925579792784885,train,3
S37060,17,14,2025-10-26,58,27,0.0031015845247299,0.0,0.4575693963502905,train,3
S37061,17,2,2025-10-26,59,20,0.0031397954822148,0.0,0.45985018483098,train,3
S37077,17,7,2025-10-26,32,14,0.0033612085796709,0.0,0.4785251000368634,train,3
S37257,17,13,2025-10-26,25,30,0.0030648304140515,0.0,0.4288744985645613,train,3
S37258,17,20,2025-10-26,55,30,0.0033973108168814,0.0,0.4322737932656473,train,3
S37285,17,25,2025-10-26,59,18,0.001496103469376,0.0,0.2411599717832232,train,3
S37369,17,6,2025-10-26,33,18,0.0031708846330477,0.0,0.4459146378964831,train,3
S37371,17,1,2025-10-26,34,16,0.0034626299919007,0.0,0.4754364234576207,train,3
S37373,17,2,2025-10-26,23,15,0.0031946426373902,0.0066669349537875,0.4281993377289557,train,3
S37379,17,19,2025-10-26,26,20,0.0034238280496438,0.0,0.458267242668158,train,3
S37382,17,8,2025-10-26,35,30,0.0025529986887551,0.0,0.4504551913247756,train,3
S37383,17,24,2025-10-26,47,12,0.0032966766195262,0.0,0.4855130449389492,train,3
S37832,17,14,2025-10-26,56,24,0.003276867549425,0.0,0.4343260741529703,train,3
S37833,17,8,2025-10-26,34,25,0.0028888585489755,0.0,0.4624895308448254,train,3
S37834,17,19,2025-10-26,35,30,0.0030896175142159,0.0051063917229191,0.4525497276890395,train,3
S37835,17,2,2025-10-26,52,22,0.0032359054495114,0.0,0.4855839171972665,train,3
S37837,17,13,2025-10-26,24,28,0.0023832588827661,0.0,0.4599879878838296,train,3
S37838,17,5,2025-10-26,54,28,0.0032928724381096,0.0,0.4129125161412255,train,3
S37839,17,19,2025-10-26,33,29,0.0031362150122062,0.0,0.4406460999216389,train,3
S37840,17,13,2025-10-26,37,19,0.0030842994217968,0.0,0.4143757896433955,train,3
S37845,17,19,2025-10-26,35,31,0.0029229642655264,0.0,0.4140205899970064,train,3
S37848,17,6,2025-10-26,27,13,0.0032007624475068,0.0,0.4404552571083913,train,3
S37901,17,25,2025-10-26,27,19,0.0013570233926734,0.0,0.2552587600816275,train,3
S38001,17,3,2025-10-26,31,28,0.003341911247515,0.0094490028165035,0.4414099549101993,train,3
S38003,17,3,2025-10-26,27,17,0.0032034227737217,0.0027007713772575,0.4120894551944055,train,3
S38007,17,15,2025-10-26,36,29,0.0034707640203755,0.0231459793825729,0.4307353806461522,train,3
S38040,17,6,2025-10-26,35,14,0.0032556511678018,0.0082569798061188,0.43781409590301,train,3
S38041,17,7,2025-10-26,49,13,0.0032617307626175,0.0231919145338559,0.4685463092315771,train,3
S38043,17,7,2025-10-26,47,19,0.0032141112077147,0.0056075029969677,0.4634601659926262,train,3
S38044,17,7,2025-10-26,20,25,0.003176921250609,0.0013751238164804,0.4586177374462193,train,3
S38045,17,1,2025-10-26,36,12,0.0033390164274559,0.010863209892734,0.4234636170615831,train,3
S38049,17,5,2025-10-26,60,17,0.0031747198651787,0.0054704354334522,0.4774705271392561,train,3
S38050,17,5,2025-10-26,47,24,0.0033470243771329,0.0110580827464984,0.4416554038922752,train,3
S38051,17,1,2025-10-26,24,29,0.0032544592236569,0.001399199894145,0.4189273050902987,train,3
S38052,17,5,2025-10-26,45,28,0.0031873329269128,0.0111819828332939,0.4626682868208926,train,3
S38060,17,14,2025-10-26,25,21,0.0032371870892006,0.0135920471482681,0.3730069214781069,train,3
S38061,17,17,2025-10-26,28,18,0.0032752997634818,0.0040613865917039,0.3898928728391855,train,3
S38068,17,20,2025-10-26,40,18,0.0031682000947592,0.0054682235150114,0.4346041095171459,train,3
S38069,17,13,2025-10-26,33,12,0.0031662288875298,0.0208755113870244,0.5033082527237819,train,3
S38079,17,7,2025-10-26,59,23,0.0032353932387905,0.0013558230828197,0.439905243929699,train,3
S38081,17,24,2025-10-26,39,31,0.0033567542083229,0.0081542247744052,0.4191006594782868,train,3
S38088,17,18,2025-10-26,42,27,0.0034237433502438,0.0027499280702919,0.4119212038639572,train,3
S38122,17,15,2025-10-26,16,17,0.0032852588668515,0.005523879386038,0.4853094514675396,train,3
S38245,17,13,2025-10-26,52,31,0.003020286268342,0.0041365993324843,0.4074316007473107,train,3
S38652,17,7,2025-10-26,65,20,0.0033474804258189,0.0,0.4866643488913773,train,3
S38653,17,7,2025-10-26,31,20,0.0030717612889358,0.0,0.470423861415608,train,3
S38654,17,17,2025-10-26,30,20,0.0033137093593507,0.0,0.401543300631817,train,3
S38685,17,17,2025-10-26,29,23,0.0030818452931648,0.0,0.2907031185812215,train,3
S38686,17,17,2025-10-26,23,28,0.0033698367521257,0.0,0.3738793444956025,train,3
S38690,17,18,2025-10-26,18,24,0.0034800427142316,0.0,0.4641096294870357,train,3
S38768,17,15,2025-10-26,17,24,0.003567793030882,0.0,0.4494011052378402,train,3
S38769,17,3,2025-10-26,58,25,0.0031304226997991,0.0,0.3618480089714568,train,3
S39054,17,6,2025-10-26,61,21,0.0032038969889748,0.0,0.4348024439511467,train,3
S39055,17,13,2025-10-26,36,19,0.0032369639132894,0.0,0.4323940939520439,train,3
S39056,17,6,2025-10-26,55,19,0.003420482216271,0.0,0.4683888539630594,train,3
S39058,17,2,2025-10-26,18,20,0.0033005515109561,0.0,0.4432940648611411,train,3
S39059,17,14,2025-10-26,25,15,0.0031592861215364,0.0,0.4499055821502711,train,3
S39063,17,20,2025-10-26,24,26,0.0033298467115638,0.0,0.45304319119004,train,3
S39064,17,19,2025-10-26,33,16,0.0033217821505005,0.0,0.4390548927708748,train,3
S39066,17,24,2025-10-26,40,16,0.0033877649271789,0.0058643067846607,0.3813692685028049,train,3
S39067,17,18,2025-10-26,45,24,0.0033787013911985,0.0,0.4009140868957759,train,3
S39068,17,24,2025-10-26,34,25,0.0033743175385734,0.0,0.4116667683083204,train,3
S39103,17,9,2025-10-26,60,24,0.0032854801169543,0.0,0.4669393750519644,train,3
S39107,17,3,2025-10-26,21,24,0.0034395281138856,0.0,0.4561549480655043,train,3
S39110,17,3,2025-10-26,46,27,0.0034238777596449,0.0,0.4382356307346198,train,3
S39111,17,15,2025-10-26,34,23,0.0031773116150081,0.0,0.4634919434714566,train,3
S39114,17,15,2025-10-26,30,26,0.003421265390776,0.0,0.4947932940486592,train,3
S39168,17,6,2025-10-26,37,11,0.002304430897879,0.0,0.4159930339948741,train,3
S39169,17,24,2025-10-26,38,11,0.0035003563092249,0.0,0.3315779874568678,train,3
S39170,17,1,2025-10-26,42,11,0.0032938590907296,0.0,0.465050186257738,train,3
S39214,17,7,2025-10-26,53,14,0.0033410891679289,0.0,0.4904195989617126,train,3
S39216,17,1,2025-10-26,55,18,0.0034565093469763,0.0,0.4702140784483615,train,3
S39219,17,14,2025-10-26,35,27,0.0031290263042785,0.0,0.4318479110050024,train,3
S39220,17,13,2025-10-26,49,15,0.0033512232847391,0.0,0.4731516022580247,train,3
S39497,17,5,2025-10-26,34,11,0.0025881173266154,0.0,0.4600098797738337,train,3
S39653,17,1,2025-10-26,32,14,0.0034589217078203,0.0,0.4338587373650586,train,3
S39656,17,1,2025-10-26,27,19,0.0035697090561257,0.0,0.4687234450760758,train,3
S39725,17,3,2025-10-26,41,26,0.003339420559115,0.0,0.4278711251621767,train,3
S39729,17,3,2025-10-26,46,18,0.0032905483839291,0.0,0.4625794248296326,train,3
S39734,17,2,2025-10-26,52,17,0.0025475973854873,0.0,0.4340582651639657,train,3
S39885,17,19,2025-10-26,15,17,0.0017904099253941,0.0033795384923994,0.4315078863664865,train,3
S39886,17,13,2025-10-26,57,14,0.0033867503947079,0.0134457418999212,0.4758462274134548,train,3
S39968,17,15,2025-10-26,54,13,0.0034403786646302,0.0,0.5030362623841228,train,3
S40243,17,25,2025-10-26,48,14,0.0018557941359316,0.0,0.2377217638770514,train,3
S40244,17,25,2025-10-26,24,27,0.0019491714007635,0.0095229336000521,0.3440629005942354,train,3
S40419,17,13,2025-10-26,26,13,0.003361341301942,0.0,0.4800275042312803,train,3
S40442,17,25,2025-10-26,23,28,0.0021635140141202,0.0033625612297366,0.3662848185194184,train,3
S40728,17,20,2025-10-26,36,24,0.0033890386821842,0.0,0.3611337994284024,train,3
S40729,17,7,2025-10-26,30,16,0.0034474941107612,0.004254954839262,0.4909355966707692,train,3
S40730,17,6,2025-10-26,54,19,0.0031248614107098,0.0,0.4678120566611985,train,3
S40731,17,13,2025-10-26,50,17,0.0032470237667055,0.0021393458853103,0.4344545518191776,train,3
S40733,17,7,2025-10-26,28,22,0.0031578728744641,0.0021476382461098,0.4917120413555049,train,3
S40735,17,5,2025-10-26,46,27,0.0031886370059373,0.00213454964009,0.466118526623977,train,3
S40736,17,2,2025-10-26,27,28,0.003210081508034,0.0063551736484067,0.5019492178473041,train,3
S40737,17,2,2025-10-26,47,12,0.0028683792216518,0.0,0.4646912267773057,train,3
S40739,17,5,2025-10-26,29,23,0.0032664642547297,0.0021607192543127,0.4385113541939624,train,3
S40740,17,6,2025-10-26,22,28,0.0032050877110474,0.0,0.4877660929704694,train,3
S40743,17,13,2025-10-26,53,27,0.0033197527136225,0.0043346677481531,0.3953595458443056,train,3
S40748,17,8,2025-10-26,39,14,0.0029423244812067,0.0021638236549027,0.4811568759837963,train,3
S40749,17,19,2025-10-26,54,21,0.0033082739937778,0.0,0.3873445453942075,train,3
S40750,17,20,2025-10-26,46,14,0.0033217115621862,0.0021242856715435,0.4920623780650847,train,3
S40753,17,18,2025-10-26,53,21,0.0032886832512838,0.0021476660876178,0.3958024695349953,train,3
S40754,17,19,2025-10-26,19,18,0.0034602319730678,0.0021142278601631,0.4441659330239562,train,3
S40756,17,13,2025-10-26,32,30,0.0028850352449623,0.0021200448749941,0.4808039981676826,train,3
S40761,17,7,2025-10-26,36,12,0.003000605414651,0.0021428879403268,0.4643713605361863,train,3
S40762,17,24,2025-10-26,57,24,0.0034902896780217,0.0,0.4541721960041745,train,3
S40763,17,8,2025-10-26,19,22,0.0031196500705308,0.004289160161728,0.4969715093563598,train,3
S40863,17,3,2025-10-26,53,26,0.0033576723697615,0.0,0.4620213686443309,train,3
S41400,17,6,2025-10-26,19,25,0.0032190644032366,0.0,0.4585105616824854,train,3
S41492,17,6,2025-10-26,41,22,0.0032746598664167,0.0024432449439086,0.4542880264697747,train,3
S41494,17,6,2025-10-26,46,18,0.003155220032224,0.0095863592087878,0.4768065339706158,train,3
S41496,17,7,2025-10-26,21,22,0.0033380111740467,0.0,0.4800215386874326,train,3
S41497,17,1,2025-10-26,26,15,0.0034885089869816,0.0,0.4496912195085404,train,3
S41499,17,2,2025-10-26,44,25,0.0032325414496244,0.0,0.4324667046391314,train,3
S41503,17,19,2025-10-26,51,20,0.003376691867304,0.0,0.4527125357357796,train,3
S41504,17,8,2025-10-26,19,27,0.0030285983671089,0.0,0.4750700783073991,train,3
S41572,17,25,2025-10-26,41,22,0.0013876027053146,0.0017909135460808,0.2864363836427263,train,3
S41949,17,15,2025-10-26,55,23,0.0034067652225381,0.0,0.4648516219396321,train,3
S41993,17,6,2025-10-26,52,24,0.0031133938115754,0.0156237720249603,0.4432661145188876,train,3
S41995,17,1,2025-10-26,65,21,0.0034983618393168,0.0279713884213507,0.4854985596347035,train,3
S41999,17,17,2025-10-26,36,31,0.0033374751786505,0.0135177035679121,0.3585005319234509,train,3
S42000,17,1,2025-10-26,52,30,0.0033746472162183,0.010242459839047,0.4411553614172295,train,3
S42001,17,2,2025-10-26,64,22,0.0028259211879479,0.0207352243273829,0.4700370298108113,train,3
S42008,17,14,2025-10-26,32,21,0.0031470296659725,0.00995826889694,0.451029869430019,train,3
S42009,17,14,2025-10-26,36,22,0.0031718546080837,0.0035926823494118,0.433586655067855,train,3
S42012,17,18,2025-10-26,20,25,0.0034351675606661,0.0161302169542365,0.3416629199464345,train,3
S42016,17,24,2025-10-26,28,28,0.0034317171387392,0.0165705331243956,0.4513115885388228,train,3
S42023,17,18,2025-10-26,42,14,0.0026794783233266,0.0144634149446799,0.3925344616175971,train,3
S42024,17,20,2025-10-26,44,17,0.0029129775354655,0.0176588676295546,0.4690900600408388,train,3
S42583,17,3,2025-10-26,45,24,0.0033665993827536,0.0,0.4576143606259931,train,3
S42617,17,1,2025-10-26,60,16,0.0032778008033036,0.0024716776574264,0.4705191386348015,train,3
S42618,17,1,2025-10-26,39,22,0.0035257035082515,0.0,0.5077225336928158,train,3
S42620,17,17,2025-10-26,52,17,0.0032528552626828,0.0049437978712822,0.4032478800650796,train,3
S42621,17,13,2025-10-26,32,21,0.0032903960181917,0.0,0.4225644981423136,train,3
S42623,17,1,2025-10-26,47,13,0.0034117484597607,0.0024893937800217,0.4512516197993745,train,3
S42624,17,7,2025-10-26,36,22,0.00329770335155,0.0025155131748104,0.4929756535181313,train,3
S42625,17,24,2025-10-26,19,22,0.0035017732241437,0.01009009009009,0.5020616368980354,train,3
S42626,17,1,2025-10-26,29,22,0.0034954114691875,0.0,0.4701490973445278,train,3
S42627,17,24,2025-10-26,36,20,0.0032787702006851,0.0,0.4815188744575667,train,3
S42628,17,18,2025-10-26,38,17,0.0028401009506107,0.0,0.3405339259414362,train,3
S42630,17,8,2025-10-26,44,29,0.0030427520750189,0.0,0.4223968820587835,train,3
S42632,17,24,2025-10-26,15,23,0.0034252461517177,0.0,0.4239379457086687,train,3
S42696,17,8,2025-10-26,30,23,0.0027976218639402,0.0,0.3785861244481614,train,3
S42697,17,6,2025-10-26,59,25,0.0029824051142477,0.0,0.4503124767248649,train,3
S42698,17,17,2025-10-26,61,17,0.0033261794510195,0.0,0.4228281999744125,train,3
S42699,17,14,2025-10-26,22,22,0.0034278432782789,0.0,0.4928202396254626,train,3
S42776,17,9,2025-10-26,23,18,0.0031754823591033,0.0,0.3841551607339823,train,3
S42813,17,25,2025-10-26,47,15,0.0012421878704164,0.0,0.3314878227272454,train,3
S42888,17,3,2025-10-26,40,32,0.003356020876095,0.0,0.3766554772966866,train,3
S42998,17,25,2025-10-26,40,15,0.0010628566230312,0.0,0.3133270882243296,train,3
S43033,17,15,2025-10-26,21,27,0.0035036662589798,0.0,0.4420309467651128,train,3
S43285,17,24,2025-10-26,38,19,0.0032930026754472,0.0120216001789936,0.4927103756091791,train,3
S43287,17,2,2025-10-26,60,24,0.0033126168191578,0.0090494167344411,0.4654819824507215,train,3
S43288,17,6,2025-10-26,23,22,0.0033313295573156,0.0115645269189377,0.4556523755174484,train,3
S43289,17,6,2025-10-26,36,14,0.0032564780335067,0.0058232519991798,0.4656172575092501,train,3
S43292,17,1,2025-10-26,32,29,0.003320132238651,0.0204832503437604,0.4355361734889207,train,3
S43293,17,1,2025-10-26,56,24,0.0035395726567729,0.0189241416074097,0.4621833090106351,train,3
S43295,17,1,2025-10-26,58,21,0.0033917451529204,0.0068737688366753,0.4641425781836015,train,3
S43296,17,1,2025-10-26,51,16,0.0035314966194999,0.0238429683871982,0.4768825596281786,train,3
S43297,17,13,2025-10-26,47,20,0.0032911984608285,0.0165183747123605,0.3748975556073907,train,3
S43298,17,18,2025-10-26,22,17,0.0033553472496543,0.0029940660863279,0.3929713993695067,train,3
S43301,17,8,2025-10-26,41,13,0.0031010121862261,0.0107877611103875,0.4750381708835485,train,3
S43302,17,13,2025-10-26,24,26,0.0031178106182811,0.022210305224114,0.4461050940467346,train,3
S43303,17,20,2025-10-26,63,18,0.0034804996187508,0.0143505578526714,0.4329128424703424,train,3
S43305,17,14,2025-10-26,25,26,0.0032141254008411,0.017115469151033,0.4720329474827063,train,3
S43306,17,24,2025-10-26,26,24,0.0034312769718773,0.0082057378250254,0.3990492465352813,train,3
S43307,17,13,2025-10-26,31,21,0.0030815182423432,0.0096556976387253,0.4146190148604601,train,3
S43308,17,24,2025-10-26,30,17,0.0034132906773524,0.0138802444901932,0.4636804087605193,train,3
S43310,17,20,2025-10-26,39,25,0.0033466381026297,0.0061257441484969,0.4207134504522603,train,3
S43311,17,17,2025-10-26,48,16,0.0032732741618161,0.0125318095770102,0.3948602661808248,train,3
S43312,17,19,2025-10-26,21,23,0.0031178359140244,0.0127099722430415,0.5010380432131992,train,3
S43314,17,19,2025-10-26,56,25,0.0033639170661216,0.0028148592853542,0.3893958424043796,train,3
S43315,17,19,2025-10-26,18,20,0.0031933231515841,0.0050693904695459,0.403791026365851,train,3
S43316,17,24,2025-10-26,43,12,0.0034197562625328,0.0077216777947385,0.4695082984875884,train,3
S43318,17,18,2025-10-26,29,14,0.002846595500653,0.0118034733560932,0.4300305717793297,train,3
S43319,17,24,2025-10-26,34,18,0.0026125162418684,0.0111343968749554,0.4058663426000733,train,3
S43320,17,24,2025-10-26,27,13,0.0036212019489978,0.0145110336410723,0.4992888786908715,train,3
S43465,17,25,2025-10-26,35,26,0.0013068048115263,0.013208060167099,0.2557492292912268,train,3
S43496,17,3,2025-10-26,38,24,0.0032893491967033,0.0048025448656253,0.4482522101595855,train,3
S43497,17,9,2025-10-26,23,20,0.0032019143929144,0.005050505050505,0.4498661387881346,train,3
S43498,17,9,2025-10-26,28,26,0.0032342608910974,0.0101130957468022,0.4401748010132196,train,3
S43503,17,15,2025-10-26,28,27,0.003288057449508,0.00767859591389,0.4735792600200605,train,3
S43505,17,15,2025-10-26,49,20,0.003311293977451,0.0116556539888954,0.5177889542578522,train,3
S43508,17,3,2025-10-26,33,16,0.0033326289596602,0.0049213573044032,0.4133424339136243,train,3
S43512,17,15,2025-10-26,14,20,0.0033377440016701,0.0138741002173436,0.4738334497946357,train,3
S43596,17,17,2025-10-26,26,30,0.0027967436064306,0.0221319455830231,0.3501081792414191,train,3
S43597,17,2,2025-10-26,55,30,0.0021027723406626,0.034286333757108,0.3610298173719732,train,3
S00206,17,3,2025-10-26,16,20,0.0031167408906542,0.0,0.4036693956907295,train,4
S00207,17,3,2025-10-26,45,21,0.0033892528260783,0.0024246859373094,0.4070646915854007,train,4
S00211,17,15,2025-10-26,28,16,0.0034304313418896,0.0024002356770644,0.4807219140779789,train,4
S00238,17,25,2025-10-26,35,23,0.0015001539869877,0.0,0.3274418503942407,train,4
S00679,17,18,2025-10-26,50,25,0.0033805610853923,0.0,0.4424001860594382,train,4
S00683,17,24,2025-10-26,19,16,0.0036296176869515,0.0,0.5278003603242581,train,4
S00772,17,9,2025-10-26,50,21,0.0034188652222909,0.0,0.4964490282238769,train,4
S00774,17,3,2025-10-26,60,23,0.0034345923892771,0.0,0.4098302636733178,train,4
S00973,17,5,2025-10-26,21,17,0.0033520524693313,0.0,0.4775873000231493,train,4
S00975,17,1,2025-10-26,31,26,0.0033481829441285,0.0,0.4434764328438936,train,4
S00977,17,1,2025-10-26,37,29,0.003440743924981,0.0,0.469187467028596,train,4
S00980,17,14,2025-10-26,36,14,0.0031732712503242,0.0,0.3803030119746636,train,4
S00984,17,14,2025-10-26,37,14,0.0031836711602278,0.0,0.4090464548543099,train,4
S00985,17,18,2025-10-26,47,13,0.0023817118505645,0.0,0.4607987110694347,train,4
S01083,17,25,2025-10-26,49,18,0.0012293914058909,0.0,0.2596044359711346,train,4
S01379,17,25,2025-10-26,38,17,0.0011233114758271,0.0,0.2176907693377308,train,4
S01380,17,25,2025-10-26,28,19,0.0014290708044733,0.0,0.2478857225398755,train,4
S01531,17,24,2025-10-26,20,29,0.0033307384531039,0.0103766803570842,0.4632702699974134,train,4
S01533,17,14,2025-10-26,47,31,0.0032312573127191,0.0,0.4685695101914437,train,4
S01814,17,3,2025-10-26,30,13,0.0032271793435475,0.0,0.4019184861212241,train,4
S01815,17,15,2025-10-26,33,29,0.0034373380494337,0.0086634418442497,0.4693872374484711,train,4
S01817,17,15,2025-10-26,44,19,0.003436156129432,0.0058429000534913,0.510899110462796,train,4
S01818,17,15,2025-10-26,20,26,0.0034536253675789,0.0,0.4611067720951536,train,4
S01819,17,9,2025-10-26,31,19,0.0032342114097116,0.0,0.4071061115343393,train,4
S01820,17,3,2025-10-26,30,17,0.0032884183359922,0.0029311936209677,0.4388288494782353,train,4
S01821,17,9,2025-10-26,51,17,0.0033677522513229,0.0088547605473204,0.4682934243228207,train,4
S01825,17,3,2025-10-26,52,21,0.0029831200827671,0.0,0.4494656938753776,train,4
S01826,17,15,2025-10-26,38,26,0.0035408238262795,0.0056856369028722,0.4829406883529161,train,4
S01829,17,3,2025-10-26,59,24,0.0034836096208748,0.0,0.4295023239202717,train,4
S01884,17,3,2025-10-26,43,18,0.0032093473245258,0.0,0.4223588330617245,train,4
S01904,17,15,2025-10-26,32,14,0.0034007535932429,0.0,0.4961662165039914,train,4
S01927,17,20,2025-10-26,45,17,0.0033956402957064,0.0,0.4250662179072018,train,4
S01928,17,8,2025-10-26,45,21,0.0028036143370277,0.0,0.4862549002457334,train,4
S01931,17,7,2025-10-26,15,18,0.0029136042877527,0.0,0.4795994681575266,train,4
S01933,17,8,2025-10-26,39,31,0.0031124005272547,0.0,0.4752215483098738,train,4
S01934,17,24,2025-10-26,54,16,0.0034495391141598,0.0,0.4776497211947365,train,4
S01935,17,24,2025-10-26,53,27,0.0034635088433606,0.0,0.4271823409453896,train,4
S01936,17,7,2025-10-26,21,23,0.0035213033499996,0.0,0.5070670436304611,train,4
S01937,17,2,2025-10-26,57,18,0.0030791071857711,0.0,0.4795736534873967,train,4
S02051,17,7,2025-10-26,61,25,0.003181998584799,0.0099261034551627,0.4481192253830335,train,4
S02352,17,25,2025-10-26,33,30,0.0014041278926922,0.0,0.2828435737498005,train,4
S02370,17,2,2025-10-26,41,15,0.0032531937560947,0.0,0.3941346790258853,train,4
S02557,17,8,2025-10-26,16,17,0.0030073151324353,0.0,0.5412615605539125,train,4
S02580,17,20,2025-10-26,61,24,0.003410127461714,0.0,0.4674748039967607,train,4
S02581,17,24,2025-10-26,24,17,0.0036948452751664,0.0,0.4051266025673084,train,4
S02772,17,15,2025-10-26,42,32,0.0032737861866353,0.0,0.4664202819977512,train,4
S02783,17,13,2025-10-26,55,24,0.0032576468888347,0.0,0.4663597051277728,train,4
S02804,17,5,2025-10-26,49,16,0.0034675464603068,0.0,0.4361586784479995,train,4
S02807,17,24,2025-10-26,40,17,0.0033381261648739,0.0,0.4667860538114395,train,4
S02808,17,19,2025-10-26,34,15,0.002677492072076,0.0,0.4619948937865259,train,4
S02809,17,18,2025-10-26,36,20,0.0027719852337254,0.0,0.3860502169218145,train,4
S02861,17,25,2025-10-26,52,15,0.0009740658370509,0.0,0.2539619525562484,train,4
S02984,17,1,2025-10-26,27,26,0.003427409199113,0.0,0.4786043976171782,train,4
S02987,17,17,2025-10-26,19,25,0.0031071380745991,0.0028635300353764,0.4224617508466311,train,4
S02988,17,13,2025-10-26,35,17,0.0032350278897854,0.0,0.4010759655227858,train,4
S02991,17,20,2025-10-26,52,20,0.0034533424308191,0.0,0.4929410886703413,train,4
S03035,17,3,2025-10-26,43,29,0.0033030959606446,0.0,0.4300579323002746,train,4
S03041,17,14,2025-10-26,28,14,0.0032526451579661,0.0061208404147885,0.4356909315714201,train,4
S03044,17,14,2025-10-26,44,27,0.0031192912261182,0.0104508369080662,0.4335074320499854,train,4
S03045,17,2,2025-10-26,26,14,0.0025827574772849,0.0090586809321145,0.410756357763679,train,4
S03046,17,2,2025-10-26,34,29,0.0030274844564553,0.0045085499160883,0.387112361140735,train,4
S03048,17,2,2025-10-26,34,15,0.0031524473335194,0.0046724578820697,0.4117387246911903,train,4
S03049,17,6,2025-10-26,52,26,0.0029936047576559,0.0076942607317133,0.4799542080655068,train,4
S03051,17,8,2025-10-26,52,30,0.0031034749095801,0.0077735442982538,0.5033191574531651,train,4
S03052,17,1,2025-10-26,56,25,0.0034973379146397,0.0061811884174229,0.4033467381374857,train,4
S03054,17,6,2025-10-26,61,22,0.0031428723667118,0.0015078563258668,0.4716008862658878,train,4
S03057,17,24,2025-10-26,53,28,0.0034897552612752,0.0015234416908057,0.4380005149550516,train,4
S03058,17,19,2025-10-26,24,16,0.0032031691267837,0.0030899313003201,0.4434254659972504,train,4
S03059,17,20,2025-10-26,47,28,0.0035147300708953,0.0,0.4783326885317517,train,4
S03174,17,1,2025-10-26,16,17,0.002895028717381,0.0030029485692188,0.382453999917594,train,4
S03325,17,25,2025-10-26,46,23,0.0012334634671489,0.0,0.3115725755517001,train,4
S03721,17,13,2025-10-26,47,19,0.003341686840078,0.0,0.4621706223261091,train,4
S03723,17,19,2025-10-26,15,23,0.003164714531368,0.0,0.4766080348931172,train,4
S03831,17,12,2025-10-26,29,12,0.0013873178223308,0.0,0.4345629510018962,train,4
S03897,17,2,2025-10-26,29,17,0.0032967543218089,0.0,0.4106597226528516,train,4
S03898,17,2,2025-10-26,44,24,0.0032008859396781,0.0,0.4347487826851909,train,4
S03899,17,2,2025-10-26,37,17,0.003233705693731,0.0,0.4613341617401198,train,4
S03900,17,8,2025-10-26,30,15,0.0032909928961429,0.0,0.4762615605611213,train,4
S03901,17,17,2025-10-26,35,26,0.0032136206007869,0.0,0.4135299713025557,train,4
S03902,17,14,2025-10-26,29,17,0.0032041406835283,0.0,0.4462870727734405,train,4
S03904,17,19,2025-10-26,33,15,0.0029803074339249,0.0,0.529380165588124,train,4
S03932,17,25,2025-10-26,61,23,0.0013699760974942,0.0,0.2620138529832345,train,4
S03933,17,25,2025-10-26,37,17,0.0009117573566125,0.0,0.2622073495811514,train,4
S03985,17,2,2025-10-26,34,16,0.0031236344416916,0.0,0.4418694716003782,train,4
S03986,17,14,2025-10-26,39,20,0.0032020015829058,0.0,0.4384182477760632,train,4
S03987,17,19,2025-10-26,19,19,0.0033352907050502,0.0,0.41318948189076,train,4
S04030,17,3,2025-10-26,60,26,0.0033725125530699,0.0,0.3814378404663991,train,4
S04235,17,25,2025-10-26,25,20,0.0012985416791486,0.0,0.2510449043532037,train,4
S04489,17,15,2025-10-26,36,16,0.0033859952305776,0.0,0.46670463502142,train,4
S04491,17,15,2025-10-26,60,26,0.0034257876458502,0.0,0.4045198362865426,train,4
S04493,17,3,2025-10-26,40,19,0.0033309255273357,0.0,0.4584081470819193,train,4
S04524,17,18,2025-10-26,26,26,0.0033738415454139,0.0,0.4715371574739345,train,4
S04525,17,14,2025-10-26,30,19,0.003334833336058,0.0,0.4300690172790251,train,4
S04529,17,7,2025-10-26,58,27,0.0031139377222423,0.0,0.4745860478567274,train,4
S04530,17,18,2025-10-26,41,15,0.0024289606830985,0.0,0.3910669949022039,train,4
S04531,17,20,2025-10-26,33,21,0.0035084071681411,0.0,0.448624708181756,train,4
S04625,17,15,2025-10-26,23,21,0.0036639008631407,0.0,0.4644786568468513,train,4
S04626,17,3,2025-10-26,43,28,0.0034782790882376,0.0,0.4634075313843215,train,4
S04628,17,15,2025-10-26,40,30,0.0032794085616265,0.0,0.4876977451367996,train,4
S04758,17,18,2025-10-26,30,23,0.0033889460170831,0.0,0.3836420476919794,train,4
S04759,17,13,2025-10-26,16,18,0.0034682022785005,0.0,0.4692111126880518,train,4
S04761,17,2,2025-10-26,43,28,0.0030418723469681,0.0,0.4411225146628745,train,4
S04762,17,2,2025-10-26,51,29,0.0032174421677839,0.0,0.4245267891072152,train,4
S04763,17,8,2025-10-26,25,29,0.0029897154817522,0.0,0.4938031189914801,train,4
S04764,17,24,2025-10-26,28,25,0.0034637408083324,0.0,0.4391607843475292,train,4
S04765,17,7,2025-10-26,41,20,0.0031582262262251,0.0,0.4922151061962816,train,4
S04767,17,18,2025-10-26,40,18,0.0015117032044924,0.0,0.3947443398612149,train,4
S04768,17,20,2025-10-26,54,25,0.0035550974345985,0.0,0.4461533384000962,train,4
S04827,17,7,2025-10-26,37,31,0.0031946328924276,0.0,0.5044893126146918,train,4
S04829,17,2,2025-10-26,49,22,0.0031746530445866,0.0,0.441372228282705,train,4
S04830,17,6,2025-10-26,16,21,0.003194991468473,0.0,0.5122582371800578,train,4
S04832,17,14,2025-10-26,30,20,0.0031290138190189,0.0,0.4470502809895275,train,4
S04835,17,14,2025-10-26,30,24,0.0032731858937439,0.0,0.4596285860811202,train,4
S04839,17,24,2025-10-26,50,20,0.0034490665920506,0.0,0.4773963328103982,train,4
S05105,17,25,2025-10-26,24,15,0.0015953763500379,0.0,0.2610209476434657,train,4
S05120,17,20,2025-10-26,54,19,0.0035927141064685,0.0,0.4559820862609944,train,4
S05158,17,12,2025-10-26,60,28,0.0017102210694969,0.0,0.416224073748022,train,4
S05242,17,15,2025-10-26,37,14,0.0034194926375646,0.0,0.4955929333586615,train,4
S05311,17,25,2025-10-26,57,26,0.0008299452827625,0.0,0.2418041145291576,train,4
S05935,17,15,2025-10-26,35,17,0.0035883700519168,0.0,0.4596416968946571,train,4
S06044,17,8,2025-10-26,37,29,0.0026067938062068,0.0,0.4513636919973118,train,4
S06079,17,25,2025-10-26,37,16,0.0011526155532566,0.0,0.2208314245788514,train,4
S06643,17,9,2025-10-26,20,22,0.0034858182424115,0.0030082651631393,0.4484225365972252,train,4
S06647,17,9,2025-10-26,39,20,0.003406855159126,0.0123768078046107,0.4511687222099994,train,4
S06649,17,3,2025-10-26,17,23,0.0032276408804014,0.0061776157759153,0.4798326701692717,train,4
S06735,17,25,2025-10-26,37,27,0.0012190842112718,0.0,0.2768978704560199,train,4
S06782,17,1,2025-10-26,57,14,0.0034638819463441,0.0,0.4351371630812362,train,4
S06807,17,11,2025-10-26,47,32,0.0028802070526426,0.0,0.374645931075587,train,4
S06962,17,8,2025-10-26,36,28,0.0030431509397622,0.0,0.4263351069882551,train,4
S06964,17,5,2025-10-26,22,21,0.0033708402934051,0.0044857822364828,0.4707619005921067,train,4
S06967,17,1,2025-10-26,31,30,0.0033424928731269,0.0022461144930876,0.4025099575773831,train,4
S06968,17,1,2025-10-26,62,18,0.0034195251922408,0.0,0.4822055245332639,train,4
S06976,17,18,2025-10-26,30,30,0.0034443935793481,0.0137560719079976,0.4554608836050111,train,4
S06980,17,20,2025-10-26,33,30,0.0033934810888422,0.0,0.4657121491927074,train,4
S06981,17,14,2025-10-26,61,27,0.0033601671195827,0.0,0.454488367693991,train,4
S06982,17,13,2025-10-26,38,24,0.0033312521199693,0.0,0.4225094588236751,train,4
S06983,17,24,2025-10-26,26,29,0.0035615272015556,0.0,0.4419617037447031,train,4
S06984,17,17,2025-10-26,44,25,0.0033982315225029,0.0,0.4090574178618268,train,4
S06987,17,20,2025-10-26,16,22,0.0037727799135717,0.0045040146448443,0.4822124196654791,train,4
S06988,17,19,2025-10-26,30,23,0.0034193471814455,0.0022570390554041,0.4210332915983576,train,4
S07212,17,8,2025-10-26,34,17,0.002890725236065,0.0,0.4573831019924558,train,4
S07213,17,14,2025-10-26,52,28,0.0030728249917866,0.0,0.446241001774244,train,4
S07214,17,13,2025-10-26,51,19,0.0032819404635634,0.0,0.4629600286391603,train,4
S07215,17,2,2025-10-26,38,23,0.0033957227225433,0.0,0.4697789531259292,train,4
S07221,17,20,2025-10-26,36,27,0.0033554455100553,0.0,0.4681918840683308,train,4
S07222,17,1,2025-10-26,35,30,0.0035177796085423,0.0,0.4434019430012768,train,4
S07224,17,1,2025-10-26,20,15,0.003386462250527,0.0,0.4214963355873993,train,4
S07226,17,5,2025-10-26,57,23,0.0031888009394618,0.0,0.4587172110274087,train,4
S07227,17,20,2025-10-26,54,27,0.0031301382703195,0.0,0.4367477693128399,train,4
S07228,17,17,2025-10-26,39,15,0.0032483241537872,0.0,0.4281335336154555,train,4
S07273,17,6,2025-10-26,42,27,0.003013310345819,0.0056861735598649,0.4559465773287594,train,4
S07276,17,1,2025-10-26,36,17,0.0035021902648164,0.0071443151663604,0.4772516093533279,train,4
S07278,17,1,2025-10-26,26,17,0.0035545842311451,0.0119004860761918,0.4332057017998851,train,4
S07281,17,1,2025-10-26,61,18,0.0034772596993471,0.0102352730043571,0.41592468655079,train,4
S07284,17,17,2025-10-26,46,17,0.0033539646167459,0.0014720168704388,0.422463074178313,train,4
S07285,17,14,2025-10-26,38,20,0.0032641105870834,0.0156938057263588,0.4074540513584193,train,4
S07286,17,14,2025-10-26,55,19,0.0030921531706023,0.0101130781081945,0.4257678247041139,train,4
S07287,17,18,2025-10-26,39,28,0.0034245697128673,0.0043320984964044,0.4688757001008802,train,4
S07288,17,17,2025-10-26,34,13,0.0032814967344161,0.0102870254558787,0.4120015802691179,train,4
S07289,17,17,2025-10-26,36,30,0.0033995447846708,0.0159093223914909,0.3904757341733365,train,4
S07291,17,13,2025-10-26,60,18,0.0032481954597593,0.0130708067782346,0.4429177167375521,train,4
S07292,17,20,2025-10-26,45,19,0.0031156895589202,0.00143715553088,0.4503481812482981,train,4
S07293,17,20,2025-10-26,21,18,0.0036971584865546,0.0044588387281992,0.4097202940801421,train,4
S07294,17,20,2025-10-26,13,20,0.0033792302454758,0.0148390987860004,0.4828159362486224,train,4
S07295,17,24,2025-10-26,23,17,0.0035816663771693,0.0028682646998565,0.4563786795955427,train,4
S07300,17,18,2025-10-26,14,20,0.0027185124226951,0.0128136816775524,0.4060641946346093,train,4
S07345,17,25,2025-10-26,58,20,0.0012074628564812,0.0,0.2195477128842853,train,4
S07560,17,3,2025-10-26,25,20,0.0035339923635938,0.0,0.4303641264105191,train,4
S07563,17,15,2025-10-26,22,21,0.0034082629685317,0.0,0.4717308310658715,train,4
S07564,17,3,2025-10-26,20,15,0.0033193896510154,0.0,0.3971879919857686,train,4
S07619,17,13,2025-10-26,19,28,0.0031683334077845,0.0131972888466976,0.4369136147449739,train,4
S07666,17,14,2025-10-26,56,25,0.0031752263303458,0.0061970074812967,0.4510535593902491,train,4
S07669,17,14,2025-10-26,15,23,0.0032833049265259,0.0075988406252935,0.459436146072706,train,4
S07670,17,8,2025-10-26,36,13,0.0029284926342356,0.0098488001109723,0.4261370792981705,train,4
S07673,17,2,2025-10-26,42,16,0.0032639669221382,0.0053354460411419,0.4347171651131097,train,4
S07675,17,20,2025-10-26,27,28,0.0036419454288398,0.0051994409293294,0.3344356025299022,train,4
S07679,17,5,2025-10-26,27,17,0.0033714943754915,0.0072200742553195,0.4344421991278988,train,4
S07680,17,2,2025-10-26,26,29,0.0029922745859867,0.0126522663340249,0.4243520910155856,train,4
S07681,17,5,2025-10-26,60,18,0.003472930583409,0.0093375418028782,0.4390870071271361,train,4
S07682,17,8,2025-10-26,20,26,0.0024885638168813,0.01319886601292,0.4948665008825695,train,4
S07683,17,24,2025-10-26,56,24,0.0035377403722952,0.0031299397313415,0.4434457416574587,train,4
S07685,17,7,2025-10-26,35,15,0.0031399192709756,0.0084525965798447,0.4525404689151625,train,4
S07688,17,18,2025-10-26,48,13,0.0032773161681446,0.015131646191753,0.3983196396617319,train,4
S07691,17,20,2025-10-26,60,24,0.0033738186461003,0.0158404355004239,0.410776332472649,train,4
S07692,17,24,2025-10-26,25,29,0.0032820509787235,0.0032146645623657,0.4956372175954717,train,4
S07693,17,20,2025-10-26,49,26,0.0033113462343866,0.0126256692303295,0.4249686134617077,train,4
S07780,17,9,2025-10-26,41,32,0.0033175934424578,0.0064498965031697,0.4255116430667667,train,4
S07888,17,2,2025-10-26,45,25,0.0032916224811765,0.0,0.4493408030138124,train,4
S08047,17,15,2025-10-26,24,29,0.0032483683860413,0.0071587529077932,0.4521377252423996,train,4
S08050,17,9,2025-10-26,56,19,0.0031260500984884,0.0023629703059737,0.4636306365528668,train,4
S08052,17,15,2025-10-26,41,18,0.0033793140748768,0.0034612438192074,0.4378458019849285,train,4
S08053,17,9,2025-10-26,15,21,0.0030137293234114,0.0115356316396612,0.4544911371543069,train,4
S08055,17,3,2025-10-26,36,15,0.0033788120326905,0.0034519162649849,0.3975367963982971,train,4
S08059,17,15,2025-10-26,44,16,0.00344576514055,0.0153038625613184,0.4608858580234738,train,4
S08061,17,3,2025-10-26,34,28,0.0032562818703969,0.0083429256594724,0.4750715039861742,train,4
S08402,17,7,2025-10-26,44,32,0.0028651041398977,0.0056972414805032,0.4928835541662549,train,4
S08403,17,14,2025-10-26,41,11,0.0032050411745204,0.0033748913515862,0.394930935374197,train,4
S08462,17,7,2025-10-26,25,17,0.0031958406808249,0.0,0.4553802298649743,train,4
S08463,17,1,2025-10-26,48,22,0.0034014477757512,0.0,0.487520620764095,train,4
S08464,17,1,2025-10-26,44,18,0.0034166438393036,0.0,0.4468209877342843,train,4
S08466,17,14,2025-10-26,20,17,0.0033976410981506,0.0,0.4698878780128428,train,4
S08482,17,13,2025-10-26,50,16,0.0033872936484149,0.0,0.44818176827634,train,4
S08494,17,17,2025-10-26,27,18,0.0026994277022072,0.0,0.3865750391349332,train,4
S08495,17,18,2025-10-26,52,29,0.0032581590099002,0.0,0.4322698761563038,train,4
S08877,17,2,2025-10-26,42,21,0.0032661796379693,0.0,0.4439236895533143,train,4
S08879,17,1,2025-10-26,35,17,0.0034179201154837,0.0,0.4587147929971058,train,4
S08880,17,1,2025-10-26,36,20,0.0033595178994901,0.0,0.4201949186019004,train,4
S08882,17,20,2025-10-26,20,18,0.0031602512586144,0.0,0.4239805083648496,train,4
S08883,17,20,2025-10-26,61,25,0.0035572770624251,0.0,0.4587896525397996,train,4
S09110,17,15,2025-10-26,42,29,0.0033138826728485,0.006143766611039,0.4857858039816689,train,4
S09113,17,9,2025-10-26,52,20,0.00337494292435,0.0,0.4834071263758827,train,4
S09118,17,15,2025-10-26,42,25,0.0034994767952729,0.0,0.4203300689791463,train,4
S09138,17,19,2025-10-26,61,17,0.003276250564482,0.0,0.407426658433238,train,4
S09139,17,19,2025-10-26,50,21,0.0031934835638547,0.0,0.429264393477372,train,4
S09169,17,25,2025-10-26,44,29,0.0009171605749816,0.0,0.2902412132382667,train,4
S09332,17,12,2025-10-26,55,30,0.0014122414131815,0.0,0.4418987688629434,train,4
S09495,17,18,2025-10-26,41,22,0.0031981658908585,0.0,0.2853135186228118,train,4
S09497,17,8,2025-10-26,32,18,0.0028930921983453,0.0,0.4435599296171828,train,4
S09498,17,5,2025-10-26,53,20,0.0033391322438453,0.0,0.4703401010461701,train,4
S09499,17,1,2025-10-26,38,14,0.0032391636267306,0.0,0.5019477109414645,train,4
S09501,17,24,2025-10-26,32,24,0.0033979965956986,0.0,0.4223586084645437,train,4
S09502,17,19,2025-10-26,32,13,0.003189419962481,0.0,0.4815234112375792,train,4
S09533,17,13,2025-10-26,21,25,0.003386117591003,0.0,0.3973778213833122,train,4
S09535,17,7,2025-10-26,42,30,0.003243088369955,0.0,0.4284279860030546,train,4
S09537,17,24,2025-10-26,37,25,0.0035373194402857,0.0,0.4179385390601879,train,4
S10282,17,14,2025-10-26,48,23,0.0030554194015816,0.0,0.437696898933821,train,4
S10286,17,6,2025-10-26,49,17,0.0030988346822768,0.0,0.4708233503757608,train,4
S10287,17,7,2025-10-26,58,16,0.0034426519568917,0.0,0.4990863728379094,train,4
S10288,17,8,2025-10-26,38,24,0.0030158592005029,0.0,0.4864829234875517,train,4
S10289,17,18,2025-10-26,28,14,0.0032211855622206,0.0,0.4711463696485943,train,4
S10485,17,17,2025-10-26,25,27,0.0035304842443394,0.0,0.3793975532789237,train,4
S10486,17,1,2025-10-26,36,31,0.0033542174928189,0.0,0.4059982201407902,train,4
S10621,17,11,2025-10-26,20,29,0.0033219387243656,0.0,0.3667485300465971,train,4
S10689,17,14,2025-10-26,28,17,0.0035557442777579,0.0,0.3934996089977964,train,4
S10736,17,15,2025-10-26,53,24,0.0033468976044639,0.0,0.4845248273664004,train,4
S10744,17,2,2025-10-26,38,30,0.0030908361194822,0.0,0.4588816330197985,train,4
S10747,17,17,2025-10-26,15,22,0.0034289232020589,0.0,0.4061688401366505,train,4
S10749,17,13,2025-10-26,46,27,0.0033791197506189,0.0,0.4611709137918565,train,4
S10751,17,19,2025-10-26,35,19,0.0032989196183885,0.0,0.4851089128819374,train,4
S10783,17,25,2025-10-26,60,21,0.0015618021865728,0.0,0.3727113901206411,train,4
S10859,17,15,2025-10-26,29,12,0.0029556201426078,0.0207136903222097,0.3870380880746463,train,4
S11229,17,7,2025-10-26,29,14,0.0032865983278346,0.0131244970936283,0.4584815397900068,train,4
S11230,17,8,2025-10-26,24,23,0.002803361960352,0.0224138213782019,0.4829781099088867,train,4
S11231,17,8,2025-10-26,43,30,0.0027235784348894,0.0234427051089295,0.4955040307581215,train,4
S11232,17,7,2025-10-26,44,30,0.0032293749078523,0.0171500543487637,0.432203720903782,train,4
S11237,17,5,2025-10-26,55,27,0.003206595718464,0.0183564926910544,0.4633495296296666,train,4
S11238,17,5,2025-10-26,47,17,0.0033279262642274,0.0021149476156838,0.4590507391711609,train,4
S11239,17,17,2025-10-26,33,19,0.0032009891597762,0.0089309489153642,0.4024243235823233,train,4
S11240,17,13,2025-10-26,54,24,0.0032318645865465,0.0031449674983112,0.4296836207601848,train,4
S11243,17,24,2025-10-26,43,20,0.0032558394488961,0.0294521072630801,0.4168705776964443,train,4
S11244,17,18,2025-10-26,61,19,0.0032613292566775,0.0213695491602516,0.4092544512187901,train,4
S11247,17,24,2025-10-26,60,25,0.0032315612395131,0.0205321287285978,0.4755047379429244,train,4
S11501,17,20,2025-10-26,57,14,0.0033028248503415,0.0203664318585086,0.4079939499658824,train,4
S11502,17,8,2025-10-26,29,12,0.0031469169093482,0.0126205253448649,0.4704931512015523,train,4
S11503,17,2,2025-10-26,54,30,0.0026358495397859,0.0127717530965719,0.4592468941482705,train,4
S11590,17,1,2025-10-26,59,24,0.0035206469482714,0.0,0.4781855796568887,train,4
S11593,17,13,2025-10-26,37,25,0.0031834397194629,0.0,0.4116508140464736,train,4
S11595,17,13,2025-10-26,33,15,0.0028514438833714,0.0,0.442113406900737,train,4
S11596,17,14,2025-10-26,44,30,0.0031552231173849,0.0,0.4314124995375414,train,4
S11597,17,20,2025-10-26,20,17,0.0033113257048127,0.0091988487557492,0.4275295766173459,train,4
S11598,17,19,2025-10-26,36,19,0.0031685298612452,0.0,0.4394337626484828,train,4
S11659,17,15,2025-10-26,43,19,0.0033367089192616,0.0,0.4950220136916645,train,4
S12002,17,15,2025-10-26,25,30,0.0033113658679733,0.0,0.4749688222787863,train,4
S12065,17,17,2025-10-26,28,12,0.0026552679359646,0.0,0.4601796430882394,train,4
S12229,17,6,2025-10-26,28,17,0.0032174229738005,0.0,0.4508497823933349,train,4
S12231,17,7,2025-10-26,61,24,0.0033355516369268,0.0,0.4822936530905998,train,4
S12234,17,8,2025-10-26,30,16,0.0032272305210647,0.0,0.4649339046858275,train,4
S12236,17,14,2025-10-26,31,23,0.0032818782234318,0.0052142347559696,0.4112629139143322,train,4
S12238,17,18,2025-10-26,35,26,0.0032931771400429,0.0026708368263794,0.4584014406903753,train,4
S12240,17,20,2025-10-26,41,21,0.0032474986270524,0.0,0.4587436583818604,train,4
S12242,17,19,2025-10-26,55,29,0.0032465191327255,0.0,0.3719101570677344,train,4
S12245,17,24,2025-10-26,35,23,0.0035139967072348,0.0,0.4450863966595045,train,4
S12246,17,19,2025-10-26,38,27,0.0032105535657232,0.0,0.4404707530438996,train,4
S12251,17,24,2025-10-26,15,18,0.0032169417135328,0.007973944294699,0.4603596021858672,train,4
S12253,17,24,2025-10-26,59,23,0.0033536368686596,0.0,0.4515284157862506,train,4
S12254,17,19,2025-10-26,18,22,0.0033179770694576,0.0,0.5115162521738081,train,4
S12384,17,14,2025-10-26,53,16,0.0034996446286176,0.0,0.4469886078868799,train,4
S12385,17,5,2025-10-26,20,16,0.0032338554557202,0.0039944704312742,0.4495347843402803,train,4
S12386,17,2,2025-10-26,19,26,0.0032364706277158,0.0,0.4387007123190101,train,4
S12388,17,2,2025-10-26,49,13,0.0029228679340535,0.0,0.4014693746021917,train,4
S12389,17,5,2025-10-26,35,17,0.0033968496143826,0.0,0.4746816267492844,train,4
S12390,17,13,2025-10-26,50,23,0.0031503825874067,0.0,0.4554969150319085,train,4
S12391,17,1,2025-10-26,52,25,0.0035751014588607,0.0,0.5098605061294442,train,4
S12458,17,25,2025-10-26,16,22,0.0027161547775115,0.0,0.4012747740138937,train,4
S12732,17,9,2025-10-26,60,21,0.0032367756386966,0.0,0.4725837628667365,train,4
S12733,17,3,2025-10-26,56,14,0.0028864675809309,0.0,0.446085290293507,train,4
S12734,17,3,2025-10-26,48,14,0.0033279156940277,0.0,0.4457427890114543,train,4
S13051,17,8,2025-10-26,34,19,0.0025214449254607,0.0,0.4719611907668526,train,4
S13052,17,19,2025-10-26,41,13,0.0033464839691058,0.0,0.4643628225953904,train,4
S13053,17,19,2025-10-26,44,30,0.0029513978565324,0.0,0.4449973877332144,train,4
S13054,17,20,2025-10-26,34,13,0.003447184141623,0.0,0.5039769212650561,train,4
S13055,17,11,2025-10-26,41,11,0.0031123631321678,0.0,0.4950271517506728,train,4
S13220,17,13,2025-10-26,63,24,0.0031872855268852,0.0,0.4299327211922335,train,4
S13439,17,2,2025-10-26,47,24,0.0028408780404196,0.0,0.4389333289468997,train,4
S13445,17,9,2025-10-26,48,31,0.0023945937217006,0.0,0.4760833106504776,train,4
S13460,17,8,2025-10-26,22,29,0.0029981592181396,0.0,0.4664914534939267,train,4
S13608,17,7,2025-10-26,25,13,0.002560097778284,0.0206545991028548,0.4941759662595102,train,4
S13609,17,13,2025-10-26,49,31,0.0031944395223484,0.0102231821454283,0.3688174866938833,train,4
S13618,17,2,2025-10-26,32,28,0.0029446379581825,0.001840924833224,0.4294623057543561,train,4
S13620,17,7,2025-10-26,50,13,0.0035230249644961,0.0075417871152284,0.4619945886870886,train,4
S13622,17,7,2025-10-26,25,28,0.0028747879061469,0.0018577911349346,0.4601133287451899,train,4
S13625,17,14,2025-10-26,46,18,0.0031457592590495,0.0,0.4204037616925351,train,4
S13626,17,5,2025-10-26,52,20,0.0032107326631824,0.0018732097090306,0.4663798562302057,train,4
S13627,17,5,2025-10-26,31,18,0.0034223288397352,0.0,0.4346418027620526,train,4
S13629,17,17,2025-10-26,57,26,0.00304128292614,0.0,0.4306035564699835,train,4
S13630,17,5,2025-10-26,38,15,0.0032277323342413,0.0018656576349317,0.4712717497814762,train,4
S13632,17,19,2025-10-26,42,15,0.003186373472376,0.0018828967058778,0.470593049354897,train,4
S13634,17,24,2025-10-26,31,19,0.0033862809243788,0.0091658183213089,0.4435094426187116,train,4
S13635,17,24,2025-10-26,43,23,0.003380855724439,0.0018845030902817,0.4405562021892028,train,4
S13649,17,3,2025-10-26,26,13,0.0018616679517685,0.0056564690885914,0.3652684327641567,train,4
S13650,17,15,2025-10-26,30,31,0.0032561082904479,0.0056413166855845,0.4613763467537394,train,4
S13936,17,14,2025-10-26,18,27,0.0032696873281316,0.0116180309346631,0.4901007717627239,train,4
S13938,17,14,2025-10-26,21,17,0.0032821764374101,0.006732611033896,0.4129829335407728,train,4
S13939,17,1,2025-10-26,37,27,0.003338140213877,0.0066077420933114,0.4134309184813098,train,4
S13942,17,24,2025-10-26,28,30,0.003481771570184,0.0157707685473123,0.4179316037351557,train,4
S13944,17,19,2025-10-26,31,17,0.0030981912977404,0.0104755355670252,0.4721621978805623,train,4
S13945,17,18,2025-10-26,47,16,0.0031657601821921,0.016685906723173,0.2901505755435505,train,4
S13946,17,18,2025-10-26,50,22,0.0031958676988296,0.0026064200793987,0.4041466730039221,train,4
S13947,17,19,2025-10-26,32,20,0.003203281603739,0.0079862450186399,0.4357661810604492,train,4
S13948,17,20,2025-10-26,16,25,0.0034577456330671,0.0064734782767262,0.4746881579881421,train,4
S13949,17,18,2025-10-26,27,29,0.0034159175991419,0.0093142176351686,0.490520572131127,train,4
S13950,17,7,2025-10-26,39,12,0.0034327098379896,0.0105578170597966,0.491457178794271,train,4
S13951,17,20,2025-10-26,60,17,0.0033745505316042,0.0052923574950217,0.4145336506589118,train,4
S14092,17,9,2025-10-26,38,16,0.0033631835669587,0.0039627485687859,0.4154742191411912,train,4
S14096,17,3,2025-10-26,24,27,0.0031099491714575,0.005174536491154,0.4105758100828251,train,4
S14101,17,15,2025-10-26,21,23,0.0034109127116584,0.0052847603249542,0.4992937259640604,train,4
S14107,17,3,2025-10-26,25,19,0.0032601367472345,0.0064117946058358,0.4723806754299564,train,4
S14215,17,25,2025-10-26,14,22,0.0017325272468104,0.0,0.3839745254647515,train,4
S14378,17,6,2025-10-26,40,15,0.0032865868030072,0.0,0.4627585494646664,train,4
S14380,17,17,2025-10-26,57,27,0.0033208337273292,0.0,0.3898544096152143,train,4
S14381,17,18,2025-10-26,33,23,0.003040860741367,0.0,0.3639317251333073,train,4
S14382,17,19,2025-10-26,33,13,0.0030753894667858,0.0,0.4709513907514228,train,4
S14384,17,24,2025-10-26,17,20,0.00355285692241,0.0,0.4623223284719728,train,4
S14761,17,25,2025-10-26,22,23,0.001448022319464,0.0,0.3119043248546275,train,4
S14762,17,25,2025-10-26,29,27,0.0021330009750357,0.0,0.2938307524425715,train,4
S14806,17,13,2025-10-26,29,29,0.0030897068245029,0.0,0.4521482963294809,train,4
S14809,17,6,2025-10-26,28,22,0.0032783526490202,0.0,0.485633133432904,train,4
S14811,17,6,2025-10-26,24,27,0.0032330590416948,0.0,0.4535963962353724,train,4
S15089,17,25,2025-10-26,32,15,0.0013678494550874,0.0,0.2500298392587255,train,4
S15090,17,25,2025-10-26,14,21,0.0016662073137183,0.0,0.4243046566905303,train,4
S15504,17,9,2025-10-26,44,27,0.0030963842363991,0.0133564450894236,0.4509124074073747,train,4
S15505,17,9,2025-10-26,22,15,0.0032722864250952,0.0,0.4437574253300038,train,4
S15507,17,3,2025-10-26,46,15,0.0031966084965789,0.0016465568078663,0.426642526839449,train,4
S15516,17,15,2025-10-26,29,23,0.0035650013240949,0.0016391928706653,0.4511482895422934,train,4
S15556,17,7,2025-10-26,42,25,0.0031014420877202,0.0100819539110678,0.4825448030781494,train,4
S15557,17,7,2025-10-26,36,18,0.0029980101532535,0.0067398283852551,0.4428569409203872,train,4
S15558,17,6,2025-10-26,58,24,0.0032535798481283,0.0,0.4698094128092854,train,4
S15559,17,6,2025-10-26,35,21,0.0031537878839389,0.0016441220156869,0.4455123383976513,train,4
S15563,17,1,2025-10-26,26,23,0.003393826085555,0.0016423942605425,0.4246081220303216,train,4
S15566,17,14,2025-10-26,43,18,0.0031728791716762,0.001661868314491,0.4303978416017653,train,4
S15568,17,14,2025-10-26,36,12,0.0033054608156644,0.0,0.419385461031886,train,4
S15569,17,2,2025-10-26,19,24,0.0028723193617983,0.0066687464568091,0.4579750788533293,train,4
S15578,17,13,2025-10-26,54,18,0.0033016035760361,0.0,0.4405441509796839,train,4
S15580,17,8,2025-10-26,23,18,0.0029692261741548,0.004893466188807,0.4722949833804845,train,4
S15581,17,13,2025-10-26,61,20,0.003228035730107,0.0,0.5018570110583062,train,4
S15582,17,13,2025-10-26,18,24,0.0031310932600676,0.0,0.4481868421699794,train,4
S15588,17,19,2025-10-26,34,12,0.0031777245270398,0.0049692546118082,0.4481955264210128,train,4
S15589,17,18,2025-10-26,49,30,0.0034027817684706,0.0049439945884646,0.3852099033771878,train,4
S15590,17,24,2025-10-26,49,26,0.0035868308792452,0.0065760312262247,0.4308240890415559,train,4
S15592,17,8,2025-10-26,29,14,0.0032357091928793,0.0115457499095654,0.4974420763192512,train,4
S15593,17,17,2025-10-26,53,17,0.0031429002252065,0.0166196834568941,0.4155967519093268,train,4
S15594,17,20,2025-10-26,17,21,0.0034043467538215,0.0016735020977702,0.4648909413988802,train,4
S15595,17,24,2025-10-26,33,27,0.0033435732120634,0.0016970566140818,0.4419236984957933,train,4
S15597,17,19,2025-10-26,49,15,0.0032629946979912,0.0032834213647009,0.4214759080377017,train,4
S15598,17,18,2025-10-26,48,14,0.0025146723854793,0.0114704912627761,0.4010170490161905,train,4
S15602,17,24,2025-10-26,32,15,0.0036156002169076,0.0033171480535949,0.4708776194994288,train,4
S15603,17,24,2025-10-26,50,23,0.0035613780803276,0.0,0.4600817596862807,train,4
S15605,17,24,2025-10-26,42,20,0.0033753678392006,0.0115249812830858,0.4444367881845199,train,4
S15783,17,3,2025-10-26,52,22,0.0033526294263019,0.0018404340017404,0.4127132692011999,train,4
S15784,17,3,2025-10-26,26,23,0.0033828305740858,0.001889769767486,0.4632673626982733,train,4
S15785,17,3,2025-10-26,55,20,0.0034226758025534,0.0,0.4661770828206816,train,4
S15790,17,3,2025-10-26,34,21,0.0034244986131878,0.0,0.4504373219989399,train,4
S15792,17,15,2025-10-26,36,17,0.0035630155662689,0.0,0.4906228233197998,train,4
S16094,17,25,2025-10-26,55,23,0.0010996368863469,0.0,0.2941325534994543,train,4
S16096,17,25,2025-10-26,21,27,0.0021717496237087,0.0074039313832837,0.3296594426972457,train,4
S16370,17,3,2025-10-26,28,31,0.0024767846529214,0.0,0.4262274227384077,train,4
S16428,17,14,2025-10-26,31,22,0.0031843323399153,0.0,0.4176901852883015,train,4
S16429,17,13,2025-10-26,46,12,0.0032359583819555,0.0,0.4442098173075142,train,4
S16432,17,1,2025-10-26,35,26,0.003436952084821,0.0,0.4072023776150186,train,4
S16457,17,25,2025-10-26,52,22,0.001200608121116,0.0,0.3903996102900894,train,4
S16580,17,25,2025-10-26,38,28,0.001722324618334,0.0,0.3017912159369051,train,4
S16582,17,25,2025-10-26,31,29,0.0015466758714629,0.0,0.2757009903795253,train,4
S16715,17,6,2025-10-26,61,26,0.0032506641931786,0.0,0.4357858945851662,train,4
S16716,17,6,2025-10-26,59,20,0.0032485559365231,0.0,0.4689344310299845,train,4
S16718,17,2,2025-10-26,46,23,0.0032033627803222,0.0,0.4326378348945456,train,4
S16719,17,5,2025-10-26,24,26,0.0032211262476425,0.0025388749259281,0.4591084111548946,train,4
S16720,17,5,2025-10-26,14,19,0.0033619430379869,0.0025643010086938,0.4294594636752134,train,4
S16721,17,14,2025-10-26,25,28,0.0033424852834234,0.0,0.467502932825053,train,4
S16724,17,8,2025-10-26,20,24,0.0029365568949605,0.0,0.4741358156117949,train,4
S16728,17,18,2025-10-26,41,21,0.0025914501759796,0.0,0.3169970678081722,train,4
S16730,17,19,2025-10-26,50,20,0.0031844405049827,0.0,0.413441558218754,train,4
S16731,17,17,2025-10-26,36,14,0.0034031164187332,0.0,0.4367274269950469,train,4
S16732,17,19,2025-10-26,51,19,0.0033746236727662,0.0,0.4347478821777266,train,4
S16734,17,18,2025-10-26,44,19,0.0025517618397803,0.0,0.33175414807426,train,4
S16739,17,24,2025-10-26,25,24,0.003616267092162,0.0,0.471615953020229,train,4
S16740,17,24,2025-10-26,64,24,0.0031709237252656,0.0025545738179313,0.4963710224566888,train,4
S16821,17,7,2025-10-26,53,28,0.003249960104317,0.0,0.5033472695885978,train,4
S16948,17,3,2025-10-26,59,25,0.0033648225526921,0.0,0.3700383895122088,train,4
S16949,17,9,2025-10-26,35,17,0.0033180070720525,0.0,0.4459275469389309,train,4
S16950,17,9,2025-10-26,51,18,0.0033707434625026,0.0,0.4989935158277306,train,4
S16953,17,9,2025-10-26,60,22,0.0034360860024087,0.0,0.4732149169898793,train,4
S17131,17,6,2025-10-26,53,27,0.0032469005933539,0.0,0.4391135169940419,train,4
S17132,17,19,2025-10-26,24,25,0.0032229997840216,0.0,0.4489422100902572,train,4
S17133,17,7,2025-10-26,33,13,0.003395418111532,0.0,0.4894627333170878,train,4
S17135,17,2,2025-10-26,50,15,0.0027791505084218,0.0,0.4318731944359177,train,4
S17136,17,2,2025-10-26,20,22,0.0028713102470685,0.0,0.4666554190718532,train,4
S17139,17,20,2025-10-26,24,15,0.0034834763732887,0.0,0.486450098955027,train,4
S17140,17,20,2025-10-26,31,16,0.0030559240103823,0.0,0.4429108175573771,train,4
S17142,17,20,2025-10-26,39,26,0.0033999485003634,0.0,0.3961648737382628,train,4
S17144,17,24,2025-10-26,48,17,0.0034404567543768,0.0,0.4238923146838445,train,4
S17648,17,15,2025-10-26,47,22,0.0033761274767292,0.0017631428642379,0.511283414750039,train,4
S17649,17,9,2025-10-26,34,23,0.0033091477295691,0.0050541105070584,0.4164083609326305,train,4
S17650,17,9,2025-10-26,25,26,0.0032064960730383,0.0259367720067312,0.4321248863520555,train,4
S17652,17,3,2025-10-26,49,19,0.0033521427303114,0.0335343876299507,0.3947661822263524,train,4
S17654,17,15,2025-10-26,25,22,0.0034355552586182,0.0312734327888623,0.5003547737402854,train,4
S17830,17,19,2025-10-26,27,19,0.0032288359445587,0.0880512175927134,0.4770935788761581,train,4
S17834,17,13,2025-10-26,21,19,0.003314381760178,0.0303655165039942,0.4579232609627149,train,4
S17835,17,17,2025-10-26,50,13,0.0032023276680751,0.0221891698482411,0.4113805781860825,train,4
S17837,17,17,2025-10-26,19,20,0.003079261331514,0.0128499247719541,0.4588640426627388,train,4
S17838,17,13,2025-10-26,19,20,0.0032970758627662,0.0227089351307014,0.4688736033397505,train,4
S17839,17,6,2025-10-26,52,22,0.0030553791719588,0.0308300885631394,0.5070867464308603,train,4
S17840,17,5,2025-10-26,53,28,0.0027187648570736,0.0289422397527777,0.4610865863866705,train,4
S17844,17,1,2025-10-26,30,21,0.0035742761093899,0.0240977583508793,0.4839057703457962,train,4
S17845,17,6,2025-10-26,23,19,0.0031171816551049,0.0235879793533027,0.4306711165650522,train,4
S17849,17,1,2025-10-26,55,28,0.0033941401736183,0.0721272713435947,0.4064966858325641,train,4
S17850,17,18,2025-10-26,37,26,0.0032325980106234,0.0238397449615892,0.4682703641916522,train,4
S17852,17,19,2025-10-26,38,30,0.0030629304927356,0.0107240984133225,0.4464449414560789,train,4
S17853,17,18,2025-10-26,44,29,0.0033092624430399,0.0137556392585491,0.4324796091412129,train,4
S17854,17,19,2025-10-26,45,14,0.0031000120819336,0.0153677372753898,0.4435582863938115,train,4
S17855,17,20,2025-10-26,20,23,0.0034359516709383,0.0270136100763845,0.4447796020456174,train,4
S18042,17,13,2025-10-26,30,26,0.0031738534332746,0.0,0.4180140202572586,train,4
S18043,17,5,2025-10-26,37,15,0.0033015471374572,0.0,0.4469333732016123,train,4
S18045,17,1,2025-10-26,46,14,0.0035110956686492,0.0,0.4910749312021139,train,4
S18048,17,19,2025-10-26,62,24,0.0027807883459544,0.0,0.4150412696598315,train,4
S18049,17,20,2025-10-26,37,17,0.0033422887524007,0.0,0.4566849448202993,train,4
S18050,17,20,2025-10-26,44,20,0.003349745686492,0.0,0.5262134605210059,train,4
S18244,17,15,2025-10-26,51,25,0.0033897146729544,0.0,0.4693406366002239,train,4
S18249,17,3,2025-10-26,31,20,0.0032758847322892,0.0,0.4195525057757575,train,4
S18252,17,15,2025-10-26,54,17,0.0034557402625211,0.0,0.4662304678458461,train,4
S18253,17,15,2025-10-26,34,15,0.0033474044972928,0.0,0.4743596515111143,train,4
S18359,17,14,2025-10-26,21,24,0.0032160146907318,0.0,0.4808024331438087,train,4
S18360,17,5,2025-10-26,39,19,0.0032101076133414,0.0,0.426587020674714,train,4
S18361,17,14,2025-10-26,47,15,0.0033166376639405,0.0,0.4135938795231011,train,4
S18363,17,18,2025-10-26,44,20,0.0031320716876382,0.0,0.3740933273741957,train,4
S19082,17,9,2025-10-26,63,18,0.0032176752455501,0.00832584719055,0.4492297475421507,train,4
S19083,17,9,2025-10-26,46,16,0.003415727725175,0.0,0.487363302640057,train,4
S19084,17,3,2025-10-26,46,16,0.0033902952761486,0.0,0.4357363962236849,train,4
S19090,17,3,2025-10-26,44,25,0.0033664443653394,0.0103269293903994,0.4459313473128335,train,4
S19244,17,8,2025-10-26,59,27,0.0031441185484736,0.0,0.4528380133896301,train,4
S19247,17,17,2025-10-26,57,19,0.0031072246186696,0.0,0.4285806959633098,train,4
S19248,17,2,2025-10-26,51,14,0.0028397763161036,0.0034202150537634,0.4299460065300417,train,4
S19251,17,1,2025-10-26,44,15,0.003401009034816,0.0,0.4591784026683412,train,4
S19255,17,14,2025-10-26,58,15,0.0033619032536681,0.0017130606223545,0.4458553717327798,train,4
S19256,17,17,2025-10-26,45,30,0.0028445781044289,0.0,0.4103473518124993,train,4
S19259,17,18,2025-10-26,29,27,0.0035996946292656,0.0035111516153416,0.4387426345748426,train,4
S19262,17,13,2025-10-26,62,24,0.00312639466478,0.0069467740131946,0.3816527345830132,train,4
S19264,17,13,2025-10-26,43,14,0.0031655957042514,0.0,0.4409376532275402,train,4
S19266,17,14,2025-10-26,42,26,0.0030360240565925,0.0,0.3795539209649778,train,4
S19269,17,20,2025-10-26,36,15,0.0034348748416336,0.0051970051865484,0.4274602366221681,train,4
S19270,17,17,2025-10-26,55,20,0.0032514443769206,0.0034866182609,0.3968959945963144,train,4
S19272,17,18,2025-10-26,24,18,0.0015739898135699,0.005091430620294,0.4001559439415624,train,4
S19279,17,20,2025-10-26,28,18,0.0034376432131259,0.0222771594466741,0.3635201601561973,train,4
S19281,17,24,2025-10-26,31,15,0.0034438657873157,0.0085123145959647,0.4136887048881938,train,4
S19282,17,18,2025-10-26,60,20,0.0033260899578611,0.0,0.3398482431439407,train,4
S19283,17,18,2025-10-26,48,28,0.0032675905313705,0.0140469881646352,0.4524761924423858,train,4
S19284,17,18,2025-10-26,40,28,0.003463853488865,0.0067891305609911,0.4489920216483078,train,4
S19620,17,25,2025-10-26,26,22,0.001655302861201,0.0,0.2582740298932407,train,4
S19626,17,2,2025-10-26,44,31,0.0031280064341139,0.0,0.3880785424600768,train,4
S20091,17,1,2025-10-26,45,24,0.0035000096995615,0.0039333000941776,0.3956613092886475,train,4
S20094,17,5,2025-10-26,63,20,0.0033332085535991,0.0116021196629082,0.418964174313174,train,4
S20096,17,2,2025-10-26,21,22,0.0025839848823486,0.0019481715802141,0.4711593469735557,train,4
S20097,17,2,2025-10-26,32,19,0.0032938187832796,0.0018996945963817,0.434116366460977,train,4
S20102,17,17,2025-10-26,51,27,0.0029685025304206,0.0019021156731269,0.3772261728376487,train,4
S20103,17,17,2025-10-26,45,16,0.0032522137110676,0.0019523730957487,0.4452918615204407,train,4
S20107,17,13,2025-10-26,59,19,0.0032895355332753,0.0019226454363283,0.51387948862759,train,4
S20108,17,13,2025-10-26,47,27,0.0032363443822129,0.0058089928351858,0.4780996319823762,train,4
S20114,17,18,2025-10-26,32,24,0.0027549356782874,0.0038586806728234,0.3633154182563397,train,4
S20115,17,20,2025-10-26,52,14,0.0035893237323078,0.0,0.4532885606070994,train,4
S20119,17,24,2025-10-26,48,13,0.0034630809597916,0.0,0.4524139860432837,train,4
S20121,17,19,2025-10-26,49,25,0.0029910312806147,0.0019498454247289,0.4614959466283022,train,4
S20122,17,18,2025-10-26,18,26,0.0035455929349892,0.0,0.3822688285531159,train,4
S20412,17,15,2025-10-26,60,20,0.0034066480712553,0.0058578096270802,0.4230876091863425,train,4
S20413,17,15,2025-10-26,28,13,0.0034458189932621,0.0,0.4627875574640113,train,4
S20542,17,3,2025-10-26,25,29,0.0033138338126854,0.0,0.4167044795700007,train,4
S20543,17,9,2025-10-26,48,28,0.0031443322294537,0.0,0.4565877131114839,train,4
S20544,17,3,2025-10-26,54,21,0.0034581693277835,0.0,0.4147439852888728,train,4
S20609,17,20,2025-10-26,53,13,0.0032152016752433,0.0,0.4596846632919904,train,4
S20865,17,25,2025-10-26,22,21,0.0018923279065545,0.0,0.2432143624487425,train,4
S20866,17,25,2025-10-26,45,27,0.0012026420366151,0.0,0.2737987403836003,train,4
S21168,17,3,2025-10-26,57,19,0.0033504490053533,0.0,0.4510806767473642,train,4
S21276,17,2,2025-10-26,46,11,0.0019641979645414,0.0,0.3771300088271194,train,4
S21477,17,14,2025-10-26,39,23,0.0033213067271151,0.0,0.4062049549130924,train,4
S21478,17,8,2025-10-26,30,14,0.0031724657066334,0.0,0.4924269671730559,train,4
S21480,17,8,2025-10-26,39,24,0.0023977249253282,0.0,0.4657413791694225,train,4
S21481,17,2,2025-10-26,48,20,0.0032416287285825,0.0,0.413530805562454,train,4
S21486,17,19,2025-10-26,28,26,0.0030966018848454,0.0,0.5097026212069998,train,4
S21487,17,20,2025-10-26,46,18,0.0033752137810345,0.0,0.5192631473548719,train,4
S21491,17,20,2025-10-26,27,20,0.0033706036082316,0.0,0.4225722100954902,train,4
S21742,17,25,2025-10-26,27,22,0.0013737095782746,0.0,0.2607867503004692,train,4
S21771,17,9,2025-10-26,14,21,0.0030360600172204,0.0,0.4915238743687218,train,4
S21772,17,3,2025-10-26,55,27,0.0033024067192664,0.0,0.4059897674989745,train,4
S22139,17,25,2025-10-26,56,26,0.0012616414231225,0.0,0.2530200886453378,train,4
S22141,17,25,2025-10-26,33,20,0.0013424071128808,0.0,0.2824130934116604,train,4
S22147,17,7,2025-10-26,33,28,0.0034265938257721,0.0,0.4538260565545113,train,4
S22149,17,14,2025-10-26,46,24,0.0031789929012944,0.0,0.3609277197346279,train,4
S22151,17,5,2025-10-26,48,16,0.0032031663824377,0.0,0.4620849004469565,train,4
S22152,17,17,2025-10-26,29,30,0.0033163569943334,0.0,0.3842413460377807,train,4
S22153,17,14,2025-10-26,16,19,0.0032786492106595,0.0,0.4873832891952885,train,4
S22154,17,6,2025-10-26,54,27,0.0030675438632364,0.0,0.4341768980408196,train,4
S22158,17,17,2025-10-26,49,26,0.0028511804903049,0.0045159238562536,0.4030115187264447,train,4
S22161,17,20,2025-10-26,28,14,0.0033436737150557,0.0,0.4615341790105294,train,4
S22162,17,17,2025-10-26,52,25,0.0033257800991345,0.0,0.421284361711209,train,4
S22163,17,14,2025-10-26,51,28,0.0030392340042124,0.0,0.4131714327551568,train,4
S22165,17,19,2025-10-26,23,17,0.0033930953574608,0.0,0.4719496157827522,train,4
S22166,17,20,2025-10-26,60,20,0.0035120733532169,0.0,0.4027107960106682,train,4
S22339,17,25,2025-10-26,36,16,0.0011550552101791,0.0,0.2270746961538989,train,4
S22341,17,25,2025-10-26,36,22,0.0015911273875881,0.0,0.3424733534492724,train,4
S22465,17,15,2025-10-26,49,12,0.0028857527207295,0.0,0.432557709884614,train,4
S22777,17,9,2025-10-26,38,31,0.0031179387429189,0.0015634093018134,0.4520309524440799,train,4
S22778,17,15,2025-10-26,32,30,0.0034045602056524,0.0,0.4418490812130362,train,4
S22782,17,15,2025-10-26,17,22,0.0036726564721249,0.0080579524045773,0.4234921577663366,train,4
S22816,17,17,2025-10-26,52,14,0.0032804440023775,0.0130170734502119,0.4412958127080653,train,4
S22819,17,6,2025-10-26,36,24,0.0032320396699842,0.0097195603707904,0.4768659074198312,train,4
S22823,17,2,2025-10-26,51,16,0.003309626121614,0.0063427645264622,0.4415942265116139,train,4
S22829,17,13,2025-10-26,45,18,0.0031449674963119,0.0,0.4337627044521828,train,4
S22832,17,20,2025-10-26,15,22,0.0037165687820818,0.0048647749185125,0.4542830258835033,train,4
S22834,17,20,2025-10-26,28,20,0.0034067479487722,0.0047362653070948,0.3878797868157466,train,4
S22842,17,19,2025-10-26,27,29,0.0031820094442669,0.0,0.4281591412187988,train,4
S22843,17,20,2025-10-26,37,31,0.0033333743271054,0.0016155981614037,0.4925195667860889,train,4
S22852,17,24,2025-10-26,41,22,0.0032717354952058,0.0031570288356788,0.3819992883236958,train,4
S23011,17,2,2025-10-26,29,25,0.0032143140811732,0.0,0.4358694479645375,train,4
S23014,17,17,2025-10-26,47,29,0.0030936014866846,0.0,0.3402831630026998,train,4
S23015,17,2,2025-10-26,26,22,0.0033241584122769,0.0,0.4576563415855024,train,4
S23017,17,5,2025-10-26,59,21,0.0032747118144058,0.0,0.473386106697282,train,4
S23018,17,5,2025-10-26,40,16,0.0034199187495676,0.0,0.4665675851182736,train,4
S23022,17,13,2025-10-26,17,18,0.003153107296151,0.0,0.4978227977189552,train,4
S23028,17,20,2025-10-26,35,26,0.0034716072089676,0.0,0.3314520368041501,train,4
S23029,17,19,2025-10-26,32,31,0.0032602943789213,0.0,0.4603010321879597,train,4
S23030,17,19,2025-10-26,20,26,0.003482269588946,0.0,0.4460513530355256,train,4
S23031,17,19,2025-10-26,40,16,0.0032111195261699,0.0,0.5334008844473463,train,4
S23307,17,25,2025-10-26,35,21,0.0011772104451651,0.0,0.2436226244813219,train,4
S23352,17,15,2025-10-26,33,18,0.0035140414263374,0.0,0.4574738818604013,train,4
S23579,17,6,2025-10-26,55,28,0.0032633788569133,0.0,0.4354185116151499,train,4
S23580,17,1,2025-10-26,17,22,0.0036761155812125,0.0,0.4529965627853919,train,4
S23583,17,8,2025-10-26,51,26,0.0030462452302224,0.0,0.4568979358390341,train,4
S23586,17,19,2025-10-26,21,24,0.0032640795652505,0.0127054733236188,0.4846241013115098,train,4
S23731,17,25,2025-10-26,46,28,0.0012135610219314,0.0,0.3168782825738438,train,4
S23836,17,25,2025-10-26,23,15,0.0016562941655649,0.0,0.2538095583962299,train,4
S24017,17,2,2025-10-26,32,18,0.0029054353096759,0.0,0.4100572631298821,train,4
S24018,17,13,2025-10-26,46,18,0.0031367866161823,0.0,0.4212507428104239,train,4
S24020,17,1,2025-10-26,24,16,0.0033728813185312,0.0,0.4414941483405625,train,4
S24024,17,19,2025-10-26,54,14,0.0032026485583537,0.0,0.4429731470717573,train,4
S24025,17,19,2025-10-26,22,17,0.0034890574777895,0.0,0.4365842435582015,train,4
S24027,17,17,2025-10-26,41,13,0.0034233378342762,0.0,0.4495273094433258,train,4
S24029,17,19,2025-10-26,27,27,0.0034106402173288,0.0,0.4841696431673628,train,4
S24030,17,6,2025-10-26,25,16,0.0033677310928133,0.0,0.4653355884220185,train,4
S24101,17,17,2025-10-26,25,17,0.0035250118719008,0.0,0.3699911287970361,train,4
S24103,17,5,2025-10-26,22,25,0.0033298597782613,0.0,0.471308169323583,train,4
S24292,17,18,2025-10-26,23,15,0.0033026334661139,0.0,0.4527846495557865,train,4
S24294,17,8,2025-10-26,17,20,0.0031624800070198,0.0,0.4993740930258463,train,4
S24295,17,13,2025-10-26,53,20,0.0031911342915041,0.0,0.4136034542107929,train,4
S24299,17,18,2025-10-26,28,27,0.00292524911919,0.0,0.4283763306186607,train,4
S24300,17,6,2025-10-26,37,23,0.0030648699490487,0.0,0.4591892834468473,train,4
S24301,17,6,2025-10-26,29,15,0.0022245599265982,0.0,0.4811481442586194,train,4
S24303,17,18,2025-10-26,32,17,0.0028644805254278,0.0,0.3970033748540476,train,4
S24305,17,7,2025-10-26,37,25,0.0032712631551094,0.0,0.4850349620832462,train,4
S24308,17,6,2025-10-26,31,19,0.0032583387478849,0.0,0.4583620844957086,train,4
S24309,17,7,2025-10-26,45,25,0.0030441904447852,0.0,0.5158748331365536,train,4
S24310,17,19,2025-10-26,41,18,0.0032280829777415,0.0027895646707527,0.4445473136711357,train,4
S24417,17,15,2025-10-26,39,22,0.0033619382360331,0.0028331680176944,0.3645855609478394,train,4
S24457,17,25,2025-10-26,30,26,0.0017897025527985,0.0,0.3270997635589803,train,4
S24739,17,25,2025-10-26,34,20,0.0012507842209372,0.0021020220860348,0.2356789315946714,train,4
S24803,17,9,2025-10-26,39,19,0.0032969977466381,0.002078993382359,0.444452566564427,train,4
S24844,17,20,2025-10-26,40,12,0.0031776817049007,0.0,0.4442355153451536,train,4
S24845,17,19,2025-10-26,41,15,0.003255608366675,0.0,0.5022045027196507,train,4
S24846,17,19,2025-10-26,40,13,0.0031745587201795,0.0020682222028022,0.4403965484951168,train,4
S24848,17,14,2025-10-26,32,18,0.0031068477726828,0.0020795675169043,0.4058268022780615,train,4
S24849,17,14,2025-10-26,26,21,0.0033222523207635,0.0,0.4483784369726001,train,4
S24850,17,24,2025-10-26,50,27,0.0034187486510208,0.0163603221041283,0.4867792562671632,train,4
S24852,17,6,2025-10-26,21,26,0.0032594288425905,0.0,0.5178335504081718,train,4
S24855,17,2,2025-10-26,35,16,0.0033394930564662,0.0,0.4102778249925998,train,4
S24857,17,8,2025-10-26,45,28,0.0020076891501574,0.0020570000082776,0.4534038304416972,train,4
S24861,17,7,2025-10-26,46,18,0.0032183398353127,0.0083527656981996,0.4549258787788559,train,4
S24864,17,24,2025-10-26,60,23,0.0033395463932532,0.0,0.4297703256570878,train,4
S24865,17,18,2025-10-26,48,16,0.0033595594244007,0.0,0.4081888254970917,train,4
S24866,17,20,2025-10-26,27,26,0.003273964293218,0.0063067864575402,0.4299239631494542,train,4
S24885,17,6,2025-10-26,16,26,0.0030934637525234,0.0042023912197926,0.4821558421727809,train,4
S24886,17,5,2025-10-26,25,13,0.0032701702226297,0.0,0.405040306308876,train,4
S24887,17,18,2025-10-26,50,31,0.0033035640668827,0.0,0.3518420091718371,train,4
S25032,17,25,2025-10-26,42,12,0.0016130779720732,0.0,0.2801016500512239,train,4
S25034,17,25,2025-10-26,50,25,0.0010854364407022,0.0,0.2667602621691604,train,4
S25233,17,3,2025-10-26,47,17,0.0032648074724951,0.0,0.4735225798111666,train,4
S25535,17,1,2025-10-26,60,17,0.0034725347490947,0.0,0.4352338486278782,train,4
S25536,17,2,2025-10-26,24,18,0.0031721917333017,0.0,0.4042467897144481,train,4
S25539,17,14,2025-10-26,21,18,0.0035437402022842,0.0,0.4870315553734092,train,4
S25540,17,17,2025-10-26,31,19,0.003195016865742,0.0,0.3887265466469189,train,4
S25541,17,5,2025-10-26,39,27,0.0032675384903791,0.0,0.4317751145601989,train,4
S25544,17,1,2025-10-26,52,17,0.0035623434749481,0.0,0.4659777528079563,train,4
S25546,17,8,2025-10-26,43,27,0.0027543102525794,0.0,0.4920221676976444,train,4
S25548,17,24,2025-10-26,46,16,0.0033636605894771,0.0,0.4246545037662187,train,4
S25549,17,18,2025-10-26,57,15,0.0012628760146653,0.0,0.447644629884568,train,4
S25550,17,18,2025-10-26,62,17,0.003258750103967,0.0,0.4686523018353923,train,4
S25554,17,3,2025-10-26,42,14,0.0033900674782361,0.0,0.4419386014033987,train,4
S25555,17,15,2025-10-26,32,13,0.0034315271104711,0.0,0.4672257875007248,train,4
S25556,17,3,2025-10-26,55,17,0.0032810938641641,0.0,0.4420340118256051,train,4
S25728,17,19,2025-10-26,19,22,0.0032121812763428,0.0,0.4580692944086843,train,4
S25806,17,3,2025-10-26,22,26,0.0032533005409294,0.0,0.4035491220767622,train,4
S25987,17,25,2025-10-26,46,26,0.0009747713216449,0.0,0.3052704199546881,train,4
S26010,17,18,2025-10-26,39,16,0.0025327828547104,0.0,0.427156689569909,train,4
S26013,17,24,2025-10-26,44,25,0.0034994145824515,0.0,0.4948745586493099,train,4
S26149,17,3,2025-10-26,19,21,0.0034327389610507,0.0,0.4657835056777625,train,4
S26364,17,2,2025-10-26,21,16,0.0031156216031469,0.0,0.4029480415647417,train,4
S26597,17,11,2025-10-26,46,31,0.0032138300805574,0.0,0.4044239364874563,train,4
S26823,17,25,2025-10-26,51,14,0.0011569495839408,0.0229758368065946,0.2398065189376347,train,4
S27019,17,17,2025-10-26,24,27,0.0032389408399475,0.0050236653046165,0.4014239245357358,train,4
S27020,17,14,2025-10-26,37,19,0.003085183750331,0.0025086946206924,0.4445820712092286,train,4
S27021,17,18,2025-10-26,50,24,0.0034396100437557,0.0073695136417556,0.4194131139355432,train,4
S27022,17,13,2025-10-26,28,20,0.0034646273874787,0.0075801482475673,0.4623892079003321,train,4
S27025,17,14,2025-10-26,34,31,0.0032426728324839,0.0108144569924059,0.4390501698106702,train,4
S27026,17,13,2025-10-26,59,16,0.003192558482938,0.0084399547798916,0.4113153555783866,train,4
S27027,17,17,2025-10-26,49,28,0.0027906937761017,0.0207984087949526,0.4009596815164419,train,4
S27028,17,14,2025-10-26,24,16,0.0032012212728061,0.0151927368324519,0.4601692538962137,train,4
S27029,17,1,2025-10-26,45,27,0.0033000716318446,0.0170751399410542,0.4333160702238817,train,4
S27033,17,6,2025-10-26,29,25,0.0032025841051316,0.0149062361753657,0.4686060044385565,train,4
S27041,17,20,2025-10-26,31,15,0.0031189532834166,0.0050699800057126,0.4686232306206432,train,4
S27045,17,19,2025-10-26,57,28,0.0027572507451363,0.0050671886788605,0.4293123936413365,train,4
S27073,17,15,2025-10-26,49,21,0.0032869204914689,0.0121338186860807,0.4847282504130282,train,4
S27076,17,3,2025-10-26,63,20,0.003410177162984,0.0060810728138114,0.445268418121809,train,4
S27080,17,15,2025-10-26,44,17,0.0034967419691112,0.0011996833029188,0.4587428903564434,train,4
S27270,17,3,2025-10-26,32,14,0.0031009893336161,0.0,0.4415221421805271,train,4
S27380,17,9,2025-10-26,35,23,0.0032095797508379,0.0,0.4064872376226158,train,4
S27516,17,20,2025-10-26,25,21,0.0033967799274231,0.0,0.4078315934384107,train,4
S27518,17,13,2025-10-26,31,23,0.0030839649072591,0.0,0.4228952109829438,train,4
S27520,17,14,2025-10-26,57,17,0.003216229670231,0.0,0.4487322001822568,train,4
S27522,17,6,2025-10-26,47,25,0.003126091118087,0.0,0.3918742355687986,train,4
S27523,17,6,2025-10-26,21,15,0.0031144339986663,0.0,0.4819409023009357,train,4
S27525,17,13,2025-10-26,56,26,0.0031880450004477,0.0,0.4727985108206576,train,4
S27756,17,15,2025-10-26,58,25,0.0034465316563603,0.0166024805890802,0.4781988794059855,train,4
S27759,17,15,2025-10-26,14,21,0.0034932833479242,0.0,0.4456178579419814,train,4
S28086,17,7,2025-10-26,34,23,0.0034109139933954,0.0,0.4910550711522547,train,4
S28087,17,19,2025-10-26,17,24,0.0031582729354568,0.0023630882758489,0.4901067674754185,train,4
S28088,17,8,2025-10-26,31,30,0.0022400743567046,0.0,0.5137022291971232,train,4
S28089,17,2,2025-10-26,38,28,0.0031602463729035,0.0,0.4458717494320778,train,4
S28094,17,2,2025-10-26,58,15,0.0029201622819404,0.0093763854694324,0.4341391434317967,train,4
S28095,17,8,2025-10-26,44,13,0.003079883064323,0.0023546244445076,0.4730060602147814,train,4
S28097,17,24,2025-10-26,52,21,0.0034182459033037,0.0023423397947978,0.3192053493630074,train,4
S28100,17,19,2025-10-26,39,17,0.0031519814346639,0.0046812378436165,0.4365881570931191,train,4
S28101,17,20,2025-10-26,37,22,0.0031609715227148,0.0023264196074576,0.4684921698204683,train,4
S28102,17,24,2025-10-26,49,22,0.0033208016119505,0.0,0.4591686323577479,train,4
S28103,17,20,2025-10-26,23,22,0.003407392253726,0.0,0.3966615098986104,train,4
S28104,17,24,2025-10-26,56,17,0.0034740653737405,0.0,0.4159460320063108,train,4
S28165,17,25,2025-10-26,45,30,0.0010209266720211,0.0,0.3337145263199323,train,4
S28318,17,15,2025-10-26,41,21,0.003235723748814,0.0,0.4612296273410994,train,4
S28394,17,18,2025-10-26,32,18,0.0028264555301528,0.0,0.412467593222469,train,4
S28396,17,8,2025-10-26,52,13,0.0029972119106006,0.0,0.5132088090333998,train,4
S28398,17,13,2025-10-26,47,25,0.0033029893827786,0.0,0.4662748902660316,train,4
S28408,17,25,2025-10-26,57,14,0.0015767391076101,0.0,0.3532834082510361,train,4
S28579,17,15,2025-10-26,17,18,0.003603943100818,0.0,0.4761956458920342,train,4
S28580,17,3,2025-10-26,38,28,0.0032794893920554,0.0,0.4411596625409684,train,4
S28733,17,6,2025-10-26,37,32,0.0029821753116241,0.0012378703648355,0.4402943468402998,train,4
S28811,17,20,2025-10-26,29,18,0.0033107008254001,0.0,0.4554863041826442,train,4
S28902,17,9,2025-10-26,62,17,0.0032451588165181,0.0,0.5006304473763087,train,4
S29088,17,19,2025-10-26,48,13,0.0033460398280612,0.0079638684393656,0.4860556575002885,train,4
S29090,17,13,2025-10-26,36,13,0.0030824805879544,0.0083577170147647,0.4526049722492059,train,4
S29091,17,19,2025-10-26,49,18,0.0028650162557044,0.0113419824507354,0.4049745082477369,train,4
S29092,17,19,2025-10-26,50,28,0.0030727101809085,0.0,0.4673933292167544,train,4
S29093,17,2,2025-10-26,46,28,0.0032453096989999,0.0126161053226718,0.3931249574224452,train,4
S29094,17,14,2025-10-26,22,26,0.0032495290936421,0.0125559528813006,0.4521315988568291,train,4
S29095,17,18,2025-10-26,56,28,0.0030119797955003,0.0067104126161157,0.4161482975015895,train,4
S29096,17,18,2025-10-26,51,27,0.0031006329005173,0.0,0.4425418466199634,train,4
S29100,17,1,2025-10-26,61,22,0.0035079192171797,0.0105604623655152,0.4844322564800949,train,4
S29101,17,13,2025-10-26,59,22,0.0032339284942973,0.0046154417637116,0.4100190635914402,train,4
S29104,17,6,2025-10-26,38,24,0.0033121980730208,0.0023702219996661,0.4551242715510957,train,4
S29105,17,7,2025-10-26,35,22,0.0031154041449752,0.0067798922310892,0.4922223331961836,train,4
S29106,17,24,2025-10-26,49,19,0.0034882699042778,0.0,0.4124972578088294,train,4
S29107,17,1,2025-10-26,43,19,0.0033246386448022,0.005960905098073,0.4171143816323295,train,4
S29108,17,20,2025-10-26,58,28,0.0034320681507588,0.0163071500220303,0.4720732471035287,train,4
S29109,17,20,2025-10-26,43,20,0.0032251578033919,0.0083127247529957,0.4773254042389727,train,4
S29110,17,20,2025-10-26,44,22,0.0032324459692734,0.0069168035182453,0.409038459950457,train,4
S29501,17,25,2025-10-26,63,18,0.0015139106561002,0.0,0.278617742731589,train,4
S29502,17,25,2025-10-26,39,13,0.0017395396335179,0.0,0.2054526978700495,train,4
S29641,17,9,2025-10-26,50,18,0.0032146190220618,0.0,0.4389524590993621,train,4
S29720,17,1,2025-10-26,49,21,0.0035445520138848,0.0,0.4738619562192372,train,4
S29721,17,7,2025-10-26,64,20,0.0029980280677993,0.0,0.5010070823288107,train,4
S29722,17,1,2025-10-26,38,28,0.0034753203639287,0.0,0.4741803436540481,train,4
S29723,17,2,2025-10-26,22,17,0.0032119998285976,0.0,0.4148888222623932,train,4
S29726,17,8,2025-10-26,25,19,0.0031061855173523,0.0,0.4131201285274025,train,4
S29728,17,13,2025-10-26,43,15,0.0032579513308944,0.0,0.4509985094009603,train,4
S29729,17,14,2025-10-26,27,14,0.0033191602037762,0.0,0.4604650403248326,train,4
S29735,17,19,2025-10-26,23,20,0.0031072126793921,0.0,0.4330551356361201,train,4
S29738,17,24,2025-10-26,24,22,0.0035629989155479,0.0,0.4796538194355483,train,4
S29947,17,25,2025-10-26,30,14,0.0015409860953602,0.0,0.2168631089291956,train,4
S29965,17,3,2025-10-26,54,17,0.0034392343271936,0.0,0.4593039466014816,train,4
S30075,17,17,2025-10-26,44,20,0.0033368631888634,0.0,0.3566864101426787,train,4
S30076,17,2,2025-10-26,55,18,0.0032777726956121,0.0,0.408221499453982,train,4
S30078,17,24,2025-10-26,35,29,0.0034065810252872,0.0,0.4052094951739853,train,4
S30079,17,24,2025-10-26,33,30,0.0035224517191149,0.0,0.4357661878608883,train,4
S30394,17,25,2025-10-26,56,18,0.001319338366021,0.0,0.2423246564294797,train,4
S30397,17,25,2025-10-26,58,27,0.0012609562974567,0.0049650597655332,0.2710625987667461,train,4
S30859,17,3,2025-10-26,56,27,0.0033083885012122,0.0095369677431734,0.394425144924633,train,4
S30860,17,3,2025-10-26,39,17,0.0033740601349391,0.0090212243816286,0.4935442941500423,train,4
S30864,17,15,2025-10-26,53,17,0.0036128905691825,0.0130514020409556,0.5023359080509424,train,4
S30865,17,3,2025-10-26,19,25,0.0033894356675888,0.0088287750563123,0.3788181257140663,train,4
S30868,17,9,2025-10-26,41,25,0.0032759647533126,0.011280939211085,0.4141710963532238,train,4
S30869,17,9,2025-10-26,45,20,0.0033606967711854,0.0093750107177276,0.4898486610345156,train,4
S30924,17,9,2025-10-26,42,18,0.0032241931676575,0.0,0.4366229002846525,train,4
S31402,17,7,2025-10-26,54,30,0.0031671108611479,0.0,0.4766315933482232,train,4
S31403,17,2,2025-10-26,16,17,0.0017812516936144,0.0,0.4746091022900229,train,4
S31598,17,15,2025-10-26,55,30,0.0033816821943152,0.0081022480885541,0.4402826620272779,train,4
S31692,17,20,2025-10-26,20,20,0.0034903395357512,0.0,0.5093881534741708,train,4
S31693,17,20,2025-10-26,51,23,0.0033486000542159,0.0,0.4311290150135249,train,4
S31694,17,13,2025-10-26,39,28,0.0029851315769026,0.0,0.4165761111596951,train,4
S31695,17,14,2025-10-26,56,17,0.0032141026381421,0.0,0.3860038639097163,train,4
S31698,17,17,2025-10-26,35,14,0.0034038408319838,0.0,0.4658709061472878,train,4
S31699,17,5,2025-10-26,30,13,0.0032542563861559,0.0,0.4512591221338528,train,4
S31709,17,7,2025-10-26,40,20,0.0031444090418336,0.0,0.5100611293109075,train,4
S31710,17,19,2025-10-26,32,24,0.0031054012456363,0.0021826102613423,0.4494681088372145,train,4
S31713,17,19,2025-10-26,62,20,0.0021604372721201,0.0,0.3917967310012273,train,4
S31770,17,20,2025-10-26,49,21,0.0034517181066586,0.0,0.4067207937576707,train,4
S31772,17,20,2025-10-26,36,20,0.0034297649106101,0.0,0.4722151223128881,train,4
S31781,17,3,2025-10-26,17,19,0.0035266704030914,0.0043641855788692,0.4360639155885942,train,4
S31784,17,15,2025-10-26,46,22,0.0032849651350845,0.0022271814727181,0.4934110814877999,train,4
S31785,17,3,2025-10-26,44,26,0.0033685537147172,0.0,0.4743823363370094,train,4
S31788,17,3,2025-10-26,38,17,0.0034049772081219,0.0,0.4733920132910572,train,4
S31789,17,3,2025-10-26,23,26,0.0030565947147646,0.0,0.4731063662370209,train,4
S32141,17,2,2025-10-26,63,17,0.0027656893969256,0.0022212389776043,0.4422968268974198,train,4
S32297,17,7,2025-10-26,22,20,0.0034437767841888,0.0,0.4841744352126358,train,4
S32298,17,8,2025-10-26,37,28,0.0029205670365593,0.0,0.4912911672529561,train,4
S32301,17,6,2025-10-26,22,20,0.0031853174717238,0.0,0.4482886670962946,train,4
S32302,17,5,2025-10-26,21,22,0.0033180297888714,0.0,0.4776782096615374,train,4
S32303,17,2,2025-10-26,49,15,0.0029671885286856,0.0,0.3973853943992863,train,4
S32304,17,14,2025-10-26,42,13,0.0035176995645142,0.0,0.4688371770470141,train,4
S32305,17,17,2025-10-26,49,23,0.0033253152800095,0.0027353983664663,0.4403367040972715,train,4
S32306,17,5,2025-10-26,50,18,0.0033192955885789,0.0054432050292147,0.4448476592101305,train,4
S32307,17,17,2025-10-26,28,28,0.003391595458043,0.0,0.3700039834382896,train,4
S32434,17,18,2025-10-26,17,27,0.0032368326640712,0.0,0.4200202965988257,train,4
S32525,17,25,2025-10-26,13,21,0.0017600316617668,0.0,0.385011234742288,train,4
S32653,17,3,2025-10-26,33,19,0.0034290906516021,0.0,0.3726540687524176,train,4
S33408,17,19,2025-10-26,33,18,0.0032583135183683,0.0036504526340917,0.5013687533286951,train,4
S33412,17,17,2025-10-26,52,18,0.0033029173513949,0.0018001571968256,0.2734767811749679,train,4
S33414,17,5,2025-10-26,57,16,0.0035058915304869,0.0070903014804749,0.4255142540854742,train,4
S33415,17,2,2025-10-26,31,27,0.0033560655410554,0.0035362213660344,0.4294077371624179,train,4
S33416,17,2,2025-10-26,44,30,0.0031013308959546,0.0018320689477215,0.412997958664093,train,4
S33418,17,1,2025-10-26,40,13,0.0034570676690894,0.0,0.4372153933809648,train,4
S33419,17,6,2025-10-26,35,17,0.0033693908115275,0.0054277788698862,0.4963082322352889,train,4
S33420,17,1,2025-10-26,43,12,0.0033604939246673,0.0017939582949816,0.439248687318697,train,4
S33421,17,1,2025-10-26,56,23,0.0035045918948753,0.0,0.4895851141969745,train,4
S33423,17,24,2025-10-26,51,14,0.0034004781426046,0.0035489860039988,0.45873054661634,train,4
S33425,17,20,2025-10-26,19,26,0.0034838133436624,0.0,0.481222682876018,train,4
S33463,17,15,2025-10-26,45,17,0.0033408114892543,0.0073154127798936,0.4879849092408877,train,4
S33469,17,15,2025-10-26,23,24,0.0034096828688793,0.005336167836973,0.4936032617471625,train,4
S33615,17,11,2025-10-26,22,14,0.0031260738002296,0.0,0.3729847346710322,train,4
S33899,17,17,2025-10-26,45,21,0.0032050298816764,0.0,0.4304285470684022,train,4
S33901,17,18,2025-10-26,33,28,0.0034704648190839,0.0,0.4765910927401455,train,4
S33902,17,13,2025-10-26,39,12,0.0029743366143684,0.0,0.4274928236819831,train,4
S33903,17,18,2025-10-26,36,29,0.0034368760803194,0.0,0.4003844971769538,train,4
S33904,17,13,2025-10-26,29,19,0.0033072790557618,0.0,0.4529854949029692,train,4
S33906,17,14,2025-10-26,61,24,0.0033490004527577,0.0,0.4125264637198879,train,4
S33907,17,2,2025-10-26,31,30,0.0033154502618503,0.0,0.4658355461685031,train,4
S33911,17,20,2025-10-26,32,22,0.0030364898844552,0.0,0.4193357784885709,train,4
S33912,17,18,2025-10-26,19,21,0.0027828750310986,0.0,0.4183775611011376,train,4
S33928,17,15,2025-10-26,20,17,0.0034294027803395,0.0079570925392251,0.4730728922460876,train,4
S33938,17,3,2025-10-26,26,28,0.0032804500054958,0.0,0.4367929424001951,train,4
S33940,17,15,2025-10-26,28,17,0.0034363872888755,0.0132913762056731,0.5069860159784704,train,4
S34176,17,5,2025-10-26,58,29,0.0029845286402755,0.0048095998451637,0.3881328833955638,train,4
S34389,17,19,2025-10-26,61,20,0.0029951918151214,0.0,0.3893166981770118,train,4
S34390,17,14,2025-10-26,37,15,0.003184736888807,0.0,0.4202729861190346,train,4
S34391,17,17,2025-10-26,60,25,0.0035103116070058,0.0,0.4300319846957208,train,4
S34392,17,13,2025-10-26,50,20,0.0032119080062451,0.0,0.4742463769836632,train,4
S34393,17,5,2025-10-26,56,27,0.0033171366487208,0.0,0.4575700819442707,train,4
S34397,17,1,2025-10-26,45,31,0.0034364377568547,0.0,0.4319914634491812,train,4
S34398,17,1,2025-10-26,53,24,0.0035997648654408,0.0,0.4643969562890537,train,4
S34402,17,1,2025-10-26,41,27,0.0034429399563057,0.0,0.4450004272457233,train,4
S34404,17,7,2025-10-26,25,24,0.0033973038431211,0.0,0.4744250090750467,train,4
S34405,17,19,2025-10-26,51,22,0.0030989566910423,0.0,0.4248161701478224,train,4
S34406,17,18,2025-10-26,59,22,0.0029467548752468,0.0,0.3926683656581942,train,4
S34409,17,20,2025-10-26,53,17,0.0034871301554008,0.0,0.3890536331148724,train,4
S34410,17,24,2025-10-26,25,27,0.0035396194470226,0.0,0.4445704770328889,train,4
S34427,17,9,2025-10-26,34,21,0.0031199350577236,0.0,0.510814246936792,train,4
S34428,17,9,2025-10-26,54,23,0.0032860666859503,0.0,0.4551039473763123,train,4
S34570,17,1,2025-10-26,22,29,0.0034100106899669,0.0,0.4494462992518304,train,4
S35016,17,7,2025-10-26,35,23,0.0032574375260689,0.0,0.5032085618918964,train,4
S35019,17,6,2025-10-26,51,23,0.0030684947756146,0.0,0.4687109726333033,train,4
S35271,17,7,2025-10-26,35,11,0.0019292226800836,0.0068182921449813,0.3662391138083753,train,4
S35272,17,5,2025-10-26,49,31,0.0029421477762389,0.0,0.4094348601040857,train,4
S35273,17,13,2025-10-26,40,32,0.0031848641499884,0.0178510496920065,0.3868235648164699,train,4
S35724,17,18,2025-10-26,28,29,0.0032846640293544,0.0,0.4829491220135347,train,4
S35727,17,14,2025-10-26,32,13,0.001998134182019,0.0019910901719468,0.4525669856168595,train,4
S35728,17,17,2025-10-26,44,14,0.0032784275334222,0.0040364170910183,0.4302421818095494,train,4
S35729,17,2,2025-10-26,40,22,0.0026809590001754,0.0040343037579093,0.4339264285292389,train,4
S35735,17,5,2025-10-26,59,18,0.0033137654580176,0.0,0.4530869871528922,train,4
S35738,17,6,2025-10-26,40,19,0.003242802687749,0.0020028370166191,0.4696183770794465,train,4
S35739,17,19,2025-10-26,55,27,0.003252734151959,0.0,0.4656032294441423,train,4
S35740,17,19,2025-10-26,50,26,0.0030139232088929,0.0059317785787601,0.4341969626618049,train,4
S35741,17,19,2025-10-26,46,27,0.0032825475292014,0.0,0.4405728198202332,train,4
S35742,17,17,2025-10-26,62,17,0.0035011460735117,0.0019742905265834,0.4400613024469103,train,4
S35744,17,19,2025-10-26,42,18,0.0030415814354847,0.0020179381300981,0.4220523347394088,train,4
S35745,17,20,2025-10-26,62,18,0.0035914404352992,0.0,0.4743235346416077,train,4
S35746,17,19,2025-10-26,35,12,0.0032292058485996,0.0,0.4614764613643023,train,4
S35883,17,2,2025-10-26,38,11,0.0015846153439633,0.0,0.3399288146635819,train,4
S35884,17,24,2025-10-26,17,16,0.0033899027931283,0.0019952627564334,0.4734777615215977,train,4
S36061,17,9,2025-10-26,46,15,0.0032575806733254,0.0080568355440998,0.4067494543883892,train,4
S36062,17,15,2025-10-26,29,14,0.0033545790391468,0.0,0.4279112738019644,train,4
S36063,17,15,2025-10-26,50,25,0.0034048437297996,0.0019730913219711,0.4606714519104353,train,4
S36066,17,15,2025-10-26,46,20,0.0035188150097113,0.0,0.5039357672398864,train,4
S36100,17,2,2025-10-26,35,21,0.00332304127605,0.0,0.3910427680786129,train,4
S36104,17,20,2025-10-26,28,23,0.0034546011510131,0.0,0.4119028009159327,train,4
S36127,17,15,2025-10-26,50,18,0.0034035829012914,0.0,0.5157046626952474,train,4
S36145,17,6,2025-10-26,43,20,0.0032168803904284,0.0,0.5166575999667135,train,4
S36146,17,2,2025-10-26,56,19,0.0031294373650243,0.0,0.4403036867696683,train,4
S36147,17,18,2025-10-26,16,22,0.0035317034830248,0.0,0.4480687191078704,train,4
S36525,17,25,2025-10-26,20,16,0.0017139616977183,0.0,0.3690278639723108,train,4
S36526,17,25,2025-10-26,55,14,0.0016557370890829,0.0,0.2713079696770595,train,4
S36527,17,25,2025-10-26,23,21,0.0014800591455167,0.0,0.2861591198178619,train,4
S36577,17,24,2025-10-26,52,28,0.003424497592505,0.0,0.4693642738796124,train,4
S36578,17,6,2025-10-26,37,28,0.0028857712765491,0.0072187484113669,0.4267441170400794,train,4
S36579,17,2,2025-10-26,28,13,0.0033319362150703,0.0,0.4430575266072075,train,4
S36580,17,19,2025-10-26,56,29,0.0030265310422927,0.0,0.4514843662293717,train,4
S36581,17,1,2025-10-26,51,19,0.0034708459028564,0.0,0.4811561768663139,train,4
S36582,17,2,2025-10-26,24,27,0.003269515669478,0.0,0.4449436474120462,train,4
S36583,17,24,2025-10-26,23,18,0.0035271285922383,0.0,0.4376542984559964,train,4
S36584,17,19,2025-10-26,49,13,0.0032253131491432,0.0,0.4817435891171948,train,4
S36688,17,9,2025-10-26,29,22,0.0032328012527177,0.0,0.4620061535342792,train,4
S36690,17,9,2025-10-26,17,23,0.0032250083481879,0.0,0.4372071834026689,train,4
S36767,17,18,2025-10-26,53,13,0.0031377895072949,0.0,0.4105452351441697,train,4
S36768,17,1,2025-10-26,27,12,0.0030133548267994,0.0,0.400174062876854,train,4
S36822,17,25,2025-10-26,53,21,0.0008983374339978,0.0,0.2233258905364608,train,4
S36823,17,25,2025-10-26,34,31,0.0023192799193154,0.0,0.3287241444690522,train,4
S36975,17,13,2025-10-26,53,13,0.0032556842326988,0.0,0.5142024373052623,train,4
S37059,17,6,2025-10-26,29,26,0.0032465019096335,0.0,0.4925579792784885,train,4
S37060,17,14,2025-10-26,60,27,0.0031887170659468,0.0,0.4575693963502905,train,4
S37061,17,2,2025-10-26,57,20,0.0033815403978533,0.0,0.45985018483098,train,4
S37077,17,7,2025-10-26,30,14,0.0034825965800553,0.0,0.4785251000368634,train,4
S37257,17,13,2025-10-26,23,30,0.0031191922382683,0.0,0.4288744985645613,train,4
S37258,17,20,2025-10-26,50,31,0.0034143721885601,0.0,0.4322737932656473,train,4
S37285,17,25,2025-10-26,57,18,0.0013277126440042,0.0,0.2411599717832232,train,4
S37369,17,6,2025-10-26,31,18,0.0032478222422145,0.0,0.4459146378964831,train,4
S37371,17,1,2025-10-26,32,16,0.0033987955234552,0.0,0.4754364234576207,train,4
S37373,17,2,2025-10-26,25,15,0.0031069479561872,0.0066669349537875,0.4281993377289557,train,4
S37379,17,19,2025-10-26,24,20,0.0033760743544673,0.0,0.458267242668158,train,4
S37382,17,8,2025-10-26,33,30,0.0020865015985911,0.0,0.4504551913247756,train,4
S37383,17,24,2025-10-26,46,12,0.0032656350714292,0.0,0.4855130449389492,train,4
S37832,17,14,2025-10-26,55,24,0.0032322627663897,0.0,0.4343260741529703,train,4
S37833,17,8,2025-10-26,36,25,0.002083793228186,0.0,0.4624895308448254,train,4
S37834,17,19,2025-10-26,33,30,0.0032403588185419,0.0051063917229191,0.4525497276890395,train,4
S37835,17,2,2025-10-26,50,22,0.0032394791265183,0.0,0.4855839171972665,train,4
S37837,17,13,2025-10-26,22,28,0.0033094965277784,0.0,0.4599879878838296,train,4
S37838,17,5,2025-10-26,52,28,0.0032664308966195,0.0,0.4129125161412255,train,4
S37839,17,19,2025-10-26,34,29,0.0031042100791177,0.0,0.4406460999216389,train,4
S37840,17,13,2025-10-26,40,19,0.0031995188605559,0.0,0.4143757896433955,train,4
S37845,17,19,2025-10-26,37,31,0.0032363146571209,0.0,0.4140205899970064,train,4
S37848,17,6,2025-10-26,29,13,0.0032316558875498,0.0,0.4404552571083913,train,4
S37901,17,25,2025-10-26,30,19,0.0013520063252942,0.0,0.2552587600816275,train,4
S38001,17,3,2025-10-26,29,28,0.0032621045257257,0.0094490028165035,0.4414099549101993,train,4
S38003,17,3,2025-10-26,29,17,0.0030418117772883,0.0027007713772575,0.4120894551944055,train,4
S38007,17,15,2025-10-26,38,29,0.0034502526819278,0.0231459793825729,0.4307353806461522,train,4
S38040,17,6,2025-10-26,32,14,0.0032862625872008,0.0082569798061188,0.43781409590301,train,4
S38041,17,7,2025-10-26,51,13,0.0032584927336254,0.0231919145338559,0.4685463092315771,train,4
S38043,17,7,2025-10-26,50,19,0.0031416238140042,0.0056075029969677,0.4634601659926262,train,4
S38044,17,7,2025-10-26,24,25,0.0032160149100187,0.0013751238164804,0.4586177374462193,train,4
S38045,17,1,2025-10-26,34,12,0.003329384340364,0.010863209892734,0.4234636170615831,train,4
S38049,17,5,2025-10-26,61,17,0.003324844921479,0.0054704354334522,0.4774705271392561,train,4
S38050,17,5,2025-10-26,45,24,0.003385319264227,0.0110580827464984,0.4416554038922752,train,4
S38051,17,1,2025-10-26,25,29,0.0033173768983187,0.001399199894145,0.4189273050902987,train,4
S38052,17,5,2025-10-26,42,28,0.0032398269517661,0.0111819828332939,0.4626682868208926,train,4
S38060,17,14,2025-10-26,27,21,0.0032009367280278,0.0135920471482681,0.3730069214781069,train,4
S38061,17,17,2025-10-26,25,18,0.0032093905042247,0.0040613865917039,0.3898928728391855,train,4
S38068,17,20,2025-10-26,38,18,0.0033878253190785,0.0054682235150114,0.4346041095171459,train,4
S38069,17,13,2025-10-26,27,13,0.0031597623966322,0.0208755113870244,0.5033082527237819,train,4
S38079,17,7,2025-10-26,61,23,0.0033438157536991,0.0013558230828197,0.439905243929699,train,4
S38081,17,24,2025-10-26,41,31,0.0032967687383311,0.0081542247744052,0.4191006594782868,train,4
S38088,17,18,2025-10-26,44,27,0.0034197550441962,0.0027499280702919,0.4119212038639572,train,4
S38122,17,15,2025-10-26,14,18,0.0034052941285208,0.005523879386038,0.4853094514675396,train,4
S38245,17,13,2025-10-26,44,32,0.0033688860329719,0.0041365993324843,0.4074316007473107,train,4
S38652,17,7,2025-10-26,63,20,0.003262938929699,0.0,0.4866643488913773,train,4
S38653,17,7,2025-10-26,29,20,0.0031446436763551,0.0,0.470423861415608,train,4
S38654,17,17,2025-10-26,27,20,0.0035116090611833,0.0,0.401543300631817,train,4
S38685,17,17,2025-10-26,31,23,0.0030420060973862,0.0,0.2907031185812215,train,4
S38686,17,17,2025-10-26,20,28,0.0034431611716455,0.0,0.3738793444956025,train,4
S38690,17,18,2025-10-26,15,24,0.0033741285904418,0.0,0.4641096294870357,train,4
S38768,17,15,2025-10-26,15,24,0.0035461186125782,0.0,0.4494011052378402,train,4
S38769,17,3,2025-10-26,60,25,0.0031693833630083,0.0,0.3618480089714568,train,4
S39054,17,6,2025-10-26,64,21,0.003232073785589,0.0,0.4348024439511467,train,4
S39055,17,13,2025-10-26,38,19,0.0032540281865909,0.0,0.4323940939520439,train,4
S39056,17,6,2025-10-26,57,19,0.003363887100751,0.0,0.4683888539630594,train,4
S39058,17,2,2025-10-26,16,20,0.0032799231843455,0.0,0.4432940648611411,train,4
S39059,17,14,2025-10-26,27,15,0.0031919010876405,0.0,0.4499055821502711,train,4
S39063,17,20,2025-10-26,23,26,0.0036440917961011,0.0,0.45304319119004,train,4
S39064,17,19,2025-10-26,31,16,0.0034126414561924,0.0,0.4390548927708748,train,4
S39066,17,24,2025-10-26,38,16,0.0034466201421266,0.0058643067846607,0.3813692685028049,train,4
S39067,17,18,2025-10-26,43,24,0.0033280945940816,0.0,0.4009140868957759,train,4
S39068,17,24,2025-10-26,36,25,0.0032758730560614,0.0,0.4116667683083204,train,4
S39103,17,9,2025-10-26,58,24,0.0033403159094839,0.0,0.4669393750519644,train,4
S39107,17,3,2025-10-26,18,24,0.0031215758783967,0.0,0.4561549480655043,train,4
S39110,17,3,2025-10-26,48,27,0.0033844603627383,0.0,0.4382356307346198,train,4
S39111,17,15,2025-10-26,36,23,0.0033372568859932,0.0,0.4634919434714566,train,4
S39114,17,15,2025-10-26,28,26,0.0034545921518056,0.0,0.4947932940486592,train,4
S39168,17,6,2025-10-26,24,13,0.0028814376054168,0.0,0.4159930339948741,train,4
S39169,17,24,2025-10-26,39,11,0.003438582345232,0.0,0.3315779874568678,train,4
S39170,17,1,2025-10-26,44,11,0.0019044771306442,0.0,0.465050186257738,train,4
S39214,17,7,2025-10-26,50,14,0.0032027742181888,0.0,0.4904195989617126,train,4
S39216,17,1,2025-10-26,53,18,0.0034601506542417,0.0,0.4702140784483615,train,4
S39219,17,14,2025-10-26,37,27,0.0030910866720512,0.0,0.4318479110050024,train,4
S39220,17,13,2025-10-26,51,15,0.0032420766147249,0.0,0.4731516022580247,train,4
S39497,17,5,2025-10-26,39,11,0.0033028440376229,0.0,0.4600098797738337,train,4
S39653,17,1,2025-10-26,30,14,0.0034023455708685,0.0,0.4338587373650586,train,4
S39656,17,1,2025-10-26,29,19,0.0036102625056214,0.0,0.4687234450760758,train,4
S39725,17,3,2025-10-26,39,26,0.003293735442362,0.0,0.4278711251621767,train,4
S39729,17,3,2025-10-26,44,18,0.0032571063361235,0.0,0.4625794248296326,train,4
S39734,17,2,2025-10-26,55,17,0.0026904273838657,0.0,0.4340582651639657,train,4
S39885,17,19,2025-10-26,16,17,0.002995443048953,0.0033795384923994,0.4315078863664865,train,4
S39886,17,13,2025-10-26,60,15,0.0032678646942406,0.0134457418999212,0.4758462274134548,train,4
S39968,17,15,2025-10-26,55,13,0.0034538551624102,0.0,0.5030362623841228,train,4
S40243,17,25,2025-10-26,47,14,0.0015516811103192,0.0,0.2377217638770514,train,4
S40244,17,25,2025-10-26,25,27,0.0015423553705554,0.0095229336000521,0.3440629005942354,train,4
S40419,17,13,2025-10-26,15,17,0.0034091514745441,0.0,0.4800275042312803,train,4
S40442,17,25,2025-10-26,22,28,0.0019944947882506,0.0033625612297366,0.3662848185194184,train,4
S40728,17,20,2025-10-26,33,24,0.0030524542843878,0.0,0.3611337994284024,train,4
S40729,17,7,2025-10-26,27,16,0.0031877613442092,0.004254954839262,0.4909355966707692,train,4
S40730,17,6,2025-10-26,56,19,0.0031346353033312,0.0,0.4678120566611985,train,4
S40731,17,13,2025-10-26,52,17,0.0032765360684883,0.0021393458853103,0.4344545518191776,train,4
S40733,17,7,2025-10-26,26,22,0.0031798974822085,0.0021476382461098,0.4917120413555049,train,4
S40735,17,5,2025-10-26,48,27,0.0031201921761724,0.00213454964009,0.466118526623977,train,4
S40736,17,2,2025-10-26,25,28,0.0032636910893363,0.0063551736484067,0.5019492178473041,train,4
S40737,17,2,2025-10-26,46,12,0.0027125651630399,0.0,0.4646912267773057,train,4
S40739,17,5,2025-10-26,31,23,0.0032512267320995,0.0021607192543127,0.4385113541939624,train,4
S40740,17,6,2025-10-26,20,28,0.0031174340132106,0.0,0.4877660929704694,train,4
S40743,17,13,2025-10-26,55,27,0.0033144826325176,0.0043346677481531,0.3953595458443056,train,4
S40748,17,8,2025-10-26,37,14,0.0030516988127707,0.0021638236549027,0.4811568759837963,train,4
S40749,17,19,2025-10-26,55,21,0.0034356895641994,0.0,0.3873445453942075,train,4
S40750,17,20,2025-10-26,44,14,0.003313341301235,0.0021242856715435,0.4920623780650847,train,4
S40753,17,18,2025-10-26,57,21,0.0024982636019565,0.0021476660876178,0.3958024695349953,train,4
S40754,17,19,2025-10-26,17,18,0.0034129141726895,0.0021142278601631,0.4441659330239562,train,4
S40756,17,13,2025-10-26,30,30,0.0029439185095393,0.0021200448749941,0.4808039981676826,train,4
S40761,17,7,2025-10-26,34,12,0.0030998151318484,0.0021428879403268,0.4643713605361863,train,4
S40762,17,24,2025-10-26,55,24,0.0033141190520236,0.0,0.4541721960041745,train,4
S40763,17,8,2025-10-26,18,22,0.0030766591664231,0.004289160161728,0.4969715093563598,train,4
S40863,17,3,2025-10-26,51,26,0.0033463765242871,0.0,0.4620213686443309,train,4
S41400,17,6,2025-10-26,21,25,0.0033127729869899,0.0,0.4585105616824854,train,4
S41492,17,6,2025-10-26,39,22,0.0031759265428947,0.0024432449439086,0.4542880264697747,train,4
S41494,17,6,2025-10-26,45,18,0.0030986856932358,0.0095863592087878,0.4768065339706158,train,4
S41496,17,7,2025-10-26,19,22,0.0033207940013214,0.0,0.4800215386874326,train,4
S41497,17,1,2025-10-26,28,15,0.0035704167753555,0.0,0.4496912195085404,train,4
S41499,17,2,2025-10-26,46,25,0.0032196892595336,0.0,0.4324667046391314,train,4
S41503,17,19,2025-10-26,49,20,0.0034396398771576,0.0,0.4527125357357796,train,4
S41504,17,8,2025-10-26,21,27,0.003036479058796,0.0,0.4750700783073991,train,4
S41572,17,25,2025-10-26,37,22,0.0012589847354918,0.0017909135460808,0.2864363836427263,train,4
S41949,17,15,2025-10-26,58,23,0.0033552727829382,0.0,0.4648516219396321,train,4
S41993,17,6,2025-10-26,50,24,0.0033366754441821,0.0156237720249603,0.4432661145188876,train,4
S41995,17,1,2025-10-26,64,22,0.0034832018138648,0.0279713884213507,0.4854985596347035,train,4
S41999,17,17,2025-10-26,39,31,0.003320272091311,0.0135177035679121,0.3585005319234509,train,4
S42000,17,1,2025-10-26,51,30,0.0034487771585481,0.010242459839047,0.4411553614172295,train,4
S42001,17,2,2025-10-26,63,22,0.002765746721473,0.0207352243273829,0.4700370298108113,train,4
S42008,17,14,2025-10-26,34,21,0.0030969894607413,0.00995826889694,0.451029869430019,train,4
S42009,17,14,2025-10-26,32,22,0.0031898090399116,0.0035926823494118,0.433586655067855,train,4
S42012,17,18,2025-10-26,22,25,0.003214606530728,0.0161302169542365,0.3416629199464345,train,4
S42016,17,24,2025-10-26,26,28,0.0034050522478726,0.0165705331243956,0.4513115885388228,train,4
S42023,17,18,2025-10-26,40,14,0.0030794776004612,0.0144634149446799,0.3925344616175971,train,4
S42024,17,20,2025-10-26,46,17,0.0034405130320433,0.0176588676295546,0.4690900600408388,train,4
S42583,17,3,2025-10-26,43,24,0.003312104881909,0.0,0.4576143606259931,train,4
S42617,17,1,2025-10-26,58,16,0.0032890687209867,0.0024716776574264,0.4705191386348015,train,4
S42618,17,1,2025-10-26,37,22,0.0033101105415143,0.0,0.5077225336928158,train,4
S42620,17,17,2025-10-26,54,17,0.0033953227535664,0.0049437978712822,0.4032478800650796,train,4
S42621,17,13,2025-10-26,34,21,0.0032276704878987,0.0,0.4225644981423136,train,4
S42623,17,1,2025-10-26,52,13,0.0033730874290714,0.0024893937800217,0.4512516197993745,train,4
S42624,17,7,2025-10-26,34,22,0.0032349872595794,0.0025155131748104,0.4929756535181313,train,4
S42625,17,24,2025-10-26,17,22,0.0035033902437588,0.01009009009009,0.5020616368980354,train,4
S42626,17,1,2025-10-26,27,22,0.0035740151841464,0.0,0.4701490973445278,train,4
S42627,17,24,2025-10-26,34,20,0.0033090641201382,0.0,0.4815188744575667,train,4
S42628,17,18,2025-10-26,39,17,0.0030749494427887,0.0,0.3405339259414362,train,4
S42630,17,8,2025-10-26,46,29,0.0027235201280649,0.0,0.4223968820587835,train,4
S42632,17,24,2025-10-26,18,23,0.0034942811128615,0.0,0.4239379457086687,train,4
S42696,17,8,2025-10-26,32,23,0.0027020629466491,0.0,0.3785861244481614,train,4
S42697,17,6,2025-10-26,61,25,0.0031405062918985,0.0,0.4503124767248649,train,4
S42698,17,17,2025-10-26,63,18,0.003371346201797,0.0,0.4228281999744125,train,4
S42699,17,14,2025-10-26,20,22,0.0034840999536509,0.0,0.4928202396254626,train,4
S42776,17,9,2025-10-26,20,18,0.0029599952985556,0.0,0.3841551607339823,train,4
S42813,17,25,2025-10-26,51,15,0.0016164835177478,0.0,0.3314878227272454,train,4
S42888,17,3,2025-10-26,39,32,0.0033358472168651,0.0,0.3766554772966866,train,4
S42998,17,25,2025-10-26,41,15,0.0013794701827628,0.0,0.3133270882243296,train,4
S43033,17,15,2025-10-26,23,27,0.0035430264141935,0.0,0.4420309467651128,train,4
S43285,17,24,2025-10-26,40,19,0.0033998833202763,0.0120216001789936,0.4927103756091791,train,4
S43287,17,2,2025-10-26,58,24,0.0032791422848824,0.0090494167344411,0.4654819824507215,train,4
S43288,17,6,2025-10-26,20,22,0.0032279518985636,0.0115645269189377,0.4556523755174484,train,4
S43289,17,6,2025-10-26,33,14,0.0033094392145873,0.0058232519991798,0.4656172575092501,train,4
S43292,17,1,2025-10-26,33,29,0.0033501337006334,0.0204832503437604,0.4355361734889207,train,4
S43293,17,1,2025-10-26,54,24,0.0033960932199346,0.0189241416074097,0.4621833090106351,train,4
S43295,17,1,2025-10-26,59,21,0.003404994845437,0.0068737688366753,0.4641425781836015,train,4
S43296,17,1,2025-10-26,49,16,0.0034504381167259,0.0238429683871982,0.4768825596281786,train,4
S43297,17,13,2025-10-26,45,20,0.0032805820405354,0.0165183747123605,0.3748975556073907,train,4
S43298,17,18,2025-10-26,24,17,0.0030331308123798,0.0029940660863279,0.3929713993695067,train,4
S43301,17,8,2025-10-26,43,13,0.0031312763445828,0.0107877611103875,0.4750381708835485,train,4
S43302,17,13,2025-10-26,22,26,0.0032800745346615,0.022210305224114,0.4461050940467346,train,4
S43303,17,20,2025-10-26,61,18,0.003454244440987,0.0143505578526714,0.4329128424703424,train,4
S43305,17,14,2025-10-26,23,26,0.0031520607806694,0.017115469151033,0.4720329474827063,train,4
S43306,17,24,2025-10-26,24,24,0.0034354484689058,0.0082057378250254,0.3990492465352813,train,4
S43307,17,13,2025-10-26,33,21,0.0030728386854249,0.0096556976387253,0.4146190148604601,train,4
S43308,17,24,2025-10-26,32,17,0.0035405462725123,0.0138802444901932,0.4636804087605193,train,4
S43310,17,20,2025-10-26,41,25,0.0030571092405926,0.0061257441484969,0.4207134504522603,train,4
S43311,17,17,2025-10-26,46,16,0.0032345229800776,0.0125318095770102,0.3948602661808248,train,4
S43312,17,19,2025-10-26,23,23,0.0031927496520586,0.0127099722430415,0.5010380432131992,train,4
S43314,17,19,2025-10-26,60,25,0.0032820306483728,0.0028148592853542,0.3893958424043796,train,4
S43315,17,19,2025-10-26,15,20,0.0033242301158504,0.0050693904695459,0.403791026365851,train,4
S43316,17,24,2025-10-26,42,12,0.0033416977139129,0.0077216777947385,0.4695082984875884,train,4
S43318,17,18,2025-10-26,27,14,0.0033594114473781,0.0118034733560932,0.4300305717793297,train,4
S43319,17,24,2025-10-26,32,18,0.0034753235176971,0.0111343968749554,0.4058663426000733,train,4
S43320,17,24,2025-10-26,28,13,0.0036158682546325,0.0145110336410723,0.4992888786908715,train,4
S43465,17,25,2025-10-26,34,26,0.0014455135413418,0.013208060167099,0.2557492292912268,train,4
S43496,17,3,2025-10-26,36,24,0.0032547854565045,0.0048025448656253,0.4482522101595855,train,4
S43497,17,9,2025-10-26,20,20,0.003450950798937,0.005050505050505,0.4498661387881346,train,4
S43498,17,9,2025-10-26,24,26,0.0032376486843059,0.0101130957468022,0.4401748010132196,train,4
S43503,17,15,2025-10-26,30,27,0.0034009114949791,0.00767859591389,0.4735792600200605,train,4
S43505,17,15,2025-10-26,47,20,0.0033833199220481,0.0116556539888954,0.5177889542578522,train,4
S43508,17,3,2025-10-26,31,16,0.0032879895714868,0.0049213573044032,0.4133424339136243,train,4
S43512,17,15,2025-10-26,15,21,0.0032404769411458,0.0138741002173436,0.4738334497946357,train,4
S43596,17,17,2025-10-26,24,30,0.0026331382701356,0.0221319455830231,0.3501081792414191,train,4
S43597,17,2,2025-10-26,53,30,0.0022127592892115,0.034286333757108,0.3610298173719732,train,4
