ufs_serial,run_id,wafer_no,date,die_x,die_y,health,split,position,pred
S00069,13,8,2025-10-20,41,16,0.0024141213958187,train,1,0.0032978461357968
S00072,13,10,2025-10-20,49,25,0.0,train,1,0.0032992673687386
S00075,13,6,2025-10-20,37,16,0.0,train,1,0.0032235336231178
S00079,13,4,2025-10-20,27,19,0.0,train,1,0.0033024720184864
S00080,13,10,2025-10-20,34,31,0.0024551575598599,train,1,0.0028939630769561
S00081,13,5,2025-10-20,31,25,0.0048692551117381,train,1,0.0033033602960629
S00283,13,21,2025-10-20,38,24,0.0,train,1,0.0027173561414479
S00284,13,15,2025-10-20,62,18,0.0,train,1,0.0021155334401707
S00296,13,10,2025-10-20,16,24,0.0,train,1,0.0031504451420655
S00777,13,17,2025-10-20,39,13,0.0,train,1,0.0030795706152896
S01174,13,15,2025-10-20,63,20,0.0,train,1,0.0016838740184699
S01176,13,15,2025-10-20,40,18,0.0,train,1,0.0017476049805324
S01411,13,11,2025-10-20,48,27,0.0071353300772108,train,1,0.0027430092697544
S01412,13,11,2025-10-20,35,18,0.0029324388509795,train,1,0.0022390655809364
S01415,13,11,2025-10-20,51,25,0.0187076898131257,train,1,0.0025766169577021
S01416,13,17,2025-10-20,24,25,0.0,train,1,0.0030387140251485
S01418,13,17,2025-10-20,56,23,0.0,train,1,0.0020499436035887
S01419,13,16,2025-10-20,24,25,0.0,train,1,0.0015587908431745
S01423,13,15,2025-10-20,45,29,0.0,train,1,0.0020520992261098
S01425,13,15,2025-10-20,56,27,0.0,train,1,0.0020012038967714
S01426,13,16,2025-10-20,38,23,0.0,train,1,0.0012647357834076
S01513,13,5,2025-10-20,48,20,0.0,train,1,0.0033514671860294
S01517,13,2,2025-10-20,38,23,0.0089309780948444,train,1,0.0033999855420363
S01524,13,2,2025-10-20,60,25,0.0029565646741086,train,1,0.0034239440366269
S01525,13,2,2025-10-20,21,21,0.0,train,1,0.003338665194144
S01527,13,4,2025-10-20,36,27,0.0014726580440612,train,1,0.0033001507938194
S01957,13,20,2025-10-20,49,25,0.0,train,1,0.0023850264764577
S01959,13,18,2025-10-20,56,25,0.0,train,1,0.0023701592917827
S01961,13,16,2025-10-20,29,18,0.0,train,1,0.001792598200445
S01962,13,17,2025-10-20,54,14,0.0,train,1,0.0028863009877406
S01974,13,10,2025-10-20,13,24,0.0,train,1,0.0028963559052091
S01975,13,10,2025-10-20,24,30,0.0,train,1,0.0030639538519845
S02002,13,2,2025-10-20,55,28,0.0,train,1,0.0033268608119622
S02003,13,5,2025-10-20,59,23,0.0,train,1,0.0032362425000215
S02006,13,5,2025-10-20,37,31,0.0,train,1,0.0033080026934142
S02007,13,5,2025-10-20,39,17,0.0,train,1,0.00313850333327
S02368,13,6,2025-10-20,55,29,0.0,train,1,0.0032860553771749
S02420,13,16,2025-10-20,56,22,0.0,train,1,0.0028525561013821
S02421,13,20,2025-10-20,23,15,0.0,train,1,0.0029683915937198
S02423,13,16,2025-10-20,36,22,0.0,train,1,0.0012668425119907
S02424,13,11,2025-10-20,19,27,0.0,train,1,0.0032764929255244
S02519,13,16,2025-10-20,36,11,0.0,train,1,0.0024157905009757
S02520,13,11,2025-10-20,40,11,0.0,train,1,0.0026888449613535
S02544,13,10,2025-10-20,53,23,0.0,train,1,0.0034400528219046
S02547,13,2,2025-10-20,49,27,0.0,train,1,0.0032957279737842
S02549,13,2,2025-10-20,16,19,0.0,train,1,0.0033528606444048
S02550,13,2,2025-10-20,61,27,0.0,train,1,0.0030941567213244
S02551,13,4,2025-10-20,50,28,0.0,train,1,0.0033048909460981
S02556,13,5,2025-10-20,53,27,0.0,train,1,0.0032973672103467
S02850,13,11,2025-10-20,51,21,0.0,train,1,0.0024585901631688
S02851,13,11,2025-10-20,55,18,0.0,train,1,0.0025428269666369
S02853,13,15,2025-10-20,40,20,0.0,train,1,0.0023159886038649
S02974,13,17,2025-10-20,41,11,0.0,train,1,0.002946749496462
S02975,13,15,2025-10-20,36,11,0.0,train,1,0.0016403270609671
S02982,13,5,2025-10-20,28,15,0.0,train,1,0.003033395434624
S03171,13,21,2025-10-20,26,13,0.0076579824837133,train,1,0.0031269839526556
S03341,13,11,2025-10-20,22,25,0.0028432331622816,train,1,0.0032428740084849
S03343,13,11,2025-10-20,28,24,0.0,train,1,0.0033133951306378
S03347,13,15,2025-10-20,43,17,0.0,train,1,0.0015172191232112
S03348,13,15,2025-10-20,26,29,0.0,train,1,0.0013765880659809
S03350,13,18,2025-10-20,27,22,0.0029072488183817,train,1,0.0018151850685598
S03351,13,20,2025-10-20,61,26,0.0,train,1,0.0026947414805067
S03352,13,20,2025-10-20,61,25,0.0,train,1,0.0024075331207852
S03354,13,21,2025-10-20,52,19,0.0,train,1,0.0016835273062252
S03637,13,5,2025-10-20,48,17,0.0,train,1,0.0029741204282007
S03639,13,5,2025-10-20,51,21,0.0,train,1,0.0032014612735364
S03641,13,10,2025-10-20,46,28,0.0,train,1,0.0033393667869678
S03642,13,2,2025-10-20,46,24,0.0,train,1,0.0035000269436059
S03643,13,6,2025-10-20,47,25,0.0,train,1,0.0023782064029061
S03678,13,15,2025-10-20,33,15,0.0,train,1,0.0021972307448886
S03679,13,20,2025-10-20,49,16,0.0,train,1,0.0014490693283666
S03939,13,8,2025-10-20,48,30,0.0,train,1,0.0032089314477206
S04026,13,6,2025-10-20,16,26,0.0,train,1,0.0029419983086518
S04048,13,17,2025-10-20,54,26,0.0,train,1,0.0032358764737291
S04053,13,20,2025-10-20,21,25,0.0,train,1,0.0021193536442702
S04059,13,21,2025-10-20,41,17,0.0,train,1,0.0015906478547459
S04434,13,15,2025-10-20,21,19,0.0,train,1,0.0015117154745531
S04435,13,16,2025-10-20,46,18,0.0,train,1,0.0016276675448596
S04436,13,17,2025-10-20,24,19,0.0,train,1,0.0020652171683205
S04437,13,11,2025-10-20,37,12,0.0,train,1,0.0032438237548707
S04438,13,18,2025-10-20,34,27,0.0,train,1,0.0018746813213556
S04441,13,21,2025-10-20,57,17,0.0,train,1,0.0028783509716525
S04575,13,8,2025-10-20,19,17,0.0,train,1,0.0032979448145316
S04576,13,2,2025-10-20,20,18,0.0,train,1,0.003317565431119
S04577,13,5,2025-10-20,58,22,0.0,train,1,0.003285404042003
S04578,13,4,2025-10-20,63,21,0.0,train,1,0.003356563356375
S04579,13,5,2025-10-20,17,24,0.0,train,1,0.0033239374427415
S04800,13,20,2025-10-20,34,24,0.0,train,1,0.0021247750817559
S04802,13,16,2025-10-20,45,19,0.0,train,1,0.0012909195035203
S04805,13,11,2025-10-20,50,24,0.0,train,1,0.0023359003293747
S04806,13,16,2025-10-20,39,14,0.0,train,1,0.0026735906178592
S04807,13,11,2025-10-20,37,31,0.0,train,1,0.0032032185371946
S04824,13,10,2025-10-20,39,29,0.0,train,1,0.0027215647366459
S04876,13,4,2025-10-20,23,19,0.0,train,1,0.0032803384130781
S04880,13,2,2025-10-20,20,19,0.0,train,1,0.0034150291236203
S04883,13,10,2025-10-20,27,22,0.0,train,1,0.0033151755011971
S04888,13,8,2025-10-20,52,25,0.0,train,1,0.0032895853246095
S05123,13,21,2025-10-20,38,13,0.0,train,1,0.0029723205298681
S05124,13,16,2025-10-20,39,28,0.0,train,1,0.0019575003885654
S05126,13,21,2025-10-20,42,28,0.0,train,1,0.0024701984864479
S05572,13,20,2025-10-20,26,13,0.0087115037422656,train,1,0.0031138485016576
S05632,13,18,2025-10-20,48,28,0.0,train,1,0.0022992643874805
S05633,13,18,2025-10-20,43,17,0.0,train,1,0.0022462120549444
S05636,13,15,2025-10-20,28,17,0.0,train,1,0.0012843625742895
S05639,13,21,2025-10-20,41,12,0.0,train,1,0.0028513188761517
S05742,13,4,2025-10-20,30,22,0.0085383745821006,train,1,0.0034445128859661
S05743,13,2,2025-10-20,22,15,0.0070337073086162,train,1,0.003214973455583
S05744,13,2,2025-10-20,43,22,0.0035164430859795,train,1,0.0034158653758497
S05745,13,10,2025-10-20,32,24,0.0034524677850717,train,1,0.0034826924891738
S05746,13,2,2025-10-20,45,27,0.0086874746542489,train,1,0.0032816404677436
S05747,13,10,2025-10-20,46,26,0.0017579603415465,train,1,0.0033589265478222
S05748,13,6,2025-10-20,40,31,0.0052460469927589,train,1,0.0026659757845777
S05751,13,8,2025-10-20,52,30,0.0,train,1,0.0032853490010678
S06095,13,20,2025-10-20,33,22,0.0,train,1,0.0028397508272224
S06097,13,21,2025-10-20,20,17,0.0,train,1,0.0026495499838802
S06300,13,4,2025-10-20,45,14,0.0089958821666138,train,1,0.00334375848875
S06301,13,5,2025-10-20,57,15,0.0059951387506709,train,1,0.0029983733641558
S06305,13,4,2025-10-20,44,13,0.0060879444612873,train,1,0.0033218454442312
S06307,13,5,2025-10-20,41,29,0.0,train,1,0.0029042925836361
S06311,13,8,2025-10-20,57,27,0.0060516398482828,train,1,0.002981861881054
S06312,13,10,2025-10-20,52,17,0.0061680706163416,train,1,0.0034769495899593
S06318,13,5,2025-10-20,62,18,0.0124662164280652,train,1,0.0030118170436277
S06465,13,11,2025-10-20,55,19,0.0106414868105515,train,1,0.0030176066917341
S06722,13,15,2025-10-20,49,24,0.0,train,1,0.0016347139040293
S06723,13,20,2025-10-20,45,22,0.0,train,1,0.0028482097147114
S06724,13,20,2025-10-20,29,30,0.0,train,1,0.0032478031530699
S06728,13,21,2025-10-20,42,13,0.0,train,1,0.0021941478002744
S06815,13,18,2025-10-20,55,23,0.0,train,1,0.0025598915280625
S06816,13,16,2025-10-20,33,20,0.0,train,1,0.0011512278418096
S06817,13,17,2025-10-20,35,15,0.0,train,1,0.0021671183671839
S07084,13,18,2025-10-20,42,32,0.008981535444988,train,1,0.0029396190441433
S07097,13,8,2025-10-20,40,20,0.0022901748274304,train,1,0.0030909730432282
S07102,13,6,2025-10-20,60,22,0.0,train,1,0.0033427727419004
S07103,13,8,2025-10-20,50,17,0.0022546737981499,train,1,0.0032333597767608
S07105,13,10,2025-10-20,16,25,0.0,train,1,0.0033554597942789
S07110,13,4,2025-10-20,25,14,0.009092322750016,train,1,0.0027047707199829
S07111,13,10,2025-10-20,38,26,0.0092386051007509,train,1,0.0033947426394935
S07113,13,8,2025-10-20,21,22,0.0,train,1,0.0033904561064983
S07115,13,4,2025-10-20,23,17,0.0023016611788024,train,1,0.0033787619421516
S07330,13,16,2025-10-20,58,26,0.0,train,1,0.0026191565586286
S07331,13,16,2025-10-20,52,18,0.0,train,1,0.0012654664990922
S07333,13,20,2025-10-20,53,17,0.0,train,1,0.0013735365388828
S07370,13,8,2025-10-20,32,27,0.0161154345006485,train,1,0.003323361962896
S07373,13,8,2025-10-20,53,29,0.0029829157551368,train,1,0.0032351044942695
S07448,13,2,2025-10-20,29,14,0.0,train,1,0.0030150744907642
S07449,13,6,2025-10-20,46,18,0.0,train,1,0.0032128623714501
S07450,13,6,2025-10-20,22,19,0.0,train,1,0.0033409201640821
S07451,13,10,2025-10-20,27,23,0.0,train,1,0.0034299526815656
S07646,13,10,2025-10-20,36,32,0.0118158397524012,train,1,0.0031919552716545
S07653,13,11,2025-10-20,59,15,0.0218317592795958,train,1,0.0027782735042947
S08262,13,15,2025-10-20,21,26,0.0034132974376231,train,1,0.0018229461827185
S08263,13,11,2025-10-20,14,19,0.0203249815970991,train,1,0.003033089597214
S08267,13,11,2025-10-20,24,24,0.0011492737838394,train,1,0.0032454544453249
S08268,13,11,2025-10-20,44,20,0.0068167634775094,train,1,0.0028118414915511
S08269,13,16,2025-10-20,34,26,0.0184162318518364,train,1,0.001571338378082
S08270,13,15,2025-10-20,41,16,0.0046852426639893,train,1,0.0011440843182938
S08272,13,18,2025-10-20,15,22,0.0137329805679706,train,1,0.0028173980449758
S08388,13,10,2025-10-20,24,24,0.006944347412986,train,1,0.0034078594915748
S08390,13,6,2025-10-20,27,22,0.0,train,1,0.0033977429417177
S08392,13,8,2025-10-20,28,25,0.0214333460313809,train,1,0.0032424469007628
S08393,13,10,2025-10-20,43,15,0.0179348733146586,train,1,0.0033167601849996
S08395,13,10,2025-10-20,32,23,0.0090910130214585,train,1,0.0034179709568885
S08398,13,5,2025-10-20,30,30,0.0071011666202304,train,1,0.0030790388084711
S08399,13,4,2025-10-20,36,30,0.0131168229792726,train,1,0.003330696723789
S08928,13,21,2025-10-20,36,32,0.0,train,1,0.0028630009200504
S09154,13,16,2025-10-20,43,14,0.0,train,1,0.0024042455337421
S09156,13,16,2025-10-20,43,20,0.0,train,1,0.0011694810168661
S09158,13,15,2025-10-20,29,27,0.0,train,1,0.0019517078421556
S09163,13,21,2025-10-20,50,13,0.0,train,1,0.0026638814743014
S09164,13,18,2025-10-20,32,20,0.0,train,1,0.0025463675174485
S09166,13,21,2025-10-20,19,25,0.0,train,1,0.0030026936861265
S09187,13,4,2025-10-20,45,21,0.0,train,1,0.0032805394393047
S09188,13,6,2025-10-20,20,17,0.0,train,1,0.0032758181408765
S09189,13,6,2025-10-20,33,14,0.0,train,1,0.0031276382227704
S09336,13,11,2025-10-20,39,21,0.0,train,1,0.0029871279583699
S09337,13,16,2025-10-20,25,18,0.0,train,1,0.0015072695370093
S09338,13,16,2025-10-20,61,22,0.0,train,1,0.0029446209217305
S09341,13,20,2025-10-20,29,18,0.0,train,1,0.0012946118961857
S09342,13,18,2025-10-20,28,28,0.0,train,1,0.002397935658222
S09343,13,20,2025-10-20,27,20,0.0,train,1,0.0030675220558452
S09521,13,5,2025-10-20,39,23,0.0,train,1,0.003088477477266
S09670,13,6,2025-10-20,45,14,0.0,train,1,0.0032606341805019
S09726,13,16,2025-10-20,30,27,0.0,train,1,0.0015392488249945
S09727,13,21,2025-10-20,52,22,0.0,train,1,0.0011986149127842
S09729,13,15,2025-10-20,31,19,0.0,train,1,0.0012984231459697
S09731,13,20,2025-10-20,33,13,0.0,train,1,0.0029778344344052
S09732,13,18,2025-10-20,26,15,0.0,train,1,0.0029288226458595
S09754,13,2,2025-10-20,49,12,0.0,train,1,0.0026859923244872
S09757,13,6,2025-10-20,14,24,0.0,train,1,0.0032874883848624
S09759,13,2,2025-10-20,27,20,0.0,train,1,0.0033990515330042
S10274,13,10,2025-10-20,60,19,0.0,train,1,0.0032666061242161
S10393,13,17,2025-10-20,51,21,0.0,train,1,0.0020177124260913
S10396,13,18,2025-10-20,44,30,0.0,train,1,0.0024216277133917
S10400,13,18,2025-10-20,59,23,0.0,train,1,0.0031565813801032
S10466,13,10,2025-10-20,39,21,0.0,train,1,0.0031158552121862
S10761,13,18,2025-10-20,36,25,0.0,train,1,0.0026608396510003
S10956,13,18,2025-10-20,43,24,0.021171085816856,train,1,0.0022348180934024
S10957,13,20,2025-10-20,23,14,0.0173087052862074,train,1,0.0031232623578959
S10962,13,17,2025-10-20,55,21,0.0179877696529816,train,1,0.0022044278858828
S10963,13,11,2025-10-20,32,16,0.011360311597118,train,1,0.0031095297414776
S10964,13,11,2025-10-20,25,23,0.0137436417966773,train,1,0.0033262015130517
S10971,13,21,2025-10-20,38,21,0.0085882149645757,train,1,0.0022630643911424
S10972,13,21,2025-10-20,18,26,0.0298564520136858,train,1,0.0024211506140787
S11527,13,17,2025-10-20,59,15,0.0147286752786446,train,1,0.0030482057531845
S11738,13,20,2025-10-20,24,21,0.0,train,1,0.0027516467327442
S11739,13,20,2025-10-20,19,20,0.0,train,1,0.0024723008638396
S11744,13,16,2025-10-20,42,26,0.0,train,1,0.0015926977321407
S11745,13,16,2025-10-20,51,23,0.0,train,1,0.0014658384382884
S11748,13,21,2025-10-20,41,15,0.0,train,1,0.0025436409400118
S11824,13,2,2025-10-20,41,19,0.0,train,1,0.0029652605968853
S11825,13,2,2025-10-20,16,18,0.0,train,1,0.0031726010685277
S11826,13,2,2025-10-20,41,27,0.0,train,1,0.0033513202728193
S12271,13,10,2025-10-20,40,20,0.0,train,1,0.003232775505645
S12272,13,2,2025-10-20,45,30,0.0,train,1,0.0033508530602781
S12274,13,4,2025-10-20,37,14,0.0,train,1,0.0033032749333147
S12275,13,5,2025-10-20,25,26,0.0,train,1,0.0033362939759382
S12318,13,8,2025-10-20,38,24,0.0,train,1,0.0033003627471878
S12421,13,18,2025-10-20,45,14,0.0,train,1,0.0025852552949613
S12422,13,16,2025-10-20,60,18,0.0,train,1,0.0018368590866661
S12424,13,15,2025-10-20,43,15,0.0,train,1,0.0017432041740345
S12425,13,11,2025-10-20,51,26,0.0,train,1,0.0031179310315925
S12426,13,17,2025-10-20,35,20,0.0,train,1,0.0017535617875824
S12427,13,11,2025-10-20,55,26,0.0,train,1,0.0030049212323723
S12428,13,11,2025-10-20,43,30,0.0,train,1,0.0031026661977851
S12431,13,21,2025-10-20,58,26,0.0,train,1,0.002630279355296
S12434,13,21,2025-10-20,34,20,0.0,train,1,0.0020069572604645
S12922,13,8,2025-10-20,36,20,0.0,train,1,0.0031072387132744
S13013,13,17,2025-10-20,48,22,0.0,train,1,0.0025354297164873
S13015,13,15,2025-10-20,23,14,0.0,train,1,0.001419989358959
S13016,13,15,2025-10-20,61,23,0.0,train,1,0.0022224072697235
S13193,13,20,2025-10-20,14,23,0.0,train,1,0.0027875132986627
S13194,13,17,2025-10-20,48,30,0.0,train,1,0.0030628914856715
S13204,13,6,2025-10-20,16,16,0.0,train,1,0.0033268224229271
S13205,13,21,2025-10-20,45,32,0.0,train,1,0.0033024632259715
S13208,13,10,2025-10-20,47,21,0.0,train,1,0.0033821753292412
S13209,13,4,2025-10-20,40,17,0.0,train,1,0.0033899030812874
S13210,13,10,2025-10-20,24,25,0.0,train,1,0.0023462393121268
S13286,13,20,2025-10-20,27,26,0.0,train,1,0.0027383385462986
S13287,13,18,2025-10-20,22,15,0.0,train,1,0.0022683549606769
S13288,13,20,2025-10-20,47,19,0.0,train,1,0.0023370147998878
S13360,13,21,2025-10-20,41,32,0.0,train,1,0.0031556201365606
S13533,13,18,2025-10-20,45,11,0.0079286580307574,train,1,0.0032080331282815
S13538,13,15,2025-10-20,16,26,0.0051603525029526,train,1,0.0012493687601787
S13569,13,8,2025-10-20,20,28,0.0056941214211243,train,1,0.0031141128586098
S13584,13,5,2025-10-20,20,16,0.0026501154426545,train,1,0.0033568642768339
S13585,13,10,2025-10-20,36,23,0.0,train,1,0.0033455109022673
S13587,13,8,2025-10-20,23,23,0.0039442566227005,train,1,0.0032550273598055
S13591,13,8,2025-10-20,14,21,0.0018800547750365,train,1,0.0029527280056568
S13596,13,8,2025-10-20,50,13,0.0193863460833339,train,1,0.0031538745288662
S13598,13,10,2025-10-20,23,22,0.0038411005487286,train,1,0.0031853845203519
S13603,13,2,2025-10-20,56,23,0.0053640715137582,train,1,0.0033578271516897
S13604,13,10,2025-10-20,40,14,0.0,train,1,0.0031301584396542
S13605,13,4,2025-10-20,45,23,0.0,train,1,0.0032833826191515
S13606,13,2,2025-10-20,42,16,0.0056295591500158,train,1,0.0033257321420736
S13607,13,5,2025-10-20,29,13,0.0064782372937913,train,1,0.0027291457389494
S13723,13,10,2025-10-20,36,12,0.0051432903087267,train,1,0.0032891999023613
S13725,13,11,2025-10-20,63,23,0.0051218632452207,train,1,0.0028955202427359
S13726,13,15,2025-10-20,38,15,0.0264316009200537,train,1,0.0011589050873678
S14280,13,17,2025-10-20,31,22,0.0,train,1,0.0019573540677557
S14284,13,21,2025-10-20,26,24,0.0,train,1,0.0029754824365838
S14286,13,21,2025-10-20,36,18,0.0,train,1,0.0021853659228948
S14287,13,6,2025-10-20,54,13,0.0,train,1,0.0033045538677627
S14414,13,8,2025-10-20,49,29,0.0,train,1,0.0032746046902383
S14415,13,4,2025-10-20,18,18,0.0,train,1,0.0032367396623585
S14416,13,2,2025-10-20,57,27,0.0,train,1,0.003326660072453
S14418,13,5,2025-10-20,46,31,0.0,train,1,0.0033240735723319
S14518,13,2,2025-10-20,28,18,0.0,train,1,0.0033917336608748
S14519,13,6,2025-10-20,63,25,0.0,train,1,0.0031503837042809
S14521,13,4,2025-10-20,31,21,0.0,train,1,0.0033405852445699
S14588,13,5,2025-10-20,30,28,0.0,train,1,0.0033385745140135
S14591,13,4,2025-10-20,31,17,0.0,train,1,0.0033557077601528
S14592,13,8,2025-10-20,16,20,0.0,train,1,0.0032786209692637
S14593,13,8,2025-10-20,55,23,0.0,train,1,0.0032656365245878
S14594,13,2,2025-10-20,19,25,0.0,train,1,0.0032645338227705
S14595,13,6,2025-10-20,19,24,0.0,train,1,0.0032917003080712
S14973,13,2,2025-10-20,60,20,0.0,train,1,0.0031587857668689
S15084,13,18,2025-10-20,58,26,0.0,train,1,0.002582241478997
S15299,13,4,2025-10-20,38,11,0.0,train,1,0.0023478061271398
S15300,13,20,2025-10-20,23,30,0.0,train,1,0.0030808347125506
S15663,13,18,2025-10-20,36,29,0.0117362102060162,train,1,0.0024249094526526
S15666,13,11,2025-10-20,42,16,0.0066088228449852,train,1,0.0031546981846466
S15668,13,21,2025-10-20,32,15,0.0033658404442638,train,1,0.0026546930471781
S16071,13,11,2025-10-20,53,27,0.0018777107796466,train,1,0.0032375240507619
S16072,13,11,2025-10-20,54,22,0.0036905027103289,train,1,0.0031504866384605
S16074,13,17,2025-10-20,27,20,0.0,train,1,0.0022020394018729
S16076,13,20,2025-10-20,30,24,0.0,train,1,0.00228429061447
S16081,13,21,2025-10-20,21,28,0.0,train,1,0.0031084773991942
S16156,13,8,2025-10-20,42,13,0.0,train,1,0.0033059917100631
S16777,13,15,2025-10-20,22,15,0.0,train,1,0.0012602223126309
S16795,13,17,2025-10-20,51,18,0.0,train,1,0.0028210828611755
S16797,13,18,2025-10-20,31,22,0.0,train,1,0.0032359495951869
S16798,13,18,2025-10-20,37,26,0.0,train,1,0.0029455449294546
S16802,13,21,2025-10-20,37,15,0.0,train,1,0.0021481378770854
S17062,13,11,2025-10-20,29,21,0.0,train,1,0.00317090631071
S17063,13,11,2025-10-20,32,22,0.0031162023713234,train,1,0.0033233838153445
S17064,13,11,2025-10-20,18,25,0.0,train,1,0.003025219420656
S17065,13,11,2025-10-20,19,18,0.0,train,1,0.0033616345032961
S17067,13,11,2025-10-20,16,22,0.0026460942158616,train,1,0.0031851194992719
S17069,13,17,2025-10-20,18,23,0.0,train,1,0.0031605484479848
S17070,13,11,2025-10-20,23,18,0.0,train,1,0.0031163236641307
S17072,13,17,2025-10-20,49,27,0.0,train,1,0.0026350722263667
S17075,13,15,2025-10-20,23,17,0.0,train,1,0.0020247643198366
S17076,13,16,2025-10-20,36,21,0.0,train,1,0.0015957431528167
S17078,13,15,2025-10-20,24,18,0.0,train,1,0.001736747703579
S17080,13,15,2025-10-20,16,19,0.0,train,1,0.0018469469635699
S17081,13,15,2025-10-20,45,26,0.0,train,1,0.0016946565844661
S17083,13,20,2025-10-20,18,23,0.0,train,1,0.0024210705505058
S17084,13,21,2025-10-20,55,24,0.0,train,1,0.0025059257349786
S17089,13,20,2025-10-20,33,12,0.0,train,1,0.0031864580989326
S17094,13,21,2025-10-20,54,26,0.0,train,1,0.0030906796327372
S17248,13,2,2025-10-20,21,14,0.0,train,1,0.0024280044179751
S17253,13,18,2025-10-20,15,17,0.005266448379269,train,1,0.0030122651217626
S17273,13,5,2025-10-20,51,16,0.0,train,1,0.0030464926808964
S17275,13,2,2025-10-20,40,17,0.0,train,1,0.003175242245555
S17276,13,8,2025-10-20,37,12,0.0,train,1,0.0033482755889142
S17277,13,5,2025-10-20,44,24,0.0,train,1,0.0033570136533122
S17278,13,4,2025-10-20,44,27,0.0,train,1,0.0032967139999851
S17279,13,5,2025-10-20,37,13,0.0,train,1,0.0030966942670053
S18086,13,18,2025-10-20,55,21,0.0,train,1,0.0028827390734185
S18088,13,20,2025-10-20,31,26,0.0,train,1,0.0023045324839387
S18089,13,20,2025-10-20,34,29,0.0,train,1,0.0026471233905452
S18091,13,18,2025-10-20,30,30,0.0,train,1,0.0027735562874389
S18092,13,15,2025-10-20,29,15,0.0,train,1,0.0022613106590685
S18094,13,16,2025-10-20,39,20,0.0,train,1,0.0013543942804678
S18096,13,20,2025-10-20,43,26,0.0,train,1,0.0026991373343312
S18097,13,11,2025-10-20,17,23,0.0,train,1,0.0031892306378714
S18496,13,17,2025-10-20,46,16,0.0,train,1,0.0025325611943825
S18498,13,15,2025-10-20,51,18,0.0,train,1,0.0021653658794658
S18499,13,21,2025-10-20,41,29,0.0,train,1,0.0022245950877635
S18756,13,6,2025-10-20,35,25,0.0131160519891799,train,1,0.0025623001754986
S18763,13,8,2025-10-20,51,23,0.0119902972242692,train,1,0.0032271938129567
S18764,13,10,2025-10-20,41,24,0.003201329485726,train,1,0.0035210028597089
S18765,13,6,2025-10-20,28,16,0.0041052072943834,train,1,0.0031534021671112
S18766,13,8,2025-10-20,20,27,0.0119236901280046,train,1,0.0032575193810952
S18767,13,8,2025-10-20,18,16,0.0066314855461635,train,1,0.0033047513701397
S18772,13,10,2025-10-20,23,20,0.0,train,1,0.0035186181719143
S18773,13,10,2025-10-20,30,16,0.004390789061016,train,1,0.0031711287173098
S18774,13,8,2025-10-20,45,19,0.0,train,1,0.0032795038675237
S18778,13,2,2025-10-20,63,24,0.0074031514996754,train,1,0.0034020657080373
S18780,13,5,2025-10-20,41,16,0.0085641297370881,train,1,0.0032920873986949
S18784,13,4,2025-10-20,31,19,0.0200499816337666,train,1,0.0032612758950184
S18785,13,4,2025-10-20,49,21,0.0,train,1,0.003297230392172
S18786,13,2,2025-10-20,30,29,0.0093637545452832,train,1,0.0033225311204557
S18787,13,4,2025-10-20,21,23,0.0123765766438808,train,1,0.003351700404189
S18788,13,4,2025-10-20,39,19,0.0071926679857014,train,1,0.0032273715067974
S18949,13,11,2025-10-20,59,16,0.0,train,1,0.0031318786106492
S18953,13,17,2025-10-20,20,24,0.0123305938905256,train,1,0.0026423652111832
S18956,13,11,2025-10-20,43,13,0.0,train,1,0.0031672410727243
S18957,13,11,2025-10-20,25,26,0.0210231269981209,train,1,0.0031765668681689
S18958,13,11,2025-10-20,57,27,0.0043951865190697,train,1,0.003204449278596
S19379,13,20,2025-10-20,61,19,0.0,train,1,0.0025594830514046
S19381,13,18,2025-10-20,20,16,0.0070147210342832,train,1,0.0021125604789507
S19383,13,15,2025-10-20,19,25,0.0,train,1,0.0026199360124332
S19384,13,17,2025-10-20,31,29,0.0034863614522063,train,1,0.0029472030328775
S19386,13,11,2025-10-20,44,29,0.0,train,1,0.0030934690959078
S19387,13,11,2025-10-20,16,20,0.0087631138146874,train,1,0.0031976521808103
S19507,13,17,2025-10-20,47,21,0.0059468255677603,train,1,0.0020299913037696
S19508,13,11,2025-10-20,19,17,0.0,train,1,0.0032939949503466
S19509,13,17,2025-10-20,32,18,0.0,train,1,0.0024397242532609
S19512,13,17,2025-10-20,30,26,0.0,train,1,0.0028512787393112
S19515,13,15,2025-10-20,58,21,0.0029868147453695,train,1,0.0013816238296427
S19516,13,16,2025-10-20,38,27,0.0,train,1,0.0014799083333479
S19518,13,21,2025-10-20,52,29,0.0,train,1,0.0027727285797651
S19526,13,21,2025-10-20,58,28,0.0,train,1,0.0025261894646965
S19802,13,2,2025-10-20,25,22,0.0,train,1,0.0034447996230036
S19804,13,6,2025-10-20,32,17,0.0,train,1,0.0032319094262828
S19805,13,6,2025-10-20,44,20,0.0,train,1,0.003228295223558
S20168,13,4,2025-10-20,44,29,0.0,train,1,0.0033595796685706
S20172,13,8,2025-10-20,32,25,0.0,train,1,0.0033372185967514
S20173,13,8,2025-10-20,55,21,0.0,train,1,0.0028322986294899
S20174,13,6,2025-10-20,26,19,0.0,train,1,0.0033606857432
S20478,13,18,2025-10-20,23,21,0.0,train,1,0.0019526582501569
S20480,13,21,2025-10-20,60,22,0.0,train,1,0.0025076040557024
S20482,13,11,2025-10-20,40,28,0.0,train,1,0.0031462309969394
S20483,13,17,2025-10-20,44,23,0.0,train,1,0.0026092896352269
S20527,13,8,2025-10-20,46,13,0.0,train,1,0.0033177966764105
S20588,13,11,2025-10-20,21,14,0.0,train,1,0.0029121427500309
S20605,13,4,2025-10-20,55,21,0.0,train,1,0.0034013301696393
S20606,13,8,2025-10-20,39,21,0.0030895855479507,train,1,0.0031080126276036
S20878,13,4,2025-10-20,35,20,0.0,train,1,0.003061017562164
S20879,13,2,2025-10-20,37,13,0.0,train,1,0.003381087397363
S20880,13,10,2025-10-20,50,28,0.0,train,1,0.0031372918021236
S20966,13,11,2025-10-20,28,14,0.0,train,1,0.0021699225518553
S20970,13,18,2025-10-20,20,26,0.0,train,1,0.0028742032248545
S20973,13,11,2025-10-20,59,25,0.0,train,1,0.0032737705939267
S20974,13,17,2025-10-20,46,14,0.0,train,1,0.00321968625143
S20976,13,15,2025-10-20,19,21,0.0,train,1,0.0024929053678051
S20977,13,10,2025-10-20,40,12,0.0,train,1,0.0032399753584257
S21299,13,5,2025-10-20,56,30,0.0,train,1,0.0032974687720812
S21329,13,11,2025-10-20,49,31,0.0,train,1,0.0031604030419595
S21725,13,17,2025-10-20,23,21,0.0,train,1,0.0030844108518651
S21727,13,17,2025-10-20,30,15,0.0,train,1,0.0026220580706542
S21728,13,15,2025-10-20,59,22,0.0,train,1,0.0019324821576974
S21732,13,20,2025-10-20,37,17,0.0,train,1,0.0025502077785377
S21733,13,20,2025-10-20,41,12,0.0,train,1,0.0032385931349597
S21996,13,10,2025-10-20,39,31,0.0,train,1,0.0033903158387706
S22056,13,16,2025-10-20,42,17,0.0,train,1,0.0016766282654707
S22058,13,17,2025-10-20,35,29,0.0,train,1,0.0029563248274822
S22070,13,21,2025-10-20,22,21,0.0,train,1,0.0032204061182778
S22205,13,8,2025-10-20,32,28,0.0,train,1,0.0033240262777717
S22207,13,6,2025-10-20,51,27,0.0,train,1,0.0033141142746936
S22217,13,18,2025-10-20,28,29,0.0,train,1,0.0030890631264047
S22219,13,15,2025-10-20,57,24,0.0,train,1,0.0019444171673198
S22220,13,16,2025-10-20,47,28,0.0,train,1,0.0026098490512
S22225,13,11,2025-10-20,55,23,0.0,train,1,0.0033694942724602
S22230,13,21,2025-10-20,62,18,0.0,train,1,0.0023411150369969
S22231,13,21,2025-10-20,20,19,0.0,train,1,0.0021501081042276
S22386,13,4,2025-10-20,55,24,0.0,train,1,0.003341078177361
S22547,13,11,2025-10-20,19,26,0.0127133954294448,train,1,0.0032459832812017
S22548,13,16,2025-10-20,41,12,0.0032211441867097,train,1,0.0025456392753556
S22550,13,18,2025-10-20,19,17,0.0,train,1,0.0029283267461312
S22566,13,5,2025-10-20,29,24,0.0095661546752896,train,1,0.0032322734633359
S22567,13,2,2025-10-20,49,30,0.0063664690755489,train,1,0.0033518806458492
S22568,13,4,2025-10-20,36,13,0.0016221632542487,train,1,0.0031485126783329
S22570,13,4,2025-10-20,28,30,0.0,train,1,0.0032665805827561
S22571,13,4,2025-10-20,19,16,0.0,train,1,0.0033088547038744
S22572,13,4,2025-10-20,35,31,0.0032530542382976,train,1,0.0032597184346081
S22573,13,5,2025-10-20,19,22,0.0047703604165666,train,1,0.0033455231850102
S22574,13,2,2025-10-20,48,25,0.0079747119797182,train,1,0.003273133379411
S22576,13,8,2025-10-20,55,18,0.0047819268182386,train,1,0.0032559352814062
S22577,13,8,2025-10-20,24,25,0.0015633502879773,train,1,0.0033446063832612
S22579,13,6,2025-10-20,38,23,0.0,train,1,0.002619940546115
S22580,13,6,2025-10-20,36,20,0.0,train,1,0.0031251809022867
S22581,13,10,2025-10-20,62,17,0.0047079106160068,train,1,0.0031877766655011
S22582,13,10,2025-10-20,26,27,0.004825898665838,train,1,0.0033881328070888
S22583,13,6,2025-10-20,35,28,0.0016167964658195,train,1,0.003337338321001
S22588,13,8,2025-10-20,38,22,0.0078909931537298,train,1,0.0031857817025741
S22755,13,8,2025-10-20,39,11,0.0093959731543624,train,1,0.0029962619709704
S23136,13,20,2025-10-20,26,29,0.0,train,1,0.0030655996970296
S23137,13,17,2025-10-20,27,21,0.0,train,1,0.0027134781254392
S23139,13,20,2025-10-20,41,16,0.0,train,1,0.0031125851528262
S23140,13,17,2025-10-20,35,19,0.0,train,1,0.0018027385143617
S23142,13,11,2025-10-20,48,20,0.0,train,1,0.0032911257606286
S23147,13,21,2025-10-20,59,25,0.0,train,1,0.0023420039369808
S23148,13,21,2025-10-20,46,18,0.0,train,1,0.0020220098702289
S23468,13,15,2025-10-20,45,30,0.0,train,1,0.0016421083670332
S23471,13,17,2025-10-20,30,19,0.0,train,1,0.0024759497684715
S23473,13,17,2025-10-20,52,23,0.0,train,1,0.0025760600508181
S23474,13,21,2025-10-20,40,19,0.0,train,1,0.0023185761405816
S23537,13,20,2025-10-20,58,29,0.0,train,1,0.0031829189986471
S23629,13,6,2025-10-20,50,17,0.0,train,1,0.0033229658734596
S23805,13,11,2025-10-20,28,20,0.0,train,1,0.0029364847692202
S23806,13,17,2025-10-20,26,17,0.0,train,1,0.0031035291437737
S23807,13,17,2025-10-20,34,26,0.0,train,1,0.0025760537215878
S23808,13,16,2025-10-20,16,20,0.0,train,1,0.0025404961531018
S23813,13,15,2025-10-20,51,25,0.0,train,1,0.0019371010704946
S23818,13,18,2025-10-20,18,23,0.0,train,1,0.0030337723533348
S23819,13,20,2025-10-20,33,31,0.0,train,1,0.0030794375009211
S23820,13,18,2025-10-20,23,22,0.0,train,1,0.0028388639455423
S23851,13,17,2025-10-20,61,20,0.0,train,1,0.0030532453550029
S24032,13,6,2025-10-20,34,13,0.0,train,1,0.0033025225215173
S24194,13,2,2025-10-20,37,11,0.0,train,1,0.002982735212503
S24195,13,6,2025-10-20,45,11,0.0027828170843691,train,1,0.0033523133997136
S24507,13,16,2025-10-20,36,25,0.0,train,1,0.0012160244474056
S24508,13,16,2025-10-20,26,22,0.0,train,1,0.0015424721716154
S24583,13,15,2025-10-20,49,26,0.0,train,1,0.0017418460414109
S24771,13,10,2025-10-20,61,23,0.0020803248153031,train,1,0.0033193216992823
S24772,13,10,2025-10-20,24,17,0.0,train,1,0.0033756947026869
S24775,13,5,2025-10-20,28,20,0.0020831499574567,train,1,0.0033078677600522
S24828,13,17,2025-10-20,30,17,0.0041908568489309,train,1,0.0024305167906728
S24829,13,11,2025-10-20,55,17,0.0,train,1,0.003282105692546
S24830,13,16,2025-10-20,29,13,0.0143734790925579,train,1,0.0021031506530251
S24832,13,20,2025-10-20,58,28,0.0041355667057756,train,1,0.0029484700157275
S24833,13,16,2025-10-20,33,19,0.0,train,1,0.0014535204056691
S24837,13,21,2025-10-20,34,14,0.0041397003090198,train,1,0.0021472236351954
S25078,13,8,2025-10-20,54,22,0.0,train,1,0.0032731480832404
S25090,13,16,2025-10-20,60,28,0.0,train,1,0.0023930602005425
S25098,13,6,2025-10-20,41,18,0.0,train,1,0.0027474227185913
S25109,13,20,2025-10-20,56,24,0.0,train,1,0.0030726886506912
S25111,13,18,2025-10-20,35,23,0.0,train,1,0.0030695465989313
S25277,13,6,2025-10-20,25,30,0.0,train,1,0.0029659412547492
S25280,13,20,2025-10-20,58,14,0.0,train,1,0.002730849138507
S25293,13,6,2025-10-20,48,22,0.0,train,1,0.0032772856851665
S25298,13,10,2025-10-20,52,20,0.0,train,1,0.0029566997943387
S25300,13,8,2025-10-20,29,22,0.0,train,1,0.0029420306997758
S25305,13,2,2025-10-20,38,31,0.0,train,1,0.0033123490582269
S25307,13,2,2025-10-20,23,25,0.0,train,1,0.0029539048127101
S25309,13,2,2025-10-20,38,16,0.0,train,1,0.003312727759292
S25311,13,5,2025-10-20,17,26,0.0061207273443802,train,1,0.0030918279812085
S25444,13,5,2025-10-20,36,15,0.0,train,1,0.0027422663062402
S25445,13,5,2025-10-20,41,19,0.0,train,1,0.0032770319351353
S25446,13,6,2025-10-20,55,24,0.0,train,1,0.0027441323006756
S25448,13,8,2025-10-20,17,18,0.0,train,1,0.0032728616202938
S25690,13,18,2025-10-20,19,19,0.0,train,1,0.0029255059707073
S25691,13,11,2025-10-20,47,13,0.0,train,1,0.0029324421535167
S25692,13,17,2025-10-20,38,16,0.0,train,1,0.0027453599711778
S25693,13,17,2025-10-20,42,24,0.0,train,1,0.0016326445802074
S25744,13,6,2025-10-20,41,17,0.0,train,1,0.0032823595356459
S25745,13,5,2025-10-20,52,24,0.0,train,1,0.003395571969856
S25874,13,21,2025-10-20,39,25,0.0,train,1,0.0030911640361536
S26021,13,16,2025-10-20,53,15,0.0,train,1,0.0019315212119464
S26138,13,17,2025-10-20,33,24,0.0,train,1,0.0019836898290318
S26457,13,17,2025-10-20,28,18,0.0,train,1,0.0031225659015549
S26460,13,11,2025-10-20,20,20,0.0,train,1,0.0033161398123422
S26673,13,20,2025-10-20,43,14,0.0120192017025187,train,1,0.0013172265972758
S26674,13,17,2025-10-20,21,26,0.0074346661879758,train,1,0.0032609915929613
S26675,13,16,2025-10-20,50,27,0.0167892440738166,train,1,0.0015084759729333
S27187,13,8,2025-10-20,53,28,0.0063378629287302,train,1,0.0032554366338182
S27258,13,15,2025-10-20,61,24,0.0,train,1,0.0015922527081531
S27261,13,21,2025-10-20,58,27,0.0,train,1,0.0028429906542378
S27268,13,5,2025-10-20,56,20,0.0,train,1,0.0032408548821534
S27397,13,18,2025-10-20,18,18,0.0,train,1,0.0029966021643769
S27401,13,20,2025-10-20,35,14,0.0,train,1,0.0018146598358383
S27403,13,11,2025-10-20,22,19,0.0,train,1,0.0032978847209514
S27409,13,21,2025-10-20,20,27,0.0,train,1,0.0023428396585038
S27429,13,10,2025-10-20,54,28,0.0,train,1,0.0030074216587867
S27612,13,10,2025-10-20,32,30,0.0,train,1,0.0032589002385676
S27613,13,8,2025-10-20,16,24,0.0,train,1,0.0032501373422453
S27969,13,6,2025-10-20,31,31,0.0,train,1,0.0029894062274914
S27974,13,20,2025-10-20,34,11,0.0023764781263597,train,1,0.0031723500862714
S27975,13,15,2025-10-20,23,13,0.0,train,1,0.0019276905895766
S27981,13,6,2025-10-20,30,23,0.0,train,1,0.003269415951941
S27982,13,5,2025-10-20,15,23,0.0,train,1,0.0033497735059054
S27991,13,6,2025-10-20,18,25,0.0,train,1,0.003332406259755
S27992,13,8,2025-10-20,20,20,0.0,train,1,0.0034198933921771
S27993,13,2,2025-10-20,43,20,0.0,train,1,0.0034250555872196
S27994,13,2,2025-10-20,51,29,0.002369035702369,train,1,0.0032949240721493
S27996,13,2,2025-10-20,23,20,0.0,train,1,0.0032436008835368
S27997,13,5,2025-10-20,51,30,0.0023229617996644,train,1,0.0033257176385847
S27998,13,4,2025-10-20,29,14,0.0,train,1,0.0032704439951637
S28000,13,4,2025-10-20,38,28,0.0,train,1,0.0032191954038315
S28025,13,2,2025-10-20,39,15,0.0,train,1,0.0034535132290933
S28027,13,4,2025-10-20,42,24,0.0,train,1,0.0033446930770208
S28028,13,10,2025-10-20,19,27,0.0,train,1,0.0032567818184779
S28029,13,6,2025-10-20,59,24,0.0,train,1,0.0030067477578133
S28030,13,5,2025-10-20,36,18,0.0,train,1,0.0030801186269792
S28265,13,6,2025-10-20,15,18,0.0,train,1,0.0032690909918331
S28266,13,4,2025-10-20,48,29,0.0,train,1,0.0032380637435066
S28345,13,15,2025-10-20,20,18,0.0,train,1,0.0020004909397023
S28352,13,20,2025-10-20,57,17,0.0,train,1,0.002173310333049
S28354,13,18,2025-10-20,46,27,0.0,train,1,0.0032113808032945
S28713,13,5,2025-10-20,60,20,0.0062949002441965,train,1,0.0030684539218634
S28721,13,2,2025-10-20,19,17,0.0114210864969206,train,1,0.0033324919724631
S28722,13,6,2025-10-20,49,20,0.0017310137053097,train,1,0.0032457032514496
S28723,13,6,2025-10-20,38,19,0.0088550535401124,train,1,0.0032118816854467
S28726,13,8,2025-10-20,39,23,0.0050802022881353,train,1,0.0031816526127706
S28727,13,2,2025-10-20,20,28,0.0,train,1,0.0032507956120975
S28861,13,15,2025-10-20,27,25,0.0,train,1,0.0016681812733941
S29254,13,4,2025-10-20,50,12,0.0,train,1,0.0031302695491531
S29256,13,17,2025-10-20,53,13,0.0,train,1,0.0029939522700887
S29259,13,2,2025-10-20,58,18,0.0,train,1,0.0033667197537441
S29374,13,4,2025-10-20,26,20,0.0,train,1,0.0032696066633209
S29480,13,17,2025-10-20,52,17,0.0,train,1,0.0030720561690684
S29482,13,16,2025-10-20,45,13,0.0,train,1,0.0030455419169054
S29483,13,20,2025-10-20,20,28,0.0046376000186623,train,1,0.0025682302868051
S29485,13,16,2025-10-20,21,22,0.0,train,1,0.002367058905519
S29488,13,20,2025-10-20,20,21,0.0116370005104358,train,1,0.0018714284629845
S29490,13,20,2025-10-20,41,22,0.0,train,1,0.0024348786189532
S29493,13,18,2025-10-20,36,14,0.0,train,1,0.0022972337776412
S29494,13,21,2025-10-20,34,13,0.0,train,1,0.0022431159707983
S29496,13,21,2025-10-20,16,18,0.0,train,1,0.0024325720296293
S29500,13,21,2025-10-20,22,15,0.0,train,1,0.002365143546728
S29798,13,20,2025-10-20,53,20,0.0,train,1,0.0021195203436171
S29799,13,20,2025-10-20,23,26,0.0,train,1,0.0016237975840206
S29800,13,18,2025-10-20,40,15,0.0,train,1,0.0021906877476418
S29801,13,18,2025-10-20,18,27,0.0,train,1,0.0030734301536958
S29802,13,20,2025-10-20,58,23,0.0,train,1,0.0030531082780384
S29803,13,15,2025-10-20,47,28,0.0,train,1,0.0017513069094804
S29805,13,16,2025-10-20,33,23,0.0,train,1,0.0011114258743095
S29807,13,15,2025-10-20,60,18,0.0,train,1,0.0014204465583014
S29809,13,17,2025-10-20,31,20,0.0,train,1,0.0020747271216013
S29812,13,18,2025-10-20,23,19,0.0,train,1,0.0024708051683538
S29814,13,16,2025-10-20,24,15,0.0,train,1,0.0028620626209515
S29815,13,17,2025-10-20,58,25,0.0,train,1,0.0030491382285787
S30336,13,18,2025-10-20,33,12,0.0,train,1,0.0033057948688144
S30337,13,21,2025-10-20,22,22,0.0,train,1,0.0032353013714291
S30339,13,16,2025-10-20,20,28,0.0,train,1,0.0023890627645872
S30340,13,16,2025-10-20,25,24,0.0,train,1,0.001860430323621
S30341,13,17,2025-10-20,42,14,0.0,train,1,0.0030992883274476
S30344,13,11,2025-10-20,55,28,0.0,train,1,0.0031972616970562
S30348,13,21,2025-10-20,21,20,0.0,train,1,0.0018997771714328
S30350,13,21,2025-10-20,27,23,0.0024686574874331,train,1,0.0031315656377659
S30672,13,2,2025-10-20,24,30,0.0174933783867022,train,1,0.0032943097473208
S30673,13,2,2025-10-20,16,17,0.0092083590407743,train,1,0.0027610003660354
S30682,13,16,2025-10-20,40,11,0.010775476576347,train,1,0.0028082313189631
S30715,13,6,2025-10-20,58,26,0.0110713563568194,train,1,0.0032727370559376
S30730,13,8,2025-10-20,24,19,0.00611774056841,train,1,0.0033791935574621
S30731,13,2,2025-10-20,45,13,0.0115786662939128,train,1,0.0033326075945588
S30732,13,10,2025-10-20,48,17,0.0129212402310744,train,1,0.0033480970510277
S30740,13,8,2025-10-20,30,24,0.0107389622715207,train,1,0.0033791869195881
S30741,13,2,2025-10-20,26,15,0.0,train,1,0.0030023897332575
S30743,13,5,2025-10-20,23,23,0.0,train,1,0.0034006617337002
S30945,13,10,2025-10-20,17,27,0.0,train,1,0.0033593788066899
S31393,13,20,2025-10-20,36,32,0.0,train,1,0.0031337979694617
S31397,13,8,2025-10-20,37,18,0.0,train,1,0.003120742936429
S31627,13,17,2025-10-20,33,14,0.0,train,1,0.003294178458329
S31628,13,15,2025-10-20,31,16,0.0,train,1,0.0021237757406611
S32125,13,5,2025-10-20,43,14,0.0044684198696336,train,1,0.0030389282820186
S32131,13,8,2025-10-20,28,27,0.0022165433519308,train,1,0.0032688139493501
S32132,13,5,2025-10-20,53,15,0.0,train,1,0.0030653268021349
S32133,13,10,2025-10-20,31,22,0.0044119539984997,train,1,0.0032733913015664
S32136,13,4,2025-10-20,38,15,0.0,train,1,0.0033364801454662
S32137,13,5,2025-10-20,48,24,0.0,train,1,0.0027566381995491
S32138,13,8,2025-10-20,29,14,0.0,train,1,0.0032731580232819
S32140,13,2,2025-10-20,60,23,0.0,train,1,0.003428383688396
S32159,13,8,2025-10-20,31,23,0.0,train,1,0.0034202815068366
S32166,13,8,2025-10-20,44,25,0.0,train,1,0.0032651026017557
S32169,13,8,2025-10-20,60,20,0.0,train,1,0.0033073772874437
S32170,13,2,2025-10-20,24,19,0.0,train,1,0.0033911336916874
S32171,13,5,2025-10-20,47,21,0.0055081763724724,train,1,0.0032604968662076
S32175,13,5,2025-10-20,47,26,0.002697319504822,train,1,0.0033270063738046
S32177,13,6,2025-10-20,57,20,0.0,train,1,0.0031603407695421
S32451,13,2,2025-10-20,35,32,0.0027502019766039,train,1,0.0032593325346364
S32479,13,15,2025-10-20,21,16,0.0,train,1,0.0019615514001998
S32480,13,20,2025-10-20,39,15,0.0,train,1,0.0022673049126832
S32482,13,20,2025-10-20,37,13,0.0,train,1,0.0026836469428499
S32484,13,11,2025-10-20,58,15,0.0,train,1,0.0028973268168309
S32486,13,18,2025-10-20,42,16,0.0,train,1,0.0022990580309583
S32749,13,17,2025-10-20,23,13,0.0,train,1,0.0022465774905005
S32766,13,8,2025-10-20,16,19,0.0,train,1,0.003302892612399
S32775,13,6,2025-10-20,34,19,0.0,train,1,0.0032393100730327
S32776,13,8,2025-10-20,36,28,0.0,train,1,0.003281693999722
S32777,13,10,2025-10-20,62,25,0.0025345246108969,train,1,0.0031974339308184
S33165,13,5,2025-10-20,14,18,0.0,train,1,0.0031728496707899
S33166,13,2,2025-10-20,58,14,0.001771589689847,train,1,0.0031513052628372
S33168,13,18,2025-10-20,25,13,0.0,train,1,0.0029859000568891
S33402,13,8,2025-10-20,59,23,0.0035563379021899,train,1,0.0033145716477516
S33403,13,5,2025-10-20,37,29,0.0018110792866461,train,1,0.003197118567023
S33404,13,2,2025-10-20,47,20,0.0,train,1,0.0032135369842549
S33405,13,2,2025-10-20,46,23,0.0053597618842205,train,1,0.0034845974331139
S33406,13,5,2025-10-20,32,20,0.0070886328708606,train,1,0.0033593831277738
S33708,13,18,2025-10-20,40,25,0.0,train,1,0.003295056368645
S33710,13,21,2025-10-20,43,21,0.0,train,1,0.0020435336972737
S34039,13,4,2025-10-20,18,21,0.0,train,1,0.0034014791610447
S34041,13,4,2025-10-20,19,17,0.0,train,1,0.0033647948513346
S34042,13,10,2025-10-20,26,15,0.0,train,1,0.003419165634836
S34043,13,4,2025-10-20,32,29,0.0,train,1,0.0033007702503982
S34044,13,4,2025-10-20,41,14,0.0,train,1,0.0033508886774961
S34046,13,10,2025-10-20,35,29,0.0,train,1,0.0031021923831059
S34146,13,21,2025-10-20,29,29,0.0,train,1,0.0020621969552635
S34147,13,20,2025-10-20,37,21,0.0,train,1,0.0026272082974727
S34150,13,15,2025-10-20,47,19,0.0,train,1,0.0018210938011139
S34151,13,15,2025-10-20,41,12,0.0,train,1,0.0012048277598232
S34152,13,16,2025-10-20,13,21,0.0,train,1,0.002816655233245
S34154,13,17,2025-10-20,15,21,0.0,train,1,0.0031711067223057
S34155,13,11,2025-10-20,26,19,0.0,train,1,0.0033487703305275
S34209,13,6,2025-10-20,42,29,0.0109581360774345,train,1,0.0032793337096512
S34221,13,10,2025-10-20,26,21,0.016623252217214,train,1,0.0029772093359669
S34222,13,8,2025-10-20,28,20,0.0345851406833522,train,1,0.0032897791546177
S34226,13,10,2025-10-20,45,19,0.0097340552034806,train,1,0.0033807190195832
S34230,13,2,2025-10-20,19,27,0.0146376662199773,train,1,0.0033406712385249
S34231,13,4,2025-10-20,36,29,0.0107361134898849,train,1,0.0032771745979391
S34232,13,5,2025-10-20,25,24,0.0160606231974212,train,1,0.0033236550939644
S34234,13,4,2025-10-20,59,24,0.0223121967917799,train,1,0.0032372317609974
S34236,13,5,2025-10-20,19,21,0.0093749705263753,train,1,0.0033604718769596
S34333,13,17,2025-10-20,23,20,0.0,train,1,0.0028111743715234
S34335,13,16,2025-10-20,47,16,0.007032886171959,train,1,0.0015236473079475
S34336,13,16,2025-10-20,45,24,0.0,train,1,0.0018574108890463
S34337,13,21,2025-10-20,38,26,0.0,train,1,0.0029554210503623
S34456,13,5,2025-10-20,21,27,0.0,train,1,0.0033172668081519
S34457,13,2,2025-10-20,37,14,0.0,train,1,0.0026440153058462
S34458,13,6,2025-10-20,23,22,0.0,train,1,0.003348814826006
S34459,13,8,2025-10-20,28,26,0.0,train,1,0.0034328709121699
S34582,13,15,2025-10-20,23,30,0.0,train,1,0.0023304053742318
S34809,13,5,2025-10-20,29,12,0.0,train,1,0.003129545336541
S34833,13,4,2025-10-20,16,22,0.0,train,1,0.0032996743831244
S34927,13,11,2025-10-20,28,29,0.0,train,1,0.0031830426904298
S34928,13,17,2025-10-20,48,17,0.0,train,1,0.0026445094713315
S34929,13,17,2025-10-20,35,27,0.0,train,1,0.0024117338750622
S34930,13,16,2025-10-20,29,19,0.0,train,1,0.00139243884164
S34933,13,18,2025-10-20,55,24,0.0,train,1,0.0022231648965294
S34934,13,20,2025-10-20,25,25,0.0,train,1,0.0019311584623605
S34935,13,18,2025-10-20,32,28,0.0,train,1,0.0029231131969097
S34936,13,20,2025-10-20,43,15,0.0,train,1,0.0024046814980852
S34941,13,21,2025-10-20,36,19,0.0,train,1,0.001796960712651
S34942,13,21,2025-10-20,30,26,0.0,train,1,0.0021867861391053
S35091,13,17,2025-10-20,19,20,0.0219467941549679,train,1,0.0029869946063848
S35092,13,17,2025-10-20,24,22,0.0092745386057001,train,1,0.0028245322889131
S35094,13,17,2025-10-20,39,17,0.048591629736757,train,1,0.0022077457624298
S35095,13,15,2025-10-20,61,27,0.0161454638068729,train,1,0.0018437061442413
S35098,13,18,2025-10-20,43,18,0.0196526379970559,train,1,0.0020279607226911
S35099,13,18,2025-10-20,63,24,0.0155804257186745,train,1,0.0029101503688919
S35295,13,11,2025-10-20,35,11,0.0194055041249448,train,1,0.0023930607690994
S35297,13,6,2025-10-20,37,32,0.0213508411458141,train,1,0.0032727881905033
S35411,13,5,2025-10-20,40,20,0.011720994451448,train,1,0.0028897467158773
S35412,13,5,2025-10-20,24,20,0.0382107257976789,train,1,0.0031070089095416
S35413,13,5,2025-10-20,62,22,0.0174337871706292,train,1,0.003360923266845
S35414,13,2,2025-10-20,28,28,0.0234258084535588,train,1,0.0032271145152993
S35417,13,6,2025-10-20,38,21,0.0,train,1,0.0030956210289054
S35418,13,10,2025-10-20,31,20,0.0116380690974809,train,1,0.0033320883055814
S35422,13,6,2025-10-20,33,30,0.0223216290747078,train,1,0.0030619353921994
S35423,13,8,2025-10-20,32,12,0.022765620342918,train,1,0.0032646678007517
S35424,13,10,2025-10-20,25,18,0.0204474966770048,train,1,0.0034795291004838
S35432,13,6,2025-10-20,40,20,0.0759381838343359,train,1,0.0020842999027286
S35433,13,6,2025-10-20,43,25,0.018366662971161,train,1,0.0032961685250214
S35544,13,21,2025-10-20,28,27,0.0219019918914154,train,1,0.003237615860107
S35578,13,17,2025-10-20,29,14,0.0,train,1,0.0029945240600026
S35844,13,11,2025-10-20,37,32,0.0,train,1,0.0031183981164758
S35860,13,6,2025-10-20,31,28,0.0020286376698014,train,1,0.0030444577845942
S35861,13,5,2025-10-20,19,18,0.0177717916016067,train,1,0.0031960079230763
S35863,13,6,2025-10-20,18,27,0.0,train,1,0.0029755480058226
S35868,13,10,2025-10-20,22,27,0.0,train,1,0.0033086699672462
S35875,13,2,2025-10-20,59,24,0.0,train,1,0.0031255171510672
S35876,13,10,2025-10-20,45,24,0.0,train,1,0.0033048427392601
S35877,13,4,2025-10-20,15,19,0.0040068366145858,train,1,0.003153097470796
S35878,13,2,2025-10-20,49,14,0.0,train,1,0.0033798340906432
S35879,13,4,2025-10-20,60,22,0.0059651691731579,train,1,0.0033512406036314
S36516,13,15,2025-10-20,29,24,0.0,train,1,0.0013772888745822
S36836,13,6,2025-10-20,44,22,0.0,train,1,0.0032962205342498
S36838,13,5,2025-10-20,45,12,0.0,train,1,0.0030905595624908
S36839,13,2,2025-10-20,33,14,0.0,train,1,0.0029877796342133
S36841,13,10,2025-10-20,54,25,0.0,train,1,0.0028021146808604
S36842,13,10,2025-10-20,45,14,0.0,train,1,0.0033124912420096
S37267,13,16,2025-10-20,18,28,0.0,train,1,0.002355347866827
S37274,13,15,2025-10-20,38,13,0.0,train,1,0.0020263094012704
S37276,13,18,2025-10-20,48,13,0.0,train,1,0.0027185599673051
S37277,13,20,2025-10-20,42,27,0.0,train,1,0.0029493895015979
S37424,13,5,2025-10-20,33,19,0.0,train,1,0.0031808080398815
S37425,13,5,2025-10-20,55,16,0.0,train,1,0.0028362033623839
S37488,13,17,2025-10-20,35,12,0.0,train,1,0.0032354727667235
S37491,13,11,2025-10-20,24,22,0.0,train,1,0.0033048688386702
S37492,13,15,2025-10-20,34,14,0.0,train,1,0.0018887859961358
S37493,13,15,2025-10-20,43,28,0.0,train,1,0.002278653624622
S37495,13,11,2025-10-20,42,19,0.0084572712112445,train,1,0.0024865272447457
S37500,13,15,2025-10-20,45,16,0.0,train,1,0.0016067678284942
S37501,13,17,2025-10-20,32,28,0.0,train,1,0.0031936324992336
S37503,13,21,2025-10-20,36,27,0.0,train,1,0.0022353703080615
S37504,13,17,2025-10-20,19,22,0.0,train,1,0.003011916967479
S37505,13,20,2025-10-20,45,13,0.0,train,1,0.0032917836020315
S37507,13,11,2025-10-20,23,15,0.0,train,1,0.0031204613555451
S37511,13,20,2025-10-20,50,27,0.0,train,1,0.0027359786556682
S37517,13,21,2025-10-20,34,26,0.0,train,1,0.0020900064000759
S37723,13,6,2025-10-20,42,15,0.0055253532557338,train,1,0.003238093677217
S37724,13,2,2025-10-20,35,17,0.0,train,1,0.0033586182351877
S37727,13,5,2025-10-20,14,19,0.0,train,1,0.0032855591485712
S37728,13,4,2025-10-20,17,20,0.0,train,1,0.0033277966064783
S37729,13,8,2025-10-20,38,13,0.0,train,1,0.0033506117301282
S37730,13,2,2025-10-20,39,29,0.0,train,1,0.0031592530502619
S37731,13,8,2025-10-20,35,23,0.0,train,1,0.0030271670068378
S37733,13,10,2025-10-20,59,26,0.0,train,1,0.0034212840584156
S37735,13,8,2025-10-20,58,22,0.0027688639301154,train,1,0.0028470104602808
S37736,13,6,2025-10-20,54,23,0.0,train,1,0.0031843464776182
S38212,13,21,2025-10-20,41,11,0.0095044517114296,train,1,0.0032464191448661
S38229,13,4,2025-10-20,36,16,0.0,train,1,0.0033616445480477
S38235,13,5,2025-10-20,42,28,0.0,train,1,0.0033156589657076
S38236,13,5,2025-10-20,54,29,0.0107920894201694,train,1,0.003267341798149
S38237,13,4,2025-10-20,51,18,0.0056799350864561,train,1,0.0031537420896313
S38241,13,4,2025-10-20,50,16,0.021974074350408,train,1,0.00329358045173
S38242,13,4,2025-10-20,18,25,0.0054197438980172,train,1,0.0032576205801145
S38243,13,2,2025-10-20,54,18,0.0055401353264443,train,1,0.0032693241004889
S38246,13,4,2025-10-20,39,20,0.002823823525234,train,1,0.0030772636616396
S38293,13,20,2025-10-20,44,20,0.023856718508228,train,1,0.002634633273921
S38295,13,11,2025-10-20,18,19,0.0070898311564555,train,1,0.0032665287050786
S38298,13,21,2025-10-20,50,18,0.0094389277768734,train,1,0.0009872153666175
S38299,13,11,2025-10-20,26,25,0.009866480624376,train,1,0.0032992692589675
S38300,13,11,2025-10-20,46,14,0.0151021682260546,train,1,0.0028783632207202
S38786,13,18,2025-10-20,52,15,0.0,train,1,0.0027922113240511
S38788,13,21,2025-10-20,49,30,0.0,train,1,0.0029960620787814
S38791,13,18,2025-10-20,39,23,0.0,train,1,0.0030061119052716
S38793,13,15,2025-10-20,58,17,0.0,train,1,0.002469127242988
S38796,13,11,2025-10-20,47,19,0.0,train,1,0.0032200184803669
S39119,13,8,2025-10-20,26,15,0.0,train,1,0.0033517639038618
S39120,13,6,2025-10-20,33,26,0.0,train,1,0.0026557123414586
S39121,13,5,2025-10-20,56,17,0.0,train,1,0.0033074587741491
S39260,13,4,2025-10-20,47,15,0.0,train,1,0.003345840699499
S39261,13,5,2025-10-20,23,21,0.0,train,1,0.0032752213710645
S39264,13,10,2025-10-20,49,23,0.0,train,1,0.0032386885596388
S39389,13,15,2025-10-20,50,22,0.0,train,1,0.0016150178310103
S39390,13,20,2025-10-20,29,22,0.0,train,1,0.0022288792768544
S39409,13,20,2025-10-20,21,17,0.0,train,1,0.0031132736824751
S39411,13,20,2025-10-20,54,28,0.0,train,1,0.0032557791373919
S39414,13,20,2025-10-20,18,17,0.0,train,1,0.0027459654161035
S39480,13,2,2025-10-20,51,31,0.0,train,1,0.0032079018737667
S39484,13,5,2025-10-20,25,30,0.0,train,1,0.0030614860053023
S39491,13,6,2025-10-20,22,23,0.0,train,1,0.0032636149942989
S39495,13,10,2025-10-20,41,25,0.0,train,1,0.0029556523778295
S39807,13,6,2025-10-20,45,16,0.0,train,1,0.0029076811871856
S39808,13,6,2025-10-20,39,25,0.0,train,1,0.0032202343126789
S39908,13,5,2025-10-20,43,11,0.0082538670280432,train,1,0.003228621408473
S39909,13,4,2025-10-20,28,12,0.0097923316388856,train,1,0.003171279368883
S40017,13,4,2025-10-20,22,18,0.0049416841498215,train,1,0.0032589503353368
S40019,13,4,2025-10-20,36,21,0.0,train,1,0.0033016588474453
S40021,13,4,2025-10-20,49,14,0.0033221703063482,train,1,0.0033684836618875
S40022,13,8,2025-10-20,48,25,0.0016321678275747,train,1,0.0033271643807896
S40023,13,10,2025-10-20,19,22,0.0016321195880622,train,1,0.0033931486461046
S40026,13,6,2025-10-20,28,18,0.0066611715352191,train,1,0.0032214116348574
S40027,13,6,2025-10-20,42,23,0.0033906052264439,train,1,0.0029623263956639
S40028,13,6,2025-10-20,39,28,0.004914126383025,train,1,0.0032138616156375
S40029,13,6,2025-10-20,50,21,0.0,train,1,0.0029556114156563
S40221,13,17,2025-10-20,38,26,0.0019080306206282,train,1,0.0020386015216214
S40224,13,20,2025-10-20,55,29,0.0076347604344286,train,1,0.002633576533302
S40225,13,17,2025-10-20,58,26,0.0019230248368137,train,1,0.0029252462132354
S40226,13,21,2025-10-20,29,28,0.0,train,1,0.0027931167793852
S40228,13,20,2025-10-20,49,13,0.0019293628056118,train,1,0.0026617693523695
S40229,13,20,2025-10-20,39,26,0.0,train,1,0.0020476082068439
S40230,13,20,2025-10-20,46,21,0.0095901882918659,train,1,0.0022273004010661
S40385,13,11,2025-10-20,28,31,0.0,train,1,0.0031687778815822
S40386,13,18,2025-10-20,49,31,0.0,train,1,0.002985873567503
S40402,13,4,2025-10-20,46,28,0.005705888430938,train,1,0.003292408320634
S40410,13,6,2025-10-20,54,21,0.003930407275603,train,1,0.0033116948321905
S40411,13,2,2025-10-20,24,18,0.0019093720586257,train,1,0.0030285907052361
S40414,13,5,2025-10-20,39,25,0.0116389354003957,train,1,0.003235589156017
S40418,13,4,2025-10-20,48,30,0.0038164128790496,train,1,0.0032611373155127
S40636,13,15,2025-10-20,56,25,0.0021366970189422,train,1,0.0013328075337999
S40638,13,11,2025-10-20,36,14,0.0,train,1,0.0032485643652637
S40643,13,21,2025-10-20,28,17,0.0,train,1,0.0029796306664238
S40670,13,4,2025-10-20,15,26,0.0,train,1,0.0032882598331909
S40684,13,6,2025-10-20,62,21,0.0085665654019348,train,1,0.0033306723503119
S40689,13,10,2025-10-20,21,28,0.0,train,1,0.0032535646536991
S40695,13,4,2025-10-20,22,24,0.0,train,1,0.0033794650041435
S40696,13,5,2025-10-20,59,25,0.0,train,1,0.0029937538602037
S40699,13,5,2025-10-20,55,21,0.0,train,1,0.003167450696259
S40700,13,4,2025-10-20,47,19,0.0021489475777858,train,1,0.0031795663209556
S41281,13,18,2025-10-20,62,26,0.0,train,1,0.0032360920942876
S41285,13,17,2025-10-20,57,28,0.0,train,1,0.0029861513129477
S41289,13,21,2025-10-20,17,20,0.0,train,1,0.0030226638046786
S41559,13,17,2025-10-20,50,16,0.0070959958309239,train,1,0.0025358759688162
S41560,13,15,2025-10-20,46,13,0.0,train,1,0.0012677921607885
S41568,13,21,2025-10-20,34,16,0.0017901781533429,train,1,0.0021359198865997
S41891,13,6,2025-10-20,49,14,0.014029127583865,train,1,0.0032554949126138
S42102,13,18,2025-10-20,43,21,0.0261865050381723,train,1,0.0011220381101809
S42104,13,15,2025-10-20,55,20,0.0109886465392396,train,1,0.0014108204932018
S42107,13,17,2025-10-20,53,27,0.0008474995353247,train,1,0.0030621523158257
S42110,13,21,2025-10-20,58,15,0.0110356772119926,train,1,0.0022119163979207
S42111,13,17,2025-10-20,48,29,0.0229509892476693,train,1,0.0029667569900798
S42112,13,11,2025-10-20,46,22,0.016299677941977,train,1,0.0032453846486343
S42117,13,21,2025-10-20,58,18,0.010181315693417,train,1,0.0018850619413993
S42458,13,5,2025-10-20,36,20,0.0,train,1,0.0032713940541372
S42562,13,5,2025-10-20,19,28,0.0,train,1,0.0031832383580637
S42563,13,17,2025-10-20,22,14,0.0,train,1,0.0032087900813757
S42908,13,20,2025-10-20,38,29,0.0,train,1,0.0023869678374342
S42910,13,17,2025-10-20,44,17,0.0,train,1,0.0025826270285642
S42912,13,17,2025-10-20,17,26,0.0,train,1,0.0031380839746237
S43006,13,16,2025-10-20,25,17,0.0,train,1,0.0014757457850924
S43007,13,16,2025-10-20,37,31,0.0,train,1,0.0027254054328639
S43008,13,21,2025-10-20,58,21,0.0,train,1,0.0029768024088245
S43445,13,11,2025-10-20,40,27,0.0122800190253815,train,1,0.0033163141721302
S43447,13,11,2025-10-20,42,25,0.0079505053050026,train,1,0.003293539949162
S43449,13,11,2025-10-20,21,23,0.0114727608494921,train,1,0.0033549100267935
S43458,13,21,2025-10-20,40,23,0.0,train,1,0.0032263978566864
S43515,13,10,2025-10-20,45,23,0.0169774203725025,train,1,0.0032284619488814
S43516,13,4,2025-10-20,60,18,0.0086194437539382,train,1,0.0031186382383759
S43518,13,4,2025-10-20,22,25,0.0100814017408166,train,1,0.0032729360023846
S43520,13,10,2025-10-20,48,29,0.031319641373779,train,1,0.0030705574147458
S43521,13,6,2025-10-20,37,30,0.0132288294707444,train,1,0.0032302986081351
S43522,13,10,2025-10-20,31,14,0.0087148643672517,train,1,0.0033080358116508
S43523,13,2,2025-10-20,19,23,0.0182563976980531,train,1,0.0032514148388765
S43525,13,8,2025-10-20,45,16,0.0101379743633678,train,1,0.0032070478993971
S43526,13,2,2025-10-20,59,17,0.0115307205540314,train,1,0.0032738221890679
S43527,13,6,2025-10-20,38,13,0.0183587906100511,train,1,0.0031467831462509
S43529,13,8,2025-10-20,26,21,0.0177006909324025,train,1,0.0030771477670957
S43530,13,10,2025-10-20,20,17,0.0191662858476068,train,1,0.0031248355777619
S43717,13,8,2025-10-20,33,31,0.0104642794251632,train,1,0.0033715636292383
S00069,13,8,2025-10-20,40,16,0.0024141213958187,train,2,0.003282025049571
S00072,13,10,2025-10-20,51,25,0.0,train,2,0.003261083591219
S00075,13,6,2025-10-20,36,16,0.0,train,2,0.0032750278885668
S00079,13,4,2025-10-20,28,19,0.0,train,2,0.003308779793652
S00080,13,10,2025-10-20,35,31,0.0024551575598599,train,2,0.0028945632161841
S00081,13,5,2025-10-20,32,25,0.0048692551117381,train,2,0.0033429947769752
S00283,13,21,2025-10-20,37,24,0.0,train,2,0.0030638302042178
S00284,13,15,2025-10-20,63,18,0.0,train,2,0.0023055510701316
S00296,13,10,2025-10-20,15,24,0.0,train,2,0.003024028901907
S00777,13,17,2025-10-20,40,13,0.0,train,2,0.0030082251234965
S01174,13,15,2025-10-20,62,20,0.0,train,2,0.0021487595718263
S01176,13,15,2025-10-20,39,18,0.0,train,2,0.0012068922679373
S01411,13,11,2025-10-20,50,27,0.0071353300772108,train,2,0.003170157493672
S01412,13,11,2025-10-20,34,18,0.0029324388509795,train,2,0.0032593001448456
S01415,13,11,2025-10-20,52,25,0.0187076898131257,train,2,0.0026070271558974
S01416,13,17,2025-10-20,25,25,0.0,train,2,0.0028615596296292
S01418,13,17,2025-10-20,57,23,0.0,train,2,0.0030736039663114
S01419,13,16,2025-10-20,25,25,0.0,train,2,0.0022888490097259
S01423,13,15,2025-10-20,46,29,0.0,train,2,0.0021386076066137
S01425,13,15,2025-10-20,57,27,0.0,train,2,0.0014714774415991
S01426,13,16,2025-10-20,39,23,0.0,train,2,0.0015151661182115
S01513,13,5,2025-10-20,47,20,0.0,train,2,0.0032822857110303
S01517,13,2,2025-10-20,39,23,0.0089309780948444,train,2,0.0033700471548716
S01524,13,2,2025-10-20,61,25,0.0029565646741086,train,2,0.0034161186210419
S01525,13,2,2025-10-20,22,21,0.0,train,2,0.0032857962199185
S01527,13,4,2025-10-20,37,27,0.0014726580440612,train,2,0.0033156526919224
S01957,13,20,2025-10-20,50,25,0.0,train,2,0.0028965763938094
S01959,13,18,2025-10-20,57,25,0.0,train,2,0.0025769404171111
S01961,13,16,2025-10-20,28,18,0.0,train,2,0.0020008013685106
S01962,13,17,2025-10-20,53,14,0.0,train,2,0.0020183630626047
S01974,13,10,2025-10-20,14,25,0.0,train,2,0.0032696135443266
S01975,13,10,2025-10-20,27,31,0.0,train,2,0.0032935488630365
S02002,13,2,2025-10-20,54,28,0.0,train,2,0.0032638037807845
S02003,13,5,2025-10-20,60,23,0.0,train,2,0.0030819116804245
S02006,13,5,2025-10-20,38,31,0.0,train,2,0.0031992195911423
S02007,13,5,2025-10-20,40,17,0.0,train,2,0.0032544585624274
S02368,13,6,2025-10-20,56,29,0.0,train,2,0.0031589302801689
S02420,13,16,2025-10-20,55,22,0.0,train,2,0.0017954336536545
S02421,13,20,2025-10-20,24,15,0.0,train,2,0.0025076541209125
S02423,13,16,2025-10-20,35,22,0.0,train,2,0.0012577812370088
S02424,13,11,2025-10-20,20,28,0.0,train,2,0.003252462496245
S02519,13,16,2025-10-20,37,11,0.0,train,2,0.003025334504843
S02520,13,11,2025-10-20,41,11,0.0,train,2,0.0026131310581131
S02544,13,10,2025-10-20,54,23,0.0,train,2,0.0033522681205681
S02547,13,2,2025-10-20,50,27,0.0,train,2,0.0033262965135334
S02549,13,2,2025-10-20,17,19,0.0,train,2,0.00297623170606
S02550,13,2,2025-10-20,58,28,0.0,train,2,0.0032592826859113
S02551,13,4,2025-10-20,49,28,0.0,train,2,0.0032657547248014
S02556,13,5,2025-10-20,54,27,0.0,train,2,0.0033683046927991
S02850,13,11,2025-10-20,52,21,0.0,train,2,0.0032877033225283
S02851,13,11,2025-10-20,54,18,0.0,train,2,0.003031657887756
S02853,13,15,2025-10-20,39,20,0.0,train,2,0.0021543652592531
S02974,13,17,2025-10-20,42,11,0.0,train,2,0.003147393357731
S02975,13,15,2025-10-20,37,11,0.0,train,2,0.001336721754783
S02982,13,5,2025-10-20,29,15,0.0,train,2,0.0030458724500898
S03171,13,21,2025-10-20,22,14,0.0076579824837133,train,2,0.0026804148791059
S03341,13,11,2025-10-20,23,25,0.0028432331622816,train,2,0.0032892255777811
S03343,13,11,2025-10-20,27,24,0.0,train,2,0.0033148232751615
S03347,13,15,2025-10-20,46,17,0.0,train,2,0.0022802337034665
S03348,13,15,2025-10-20,27,29,0.0,train,2,0.0016948047594524
S03350,13,18,2025-10-20,26,22,0.0029072488183817,train,2,0.002954147145406
S03351,13,20,2025-10-20,60,26,0.0,train,2,0.0028773935809793
S03352,13,20,2025-10-20,62,25,0.0,train,2,0.0026978430195985
S03354,13,21,2025-10-20,53,19,0.0,train,2,0.0026939645623326
S03637,13,5,2025-10-20,49,17,0.0,train,2,0.0025294844640649
S03639,13,5,2025-10-20,52,21,0.0,train,2,0.0031411805176289
S03641,13,10,2025-10-20,45,28,0.0,train,2,0.0020543694680278
S03642,13,2,2025-10-20,45,24,0.0,train,2,0.0034363826093142
S03643,13,6,2025-10-20,48,25,0.0,train,2,0.0028208263251237
S03678,13,15,2025-10-20,34,15,0.0,train,2,0.0016778681942706
S03679,13,20,2025-10-20,48,16,0.0,train,2,0.0015295963831746
S03939,13,8,2025-10-20,46,30,0.0,train,2,0.0032463055219833
S04026,13,6,2025-10-20,20,29,0.0,train,2,0.0028977114102741
S04048,13,17,2025-10-20,53,26,0.0,train,2,0.0030698206034353
S04053,13,20,2025-10-20,22,25,0.0,train,2,0.0020443943527081
S04059,13,21,2025-10-20,42,17,0.0,train,2,0.002026881275949
S04434,13,15,2025-10-20,22,19,0.0,train,2,0.0017534632358687
S04435,13,16,2025-10-20,45,18,0.0,train,2,0.0013835196830512
S04436,13,17,2025-10-20,25,19,0.0,train,2,0.0016866267869521
S04437,13,11,2025-10-20,36,12,0.0,train,2,0.0031596355085034
S04438,13,18,2025-10-20,35,27,0.0,train,2,0.0019152938258018
S04441,13,21,2025-10-20,58,17,0.0,train,2,0.0025313076229459
S04575,13,8,2025-10-20,20,17,0.0,train,2,0.0033632363733538
S04576,13,2,2025-10-20,19,18,0.0,train,2,0.0032760988922553
S04577,13,5,2025-10-20,57,22,0.0,train,2,0.0033316283581644
S04578,13,4,2025-10-20,64,21,0.0,train,2,0.00330719104649
S04579,13,5,2025-10-20,16,24,0.0,train,2,0.003384274961673
S04800,13,20,2025-10-20,33,24,0.0,train,2,0.0019865547252935
S04802,13,16,2025-10-20,46,19,0.0,train,2,0.0017999762386475
S04805,13,11,2025-10-20,49,24,0.0,train,2,0.0032569034849566
S04806,13,16,2025-10-20,38,14,0.0,train,2,0.0019140639901733
S04807,13,11,2025-10-20,38,31,0.0,train,2,0.0031964084804364
S04824,13,10,2025-10-20,41,29,0.0,train,2,0.0033152678575229
S04876,13,4,2025-10-20,24,19,0.0,train,2,0.0033703589004831
S04880,13,2,2025-10-20,21,19,0.0,train,2,0.003420380453409
S04883,13,10,2025-10-20,26,22,0.0,train,2,0.0033168997355325
S04888,13,8,2025-10-20,53,25,0.0,train,2,0.0032614541159681
S05123,13,21,2025-10-20,39,13,0.0,train,2,0.002438205883802
S05124,13,16,2025-10-20,37,28,0.0,train,2,0.0018763935909341
S05126,13,21,2025-10-20,41,28,0.0,train,2,0.0019766974928135
S05572,13,20,2025-10-20,22,14,0.0087115037422656,train,2,0.0031301693370554
S05632,13,18,2025-10-20,47,28,0.0,train,2,0.002920453113051
S05633,13,18,2025-10-20,44,17,0.0,train,2,0.0023866622432393
S05636,13,15,2025-10-20,29,17,0.0,train,2,0.0011951753536204
S05639,13,21,2025-10-20,40,12,0.0,train,2,0.0025010920685297
S05742,13,4,2025-10-20,29,22,0.0085383745821006,train,2,0.003350478958024
S05743,13,2,2025-10-20,23,15,0.0070337073086162,train,2,0.0030767935341181
S05744,13,2,2025-10-20,42,22,0.0035164430859795,train,2,0.0027787942883235
S05745,13,10,2025-10-20,31,24,0.0034524677850717,train,2,0.003575342661196
S05746,13,2,2025-10-20,46,27,0.0086874746542489,train,2,0.003286827470293
S05747,13,10,2025-10-20,45,26,0.0017579603415465,train,2,0.003297510220486
S05748,13,6,2025-10-20,41,31,0.0052460469927589,train,2,0.0029957819830286
S05751,13,8,2025-10-20,51,30,0.0,train,2,0.0033100218573416
S06095,13,20,2025-10-20,32,22,0.0,train,2,0.0028883763124834
S06097,13,21,2025-10-20,21,17,0.0,train,2,0.0027458698839317
S06300,13,4,2025-10-20,44,14,0.0089958821666138,train,2,0.0033324383483629
S06301,13,5,2025-10-20,58,15,0.0059951387506709,train,2,0.0029864707890969
S06305,13,4,2025-10-20,45,13,0.0060879444612873,train,2,0.0033088574361989
S06307,13,5,2025-10-20,42,29,0.0,train,2,0.0032781317804024
S06311,13,8,2025-10-20,58,27,0.0060516398482828,train,2,0.0032793333093849
S06312,13,10,2025-10-20,53,17,0.0061680706163416,train,2,0.0034327917936071
S06318,13,5,2025-10-20,61,18,0.0124662164280652,train,2,0.0027580751735598
S06465,13,11,2025-10-20,56,19,0.0106414868105515,train,2,0.0030472489608713
S06722,13,15,2025-10-20,47,24,0.0,train,2,0.0021115852752955
S06723,13,20,2025-10-20,44,22,0.0,train,2,0.002378990647272
S06724,13,20,2025-10-20,28,30,0.0,train,2,0.0032942367403073
S06728,13,21,2025-10-20,43,13,0.0,train,2,0.0021071960332961
S06815,13,18,2025-10-20,56,23,0.0,train,2,0.0027944566066572
S06816,13,16,2025-10-20,32,20,0.0,train,2,0.0012972261928743
S06817,13,17,2025-10-20,36,15,0.0,train,2,0.0029046024196698
S07084,13,18,2025-10-20,41,32,0.008981535444988,train,2,0.0029047147906054
S07097,13,8,2025-10-20,39,20,0.0022901748274304,train,2,0.0033378932725563
S07102,13,6,2025-10-20,59,22,0.0,train,2,0.0033012679711116
S07103,13,8,2025-10-20,51,17,0.0022546737981499,train,2,0.0032834000866988
S07105,13,10,2025-10-20,17,25,0.0,train,2,0.0033557500079917
S07110,13,4,2025-10-20,24,14,0.009092322750016,train,2,0.0032383638068231
S07111,13,10,2025-10-20,37,26,0.0092386051007509,train,2,0.003284823447734
S07113,13,8,2025-10-20,15,22,0.0,train,2,0.0032867244035247
S07115,13,4,2025-10-20,24,17,0.0023016611788024,train,2,0.0033568495777152
S07330,13,16,2025-10-20,57,26,0.0,train,2,0.0029807113043695
S07331,13,16,2025-10-20,49,18,0.0,train,2,0.0010487661853379
S07333,13,20,2025-10-20,54,17,0.0,train,2,0.0030053661895244
S07370,13,8,2025-10-20,33,27,0.0161154345006485,train,2,0.0033139072718092
S07373,13,8,2025-10-20,54,29,0.0029829157551368,train,2,0.0031489351443104
S07448,13,2,2025-10-20,26,14,0.0,train,2,0.0033293241977446
S07449,13,6,2025-10-20,45,18,0.0,train,2,0.0029740707975968
S07450,13,6,2025-10-20,23,19,0.0,train,2,0.0033273568212158
S07451,13,10,2025-10-20,28,23,0.0,train,2,0.0033762220774803
S07646,13,10,2025-10-20,37,32,0.0118158397524012,train,2,0.0032720342171277
S07653,13,11,2025-10-20,60,15,0.0218317592795958,train,2,0.0029119713066455
S08262,13,15,2025-10-20,20,26,0.0034132974376231,train,2,0.0022013481723788
S08263,13,11,2025-10-20,15,19,0.0203249815970991,train,2,0.0029646244847626
S08267,13,11,2025-10-20,23,24,0.0011492737838394,train,2,0.0031444877331786
S08268,13,11,2025-10-20,43,20,0.0068167634775094,train,2,0.0033009918353372
S08269,13,16,2025-10-20,33,26,0.0184162318518364,train,2,0.0026937855236388
S08270,13,15,2025-10-20,40,16,0.0046852426639893,train,2,0.0012529827484389
S08272,13,18,2025-10-20,14,22,0.0137329805679706,train,2,0.0030260958291183
S08388,13,10,2025-10-20,23,24,0.006944347412986,train,2,0.0034135064527753
S08390,13,6,2025-10-20,26,22,0.0,train,2,0.0032661500982382
S08392,13,8,2025-10-20,29,25,0.0214333460313809,train,2,0.0032690633895304
S08393,13,10,2025-10-20,45,15,0.0179348733146586,train,2,0.0032232255024381
S08395,13,10,2025-10-20,33,23,0.0090910130214585,train,2,0.0034796614587216
S08398,13,5,2025-10-20,29,30,0.0071011666202304,train,2,0.002654777352327
S08399,13,4,2025-10-20,35,30,0.0131168229792726,train,2,0.0033330239877413
S08928,13,21,2025-10-20,37,32,0.0,train,2,0.0029107717786111
S09154,13,16,2025-10-20,42,14,0.0,train,2,0.0022947438242319
S09156,13,16,2025-10-20,42,20,0.0,train,2,0.0019074534784291
S09158,13,15,2025-10-20,30,27,0.0,train,2,0.0013575320548051
S09163,13,21,2025-10-20,51,13,0.0,train,2,0.0028077618873705
S09164,13,18,2025-10-20,31,20,0.0,train,2,0.0025721597567512
S09166,13,21,2025-10-20,20,25,0.0,train,2,0.0025149152255568
S09187,13,4,2025-10-20,46,21,0.0,train,2,0.0032915488386535
S09188,13,6,2025-10-20,21,17,0.0,train,2,0.003282129510743
S09189,13,6,2025-10-20,32,14,0.0,train,2,0.0031257053120255
S09336,13,11,2025-10-20,40,21,0.0,train,2,0.0027355869655382
S09337,13,16,2025-10-20,24,18,0.0,train,2,0.0012658294357135
S09338,13,16,2025-10-20,60,22,0.0,train,2,0.0027855084637219
S09341,13,20,2025-10-20,28,18,0.0,train,2,0.0020531351971021
S09342,13,18,2025-10-20,27,28,0.0,train,2,0.0032691493841462
S09343,13,20,2025-10-20,26,20,0.0,train,2,0.0025436462004014
S09521,13,5,2025-10-20,40,23,0.0,train,2,0.0032724482682161
S09670,13,6,2025-10-20,44,14,0.0,train,2,0.0032243185169596
S09726,13,16,2025-10-20,31,27,0.0,train,2,0.0025222669099775
S09727,13,21,2025-10-20,46,22,0.0,train,2,0.0019968565611073
S09729,13,15,2025-10-20,32,19,0.0,train,2,0.0015232703520824
S09731,13,20,2025-10-20,34,13,0.0,train,2,0.0026538106625568
S09732,13,18,2025-10-20,27,15,0.0,train,2,0.0020125099176512
S09754,13,2,2025-10-20,48,12,0.0,train,2,0.0027241648748382
S09757,13,6,2025-10-20,15,25,0.0,train,2,0.0032877281295613
S09759,13,2,2025-10-20,26,20,0.0,train,2,0.0033763603178275
S10274,13,10,2025-10-20,61,19,0.0,train,2,0.0033196815463724
S10393,13,17,2025-10-20,52,21,0.0,train,2,0.0023707941984921
S10396,13,18,2025-10-20,43,30,0.0,train,2,0.0024952417560984
S10400,13,18,2025-10-20,60,23,0.0,train,2,0.0026550766936277
S10466,13,10,2025-10-20,40,21,0.0,train,2,0.0030154367074464
S10761,13,18,2025-10-20,37,25,0.0,train,2,0.0028265386724516
S10956,13,18,2025-10-20,42,24,0.021171085816856,train,2,0.0019067749338662
S10957,13,20,2025-10-20,22,15,0.0173087052862074,train,2,0.0030534623260088
S10962,13,17,2025-10-20,56,21,0.0179877696529816,train,2,0.0025087495673349
S10963,13,11,2025-10-20,31,16,0.011360311597118,train,2,0.0028609701694429
S10964,13,11,2025-10-20,26,23,0.0137436417966773,train,2,0.0033685218455346
S10971,13,21,2025-10-20,40,21,0.0085882149645757,train,2,0.0022922507325528
S10972,13,21,2025-10-20,17,26,0.0298564520136858,train,2,0.0023436709437845
S11527,13,17,2025-10-20,63,17,0.0147286752786446,train,2,0.0032484408289544
S11738,13,20,2025-10-20,25,21,0.0,train,2,0.0024686566425717
S11739,13,20,2025-10-20,18,20,0.0,train,2,0.0030668298655144
S11744,13,16,2025-10-20,41,26,0.0,train,2,0.0011433418419901
S11745,13,16,2025-10-20,52,23,0.0,train,2,0.0011216678248037
S11748,13,21,2025-10-20,42,15,0.0,train,2,0.0026979140181289
S11824,13,2,2025-10-20,42,19,0.0,train,2,0.0030636792960768
S11825,13,2,2025-10-20,15,18,0.0,train,2,0.0032382041896838
S11826,13,2,2025-10-20,42,27,0.0,train,2,0.0033702530841174
S12271,13,10,2025-10-20,39,20,0.0,train,2,0.0034904548790159
S12272,13,2,2025-10-20,44,30,0.0,train,2,0.0033841549659707
S12274,13,4,2025-10-20,36,14,0.0,train,2,0.0032896576721371
S12275,13,5,2025-10-20,24,26,0.0,train,2,0.0034170050009465
S12318,13,8,2025-10-20,37,24,0.0,train,2,0.003277835263396
S12421,13,18,2025-10-20,44,14,0.0,train,2,0.003103851196348
S12422,13,16,2025-10-20,59,18,0.0,train,2,0.0017436540396567
S12424,13,15,2025-10-20,46,15,0.0,train,2,0.0016480183064699
S12425,13,11,2025-10-20,50,26,0.0,train,2,0.0031994765874653
S12426,13,17,2025-10-20,34,20,0.0,train,2,0.0013045138700577
S12427,13,11,2025-10-20,54,26,0.0,train,2,0.0023192936036436
S12428,13,11,2025-10-20,42,30,0.0,train,2,0.0029563413816604
S12431,13,21,2025-10-20,57,26,0.0,train,2,0.0023623511090432
S12434,13,21,2025-10-20,33,20,0.0,train,2,0.0020373440218789
S12922,13,8,2025-10-20,35,20,0.0,train,2,0.0031123575845611
S13013,13,17,2025-10-20,47,22,0.0,train,2,0.0026127726166289
S13015,13,15,2025-10-20,18,16,0.0,train,2,0.0017464369588277
S13016,13,15,2025-10-20,62,23,0.0,train,2,0.001413753056822
S13193,13,20,2025-10-20,15,23,0.0,train,2,0.0027301480637865
S13194,13,17,2025-10-20,47,30,0.0,train,2,0.0030339861294477
S13204,13,6,2025-10-20,16,17,0.0,train,2,0.0032432453305751
S13205,13,21,2025-10-20,44,32,0.0,train,2,0.0032826625896539
S13208,13,10,2025-10-20,48,21,0.0,train,2,0.0033421038221832
S13209,13,4,2025-10-20,41,17,0.0,train,2,0.0033324855137741
S13210,13,10,2025-10-20,25,25,0.0,train,2,0.0032535580625376
S13286,13,20,2025-10-20,26,26,0.0,train,2,0.0022834738209462
S13287,13,18,2025-10-20,23,15,0.0,train,2,0.0027862203187879
S13288,13,20,2025-10-20,48,19,0.0,train,2,0.0026402292196944
S13360,13,21,2025-10-20,40,32,0.0,train,2,0.003153171798589
S13533,13,18,2025-10-20,50,12,0.0079286580307574,train,2,0.0031729597313117
S13538,13,15,2025-10-20,17,27,0.0051603525029526,train,2,0.0014375407237069
S13569,13,8,2025-10-20,23,29,0.0056941214211243,train,2,0.0031094328374295
S13584,13,5,2025-10-20,19,16,0.0026501154426545,train,2,0.0030825584974646
S13585,13,10,2025-10-20,38,23,0.0,train,2,0.0029108754772615
S13587,13,8,2025-10-20,24,23,0.0039442566227005,train,2,0.0032705225971046
S13591,13,8,2025-10-20,15,21,0.0018800547750365,train,2,0.003244412904261
S13596,13,8,2025-10-20,51,13,0.0193863460833339,train,2,0.0033151656777734
S13598,13,10,2025-10-20,22,22,0.0038411005487286,train,2,0.0032738705841621
S13603,13,2,2025-10-20,57,23,0.0053640715137582,train,2,0.0033098264905465
S13604,13,10,2025-10-20,39,14,0.0,train,2,0.0030948392813573
S13605,13,4,2025-10-20,46,23,0.0,train,2,0.0032932500737246
S13606,13,2,2025-10-20,41,16,0.0056295591500158,train,2,0.003374655712094
S13607,13,5,2025-10-20,30,13,0.0064782372937913,train,2,0.0024485334280709
S13723,13,10,2025-10-20,35,12,0.0051432903087267,train,2,0.0033204288667592
S13725,13,11,2025-10-20,64,23,0.0051218632452207,train,2,0.0030258464047908
S13726,13,15,2025-10-20,39,15,0.0264316009200537,train,2,0.0011892413185679
S14280,13,17,2025-10-20,27,22,0.0,train,2,0.0028742059377691
S14284,13,21,2025-10-20,25,24,0.0,train,2,0.0030250483058919
S14286,13,21,2025-10-20,35,18,0.0,train,2,0.0018851318650768
S14287,13,6,2025-10-20,57,14,0.0,train,2,0.0029875185491603
S14414,13,8,2025-10-20,50,29,0.0,train,2,0.0032362363825537
S14415,13,4,2025-10-20,17,18,0.0,train,2,0.0033071969290986
S14416,13,2,2025-10-20,58,27,0.0,train,2,0.003317230205686
S14418,13,5,2025-10-20,47,31,0.0,train,2,0.0033168454645652
S14518,13,2,2025-10-20,27,18,0.0,train,2,0.0033753503260886
S14519,13,6,2025-10-20,62,26,0.0,train,2,0.0029782471392145
S14521,13,4,2025-10-20,32,21,0.0,train,2,0.0033838953968609
S14588,13,5,2025-10-20,29,28,0.0,train,2,0.0033369538533627
S14591,13,4,2025-10-20,32,17,0.0,train,2,0.0033178330715734
S14592,13,8,2025-10-20,15,20,0.0,train,2,0.0032917620397712
S14593,13,8,2025-10-20,56,23,0.0,train,2,0.003290298693692
S14594,13,2,2025-10-20,20,25,0.0,train,2,0.003403359167898
S14595,13,6,2025-10-20,18,24,0.0,train,2,0.0032671590802588
S14973,13,2,2025-10-20,59,20,0.0,train,2,0.0033020125335087
S15084,13,18,2025-10-20,57,26,0.0,train,2,0.0028808460048969
S15299,13,4,2025-10-20,39,11,0.0,train,2,0.0022503287100242
S15300,13,20,2025-10-20,24,30,0.0,train,2,0.003124575979383
S15663,13,18,2025-10-20,37,29,0.0117362102060162,train,2,0.002921619336484
S15666,13,11,2025-10-20,41,16,0.0066088228449852,train,2,0.0030399639237406
S15668,13,21,2025-10-20,33,15,0.0033658404442638,train,2,0.002604947270106
S16071,13,11,2025-10-20,54,27,0.0018777107796466,train,2,0.0032357518879949
S16072,13,11,2025-10-20,53,22,0.0036905027103289,train,2,0.0029553119677423
S16074,13,17,2025-10-20,26,20,0.0,train,2,0.0026468085747248
S16076,13,20,2025-10-20,29,24,0.0,train,2,0.0018025003792882
S16081,13,21,2025-10-20,20,28,0.0,train,2,0.0024572900364976
S16156,13,8,2025-10-20,43,13,0.0,train,2,0.0032646167999202
S16777,13,15,2025-10-20,23,15,0.0,train,2,0.0019363371076184
S16795,13,17,2025-10-20,49,18,0.0,train,2,0.0026632160543959
S16797,13,18,2025-10-20,30,22,0.0,train,2,0.0026521604589383
S16798,13,18,2025-10-20,36,26,0.0,train,2,0.002880773333655
S16802,13,21,2025-10-20,38,15,0.0,train,2,0.0029346523615621
S17062,13,11,2025-10-20,30,21,0.0,train,2,0.0031085250030682
S17063,13,11,2025-10-20,31,22,0.0031162023713234,train,2,0.0032098983867649
S17064,13,11,2025-10-20,19,25,0.0,train,2,0.0032656816367795
S17065,13,11,2025-10-20,18,18,0.0,train,2,0.0033896272841365
S17067,13,11,2025-10-20,15,22,0.0026460942158616,train,2,0.0032346274752871
S17069,13,17,2025-10-20,19,23,0.0,train,2,0.0031194951050139
S17070,13,11,2025-10-20,22,18,0.0,train,2,0.0027235899031359
S17072,13,17,2025-10-20,50,27,0.0,train,2,0.002644628159693
S17075,13,15,2025-10-20,24,17,0.0,train,2,0.0013104147651414
S17076,13,16,2025-10-20,39,21,0.0,train,2,0.0013778481098806
S17078,13,15,2025-10-20,23,18,0.0,train,2,0.001501245656317
S17080,13,15,2025-10-20,18,19,0.0,train,2,0.0018272007830026
S17081,13,15,2025-10-20,37,26,0.0,train,2,0.0019643102044106
S17083,13,20,2025-10-20,19,23,0.0,train,2,0.002629354237173
S17084,13,21,2025-10-20,54,24,0.0,train,2,0.0025642625963091
S17089,13,20,2025-10-20,32,12,0.0,train,2,0.0031863676712075
S17094,13,21,2025-10-20,53,26,0.0,train,2,0.0029292072950071
S17248,13,2,2025-10-20,20,14,0.0,train,2,0.0034708096530074
S17253,13,18,2025-10-20,16,17,0.005266448379269,train,2,0.0030016240674362
S17273,13,5,2025-10-20,50,16,0.0,train,2,0.0032196206747925
S17275,13,2,2025-10-20,41,17,0.0,train,2,0.0030431323155923
S17276,13,8,2025-10-20,36,12,0.0,train,2,0.0033619861112062
S17277,13,5,2025-10-20,43,24,0.0,train,2,0.0033910861585589
S17278,13,4,2025-10-20,45,27,0.0,train,2,0.003268225704443
S17279,13,5,2025-10-20,38,13,0.0,train,2,0.0030368926302808
S18086,13,18,2025-10-20,56,21,0.0,train,2,0.0017652728540709
S18088,13,20,2025-10-20,30,26,0.0,train,2,0.0019578453872703
S18089,13,20,2025-10-20,35,29,0.0,train,2,0.002673775650392
S18091,13,18,2025-10-20,29,30,0.0,train,2,0.0023847721906403
S18092,13,15,2025-10-20,30,15,0.0,train,2,0.0016014194085017
S18094,13,16,2025-10-20,38,20,0.0,train,2,0.0010295449930167
S18096,13,20,2025-10-20,42,26,0.0,train,2,0.0025626720064783
S18097,13,11,2025-10-20,18,23,0.0,train,2,0.0031324553405505
S18496,13,17,2025-10-20,45,16,0.0,train,2,0.00255438634169
S18498,13,15,2025-10-20,50,18,0.0,train,2,0.0016179346901873
S18499,13,21,2025-10-20,42,29,0.0,train,2,0.0029172771696284
S18756,13,6,2025-10-20,36,25,0.0131160519891799,train,2,0.0031996450954688
S18763,13,8,2025-10-20,52,23,0.0119902972242692,train,2,0.0030604231260545
S18764,13,10,2025-10-20,40,24,0.003201329485726,train,2,0.0036419011372783
S18765,13,6,2025-10-20,27,16,0.0041052072943834,train,2,0.0031230332652994
S18766,13,8,2025-10-20,21,27,0.0119236901280046,train,2,0.0033660005692003
S18767,13,8,2025-10-20,15,18,0.0066314855461635,train,2,0.0032251261877632
S18772,13,10,2025-10-20,22,20,0.0,train,2,0.0034986534210985
S18773,13,10,2025-10-20,29,16,0.004390789061016,train,2,0.0029851907723369
S18774,13,8,2025-10-20,46,19,0.0,train,2,0.0031413285911417
S18778,13,2,2025-10-20,62,24,0.0074031514996754,train,2,0.003407868030263
S18780,13,5,2025-10-20,40,16,0.0085641297370881,train,2,0.0032722839642217
S18784,13,4,2025-10-20,32,19,0.0200499816337666,train,2,0.0031813662683129
S18785,13,4,2025-10-20,50,21,0.0,train,2,0.0031467942218299
S18786,13,2,2025-10-20,31,29,0.0093637545452832,train,2,0.0027659622860411
S18787,13,4,2025-10-20,22,23,0.0123765766438808,train,2,0.0033350080610355
S18788,13,4,2025-10-20,40,19,0.0071926679857014,train,2,0.0032199043544462
S18949,13,11,2025-10-20,58,16,0.0,train,2,0.0027716790491686
S18953,13,17,2025-10-20,19,24,0.0123305938905256,train,2,0.0030704253554049
S18956,13,11,2025-10-20,44,13,0.0,train,2,0.003039969860894
S18957,13,11,2025-10-20,24,26,0.0210231269981209,train,2,0.0032772536401298
S18958,13,11,2025-10-20,58,27,0.0043951865190697,train,2,0.0031284193518604
S19379,13,20,2025-10-20,62,19,0.0,train,2,0.0030553964956991
S19381,13,18,2025-10-20,18,16,0.0070147210342832,train,2,0.0030181115144325
S19383,13,15,2025-10-20,20,25,0.0,train,2,0.002704276909625
S19384,13,17,2025-10-20,32,29,0.0034863614522063,train,2,0.0027079767940416
S19386,13,11,2025-10-20,46,29,0.0,train,2,0.0030277945905628
S19387,13,11,2025-10-20,15,20,0.0087631138146874,train,2,0.0031727406050857
S19507,13,17,2025-10-20,48,21,0.0059468255677603,train,2,0.0020690575938661
S19508,13,11,2025-10-20,17,17,0.0,train,2,0.0032066570478622
S19509,13,17,2025-10-20,31,18,0.0,train,2,0.0025042017824303
S19512,13,17,2025-10-20,29,26,0.0,train,2,0.0023029305761901
S19515,13,15,2025-10-20,59,21,0.0029868147453695,train,2,0.0015349360609111
S19516,13,16,2025-10-20,39,27,0.0,train,2,0.0028276192731195
S19518,13,21,2025-10-20,53,29,0.0,train,2,0.0025334305316228
S19526,13,21,2025-10-20,57,28,0.0,train,2,0.0025329368079574
S19802,13,2,2025-10-20,24,22,0.0,train,2,0.0034864027395563
S19804,13,6,2025-10-20,33,17,0.0,train,2,0.003228328031998
S19805,13,6,2025-10-20,43,20,0.0,train,2,0.0032837034639689
S20168,13,4,2025-10-20,45,29,0.0,train,2,0.0033266778299207
S20172,13,8,2025-10-20,33,25,0.0,train,2,0.0033139296560107
S20173,13,8,2025-10-20,56,21,0.0,train,2,0.0033286442269993
S20174,13,6,2025-10-20,27,19,0.0,train,2,0.0033129763219237
S20478,13,18,2025-10-20,24,21,0.0,train,2,0.002201714631202
S20480,13,21,2025-10-20,59,22,0.0,train,2,0.0022731749692087
S20482,13,11,2025-10-20,39,28,0.0,train,2,0.003103002548397
S20483,13,17,2025-10-20,45,23,0.0,train,2,0.0023383540566811
S20527,13,8,2025-10-20,47,13,0.0,train,2,0.0033147693156405
S20588,13,11,2025-10-20,19,15,0.0,train,2,0.0029697736376138
S20605,13,4,2025-10-20,56,21,0.0,train,2,0.0033291930495487
S20606,13,8,2025-10-20,40,21,0.0030895855479507,train,2,0.0028205852136411
S20878,13,4,2025-10-20,34,20,0.0,train,2,0.0033387437183614
S20879,13,2,2025-10-20,38,13,0.0,train,2,0.0029869713089605
S20880,13,10,2025-10-20,49,28,0.0,train,2,0.0034012483014439
S20966,13,11,2025-10-20,27,14,0.0,train,2,0.0031714910064734
S20970,13,18,2025-10-20,19,26,0.0,train,2,0.0030588722255627
S20973,13,11,2025-10-20,60,25,0.0,train,2,0.0032762221606706
S20974,13,17,2025-10-20,45,14,0.0,train,2,0.0032402851037313
S20976,13,15,2025-10-20,22,21,0.0,train,2,0.0015860836694472
S20977,13,10,2025-10-20,39,12,0.0,train,2,0.002819819762226
S21299,13,5,2025-10-20,55,30,0.0,train,2,0.0033401424946267
S21329,13,11,2025-10-20,50,31,0.0,train,2,0.0031209899878961
S21725,13,17,2025-10-20,24,21,0.0,train,2,0.0032375377759503
S21727,13,17,2025-10-20,32,15,0.0,train,2,0.0031068456411275
S21728,13,15,2025-10-20,58,22,0.0,train,2,0.0023030850732775
S21732,13,20,2025-10-20,38,17,0.0,train,2,0.0016190057821626
S21733,13,20,2025-10-20,40,12,0.0,train,2,0.0031715229541589
S21996,13,10,2025-10-20,40,31,0.0,train,2,0.0033139604970741
S22056,13,16,2025-10-20,43,17,0.0,train,2,0.0011108875667823
S22058,13,17,2025-10-20,36,29,0.0,train,2,0.0029897478977969
S22070,13,21,2025-10-20,23,21,0.0,train,2,0.002238027418322
S22205,13,8,2025-10-20,31,28,0.0,train,2,0.0033355093452573
S22207,13,6,2025-10-20,52,27,0.0,train,2,0.003285807906633
S22217,13,18,2025-10-20,29,29,0.0,train,2,0.0023478254558378
S22219,13,15,2025-10-20,56,24,0.0,train,2,0.0017238751239839
S22220,13,16,2025-10-20,46,28,0.0,train,2,0.0027503411487212
S22225,13,11,2025-10-20,56,23,0.0,train,2,0.003176503105472
S22230,13,21,2025-10-20,61,18,0.0,train,2,0.0023866764929176
S22231,13,21,2025-10-20,21,19,0.0,train,2,0.0022219360004591
S22386,13,4,2025-10-20,54,24,0.0,train,2,0.0033357124474094
S22547,13,11,2025-10-20,18,26,0.0127133954294448,train,2,0.003156675340399
S22548,13,16,2025-10-20,39,12,0.0032211441867097,train,2,0.0027047660516511
S22550,13,18,2025-10-20,20,17,0.0,train,2,0.0028435244759387
S22566,13,5,2025-10-20,28,24,0.0095661546752896,train,2,0.0033426039431312
S22567,13,2,2025-10-20,48,30,0.0063664690755489,train,2,0.0032716955069033
S22568,13,4,2025-10-20,37,13,0.0016221632542487,train,2,0.003320375223785
S22570,13,4,2025-10-20,32,31,0.0,train,2,0.0033058201383786
S22571,13,4,2025-10-20,15,18,0.0,train,2,0.0032756633290016
S22572,13,4,2025-10-20,36,31,0.0032530542382976,train,2,0.0032018284701988
S22573,13,5,2025-10-20,18,22,0.0047703604165666,train,2,0.0033645219518525
S22574,13,2,2025-10-20,49,25,0.0079747119797182,train,2,0.0032881032988433
S22576,13,8,2025-10-20,54,18,0.0047819268182386,train,2,0.0032767713099887
S22577,13,8,2025-10-20,25,25,0.0015633502879773,train,2,0.0032065950542186
S22579,13,6,2025-10-20,39,23,0.0,train,2,0.0032658257271315
S22580,13,6,2025-10-20,35,20,0.0,train,2,0.0028203711194864
S22581,13,10,2025-10-20,62,18,0.0047079106160068,train,2,0.0031434512720474
S22582,13,10,2025-10-20,27,27,0.004825898665838,train,2,0.0034417565041074
S22583,13,6,2025-10-20,34,28,0.0016167964658195,train,2,0.0032511288204199
S22588,13,8,2025-10-20,37,22,0.0078909931537298,train,2,0.0032476103928828
S22755,13,8,2025-10-20,43,11,0.0093959731543624,train,2,0.0029584839165785
S23136,13,20,2025-10-20,27,29,0.0,train,2,0.0016311626359931
S23137,13,17,2025-10-20,28,21,0.0,train,2,0.0026620160737513
S23139,13,20,2025-10-20,40,16,0.0,train,2,0.0024144207014847
S23140,13,17,2025-10-20,36,19,0.0,train,2,0.0015463981072457
S23142,13,11,2025-10-20,47,20,0.0,train,2,0.0031792163057659
S23147,13,21,2025-10-20,60,25,0.0,train,2,0.0018909554763826
S23148,13,21,2025-10-20,45,18,0.0,train,2,0.0029450535832279
S23468,13,15,2025-10-20,44,30,0.0,train,2,0.0015825347232237
S23471,13,17,2025-10-20,31,19,0.0,train,2,0.0019391156146411
S23473,13,17,2025-10-20,53,23,0.0,train,2,0.0024816251316766
S23474,13,21,2025-10-20,41,19,0.0,train,2,0.0016528130251527
S23537,13,20,2025-10-20,56,30,0.0,train,2,0.0031897698303531
S23629,13,6,2025-10-20,51,17,0.0,train,2,0.0033187737582346
S23805,13,11,2025-10-20,27,20,0.0,train,2,0.003060225672076
S23806,13,17,2025-10-20,27,17,0.0,train,2,0.0028869597109304
S23807,13,17,2025-10-20,33,26,0.0,train,2,0.002260330788773
S23808,13,16,2025-10-20,15,20,0.0,train,2,0.0025093830439768
S23813,13,15,2025-10-20,53,25,0.0,train,2,0.0018278967151319
S23818,13,18,2025-10-20,19,23,0.0,train,2,0.002808284097114
S23819,13,20,2025-10-20,34,31,0.0,train,2,0.0031349578416259
S23820,13,18,2025-10-20,22,22,0.0,train,2,0.0028714666397881
S23851,13,17,2025-10-20,60,20,0.0,train,2,0.0029322650783365
S24032,13,6,2025-10-20,35,13,0.0,train,2,0.0032327299944223
S24194,13,2,2025-10-20,38,11,0.0,train,2,0.0027031619190329
S24195,13,6,2025-10-20,49,12,0.0027828170843691,train,2,0.0030479771084445
S24507,13,16,2025-10-20,37,25,0.0,train,2,0.0011906106024086
S24508,13,16,2025-10-20,25,22,0.0,train,2,0.0025481037317572
S24583,13,15,2025-10-20,48,26,0.0,train,2,0.0015583533397091
S24771,13,10,2025-10-20,62,23,0.0020803248153031,train,2,0.0032188444406362
S24772,13,10,2025-10-20,25,17,0.0,train,2,0.0033836452004937
S24775,13,5,2025-10-20,27,20,0.0020831499574567,train,2,0.0029745665165335
S24828,13,17,2025-10-20,31,17,0.0041908568489309,train,2,0.002075986155924
S24829,13,11,2025-10-20,56,17,0.0,train,2,0.0030986968348263
S24830,13,16,2025-10-20,30,13,0.0143734790925579,train,2,0.0029188605506443
S24832,13,20,2025-10-20,57,28,0.0041355667057756,train,2,0.0030280529087463
S24833,13,16,2025-10-20,35,19,0.0,train,2,0.0012517277203343
S24837,13,21,2025-10-20,33,14,0.0041397003090198,train,2,0.0021741715634395
S25078,13,8,2025-10-20,53,22,0.0,train,2,0.0033131865398506
S25090,13,16,2025-10-20,59,28,0.0,train,2,0.0024708784684437
S25098,13,6,2025-10-20,40,18,0.0,train,2,0.0032430529227699
S25109,13,20,2025-10-20,55,24,0.0,train,2,0.001840819493581
S25111,13,18,2025-10-20,36,23,0.0,train,2,0.003147975629916
S25277,13,6,2025-10-20,26,30,0.0,train,2,0.0029632990347946
S25280,13,20,2025-10-20,59,15,0.0,train,2,0.0027766908171821
S25293,13,6,2025-10-20,47,22,0.0,train,2,0.0030551908181572
S25298,13,10,2025-10-20,51,20,0.0,train,2,0.0030992135161014
S25300,13,8,2025-10-20,28,22,0.0,train,2,0.0034138144154408
S25305,13,2,2025-10-20,39,31,0.0,train,2,0.003325781810314
S25307,13,2,2025-10-20,24,25,0.0,train,2,0.0030217667091799
S25309,13,2,2025-10-20,37,16,0.0,train,2,0.0033373931647064
S25311,13,5,2025-10-20,18,27,0.0061207273443802,train,2,0.0031040154893628
S25444,13,5,2025-10-20,37,15,0.0,train,2,0.0019631538479037
S25445,13,5,2025-10-20,42,19,0.0,train,2,0.0029256558285949
S25446,13,6,2025-10-20,54,24,0.0,train,2,0.0033615905353632
S25448,13,8,2025-10-20,16,18,0.0,train,2,0.0030290916313855
S25690,13,18,2025-10-20,20,19,0.0,train,2,0.0022990808252535
S25691,13,11,2025-10-20,48,13,0.0,train,2,0.0030365563742845
S25692,13,17,2025-10-20,37,16,0.0,train,2,0.0028453057200062
S25693,13,17,2025-10-20,41,24,0.0,train,2,0.0014962657996329
S25744,13,6,2025-10-20,42,17,0.0,train,2,0.003047241546131
S25745,13,5,2025-10-20,51,24,0.0,train,2,0.0034145784150214
S25874,13,21,2025-10-20,40,25,0.0,train,2,0.0030794075882841
S26021,13,16,2025-10-20,54,15,0.0,train,2,0.0024408787533483
S26138,13,17,2025-10-20,32,24,0.0,train,2,0.0023984089291139
S26457,13,17,2025-10-20,27,18,0.0,train,2,0.0028178150411051
S26460,13,11,2025-10-20,19,20,0.0,train,2,0.0033703235865871
S26673,13,20,2025-10-20,42,14,0.0120192017025187,train,2,0.0012976628518421
S26674,13,17,2025-10-20,20,26,0.0074346661879758,train,2,0.0032242811891039
S26675,13,16,2025-10-20,51,27,0.0167892440738166,train,2,0.001492526987614
S27187,13,8,2025-10-20,52,28,0.0063378629287302,train,2,0.0033160411450295
S27258,13,15,2025-10-20,60,24,0.0,train,2,0.0012587234501398
S27261,13,21,2025-10-20,59,27,0.0,train,2,0.0023966039838657
S27268,13,5,2025-10-20,55,20,0.0,train,2,0.003293825472466
S27397,13,18,2025-10-20,17,18,0.0,train,2,0.0029854284817355
S27401,13,20,2025-10-20,34,14,0.0,train,2,0.001711789956129
S27403,13,11,2025-10-20,23,19,0.0,train,2,0.0032215602650501
S27409,13,21,2025-10-20,21,27,0.0,train,2,0.0022629634436344
S27429,13,10,2025-10-20,53,28,0.0,train,2,0.0029786163331956
S27612,13,10,2025-10-20,31,30,0.0,train,2,0.0032343035447273
S27613,13,8,2025-10-20,15,24,0.0,train,2,0.0032624929634145
S27969,13,6,2025-10-20,35,32,0.0,train,2,0.0030363585389207
S27974,13,20,2025-10-20,35,11,0.0023764781263597,train,2,0.0031258290520646
S27975,13,15,2025-10-20,22,14,0.0,train,2,0.0014961320870523
S27981,13,6,2025-10-20,31,23,0.0,train,2,0.0032502063623581
S27982,13,5,2025-10-20,16,23,0.0,train,2,0.0033818609888082
S27991,13,6,2025-10-20,19,25,0.0,train,2,0.0032511763702729
S27992,13,8,2025-10-20,19,20,0.0,train,2,0.003336364682518
S27993,13,2,2025-10-20,42,20,0.0,train,2,0.0033352007943761
S27994,13,2,2025-10-20,52,29,0.002369035702369,train,2,0.0032869804097345
S27996,13,2,2025-10-20,22,20,0.0,train,2,0.0033052365122632
S27997,13,5,2025-10-20,50,30,0.0023229617996644,train,2,0.00330722567164
S27998,13,4,2025-10-20,28,14,0.0,train,2,0.0032841073749579
S28000,13,4,2025-10-20,37,28,0.0,train,2,0.0031809236797672
S28025,13,2,2025-10-20,40,15,0.0,train,2,0.0034206534157557
S28027,13,4,2025-10-20,41,24,0.0,train,2,0.0033460665176524
S28028,13,10,2025-10-20,20,28,0.0,train,2,0.0024751470431803
S28029,13,6,2025-10-20,58,24,0.0,train,2,0.0033889096786969
S28030,13,5,2025-10-20,35,18,0.0,train,2,0.0033052900846996
S28265,13,6,2025-10-20,14,19,0.0,train,2,0.0032855625633478
S28266,13,4,2025-10-20,49,29,0.0,train,2,0.003344666920671
S28345,13,15,2025-10-20,19,18,0.0,train,2,0.002389115530187
S28352,13,20,2025-10-20,58,17,0.0,train,2,0.0022591542623539
S28354,13,18,2025-10-20,47,27,0.0,train,2,0.0024956503416568
S28713,13,5,2025-10-20,59,20,0.0062949002441965,train,2,0.0032174894766088
S28721,13,2,2025-10-20,17,17,0.0114210864969206,train,2,0.003202300148629
S28722,13,6,2025-10-20,48,20,0.0017310137053097,train,2,0.0032614547178307
S28723,13,6,2025-10-20,39,19,0.0088550535401124,train,2,0.0032908292253517
S28726,13,8,2025-10-20,40,23,0.0050802022881353,train,2,0.003204468563404
S28727,13,2,2025-10-20,23,29,0.0,train,2,0.0032723916607433
S28861,13,15,2025-10-20,28,25,0.0,train,2,0.001705654805115
S29254,13,4,2025-10-20,48,12,0.0,train,2,0.0029002447208335
S29256,13,17,2025-10-20,54,13,0.0,train,2,0.0027991691804172
S29259,13,2,2025-10-20,57,18,0.0,train,2,0.003126104633122
S29374,13,4,2025-10-20,25,20,0.0,train,2,0.003248896341022
S29480,13,17,2025-10-20,53,17,0.0,train,2,0.0029669223263845
S29482,13,16,2025-10-20,46,13,0.0,train,2,0.002661803583563
S29483,13,20,2025-10-20,23,29,0.0046376000186623,train,2,0.0017971646442807
S29485,13,16,2025-10-20,20,22,0.0,train,2,0.00256656776955
S29488,13,20,2025-10-20,21,21,0.0116370005104358,train,2,0.0016928567707098
S29490,13,20,2025-10-20,40,22,0.0,train,2,0.0021786876940041
S29493,13,18,2025-10-20,35,14,0.0,train,2,0.0024149645058855
S29494,13,21,2025-10-20,35,13,0.0,train,2,0.0019102374135372
S29496,13,21,2025-10-20,15,18,0.0,train,2,0.0025592361705569
S29500,13,21,2025-10-20,23,15,0.0,train,2,0.0023994166812717
S29798,13,20,2025-10-20,51,20,0.0,train,2,0.0024851910459049
S29799,13,20,2025-10-20,22,26,0.0,train,2,0.0020600748479474
S29800,13,18,2025-10-20,41,15,0.0,train,2,0.0031162727489015
S29801,13,18,2025-10-20,19,27,0.0,train,2,0.0029976665238017
S29802,13,20,2025-10-20,59,23,0.0,train,2,0.003322053577977
S29803,13,15,2025-10-20,46,28,0.0,train,2,0.0017195412553234
S29805,13,16,2025-10-20,34,23,0.0,train,2,0.001191288140913
S29807,13,15,2025-10-20,59,18,0.0,train,2,0.0014721515620136
S29809,13,17,2025-10-20,30,20,0.0,train,2,0.0025483405543576
S29812,13,18,2025-10-20,25,19,0.0,train,2,0.0024845437253678
S29814,13,16,2025-10-20,25,15,0.0,train,2,0.0029365824983855
S29815,13,17,2025-10-20,59,25,0.0,train,2,0.0032051360663463
S30336,13,18,2025-10-20,32,12,0.0,train,2,0.0033243922272183
S30337,13,21,2025-10-20,21,22,0.0,train,2,0.0027701734580122
S30339,13,16,2025-10-20,23,29,0.0,train,2,0.0028985170562444
S30340,13,16,2025-10-20,23,24,0.0,train,2,0.0019589484615717
S30341,13,17,2025-10-20,40,14,0.0,train,2,0.0029688833709522
S30344,13,11,2025-10-20,54,28,0.0,train,2,0.0032063489086062
S30348,13,21,2025-10-20,20,20,0.0,train,2,0.0028467097317324
S30350,13,21,2025-10-20,28,23,0.0024686574874331,train,2,0.0025313790330924
S30672,13,2,2025-10-20,25,30,0.0174933783867022,train,2,0.0033261585953316
S30673,13,2,2025-10-20,14,18,0.0092083590407743,train,2,0.0032260766567826
S30682,13,16,2025-10-20,41,11,0.010775476576347,train,2,0.0028171082519443
S30715,13,6,2025-10-20,57,26,0.0110713563568194,train,2,0.0033082020739131
S30730,13,8,2025-10-20,25,19,0.00611774056841,train,2,0.0031307287552021
S30731,13,2,2025-10-20,46,13,0.0115786662939128,train,2,0.0033236792606926
S30732,13,10,2025-10-20,49,17,0.0129212402310744,train,2,0.0030224488078143
S30740,13,8,2025-10-20,29,24,0.0107389622715207,train,2,0.0032206063846093
S30741,13,2,2025-10-20,27,15,0.0,train,2,0.0031506351471801
S30743,13,5,2025-10-20,24,23,0.0,train,2,0.0033777322507896
S30945,13,10,2025-10-20,21,29,0.0,train,2,0.0033662618099017
S31393,13,20,2025-10-20,33,32,0.0,train,2,0.0031024888808888
S31397,13,8,2025-10-20,36,18,0.0,train,2,0.0032525883790299
S31627,13,17,2025-10-20,32,14,0.0,train,2,0.0031648095561808
S31628,13,15,2025-10-20,30,16,0.0,train,2,0.0015440358834432
S32125,13,5,2025-10-20,42,14,0.0044684198696336,train,2,0.0032252510992995
S32131,13,8,2025-10-20,29,27,0.0022165433519308,train,2,0.0032470661538301
S32132,13,5,2025-10-20,54,15,0.0,train,2,0.0027016983519868
S32133,13,10,2025-10-20,30,22,0.0044119539984997,train,2,0.0032520777813701
S32136,13,4,2025-10-20,39,15,0.0,train,2,0.0033396183240628
S32137,13,5,2025-10-20,47,24,0.0,train,2,0.0033192138490433
S32138,13,8,2025-10-20,28,14,0.0,train,2,0.0032974459466706
S32140,13,2,2025-10-20,61,23,0.0,train,2,0.0034250250507343
S32159,13,8,2025-10-20,32,23,0.0,train,2,0.0033176601579923
S32166,13,8,2025-10-20,45,25,0.0,train,2,0.003286709785315
S32169,13,8,2025-10-20,59,20,0.0,train,2,0.003345139661373
S32170,13,2,2025-10-20,25,19,0.0,train,2,0.0033959828144497
S32171,13,5,2025-10-20,48,21,0.0055081763724724,train,2,0.0031867611422363
S32175,13,5,2025-10-20,46,26,0.002697319504822,train,2,0.0033086865458551
S32177,13,6,2025-10-20,56,20,0.0,train,2,0.0033392915976514
S32451,13,2,2025-10-20,36,32,0.0027502019766039,train,2,0.0031881954787269
S32479,13,15,2025-10-20,20,16,0.0,train,2,0.0012476557369011
S32480,13,20,2025-10-20,40,15,0.0,train,2,0.0028690416215158
S32482,13,20,2025-10-20,38,13,0.0,train,2,0.0031209595725283
S32484,13,11,2025-10-20,62,17,0.0,train,2,0.0027502824749678
S32486,13,18,2025-10-20,41,16,0.0,train,2,0.0020398802262949
S32749,13,17,2025-10-20,24,13,0.0,train,2,0.0031202878803661
S32766,13,8,2025-10-20,17,19,0.0,train,2,0.0032930021017485
S32775,13,6,2025-10-20,35,19,0.0,train,2,0.0027347720774845
S32776,13,8,2025-10-20,35,28,0.0,train,2,0.0031326585150987
S32777,13,10,2025-10-20,64,25,0.0025345246108969,train,2,0.0029822953910185
S33165,13,5,2025-10-20,15,26,0.0,train,2,0.0032044057474324
S33166,13,2,2025-10-20,59,15,0.001771589689847,train,2,0.003322231444647
S33168,13,18,2025-10-20,26,13,0.0,train,2,0.0028444528448159
S33402,13,8,2025-10-20,60,23,0.0035563379021899,train,2,0.0032664173951516
S33403,13,5,2025-10-20,38,29,0.0018110792866461,train,2,0.0033265635462411
S33404,13,2,2025-10-20,46,20,0.0,train,2,0.0033149517192047
S33405,13,2,2025-10-20,47,23,0.0053597618842205,train,2,0.0034555953871662
S33406,13,5,2025-10-20,31,20,0.0070886328708606,train,2,0.0032656965494557
S33708,13,18,2025-10-20,41,25,0.0,train,2,0.0033456178238972
S33710,13,21,2025-10-20,44,21,0.0,train,2,0.0028045608828943
S34039,13,4,2025-10-20,19,21,0.0,train,2,0.0032476669869254
S34041,13,4,2025-10-20,20,17,0.0,train,2,0.0033105608819292
S34042,13,10,2025-10-20,27,15,0.0,train,2,0.0034122303140198
S34043,13,4,2025-10-20,33,29,0.0,train,2,0.0032691869008605
S34044,13,4,2025-10-20,40,14,0.0,train,2,0.0032305513501306
S34046,13,10,2025-10-20,36,29,0.0,train,2,0.0033138222140485
S34146,13,21,2025-10-20,30,29,0.0,train,2,0.0026587622221062
S34147,13,20,2025-10-20,38,21,0.0,train,2,0.0026386154574495
S34150,13,15,2025-10-20,48,19,0.0,train,2,0.0014985173780796
S34151,13,15,2025-10-20,40,12,0.0,train,2,0.0014265711146913
S34152,13,16,2025-10-20,14,21,0.0,train,2,0.0028108050964737
S34154,13,17,2025-10-20,16,21,0.0,train,2,0.0029879272362956
S34155,13,11,2025-10-20,27,19,0.0,train,2,0.0033263704607179
S34209,13,6,2025-10-20,43,29,0.0109581360774345,train,2,0.0032902204220893
S34221,13,10,2025-10-20,28,21,0.016623252217214,train,2,0.0032019516388586
S34222,13,8,2025-10-20,27,20,0.0345851406833522,train,2,0.0033211312831177
S34226,13,10,2025-10-20,46,19,0.0097340552034806,train,2,0.0032336503591143
S34230,13,2,2025-10-20,20,27,0.0146376662199773,train,2,0.0032474249166887
S34231,13,4,2025-10-20,37,29,0.0107361134898849,train,2,0.0031877157090044
S34232,13,5,2025-10-20,24,24,0.0160606231974212,train,2,0.0033329473782812
S34234,13,4,2025-10-20,58,24,0.0223121967917799,train,2,0.003266036275534
S34236,13,5,2025-10-20,20,21,0.0093749705263753,train,2,0.0033118621460293
S34333,13,17,2025-10-20,22,20,0.0,train,2,0.0027269090735512
S34335,13,16,2025-10-20,46,16,0.007032886171959,train,2,0.0019526749671615
S34336,13,16,2025-10-20,44,24,0.0,train,2,0.001470918655736
S34337,13,21,2025-10-20,37,26,0.0,train,2,0.0020215395891629
S34456,13,5,2025-10-20,22,27,0.0,train,2,0.0028479082603909
S34457,13,2,2025-10-20,36,14,0.0,train,2,0.0028815434206162
S34458,13,6,2025-10-20,22,22,0.0,train,2,0.0033266316444361
S34459,13,8,2025-10-20,27,26,0.0,train,2,0.0034271252679025
S34582,13,15,2025-10-20,24,30,0.0,train,2,0.0021625598483166
S34809,13,5,2025-10-20,28,12,0.0,train,2,0.0031860083819637
S34833,13,4,2025-10-20,15,22,0.0,train,2,0.0032642177864152
S34927,13,11,2025-10-20,29,29,0.0,train,2,0.0032389115754503
S34928,13,17,2025-10-20,49,17,0.0,train,2,0.0025650512021052
S34929,13,17,2025-10-20,36,27,0.0,train,2,0.0022214020923591
S34930,13,16,2025-10-20,30,19,0.0,train,2,0.0010958385001558
S34933,13,18,2025-10-20,54,24,0.0,train,2,0.0019430254036079
S34934,13,20,2025-10-20,26,25,0.0,train,2,0.0017784122822678
S34935,13,18,2025-10-20,31,28,0.0,train,2,0.0020073863475517
S34936,13,20,2025-10-20,44,15,0.0,train,2,0.0014668284049668
S34941,13,21,2025-10-20,37,19,0.0,train,2,0.0018481534952229
S34942,13,21,2025-10-20,29,26,0.0,train,2,0.0021004455672926
S35091,13,17,2025-10-20,18,20,0.0219467941549679,train,2,0.0030097324749152
S35092,13,17,2025-10-20,23,22,0.0092745386057001,train,2,0.0031035467062929
S35094,13,17,2025-10-20,41,17,0.048591629736757,train,2,0.0015425663090341
S35095,13,15,2025-10-20,58,28,0.0161454638068729,train,2,0.0020233198164667
S35098,13,18,2025-10-20,42,18,0.0196526379970559,train,2,0.0030279224583703
S35099,13,18,2025-10-20,62,24,0.0155804257186745,train,2,0.0029907738890596
S35295,13,11,2025-10-20,36,11,0.0194055041249448,train,2,0.0022353645637041
S35297,13,6,2025-10-20,36,32,0.0213508411458141,train,2,0.0032433762110238
S35411,13,5,2025-10-20,39,20,0.011720994451448,train,2,0.0030167668380742
S35412,13,5,2025-10-20,23,20,0.0382107257976789,train,2,0.0033291914202008
S35413,13,5,2025-10-20,61,22,0.0174337871706292,train,2,0.0031338766591561
S35414,13,2,2025-10-20,27,28,0.0234258084535588,train,2,0.0029834706567098
S35417,13,6,2025-10-20,39,21,0.0,train,2,0.0028673317661793
S35418,13,10,2025-10-20,30,20,0.0116380690974809,train,2,0.0033908838731396
S35422,13,6,2025-10-20,32,30,0.0223216290747078,train,2,0.0032251489160663
S35423,13,8,2025-10-20,32,13,0.022765620342918,train,2,0.0033112889237896
S35424,13,10,2025-10-20,24,18,0.0204474966770048,train,2,0.0034876974900632
S35432,13,6,2025-10-20,39,20,0.0759381838343359,train,2,0.0030156290938626
S35433,13,6,2025-10-20,44,25,0.018366662971161,train,2,0.0032838357634923
S35544,13,21,2025-10-20,29,27,0.0219019918914154,train,2,0.0025288596912846
S35578,13,17,2025-10-20,28,14,0.0,train,2,0.0030057618068725
S35844,13,11,2025-10-20,37,11,0.0,train,2,0.0029146973310408
S35860,13,6,2025-10-20,30,28,0.0020286376698014,train,2,0.0033451186427695
S35861,13,5,2025-10-20,18,18,0.0177717916016067,train,2,0.0033383652208317
S35863,13,6,2025-10-20,19,27,0.0,train,2,0.002948263104498
S35868,13,10,2025-10-20,23,27,0.0,train,2,0.0033942016071379
S35875,13,2,2025-10-20,58,24,0.0,train,2,0.0032890558673755
S35876,13,10,2025-10-20,44,24,0.0,train,2,0.0032398547085338
S35877,13,4,2025-10-20,16,19,0.0040068366145858,train,2,0.0032138884908653
S35878,13,2,2025-10-20,48,14,0.0,train,2,0.0032897510954281
S35879,13,4,2025-10-20,59,22,0.0059651691731579,train,2,0.0033082665812679
S36516,13,15,2025-10-20,28,24,0.0,train,2,0.0012755704600916
S36836,13,6,2025-10-20,43,22,0.0,train,2,0.0027133897398488
S36838,13,5,2025-10-20,44,12,0.0,train,2,0.0029990239385496
S36839,13,2,2025-10-20,32,14,0.0,train,2,0.0032732535110095
S36841,13,10,2025-10-20,55,25,0.0,train,2,0.0034701432588609
S36842,13,10,2025-10-20,44,14,0.0,train,2,0.0032991397351505
S37267,13,16,2025-10-20,19,28,0.0,train,2,0.0028148001470534
S37274,13,15,2025-10-20,39,13,0.0,train,2,0.0016193318739943
S37276,13,18,2025-10-20,49,13,0.0,train,2,0.0028640473416066
S37277,13,20,2025-10-20,43,27,0.0,train,2,0.0022467634693554
S37424,13,5,2025-10-20,34,19,0.0,train,2,0.003272439851015
S37425,13,5,2025-10-20,54,16,0.0,train,2,0.0030309682357549
S37488,13,17,2025-10-20,34,12,0.0,train,2,0.0032421799994214
S37491,13,11,2025-10-20,23,22,0.0,train,2,0.0033243804687729
S37492,13,15,2025-10-20,33,14,0.0,train,2,0.0017084183542858
S37493,13,15,2025-10-20,40,28,0.0,train,2,0.0017750790999322
S37495,13,11,2025-10-20,43,19,0.0084572712112445,train,2,0.0031945292125058
S37500,13,15,2025-10-20,44,16,0.0,train,2,0.0019742020059815
S37501,13,17,2025-10-20,31,28,0.0,train,2,0.0029268529192066
S37503,13,21,2025-10-20,37,27,0.0,train,2,0.0013444040846952
S37504,13,17,2025-10-20,18,22,0.0,train,2,0.0029061290421835
S37505,13,20,2025-10-20,46,13,0.0,train,2,0.0031034743449999
S37507,13,11,2025-10-20,24,15,0.0,train,2,0.0031612003836908
S37511,13,20,2025-10-20,51,27,0.0,train,2,0.0027785063198713
S37517,13,21,2025-10-20,33,26,0.0,train,2,0.0018359766900827
S37723,13,6,2025-10-20,43,15,0.0055253532557338,train,2,0.0032868620229061
S37724,13,2,2025-10-20,36,17,0.0,train,2,0.0033774466630791
S37727,13,5,2025-10-20,15,19,0.0,train,2,0.0029582166022648
S37728,13,4,2025-10-20,15,20,0.0,train,2,0.0032975503613997
S37729,13,8,2025-10-20,39,13,0.0,train,2,0.003294811708262
S37730,13,2,2025-10-20,40,29,0.0,train,2,0.0031847240228564
S37731,13,8,2025-10-20,36,23,0.0,train,2,0.0032829552949511
S37733,13,10,2025-10-20,58,26,0.0,train,2,0.0034360236522914
S37735,13,8,2025-10-20,57,22,0.0027688639301154,train,2,0.003286070910228
S37736,13,6,2025-10-20,55,23,0.0,train,2,0.0027039369801886
S38212,13,21,2025-10-20,42,11,0.0095044517114296,train,2,0.0033023787472078
S38229,13,4,2025-10-20,35,16,0.0,train,2,0.0033168023106528
S38235,13,5,2025-10-20,41,28,0.0,train,2,0.0033150826159335
S38236,13,5,2025-10-20,55,29,0.0107920894201694,train,2,0.003317077302856
S38237,13,4,2025-10-20,50,18,0.0056799350864561,train,2,0.0032646649667821
S38241,13,4,2025-10-20,49,16,0.021974074350408,train,2,0.0032927668952752
S38242,13,4,2025-10-20,19,25,0.0054197438980172,train,2,0.0032965361280643
S38243,13,2,2025-10-20,52,18,0.0055401353264443,train,2,0.0032929239208129
S38246,13,4,2025-10-20,38,20,0.002823823525234,train,2,0.0031788088110146
S38293,13,20,2025-10-20,43,20,0.023856718508228,train,2,0.0017655787856039
S38295,13,11,2025-10-20,19,19,0.0070898311564555,train,2,0.0032702771891031
S38298,13,21,2025-10-20,49,18,0.0094389277768734,train,2,0.0010995489784197
S38299,13,11,2025-10-20,27,25,0.009866480624376,train,2,0.003331339964662
S38300,13,11,2025-10-20,45,14,0.0151021682260546,train,2,0.0027892241938549
S38786,13,18,2025-10-20,53,15,0.0,train,2,0.0028036813587047
S38788,13,21,2025-10-20,48,30,0.0,train,2,0.0029949374995806
S38791,13,18,2025-10-20,40,23,0.0,train,2,0.0033408570781553
S38793,13,15,2025-10-20,59,17,0.0,train,2,0.001632033373906
S38796,13,11,2025-10-20,48,19,0.0,train,2,0.0032229581888394
S39119,13,8,2025-10-20,27,15,0.0,train,2,0.0031992488439128
S39120,13,6,2025-10-20,32,26,0.0,train,2,0.0032500408511746
S39121,13,5,2025-10-20,57,17,0.0,train,2,0.0027381670120274
S39260,13,4,2025-10-20,48,15,0.0,train,2,0.0033670704469328
S39261,13,5,2025-10-20,24,21,0.0,train,2,0.0033612271509861
S39264,13,10,2025-10-20,50,23,0.0,train,2,0.0032727584963317
S39389,13,15,2025-10-20,49,22,0.0,train,2,0.0015559873961977
S39390,13,20,2025-10-20,28,22,0.0,train,2,0.0025463784199777
S39409,13,20,2025-10-20,22,17,0.0,train,2,0.0022359369051975
S39411,13,20,2025-10-20,53,28,0.0,train,2,0.0031349490187484
S39414,13,20,2025-10-20,19,17,0.0,train,2,0.0031490723328433
S39480,13,2,2025-10-20,53,31,0.0,train,2,0.0032239385733928
S39484,13,5,2025-10-20,26,30,0.0,train,2,0.0032402362103586
S39491,13,6,2025-10-20,23,23,0.0,train,2,0.0032581807184948
S39495,13,10,2025-10-20,42,25,0.0,train,2,0.0035561826313526
S39807,13,6,2025-10-20,44,16,0.0,train,2,0.0032296456828883
S39808,13,6,2025-10-20,40,25,0.0,train,2,0.0032332234757672
S39908,13,5,2025-10-20,45,11,0.0082538670280432,train,2,0.0030408603894828
S39909,13,4,2025-10-20,27,12,0.0097923316388856,train,2,0.0031042328734727
S40017,13,4,2025-10-20,21,18,0.0049416841498215,train,2,0.0033159798218144
S40019,13,4,2025-10-20,37,21,0.0,train,2,0.0033266643467346
S40021,13,4,2025-10-20,48,14,0.0033221703063482,train,2,0.0032113593601303
S40022,13,8,2025-10-20,49,25,0.0016321678275747,train,2,0.0033345069718403
S40023,13,10,2025-10-20,18,22,0.0016321195880622,train,2,0.0033046861379699
S40026,13,6,2025-10-20,27,18,0.0066611715352191,train,2,0.0032638861426068
S40027,13,6,2025-10-20,43,23,0.0033906052264439,train,2,0.0031618763715516
S40028,13,6,2025-10-20,38,28,0.004914126383025,train,2,0.0030761946385256
S40029,13,6,2025-10-20,51,21,0.0,train,2,0.0032702288457527
S40221,13,17,2025-10-20,37,26,0.0019080306206282,train,2,0.0022753423718413
S40224,13,20,2025-10-20,52,30,0.0076347604344286,train,2,0.002588310636775
S40225,13,17,2025-10-20,57,26,0.0019230248368137,train,2,0.0029522894958119
S40226,13,21,2025-10-20,28,28,0.0,train,2,0.0028058881332336
S40228,13,20,2025-10-20,50,13,0.0019293628056118,train,2,0.0028873709258728
S40229,13,20,2025-10-20,38,26,0.0,train,2,0.0029728653191353
S40230,13,20,2025-10-20,47,21,0.0095901882918659,train,2,0.0030274255391093
S40385,13,11,2025-10-20,29,31,0.0,train,2,0.0031908848431123
S40386,13,18,2025-10-20,50,31,0.0,train,2,0.003078711415838
S40402,13,4,2025-10-20,45,28,0.005705888430938,train,2,0.0033190501164083
S40410,13,6,2025-10-20,55,21,0.003930407275603,train,2,0.0032676433591956
S40411,13,2,2025-10-20,23,18,0.0019093720586257,train,2,0.0031541619880527
S40414,13,5,2025-10-20,40,25,0.0116389354003957,train,2,0.0032516639599922
S40418,13,4,2025-10-20,47,30,0.0038164128790496,train,2,0.0032958173337324
S40636,13,15,2025-10-20,57,25,0.0021366970189422,train,2,0.0016049482976274
S40638,13,11,2025-10-20,35,14,0.0,train,2,0.003243030876978
S40643,13,21,2025-10-20,29,17,0.0,train,2,0.0025326489225468
S40670,13,4,2025-10-20,16,26,0.0,train,2,0.0033173384241335
S40684,13,6,2025-10-20,63,21,0.0085665654019348,train,2,0.0033552518064931
S40689,13,10,2025-10-20,23,29,0.0,train,2,0.0031939234293635
S40695,13,4,2025-10-20,21,24,0.0,train,2,0.0030973632491662
S40696,13,5,2025-10-20,60,25,0.0,train,2,0.0033033006764683
S40699,13,5,2025-10-20,56,21,0.0,train,2,0.0032197427347219
S40700,13,4,2025-10-20,48,19,0.0021489475777858,train,2,0.0032467107448153
S41281,13,18,2025-10-20,61,26,0.0,train,2,0.0029722019638071
S41285,13,17,2025-10-20,56,28,0.0,train,2,0.0030364018602429
S41289,13,21,2025-10-20,16,20,0.0,train,2,0.0029639592562804
S41559,13,17,2025-10-20,49,16,0.0070959958309239,train,2,0.0025465101227422
S41560,13,15,2025-10-20,47,13,0.0,train,2,0.0012025210133268
S41568,13,21,2025-10-20,33,16,0.0017901781533429,train,2,0.0010923418649548
S41891,13,6,2025-10-20,48,14,0.014029127583865,train,2,0.0032185341632304
S42102,13,18,2025-10-20,44,21,0.0261865050381723,train,2,0.0025898101157254
S42104,13,15,2025-10-20,54,20,0.0109886465392396,train,2,0.001287371557519
S42107,13,17,2025-10-20,54,27,0.0008474995353247,train,2,0.0019231889060974
S42110,13,21,2025-10-20,58,16,0.0110356772119926,train,2,0.0025029172519056
S42111,13,17,2025-10-20,49,29,0.0229509892476693,train,2,0.0032772256083953
S42112,13,11,2025-10-20,45,22,0.016299677941977,train,2,0.0032076537145387
S42117,13,21,2025-10-20,57,18,0.010181315693417,train,2,0.0017969875951559
S42458,13,5,2025-10-20,35,20,0.0,train,2,0.0032338791924947
S42562,13,5,2025-10-20,20,29,0.0,train,2,0.0032606724309077
S42563,13,17,2025-10-20,21,14,0.0,train,2,0.0032596294884807
S42908,13,20,2025-10-20,39,29,0.0,train,2,0.00236014549168
S42910,13,17,2025-10-20,45,17,0.0,train,2,0.0023924207692641
S42912,13,17,2025-10-20,18,27,0.0,train,2,0.0029936314149867
S43006,13,16,2025-10-20,26,17,0.0,train,2,0.0014318186828859
S43007,13,16,2025-10-20,38,31,0.0,train,2,0.0027001110123703
S43008,13,21,2025-10-20,59,21,0.0,train,2,0.00272890927365
S43445,13,11,2025-10-20,41,27,0.0122800190253815,train,2,0.0032750232794705
S43447,13,11,2025-10-20,43,25,0.0079505053050026,train,2,0.0033028971444952
S43449,13,11,2025-10-20,22,23,0.0114727608494921,train,2,0.0030626097931768
S43458,13,21,2025-10-20,41,23,0.0,train,2,0.0020867540929491
S43515,13,10,2025-10-20,46,23,0.0169774203725025,train,2,0.0032274731289953
S43516,13,4,2025-10-20,59,18,0.0086194437539382,train,2,0.0033133485079759
S43518,13,4,2025-10-20,23,25,0.0100814017408166,train,2,0.0032663558191735
S43520,13,10,2025-10-20,49,29,0.031319641373779,train,2,0.0032488482218572
S43521,13,6,2025-10-20,36,30,0.0132288294707444,train,2,0.0032265531487162
S43522,13,10,2025-10-20,30,14,0.0087148643672517,train,2,0.0032496220200346
S43523,13,2,2025-10-20,20,23,0.0182563976980531,train,2,0.0032148417280732
S43525,13,8,2025-10-20,44,16,0.0101379743633678,train,2,0.0030742087498377
S43526,13,2,2025-10-20,61,17,0.0115307205540314,train,2,0.0032795524106313
S43527,13,6,2025-10-20,39,13,0.0183587906100511,train,2,0.0031604322744973
S43529,13,8,2025-10-20,27,21,0.0177006909324025,train,2,0.0034651139536488
S43530,13,10,2025-10-20,21,17,0.0191662858476068,train,2,0.0032147343705695
S43717,13,8,2025-10-20,34,31,0.0104642794251632,train,2,0.0031110278605502
S00069,13,8,2025-10-20,43,16,0.0024141213958187,train,3,0.0032493305501242
S00072,13,10,2025-10-20,47,25,0.0,train,3,0.0031926078060648
S00075,13,6,2025-10-20,39,16,0.0,train,3,0.0022048154215258
S00079,13,4,2025-10-20,25,19,0.0,train,3,0.0033311430612371
S00080,13,10,2025-10-20,32,31,0.0024551575598599,train,3,0.0028492490681301
S00081,13,5,2025-10-20,29,25,0.0048692551117381,train,3,0.0032750075376785
S00283,13,21,2025-10-20,41,24,0.0,train,3,0.0027532055766305
S00284,13,15,2025-10-20,60,17,0.0,train,3,0.0013590315733471
S00296,13,10,2025-10-20,18,24,0.0,train,3,0.0029984742464189
S00777,13,17,2025-10-20,37,13,0.0,train,3,0.0028527943703365
S01174,13,15,2025-10-20,65,20,0.0,train,3,0.0024154722136692
S01176,13,15,2025-10-20,43,18,0.0,train,3,0.0013715680917928
S01411,13,11,2025-10-20,46,27,0.0071353300772108,train,3,0.0031727988201696
S01412,13,11,2025-10-20,37,18,0.0029324388509795,train,3,0.00290744908905
S01415,13,11,2025-10-20,49,25,0.0187076898131257,train,3,0.0031839627210728
S01416,13,17,2025-10-20,22,25,0.0,train,3,0.0029541565013782
S01418,13,17,2025-10-20,54,23,0.0,train,3,0.0029941440221882
S01419,13,16,2025-10-20,22,25,0.0,train,3,0.0022361331137548
S01423,13,15,2025-10-20,43,29,0.0,train,3,0.0024939873992023
S01425,13,15,2025-10-20,54,27,0.0,train,3,0.0015869653141679
S01426,13,16,2025-10-20,35,23,0.0,train,3,0.001058754339335
S01513,13,5,2025-10-20,50,20,0.0,train,3,0.0032848895520522
S01517,13,2,2025-10-20,36,23,0.0089309780948444,train,3,0.0034383819276871
S01524,13,2,2025-10-20,55,25,0.0029565646741086,train,3,0.0034290223363339
S01525,13,2,2025-10-20,19,21,0.0,train,3,0.0032913000604188
S01527,13,4,2025-10-20,33,27,0.0014726580440612,train,3,0.0032495535953221
S01957,13,20,2025-10-20,47,25,0.0,train,3,0.0029031374287589
S01959,13,18,2025-10-20,54,25,0.0,train,3,0.0028757359083054
S01961,13,16,2025-10-20,31,18,0.0,train,3,0.0015299207234942
S01962,13,17,2025-10-20,56,14,0.0,train,3,0.0030379558523528
S01974,13,10,2025-10-20,17,16,0.0,train,3,0.0025175466945017
S01975,13,10,2025-10-20,26,30,0.0,train,3,0.0031415067521438
S02002,13,2,2025-10-20,57,28,0.0,train,3,0.003255335550145
S02003,13,5,2025-10-20,57,23,0.0,train,3,0.0033256801955421
S02006,13,5,2025-10-20,34,31,0.0,train,3,0.0031580495908482
S02007,13,5,2025-10-20,37,17,0.0,train,3,0.0031749077749235
S02368,13,6,2025-10-20,53,29,0.0,train,3,0.0032245587190053
S02420,13,16,2025-10-20,58,22,0.0,train,3,0.002484461286162
S02421,13,20,2025-10-20,20,15,0.0,train,3,0.0030950621199262
S02423,13,16,2025-10-20,38,22,0.0,train,3,0.0016675106660766
S02424,13,11,2025-10-20,17,26,0.0,train,3,0.0033218783498566
S02519,13,16,2025-10-20,33,11,0.0,train,3,0.0024196035291242
S02520,13,11,2025-10-20,38,11,0.0,train,3,0.0032670401549397
S02544,13,10,2025-10-20,51,23,0.0,train,3,0.0022807412756807
S02547,13,2,2025-10-20,47,27,0.0,train,3,0.0033338958432948
S02549,13,2,2025-10-20,14,19,0.0,train,3,0.0033468871870446
S02550,13,2,2025-10-20,59,27,0.0,train,3,0.003265923683805
S02551,13,4,2025-10-20,52,28,0.0,train,3,0.003283129739711
S02556,13,5,2025-10-20,51,27,0.0,train,3,0.0033351388591203
S02850,13,11,2025-10-20,49,21,0.0,train,3,0.0032986265346019
S02851,13,11,2025-10-20,57,18,0.0,train,3,0.002988241640147
S02853,13,15,2025-10-20,43,20,0.0,train,3,0.0019841706405771
S02974,13,17,2025-10-20,38,11,0.0,train,3,0.0030717906455215
S02975,13,15,2025-10-20,36,32,0.0,train,3,0.0027392929583595
S02982,13,5,2025-10-20,26,15,0.0,train,3,0.0033418017579796
S03171,13,21,2025-10-20,27,12,0.0076579824837133,train,3,0.0033070632762906
S03341,13,11,2025-10-20,20,25,0.0028432331622816,train,3,0.0032792746444982
S03343,13,11,2025-10-20,31,24,0.0,train,3,0.003308892350929
S03347,13,15,2025-10-20,41,17,0.0,train,3,0.0016468905348504
S03348,13,15,2025-10-20,24,29,0.0,train,3,0.0024143325309573
S03350,13,18,2025-10-20,29,22,0.0029072488183817,train,3,0.0027037123364821
S03351,13,20,2025-10-20,63,25,0.0,train,3,0.0029875831804786
S03352,13,20,2025-10-20,59,25,0.0,train,3,0.0025299035761697
S03354,13,21,2025-10-20,50,19,0.0,train,3,0.0022931745672263
S03637,13,5,2025-10-20,46,17,0.0,train,3,0.0031293215239163
S03639,13,5,2025-10-20,49,21,0.0,train,3,0.0032636933486985
S03641,13,10,2025-10-20,48,28,0.0,train,3,0.0033904640650072
S03642,13,2,2025-10-20,48,24,0.0,train,3,0.0033910271074827
S03643,13,6,2025-10-20,45,25,0.0,train,3,0.0032325659360532
S03678,13,15,2025-10-20,31,15,0.0,train,3,0.0019785499435225
S03679,13,20,2025-10-20,51,16,0.0,train,3,0.0027975152372393
S03939,13,8,2025-10-20,50,30,0.0,train,3,0.003308033085608
S04026,13,6,2025-10-20,15,17,0.0,train,3,0.0029902609772883
S04048,13,17,2025-10-20,56,26,0.0,train,3,0.0031633484822215
S04053,13,20,2025-10-20,19,25,0.0,train,3,0.0021946809797508
S04059,13,21,2025-10-20,39,17,0.0,train,3,0.0017523850766426
S04434,13,15,2025-10-20,19,19,0.0,train,3,0.0018304135356801
S04435,13,16,2025-10-20,48,18,0.0,train,3,0.0015548089995124
S04436,13,17,2025-10-20,22,19,0.0,train,3,0.0030540511054187
S04437,13,11,2025-10-20,39,12,0.0,train,3,0.0032094492183748
S04438,13,18,2025-10-20,32,27,0.0,train,3,0.0027903798534131
S04441,13,21,2025-10-20,55,17,0.0,train,3,0.0019940590415504
S04575,13,8,2025-10-20,17,17,0.0,train,3,0.0033445419474123
S04576,13,2,2025-10-20,22,18,0.0,train,3,0.0033408559307232
S04577,13,5,2025-10-20,60,22,0.0,train,3,0.0032773531756647
S04578,13,4,2025-10-20,61,21,0.0,train,3,0.0033008406611639
S04579,13,5,2025-10-20,19,24,0.0,train,3,0.0033742967683382
S04800,13,20,2025-10-20,36,24,0.0,train,3,0.0022748374355689
S04802,13,16,2025-10-20,42,19,0.0,train,3,0.0014181875880116
S04805,13,11,2025-10-20,52,24,0.0,train,3,0.0031090333822557
S04806,13,16,2025-10-20,41,14,0.0,train,3,0.0027515098648714
S04807,13,11,2025-10-20,35,31,0.0,train,3,0.0032400568997841
S04824,13,10,2025-10-20,37,29,0.0,train,3,0.0033318788539757
S04876,13,4,2025-10-20,21,19,0.0,train,3,0.003332914897453
S04880,13,2,2025-10-20,18,19,0.0,train,3,0.0034101899535994
S04883,13,10,2025-10-20,29,22,0.0,train,3,0.0033348202707094
S04888,13,8,2025-10-20,50,25,0.0,train,3,0.0030808631418163
S05123,13,21,2025-10-20,36,13,0.0,train,3,0.0025361985456509
S05124,13,16,2025-10-20,41,28,0.0,train,3,0.0019088903596724
S05126,13,21,2025-10-20,44,28,0.0,train,3,0.0031198962136138
S05572,13,20,2025-10-20,24,13,0.0087115037422656,train,3,0.0031632633869806
S05632,13,18,2025-10-20,50,28,0.0,train,3,0.0029389777444308
S05633,13,18,2025-10-20,41,17,0.0,train,3,0.002359256521514
S05636,13,15,2025-10-20,25,17,0.0,train,3,0.0014049434009748
S05639,13,21,2025-10-20,43,12,0.0,train,3,0.0025273337405255
S05742,13,4,2025-10-20,32,22,0.0085383745821006,train,3,0.0033862894067942
S05743,13,2,2025-10-20,24,14,0.0070337073086162,train,3,0.0031132846742382
S05744,13,2,2025-10-20,45,22,0.0035164430859795,train,3,0.0033624946151888
S05745,13,10,2025-10-20,34,24,0.0034524677850717,train,3,0.0035138461052763
S05746,13,2,2025-10-20,43,27,0.0086874746542489,train,3,0.0032358284974011
S05747,13,10,2025-10-20,48,26,0.0017579603415465,train,3,0.0033152728739377
S05748,13,6,2025-10-20,36,31,0.0052460469927589,train,3,0.0028292991226051
S05751,13,8,2025-10-20,55,29,0.0,train,3,0.0031669018589957
S06095,13,20,2025-10-20,35,22,0.0,train,3,0.0028222455921603
S06097,13,21,2025-10-20,18,17,0.0,train,3,0.002879332779013
S06300,13,4,2025-10-20,47,14,0.0089958821666138,train,3,0.003353878872412
S06301,13,5,2025-10-20,55,15,0.0059951387506709,train,3,0.0028709229398931
S06305,13,4,2025-10-20,42,13,0.0060879444612873,train,3,0.003313952111486
S06307,13,5,2025-10-20,39,29,0.0,train,3,0.0033260694651981
S06311,13,8,2025-10-20,55,27,0.0060516398482828,train,3,0.0032301348789041
S06312,13,10,2025-10-20,50,17,0.0061680706163416,train,3,0.0034889302115525
S06318,13,5,2025-10-20,62,17,0.0124662164280652,train,3,0.0032556704149309
S06465,13,11,2025-10-20,53,19,0.0106414868105515,train,3,0.0024832807358829
S06722,13,15,2025-10-20,51,24,0.0,train,3,0.0016087896800468
S06723,13,20,2025-10-20,47,22,0.0,train,3,0.0025588115052966
S06724,13,20,2025-10-20,31,30,0.0,train,3,0.0026728950938548
S06728,13,21,2025-10-20,40,13,0.0,train,3,0.0021178772403323
S06815,13,18,2025-10-20,53,23,0.0,train,3,0.0033218400232504
S06816,13,16,2025-10-20,36,20,0.0,train,3,0.0011608474142618
S06817,13,17,2025-10-20,33,15,0.0,train,3,0.0026880560447772
S07084,13,18,2025-10-20,44,32,0.008981535444988,train,3,0.0030985322203615
S07097,13,8,2025-10-20,43,20,0.0022901748274304,train,3,0.0033392067393344
S07102,13,6,2025-10-20,62,22,0.0,train,3,0.0031061812163627
S07103,13,8,2025-10-20,48,17,0.0022546737981499,train,3,0.0032507887846166
S07105,13,10,2025-10-20,14,24,0.0,train,3,0.0033834202776757
S07110,13,4,2025-10-20,27,14,0.009092322750016,train,3,0.0032731828589381
S07111,13,10,2025-10-20,40,26,0.0092386051007509,train,3,0.0033288194622949
S07113,13,8,2025-10-20,23,22,0.0,train,3,0.0033119715103598
S07115,13,4,2025-10-20,21,17,0.0023016611788024,train,3,0.0033483720003195
S07330,13,16,2025-10-20,60,26,0.0,train,3,0.0024822609184754
S07331,13,16,2025-10-20,54,18,0.0,train,3,0.0016005378489992
S07333,13,20,2025-10-20,51,17,0.0,train,3,0.0018018557513852
S07370,13,8,2025-10-20,30,27,0.0161154345006485,train,3,0.003365551544085
S07373,13,8,2025-10-20,51,29,0.0029829157551368,train,3,0.0030811989670912
S07448,13,2,2025-10-20,31,14,0.0,train,3,0.0033061576357244
S07449,13,6,2025-10-20,48,18,0.0,train,3,0.0032493901919402
S07450,13,6,2025-10-20,20,19,0.0,train,3,0.0033032461286128
S07451,13,10,2025-10-20,25,23,0.0,train,3,0.0034097196697062
S07646,13,10,2025-10-20,28,31,0.0118158397524012,train,3,0.0031562278402646
S07653,13,11,2025-10-20,58,14,0.0218317592795958,train,3,0.0027578382358484
S08262,13,15,2025-10-20,24,26,0.0034132974376231,train,3,0.0024649615633636
S08263,13,11,2025-10-20,17,18,0.0203249815970991,train,3,0.0031057799483177
S08267,13,11,2025-10-20,26,24,0.0011492737838394,train,3,0.0031369512819221
S08268,13,11,2025-10-20,46,20,0.0068167634775094,train,3,0.0032761248102605
S08269,13,16,2025-10-20,36,26,0.0184162318518364,train,3,0.0024525442785786
S08270,13,15,2025-10-20,43,16,0.0046852426639893,train,3,0.0011841483248704
S08272,13,18,2025-10-20,17,22,0.0137329805679706,train,3,0.0017774751339117
S08388,13,10,2025-10-20,26,24,0.006944347412986,train,3,0.0032653685940204
S08390,13,6,2025-10-20,29,22,0.0,train,3,0.0033282672514758
S08392,13,8,2025-10-20,26,25,0.0214333460313809,train,3,0.003289966870733
S08393,13,10,2025-10-20,40,15,0.0179348733146586,train,3,0.0032254195193321
S08395,13,10,2025-10-20,30,23,0.0090910130214585,train,3,0.0035107508324694
S08398,13,5,2025-10-20,33,30,0.0071011666202304,train,3,0.0031778058788881
S08399,13,4,2025-10-20,38,30,0.0131168229792726,train,3,0.0033160535276158
S08928,13,21,2025-10-20,31,31,0.0,train,3,0.0030116688261836
S09154,13,16,2025-10-20,46,14,0.0,train,3,0.002244424893396
S09156,13,16,2025-10-20,45,20,0.0,train,3,0.0010134052330664
S09158,13,15,2025-10-20,27,27,0.0,train,3,0.0014912122392251
S09163,13,21,2025-10-20,48,13,0.0,train,3,0.0029085915918853
S09164,13,18,2025-10-20,34,20,0.0,train,3,0.0027316705733275
S09166,13,21,2025-10-20,17,25,0.0,train,3,0.0030448946395544
S09187,13,4,2025-10-20,43,21,0.0,train,3,0.0032825421955726
S09188,13,6,2025-10-20,18,17,0.0,train,3,0.0032493205383057
S09189,13,6,2025-10-20,35,14,0.0,train,3,0.0031433675457874
S09336,13,11,2025-10-20,35,21,0.0,train,3,0.0026375165382563
S09337,13,16,2025-10-20,27,18,0.0,train,3,0.0025745152492311
S09338,13,16,2025-10-20,63,22,0.0,train,3,0.0030295573141256
S09341,13,20,2025-10-20,31,18,0.0,train,3,0.0012836914069402
S09342,13,18,2025-10-20,30,28,0.0,train,3,0.0029281131809302
S09343,13,20,2025-10-20,29,20,0.0,train,3,0.0018382914262845
S09521,13,5,2025-10-20,37,23,0.0,train,3,0.0032031392804968
S09670,13,6,2025-10-20,47,14,0.0,train,3,0.003257106914689
S09726,13,16,2025-10-20,28,27,0.0,train,3,0.0014846254481686
S09727,13,21,2025-10-20,54,22,0.0,train,3,0.0018897015529127
S09729,13,15,2025-10-20,29,19,0.0,train,3,0.0019999013853816
S09731,13,20,2025-10-20,31,13,0.0,train,3,0.0027166759631127
S09732,13,18,2025-10-20,24,15,0.0,train,3,0.0023584739062774
S09754,13,2,2025-10-20,45,11,0.0,train,3,0.0029376793036921
S09757,13,6,2025-10-20,17,24,0.0,train,3,0.0032770457306315
S09759,13,2,2025-10-20,29,20,0.0,train,3,0.0034113696799553
S10274,13,10,2025-10-20,58,19,0.0,train,3,0.0032371696120869
S10393,13,17,2025-10-20,49,21,0.0,train,3,0.0025656396619503
S10396,13,18,2025-10-20,46,30,0.0,train,3,0.0024202832282776
S10400,13,18,2025-10-20,57,23,0.0,train,3,0.0026657191451331
S10466,13,10,2025-10-20,37,21,0.0,train,3,0.003122554470646
S10761,13,18,2025-10-20,34,25,0.0,train,3,0.0026678056710923
S10956,13,18,2025-10-20,45,24,0.021171085816856,train,3,0.0019200644003432
S10957,13,20,2025-10-20,25,14,0.0173087052862074,train,3,0.0028318389733428
S10962,13,17,2025-10-20,53,21,0.0179877696529816,train,3,0.0029560638334783
S10963,13,11,2025-10-20,36,16,0.011360311597118,train,3,0.0030691623951083
S10964,13,11,2025-10-20,23,23,0.0137436417966773,train,3,0.003302383141062
S10971,13,21,2025-10-20,36,21,0.0085882149645757,train,3,0.0021249431803127
S10972,13,21,2025-10-20,20,26,0.0298564520136858,train,3,0.002785809073031
S11527,13,17,2025-10-20,58,14,0.0147286752786446,train,3,0.0030706673164826
S11738,13,20,2025-10-20,22,21,0.0,train,3,0.0015763590783415
S11739,13,20,2025-10-20,21,20,0.0,train,3,0.0028107484181651
S11744,13,16,2025-10-20,44,26,0.0,train,3,0.0015008586358051
S11745,13,16,2025-10-20,49,23,0.0,train,3,0.0013783044349433
S11748,13,21,2025-10-20,39,15,0.0,train,3,0.0023557731064394
S11824,13,2,2025-10-20,39,19,0.0,train,3,0.0030676207133527
S11825,13,2,2025-10-20,18,18,0.0,train,3,0.0032205721940388
S11826,13,2,2025-10-20,39,27,0.0,train,3,0.0033778613424615
S12271,13,10,2025-10-20,42,20,0.0,train,3,0.0034105815695915
S12272,13,2,2025-10-20,47,30,0.0,train,3,0.0033427352427449
S12274,13,4,2025-10-20,39,14,0.0,train,3,0.0031102830300693
S12275,13,5,2025-10-20,27,26,0.0,train,3,0.0033693691567472
S12318,13,8,2025-10-20,40,24,0.0,train,3,0.003268368337051
S12421,13,18,2025-10-20,47,14,0.0,train,3,0.0027103428521424
S12422,13,16,2025-10-20,62,18,0.0,train,3,0.0025010933093318
S12424,13,15,2025-10-20,40,15,0.0,train,3,0.0020755094640671
S12425,13,11,2025-10-20,53,26,0.0,train,3,0.002467640127884
S12426,13,17,2025-10-20,37,20,0.0,train,3,0.0020087971606873
S12427,13,11,2025-10-20,57,26,0.0,train,3,0.0032343456814243
S12428,13,11,2025-10-20,45,30,0.0,train,3,0.0031953513964658
S12431,13,21,2025-10-20,60,26,0.0,train,3,0.0025056364593818
S12434,13,21,2025-10-20,36,20,0.0,train,3,0.002100458478622
S12922,13,8,2025-10-20,38,20,0.0,train,3,0.0031363354237432
S13013,13,17,2025-10-20,50,22,0.0,train,3,0.002646616817289
S13015,13,15,2025-10-20,25,14,0.0,train,3,0.0027137104793506
S13016,13,15,2025-10-20,59,23,0.0,train,3,0.0022393059997864
S13193,13,20,2025-10-20,13,22,0.0,train,3,0.0029105716229896
S13194,13,17,2025-10-20,51,30,0.0,train,3,0.0031512381511493
S13204,13,6,2025-10-20,18,15,0.0,train,3,0.0033828462379604
S13205,13,21,2025-10-20,48,31,0.0,train,3,0.00328293256329
S13208,13,10,2025-10-20,45,21,0.0,train,3,0.0030832513556254
S13209,13,4,2025-10-20,37,17,0.0,train,3,0.0033563499567526
S13210,13,10,2025-10-20,22,25,0.0,train,3,0.0032975487971771
S13286,13,20,2025-10-20,29,26,0.0,train,3,0.0021370145804344
S13287,13,18,2025-10-20,20,15,0.0,train,3,0.0028536248786896
S13288,13,20,2025-10-20,45,19,0.0,train,3,0.0025868503992803
S13360,13,21,2025-10-20,43,32,0.0,train,3,0.003129979148763
S13533,13,18,2025-10-20,41,11,0.0079286580307574,train,3,0.0029530343824743
S13538,13,15,2025-10-20,13,19,0.0051603525029526,train,3,0.0013593752439865
S13569,13,8,2025-10-20,22,28,0.0056941214211243,train,3,0.0033275126838236
S13584,13,5,2025-10-20,22,16,0.0026501154426545,train,3,0.0028969699454406
S13585,13,10,2025-10-20,34,23,0.0,train,3,0.0033564991889824
S13587,13,8,2025-10-20,20,23,0.0039442566227005,train,3,0.003289606421204
S13591,13,8,2025-10-20,14,20,0.0018800547750365,train,3,0.0030950794354214
S13596,13,8,2025-10-20,48,13,0.0193863460833339,train,3,0.0030138623850544
S13598,13,10,2025-10-20,25,22,0.0038411005487286,train,3,0.0033160989188727
S13603,13,2,2025-10-20,54,23,0.0053640715137582,train,3,0.0032955552426671
S13604,13,10,2025-10-20,43,14,0.0,train,3,0.0031617117267307
S13605,13,4,2025-10-20,43,23,0.0,train,3,0.0029946844392883
S13606,13,2,2025-10-20,44,16,0.0056295591500158,train,3,0.0033582999035477
S13607,13,5,2025-10-20,27,13,0.0064782372937913,train,3,0.0031782166811038
S13723,13,10,2025-10-20,38,12,0.0051432903087267,train,3,0.0032838336627643
S13725,13,11,2025-10-20,61,23,0.0051218632452207,train,3,0.0032667335952429
S13726,13,15,2025-10-20,36,15,0.0264316009200537,train,3,0.0019698644275123
S14280,13,17,2025-10-20,33,22,0.0,train,3,0.0017846680385094
S14284,13,21,2025-10-20,28,24,0.0,train,3,0.0013355328485573
S14286,13,21,2025-10-20,40,18,0.0,train,3,0.0019504793053045
S14287,13,6,2025-10-20,48,12,0.0,train,3,0.0031407274128101
S14414,13,8,2025-10-20,47,29,0.0,train,3,0.0028755174392624
S14415,13,4,2025-10-20,20,18,0.0,train,3,0.0032961598539808
S14416,13,2,2025-10-20,55,27,0.0,train,3,0.0033050600513887
S14418,13,5,2025-10-20,43,31,0.0,train,3,0.003293728235781
S14518,13,2,2025-10-20,30,18,0.0,train,3,0.0033918499903879
S14519,13,6,2025-10-20,61,25,0.0,train,3,0.0032991216283534
S14521,13,4,2025-10-20,29,21,0.0,train,3,0.0033404371644898
S14588,13,5,2025-10-20,32,28,0.0,train,3,0.0033102969445387
S14591,13,4,2025-10-20,29,17,0.0,train,3,0.0033993499499948
S14592,13,8,2025-10-20,18,20,0.0,train,3,0.0032820039247749
S14593,13,8,2025-10-20,53,23,0.0,train,3,0.0034256628938171
S14594,13,2,2025-10-20,16,25,0.0,train,3,0.0034111711638459
S14595,13,6,2025-10-20,21,24,0.0,train,3,0.0033386429105378
S14973,13,2,2025-10-20,62,20,0.0,train,3,0.0033453423463651
S15084,13,18,2025-10-20,60,26,0.0,train,3,0.0028733742999625
S15299,13,4,2025-10-20,37,32,0.0,train,3,0.0031920514984616
S15300,13,20,2025-10-20,21,29,0.0,train,3,0.0030877083782885
S15663,13,18,2025-10-20,34,29,0.0117362102060162,train,3,0.0022309502442593
S15666,13,11,2025-10-20,44,16,0.0066088228449852,train,3,0.0026412587498547
S15668,13,21,2025-10-20,30,15,0.0033658404442638,train,3,0.0027376562627326
S16071,13,11,2025-10-20,51,27,0.0018777107796466,train,3,0.0032983840460555
S16072,13,11,2025-10-20,56,22,0.0036905027103289,train,3,0.0030316752290637
S16074,13,17,2025-10-20,29,20,0.0,train,3,0.002482676435114
S16076,13,20,2025-10-20,32,24,0.0,train,3,0.0017222674226175
S16081,13,21,2025-10-20,23,28,0.0,train,3,0.0025417546400821
S16156,13,8,2025-10-20,40,13,0.0,train,3,0.0033126070875856
S16777,13,15,2025-10-20,20,15,0.0,train,3,0.0016545403359514
S16795,13,17,2025-10-20,53,18,0.0,train,3,0.0031983721619701
S16797,13,18,2025-10-20,33,22,0.0,train,3,0.0033654265722165
S16798,13,18,2025-10-20,39,26,0.0,train,3,0.0031679165500913
S16802,13,21,2025-10-20,35,15,0.0,train,3,0.002054997390545
S17062,13,11,2025-10-20,27,21,0.0,train,3,0.003170187451824
S17063,13,11,2025-10-20,34,22,0.0031162023713234,train,3,0.0033068126515546
S17064,13,11,2025-10-20,16,25,0.0,train,3,0.0032878804402824
S17065,13,11,2025-10-20,21,18,0.0,train,3,0.0030852296975011
S17067,13,11,2025-10-20,18,22,0.0026460942158616,train,3,0.0032289767629755
S17069,13,17,2025-10-20,16,23,0.0,train,3,0.0031623483674739
S17070,13,11,2025-10-20,25,18,0.0,train,3,0.003174060929176
S17072,13,17,2025-10-20,47,27,0.0,train,3,0.0029584377233887
S17075,13,15,2025-10-20,20,17,0.0,train,3,0.0015216736272879
S17076,13,16,2025-10-20,32,21,0.0,train,3,0.0009174043985868
S17078,13,15,2025-10-20,28,18,0.0,train,3,0.0015881792155246
S17080,13,15,2025-10-20,14,19,0.0,train,3,0.0024964091361386
S17081,13,15,2025-10-20,47,26,0.0,train,3,0.0022887462798744
S17083,13,20,2025-10-20,16,23,0.0,train,3,0.002402703326696
S17084,13,21,2025-10-20,57,24,0.0,train,3,0.0026704622333832
S17089,13,20,2025-10-20,35,12,0.0,train,3,0.0031754368075622
S17094,13,21,2025-10-20,56,26,0.0,train,3,0.0029116582919922
S17248,13,2,2025-10-20,26,13,0.0,train,3,0.002663062823413
S17253,13,18,2025-10-20,17,16,0.005266448379269,train,3,0.0028176028519883
S17273,13,5,2025-10-20,53,16,0.0,train,3,0.0030939563213211
S17275,13,2,2025-10-20,37,17,0.0,train,3,0.003086538131512
S17276,13,8,2025-10-20,39,12,0.0,train,3,0.0032661579594024
S17277,13,5,2025-10-20,46,24,0.0,train,3,0.0028733079628173
S17278,13,4,2025-10-20,42,27,0.0,train,3,0.0032227445101011
S17279,13,5,2025-10-20,35,13,0.0,train,3,0.0031266756693346
S18086,13,18,2025-10-20,53,21,0.0,train,3,0.0016641137749262
S18088,13,20,2025-10-20,33,26,0.0,train,3,0.0028083852766579
S18089,13,20,2025-10-20,32,29,0.0,train,3,0.0028702709043938
S18091,13,18,2025-10-20,32,30,0.0,train,3,0.0027577368411847
S18092,13,15,2025-10-20,24,15,0.0,train,3,0.0021628399877151
S18094,13,16,2025-10-20,41,20,0.0,train,3,0.0009635554121113
S18096,13,20,2025-10-20,45,26,0.0,train,3,0.0027429190141445
S18097,13,11,2025-10-20,15,23,0.0,train,3,0.0029459781122848
S18496,13,17,2025-10-20,48,16,0.0,train,3,0.0026958748255512
S18498,13,15,2025-10-20,54,18,0.0,train,3,0.0012773209179452
S18499,13,21,2025-10-20,39,29,0.0,train,3,0.0027310910646378
S18756,13,6,2025-10-20,33,25,0.0131160519891799,train,3,0.0031947370344372
S18763,13,8,2025-10-20,49,23,0.0119902972242692,train,3,0.0032975579058575
S18764,13,10,2025-10-20,43,24,0.003201329485726,train,3,0.0035668728387768
S18765,13,6,2025-10-20,31,16,0.0041052072943834,train,3,0.0032694117442354
S18766,13,8,2025-10-20,18,27,0.0119236901280046,train,3,0.0033255883388902
S18767,13,8,2025-10-20,21,16,0.0066314855461635,train,3,0.0033153838634927
S18772,13,10,2025-10-20,25,20,0.0,train,3,0.0034961448324691
S18773,13,10,2025-10-20,32,16,0.004390789061016,train,3,0.0031957811539171
S18774,13,8,2025-10-20,43,19,0.0,train,3,0.0031244711258011
S18778,13,2,2025-10-20,65,24,0.0074031514996754,train,3,0.003469697431345
S18780,13,5,2025-10-20,43,16,0.0085641297370881,train,3,0.0030840045405703
S18784,13,4,2025-10-20,29,19,0.0200499816337666,train,3,0.0032559272534486
S18785,13,4,2025-10-20,47,21,0.0,train,3,0.0033475093852446
S18786,13,2,2025-10-20,28,29,0.0093637545452832,train,3,0.0033262146101282
S18787,13,4,2025-10-20,16,23,0.0123765766438808,train,3,0.0033011752630856
S18788,13,4,2025-10-20,37,19,0.0071926679857014,train,3,0.0032415158710121
S18949,13,11,2025-10-20,61,16,0.0,train,3,0.0031681612763049
S18953,13,17,2025-10-20,22,24,0.0123305938905256,train,3,0.0031437308191053
S18956,13,11,2025-10-20,41,13,0.0,train,3,0.0031136798452242
S18957,13,11,2025-10-20,27,26,0.0210231269981209,train,3,0.0032938950398648
S18958,13,11,2025-10-20,55,27,0.0043951865190697,train,3,0.0031290555857052
S19379,13,20,2025-10-20,59,19,0.0,train,3,0.003023183750947
S19381,13,18,2025-10-20,23,16,0.0070147210342832,train,3,0.0020847378620855
S19383,13,15,2025-10-20,17,25,0.0,train,3,0.002072371811993
S19384,13,17,2025-10-20,29,29,0.0034863614522063,train,3,0.0030132297165898
S19386,13,11,2025-10-20,42,29,0.0,train,3,0.0029236842344151
S19387,13,11,2025-10-20,18,20,0.0087631138146874,train,3,0.003207933032906
S19507,13,17,2025-10-20,45,21,0.0059468255677603,train,3,0.0018047397826917
S19508,13,11,2025-10-20,18,16,0.0,train,3,0.0031512608317717
S19509,13,17,2025-10-20,34,18,0.0,train,3,0.0022103194394087
S19512,13,17,2025-10-20,32,26,0.0,train,3,0.0031554724802585
S19515,13,15,2025-10-20,55,21,0.0029868147453695,train,3,0.0016304312922291
S19516,13,16,2025-10-20,36,27,0.0,train,3,0.0026676966890793
S19518,13,21,2025-10-20,49,29,0.0,train,3,0.0027569587812457
S19526,13,21,2025-10-20,60,27,0.0,train,3,0.0026450623798917
S19802,13,2,2025-10-20,27,22,0.0,train,3,0.0034722745143006
S19804,13,6,2025-10-20,30,17,0.0,train,3,0.0032737334219588
S19805,13,6,2025-10-20,47,20,0.0,train,3,0.0031688022337606
S20168,13,4,2025-10-20,42,29,0.0,train,3,0.0032816937825116
S20172,13,8,2025-10-20,30,25,0.0,train,3,0.0033627596399904
S20173,13,8,2025-10-20,53,21,0.0,train,3,0.0033288274838923
S20174,13,6,2025-10-20,24,19,0.0,train,3,0.0033167885628807
S20478,13,18,2025-10-20,21,21,0.0,train,3,0.0021743584067284
S20480,13,21,2025-10-20,62,22,0.0,train,3,0.002515376223348
S20482,13,11,2025-10-20,42,28,0.0,train,3,0.0031704185560339
S20483,13,17,2025-10-20,42,23,0.0,train,3,0.0019139445732173
S20527,13,8,2025-10-20,44,13,0.0,train,3,0.0033202472608394
S20588,13,11,2025-10-20,26,13,0.0,train,3,0.0028766029971125
S20605,13,4,2025-10-20,52,21,0.0,train,3,0.0033193652091459
S20606,13,8,2025-10-20,37,21,0.0030895855479507,train,3,0.0031273959819205
S20878,13,4,2025-10-20,37,20,0.0,train,3,0.003342244581365
S20879,13,2,2025-10-20,34,13,0.0,train,3,0.0033912419824774
S20880,13,10,2025-10-20,52,28,0.0,train,3,0.0033155791858169
S20966,13,11,2025-10-20,30,14,0.0,train,3,0.0032352004114448
S20970,13,18,2025-10-20,22,26,0.0,train,3,0.0028900643858793
S20973,13,11,2025-10-20,57,25,0.0,train,3,0.0030101691534974
S20974,13,17,2025-10-20,48,14,0.0,train,3,0.0028940092203371
S20976,13,15,2025-10-20,17,21,0.0,train,3,0.0017512574885019
S20977,13,10,2025-10-20,42,12,0.0,train,3,0.0033874092018769
S21299,13,5,2025-10-20,61,28,0.0,train,3,0.0027443978254823
S21329,13,11,2025-10-20,47,31,0.0,train,3,0.0031477172137316
S21725,13,17,2025-10-20,21,21,0.0,train,3,0.003202562646537
S21727,13,17,2025-10-20,27,15,0.0,train,3,0.0029192500956343
S21728,13,15,2025-10-20,61,22,0.0,train,3,0.0019971165939159
S21732,13,20,2025-10-20,35,17,0.0,train,3,0.0027398148524491
S21733,13,20,2025-10-20,43,12,0.0,train,3,0.003234801000996
S21996,13,10,2025-10-20,36,31,0.0,train,3,0.0034080971775725
S22056,13,16,2025-10-20,40,17,0.0,train,3,0.0015825569398108
S22058,13,17,2025-10-20,33,29,0.0,train,3,0.0026056184037794
S22070,13,21,2025-10-20,20,21,0.0,train,3,0.0030584412462335
S22205,13,8,2025-10-20,34,28,0.0,train,3,0.0033104343668287
S22207,13,6,2025-10-20,49,27,0.0,train,3,0.0032779979074328
S22217,13,18,2025-10-20,26,29,0.0,train,3,0.0028529039149514
S22219,13,15,2025-10-20,59,24,0.0,train,3,0.0016485546050005
S22220,13,16,2025-10-20,49,28,0.0,train,3,0.0028421091435807
S22225,13,11,2025-10-20,53,23,0.0,train,3,0.0032259015734358
S22230,13,21,2025-10-20,64,18,0.0,train,3,0.0031740578527118
S22231,13,21,2025-10-20,18,19,0.0,train,3,0.0019606918412122
S22386,13,4,2025-10-20,57,24,0.0,train,3,0.0033524296582111
S22547,13,11,2025-10-20,23,26,0.0127133954294448,train,3,0.0032457943433778
S22548,13,16,2025-10-20,43,12,0.0032211441867097,train,3,0.0026769196643474
S22550,13,18,2025-10-20,17,17,0.0,train,3,0.0028020442590355
S22566,13,5,2025-10-20,31,24,0.0095661546752896,train,3,0.0033292696407833
S22567,13,2,2025-10-20,51,30,0.0063664690755489,train,3,0.0033083960349838
S22568,13,4,2025-10-20,34,13,0.0016221632542487,train,3,0.00326114599258
S22570,13,4,2025-10-20,30,30,0.0,train,3,0.0032393665437875
S22571,13,4,2025-10-20,22,16,0.0,train,3,0.0033325431700616
S22572,13,4,2025-10-20,33,31,0.0032530542382976,train,3,0.0031732877092885
S22573,13,5,2025-10-20,22,22,0.0047703604165666,train,3,0.0033887394641165
S22574,13,2,2025-10-20,46,25,0.0079747119797182,train,3,0.0032630895030678
S22576,13,8,2025-10-20,57,18,0.0047819268182386,train,3,0.0033085362357384
S22577,13,8,2025-10-20,22,25,0.0015633502879773,train,3,0.003274577735477
S22579,13,6,2025-10-20,36,23,0.0,train,3,0.0030767571435972
S22580,13,6,2025-10-20,38,20,0.0,train,3,0.0030300789520184
S22581,13,10,2025-10-20,59,17,0.0047079106160068,train,3,0.0032188097573616
S22582,13,10,2025-10-20,24,27,0.004825898665838,train,3,0.0033634283305103
S22583,13,6,2025-10-20,37,28,0.0016167964658195,train,3,0.0032611283576015
S22588,13,8,2025-10-20,40,22,0.0078909931537298,train,3,0.00324922330291
S22755,13,8,2025-10-20,36,11,0.0093959731543624,train,3,0.0029875423223371
S23136,13,20,2025-10-20,24,29,0.0,train,3,0.0025203434473436
S23137,13,17,2025-10-20,25,21,0.0,train,3,0.0028062519608092
S23139,13,20,2025-10-20,43,16,0.0,train,3,0.0022175018543139
S23140,13,17,2025-10-20,33,19,0.0,train,3,0.0015051944320436
S23142,13,11,2025-10-20,50,20,0.0,train,3,0.0024779097978553
S23147,13,21,2025-10-20,57,25,0.0,train,3,0.0020235226105617
S23148,13,21,2025-10-20,48,18,0.0,train,3,0.0019868286057093
S23468,13,15,2025-10-20,48,30,0.0,train,3,0.0015601326278007
S23471,13,17,2025-10-20,26,19,0.0,train,3,0.0026483724190093
S23473,13,17,2025-10-20,50,23,0.0,train,3,0.0025832866643738
S23474,13,21,2025-10-20,38,19,0.0,train,3,0.0029723971156877
S23537,13,20,2025-10-20,61,28,0.0,train,3,0.0032204826701619
S23629,13,6,2025-10-20,47,17,0.0,train,3,0.0032447527075957
S23805,13,11,2025-10-20,30,20,0.0,train,3,0.0031028919941042
S23806,13,17,2025-10-20,24,17,0.0,train,3,0.0031279097822745
S23807,13,17,2025-10-20,36,26,0.0,train,3,0.002507408587799
S23808,13,16,2025-10-20,18,20,0.0,train,3,0.0026040152279672
S23813,13,15,2025-10-20,49,25,0.0,train,3,0.0019773603907284
S23818,13,18,2025-10-20,16,23,0.0,train,3,0.0032460682732322
S23819,13,20,2025-10-20,27,30,0.0,train,3,0.0031344171828135
S23820,13,18,2025-10-20,25,22,0.0,train,3,0.0032622990266833
S23851,13,17,2025-10-20,65,20,0.0,train,3,0.0028645557794574
S24032,13,6,2025-10-20,31,13,0.0,train,3,0.0032530020750637
S24194,13,2,2025-10-20,35,11,0.0,train,3,0.002667729210291
S24195,13,6,2025-10-20,42,11,0.0027828170843691,train,3,0.0033313723723132
S24507,13,16,2025-10-20,34,25,0.0,train,3,0.0014550269864683
S24508,13,16,2025-10-20,28,22,0.0,train,3,0.0013670012626568
S24583,13,15,2025-10-20,53,26,0.0,train,3,0.001974970873644
S24771,13,10,2025-10-20,59,23,0.0020803248153031,train,3,0.0018999319826124
S24772,13,10,2025-10-20,22,17,0.0,train,3,0.0033628217814783
S24775,13,5,2025-10-20,30,20,0.0020831499574567,train,3,0.0030298165497075
S24828,13,17,2025-10-20,28,17,0.0041908568489309,train,3,0.0025480489853732
S24829,13,11,2025-10-20,53,17,0.0,train,3,0.003271365614335
S24830,13,16,2025-10-20,27,13,0.0143734790925579,train,3,0.0026755385117249
S24832,13,20,2025-10-20,60,27,0.0041355667057756,train,3,0.0030366932679594
S24833,13,16,2025-10-20,31,19,0.0,train,3,0.0014139511766897
S24837,13,21,2025-10-20,36,14,0.0041397003090198,train,3,0.0024860344685641
S25078,13,8,2025-10-20,56,22,0.0,train,3,0.0032905464313126
S25090,13,16,2025-10-20,63,26,0.0,train,3,0.0024445318145911
S25098,13,6,2025-10-20,43,18,0.0,train,3,0.0032192073301676
S25109,13,20,2025-10-20,58,24,0.0,train,3,0.0031928047182147
S25111,13,18,2025-10-20,33,23,0.0,train,3,0.0026714061184902
S25277,13,6,2025-10-20,21,29,0.0,train,3,0.0031501424065041
S25280,13,20,2025-10-20,48,12,0.0,train,3,0.0028389847962084
S25293,13,6,2025-10-20,50,22,0.0,train,3,0.0033198670444202
S25298,13,10,2025-10-20,55,20,0.0,train,3,0.0030657215725405
S25300,13,8,2025-10-20,31,22,0.0,train,3,0.0033335210535446
S25305,13,2,2025-10-20,36,31,0.0,train,3,0.003291207818141
S25307,13,2,2025-10-20,21,25,0.0,train,3,0.0033732223929135
S25309,13,2,2025-10-20,40,16,0.0,train,3,0.0032941159434316
S25311,13,5,2025-10-20,19,26,0.0061207273443802,train,3,0.0026456740765791
S25444,13,5,2025-10-20,34,15,0.0,train,3,0.002348075313201
S25445,13,5,2025-10-20,39,19,0.0,train,3,0.0031683946237069
S25446,13,6,2025-10-20,57,24,0.0,train,3,0.0027291336579527
S25448,13,8,2025-10-20,19,18,0.0,train,3,0.0033013837244235
S25690,13,18,2025-10-20,17,19,0.0,train,3,0.0030776098453999
S25691,13,11,2025-10-20,45,13,0.0,train,3,0.0032274419481673
S25692,13,17,2025-10-20,40,16,0.0,train,3,0.0025564930214219
S25693,13,17,2025-10-20,44,24,0.0,train,3,0.002451329932248
S25744,13,6,2025-10-20,39,17,0.0,train,3,0.0031785939500091
S25745,13,5,2025-10-20,54,24,0.0,train,3,0.0033685390981501
S25874,13,21,2025-10-20,37,25,0.0,train,3,0.0031782759021897
S26021,13,16,2025-10-20,51,15,0.0,train,3,0.0022722016436307
S26138,13,17,2025-10-20,35,24,0.0,train,3,0.0018728260215085
S26457,13,17,2025-10-20,30,18,0.0,train,3,0.0027532159139161
S26460,13,11,2025-10-20,22,20,0.0,train,3,0.0032253543804193
S26673,13,20,2025-10-20,45,14,0.0120192017025187,train,3,0.0026802691036182
S26674,13,17,2025-10-20,23,26,0.0074346661879758,train,3,0.0032047033859757
S26675,13,16,2025-10-20,48,27,0.0167892440738166,train,3,0.0027605304193366
S27187,13,8,2025-10-20,55,28,0.0063378629287302,train,3,0.0032538743490053
S27258,13,15,2025-10-20,63,24,0.0,train,3,0.0015803110782345
S27261,13,21,2025-10-20,56,27,0.0,train,3,0.0018802451565082
S27268,13,5,2025-10-20,58,20,0.0,train,3,0.00330222605981
S27397,13,18,2025-10-20,20,18,0.0,train,3,0.0029853653946521
S27401,13,20,2025-10-20,37,14,0.0,train,3,0.0021942476998997
S27403,13,11,2025-10-20,20,19,0.0,train,3,0.003285373067454
S27409,13,21,2025-10-20,18,27,0.0,train,3,0.0023403380640549
S27429,13,10,2025-10-20,57,28,0.0,train,3,0.0030855963450768
S27612,13,10,2025-10-20,34,30,0.0,train,3,0.0022489850428097
S27613,13,8,2025-10-20,19,24,0.0,train,3,0.0034048873848217
S27969,13,6,2025-10-20,28,31,0.0,train,3,0.0030303793037524
S27974,13,20,2025-10-20,38,32,0.0023764781263597,train,3,0.0028792979334426
S27975,13,15,2025-10-20,31,12,0.0,train,3,0.0013265097876038
S27981,13,6,2025-10-20,28,23,0.0,train,3,0.003226190289343
S27982,13,5,2025-10-20,13,22,0.0,train,3,0.0032263404178498
S27991,13,6,2025-10-20,16,25,0.0,train,3,0.0033364918326929
S27992,13,8,2025-10-20,22,20,0.0,train,3,0.0033551987912042
S27993,13,2,2025-10-20,45,20,0.0,train,3,0.0033430106938691
S27994,13,2,2025-10-20,49,29,0.002369035702369,train,3,0.0033117128747659
S27996,13,2,2025-10-20,25,20,0.0,train,3,0.0032819267330576
S27997,13,5,2025-10-20,56,29,0.0023229617996644,train,3,0.0033509549533944
S27998,13,4,2025-10-20,31,14,0.0,train,3,0.0032818157848222
S28000,13,4,2025-10-20,40,28,0.0,train,3,0.0032673279223277
S28025,13,2,2025-10-20,37,15,0.0,train,3,0.0033830551271516
S28027,13,4,2025-10-20,45,24,0.0,train,3,0.0031032026847905
S28028,13,10,2025-10-20,18,26,0.0,train,3,0.0032936299182482
S28029,13,6,2025-10-20,61,24,0.0,train,3,0.0032851754600907
S28030,13,5,2025-10-20,38,18,0.0,train,3,0.0031071089755817
S28265,13,6,2025-10-20,17,18,0.0,train,3,0.0033932967529681
S28266,13,4,2025-10-20,46,29,0.0,train,3,0.0033472595497577
S28345,13,15,2025-10-20,22,18,0.0,train,3,0.0019640522985485
S28352,13,20,2025-10-20,55,17,0.0,train,3,0.0027626384529902
S28354,13,18,2025-10-20,44,27,0.0,train,3,0.0031673780077197
S28713,13,5,2025-10-20,62,20,0.0062949002441965,train,3,0.0031750232982186
S28721,13,2,2025-10-20,19,16,0.0114210864969206,train,3,0.0031288177289911
S28722,13,6,2025-10-20,51,20,0.0017310137053097,train,3,0.0033131652498649
S28723,13,6,2025-10-20,36,19,0.0088550535401124,train,3,0.0031507824201984
S28726,13,8,2025-10-20,37,23,0.0050802022881353,train,3,0.0032641933150318
S28727,13,2,2025-10-20,22,28,0.0,train,3,0.0033431778737445
S28861,13,15,2025-10-20,25,25,0.0,train,3,0.0017213362127286
S29254,13,4,2025-10-20,44,11,0.0,train,3,0.0032040997195931
S29256,13,17,2025-10-20,49,12,0.0,train,3,0.0025274013694815
S29259,13,2,2025-10-20,60,18,0.0,train,3,0.0033125151856528
S29374,13,4,2025-10-20,29,20,0.0,train,3,0.0032714351221662
S29480,13,17,2025-10-20,50,17,0.0,train,3,0.0032836268104815
S29482,13,16,2025-10-20,43,13,0.0,train,3,0.0020088298063517
S29483,13,20,2025-10-20,22,28,0.0046376000186623,train,3,0.0023789565885516
S29485,13,16,2025-10-20,23,22,0.0,train,3,0.0025685598971463
S29488,13,20,2025-10-20,18,21,0.0116370005104358,train,3,0.001989341165414
S29490,13,20,2025-10-20,43,22,0.0,train,3,0.0023515061161261
S29493,13,18,2025-10-20,38,14,0.0,train,3,0.0030338233855489
S29494,13,21,2025-10-20,32,13,0.0,train,3,0.0024574127035467
S29496,13,21,2025-10-20,18,18,0.0,train,3,0.0025780749172095
S29500,13,21,2025-10-20,24,14,0.0,train,3,0.0025486844374926
S29798,13,20,2025-10-20,55,20,0.0,train,3,0.0020571145947139
S29799,13,20,2025-10-20,25,26,0.0,train,3,0.0017534731244607
S29800,13,18,2025-10-20,38,15,0.0,train,3,0.0025847144504852
S29801,13,18,2025-10-20,18,26,0.0,train,3,0.003026932372603
S29802,13,20,2025-10-20,56,23,0.0,train,3,0.0020451083870704
S29803,13,15,2025-10-20,49,28,0.0,train,3,0.0022484504519839
S29805,13,16,2025-10-20,31,23,0.0,train,3,0.0012160771770708
S29807,13,15,2025-10-20,64,18,0.0,train,3,0.0020112937690687
S29809,13,17,2025-10-20,33,20,0.0,train,3,0.0015142977305933
S29812,13,18,2025-10-20,21,19,0.0,train,3,0.0027794638547995
S29814,13,16,2025-10-20,20,15,0.0,train,3,0.0024407499660239
S29815,13,17,2025-10-20,56,25,0.0,train,3,0.0026669596490978
S30336,13,18,2025-10-20,35,12,0.0,train,3,0.003179581939511
S30337,13,21,2025-10-20,24,22,0.0,train,3,0.003210221746101
S30339,13,16,2025-10-20,22,28,0.0,train,3,0.0029693237101309
S30340,13,16,2025-10-20,27,24,0.0,train,3,0.001893369462515
S30341,13,17,2025-10-20,44,14,0.0,train,3,0.0031325582954122
S30344,13,11,2025-10-20,57,28,0.0,train,3,0.0031838435523771
S30348,13,21,2025-10-20,24,20,0.0,train,3,0.0023734871121147
S30350,13,21,2025-10-20,25,23,0.0024686574874331,train,3,0.0030697712041256
S30672,13,2,2025-10-20,22,29,0.0174933783867022,train,3,0.0031006660568454
S30673,13,2,2025-10-20,17,16,0.0092083590407743,train,3,0.0020135382352884
S30682,13,16,2025-10-20,38,11,0.010775476576347,train,3,0.0029092959732552
S30715,13,6,2025-10-20,60,26,0.0110713563568194,train,3,0.0032428940554617
S30730,13,8,2025-10-20,22,19,0.00611774056841,train,3,0.003341097808898
S30731,13,2,2025-10-20,43,13,0.0115786662939128,train,3,0.0033170132467958
S30732,13,10,2025-10-20,46,17,0.0129212402310744,train,3,0.0032544267546986
S30740,13,8,2025-10-20,32,24,0.0107389622715207,train,3,0.003344554294807
S30741,13,2,2025-10-20,24,15,0.0,train,3,0.0031547120301471
S30743,13,5,2025-10-20,21,23,0.0,train,3,0.0033539271638654
S30945,13,10,2025-10-20,16,26,0.0,train,3,0.0034139196498229
S31393,13,20,2025-10-20,38,32,0.0,train,3,0.0031457663183857
S31397,13,8,2025-10-20,39,18,0.0,train,3,0.003253541108989
S31627,13,17,2025-10-20,35,14,0.0,train,3,0.0029412704729697
S31628,13,15,2025-10-20,33,16,0.0,train,3,0.0015857255476467
S32125,13,5,2025-10-20,45,14,0.0044684198696336,train,3,0.0029035411876567
S32131,13,8,2025-10-20,26,27,0.0022165433519308,train,3,0.0032792943944068
S32132,13,5,2025-10-20,51,15,0.0,train,3,0.0031840370098716
S32133,13,10,2025-10-20,33,22,0.0044119539984997,train,3,0.0032404876472102
S32136,13,4,2025-10-20,36,15,0.0,train,3,0.0033304319036351
S32137,13,5,2025-10-20,50,24,0.0,train,3,0.0032952214820568
S32138,13,8,2025-10-20,31,14,0.0,train,3,0.0032618394335346
S32140,13,2,2025-10-20,58,23,0.0,train,3,0.0034261302991903
S32159,13,8,2025-10-20,29,23,0.0,train,3,0.0034567720069715
S32166,13,8,2025-10-20,42,25,0.0,train,3,0.0032798387424688
S32169,13,8,2025-10-20,62,20,0.0,train,3,0.0034023324108422
S32170,13,2,2025-10-20,22,19,0.0,train,3,0.0034207967141116
S32171,13,5,2025-10-20,45,21,0.0055081763724724,train,3,0.0032847169270118
S32175,13,5,2025-10-20,49,26,0.002697319504822,train,3,0.0033529767434586
S32177,13,6,2025-10-20,60,20,0.0,train,3,0.0033575914911086
S32451,13,2,2025-10-20,31,31,0.0027502019766039,train,3,0.0028760594082113
S32479,13,15,2025-10-20,23,16,0.0,train,3,0.0021261248955059
S32480,13,20,2025-10-20,37,15,0.0,train,3,0.0019036034280485
S32482,13,20,2025-10-20,35,13,0.0,train,3,0.0031571655389776
S32484,13,11,2025-10-20,56,15,0.0,train,3,0.0027718982236516
S32486,13,18,2025-10-20,44,16,0.0,train,3,0.0031196655889638
S32749,13,17,2025-10-20,27,12,0.0,train,3,0.0031072385628827
S32766,13,8,2025-10-20,14,19,0.0,train,3,0.0032750926685625
S32775,13,6,2025-10-20,32,19,0.0,train,3,0.0032625951888643
S32776,13,8,2025-10-20,38,28,0.0,train,3,0.0032258400975271
S32777,13,10,2025-10-20,60,25,0.0025345246108969,train,3,0.0031760823797171
S33165,13,5,2025-10-20,15,17,0.0,train,3,0.0030599149633558
S33166,13,2,2025-10-20,55,13,0.001771589689847,train,3,0.003248001051872
S33168,13,18,2025-10-20,27,12,0.0,train,3,0.0028822107194808
S33402,13,8,2025-10-20,57,23,0.0035563379021899,train,3,0.0033584132140887
S33403,13,5,2025-10-20,35,29,0.0018110792866461,train,3,0.0033281732944419
S33404,13,2,2025-10-20,49,20,0.0,train,3,0.0032695928023525
S33405,13,2,2025-10-20,44,23,0.0053597618842205,train,3,0.0034687630145849
S33406,13,5,2025-10-20,34,20,0.0070886328708606,train,3,0.0032847360183804
S33708,13,18,2025-10-20,38,25,0.0,train,3,0.0030234218539
S33710,13,21,2025-10-20,41,21,0.0,train,3,0.0030601586020312
S34039,13,4,2025-10-20,16,21,0.0,train,3,0.0034182553008068
S34041,13,4,2025-10-20,17,17,0.0,train,3,0.0032087391999133
S34042,13,10,2025-10-20,24,15,0.0,train,3,0.0033962987245964
S34043,13,4,2025-10-20,30,29,0.0,train,3,0.0033251652527078
S34044,13,4,2025-10-20,43,14,0.0,train,3,0.0033371424081762
S34046,13,10,2025-10-20,33,29,0.0,train,3,0.0033278997987819
S34146,13,21,2025-10-20,27,29,0.0,train,3,0.0017417748921022
S34147,13,20,2025-10-20,34,21,0.0,train,3,0.0023933498333161
S34150,13,15,2025-10-20,43,19,0.0,train,3,0.0016650708479589
S34151,13,15,2025-10-20,43,12,0.0,train,3,0.002088019767934
S34152,13,16,2025-10-20,14,20,0.0,train,3,0.0026880232033518
S34154,13,17,2025-10-20,13,21,0.0,train,3,0.0031670175517515
S34155,13,11,2025-10-20,24,19,0.0,train,3,0.0032726932151956
S34209,13,6,2025-10-20,40,29,0.0109581360774345,train,3,0.0032626473968702
S34221,13,10,2025-10-20,24,21,0.016623252217214,train,3,0.0031897375436143
S34222,13,8,2025-10-20,30,20,0.0345851406833522,train,3,0.0032619965539994
S34226,13,10,2025-10-20,43,19,0.0097340552034806,train,3,0.0032356184168659
S34230,13,2,2025-10-20,17,26,0.0146376662199773,train,3,0.0032197766317113
S34231,13,4,2025-10-20,34,29,0.0107361134898849,train,3,0.0032464951609547
S34232,13,5,2025-10-20,27,24,0.0160606231974212,train,3,0.0032974925676356
S34234,13,4,2025-10-20,61,24,0.0223121967917799,train,3,0.0032408927632095
S34236,13,5,2025-10-20,17,21,0.0093749705263753,train,3,0.0032826308566394
S34333,13,17,2025-10-20,25,20,0.0,train,3,0.0028100426330332
S34335,13,16,2025-10-20,49,16,0.007032886171959,train,3,0.0023665179155774
S34336,13,16,2025-10-20,47,24,0.0,train,3,0.0020119454479207
S34337,13,21,2025-10-20,40,26,0.0,train,3,0.0015184788222471
S34456,13,5,2025-10-20,19,27,0.0,train,3,0.0033239729075996
S34457,13,2,2025-10-20,39,14,0.0,train,3,0.0028535305655312
S34458,13,6,2025-10-20,25,22,0.0,train,3,0.0030831288749924
S34459,13,8,2025-10-20,30,26,0.0,train,3,0.0033632039134724
S34582,13,15,2025-10-20,20,29,0.0,train,3,0.0023125804306993
S34809,13,5,2025-10-20,31,12,0.0,train,3,0.003091979193153
S34833,13,4,2025-10-20,18,22,0.0,train,3,0.0032781300503459
S34927,13,11,2025-10-20,26,29,0.0,train,3,0.003147396041032
S34928,13,17,2025-10-20,46,17,0.0,train,3,0.0025720081153872
S34929,13,17,2025-10-20,33,27,0.0,train,3,0.0025081299945108
S34930,13,16,2025-10-20,27,19,0.0,train,3,0.0014757488607699
S34933,13,18,2025-10-20,57,24,0.0,train,3,0.0019718051161788
S34934,13,20,2025-10-20,23,25,0.0,train,3,0.0017683237441329
S34935,13,18,2025-10-20,34,28,0.0,train,3,0.0029571176930477
S34936,13,20,2025-10-20,41,15,0.0,train,3,0.0013778613925078
S34941,13,21,2025-10-20,34,19,0.0,train,3,0.001675324884775
S34942,13,21,2025-10-20,32,26,0.0,train,3,0.0029225901407751
S35091,13,17,2025-10-20,21,20,0.0219467941549679,train,3,0.0026829441309064
S35092,13,17,2025-10-20,26,22,0.0092745386057001,train,3,0.0023150979760984
S35094,13,17,2025-10-20,37,17,0.048591629736757,train,3,0.0018348036332029
S35095,13,15,2025-10-20,58,27,0.0161454638068729,train,3,0.0028988433842422
S35098,13,18,2025-10-20,45,18,0.0196526379970559,train,3,0.0019201362839144
S35099,13,18,2025-10-20,65,23,0.0155804257186745,train,3,0.0031292941702186
S35295,13,11,2025-10-20,40,32,0.0194055041249448,train,3,0.0013500723213753
S35297,13,6,2025-10-20,40,32,0.0213508411458141,train,3,0.003292226224372
S35411,13,5,2025-10-20,42,20,0.011720994451448,train,3,0.0032514535742432
S35412,13,5,2025-10-20,26,20,0.0382107257976789,train,3,0.0033617493806719
S35413,13,5,2025-10-20,64,22,0.0174337871706292,train,3,0.0032487359586775
S35414,13,2,2025-10-20,30,28,0.0234258084535588,train,3,0.0031369120423313
S35417,13,6,2025-10-20,36,21,0.0,train,3,0.0031110751396657
S35418,13,10,2025-10-20,33,20,0.0116380690974809,train,3,0.0033609769221601
S35422,13,6,2025-10-20,35,30,0.0223216290747078,train,3,0.0032296171189878
S35423,13,8,2025-10-20,35,12,0.022765620342918,train,3,0.0033716733992215
S35424,13,10,2025-10-20,27,18,0.0204474966770048,train,3,0.0028611545521093
S35432,13,6,2025-10-20,42,20,0.0759381838343359,train,3,0.0030277089444354
S35433,13,6,2025-10-20,41,25,0.018366662971161,train,3,0.0032919696301604
S35544,13,21,2025-10-20,26,27,0.0219019918914154,train,3,0.0031317611524419
S35578,13,17,2025-10-20,31,14,0.0,train,3,0.0030316421177222
S35844,13,11,2025-10-20,39,32,0.0,train,3,0.0031207896927797
S35860,13,6,2025-10-20,33,28,0.0020286376698014,train,3,0.0031574046217959
S35861,13,5,2025-10-20,21,18,0.0177717916016067,train,3,0.0032965142805333
S35863,13,6,2025-10-20,19,26,0.0,train,3,0.0032116088504998
S35868,13,10,2025-10-20,20,27,0.0,train,3,0.003225566259313
S35875,13,2,2025-10-20,61,24,0.0,train,3,0.0033633738933263
S35876,13,10,2025-10-20,47,24,0.0,train,3,0.0032575930491103
S35877,13,4,2025-10-20,16,18,0.0040068366145858,train,3,0.0032363741313725
S35878,13,2,2025-10-20,56,14,0.0,train,3,0.0033775486043112
S35879,13,4,2025-10-20,62,22,0.0059651691731579,train,3,0.0034108300607386
S36516,13,15,2025-10-20,31,24,0.0,train,3,0.0018088484340342
S36836,13,6,2025-10-20,46,22,0.0,train,3,0.0026893585910477
S36838,13,5,2025-10-20,47,12,0.0,train,3,0.0029321941129876
S36839,13,2,2025-10-20,35,14,0.0,train,3,0.0033484989172462
S36841,13,10,2025-10-20,52,25,0.0,train,3,0.0024488327258822
S36842,13,10,2025-10-20,48,14,0.0,train,3,0.0032987282312146
S37267,13,16,2025-10-20,13,24,0.0,train,3,0.0024950371867575
S37274,13,15,2025-10-20,36,13,0.0,train,3,0.0020873745578068
S37276,13,18,2025-10-20,46,13,0.0,train,3,0.0026316152477513
S37277,13,20,2025-10-20,40,27,0.0,train,3,0.0029930283538863
S37424,13,5,2025-10-20,31,19,0.0,train,3,0.0031661199841869
S37425,13,5,2025-10-20,57,16,0.0,train,3,0.0030357786589756
S37488,13,17,2025-10-20,38,12,0.0,train,3,0.0029869009998719
S37491,13,11,2025-10-20,26,22,0.0,train,3,0.0032757247693408
S37492,13,15,2025-10-20,38,14,0.0,train,3,0.0017983266870321
S37493,13,15,2025-10-20,45,28,0.0,train,3,0.0024622644530861
S37495,13,11,2025-10-20,40,19,0.0084572712112445,train,3,0.0031040011128921
S37500,13,15,2025-10-20,48,16,0.0,train,3,0.0019630026325238
S37501,13,17,2025-10-20,34,28,0.0,train,3,0.0024363937869195
S37503,13,21,2025-10-20,34,27,0.0,train,3,0.0024874002953366
S37504,13,17,2025-10-20,22,22,0.0,train,3,0.0027520670360216
S37505,13,20,2025-10-20,43,13,0.0,train,3,0.0030610266684444
S37507,13,11,2025-10-20,21,15,0.0,train,3,0.0031847940335369
S37511,13,20,2025-10-20,48,27,0.0,train,3,0.0030559549061959
S37517,13,21,2025-10-20,36,26,0.0,train,3,0.0019933420140003
S37723,13,6,2025-10-20,40,15,0.0055253532557338,train,3,0.0032167686371475
S37724,13,2,2025-10-20,33,17,0.0,train,3,0.0029244690819047
S37727,13,5,2025-10-20,18,16,0.0,train,3,0.0032883522898055
S37728,13,4,2025-10-20,19,20,0.0,train,3,0.0033344579390833
S37729,13,8,2025-10-20,36,13,0.0,train,3,0.0032500653670307
S37730,13,2,2025-10-20,37,29,0.0,train,3,0.0032163250122435
S37731,13,8,2025-10-20,33,23,0.0,train,3,0.0026333830231982
S37733,13,10,2025-10-20,61,26,0.0,train,3,0.0034325997823657
S37735,13,8,2025-10-20,61,22,0.0027688639301154,train,3,0.0032214140228042
S37736,13,6,2025-10-20,52,23,0.0,train,3,0.0032189902328164
S38212,13,21,2025-10-20,39,11,0.0095044517114296,train,3,0.0031180169409446
S38229,13,4,2025-10-20,39,16,0.0,train,3,0.0033254180614796
S38235,13,5,2025-10-20,44,28,0.0,train,3,0.0033116237651618
S38236,13,5,2025-10-20,52,29,0.0107920894201694,train,3,0.0030443015738459
S38237,13,4,2025-10-20,53,18,0.0056799350864561,train,3,0.0031274366895863
S38241,13,4,2025-10-20,53,16,0.021974074350408,train,3,0.0032833167649197
S38242,13,4,2025-10-20,16,25,0.0054197438980172,train,3,0.0032633328570447
S38243,13,2,2025-10-20,56,18,0.0055401353264443,train,3,0.0032145848092242
S38246,13,4,2025-10-20,41,20,0.002823823525234,train,3,0.0032444688299485
S38293,13,20,2025-10-20,46,20,0.023856718508228,train,3,0.0022140016235069
S38295,13,11,2025-10-20,16,19,0.0070898311564555,train,3,0.0032832187819436
S38298,13,21,2025-10-20,52,18,0.0094389277768734,train,3,0.0014976908954202
S38299,13,11,2025-10-20,24,25,0.009866480624376,train,3,0.0032296728396464
S38300,13,11,2025-10-20,48,14,0.0151021682260546,train,3,0.0024270164736124
S38786,13,18,2025-10-20,50,15,0.0,train,3,0.0027080332640569
S38788,13,21,2025-10-20,51,30,0.0,train,3,0.0023464081617972
S38791,13,18,2025-10-20,37,23,0.0,train,3,0.003316473814564
S38793,13,15,2025-10-20,55,17,0.0,train,3,0.0020214687076713
S38796,13,11,2025-10-20,45,19,0.0,train,3,0.0032811676383079
S39119,13,8,2025-10-20,24,15,0.0,train,3,0.0032832395382127
S39120,13,6,2025-10-20,35,26,0.0,train,3,0.002940627568539
S39121,13,5,2025-10-20,54,17,0.0,train,3,0.0031139526967236
S39260,13,4,2025-10-20,45,15,0.0,train,3,0.003388458173867
S39261,13,5,2025-10-20,21,21,0.0,train,3,0.003265448430363
S39264,13,10,2025-10-20,47,23,0.0,train,3,0.0033292515820887
S39389,13,15,2025-10-20,52,22,0.0,train,3,0.0016565379036985
S39390,13,20,2025-10-20,31,22,0.0,train,3,0.0018597933399979
S39409,13,20,2025-10-20,17,17,0.0,train,3,0.0031222882043931
S39411,13,20,2025-10-20,56,28,0.0,train,3,0.003207490752662
S39414,13,20,2025-10-20,19,16,0.0,train,3,0.0032475385231149
S39480,13,2,2025-10-20,48,31,0.0,train,3,0.0033015674406618
S39484,13,5,2025-10-20,22,29,0.0,train,3,0.0031988087856478
S39491,13,6,2025-10-20,20,23,0.0,train,3,0.0032910907066925
S39495,13,10,2025-10-20,39,25,0.0,train,3,0.0035547343654327
S39807,13,6,2025-10-20,47,16,0.0,train,3,0.0032743807884473
S39808,13,6,2025-10-20,37,25,0.0,train,3,0.0032231475073386
S39908,13,5,2025-10-20,41,11,0.0082538670280432,train,3,0.0032306610522196
S39909,13,4,2025-10-20,31,12,0.0097923316388856,train,3,0.0032968532164335
S40017,13,4,2025-10-20,24,18,0.0049416841498215,train,3,0.0033205227305293
S40019,13,4,2025-10-20,33,21,0.0,train,3,0.0033930547238372
S40021,13,4,2025-10-20,51,14,0.0033221703063482,train,3,0.0032884125785997
S40022,13,8,2025-10-20,46,25,0.0016321678275747,train,3,0.0033715333273789
S40023,13,10,2025-10-20,21,22,0.0016321195880622,train,3,0.0033120869844365
S40026,13,6,2025-10-20,30,18,0.0066611715352191,train,3,0.0032201721573059
S40027,13,6,2025-10-20,40,23,0.0033906052264439,train,3,0.0027685841437397
S40028,13,6,2025-10-20,41,28,0.004914126383025,train,3,0.0031527907714303
S40029,13,6,2025-10-20,48,21,0.0,train,3,0.0027030601715031
S40221,13,17,2025-10-20,40,26,0.0019080306206282,train,3,0.0025537239247251
S40224,13,20,2025-10-20,53,29,0.0076347604344286,train,3,0.0027855068786683
S40225,13,17,2025-10-20,60,26,0.0019230248368137,train,3,0.0029196983881993
S40226,13,21,2025-10-20,31,28,0.0,train,3,0.0028791280346671
S40228,13,20,2025-10-20,47,13,0.0019293628056118,train,3,0.0025048080275438
S40229,13,20,2025-10-20,41,26,0.0,train,3,0.002282912606584
S40230,13,20,2025-10-20,43,21,0.0095901882918659,train,3,0.0018829893389705
S40385,13,11,2025-10-20,26,30,0.0,train,3,0.0031332302611149
S40386,13,18,2025-10-20,46,31,0.0,train,3,0.0027982628337926
S40402,13,4,2025-10-20,48,28,0.005705888430938,train,3,0.0033313234841872
S40410,13,6,2025-10-20,52,21,0.003930407275603,train,3,0.0025246324823194
S40411,13,2,2025-10-20,26,18,0.0019093720586257,train,3,0.0030946448931721
S40414,13,5,2025-10-20,37,25,0.0116389354003957,train,3,0.0032596915339539
S40418,13,4,2025-10-20,51,30,0.0038164128790496,train,3,0.003218653637352
S40636,13,15,2025-10-20,54,25,0.0021366970189422,train,3,0.0017939411502837
S40638,13,11,2025-10-20,39,14,0.0,train,3,0.0032692325115258
S40643,13,21,2025-10-20,26,17,0.0,train,3,0.0023534061211444
S40670,13,4,2025-10-20,13,24,0.0,train,3,0.0033938890565096
S40684,13,6,2025-10-20,60,21,0.0085665654019348,train,3,0.0033112600193755
S40689,13,10,2025-10-20,23,28,0.0,train,3,0.0032664692107042
S40695,13,4,2025-10-20,24,24,0.0,train,3,0.0033365583682075
S40696,13,5,2025-10-20,57,25,0.0,train,3,0.0034307561588396
S40699,13,5,2025-10-20,53,21,0.0,train,3,0.0032438186226842
S40700,13,4,2025-10-20,45,19,0.0021489475777858,train,3,0.0032425374533401
S41281,13,18,2025-10-20,62,25,0.0,train,3,0.003252606762949
S41285,13,17,2025-10-20,60,27,0.0,train,3,0.002961577918969
S41289,13,21,2025-10-20,19,20,0.0,train,3,0.0026312426551406
S41559,13,17,2025-10-20,53,16,0.0070959958309239,train,3,0.0027662843020002
S41560,13,15,2025-10-20,44,13,0.0,train,3,0.0020893697739732
S41568,13,21,2025-10-20,36,16,0.0017901781533429,train,3,0.0026412695853806
S41891,13,6,2025-10-20,51,14,0.014029127583865,train,3,0.003288805265168
S42102,13,18,2025-10-20,41,21,0.0261865050381723,train,3,0.0014236058320116
S42104,13,15,2025-10-20,57,20,0.0109886465392396,train,3,0.0018803757832354
S42107,13,17,2025-10-20,51,27,0.0008474995353247,train,3,0.0017058072538273
S42110,13,21,2025-10-20,56,15,0.0110356772119926,train,3,0.0020723820270701
S42111,13,17,2025-10-20,46,29,0.0229509892476693,train,3,0.0029414189057867
S42112,13,11,2025-10-20,48,22,0.016299677941977,train,3,0.003116305751121
S42117,13,21,2025-10-20,60,18,0.010181315693417,train,3,0.002235347105147
S42458,13,5,2025-10-20,38,20,0.0,train,3,0.0032024144008574
S42562,13,5,2025-10-20,16,26,0.0,train,3,0.0033027296259131
S42563,13,17,2025-10-20,25,13,0.0,train,3,0.0031970913646668
S42908,13,20,2025-10-20,36,29,0.0,train,3,0.0016413701568243
S42910,13,17,2025-10-20,42,17,0.0,train,3,0.001770187464376
S42912,13,17,2025-10-20,19,26,0.0,train,3,0.0032430966980153
S43006,13,16,2025-10-20,23,17,0.0,train,3,0.0014280025710183
S43007,13,16,2025-10-20,35,31,0.0,train,3,0.0029154611093205
S43008,13,21,2025-10-20,54,21,0.0,train,3,0.0027195839999777
S43445,13,11,2025-10-20,38,27,0.0122800190253815,train,3,0.0032917309783124
S43447,13,11,2025-10-20,40,25,0.0079505053050026,train,3,0.0030969256079619
S43449,13,11,2025-10-20,19,23,0.0114727608494921,train,3,0.0027772967633621
S43458,13,21,2025-10-20,38,23,0.0,train,3,0.001858663620627
S43515,13,10,2025-10-20,43,23,0.0169774203725025,train,3,0.0033157701970163
S43516,13,4,2025-10-20,62,18,0.0086194437539382,train,3,0.0032639804360055
S43518,13,4,2025-10-20,20,25,0.0100814017408166,train,3,0.0032595413524761
S43520,13,10,2025-10-20,46,29,0.031319641373779,train,3,0.0029503832153662
S43521,13,6,2025-10-20,39,30,0.0132288294707444,train,3,0.0032476216029478
S43522,13,10,2025-10-20,33,14,0.0087148643672517,train,3,0.0032830653674678
S43523,13,2,2025-10-20,17,23,0.0182563976980531,train,3,0.0033104881762686
S43525,13,8,2025-10-20,47,16,0.0101379743633678,train,3,0.0032729025810929
S43526,13,2,2025-10-20,57,17,0.0115307205540314,train,3,0.003313870923327
S43527,13,6,2025-10-20,36,13,0.0183587906100511,train,3,0.0031859297957419
S43529,13,8,2025-10-20,24,21,0.0177006909324025,train,3,0.0034668147040092
S43530,13,10,2025-10-20,17,17,0.0191662858476068,train,3,0.0030839014967555
S43717,13,8,2025-10-20,27,30,0.0104642794251632,train,3,0.0033195034036093
S00069,13,8,2025-10-20,42,16,0.0024141213958187,train,4,0.0033385581423489
S00072,13,10,2025-10-20,48,25,0.0,train,4,0.0032031151016603
S00075,13,6,2025-10-20,38,16,0.0,train,4,0.0030759688724455
S00079,13,4,2025-10-20,26,19,0.0,train,4,0.0033012929427042
S00080,13,10,2025-10-20,33,31,0.0024551575598599,train,4,0.0029808622005754
S00081,13,5,2025-10-20,30,25,0.0048692551117381,train,4,0.0033191617516522
S00283,13,21,2025-10-20,40,24,0.0,train,4,0.0031779289752641
S00284,13,15,2025-10-20,62,17,0.0,train,4,0.0022239125273636
S00296,13,10,2025-10-20,17,24,0.0,train,4,0.0029498210341105
S00777,13,17,2025-10-20,38,13,0.0,train,4,0.002999247059206
S01174,13,15,2025-10-20,64,20,0.0,train,4,0.0024729910507174
S01176,13,15,2025-10-20,41,18,0.0,train,4,0.001215381888919
S01411,13,11,2025-10-20,47,27,0.0071353300772108,train,4,0.0031507044077055
S01412,13,11,2025-10-20,36,18,0.0029324388509795,train,4,0.0032590629389243
S01415,13,11,2025-10-20,50,25,0.0187076898131257,train,4,0.0031134082618892
S01416,13,17,2025-10-20,23,25,0.0,train,4,0.0033135841180824
S01418,13,17,2025-10-20,55,23,0.0,train,4,0.0023234484954187
S01419,13,16,2025-10-20,23,25,0.0,train,4,0.0017560266992494
S01423,13,15,2025-10-20,44,29,0.0,train,4,0.0020641626176466
S01425,13,15,2025-10-20,55,27,0.0,train,4,0.0014593340416814
S01426,13,16,2025-10-20,37,23,0.0,train,4,0.0012647127314573
S01513,13,5,2025-10-20,49,20,0.0,train,4,0.0033515170804785
S01517,13,2,2025-10-20,37,23,0.0089309780948444,train,4,0.0033635379266578
S01524,13,2,2025-10-20,58,25,0.0029565646741086,train,4,0.0034509274219774
S01525,13,2,2025-10-20,20,21,0.0,train,4,0.0033801739754766
S01527,13,4,2025-10-20,35,27,0.0014726580440612,train,4,0.0033592866302589
S01957,13,20,2025-10-20,48,25,0.0,train,4,0.0030440414264962
S01959,13,18,2025-10-20,55,25,0.0,train,4,0.0029050491579981
S01961,13,16,2025-10-20,30,18,0.0,train,4,0.001842171800206
S01962,13,17,2025-10-20,55,14,0.0,train,4,0.0024621754495155
S01974,13,10,2025-10-20,13,19,0.0,train,4,0.0031406627074583
S01975,13,10,2025-10-20,25,30,0.0,train,4,0.0031441412269698
S02002,13,2,2025-10-20,56,28,0.0,train,4,0.003173532196835
S02003,13,5,2025-10-20,58,23,0.0,train,4,0.0033485232448464
S02006,13,5,2025-10-20,36,31,0.0,train,4,0.0029489536508755
S02007,13,5,2025-10-20,38,17,0.0,train,4,0.0031132090514489
S02368,13,6,2025-10-20,54,29,0.0,train,4,0.0032353355180822
S02420,13,16,2025-10-20,57,22,0.0,train,4,0.0023941380307981
S02421,13,20,2025-10-20,21,15,0.0,train,4,0.003082048411103
S02423,13,16,2025-10-20,37,22,0.0,train,4,0.0017996490072771
S02424,13,11,2025-10-20,18,27,0.0,train,4,0.0033163903128437
S02519,13,16,2025-10-20,35,11,0.0,train,4,0.0025190087583163
S02520,13,11,2025-10-20,39,11,0.0,train,4,0.0024760877797833
S02544,13,10,2025-10-20,52,23,0.0,train,4,0.0031751325270959
S02547,13,2,2025-10-20,48,27,0.0,train,4,0.003319223363917
S02549,13,2,2025-10-20,15,19,0.0,train,4,0.0033570384042813
S02550,13,2,2025-10-20,60,27,0.0,train,4,0.0033443987363943
S02551,13,4,2025-10-20,51,28,0.0,train,4,0.0032717849485665
S02556,13,5,2025-10-20,52,27,0.0,train,4,0.003375236819518
S02850,13,11,2025-10-20,50,21,0.0,train,4,0.003294966666449
S02851,13,11,2025-10-20,56,18,0.0,train,4,0.0032069988066085
S02853,13,15,2025-10-20,42,20,0.0,train,4,0.0018646917010835
S02974,13,17,2025-10-20,40,11,0.0,train,4,0.0031287380026991
S02975,13,15,2025-10-20,35,32,0.0,train,4,0.0027027545495493
S02982,13,5,2025-10-20,27,15,0.0,train,4,0.0029247351499399
S03171,13,21,2025-10-20,25,13,0.0076579824837133,train,4,0.0028755963214575
S03341,13,11,2025-10-20,21,25,0.0028432331622816,train,4,0.0032528195943045
S03343,13,11,2025-10-20,29,24,0.0,train,4,0.0033116322219079
S03347,13,15,2025-10-20,42,17,0.0,train,4,0.0015773447804999
S03348,13,15,2025-10-20,25,29,0.0,train,4,0.0019445541979509
S03350,13,18,2025-10-20,28,22,0.0029072488183817,train,4,0.0023053746495292
S03351,13,20,2025-10-20,64,25,0.0,train,4,0.0031561257366293
S03352,13,20,2025-10-20,60,25,0.0,train,4,0.0025821778133204
S03354,13,21,2025-10-20,51,19,0.0,train,4,0.0023363594464963
S03637,13,5,2025-10-20,47,17,0.0,train,4,0.0028073262083133
S03639,13,5,2025-10-20,50,21,0.0,train,4,0.0032260172742549
S03641,13,10,2025-10-20,47,28,0.0,train,4,0.003403217805165
S03642,13,2,2025-10-20,47,24,0.0,train,4,0.0034302313211945
S03643,13,6,2025-10-20,46,25,0.0,train,4,0.0032235220200823
S03678,13,15,2025-10-20,32,15,0.0,train,4,0.0017180403289823
S03679,13,20,2025-10-20,50,16,0.0,train,4,0.0024667882813699
S03939,13,8,2025-10-20,49,30,0.0,train,4,0.0032892884001813
S04026,13,6,2025-10-20,14,18,0.0,train,4,0.0030672077545782
S04048,13,17,2025-10-20,55,26,0.0,train,4,0.0031960172139108
S04053,13,20,2025-10-20,20,25,0.0,train,4,0.0019952391410203
S04059,13,21,2025-10-20,40,17,0.0,train,4,0.0015932265937535
S04434,13,15,2025-10-20,20,19,0.0,train,4,0.0021015720659131
S04435,13,16,2025-10-20,47,18,0.0,train,4,0.0024290555566552
S04436,13,17,2025-10-20,23,19,0.0,train,4,0.0029666379286557
S04437,13,11,2025-10-20,38,12,0.0,train,4,0.0033216921913844
S04438,13,18,2025-10-20,33,27,0.0,train,4,0.0027144986215056
S04441,13,21,2025-10-20,56,17,0.0,train,4,0.0024453311861254
S04575,13,8,2025-10-20,18,17,0.0,train,4,0.0033359904231531
S04576,13,2,2025-10-20,21,18,0.0,train,4,0.0033191660136847
S04577,13,5,2025-10-20,59,22,0.0,train,4,0.0033219888529819
S04578,13,4,2025-10-20,62,21,0.0,train,4,0.0033659921772269
S04579,13,5,2025-10-20,18,24,0.0,train,4,0.0031184112484317
S04800,13,20,2025-10-20,35,24,0.0,train,4,0.0024039871617799
S04802,13,16,2025-10-20,43,19,0.0,train,4,0.0012806274650458
S04805,13,11,2025-10-20,51,24,0.0,train,4,0.0031129988214994
S04806,13,16,2025-10-20,40,14,0.0,train,4,0.001550939383284
S04807,13,11,2025-10-20,36,31,0.0,train,4,0.0031964782135033
S04824,13,10,2025-10-20,38,29,0.0,train,4,0.0024036375859763
S04876,13,4,2025-10-20,22,19,0.0,train,4,0.003311360235887
S04880,13,2,2025-10-20,19,19,0.0,train,4,0.003405388285676
S04883,13,10,2025-10-20,28,22,0.0,train,4,0.0029225888926284
S04888,13,8,2025-10-20,51,25,0.0,train,4,0.003134649023697
S05123,13,21,2025-10-20,37,13,0.0,train,4,0.0023940608633366
S05124,13,16,2025-10-20,40,28,0.0,train,4,0.0019441819004544
S05126,13,21,2025-10-20,43,28,0.0,train,4,0.0023941226101491
S05572,13,20,2025-10-20,25,13,0.0087115037422656,train,4,0.0031277049858713
S05632,13,18,2025-10-20,49,28,0.0,train,4,0.0031489300712083
S05633,13,18,2025-10-20,42,17,0.0,train,4,0.0026604482692883
S05636,13,15,2025-10-20,27,17,0.0,train,4,0.0013470316545926
S05639,13,21,2025-10-20,42,12,0.0,train,4,0.003088449475694
S05742,13,4,2025-10-20,31,22,0.0085383745821006,train,4,0.0034016117077236
S05743,13,2,2025-10-20,21,15,0.0070337073086162,train,4,0.0031860790402054
S05744,13,2,2025-10-20,44,22,0.0035164430859795,train,4,0.0033467606383951
S05745,13,10,2025-10-20,33,24,0.0034524677850717,train,4,0.0035073273987102
S05746,13,2,2025-10-20,44,27,0.0086874746542489,train,4,0.0032372819487376
S05747,13,10,2025-10-20,47,26,0.0017579603415465,train,4,0.0033234503119692
S05748,13,6,2025-10-20,39,31,0.0052460469927589,train,4,0.0030529564265094
S05751,13,8,2025-10-20,56,29,0.0,train,4,0.0032907914188285
S06095,13,20,2025-10-20,34,22,0.0,train,4,0.0024284290344048
S06097,13,21,2025-10-20,19,17,0.0,train,4,0.0031257136618952
S06300,13,4,2025-10-20,46,14,0.0089958821666138,train,4,0.0033388491268768
S06301,13,5,2025-10-20,56,15,0.0059951387506709,train,4,0.0028643934634388
S06305,13,4,2025-10-20,43,13,0.0060879444612873,train,4,0.0033121996081878
S06307,13,5,2025-10-20,40,29,0.0,train,4,0.0032943273621718
S06311,13,8,2025-10-20,56,27,0.0060516398482828,train,4,0.0032843323564748
S06312,13,10,2025-10-20,51,17,0.0061680706163416,train,4,0.0034080940643395
S06318,13,5,2025-10-20,63,18,0.0124662164280652,train,4,0.003147244764807
S06465,13,11,2025-10-20,54,19,0.0106414868105515,train,4,0.0028145689281568
S06722,13,15,2025-10-20,50,24,0.0,train,4,0.0021397495704047
S06723,13,20,2025-10-20,46,22,0.0,train,4,0.0018624797632728
S06724,13,20,2025-10-20,30,30,0.0,train,4,0.0032147613989042
S06728,13,21,2025-10-20,41,13,0.0,train,4,0.0022225599816488
S06815,13,18,2025-10-20,54,23,0.0,train,4,0.0032175604516473
S06816,13,16,2025-10-20,35,20,0.0,train,4,0.0012300118610376
S06817,13,17,2025-10-20,34,15,0.0,train,4,0.002887299905849
S07084,13,18,2025-10-20,43,32,0.008981535444988,train,4,0.0029695417058744
S07097,13,8,2025-10-20,42,20,0.0022901748274304,train,4,0.0033716341169083
S07102,13,6,2025-10-20,61,22,0.0,train,4,0.0033344775662444
S07103,13,8,2025-10-20,49,17,0.0022546737981499,train,4,0.0032719726563968
S07105,13,10,2025-10-20,15,25,0.0,train,4,0.0033304013884164
S07110,13,4,2025-10-20,26,14,0.009092322750016,train,4,0.0032388849058366
S07111,13,10,2025-10-20,39,26,0.0092386051007509,train,4,0.0033299699898875
S07113,13,8,2025-10-20,22,22,0.0,train,4,0.0033194657087541
S07115,13,4,2025-10-20,22,17,0.0023016611788024,train,4,0.0033470736577697
S07330,13,16,2025-10-20,59,26,0.0,train,4,0.0025735887460446
S07331,13,16,2025-10-20,53,18,0.0,train,4,0.0013163809151295
S07333,13,20,2025-10-20,52,17,0.0,train,4,0.0028090456867736
S07370,13,8,2025-10-20,31,27,0.0161154345006485,train,4,0.0032631503912895
S07373,13,8,2025-10-20,52,29,0.0029829157551368,train,4,0.0032419831796333
S07448,13,2,2025-10-20,30,14,0.0,train,4,0.0028410607383385
S07449,13,6,2025-10-20,47,18,0.0,train,4,0.0031207590889967
S07450,13,6,2025-10-20,21,19,0.0,train,4,0.0033408869377956
S07451,13,10,2025-10-20,26,23,0.0,train,4,0.0033929073039666
S07646,13,10,2025-10-20,31,31,0.0118158397524012,train,4,0.00323853329301
S07653,13,11,2025-10-20,57,14,0.0218317592795958,train,4,0.0028575048166935
S08262,13,15,2025-10-20,22,26,0.0034132974376231,train,4,0.0023345368886471
S08263,13,11,2025-10-20,15,18,0.0203249815970991,train,4,0.0029676231687114
S08267,13,11,2025-10-20,25,24,0.0011492737838394,train,4,0.0032415970937724
S08268,13,11,2025-10-20,45,20,0.0068167634775094,train,4,0.0026563737894332
S08269,13,16,2025-10-20,35,26,0.0184162318518364,train,4,0.0010139440691693
S08270,13,15,2025-10-20,42,16,0.0046852426639893,train,4,0.0013103596878102
S08272,13,18,2025-10-20,16,22,0.0137329805679706,train,4,0.0023587201091533
S08388,13,10,2025-10-20,25,24,0.006944347412986,train,4,0.0031987942766374
S08390,13,6,2025-10-20,28,22,0.0,train,4,0.0031454804989791
S08392,13,8,2025-10-20,27,25,0.0214333460313809,train,4,0.0032846224105935
S08393,13,10,2025-10-20,42,15,0.0179348733146586,train,4,0.0033003219970367
S08395,13,10,2025-10-20,31,23,0.0090910130214585,train,4,0.0035270417530246
S08398,13,5,2025-10-20,32,30,0.0071011666202304,train,4,0.0031354034551512
S08399,13,4,2025-10-20,37,30,0.0131168229792726,train,4,0.0033363383744399
S08928,13,21,2025-10-20,35,32,0.0,train,4,0.0028341892484902
S09154,13,16,2025-10-20,45,14,0.0,train,4,0.0024475503139959
S09156,13,16,2025-10-20,44,20,0.0,train,4,0.0017739356128435
S09158,13,15,2025-10-20,28,27,0.0,train,4,0.001382077105708
S09163,13,21,2025-10-20,49,13,0.0,train,4,0.0030392150192908
S09164,13,18,2025-10-20,33,20,0.0,train,4,0.0027252731541781
S09166,13,21,2025-10-20,18,25,0.0,train,4,0.0028594605425124
S09187,13,4,2025-10-20,44,21,0.0,train,4,0.0032853350040131
S09188,13,6,2025-10-20,19,17,0.0,train,4,0.0033948102207779
S09189,13,6,2025-10-20,34,14,0.0,train,4,0.0032552830868906
S09336,13,11,2025-10-20,36,21,0.0,train,4,0.0031529846604056
S09337,13,16,2025-10-20,26,18,0.0,train,4,0.0028226771297745
S09338,13,16,2025-10-20,62,22,0.0,train,4,0.003117217348809
S09341,13,20,2025-10-20,30,18,0.0,train,4,0.0021300189216662
S09342,13,18,2025-10-20,29,28,0.0,train,4,0.0029667139783488
S09343,13,20,2025-10-20,28,20,0.0,train,4,0.0029839817375924
S09521,13,5,2025-10-20,38,23,0.0,train,4,0.0032680905274951
S09670,13,6,2025-10-20,46,14,0.0,train,4,0.0032162057686088
S09726,13,16,2025-10-20,29,27,0.0,train,4,0.0014558586099045
S09727,13,21,2025-10-20,53,22,0.0,train,4,0.0010906955738393
S09729,13,15,2025-10-20,30,19,0.0,train,4,0.0015574006992506
S09731,13,20,2025-10-20,32,13,0.0,train,4,0.0028211725202935
S09732,13,18,2025-10-20,25,15,0.0,train,4,0.0029739987336205
S09754,13,2,2025-10-20,46,11,0.0,train,4,0.0027224582778718
S09757,13,6,2025-10-20,15,24,0.0,train,4,0.0032519918368431
S09759,13,2,2025-10-20,28,20,0.0,train,4,0.0034226053873288
S10274,13,10,2025-10-20,59,19,0.0,train,4,0.003294837710445
S10393,13,17,2025-10-20,50,21,0.0,train,4,0.002543455556945
S10396,13,18,2025-10-20,45,30,0.0,train,4,0.0028197448678912
S10400,13,18,2025-10-20,58,23,0.0,train,4,0.0028021362581893
S10466,13,10,2025-10-20,38,21,0.0,train,4,0.0029489379135482
S10761,13,18,2025-10-20,35,25,0.0,train,4,0.0029295845499627
S10956,13,18,2025-10-20,44,24,0.021171085816856,train,4,0.0024676559800993
S10957,13,20,2025-10-20,24,14,0.0173087052862074,train,4,0.0030070390964491
S10962,13,17,2025-10-20,54,21,0.0179877696529816,train,4,0.0022914207467749
S10963,13,11,2025-10-20,35,16,0.011360311597118,train,4,0.0029992666267524
S10964,13,11,2025-10-20,24,23,0.0137436417966773,train,4,0.003329825671699
S10971,13,21,2025-10-20,37,21,0.0085882149645757,train,4,0.0025078501456523
S10972,13,21,2025-10-20,19,26,0.0298564520136858,train,4,0.0022387949304356
S11527,13,17,2025-10-20,57,14,0.0147286752786446,train,4,0.0032316754388713
S11738,13,20,2025-10-20,23,21,0.0,train,4,0.0014671856036579
S11739,13,20,2025-10-20,20,20,0.0,train,4,0.0019960645481349
S11744,13,16,2025-10-20,43,26,0.0,train,4,0.0025477900211492
S11745,13,16,2025-10-20,50,23,0.0,train,4,0.0017164588325626
S11748,13,21,2025-10-20,40,15,0.0,train,4,0.0021454857861334
S11824,13,2,2025-10-20,40,19,0.0,train,4,0.0026818561625156
S11825,13,2,2025-10-20,17,18,0.0,train,4,0.0032948034400006
S11826,13,2,2025-10-20,40,27,0.0,train,4,0.0033929867899126
S12271,13,10,2025-10-20,41,20,0.0,train,4,0.0033727945037595
S12272,13,2,2025-10-20,46,30,0.0,train,4,0.0032751706511613
S12274,13,4,2025-10-20,38,14,0.0,train,4,0.0033288722120694
S12275,13,5,2025-10-20,26,26,0.0,train,4,0.0033423486862674
S12318,13,8,2025-10-20,39,24,0.0,train,4,0.0032800838538379
S12421,13,18,2025-10-20,46,14,0.0,train,4,0.0026801757379272
S12422,13,16,2025-10-20,61,18,0.0,train,4,0.001941319257786
S12424,13,15,2025-10-20,41,15,0.0,train,4,0.0020797483003905
S12425,13,11,2025-10-20,52,26,0.0,train,4,0.0032360247411471
S12426,13,17,2025-10-20,36,20,0.0,train,4,0.0012175466069619
S12427,13,11,2025-10-20,56,26,0.0,train,4,0.0032213530911936
S12428,13,11,2025-10-20,44,30,0.0,train,4,0.003163006676321
S12431,13,21,2025-10-20,59,26,0.0,train,4,0.0026135393127108
S12434,13,21,2025-10-20,35,20,0.0,train,4,0.0016927059587826
S12922,13,8,2025-10-20,37,20,0.0,train,4,0.0030882333502936
S13013,13,17,2025-10-20,49,22,0.0,train,4,0.0023159855237941
S13015,13,15,2025-10-20,24,14,0.0,train,4,0.0023773776089212
S13016,13,15,2025-10-20,60,23,0.0,train,4,0.0020775373159649
S13193,13,20,2025-10-20,13,23,0.0,train,4,0.0027253782929425
S13194,13,17,2025-10-20,50,30,0.0,train,4,0.0024428230320114
S13204,13,6,2025-10-20,17,16,0.0,train,4,0.0033663169629829
S13205,13,21,2025-10-20,46,32,0.0,train,4,0.0033140975026619
S13208,13,10,2025-10-20,46,21,0.0,train,4,0.0033947927764606
S13209,13,4,2025-10-20,38,17,0.0,train,4,0.0033557002419403
S13210,13,10,2025-10-20,23,25,0.0,train,4,0.003322589161698
S13286,13,20,2025-10-20,28,26,0.0,train,4,0.0021688979542547
S13287,13,18,2025-10-20,21,15,0.0,train,4,0.0028233804591561
S13288,13,20,2025-10-20,46,19,0.0,train,4,0.0019023960042633
S13360,13,21,2025-10-20,42,32,0.0,train,4,0.0031924842797641
S13533,13,18,2025-10-20,44,11,0.0079286580307574,train,4,0.003233539152504
S13538,13,15,2025-10-20,14,25,0.0051603525029526,train,4,0.0013601228995453
S13569,13,8,2025-10-20,21,28,0.0056941214211243,train,4,0.0033007157092053
S13584,13,5,2025-10-20,21,16,0.0026501154426545,train,4,0.0029180160438854
S13585,13,10,2025-10-20,35,23,0.0,train,4,0.003329250541941
S13587,13,8,2025-10-20,21,23,0.0039442566227005,train,4,0.0032422943982681
S13591,13,8,2025-10-20,13,20,0.0018800547750365,train,4,0.0030642054942734
S13596,13,8,2025-10-20,49,13,0.0193863460833339,train,4,0.002927113066999
S13598,13,10,2025-10-20,24,22,0.0038411005487286,train,4,0.0033098747925108
S13603,13,2,2025-10-20,55,23,0.0053640715137582,train,4,0.0033311214574971
S13604,13,10,2025-10-20,42,14,0.0,train,4,0.0030317073485601
S13605,13,4,2025-10-20,44,23,0.0,train,4,0.0029548102075463
S13606,13,2,2025-10-20,43,16,0.0056295591500158,train,4,0.0033774061510915
S13607,13,5,2025-10-20,28,13,0.0064782372937913,train,4,0.0029675619041521
S13723,13,10,2025-10-20,37,12,0.0051432903087267,train,4,0.0032893626485427
S13725,13,11,2025-10-20,62,23,0.0051218632452207,train,4,0.0029839398972533
S13726,13,15,2025-10-20,37,15,0.0264316009200537,train,4,0.0018755778735994
S14280,13,17,2025-10-20,32,22,0.0,train,4,0.0018905378330091
S14284,13,21,2025-10-20,27,24,0.0,train,4,0.0026618223912574
S14286,13,21,2025-10-20,39,18,0.0,train,4,0.0027921164183824
S14287,13,6,2025-10-20,53,13,0.0,train,4,0.0032798048876621
S14414,13,8,2025-10-20,48,29,0.0,train,4,0.0033092759929671
S14415,13,4,2025-10-20,19,18,0.0,train,4,0.003274616941823
S14416,13,2,2025-10-20,56,27,0.0,train,4,0.0033265128995449
S14418,13,5,2025-10-20,44,31,0.0,train,4,0.0032803457687668
S14518,13,2,2025-10-20,29,18,0.0,train,4,0.0033673801659142
S14519,13,6,2025-10-20,62,25,0.0,train,4,0.0031371844455314
S14521,13,4,2025-10-20,30,21,0.0,train,4,0.003199475559777
S14588,13,5,2025-10-20,31,28,0.0,train,4,0.0033784622594917
S14591,13,4,2025-10-20,30,17,0.0,train,4,0.0033234038034067
S14592,13,8,2025-10-20,17,20,0.0,train,4,0.0032808757883267
S14593,13,8,2025-10-20,54,23,0.0,train,4,0.0032853371911159
S14594,13,2,2025-10-20,17,25,0.0,train,4,0.0034763331076025
S14595,13,6,2025-10-20,20,24,0.0,train,4,0.0032782346534502
S14973,13,2,2025-10-20,61,20,0.0,train,4,0.00330855901141
S15084,13,18,2025-10-20,59,26,0.0,train,4,0.0030147458668195
S15299,13,4,2025-10-20,35,32,0.0,train,4,0.0031844436788765
S15300,13,20,2025-10-20,22,29,0.0,train,4,0.0032057156284037
S15663,13,18,2025-10-20,35,29,0.0117362102060162,train,4,0.0028513277354314
S15666,13,11,2025-10-20,43,16,0.0066088228449852,train,4,0.0029234880930147
S15668,13,21,2025-10-20,31,15,0.0033658404442638,train,4,0.0026158866972586
S16071,13,11,2025-10-20,52,27,0.0018777107796466,train,4,0.0026386239607929
S16072,13,11,2025-10-20,55,22,0.0036905027103289,train,4,0.0031070198801632
S16074,13,17,2025-10-20,28,20,0.0,train,4,0.0027207126600169
S16076,13,20,2025-10-20,31,24,0.0,train,4,0.0021370423023794
S16081,13,21,2025-10-20,22,28,0.0,train,4,0.0032616925141852
S16156,13,8,2025-10-20,41,13,0.0,train,4,0.0033370608316433
S16777,13,15,2025-10-20,21,15,0.0,train,4,0.0014040669413464
S16795,13,17,2025-10-20,52,18,0.0,train,4,0.0025630752507338
S16797,13,18,2025-10-20,32,22,0.0,train,4,0.003333265610398
S16798,13,18,2025-10-20,38,26,0.0,train,4,0.0032988991138126
S16802,13,21,2025-10-20,36,15,0.0,train,4,0.0023589733440808
S17062,13,11,2025-10-20,28,21,0.0,train,4,0.0031678965290146
S17063,13,11,2025-10-20,33,22,0.0031162023713234,train,4,0.0028672707029964
S17064,13,11,2025-10-20,17,25,0.0,train,4,0.0032599573248659
S17065,13,11,2025-10-20,20,18,0.0,train,4,0.0033368947235868
S17067,13,11,2025-10-20,17,22,0.0026460942158616,train,4,0.0032737858358991
S17069,13,17,2025-10-20,17,23,0.0,train,4,0.002941927889882
S17070,13,11,2025-10-20,24,18,0.0,train,4,0.0030028353691071
S17072,13,17,2025-10-20,48,27,0.0,train,4,0.0025927543267707
S17075,13,15,2025-10-20,21,17,0.0,train,4,0.0013440679040562
S17076,13,16,2025-10-20,33,21,0.0,train,4,0.0015785462574288
S17078,13,15,2025-10-20,27,18,0.0,train,4,0.0015755451035644
S17080,13,15,2025-10-20,15,19,0.0,train,4,0.0018335358594277
S17081,13,15,2025-10-20,46,26,0.0,train,4,0.0020570250972169
S17083,13,20,2025-10-20,17,23,0.0,train,4,0.0020358897697092
S17084,13,21,2025-10-20,56,24,0.0,train,4,0.0026860849484783
S17089,13,20,2025-10-20,34,12,0.0,train,4,0.0032171430966471
S17094,13,21,2025-10-20,55,26,0.0,train,4,0.0024067777092917
S17248,13,2,2025-10-20,22,14,0.0,train,4,0.0034107445845529
S17253,13,18,2025-10-20,16,16,0.005266448379269,train,4,0.0030470620811521
S17273,13,5,2025-10-20,52,16,0.0,train,4,0.0031161666004918
S17275,13,2,2025-10-20,38,17,0.0,train,4,0.0031705294931176
S17276,13,8,2025-10-20,38,12,0.0,train,4,0.0032747435984474
S17277,13,5,2025-10-20,45,24,0.0,train,4,0.00340492506905
S17278,13,4,2025-10-20,43,27,0.0,train,4,0.003236424042152
S17279,13,5,2025-10-20,36,13,0.0,train,4,0.0033038605456821
S18086,13,18,2025-10-20,54,21,0.0,train,4,0.0028552100619746
S18088,13,20,2025-10-20,32,26,0.0,train,4,0.0023251814514162
S18089,13,20,2025-10-20,33,29,0.0,train,4,0.0027005234390214
S18091,13,18,2025-10-20,31,30,0.0,train,4,0.0017090579927617
S18092,13,15,2025-10-20,25,15,0.0,train,4,0.0021988846142791
S18094,13,16,2025-10-20,40,20,0.0,train,4,0.0019389821697185
S18096,13,20,2025-10-20,44,26,0.0,train,4,0.0025104463780973
S18097,13,11,2025-10-20,16,23,0.0,train,4,0.003046682441055
S18496,13,17,2025-10-20,47,16,0.0,train,4,0.0025596511058173
S18498,13,15,2025-10-20,52,18,0.0,train,4,0.0014017738723728
S18499,13,21,2025-10-20,40,29,0.0,train,4,0.0022192514596654
S18756,13,6,2025-10-20,34,25,0.0131160519891799,train,4,0.0029093994911661
S18763,13,8,2025-10-20,50,23,0.0119902972242692,train,4,0.0032517245548258
S18764,13,10,2025-10-20,42,24,0.003201329485726,train,4,0.0035478609503412
S18765,13,6,2025-10-20,30,16,0.0041052072943834,train,4,0.0032565880694668
S18766,13,8,2025-10-20,19,27,0.0119236901280046,train,4,0.0033074591940357
S18767,13,8,2025-10-20,20,16,0.0066314855461635,train,4,0.003275962775184
S18772,13,10,2025-10-20,24,20,0.0,train,4,0.0034857908381138
S18773,13,10,2025-10-20,31,16,0.004390789061016,train,4,0.0033061564204511
S18774,13,8,2025-10-20,44,19,0.0,train,4,0.0033012561253761
S18778,13,2,2025-10-20,64,24,0.0074031514996754,train,4,0.0034199186793549
S18780,13,5,2025-10-20,42,16,0.0085641297370881,train,4,0.0032076862678642
S18784,13,4,2025-10-20,30,19,0.0200499816337666,train,4,0.0032754999972527
S18785,13,4,2025-10-20,48,21,0.0,train,4,0.0033318949583174
S18786,13,2,2025-10-20,29,29,0.0093637545452832,train,4,0.0033335369192377
S18787,13,4,2025-10-20,18,23,0.0123765766438808,train,4,0.0032840269207163
S18788,13,4,2025-10-20,38,19,0.0071926679857014,train,4,0.0031494610596904
S18949,13,11,2025-10-20,60,16,0.0,train,4,0.0028258849159152
S18953,13,17,2025-10-20,21,24,0.0123305938905256,train,4,0.0030823169793994
S18956,13,11,2025-10-20,42,13,0.0,train,4,0.0030787316775272
S18957,13,11,2025-10-20,26,26,0.0210231269981209,train,4,0.0032462275486926
S18958,13,11,2025-10-20,56,27,0.0043951865190697,train,4,0.0031669756514498
S19379,13,20,2025-10-20,60,19,0.0,train,4,0.0024068361463437
S19381,13,18,2025-10-20,21,16,0.0070147210342832,train,4,0.0027686673890354
S19383,13,15,2025-10-20,18,25,0.0,train,4,0.0021123262998934
S19384,13,17,2025-10-20,30,29,0.0034863614522063,train,4,0.0030489499253449
S19386,13,11,2025-10-20,43,29,0.0,train,4,0.0031017805619233
S19387,13,11,2025-10-20,17,20,0.0087631138146874,train,4,0.0032091178447166
S19507,13,17,2025-10-20,46,21,0.0059468255677603,train,4,0.0020225148946572
S19508,13,11,2025-10-20,18,17,0.0,train,4,0.0030258431146492
S19509,13,17,2025-10-20,33,18,0.0,train,4,0.0024133365788316
S19512,13,17,2025-10-20,31,26,0.0,train,4,0.0022135065531357
S19515,13,15,2025-10-20,56,21,0.0029868147453695,train,4,0.0020521054626188
S19516,13,16,2025-10-20,37,27,0.0,train,4,0.0012979240961923
S19518,13,21,2025-10-20,50,29,0.0,train,4,0.0022883540026667
S19526,13,21,2025-10-20,61,27,0.0,train,4,0.0023896931819031
S19802,13,2,2025-10-20,26,22,0.0,train,4,0.0027488367952584
S19804,13,6,2025-10-20,31,17,0.0,train,4,0.0031976692706316
S19805,13,6,2025-10-20,46,20,0.0,train,4,0.0032563388239587
S20168,13,4,2025-10-20,43,29,0.0,train,4,0.0033279849092311
S20172,13,8,2025-10-20,31,25,0.0,train,4,0.0033732778225724
S20173,13,8,2025-10-20,54,21,0.0,train,4,0.0033075161196806
S20174,13,6,2025-10-20,25,19,0.0,train,4,0.0033372030234991
S20478,13,18,2025-10-20,22,21,0.0,train,4,0.0027439026210131
S20480,13,21,2025-10-20,61,22,0.0,train,4,0.0022383744841051
S20482,13,11,2025-10-20,41,28,0.0,train,4,0.0031060077571265
S20483,13,17,2025-10-20,43,23,0.0,train,4,0.0016213322557499
S20527,13,8,2025-10-20,45,13,0.0,train,4,0.0033074263804292
S20588,13,11,2025-10-20,22,14,0.0,train,4,0.0028346576864579
S20605,13,4,2025-10-20,54,21,0.0,train,4,0.0033527827654977
S20606,13,8,2025-10-20,38,21,0.0030895855479507,train,4,0.003067946687067
S20878,13,4,2025-10-20,36,20,0.0,train,4,0.0033550675809473
S20879,13,2,2025-10-20,36,13,0.0,train,4,0.0033044733457738
S20880,13,10,2025-10-20,51,28,0.0,train,4,0.0033226372869242
S20966,13,11,2025-10-20,29,14,0.0,train,4,0.0031425677492127
S20970,13,18,2025-10-20,21,26,0.0,train,4,0.0029672354376079
S20973,13,11,2025-10-20,58,25,0.0,train,4,0.0032361699975758
S20974,13,17,2025-10-20,47,14,0.0,train,4,0.0030699045767035
S20976,13,15,2025-10-20,18,21,0.0,train,4,0.0024730301540876
S20977,13,10,2025-10-20,41,12,0.0,train,4,0.0030271439993075
S21299,13,5,2025-10-20,58,29,0.0,train,4,0.0032488450335069
S21329,13,11,2025-10-20,48,31,0.0,train,4,0.0031627652119184
S21725,13,17,2025-10-20,22,21,0.0,train,4,0.0030311652810991
S21727,13,17,2025-10-20,29,15,0.0,train,4,0.0028785214164622
S21728,13,15,2025-10-20,60,22,0.0,train,4,0.0018146534050784
S21732,13,20,2025-10-20,36,17,0.0,train,4,0.0024214715897665
S21733,13,20,2025-10-20,42,12,0.0,train,4,0.0032039649715259
S21996,13,10,2025-10-20,38,31,0.0,train,4,0.0033867772327247
S22056,13,16,2025-10-20,41,17,0.0,train,4,0.0011328088935631
S22058,13,17,2025-10-20,34,29,0.0,train,4,0.0029498737288084
S22070,13,21,2025-10-20,21,21,0.0,train,4,0.0021799120830605
S22205,13,8,2025-10-20,33,28,0.0,train,4,0.0033436560497802
S22207,13,6,2025-10-20,50,27,0.0,train,4,0.0031445345925228
S22217,13,18,2025-10-20,27,29,0.0,train,4,0.0031450653693262
S22219,13,15,2025-10-20,58,24,0.0,train,4,0.0017754011903077
S22220,13,16,2025-10-20,48,28,0.0,train,4,0.0018311914640117
S22225,13,11,2025-10-20,54,23,0.0,train,4,0.0028955507944942
S22230,13,21,2025-10-20,63,18,0.0,train,4,0.0026356660633127
S22231,13,21,2025-10-20,19,19,0.0,train,4,0.0023441709722063
S22386,13,4,2025-10-20,56,24,0.0,train,4,0.0033455064075395
S22547,13,11,2025-10-20,22,26,0.0127133954294448,train,4,0.0031956558156234
S22548,13,16,2025-10-20,42,12,0.0032211441867097,train,4,0.0028601487675358
S22550,13,18,2025-10-20,18,17,0.0,train,4,0.0025710141651164
S22566,13,5,2025-10-20,30,24,0.0095661546752896,train,4,0.0033076991361591
S22567,13,2,2025-10-20,50,30,0.0063664690755489,train,4,0.0032952055664923
S22568,13,4,2025-10-20,35,13,0.0016221632542487,train,4,0.0033364542853439
S22570,13,4,2025-10-20,29,30,0.0,train,4,0.0032360811499434
S22571,13,4,2025-10-20,20,16,0.0,train,4,0.0033399992144888
S22572,13,4,2025-10-20,34,31,0.0032530542382976,train,4,0.0031808747058956
S22573,13,5,2025-10-20,21,22,0.0047703604165666,train,4,0.0033567076198094
S22574,13,2,2025-10-20,47,25,0.0079747119797182,train,4,0.0033033799973106
S22576,13,8,2025-10-20,56,18,0.0047819268182386,train,4,0.0033103359742962
S22577,13,8,2025-10-20,23,25,0.0015633502879773,train,4,0.0032326467504814
S22579,13,6,2025-10-20,37,23,0.0,train,4,0.0030921445767229
S22580,13,6,2025-10-20,37,20,0.0,train,4,0.0029744547612386
S22581,13,10,2025-10-20,60,17,0.0047079106160068,train,4,0.0030039205091205
S22582,13,10,2025-10-20,25,27,0.004825898665838,train,4,0.0027650785609219
S22583,13,6,2025-10-20,36,28,0.0016167964658195,train,4,0.0033368095929099
S22588,13,8,2025-10-20,39,22,0.0078909931537298,train,4,0.0031222170470687
S22755,13,8,2025-10-20,37,11,0.0093959731543624,train,4,0.0029844078582879
S23136,13,20,2025-10-20,25,29,0.0,train,4,0.0018091117990371
S23137,13,17,2025-10-20,26,21,0.0,train,4,0.0026692498807183
S23139,13,20,2025-10-20,42,16,0.0,train,4,0.002857227599302
S23140,13,17,2025-10-20,34,19,0.0,train,4,0.0014004878148968
S23142,13,11,2025-10-20,49,20,0.0,train,4,0.0026522022491694
S23147,13,21,2025-10-20,58,25,0.0,train,4,0.0019945791849825
S23148,13,21,2025-10-20,47,18,0.0,train,4,0.0015356914408483
S23468,13,15,2025-10-20,47,30,0.0,train,4,0.0017799375339285
S23471,13,17,2025-10-20,29,19,0.0,train,4,0.0017787766733458
S23473,13,17,2025-10-20,51,23,0.0,train,4,0.0025980008009842
S23474,13,21,2025-10-20,39,19,0.0,train,4,0.0020624947945635
S23537,13,20,2025-10-20,60,28,0.0,train,4,0.0032462310452378
S23629,13,6,2025-10-20,48,17,0.0,train,4,0.003099606056044
S23805,13,11,2025-10-20,29,20,0.0,train,4,0.0031598833535565
S23806,13,17,2025-10-20,25,17,0.0,train,4,0.0031398207307924
S23807,13,17,2025-10-20,35,26,0.0,train,4,0.0024170207395812
S23808,13,16,2025-10-20,17,20,0.0,train,4,0.0028001277591534
S23813,13,15,2025-10-20,50,25,0.0,train,4,0.0018259452873109
S23818,13,18,2025-10-20,17,23,0.0,train,4,0.002836764048423
S23819,13,20,2025-10-20,32,31,0.0,train,4,0.0031590078116944
S23820,13,18,2025-10-20,24,22,0.0,train,4,0.0028095935108874
S23851,13,17,2025-10-20,62,20,0.0,train,4,0.0029420509165418
S24032,13,6,2025-10-20,33,13,0.0,train,4,0.0031764767179176
S24194,13,2,2025-10-20,36,11,0.0,train,4,0.0029369887866437
S24195,13,6,2025-10-20,44,11,0.0027828170843691,train,4,0.003343123261522
S24507,13,16,2025-10-20,35,25,0.0,train,4,0.0011490752229846
S24508,13,16,2025-10-20,27,22,0.0,train,4,0.001569286773129
S24583,13,15,2025-10-20,50,26,0.0,train,4,0.0017538834427857
S24771,13,10,2025-10-20,60,23,0.0020803248153031,train,4,0.0032754661052333
S24772,13,10,2025-10-20,23,17,0.0,train,4,0.0033712707869443
S24775,13,5,2025-10-20,29,20,0.0020831499574567,train,4,0.0033674458318868
S24828,13,17,2025-10-20,29,17,0.0041908568489309,train,4,0.00240860386247
S24829,13,11,2025-10-20,54,17,0.0,train,4,0.0031572947578454
S24830,13,16,2025-10-20,28,13,0.0143734790925579,train,4,0.0027206702595185
S24832,13,20,2025-10-20,61,27,0.0041355667057756,train,4,0.0031572861631582
S24833,13,16,2025-10-20,32,19,0.0,train,4,0.0015310844636404
S24837,13,21,2025-10-20,35,14,0.0041397003090198,train,4,0.0021634679659589
S25078,13,8,2025-10-20,55,22,0.0,train,4,0.0033172990843772
S25090,13,16,2025-10-20,61,28,0.0,train,4,0.002454588070328
S25098,13,6,2025-10-20,42,18,0.0,train,4,0.0032675098079201
S25109,13,20,2025-10-20,57,24,0.0,train,4,0.0025464244871536
S25111,13,18,2025-10-20,34,23,0.0,train,4,0.0029992711186343
S25277,13,6,2025-10-20,22,29,0.0,train,4,0.0029124045815169
S25280,13,20,2025-10-20,57,14,0.0,train,4,0.0028142388749989
S25293,13,6,2025-10-20,49,22,0.0,train,4,0.0021540449882282
S25298,13,10,2025-10-20,53,20,0.0,train,4,0.0032239060636317
S25300,13,8,2025-10-20,30,22,0.0,train,4,0.0033659388231832
S25305,13,2,2025-10-20,37,31,0.0,train,4,0.0030588766622714
S25307,13,2,2025-10-20,22,25,0.0,train,4,0.0033096568168533
S25309,13,2,2025-10-20,39,16,0.0,train,4,0.0033170362648307
S25311,13,5,2025-10-20,18,26,0.0061207273443802,train,4,0.003065181596173
S25444,13,5,2025-10-20,35,15,0.0,train,4,0.0025473093266587
S25445,13,5,2025-10-20,40,19,0.0,train,4,0.0028958594657661
S25446,13,6,2025-10-20,56,24,0.0,train,4,0.0028745892263615
S25448,13,8,2025-10-20,18,18,0.0,train,4,0.0033182950786739
S25690,13,18,2025-10-20,18,19,0.0,train,4,0.0029830519537347
S25691,13,11,2025-10-20,46,13,0.0,train,4,0.003141064358386
S25692,13,17,2025-10-20,39,16,0.0,train,4,0.0027195407152436
S25693,13,17,2025-10-20,43,24,0.0,train,4,0.0016695613317204
S25744,13,6,2025-10-20,40,17,0.0,train,4,0.0031494668256099
S25745,13,5,2025-10-20,53,24,0.0,train,4,0.0033615127111281
S25874,13,21,2025-10-20,38,25,0.0,train,4,0.0018476788283506
S26021,13,16,2025-10-20,52,15,0.0,train,4,0.0022964357983755
S26138,13,17,2025-10-20,34,24,0.0,train,4,0.0016677963270145
S26457,13,17,2025-10-20,29,18,0.0,train,4,0.0023219503688157
S26460,13,11,2025-10-20,21,20,0.0,train,4,0.003313125731189
S26673,13,20,2025-10-20,44,14,0.0120192017025187,train,4,0.0025970733258481
S26674,13,17,2025-10-20,22,26,0.0074346661879758,train,4,0.0031145921560331
S26675,13,16,2025-10-20,49,27,0.0167892440738166,train,4,0.0016741214094853
S27187,13,8,2025-10-20,54,28,0.0063378629287302,train,4,0.0032358496990958
S27258,13,15,2025-10-20,62,24,0.0,train,4,0.0013922546467408
S27261,13,21,2025-10-20,57,27,0.0,train,4,0.0028255431990063
S27268,13,5,2025-10-20,57,20,0.0,train,4,0.0032915140798829
S27397,13,18,2025-10-20,19,18,0.0,train,4,0.002990215475703
S27401,13,20,2025-10-20,36,14,0.0,train,4,0.0019538508699852
S27403,13,11,2025-10-20,21,19,0.0,train,4,0.0032852973113187
S27409,13,21,2025-10-20,19,27,0.0,train,4,0.0022727535730926
S27429,13,10,2025-10-20,55,28,0.0,train,4,0.0029097016439115
S27612,13,10,2025-10-20,33,30,0.0,train,4,0.0032376329731726
S27613,13,8,2025-10-20,17,24,0.0,train,4,0.0033302153596547
S27969,13,6,2025-10-20,29,31,0.0,train,4,0.0029352420041393
S27974,13,20,2025-10-20,33,11,0.0023764781263597,train,4,0.0030869905576903
S27975,13,15,2025-10-20,29,12,0.0,train,4,0.0015208552232898
S27981,13,6,2025-10-20,29,23,0.0,train,4,0.0032250846904821
S27982,13,5,2025-10-20,14,23,0.0,train,4,0.0033301077172297
S27991,13,6,2025-10-20,17,25,0.0,train,4,0.0029891408970589
S27992,13,8,2025-10-20,21,20,0.0,train,4,0.0034483976756279
S27993,13,2,2025-10-20,44,20,0.0,train,4,0.003355654384732
S27994,13,2,2025-10-20,50,29,0.002369035702369,train,4,0.0032504387178105
S27996,13,2,2025-10-20,24,20,0.0,train,4,0.003046431517714
S27997,13,5,2025-10-20,52,30,0.0023229617996644,train,4,0.0032897662984214
S27998,13,4,2025-10-20,30,14,0.0,train,4,0.0032876641444693
S28000,13,4,2025-10-20,39,28,0.0,train,4,0.0030406621341454
S28025,13,2,2025-10-20,38,15,0.0,train,4,0.0034042607485313
S28027,13,4,2025-10-20,43,24,0.0,train,4,0.0033780676570698
S28028,13,10,2025-10-20,18,27,0.0,train,4,0.003258836157737
S28029,13,6,2025-10-20,60,24,0.0,train,4,0.0032163684930278
S28030,13,5,2025-10-20,37,18,0.0,train,4,0.0025902675200919
S28265,13,6,2025-10-20,16,18,0.0,train,4,0.0032717718768479
S28266,13,4,2025-10-20,47,29,0.0,train,4,0.0033063286592395
S28345,13,15,2025-10-20,21,18,0.0,train,4,0.0017263743373467
S28352,13,20,2025-10-20,56,17,0.0,train,4,0.003054127724605
S28354,13,18,2025-10-20,45,27,0.0,train,4,0.0027607871109236
S28713,13,5,2025-10-20,61,20,0.0062949002441965,train,4,0.0030919550525759
S28721,13,2,2025-10-20,18,17,0.0114210864969206,train,4,0.0032601013743429
S28722,13,6,2025-10-20,50,20,0.0017310137053097,train,4,0.0033126981852682
S28723,13,6,2025-10-20,37,19,0.0088550535401124,train,4,0.0032698680664516
S28726,13,8,2025-10-20,38,23,0.0050802022881353,train,4,0.0032710289906024
S28727,13,2,2025-10-20,21,28,0.0,train,4,0.0032503860493651
S28861,13,15,2025-10-20,26,25,0.0,train,4,0.0021937264198092
S29254,13,4,2025-10-20,45,11,0.0,train,4,0.0029523822377848
S29256,13,17,2025-10-20,48,12,0.0,train,4,0.0028879008411844
S29259,13,2,2025-10-20,59,18,0.0,train,4,0.0032694123932427
S29374,13,4,2025-10-20,27,20,0.0,train,4,0.0032740933170765
S29480,13,17,2025-10-20,51,17,0.0,train,4,0.0028533109716431
S29482,13,16,2025-10-20,44,13,0.0,train,4,0.0020641758557278
S29483,13,20,2025-10-20,21,28,0.0046376000186623,train,4,0.0025468723157254
S29485,13,16,2025-10-20,22,22,0.0,train,4,0.0019303820420476
S29488,13,20,2025-10-20,19,21,0.0116370005104358,train,4,0.00222747475098
S29490,13,20,2025-10-20,42,22,0.0,train,4,0.0022995241089242
S29493,13,18,2025-10-20,37,14,0.0,train,4,0.0029108359294891
S29494,13,21,2025-10-20,33,13,0.0,train,4,0.0028922057636156
S29496,13,21,2025-10-20,17,18,0.0,train,4,0.0025522417662806
S29500,13,21,2025-10-20,23,14,0.0,train,4,0.0022233808998844
S29798,13,20,2025-10-20,54,20,0.0,train,4,0.001685929713062
S29799,13,20,2025-10-20,24,26,0.0,train,4,0.0019346338941154
S29800,13,18,2025-10-20,39,15,0.0,train,4,0.0021218881220553
S29801,13,18,2025-10-20,17,26,0.0,train,4,0.002975564967254
S29802,13,20,2025-10-20,57,23,0.0,train,4,0.0024631372023194
S29803,13,15,2025-10-20,48,28,0.0,train,4,0.0022679651479889
S29805,13,16,2025-10-20,32,23,0.0,train,4,0.0011292511898306
S29807,13,15,2025-10-20,61,18,0.0,train,4,0.0014930560100625
S29809,13,17,2025-10-20,32,20,0.0,train,4,0.0020576629046471
S29812,13,18,2025-10-20,22,19,0.0,train,4,0.0033145155417518
S29814,13,16,2025-10-20,21,15,0.0,train,4,0.0029516022806721
S29815,13,17,2025-10-20,57,25,0.0,train,4,0.0029612902195813
S30336,13,18,2025-10-20,34,12,0.0,train,4,0.0033595643260502
S30337,13,21,2025-10-20,23,22,0.0,train,4,0.0019670163945532
S30339,13,16,2025-10-20,21,28,0.0,train,4,0.0029058132895008
S30340,13,16,2025-10-20,26,24,0.0,train,4,0.0019449669616144
S30341,13,17,2025-10-20,43,14,0.0,train,4,0.0029288500146028
S30344,13,11,2025-10-20,56,28,0.0,train,4,0.0031838809219625
S30348,13,21,2025-10-20,23,20,0.0,train,4,0.0018949891662023
S30350,13,21,2025-10-20,26,23,0.0024686574874331,train,4,0.0024068147122478
S30672,13,2,2025-10-20,23,30,0.0174933783867022,train,4,0.0033306874266648
S30673,13,2,2025-10-20,15,17,0.0092083590407743,train,4,0.0028312705747491
S30682,13,16,2025-10-20,39,11,0.010775476576347,train,4,0.002478063729427
S30715,13,6,2025-10-20,59,26,0.0110713563568194,train,4,0.0033282754767441
S30730,13,8,2025-10-20,23,19,0.00611774056841,train,4,0.0033493166793402
S30731,13,2,2025-10-20,44,13,0.0115786662939128,train,4,0.003324611727037
S30732,13,10,2025-10-20,47,17,0.0129212402310744,train,4,0.0032586709634648
S30740,13,8,2025-10-20,31,24,0.0107389622715207,train,4,0.0032812123184091
S30741,13,2,2025-10-20,25,15,0.0,train,4,0.0030013805278005
S30743,13,5,2025-10-20,22,23,0.0,train,4,0.0033593601177788
S30945,13,10,2025-10-20,15,26,0.0,train,4,0.0034497267300494
S31393,13,20,2025-10-20,37,32,0.0,train,4,0.003129969127626
S31397,13,8,2025-10-20,38,18,0.0,train,4,0.0031072251440156
S31627,13,17,2025-10-20,34,14,0.0,train,4,0.0031464703194951
S31628,13,15,2025-10-20,32,16,0.0,train,4,0.0015245153036626
S32125,13,5,2025-10-20,44,14,0.0044684198696336,train,4,0.0029775656860133
S32131,13,8,2025-10-20,27,27,0.0022165433519308,train,4,0.0032927542913606
S32132,13,5,2025-10-20,52,15,0.0,train,4,0.0031356607884661
S32133,13,10,2025-10-20,32,22,0.0044119539984997,train,4,0.0031884240370966
S32136,13,4,2025-10-20,37,15,0.0,train,4,0.0033419385208051
S32137,13,5,2025-10-20,49,24,0.0,train,4,0.003307895356481
S32138,13,8,2025-10-20,30,14,0.0,train,4,0.0031565606897778
S32140,13,2,2025-10-20,59,23,0.0,train,4,0.0033924222408762
S32159,13,8,2025-10-20,30,23,0.0,train,4,0.0031552972473929
S32166,13,8,2025-10-20,43,25,0.0,train,4,0.0032588020136385
S32169,13,8,2025-10-20,61,20,0.0,train,4,0.0034030586823513
S32170,13,2,2025-10-20,23,19,0.0,train,4,0.0033478362737716
S32171,13,5,2025-10-20,46,21,0.0055081763724724,train,4,0.003228781039966
S32175,13,5,2025-10-20,48,26,0.002697319504822,train,4,0.0033049333107683
S32177,13,6,2025-10-20,58,20,0.0,train,4,0.00329091407847
S32451,13,2,2025-10-20,34,32,0.0027502019766039,train,4,0.00325535646368
S32479,13,15,2025-10-20,22,16,0.0,train,4,0.0019910516882848
S32480,13,20,2025-10-20,38,15,0.0,train,4,0.0014993277310683
S32482,13,20,2025-10-20,36,13,0.0,train,4,0.0029280048020137
S32484,13,11,2025-10-20,57,15,0.0,train,4,0.0029552396487744
S32486,13,18,2025-10-20,43,16,0.0,train,4,0.0025519552554368
S32749,13,17,2025-10-20,26,12,0.0,train,4,0.0030888230530084
S32766,13,8,2025-10-20,15,19,0.0,train,4,0.0032730843106823
S32775,13,6,2025-10-20,33,19,0.0,train,4,0.0032131524488694
S32776,13,8,2025-10-20,37,28,0.0,train,4,0.0032426767087159
S32777,13,10,2025-10-20,61,25,0.0025345246108969,train,4,0.0031532488505405
S33165,13,5,2025-10-20,16,17,0.0,train,4,0.0032220839928412
S33166,13,2,2025-10-20,56,13,0.001771589689847,train,4,0.0032124254861423
S33168,13,18,2025-10-20,24,13,0.0,train,4,0.0030093027658978
S33402,13,8,2025-10-20,58,23,0.0035563379021899,train,4,0.0032552837476762
S33403,13,5,2025-10-20,36,29,0.0018110792866461,train,4,0.0033284025934118
S33404,13,2,2025-10-20,48,20,0.0,train,4,0.0031674481602972
S33405,13,2,2025-10-20,45,23,0.0053597618842205,train,4,0.0034015497744679
S33406,13,5,2025-10-20,33,20,0.0070886328708606,train,4,0.003282720637559
S33708,13,18,2025-10-20,39,25,0.0,train,4,0.0029254489506071
S33710,13,21,2025-10-20,42,21,0.0,train,4,0.0022099840977014
S34039,13,4,2025-10-20,17,21,0.0,train,4,0.0033275136981495
S34041,13,4,2025-10-20,18,17,0.0,train,4,0.0031935908283595
S34042,13,10,2025-10-20,25,15,0.0,train,4,0.0033868312674299
S34043,13,4,2025-10-20,31,29,0.0,train,4,0.0032640224890974
S34044,13,4,2025-10-20,42,14,0.0,train,4,0.0032277359997707
S34046,13,10,2025-10-20,34,29,0.0,train,4,0.0033363019218039
S34146,13,21,2025-10-20,28,29,0.0,train,4,0.0020369055111558
S34147,13,20,2025-10-20,35,21,0.0,train,4,0.0026723862185066
S34150,13,15,2025-10-20,46,19,0.0,train,4,0.0015854272633335
S34151,13,15,2025-10-20,42,12,0.0,train,4,0.0014007369912867
S34152,13,16,2025-10-20,13,20,0.0,train,4,0.0028760151047756
S34154,13,17,2025-10-20,14,21,0.0,train,4,0.0031706795143056
S34155,13,11,2025-10-20,25,19,0.0,train,4,0.0033138067782969
S34209,13,6,2025-10-20,41,29,0.0109581360774345,train,4,0.0031895015452835
S34221,13,10,2025-10-20,25,21,0.016623252217214,train,4,0.0032991079558504
S34222,13,8,2025-10-20,29,20,0.0345851406833522,train,4,0.0032572938630929
S34226,13,10,2025-10-20,44,19,0.0097340552034806,train,4,0.0032397883692541
S34230,13,2,2025-10-20,18,27,0.0146376662199773,train,4,0.0030901541726666
S34231,13,4,2025-10-20,35,29,0.0107361134898849,train,4,0.0032659988421504
S34232,13,5,2025-10-20,26,24,0.0160606231974212,train,4,0.0033319480041855
S34234,13,4,2025-10-20,60,24,0.0223121967917799,train,4,0.0033647337673486
S34236,13,5,2025-10-20,18,21,0.0093749705263753,train,4,0.003173078090695
S34333,13,17,2025-10-20,24,20,0.0,train,4,0.0028635405219341
S34335,13,16,2025-10-20,48,16,0.007032886171959,train,4,0.0016809272974784
S34336,13,16,2025-10-20,46,24,0.0,train,4,0.0018531445128899
S34337,13,21,2025-10-20,39,26,0.0,train,4,0.0024831483330312
S34456,13,5,2025-10-20,20,27,0.0,train,4,0.0032978357188043
S34457,13,2,2025-10-20,38,14,0.0,train,4,0.0028999999238189
S34458,13,6,2025-10-20,24,22,0.0,train,4,0.0033573811133773
S34459,13,8,2025-10-20,29,26,0.0,train,4,0.0031359087940572
S34582,13,15,2025-10-20,21,29,0.0,train,4,0.0025528775987411
S34809,13,5,2025-10-20,30,12,0.0,train,4,0.0031808501368537
S34833,13,4,2025-10-20,17,22,0.0,train,4,0.003271246598318
S34927,13,11,2025-10-20,27,29,0.0,train,4,0.0032173262029508
S34928,13,17,2025-10-20,47,17,0.0,train,4,0.0024574866868892
S34929,13,17,2025-10-20,34,27,0.0,train,4,0.0030597220855034
S34930,13,16,2025-10-20,28,19,0.0,train,4,0.0016931803311492
S34933,13,18,2025-10-20,56,24,0.0,train,4,0.0032212241542616
S34934,13,20,2025-10-20,24,25,0.0,train,4,0.0018501754349239
S34935,13,18,2025-10-20,33,28,0.0,train,4,0.0032390222217048
S34936,13,20,2025-10-20,42,15,0.0,train,4,0.0012276166979313
S34941,13,21,2025-10-20,35,19,0.0,train,4,0.0016817483154239
S34942,13,21,2025-10-20,31,26,0.0,train,4,0.0029945027183821
S35091,13,17,2025-10-20,20,20,0.0219467941549679,train,4,0.0030594494722649
S35092,13,17,2025-10-20,25,22,0.0092745386057001,train,4,0.0026398178255442
S35094,13,17,2025-10-20,38,17,0.048591629736757,train,4,0.0019680909692563
S35095,13,15,2025-10-20,59,27,0.0161454638068729,train,4,0.0019155323209031
S35098,13,18,2025-10-20,44,18,0.0196526379970559,train,4,0.0019087766679228
S35099,13,18,2025-10-20,64,24,0.0155804257186745,train,4,0.0030513232506319
S35295,13,11,2025-10-20,37,32,0.0194055041249448,train,4,0.0013125750001969
S35297,13,6,2025-10-20,39,32,0.0213508411458141,train,4,0.0032880881466443
S35411,13,5,2025-10-20,41,20,0.011720994451448,train,4,0.0033044770389045
S35412,13,5,2025-10-20,25,20,0.0382107257976789,train,4,0.003376033304769
S35413,13,5,2025-10-20,63,22,0.0174337871706292,train,4,0.0033326552572147
S35414,13,2,2025-10-20,29,28,0.0234258084535588,train,4,0.0032558688142719
S35417,13,6,2025-10-20,37,21,0.0,train,4,0.0029647981084055
S35418,13,10,2025-10-20,32,20,0.0116380690974809,train,4,0.0033606202987021
S35422,13,6,2025-10-20,34,30,0.0223216290747078,train,4,0.0029610412828593
S35423,13,8,2025-10-20,34,12,0.022765620342918,train,4,0.0032719139968908
S35424,13,10,2025-10-20,26,18,0.0204474966770048,train,4,0.0034548458616513
S35432,13,6,2025-10-20,41,20,0.0759381838343359,train,4,0.0020336773255323
S35433,13,6,2025-10-20,42,25,0.018366662971161,train,4,0.0032388845124102
S35544,13,21,2025-10-20,27,27,0.0219019918914154,train,4,0.0024272341579673
S35578,13,17,2025-10-20,30,14,0.0,train,4,0.0028767158620108
S35844,13,11,2025-10-20,38,32,0.0,train,4,0.0031397545179026
S35860,13,6,2025-10-20,32,28,0.0020286376698014,train,4,0.0031695144609644
S35861,13,5,2025-10-20,20,18,0.0177717916016067,train,4,0.0032553504326319
S35863,13,6,2025-10-20,17,26,0.0,train,4,0.0029262475662797
S35868,13,10,2025-10-20,21,27,0.0,train,4,0.0033525494494017
S35875,13,2,2025-10-20,60,24,0.0,train,4,0.0033591437408541
S35876,13,10,2025-10-20,46,24,0.0,train,4,0.0032006314338044
S35877,13,4,2025-10-20,14,19,0.0040068366145858,train,4,0.0024078171772027
S35878,13,2,2025-10-20,50,14,0.0,train,4,0.0033894480049388
S35879,13,4,2025-10-20,61,22,0.0059651691731579,train,4,0.0025710544650273
S36516,13,15,2025-10-20,30,24,0.0,train,4,0.0018062570497219
S36836,13,6,2025-10-20,45,22,0.0,train,4,0.0031639287124254
S36838,13,5,2025-10-20,46,12,0.0,train,4,0.0030368206443828
S36839,13,2,2025-10-20,34,14,0.0,train,4,0.003082270482307
S36841,13,10,2025-10-20,53,25,0.0,train,4,0.0033479990206098
S36842,13,10,2025-10-20,47,14,0.0,train,4,0.0032889595810724
S37267,13,16,2025-10-20,17,27,0.0,train,4,0.0023469681961402
S37274,13,15,2025-10-20,37,13,0.0,train,4,0.0016707916662233
S37276,13,18,2025-10-20,47,13,0.0,train,4,0.0027020108342203
S37277,13,20,2025-10-20,41,27,0.0,train,4,0.0023722157753078
S37424,13,5,2025-10-20,32,19,0.0,train,4,0.0033263955055236
S37425,13,5,2025-10-20,56,16,0.0,train,4,0.0030627208499657
S37488,13,17,2025-10-20,36,12,0.0,train,4,0.0033226944918753
S37491,13,11,2025-10-20,25,22,0.0,train,4,0.0032932921247315
S37492,13,15,2025-10-20,36,14,0.0,train,4,0.0017705482910592
S37493,13,15,2025-10-20,44,28,0.0,train,4,0.0024010587478911
S37495,13,11,2025-10-20,41,19,0.0084572712112445,train,4,0.0031793216498472
S37500,13,15,2025-10-20,47,16,0.0,train,4,0.0018192892915928
S37501,13,17,2025-10-20,33,28,0.0,train,4,0.0030950045599352
S37503,13,21,2025-10-20,35,27,0.0,train,4,0.0013837196927595
S37504,13,17,2025-10-20,21,22,0.0,train,4,0.0028279570349486
S37505,13,20,2025-10-20,44,13,0.0,train,4,0.0032468802339405
S37507,13,11,2025-10-20,22,15,0.0,train,4,0.0031915503222063
S37511,13,20,2025-10-20,49,27,0.0,train,4,0.0026208923820346
S37517,13,21,2025-10-20,35,26,0.0,train,4,0.0015658004016508
S37723,13,6,2025-10-20,41,15,0.0055253532557338,train,4,0.003223448565816
S37724,13,2,2025-10-20,34,17,0.0,train,4,0.0033469318192988
S37727,13,5,2025-10-20,15,18,0.0,train,4,0.0032815194139288
S37728,13,4,2025-10-20,18,20,0.0,train,4,0.0033367606759394
S37729,13,8,2025-10-20,37,13,0.0,train,4,0.0033185523996821
S37730,13,2,2025-10-20,38,29,0.0,train,4,0.0032298652684879
S37731,13,8,2025-10-20,34,23,0.0,train,4,0.0032249887866522
S37733,13,10,2025-10-20,60,26,0.0,train,4,0.0034730968126172
S37735,13,8,2025-10-20,59,22,0.0027688639301154,train,4,0.0032848751531111
S37736,13,6,2025-10-20,53,23,0.0,train,4,0.0028100429396432
S38212,13,21,2025-10-20,40,11,0.0095044517114296,train,4,0.0022892189816362
S38229,13,4,2025-10-20,38,16,0.0,train,4,0.0033019921243007
S38235,13,5,2025-10-20,43,28,0.0,train,4,0.0032618476895755
S38236,13,5,2025-10-20,53,29,0.0107920894201694,train,4,0.0031982061628551
S38237,13,4,2025-10-20,52,18,0.0056799350864561,train,4,0.0032622830669923
S38241,13,4,2025-10-20,51,16,0.021974074350408,train,4,0.0032940760406476
S38242,13,4,2025-10-20,17,25,0.0054197438980172,train,4,0.0032570736203177
S38243,13,2,2025-10-20,55,18,0.0055401353264443,train,4,0.0032998694209689
S38246,13,4,2025-10-20,40,20,0.002823823525234,train,4,0.0030059545204269
S38293,13,20,2025-10-20,45,20,0.023856718508228,train,4,0.0023300826949333
S38295,13,11,2025-10-20,17,19,0.0070898311564555,train,4,0.0033319413018784
S38298,13,21,2025-10-20,51,18,0.0094389277768734,train,4,0.0016870723036052
S38299,13,11,2025-10-20,25,25,0.009866480624376,train,4,0.0033217614644339
S38300,13,11,2025-10-20,47,14,0.0151021682260546,train,4,0.0028065981313605
S38786,13,18,2025-10-20,51,15,0.0,train,4,0.0028264364910741
S38788,13,21,2025-10-20,50,30,0.0,train,4,0.0030250102025328
S38791,13,18,2025-10-20,38,23,0.0,train,4,0.0029477783795566
S38793,13,15,2025-10-20,56,17,0.0,train,4,0.0019858806506854
S38796,13,11,2025-10-20,46,19,0.0,train,4,0.0026670053685132
S39119,13,8,2025-10-20,25,15,0.0,train,4,0.0033214776609159
S39120,13,6,2025-10-20,34,26,0.0,train,4,0.0031861104785136
S39121,13,5,2025-10-20,55,17,0.0,train,4,0.0032898295267259
S39260,13,4,2025-10-20,46,15,0.0,train,4,0.0033735068125001
S39261,13,5,2025-10-20,22,21,0.0,train,4,0.003259524989966
S39264,13,10,2025-10-20,48,23,0.0,train,4,0.0032739924310972
S39389,13,15,2025-10-20,51,22,0.0,train,4,0.0016054726810965
S39390,13,20,2025-10-20,30,22,0.0,train,4,0.0021224103082004
S39409,13,20,2025-10-20,20,17,0.0,train,4,0.0031148631427068
S39411,13,20,2025-10-20,55,28,0.0,train,4,0.00271549063279
S39414,13,20,2025-10-20,18,16,0.0,train,4,0.0032275987892606
S39480,13,2,2025-10-20,49,31,0.0,train,4,0.0031976756670635
S39484,13,5,2025-10-20,24,30,0.0,train,4,0.0030490789822705
S39491,13,6,2025-10-20,21,23,0.0,train,4,0.0032937336807601
S39495,13,10,2025-10-20,40,25,0.0,train,4,0.0034883747076004
S39807,13,6,2025-10-20,46,16,0.0,train,4,0.0031394665842919
S39808,13,6,2025-10-20,38,25,0.0,train,4,0.0031795449748372
S39908,13,5,2025-10-20,42,11,0.0082538670280432,train,4,0.0032426361981338
S39909,13,4,2025-10-20,30,12,0.0097923316388856,train,4,0.003302548214815
S40017,13,4,2025-10-20,23,18,0.0049416841498215,train,4,0.003413467204547
S40019,13,4,2025-10-20,34,21,0.0,train,4,0.0033762645333459
S40021,13,4,2025-10-20,50,14,0.0033221703063482,train,4,0.0033624293616092
S40022,13,8,2025-10-20,47,25,0.0016321678275747,train,4,0.0033336316635656
S40023,13,10,2025-10-20,20,22,0.0016321195880622,train,4,0.0033893006323423
S40026,13,6,2025-10-20,29,18,0.0066611715352191,train,4,0.0032380162167319
S40027,13,6,2025-10-20,41,23,0.0033906052264439,train,4,0.0030880875096823
S40028,13,6,2025-10-20,40,28,0.004914126383025,train,4,0.003094417739063
S40029,13,6,2025-10-20,49,21,0.0,train,4,0.0032557917567592
S40221,13,17,2025-10-20,39,26,0.0019080306206282,train,4,0.0019318092922381
S40224,13,20,2025-10-20,54,29,0.0076347604344286,train,4,0.0026394977662482
S40225,13,17,2025-10-20,59,26,0.0019230248368137,train,4,0.0029023264492106
S40226,13,21,2025-10-20,30,28,0.0,train,4,0.002731729835823
S40228,13,20,2025-10-20,48,13,0.0019293628056118,train,4,0.0027765285256339
S40229,13,20,2025-10-20,40,26,0.0,train,4,0.0023084533273689
S40230,13,20,2025-10-20,45,21,0.0095901882918659,train,4,0.0022084014984848
S40385,13,11,2025-10-20,25,30,0.0,train,4,0.0031771983358008
S40386,13,18,2025-10-20,48,31,0.0,train,4,0.002851240564333
S40402,13,4,2025-10-20,47,28,0.005705888430938,train,4,0.0032989272070968
S40410,13,6,2025-10-20,53,21,0.003930407275603,train,4,0.003270330758202
S40411,13,2,2025-10-20,25,18,0.0019093720586257,train,4,0.0031039140979005
S40414,13,5,2025-10-20,38,25,0.0116389354003957,train,4,0.0032694133777744
S40418,13,4,2025-10-20,50,30,0.0038164128790496,train,4,0.0032319144167237
S40636,13,15,2025-10-20,55,25,0.0021366970189422,train,4,0.001821129036799
S40638,13,11,2025-10-20,38,14,0.0,train,4,0.0032796458200934
S40643,13,21,2025-10-20,27,17,0.0,train,4,0.0029316559335188
S40670,13,4,2025-10-20,14,25,0.0,train,4,0.0033788643441918
S40684,13,6,2025-10-20,61,21,0.0085665654019348,train,4,0.0032541639556106
S40689,13,10,2025-10-20,22,28,0.0,train,4,0.0032682230699132
S40695,13,4,2025-10-20,23,24,0.0,train,4,0.003359778242534
S40696,13,5,2025-10-20,58,25,0.0,train,4,0.0029147254320349
S40699,13,5,2025-10-20,54,21,0.0,train,4,0.0031718317698433
S40700,13,4,2025-10-20,46,19,0.0021489475777858,train,4,0.0032448547537421
S41281,13,18,2025-10-20,63,25,0.0,train,4,0.0026610778669697
S41285,13,17,2025-10-20,58,28,0.0,train,4,0.0029051745069456
S41289,13,21,2025-10-20,18,20,0.0,train,4,0.0025132857922061
S41559,13,17,2025-10-20,51,16,0.0070959958309239,train,4,0.0028428557319944
S41560,13,15,2025-10-20,45,13,0.0,train,4,0.0016576696929178
S41568,13,21,2025-10-20,35,16,0.0017901781533429,train,4,0.0022062271737179
S41891,13,6,2025-10-20,50,14,0.014029127583865,train,4,0.0032555442009769
S42102,13,18,2025-10-20,42,21,0.0261865050381723,train,4,0.0011757758460759
S42104,13,15,2025-10-20,56,20,0.0109886465392396,train,4,0.0028274313377683
S42107,13,17,2025-10-20,52,27,0.0008474995353247,train,4,0.0025397109081369
S42110,13,21,2025-10-20,57,15,0.0110356772119926,train,4,0.0022428319920251
S42111,13,17,2025-10-20,47,29,0.0229509892476693,train,4,0.0026336928821219
S42112,13,11,2025-10-20,47,22,0.016299677941977,train,4,0.0024178026869674
S42117,13,21,2025-10-20,59,18,0.010181315693417,train,4,0.0021127286727873
S42458,13,5,2025-10-20,37,20,0.0,train,4,0.0028961938893649
S42562,13,5,2025-10-20,17,27,0.0,train,4,0.0032190941311739
S42563,13,17,2025-10-20,26,13,0.0,train,4,0.0027920817585439
S42908,13,20,2025-10-20,37,29,0.0,train,4,0.00181820030001
S42910,13,17,2025-10-20,43,17,0.0,train,4,0.0022076965952354
S42912,13,17,2025-10-20,18,26,0.0,train,4,0.0028895849596394
S43006,13,16,2025-10-20,24,17,0.0,train,4,0.0014846422838763
S43007,13,16,2025-10-20,36,31,0.0,train,4,0.0027204044178565
S43008,13,21,2025-10-20,56,21,0.0,train,4,0.0029193076850662
S43445,13,11,2025-10-20,39,27,0.0122800190253815,train,4,0.0033103134985088
S43447,13,11,2025-10-20,41,25,0.0079505053050026,train,4,0.0032748101372034
S43449,13,11,2025-10-20,20,23,0.0114727608494921,train,4,0.0033006382433187
S43458,13,21,2025-10-20,39,23,0.0,train,4,0.0022292446066676
S43515,13,10,2025-10-20,44,23,0.0169774203725025,train,4,0.0032748278481196
S43516,13,4,2025-10-20,61,18,0.0086194437539382,train,4,0.0032689794496299
S43518,13,4,2025-10-20,21,25,0.0100814017408166,train,4,0.0030336545558014
S43520,13,10,2025-10-20,47,29,0.031319641373779,train,4,0.0031733284040402
S43521,13,6,2025-10-20,38,30,0.0132288294707444,train,4,0.0032140882235917
S43522,13,10,2025-10-20,32,14,0.0087148643672517,train,4,0.003299471472191
S43523,13,2,2025-10-20,18,23,0.0182563976980531,train,4,0.0032992348010369
S43525,13,8,2025-10-20,46,16,0.0101379743633678,train,4,0.0031912393627647
S43526,13,2,2025-10-20,58,17,0.0115307205540314,train,4,0.0033296577672316
S43527,13,6,2025-10-20,37,13,0.0183587906100511,train,4,0.0031996727619846
S43529,13,8,2025-10-20,25,21,0.0177006909324025,train,4,0.0034692599345884
S43530,13,10,2025-10-20,19,17,0.0191662858476068,train,4,0.0029304321187778
S43717,13,8,2025-10-20,32,31,0.0104642794251632,train,4,0.0033291745170681
