ufs_serial,run_id,wafer_no,date,die_x,die_y,pred,health,clf_proba,split,position
S01434,249,1,2026-06-08,62,22,0.0030869027107226,0.0,0.373323604829968,val,1
S01436,249,1,2026-06-08,37,22,0.0029261013281239,0.005755112438917,0.3674917718910764,val,1
S01966,249,1,2026-06-08,56,29,0.0030729287225146,0.0,0.37149044716525,val,1
S02246,249,1,2026-06-08,50,18,0.0031031047861998,0.0,0.388701619566425,val,1
S02247,249,1,2026-06-08,18,17,0.0029626614162631,0.0,0.3586527436722158,val,1
S02521,249,1,2026-06-08,38,32,0.0027128899840778,0.0,0.3701577672736483,val,1
S03676,249,1,2026-06-08,27,28,0.002992816149161,0.0,0.3963565279837628,val,1
S06467,249,1,2026-06-08,37,19,0.0029042496617826,0.0,0.3755325248237366,val,1
S06468,249,1,2026-06-08,15,20,0.0030812479507574,0.0030076917025229,0.3724819567049874,val,1
S07342,249,1,2026-06-08,27,27,0.0030529470152911,0.0,0.3894359056237387,val,1
S08362,249,1,2026-06-08,59,15,0.0027564345582957,0.0,0.3688287111655584,val,1
S10966,249,1,2026-06-08,61,25,0.003031255037525,0.0069724375941115,0.3403752147877313,val,1
S13017,249,1,2026-06-08,58,18,0.0030962572971061,0.0,0.4294497338629834,val,1
S20484,249,1,2026-06-08,20,28,0.0029503724508057,0.0,0.3560133348381147,val,1
S21729,249,1,2026-06-08,39,19,0.0029008767621098,0.0,0.3652965014440339,val,1
S22561,249,1,2026-06-08,40,16,0.0030220138742772,0.0047043010752688,0.3587058270618521,val,1
S24586,249,1,2026-06-08,37,28,0.0030476252770039,0.0,0.4243573568973328,val,1
S29816,249,1,2026-06-08,52,24,0.0030792112672793,0.0,0.3846022975334119,val,1
S32117,249,1,2026-06-08,53,30,0.0027971742731833,0.0,0.3720765297832165,val,1
S35107,249,1,2026-06-08,45,12,0.0028701860750043,0.0222063879521585,0.3662539830542599,val,1
S35592,249,1,2026-06-08,24,23,0.0030956005909032,0.003934000609493,0.3924724278373319,val,1
S41287,249,1,2026-06-08,31,23,0.0030751757292934,0.0,0.3930959738918787,val,1
S41571,249,1,2026-06-08,56,19,0.003183627538594,0.0035965236017338,0.4519728272966,val,1
S42914,249,1,2026-06-08,33,25,0.0028332716149338,0.0,0.3958810639569483,val,1
S01434,249,1,2026-06-08,60,22,0.0031973025061074,0.0,0.373323604829968,val,2
S01436,249,1,2026-06-08,35,22,0.0028630244573805,0.005755112438917,0.3674917718910764,val,2
S01966,249,1,2026-06-08,50,30,0.0029653789503182,0.0,0.37149044716525,val,2
S02246,249,1,2026-06-08,48,18,0.003059243029921,0.0,0.388701619566425,val,2
S02247,249,1,2026-06-08,20,17,0.0030675114615317,0.0,0.3586527436722158,val,2
S02521,249,1,2026-06-08,37,31,0.0030172344108211,0.0,0.3701577672736483,val,2
S03676,249,1,2026-06-08,25,28,0.0030664146220573,0.0,0.3963565279837628,val,2
S06467,249,1,2026-06-08,41,19,0.0030542260863575,0.0,0.3755325248237366,val,2
S06468,249,1,2026-06-08,13,20,0.0031969092022442,0.0030076917025229,0.3724819567049874,val,2
S07342,249,1,2026-06-08,30,27,0.0029923523400889,0.0,0.3894359056237387,val,2
S08362,249,1,2026-06-08,60,15,0.002803099659196,0.0,0.3688287111655584,val,2
S10966,249,1,2026-06-08,64,25,0.0029548926382791,0.0069724375941115,0.3403752147877313,val,2
S13017,249,1,2026-06-08,56,18,0.0031089034220957,0.0,0.4294497338629834,val,2
S20484,249,1,2026-06-08,24,29,0.0030015725389461,0.0,0.3560133348381147,val,2
S21729,249,1,2026-06-08,42,19,0.0029030778230797,0.0,0.3652965014440339,val,2
S22561,249,1,2026-06-08,38,16,0.00305242517904,0.0047043010752688,0.3587058270618521,val,2
S24586,249,1,2026-06-08,34,28,0.0029156805230723,0.0,0.4243573568973328,val,2
S29816,249,1,2026-06-08,50,24,0.0030577327113774,0.0,0.3846022975334119,val,2
S32117,249,1,2026-06-08,49,31,0.0025228849647918,0.0,0.3720765297832165,val,2
S35107,249,1,2026-06-08,44,12,0.0028154391590866,0.0222063879521585,0.3662539830542599,val,2
S35592,249,1,2026-06-08,25,23,0.0030640925276913,0.003934000609493,0.3924724278373319,val,2
S41287,249,1,2026-06-08,33,23,0.0030420462814335,0.0,0.3930959738918787,val,2
S41571,249,1,2026-06-08,58,19,0.0031195522189523,0.0035965236017338,0.4519728272966,val,2
S42914,249,1,2026-06-08,35,25,0.0027696743324996,0.0,0.3958810639569483,val,2
S01434,249,1,2026-06-08,66,22,0.0031826278288582,0.0,0.373323604829968,val,3
S01436,249,1,2026-06-08,41,22,0.0029437159302334,0.005755112438917,0.3674917718910764,val,3
S01966,249,1,2026-06-08,52,29,0.0030541652974422,0.0,0.37149044716525,val,3
S02246,249,1,2026-06-08,54,18,0.0030159883764884,0.0,0.388701619566425,val,3
S02247,249,1,2026-06-08,20,16,0.0029839538378499,0.0,0.3586527436722158,val,3
S02521,249,1,2026-06-08,28,31,0.0027738292406204,0.0,0.3701577672736483,val,3
S03676,249,1,2026-06-08,31,28,0.0029882395100606,0.0,0.3963565279837628,val,3
S06467,249,1,2026-06-08,33,19,0.0031320180580276,0.0,0.3755325248237366,val,3
S06468,249,1,2026-06-08,19,20,0.0030251298744156,0.0030076917025229,0.3724819567049874,val,3
S07342,249,1,2026-06-08,23,27,0.0030611517156855,0.0,0.3894359056237387,val,3
S08362,249,1,2026-06-08,58,14,0.0027919280997069,0.0,0.3688287111655584,val,3
S10966,249,1,2026-06-08,56,25,0.0031606196822296,0.0069724375941115,0.3403752147877313,val,3
S13017,249,1,2026-06-08,62,18,0.0030370741378645,0.0,0.4294497338629834,val,3
S20484,249,1,2026-06-08,24,28,0.0030640792632805,0.0,0.3560133348381147,val,3
S21729,249,1,2026-06-08,34,19,0.0029638107095356,0.0,0.3652965014440339,val,3
S22561,249,1,2026-06-08,44,16,0.0029700047929598,0.0047043010752688,0.3587058270618521,val,3
S24586,249,1,2026-06-08,41,28,0.0028679147177516,0.0,0.4243573568973328,val,3
S29816,249,1,2026-06-08,58,24,0.003152392872389,0.0,0.3846022975334119,val,3
S32117,249,1,2026-06-08,60,28,0.0027226152663487,0.0,0.3720765297832165,val,3
S35107,249,1,2026-06-08,47,12,0.0029388374216584,0.0222063879521585,0.3662539830542599,val,3
S35592,249,1,2026-06-08,22,23,0.0030417997358873,0.003934000609493,0.3924724278373319,val,3
S41287,249,1,2026-06-08,27,23,0.0031029979716869,0.0,0.3930959738918787,val,3
S41571,249,1,2026-06-08,52,19,0.0019686540742031,0.0035965236017338,0.4519728272966,val,3
S42914,249,1,2026-06-08,29,25,0.0030601023901727,0.0,0.3958810639569483,val,3
S01434,249,1,2026-06-08,64,22,0.0030509435667093,0.0,0.373323604829968,val,4
S01436,249,1,2026-06-08,39,22,0.0029814829902573,0.005755112438917,0.3674917718910764,val,4
S01966,249,1,2026-06-08,54,29,0.0031010741567519,0.0,0.37149044716525,val,4
S02246,249,1,2026-06-08,52,18,0.0030641308615607,0.0,0.388701619566425,val,4
S02247,249,1,2026-06-08,18,16,0.00308993899268,0.0,0.3586527436722158,val,4
S02521,249,1,2026-06-08,30,31,0.0024981672738375,0.0,0.3701577672736483,val,4
S03676,249,1,2026-06-08,29,28,0.0029752926809015,0.0,0.3963565279837628,val,4
S06467,249,1,2026-06-08,35,19,0.0031157532961826,0.0,0.3755325248237366,val,4
S06468,249,1,2026-06-08,17,20,0.0031209709136101,0.0030076917025229,0.3724819567049874,val,4
S07342,249,1,2026-06-08,25,27,0.0030540307164962,0.0,0.3894359056237387,val,4
S08362,249,1,2026-06-08,57,14,0.0025488000394423,0.0,0.3688287111655584,val,4
S10966,249,1,2026-06-08,58,25,0.0030536864524623,0.0069724375941115,0.3403752147877313,val,4
S13017,249,1,2026-06-08,60,18,0.0031509881844754,0.0,0.4294497338629834,val,4
S20484,249,1,2026-06-08,22,28,0.0030584232121512,0.0,0.3560133348381147,val,4
S21729,249,1,2026-06-08,36,19,0.0030125361896254,0.0,0.3652965014440339,val,4
S22561,249,1,2026-06-08,42,16,0.002933435912426,0.0047043010752688,0.3587058270618521,val,4
S24586,249,1,2026-06-08,39,28,0.003059685827874,0.0,0.4243573568973328,val,4
S29816,249,1,2026-06-08,55,24,0.0031104799654928,0.0,0.3846022975334119,val,4
S32117,249,1,2026-06-08,58,29,0.0026383935821216,0.0,0.3720765297832165,val,4
S35107,249,1,2026-06-08,46,12,0.0028079482960815,0.0222063879521585,0.3662539830542599,val,4
S35592,249,1,2026-06-08,23,23,0.0030339354305209,0.003934000609493,0.3924724278373319,val,4
S41287,249,1,2026-06-08,29,23,0.0031176983699601,0.0,0.3930959738918787,val,4
S41571,249,1,2026-06-08,54,19,0.0031598447102468,0.0035965236017338,0.4519728272966,val,4
S42914,249,1,2026-06-08,31,25,0.0030270988513659,0.0,0.3958810639569483,val,4
S01434,249,2,2026-06-08,62,22,0.0030869027107226,0.0,0.373323604829968,val,1
S01436,249,2,2026-06-08,37,22,0.0029261013281239,0.005755112438917,0.3674917718910764,val,1
S01966,249,2,2026-06-08,56,29,0.0030729287225146,0.0,0.37149044716525,val,1
S02246,249,2,2026-06-08,50,18,0.0031031047861998,0.0,0.388701619566425,val,1
S02247,249,2,2026-06-08,18,17,0.0029626614162631,0.0,0.3586527436722158,val,1
S02521,249,2,2026-06-08,38,32,0.0027128899840778,0.0,0.3701577672736483,val,1
S03676,249,2,2026-06-08,27,28,0.002992816149161,0.0,0.3963565279837628,val,1
S06467,249,2,2026-06-08,37,19,0.0029042496617826,0.0,0.3755325248237366,val,1
S06468,249,2,2026-06-08,15,20,0.0030812479507574,0.0030076917025229,0.3724819567049874,val,1
S07342,249,2,2026-06-08,27,27,0.0030529470152911,0.0,0.3894359056237387,val,1
S08362,249,2,2026-06-08,59,15,0.0027564345582957,0.0,0.3688287111655584,val,1
S10966,249,2,2026-06-08,61,25,0.003031255037525,0.0069724375941115,0.3403752147877313,val,1
S13017,249,2,2026-06-08,58,18,0.0030962572971061,0.0,0.4294497338629834,val,1
S20484,249,2,2026-06-08,20,28,0.0029503724508057,0.0,0.3560133348381147,val,1
S21729,249,2,2026-06-08,39,19,0.0029008767621098,0.0,0.3652965014440339,val,1
S22561,249,2,2026-06-08,40,16,0.0030220138742772,0.0047043010752688,0.3587058270618521,val,1
S24586,249,2,2026-06-08,37,28,0.0030476252770039,0.0,0.4243573568973328,val,1
S29816,249,2,2026-06-08,52,24,0.0030792112672793,0.0,0.3846022975334119,val,1
S32117,249,2,2026-06-08,53,30,0.0027971742731833,0.0,0.3720765297832165,val,1
S35107,249,2,2026-06-08,45,12,0.0028701860750043,0.0222063879521585,0.3662539830542599,val,1
S35592,249,2,2026-06-08,24,23,0.0030956005909032,0.003934000609493,0.3924724278373319,val,1
S41287,249,2,2026-06-08,31,23,0.0030751757292934,0.0,0.3930959738918787,val,1
S41571,249,2,2026-06-08,56,19,0.003183627538594,0.0035965236017338,0.4519728272966,val,1
S42914,249,2,2026-06-08,33,25,0.0028332716149338,0.0,0.3958810639569483,val,1
S01434,249,2,2026-06-08,60,22,0.0031973025061074,0.0,0.373323604829968,val,2
S01436,249,2,2026-06-08,35,22,0.0028630244573805,0.005755112438917,0.3674917718910764,val,2
S01966,249,2,2026-06-08,50,30,0.0029653789503182,0.0,0.37149044716525,val,2
S02246,249,2,2026-06-08,48,18,0.003059243029921,0.0,0.388701619566425,val,2
S02247,249,2,2026-06-08,20,17,0.0030675114615317,0.0,0.3586527436722158,val,2
S02521,249,2,2026-06-08,37,31,0.0030172344108211,0.0,0.3701577672736483,val,2
S03676,249,2,2026-06-08,25,28,0.0030664146220573,0.0,0.3963565279837628,val,2
S06467,249,2,2026-06-08,41,19,0.0030542260863575,0.0,0.3755325248237366,val,2
S06468,249,2,2026-06-08,13,20,0.0031969092022442,0.0030076917025229,0.3724819567049874,val,2
S07342,249,2,2026-06-08,30,27,0.0029923523400889,0.0,0.3894359056237387,val,2
S08362,249,2,2026-06-08,60,15,0.002803099659196,0.0,0.3688287111655584,val,2
S10966,249,2,2026-06-08,64,25,0.0029548926382791,0.0069724375941115,0.3403752147877313,val,2
S13017,249,2,2026-06-08,56,18,0.0031089034220957,0.0,0.4294497338629834,val,2
S20484,249,2,2026-06-08,24,29,0.0030015725389461,0.0,0.3560133348381147,val,2
S21729,249,2,2026-06-08,42,19,0.0029030778230797,0.0,0.3652965014440339,val,2
S22561,249,2,2026-06-08,38,16,0.00305242517904,0.0047043010752688,0.3587058270618521,val,2
S24586,249,2,2026-06-08,34,28,0.0029156805230723,0.0,0.4243573568973328,val,2
S29816,249,2,2026-06-08,50,24,0.0030577327113774,0.0,0.3846022975334119,val,2
S32117,249,2,2026-06-08,49,31,0.0025228849647918,0.0,0.3720765297832165,val,2
S35107,249,2,2026-06-08,44,12,0.0028154391590866,0.0222063879521585,0.3662539830542599,val,2
S35592,249,2,2026-06-08,25,23,0.0030640925276913,0.003934000609493,0.3924724278373319,val,2
S41287,249,2,2026-06-08,33,23,0.0030420462814335,0.0,0.3930959738918787,val,2
S41571,249,2,2026-06-08,58,19,0.0031195522189523,0.0035965236017338,0.4519728272966,val,2
S42914,249,2,2026-06-08,35,25,0.0027696743324996,0.0,0.3958810639569483,val,2
S01434,249,2,2026-06-08,66,22,0.0031826278288582,0.0,0.373323604829968,val,3
S01436,249,2,2026-06-08,41,22,0.0029437159302334,0.005755112438917,0.3674917718910764,val,3
S01966,249,2,2026-06-08,52,29,0.0030541652974422,0.0,0.37149044716525,val,3
S02246,249,2,2026-06-08,54,18,0.0030159883764884,0.0,0.388701619566425,val,3
S02247,249,2,2026-06-08,20,16,0.0029839538378499,0.0,0.3586527436722158,val,3
S02521,249,2,2026-06-08,28,31,0.0027738292406204,0.0,0.3701577672736483,val,3
S03676,249,2,2026-06-08,31,28,0.0029882395100606,0.0,0.3963565279837628,val,3
S06467,249,2,2026-06-08,33,19,0.0031320180580276,0.0,0.3755325248237366,val,3
S06468,249,2,2026-06-08,19,20,0.0030251298744156,0.0030076917025229,0.3724819567049874,val,3
S07342,249,2,2026-06-08,23,27,0.0030611517156855,0.0,0.3894359056237387,val,3
S08362,249,2,2026-06-08,58,14,0.0027919280997069,0.0,0.3688287111655584,val,3
S10966,249,2,2026-06-08,56,25,0.0031606196822296,0.0069724375941115,0.3403752147877313,val,3
S13017,249,2,2026-06-08,62,18,0.0030370741378645,0.0,0.4294497338629834,val,3
S20484,249,2,2026-06-08,24,28,0.0030640792632805,0.0,0.3560133348381147,val,3
S21729,249,2,2026-06-08,34,19,0.0029638107095356,0.0,0.3652965014440339,val,3
S22561,249,2,2026-06-08,44,16,0.0029700047929598,0.0047043010752688,0.3587058270618521,val,3
S24586,249,2,2026-06-08,41,28,0.0028679147177516,0.0,0.4243573568973328,val,3
S29816,249,2,2026-06-08,58,24,0.003152392872389,0.0,0.3846022975334119,val,3
S32117,249,2,2026-06-08,60,28,0.0027226152663487,0.0,0.3720765297832165,val,3
S35107,249,2,2026-06-08,47,12,0.0029388374216584,0.0222063879521585,0.3662539830542599,val,3
S35592,249,2,2026-06-08,22,23,0.0030417997358873,0.003934000609493,0.3924724278373319,val,3
S41287,249,2,2026-06-08,27,23,0.0031029979716869,0.0,0.3930959738918787,val,3
S41571,249,2,2026-06-08,52,19,0.0019686540742031,0.0035965236017338,0.4519728272966,val,3
S42914,249,2,2026-06-08,29,25,0.0030601023901727,0.0,0.3958810639569483,val,3
S01434,249,2,2026-06-08,64,22,0.0030509435667093,0.0,0.373323604829968,val,4
S01436,249,2,2026-06-08,39,22,0.0029814829902573,0.005755112438917,0.3674917718910764,val,4
S01966,249,2,2026-06-08,54,29,0.0031010741567519,0.0,0.37149044716525,val,4
S02246,249,2,2026-06-08,52,18,0.0030641308615607,0.0,0.388701619566425,val,4
S02247,249,2,2026-06-08,18,16,0.00308993899268,0.0,0.3586527436722158,val,4
S02521,249,2,2026-06-08,30,31,0.0024981672738375,0.0,0.3701577672736483,val,4
S03676,249,2,2026-06-08,29,28,0.0029752926809015,0.0,0.3963565279837628,val,4
S06467,249,2,2026-06-08,35,19,0.0031157532961826,0.0,0.3755325248237366,val,4
S06468,249,2,2026-06-08,17,20,0.0031209709136101,0.0030076917025229,0.3724819567049874,val,4
S07342,249,2,2026-06-08,25,27,0.0030540307164962,0.0,0.3894359056237387,val,4
S08362,249,2,2026-06-08,57,14,0.0025488000394423,0.0,0.3688287111655584,val,4
S10966,249,2,2026-06-08,58,25,0.0030536864524623,0.0069724375941115,0.3403752147877313,val,4
S13017,249,2,2026-06-08,60,18,0.0031509881844754,0.0,0.4294497338629834,val,4
S20484,249,2,2026-06-08,22,28,0.0030584232121512,0.0,0.3560133348381147,val,4
S21729,249,2,2026-06-08,36,19,0.0030125361896254,0.0,0.3652965014440339,val,4
S22561,249,2,2026-06-08,42,16,0.002933435912426,0.0047043010752688,0.3587058270618521,val,4
S24586,249,2,2026-06-08,39,28,0.003059685827874,0.0,0.4243573568973328,val,4
S29816,249,2,2026-06-08,55,24,0.0031104799654928,0.0,0.3846022975334119,val,4
S32117,249,2,2026-06-08,58,29,0.0026383935821216,0.0,0.3720765297832165,val,4
S35107,249,2,2026-06-08,46,12,0.0028079482960815,0.0222063879521585,0.3662539830542599,val,4
S35592,249,2,2026-06-08,23,23,0.0030339354305209,0.003934000609493,0.3924724278373319,val,4
S41287,249,2,2026-06-08,29,23,0.0031176983699601,0.0,0.3930959738918787,val,4
S41571,249,2,2026-06-08,54,19,0.0031598447102468,0.0035965236017338,0.4519728272966,val,4
S42914,249,2,2026-06-08,31,25,0.0030270988513659,0.0,0.3958810639569483,val,4
S02428,249,3,2026-06-08,48,23,0.0027173842244982,0.0,0.3778656168298264,val,1
S03673,249,3,2026-06-08,56,23,0.0027367427456169,0.0,0.3468546013499308,val,1
S07648,249,3,2026-06-08,24,13,0.0022450964618696,0.0216477085878681,0.3374606286387098,val,1
S08271,249,3,2026-06-08,52,13,0.001644220709315,0.0,0.3077537125191986,val,1
S09160,249,3,2026-06-08,30,15,0.0011718432307667,0.0,0.3256793919632362,val,1
S09344,249,3,2026-06-08,35,29,0.0018123602858024,0.0,0.3121249011652665,val,1
S10397,249,3,2026-06-08,59,16,0.0014892387445628,0.0,0.3056266530881978,val,1
S23466,249,3,2026-06-08,46,29,0.001676047095616,0.0,0.3644171096990911,val,1
S23469,249,3,2026-06-08,55,29,0.0021386976604623,0.0,0.3520720923813745,val,1
S26022,249,3,2026-06-08,55,22,0.0012460676312364,0.0098406098406098,0.3934755153648075,val,1
S33711,249,3,2026-06-08,49,24,0.0014735313337651,0.0,0.335099829519053,val,1
S34188,249,3,2026-06-08,62,27,0.002468621438144,0.0,0.4052537863206667,val,1
S41282,249,3,2026-06-08,24,23,0.0025556393074961,0.0,0.3859694470934687,val,1
S02428,249,3,2026-06-08,50,23,0.0023752926362685,0.0,0.3778656168298264,val,2
S03673,249,3,2026-06-08,58,23,0.0023656768527034,0.0,0.3468546013499308,val,2
S07648,249,3,2026-06-08,19,15,0.0021499147052769,0.0216477085878681,0.3374606286387098,val,2
S08271,249,3,2026-06-08,56,14,0.001874223925844,0.0,0.3077537125191986,val,2
S09160,249,3,2026-06-08,32,15,0.0020913085685651,0.0,0.3256793919632362,val,2
S09344,249,3,2026-06-08,37,29,0.0016978065785676,0.0,0.3121249011652665,val,2
S10397,249,3,2026-06-08,57,16,0.0013959108098289,0.0,0.3056266530881978,val,2
S23466,249,3,2026-06-08,50,29,0.0019828351542342,0.0,0.3644171096990911,val,2
S23469,249,3,2026-06-08,52,30,0.0020120415207643,0.0,0.3520720923813745,val,2
S26022,249,3,2026-06-08,53,22,0.0012651574081073,0.0098406098406098,0.3934755153648075,val,2
S33711,249,3,2026-06-08,46,24,0.0028039279761624,0.0,0.335099829519053,val,2
S34188,249,3,2026-06-08,59,28,0.0023342936292349,0.0,0.4052537863206667,val,2
S41282,249,3,2026-06-08,26,23,0.0029225903045706,0.0,0.3859694470934687,val,2
S02428,249,3,2026-06-08,29,23,0.0024580832420361,0.0,0.3778656168298264,val,3
S03673,249,3,2026-06-08,52,23,0.0019083030215939,0.0,0.3468546013499308,val,3
S07648,249,3,2026-06-08,31,12,0.0015181745404108,0.0216477085878681,0.3374606286387098,val,3
S08271,249,3,2026-06-08,50,13,0.0016062800972022,0.0,0.3077537125191986,val,3
S09160,249,3,2026-06-08,26,15,0.0013079889704432,0.0,0.3256793919632362,val,3
S09344,249,3,2026-06-08,31,29,0.0018173568766932,0.0,0.3121249011652665,val,3
S10397,249,3,2026-06-08,56,15,0.0019498984494893,0.0,0.3056266530881978,val,3
S23466,249,3,2026-06-08,39,29,0.0015046911754393,0.0,0.3644171096990911,val,3
S23469,249,3,2026-06-08,51,29,0.0022134451069941,0.0,0.3520720923813745,val,3
S26022,249,3,2026-06-08,59,22,0.001233628316884,0.0098406098406098,0.3934755153648075,val,3
S33711,249,3,2026-06-08,54,24,0.0015198743143821,0.0,0.335099829519053,val,3
S34188,249,3,2026-06-08,60,15,0.0019923480844563,0.0,0.4052537863206667,val,3
S41282,249,3,2026-06-08,20,23,0.0029826727732158,0.0,0.3859694470934687,val,3
S02428,249,3,2026-06-08,36,23,0.0023776914039719,0.0,0.3778656168298264,val,4
S03673,249,3,2026-06-08,54,23,0.0015472469059801,0.0,0.3468546013499308,val,4
S07648,249,3,2026-06-08,27,12,0.0024483510439627,0.0216477085878681,0.3374606286387098,val,4
S08271,249,3,2026-06-08,51,13,0.0020034894968232,0.0,0.3077537125191986,val,4
S09160,249,3,2026-06-08,28,15,0.0010812053473502,0.0,0.3256793919632362,val,4
S09344,249,3,2026-06-08,33,29,0.0017199915083376,0.0,0.3121249011652665,val,4
S10397,249,3,2026-06-08,61,16,0.002163038321799,0.0,0.3056266530881978,val,4
S23466,249,3,2026-06-08,43,29,0.001603927628194,0.0,0.3644171096990911,val,4
S23469,249,3,2026-06-08,53,29,0.0019731324904807,0.0,0.3520720923813745,val,4
S26022,249,3,2026-06-08,57,22,0.0021427363061312,0.0098406098406098,0.3934755153648075,val,4
S33711,249,3,2026-06-08,52,24,0.0014851167099281,0.0,0.335099829519053,val,4
S34188,249,3,2026-06-08,63,17,0.0027692458415544,0.0,0.4052537863206667,val,4
S41282,249,3,2026-06-08,22,23,0.0028423229727518,0.0,0.3859694470934687,val,4
S01433,249,4,2026-06-08,34,17,0.0017645677258209,0.0014520190953658,0.2910259574378844,val,1
S02251,249,4,2026-06-08,33,18,0.0018299137915382,0.0,0.3558859380118089,val,1
S07340,249,4,2026-06-08,38,30,0.0023047147995865,0.0,0.3210057894487777,val,1
S07341,249,4,2026-06-08,24,18,0.0014313511765607,0.0,0.2564755653016918,val,1
S08749,249,4,2026-06-08,47,24,0.0018704479333557,0.0,0.3403614315966052,val,1
S15674,249,4,2026-06-08,21,19,0.0014309994404121,0.0033666270393665,0.3095743214849252,val,1
S17090,249,4,2026-06-08,30,25,0.0019810888375754,0.0,0.3034568938063348,val,1
S18084,249,4,2026-06-08,32,27,0.0018759079342082,0.0,0.3465118867744497,val,1
S22551,249,4,2026-06-08,48,16,0.0019538062198938,0.0031658974873475,0.3377048094421315,val,1
S24585,249,4,2026-06-08,35,14,0.0016524666493536,0.0,0.2541715408182762,val,1
S26462,249,4,2026-06-08,38,12,0.0015862393196906,0.0,0.2422481579022583,val,1
S26465,249,4,2026-06-08,59,17,0.0024442119294927,0.0,0.3233292848420876,val,1
S32487,249,4,2026-06-08,46,30,0.0023274198032564,0.0,0.3419680691289229,val,1
S34340,249,4,2026-06-08,37,12,0.0015021273680543,0.0,0.2576459512602582,val,1
S35580,249,4,2026-06-08,54,15,0.0022146368527215,0.0,0.3262433571542367,val,1
S35589,249,4,2026-06-08,46,22,0.0016431424108985,0.0,0.3215589662449995,val,1
S41279,249,4,2026-06-08,45,22,0.0016510267795163,0.0,0.3628265408040249,val,1
S01433,249,4,2026-06-08,35,17,0.0019327619090317,0.0014520190953658,0.2910259574378844,val,2
S02251,249,4,2026-06-08,31,18,0.0018260247649655,0.0,0.3558859380118089,val,2
S07340,249,4,2026-06-08,36,30,0.0023895059959713,0.0,0.3210057894487777,val,2
S07341,249,4,2026-06-08,22,18,0.001530023018333,0.0,0.2564755653016918,val,2
S08749,249,4,2026-06-08,33,24,0.0017223870348179,0.0,0.3403614315966052,val,2
S15674,249,4,2026-06-08,23,19,0.0016784995502747,0.0033666270393665,0.3095743214849252,val,2
S17090,249,4,2026-06-08,32,25,0.0021380322764549,0.0,0.3034568938063348,val,2
S18084,249,4,2026-06-08,34,27,0.0015026571602223,0.0,0.3465118867744497,val,2
S22551,249,4,2026-06-08,46,16,0.0016833795322191,0.0031658974873475,0.3377048094421315,val,2
S24585,249,4,2026-06-08,33,14,0.001645415974423,0.0,0.2541715408182762,val,2
S26462,249,4,2026-06-08,36,12,0.0015403806766474,0.0,0.2422481579022583,val,2
S26465,249,4,2026-06-08,61,17,0.0023767767959026,0.0,0.3233292848420876,val,2
S32487,249,4,2026-06-08,44,30,0.002374415996191,0.0,0.3419680691289229,val,2
S34340,249,4,2026-06-08,35,12,0.0016575922861552,0.0,0.2576459512602582,val,2
S35580,249,4,2026-06-08,56,15,0.0021888110188186,0.0,0.3262433571542367,val,2
S35589,249,4,2026-06-08,44,22,0.0019399333701893,0.0,0.3215589662449995,val,2
S41279,249,4,2026-06-08,43,22,0.0016764374563447,0.0,0.3628265408040249,val,2
S01433,249,4,2026-06-08,29,17,0.001892246296012,0.0014520190953658,0.2910259574378844,val,3
S02251,249,4,2026-06-08,37,18,0.0015589569243145,0.0,0.3558859380118089,val,3
S07340,249,4,2026-06-08,42,30,0.0022740614239298,0.0,0.3210057894487777,val,3
S07341,249,4,2026-06-08,29,18,0.0015529189081477,0.0,0.2564755653016918,val,3
S08749,249,4,2026-06-08,51,24,0.0018012111007758,0.0,0.3403614315966052,val,3
S15674,249,4,2026-06-08,17,19,0.0015974497674074,0.0033666270393665,0.3095743214849252,val,3
S17090,249,4,2026-06-08,25,25,0.0017015875413106,0.0,0.3034568938063348,val,3
S18084,249,4,2026-06-08,27,27,0.0019164092954626,0.0,0.3465118867744497,val,3
S22551,249,4,2026-06-08,52,16,0.0018883145911755,0.0031658974873475,0.3377048094421315,val,3
S24585,249,4,2026-06-08,39,14,0.0016264711650692,0.0,0.2541715408182762,val,3
S26462,249,4,2026-06-08,46,12,0.0014868187597295,0.0,0.2422481579022583,val,3
S26465,249,4,2026-06-08,55,17,0.0020074426822498,0.0,0.3233292848420876,val,3
S32487,249,4,2026-06-08,51,30,0.0024355454436929,0.0,0.3419680691289229,val,3
S34340,249,4,2026-06-08,43,12,0.0014068732232553,0.0,0.2576459512602582,val,3
S35580,249,4,2026-06-08,48,15,0.0019934034095368,0.0,0.3262433571542367,val,3
S35589,249,4,2026-06-08,52,22,0.00154179985103,0.0,0.3215589662449995,val,3
S41279,249,4,2026-06-08,51,22,0.0015041275232766,0.0,0.3628265408040249,val,3
S01433,249,4,2026-06-08,31,17,0.001542672665935,0.0014520190953658,0.2910259574378844,val,4
S02251,249,4,2026-06-08,35,18,0.0015821295452334,0.0,0.3558859380118089,val,4
S07340,249,4,2026-06-08,40,30,0.0022454216153987,0.0,0.3210057894487777,val,4
S07341,249,4,2026-06-08,26,18,0.0014694322502828,0.0,0.2564755653016918,val,4
S08749,249,4,2026-06-08,49,24,0.0017957606515065,0.0,0.3403614315966052,val,4
S15674,249,4,2026-06-08,19,19,0.0016248676503749,0.0033666270393665,0.3095743214849252,val,4
S17090,249,4,2026-06-08,28,25,0.0015070523876596,0.0,0.3034568938063348,val,4
S18084,249,4,2026-06-08,30,27,0.0018389677333512,0.0,0.3465118867744497,val,4
S22551,249,4,2026-06-08,50,16,0.0018774894834992,0.0031658974873475,0.3377048094421315,val,4
S24585,249,4,2026-06-08,37,14,0.001790108081309,0.0,0.2541715408182762,val,4
S26462,249,4,2026-06-08,42,12,0.0015355201610455,0.0,0.2422481579022583,val,4
S26465,249,4,2026-06-08,57,17,0.0022920554067129,0.0,0.3233292848420876,val,4
S32487,249,4,2026-06-08,49,30,0.002515221699777,0.0,0.3419680691289229,val,4
S34340,249,4,2026-06-08,41,12,0.0015258677785308,0.0,0.2576459512602582,val,4
S35580,249,4,2026-06-08,51,15,0.0021749041097325,0.0,0.3262433571542367,val,4
S35589,249,4,2026-06-08,50,22,0.0018966959868639,0.0,0.3215589662449995,val,4
S41279,249,4,2026-06-08,49,22,0.0018291584954284,0.0,0.3628265408040249,val,4
S00887,249,5,2026-06-08,44,32,0.0030583734868909,0.0,0.411662090739539,val,1
S04884,249,5,2026-06-08,23,17,0.0035166930313869,0.0,0.4793319886669904,val,1
S05223,249,5,2026-06-08,43,16,0.0033082164121253,0.0,0.5045544707335002,val,1
S12316,249,5,2026-06-08,51,30,0.0031567771774393,0.0,0.4758874119184819,val,1
S12892,249,5,2026-06-08,41,32,0.0032725212427531,0.0,0.4213100234251678,val,1
S13912,249,5,2026-06-08,23,23,0.0035103070981612,0.0,0.4890828751660763,val,1
S14149,249,5,2026-06-08,28,20,0.0035295879418031,0.0,0.5131718196639997,val,1
S14821,249,5,2026-06-08,25,24,0.0034993208698471,0.0,0.51051440282999,val,1
S14827,249,5,2026-06-08,13,23,0.0033009619502907,0.0,0.4020206226016765,val,1
S18380,249,5,2026-06-08,50,25,0.0033037477004022,0.0,0.410438952149248,val,1
S20613,249,5,2026-06-08,55,20,0.0033913440341017,0.0,0.4476794882999965,val,1
S22592,249,5,2026-06-08,57,25,0.0030424498323162,0.0064543987636644,0.4514325736448812,val,1
S25483,249,5,2026-06-08,43,26,0.0032318641720016,0.0,0.4523786091101445,val,1
S26474,249,5,2026-06-08,41,24,0.0033906367099787,0.0,0.4269042705178784,val,1
S27306,249,5,2026-06-08,49,22,0.0033215410988854,0.0,0.4860521236458573,val,1
S28567,249,5,2026-06-08,25,25,0.003552419931226,0.0,0.5254176720052709,val,1
S32582,249,5,2026-06-08,55,21,0.0033351571702559,0.0,0.4523212088890586,val,1
S32838,249,5,2026-06-08,44,29,0.0032042566104782,0.0,0.5030438625060979,val,1
S34733,249,5,2026-06-08,47,19,0.0029750127013017,0.0,0.4681517093785616,val,1
S35431,249,5,2026-06-08,58,25,0.0032308237610413,0.0280760433254245,0.4510524021416713,val,1
S35437,249,5,2026-06-08,18,26,0.0034518940627451,0.0374805318294342,0.4581402852496817,val,1
S36843,249,5,2026-06-08,40,15,0.0032438255535341,0.0,0.4524626102118084,val,1
S37953,249,5,2026-06-08,32,27,0.0034256717658731,0.0013537512802074,0.5003257384566774,val,1
S00887,249,5,2026-06-08,43,32,0.0030980343697493,0.0,0.411662090739539,val,2
S04884,249,5,2026-06-08,25,17,0.0035469416461988,0.0,0.4793319886669904,val,2
S05223,249,5,2026-06-08,41,16,0.0031929675996628,0.0,0.5045544707335002,val,2
S12316,249,5,2026-06-08,49,30,0.0032386986729463,0.0,0.4758874119184819,val,2
S12892,249,5,2026-06-08,39,32,0.0032119773532651,0.0,0.4213100234251678,val,2
S13912,249,5,2026-06-08,25,23,0.0035301045160341,0.0,0.4890828751660763,val,2
S14149,249,5,2026-06-08,27,20,0.0034186096922412,0.0,0.5131718196639997,val,2
S14821,249,5,2026-06-08,23,24,0.003512316269474,0.0,0.51051440282999,val,2
S14827,249,5,2026-06-08,15,23,0.0034672990703532,0.0,0.4020206226016765,val,2
S18380,249,5,2026-06-08,52,25,0.0033286599616724,0.0,0.410438952149248,val,2
S20613,249,5,2026-06-08,52,20,0.0032988020929559,0.0,0.4476794882999965,val,2
S22592,249,5,2026-06-08,59,25,0.0032205694411254,0.0064543987636644,0.4514325736448812,val,2
S25483,249,5,2026-06-08,41,26,0.0033343476344428,0.0,0.4523786091101445,val,2
S26474,249,5,2026-06-08,38,24,0.0034272716216951,0.0,0.4269042705178784,val,2
S27306,249,5,2026-06-08,47,22,0.00332805984281,0.0,0.4860521236458573,val,2
S28567,249,5,2026-06-08,27,25,0.0035493532404106,0.0,0.5254176720052709,val,2
S32582,249,5,2026-06-08,57,21,0.0032351987471418,0.0,0.4523212088890586,val,2
S32838,249,5,2026-06-08,45,29,0.0032491916991387,0.0,0.5030438625060979,val,2
S34733,249,5,2026-06-08,49,19,0.0032931663820378,0.0,0.4681517093785616,val,2
S35431,249,5,2026-06-08,61,25,0.0032186559096017,0.0280760433254245,0.4510524021416713,val,2
S35437,249,5,2026-06-08,18,27,0.0033366992724935,0.0374805318294342,0.4581402852496817,val,2
S36843,249,5,2026-06-08,42,15,0.0031951279616271,0.0,0.4524626102118084,val,2
S37953,249,5,2026-06-08,34,27,0.0034346944076694,0.0013537512802074,0.5003257384566774,val,2
S00887,249,5,2026-06-08,53,30,0.0032197478612375,0.0,0.411662090739539,val,3
S04884,249,5,2026-06-08,19,17,0.0035527778229866,0.0,0.4793319886669904,val,3
S05223,249,5,2026-06-08,47,16,0.0030300893425191,0.0,0.5045544707335002,val,3
S12316,249,5,2026-06-08,54,29,0.0031482936804074,0.0,0.4758874119184819,val,3
S12892,249,5,2026-06-08,50,31,0.003128297493165,0.0,0.4213100234251678,val,3
S13912,249,5,2026-06-08,18,23,0.0034715332623647,0.0,0.4890828751660763,val,3
S14149,249,5,2026-06-08,30,20,0.0035469406075755,0.0,0.5131718196639997,val,3
S14821,249,5,2026-06-08,29,24,0.0034534196478157,0.0,0.51051440282999,val,3
S14827,249,5,2026-06-08,17,22,0.0034666770323507,0.0,0.4020206226016765,val,3
S18380,249,5,2026-06-08,45,25,0.003163784782176,0.0,0.410438952149248,val,3
S20613,249,5,2026-06-08,59,20,0.0031714234320938,0.0,0.4476794882999965,val,3
S22592,249,5,2026-06-08,53,25,0.0033516283862442,0.0064543987636644,0.4514325736448812,val,3
S25483,249,5,2026-06-08,48,26,0.0032632966833189,0.0,0.4523786091101445,val,3
S26474,249,5,2026-06-08,45,24,0.0033118992650139,0.0,0.4269042705178784,val,3
S27306,249,5,2026-06-08,53,22,0.0033125783734945,0.0,0.4860521236458573,val,3
S28567,249,5,2026-06-08,21,25,0.0033884320605236,0.0,0.5254176720052709,val,3
S32582,249,5,2026-06-08,51,21,0.003163942982755,0.0,0.4523212088890586,val,3
S32838,249,5,2026-06-08,42,29,0.003129648622948,0.0,0.5030438625060979,val,3
S34733,249,5,2026-06-08,35,19,0.0034382385911945,0.0,0.4681517093785616,val,3
S35431,249,5,2026-06-08,54,25,0.0033377595450044,0.0280760433254245,0.4510524021416713,val,3
S35437,249,5,2026-06-08,22,26,0.0034677606697669,0.0374805318294342,0.4581402852496817,val,3
S36843,249,5,2026-06-08,36,15,0.0031331203804456,0.0,0.4524626102118084,val,3
S37953,249,5,2026-06-08,28,27,0.0034657950825265,0.0013537512802074,0.5003257384566774,val,3
S00887,249,5,2026-06-08,48,31,0.0031523089084508,0.0,0.411662090739539,val,4
S04884,249,5,2026-06-08,21,17,0.003524966013048,0.0,0.4793319886669904,val,4
S05223,249,5,2026-06-08,45,16,0.0031210210036647,0.0,0.5045544707335002,val,4
S12316,249,5,2026-06-08,56,29,0.0031356594793771,0.0,0.4758874119184819,val,4
S12892,249,5,2026-06-08,53,31,0.0031550914445582,0.0,0.4213100234251678,val,4
S13912,249,5,2026-06-08,21,23,0.0034988402854209,0.0,0.4890828751660763,val,4
S14149,249,5,2026-06-08,29,20,0.0034947631777536,0.0,0.5131718196639997,val,4
S14821,249,5,2026-06-08,27,24,0.0035059215501126,0.0,0.51051440282999,val,4
S14827,249,5,2026-06-08,14,22,0.0034101435222801,0.0,0.4020206226016765,val,4
S18380,249,5,2026-06-08,48,25,0.0032993163147572,0.0,0.410438952149248,val,4
S20613,249,5,2026-06-08,57,20,0.0032441245007532,0.0,0.4476794882999965,val,4
S22592,249,5,2026-06-08,55,25,0.0033005425748262,0.0064543987636644,0.4514325736448812,val,4
S25483,249,5,2026-06-08,46,26,0.0029713826481368,0.0,0.4523786091101445,val,4
S26474,249,5,2026-06-08,43,24,0.0033703296735271,0.0,0.4269042705178784,val,4
S27306,249,5,2026-06-08,51,22,0.002936779882509,0.0,0.4860521236458573,val,4
S28567,249,5,2026-06-08,23,25,0.0035150785555968,0.0,0.5254176720052709,val,4
S32582,249,5,2026-06-08,53,21,0.003360179540486,0.0,0.4523212088890586,val,4
S32838,249,5,2026-06-08,43,29,0.0032044379253839,0.0,0.5030438625060979,val,4
S34733,249,5,2026-06-08,44,19,0.0030865201858571,0.0,0.4681517093785616,val,4
S35431,249,5,2026-06-08,56,25,0.00311773953443,0.0280760433254245,0.4510524021416713,val,4
S35437,249,5,2026-06-08,20,26,0.0034076734831769,0.0374805318294342,0.4581402852496817,val,4
S36843,249,5,2026-06-08,38,15,0.0034624850344837,0.0,0.4524626102118084,val,4
S37953,249,5,2026-06-08,30,27,0.0034049383931649,0.0013537512802074,0.5003257384566774,val,4
S00528,249,6,2026-06-08,35,31,0.0028920756932347,0.0,0.3516419786547826,val,1
S01528,249,6,2026-06-08,54,17,0.0028934762614612,0.0029358166679957,0.4024961613009778,val,1
S02623,249,6,2026-06-08,58,25,0.002953539633538,0.0,0.3973051452489846,val,1
S04890,249,6,2026-06-08,51,22,0.0031056373636534,0.0,0.4375150094380428,val,1
S09526,249,6,2026-06-08,48,18,0.0026945530966557,0.0,0.3825045593626764,val,1
S09851,249,6,2026-06-08,44,15,0.0027000818332564,0.0039198365814608,0.4765378641960483,val,1
S12315,249,6,2026-06-08,58,18,0.0030989846615957,0.0,0.4030203894332834,val,1
S13600,249,6,2026-06-08,21,17,0.0027001555023663,0.0038575874942757,0.3480279033292583,val,1
S19810,249,6,2026-06-08,42,13,0.0026095325445527,0.0,0.3614568332482826,val,1
S20150,249,6,2026-06-08,28,18,0.0029171324854555,0.0,0.3778947806621464,val,1
S24040,249,6,2026-06-08,16,19,0.0030359072028009,0.0,0.3728235292660345,val,1
S24777,249,6,2026-06-08,41,13,0.0015185273967366,0.0,0.2681539857329613,val,1
S25485,249,6,2026-06-08,55,27,0.003022079598061,0.0,0.3515404181262256,val,1
S25750,249,6,2026-06-08,20,26,0.003128996979899,0.0,0.4188861093164132,val,1
S32843,249,6,2026-06-08,47,20,0.0031507885511707,0.0,0.4461511009976031,val,1
S34058,249,6,2026-06-08,27,22,0.0029759570706597,0.0173028231421698,0.4470064403396205,val,1
S34060,249,6,2026-06-08,46,29,0.0028691001368039,0.0192320094934667,0.3662814903752758,val,1
S35617,249,6,2026-06-08,60,26,0.0029774566000241,0.0,0.3951171863532502,val,1
S35622,249,6,2026-06-08,26,28,0.0030634174575965,0.0040033992645666,0.3894747009625734,val,1
S37958,249,6,2026-06-08,31,20,0.0031045810702492,0.006790396712191,0.3174853755178514,val,1
S37960,249,6,2026-06-08,27,21,0.0029085061341738,0.0042254718585274,0.3840832858117569,val,1
S39436,249,6,2026-06-08,44,24,0.0028621084735712,0.0,0.3590584580799345,val,1
S40046,249,6,2026-06-08,34,25,0.0028080836091701,0.0,0.348021088353009,val,1
S00528,249,6,2026-06-08,37,31,0.0030311369435937,0.0,0.3516419786547826,val,2
S01528,249,6,2026-06-08,56,17,0.002909503887278,0.0029358166679957,0.4024961613009778,val,2
S02623,249,6,2026-06-08,60,25,0.0031639679365634,0.0,0.3973051452489846,val,2
S04890,249,6,2026-06-08,49,22,0.0030948546027535,0.0,0.4375150094380428,val,2
S09526,249,6,2026-06-08,46,18,0.0029055458007237,0.0,0.3825045593626764,val,2
S09851,249,6,2026-06-08,46,15,0.0021826156507306,0.0039198365814608,0.4765378641960483,val,2
S12315,249,6,2026-06-08,55,18,0.0028581182917411,0.0,0.4030203894332834,val,2
S13600,249,6,2026-06-08,23,17,0.0021215387075412,0.0038575874942757,0.3480279033292583,val,2
S19810,249,6,2026-06-08,44,13,0.0019745483928164,0.0,0.3614568332482826,val,2
S20150,249,6,2026-06-08,26,18,0.0030995253006879,0.0,0.3778947806621464,val,2
S24040,249,6,2026-06-08,18,19,0.0030192752704831,0.0,0.3728235292660345,val,2
S24777,249,6,2026-06-08,43,13,0.001852089967349,0.0,0.2681539857329613,val,2
S25485,249,6,2026-06-08,58,27,0.0027466367994137,0.0,0.3515404181262256,val,2
S25750,249,6,2026-06-08,19,26,0.003096197478161,0.0,0.4188861093164132,val,2
S32843,249,6,2026-06-08,45,20,0.0024571778252376,0.0,0.4461511009976031,val,2
S34058,249,6,2026-06-08,25,22,0.0030961142924005,0.0173028231421698,0.4470064403396205,val,2
S34060,249,6,2026-06-08,48,29,0.0027602725460255,0.0192320094934667,0.3662814903752758,val,2
S35617,249,6,2026-06-08,57,26,0.0031002132773918,0.0,0.3951171863532502,val,2
S35622,249,6,2026-06-08,24,28,0.0030775143123822,0.0040033992645666,0.3894747009625734,val,2
S37958,249,6,2026-06-08,29,20,0.0030514744230945,0.006790396712191,0.3174853755178514,val,2
S37960,249,6,2026-06-08,29,21,0.0028990782262348,0.0042254718585274,0.3840832858117569,val,2
S39436,249,6,2026-06-08,41,24,0.0030169351050475,0.0,0.3590584580799345,val,2
S40046,249,6,2026-06-08,36,25,0.0030667589903913,0.0,0.348021088353009,val,2
S00528,249,6,2026-06-08,27,30,0.0030058949562551,0.0,0.3516419786547826,val,3
S01528,249,6,2026-06-08,49,17,0.0028557806326807,0.0029358166679957,0.4024961613009778,val,3
S02623,249,6,2026-06-08,54,25,0.0029934370352885,0.0,0.3973051452489846,val,3
S04890,249,6,2026-06-08,53,22,0.0031512534784424,0.0,0.4375150094380428,val,3
S09526,249,6,2026-06-08,52,18,0.002806276272399,0.0,0.3825045593626764,val,3
S09851,249,6,2026-06-08,40,15,0.0029430570941004,0.0039198365814608,0.4765378641960483,val,3
S12315,249,6,2026-06-08,64,18,0.0029912648044468,0.0,0.4030203894332834,val,3
S13600,249,6,2026-06-08,17,17,0.0019946753983367,0.0038575874942757,0.3480279033292583,val,3
S19810,249,6,2026-06-08,38,13,0.0018587322375244,0.0,0.3614568332482826,val,3
S20150,249,6,2026-06-08,32,18,0.0030066649023352,0.0,0.3778947806621464,val,3
S24040,249,6,2026-06-08,16,18,0.0029063296958883,0.0,0.3728235292660345,val,3
S24777,249,6,2026-06-08,37,13,0.0022215394459324,0.0,0.2681539857329613,val,3
S25485,249,6,2026-06-08,51,27,0.0029361767758113,0.0,0.3515404181262256,val,3
S25750,249,6,2026-06-08,22,26,0.0030546168570136,0.0,0.4188861093164132,val,3
S32843,249,6,2026-06-08,51,20,0.0032268170169637,0.0,0.4461511009976031,val,3
S34058,249,6,2026-06-08,31,22,0.0030902383040839,0.0173028231421698,0.4470064403396205,val,3
S34060,249,6,2026-06-08,44,29,0.0029323820263164,0.0192320094934667,0.3662814903752758,val,3
S35617,249,6,2026-06-08,63,25,0.0031433941848227,0.0,0.3951171863532502,val,3
S35622,249,6,2026-06-08,30,28,0.002962388636495,0.0040033992645666,0.3894747009625734,val,3
S37958,249,6,2026-06-08,35,20,0.0032194982839203,0.006790396712191,0.3174853755178514,val,3
S37960,249,6,2026-06-08,23,21,0.0029436064995643,0.0042254718585274,0.3840832858117569,val,3
S39436,249,6,2026-06-08,48,24,0.0030555487897106,0.0,0.3590584580799345,val,3
S40046,249,6,2026-06-08,30,25,0.0030503732654366,0.0,0.348021088353009,val,3
S00528,249,6,2026-06-08,33,31,0.0029889458917048,0.0,0.3516419786547826,val,4
S01528,249,6,2026-06-08,51,17,0.0029829466300792,0.0029358166679957,0.4024961613009778,val,4
S02623,249,6,2026-06-08,56,25,0.0031355327027502,0.0,0.3973051452489846,val,4
S04890,249,6,2026-06-08,52,22,0.0030277924000114,0.0,0.4375150094380428,val,4
S09526,249,6,2026-06-08,50,18,0.0030240249980683,0.0,0.3825045593626764,val,4
S09851,249,6,2026-06-08,42,15,0.0027066117216836,0.0039198365814608,0.4765378641960483,val,4
S12315,249,6,2026-06-08,60,18,0.0029407983781699,0.0,0.4030203894332834,val,4
S13600,249,6,2026-06-08,19,17,0.0027999127619034,0.0038575874942757,0.3480279033292583,val,4
S19810,249,6,2026-06-08,40,13,0.0014968803080776,0.0,0.3614568332482826,val,4
S20150,249,6,2026-06-08,30,18,0.0027223656770388,0.0,0.3778947806621464,val,4
S24040,249,6,2026-06-08,14,19,0.0025893955890477,0.0,0.3728235292660345,val,4
S24777,249,6,2026-06-08,39,13,0.0019090674999598,0.0,0.2681539857329613,val,4
S25485,249,6,2026-06-08,53,27,0.0030394313594752,0.0,0.3515404181262256,val,4
S25750,249,6,2026-06-08,21,26,0.0031066478879922,0.0,0.4188861093164132,val,4
S32843,249,6,2026-06-08,49,20,0.0030776688203355,0.0,0.4461511009976031,val,4
S34058,249,6,2026-06-08,29,22,0.0031411495443229,0.0173028231421698,0.4470064403396205,val,4
S34060,249,6,2026-06-08,45,29,0.0028526305444945,0.0192320094934667,0.3662814903752758,val,4
S35617,249,6,2026-06-08,62,26,0.0030529152119444,0.0,0.3951171863532502,val,4
S35622,249,6,2026-06-08,28,28,0.0029956441376072,0.0040033992645666,0.3894747009625734,val,4
S37958,249,6,2026-06-08,33,20,0.0030403516147515,0.006790396712191,0.3174853755178514,val,4
S37960,249,6,2026-06-08,25,21,0.0028205091550388,0.0042254718585274,0.3840832858117569,val,4
S39436,249,6,2026-06-08,46,24,0.0031265402849239,0.0,0.3590584580799345,val,4
S40046,249,6,2026-06-08,32,25,0.0031609633047444,0.0,0.348021088353009,val,4
S02248,249,7,2026-06-08,35,14,0.0023047909086344,0.0,0.3266734877998573,val,1
S04808,249,7,2026-06-08,28,30,0.0029406115892352,0.0,0.366039600270666,val,1
S06727,249,7,2026-06-08,19,16,0.0024539487278657,0.0,0.3539644840125639,val,1
S09346,249,7,2026-06-08,33,26,0.0029611081935292,0.0,0.4907611242436667,val,1
S10970,249,7,2026-06-08,53,16,0.002856585154078,0.0160836739382995,0.4212381576234045,val,1
S22071,249,7,2026-06-08,14,19,0.0028556404428341,0.0,0.3764857695756345,val,1
S23475,249,7,2026-06-08,54,27,0.0030570027465566,0.0,0.402896736045117,val,1
S34160,249,7,2026-06-08,51,30,0.0024303799096205,0.0,0.3651287717995093,val,1
S34939,249,7,2026-06-08,15,22,0.0024095029579876,0.0,0.3752964517956305,val,1
S38800,249,7,2026-06-08,49,19,0.0030486089364501,0.0,0.3333980789504329,val,1
S42124,249,7,2026-06-08,24,18,0.0027842494747207,0.0132024247833686,0.3563834142983359,val,1
S02248,249,7,2026-06-08,33,14,0.0022983355767652,0.0,0.3266734877998573,val,2
S04808,249,7,2026-06-08,32,31,0.0027308666341563,0.0,0.366039600270666,val,2
S06727,249,7,2026-06-08,17,17,0.0029342799710678,0.0,0.3539644840125639,val,2
S09346,249,7,2026-06-08,31,26,0.0031577275752524,0.0,0.4907611242436667,val,2
S10970,249,7,2026-06-08,45,16,0.0027727483923691,0.0160836739382995,0.4212381576234045,val,2
S22071,249,7,2026-06-08,16,19,0.0027230813699083,0.0,0.3764857695756345,val,2
S23475,249,7,2026-06-08,56,27,0.0029127483977677,0.0,0.402896736045117,val,2
S34160,249,7,2026-06-08,50,30,0.0029717138466395,0.0,0.3651287717995093,val,2
S34939,249,7,2026-06-08,13,22,0.0027253086874823,0.0,0.3752964517956305,val,2
S38800,249,7,2026-06-08,51,19,0.0028565361270506,0.0,0.3333980789504329,val,2
S42124,249,7,2026-06-08,22,18,0.0030030393578503,0.0132024247833686,0.3563834142983359,val,2
S02248,249,7,2026-06-08,49,14,0.0023523801503063,0.0,0.3266734877998573,val,3
S04808,249,7,2026-06-08,32,30,0.0029581044476999,0.0,0.366039600270666,val,3
S06727,249,7,2026-06-08,23,16,0.0023162530466029,0.0,0.3539644840125639,val,3
S09346,249,7,2026-06-08,37,26,0.0031600412138259,0.0,0.4907611242436667,val,3
S10970,249,7,2026-06-08,57,16,0.0025819895191884,0.0160836739382995,0.4212381576234045,val,3
S22071,249,7,2026-06-08,20,18,0.002885228022361,0.0,0.3764857695756345,val,3
S23475,249,7,2026-06-08,46,27,0.0031039152952917,0.0,0.402896736045117,val,3
S34160,249,7,2026-06-08,55,29,0.0028853265515796,0.0,0.3651287717995093,val,3
S34939,249,7,2026-06-08,19,22,0.0030266524306565,0.0,0.3752964517956305,val,3
S38800,249,7,2026-06-08,30,19,0.0028198122160637,0.0,0.3333980789504329,val,3
S42124,249,7,2026-06-08,30,18,0.0030761014179992,0.0132024247833686,0.3563834142983359,val,3
S02248,249,7,2026-06-08,44,14,0.0023628240143655,0.0,0.3266734877998573,val,4
S04808,249,7,2026-06-08,30,30,0.0030430702969818,0.0,0.366039600270666,val,4
S06727,249,7,2026-06-08,21,16,0.0022087618991318,0.0,0.3539644840125639,val,4
S09346,249,7,2026-06-08,35,26,0.0030582729528804,0.0,0.4907611242436667,val,4
S10970,249,7,2026-06-08,55,16,0.0028996964259653,0.0160836739382995,0.4212381576234045,val,4
S22071,249,7,2026-06-08,16,18,0.0022172653172157,0.0,0.3764857695756345,val,4
S23475,249,7,2026-06-08,51,27,0.0029915477420309,0.0,0.402896736045117,val,4
S34160,249,7,2026-06-08,52,30,0.002965236967266,0.0,0.3651287717995093,val,4
S34939,249,7,2026-06-08,17,22,0.002448849743404,0.0,0.3752964517956305,val,4
S38800,249,7,2026-06-08,47,19,0.0028841524654774,0.0,0.3333980789504329,val,4
S42124,249,7,2026-06-08,28,18,0.0029663527620577,0.0132024247833686,0.3563834142983359,val,4
S02248,249,8,2026-06-08,35,14,0.0023047909086344,0.0,0.3266734877998573,val,1
S04808,249,8,2026-06-08,28,30,0.0029406115892352,0.0,0.366039600270666,val,1
S06727,249,8,2026-06-08,19,16,0.0024539487278657,0.0,0.3539644840125639,val,1
S09346,249,8,2026-06-08,33,26,0.0029611081935292,0.0,0.4907611242436667,val,1
S10970,249,8,2026-06-08,53,16,0.002856585154078,0.0160836739382995,0.4212381576234045,val,1
S22071,249,8,2026-06-08,14,19,0.0028556404428341,0.0,0.3764857695756345,val,1
S23475,249,8,2026-06-08,54,27,0.0030570027465566,0.0,0.402896736045117,val,1
S34160,249,8,2026-06-08,51,30,0.0024303799096205,0.0,0.3651287717995093,val,1
S34939,249,8,2026-06-08,15,22,0.0024095029579876,0.0,0.3752964517956305,val,1
S38800,249,8,2026-06-08,49,19,0.0030486089364501,0.0,0.3333980789504329,val,1
S42124,249,8,2026-06-08,24,18,0.0027842494747207,0.0132024247833686,0.3563834142983359,val,1
S02248,249,8,2026-06-08,33,14,0.0022983355767652,0.0,0.3266734877998573,val,2
S04808,249,8,2026-06-08,32,31,0.0027308666341563,0.0,0.366039600270666,val,2
S06727,249,8,2026-06-08,17,17,0.0029342799710678,0.0,0.3539644840125639,val,2
S09346,249,8,2026-06-08,31,26,0.0031577275752524,0.0,0.4907611242436667,val,2
S10970,249,8,2026-06-08,45,16,0.0027727483923691,0.0160836739382995,0.4212381576234045,val,2
S22071,249,8,2026-06-08,16,19,0.0027230813699083,0.0,0.3764857695756345,val,2
S23475,249,8,2026-06-08,56,27,0.0029127483977677,0.0,0.402896736045117,val,2
S34160,249,8,2026-06-08,50,30,0.0029717138466395,0.0,0.3651287717995093,val,2
S34939,249,8,2026-06-08,13,22,0.0027253086874823,0.0,0.3752964517956305,val,2
S38800,249,8,2026-06-08,51,19,0.0028565361270506,0.0,0.3333980789504329,val,2
S42124,249,8,2026-06-08,22,18,0.0030030393578503,0.0132024247833686,0.3563834142983359,val,2
S02248,249,8,2026-06-08,49,14,0.0023523801503063,0.0,0.3266734877998573,val,3
S04808,249,8,2026-06-08,32,30,0.0029581044476999,0.0,0.366039600270666,val,3
S06727,249,8,2026-06-08,23,16,0.0023162530466029,0.0,0.3539644840125639,val,3
S09346,249,8,2026-06-08,37,26,0.0031600412138259,0.0,0.4907611242436667,val,3
S10970,249,8,2026-06-08,57,16,0.0025819895191884,0.0160836739382995,0.4212381576234045,val,3
S22071,249,8,2026-06-08,20,18,0.002885228022361,0.0,0.3764857695756345,val,3
S23475,249,8,2026-06-08,46,27,0.0031039152952917,0.0,0.402896736045117,val,3
S34160,249,8,2026-06-08,55,29,0.0028853265515796,0.0,0.3651287717995093,val,3
S34939,249,8,2026-06-08,19,22,0.0030266524306565,0.0,0.3752964517956305,val,3
S38800,249,8,2026-06-08,30,19,0.0028198122160637,0.0,0.3333980789504329,val,3
S42124,249,8,2026-06-08,30,18,0.0030761014179992,0.0132024247833686,0.3563834142983359,val,3
S02248,249,8,2026-06-08,44,14,0.0023628240143655,0.0,0.3266734877998573,val,4
S04808,249,8,2026-06-08,30,30,0.0030430702969818,0.0,0.366039600270666,val,4
S06727,249,8,2026-06-08,21,16,0.0022087618991318,0.0,0.3539644840125639,val,4
S09346,249,8,2026-06-08,35,26,0.0030582729528804,0.0,0.4907611242436667,val,4
S10970,249,8,2026-06-08,55,16,0.0028996964259653,0.0160836739382995,0.4212381576234045,val,4
S22071,249,8,2026-06-08,16,18,0.0022172653172157,0.0,0.3764857695756345,val,4
S23475,249,8,2026-06-08,51,27,0.0029915477420309,0.0,0.402896736045117,val,4
S34160,249,8,2026-06-08,52,30,0.002965236967266,0.0,0.3651287717995093,val,4
S34939,249,8,2026-06-08,17,22,0.002448849743404,0.0,0.3752964517956305,val,4
S38800,249,8,2026-06-08,47,19,0.0028841524654774,0.0,0.3333980789504329,val,4
S42124,249,8,2026-06-08,28,18,0.0029663527620577,0.0132024247833686,0.3563834142983359,val,4
S02010,249,9,2026-06-08,49,24,0.0030133293514726,0.0,0.4409355217643351,val,1
S02666,249,9,2026-06-08,47,29,0.0024903547593124,0.0028510621210295,0.3990607867364557,val,1
S04886,249,9,2026-06-08,27,13,0.0029707743073961,0.0,0.3842452024012507,val,1
S06316,249,9,2026-06-08,31,27,0.0030058123407021,0.003042043861743,0.4104549810824931,val,1
S07367,249,9,2026-06-08,42,17,0.0026952031650299,0.005960411832077,0.4303166028181417,val,1
S07453,249,9,2026-06-08,48,17,0.0025103474829127,0.0,0.3942097367446353,val,1
S07590,249,9,2026-06-08,52,22,0.0029562814044164,0.0021893308664816,0.4139024466494708,val,1
S08431,249,9,2026-06-08,20,16,0.0025019118024683,0.0,0.3803698890021498,val,1
S08935,249,9,2026-06-08,51,28,0.0026857067487477,0.0,0.3784500961756731,val,1
S09838,249,9,2026-06-08,31,22,0.0028878772823762,0.0026710521365729,0.4192996425719631,val,1
S09840,249,9,2026-06-08,33,19,0.0030656048679022,0.0077181103829549,0.4436745132483632,val,1
S09841,249,9,2026-06-08,38,25,0.0029265642855776,0.0169167124865813,0.4020897722026015,val,1
S14830,249,9,2026-06-08,40,31,0.0029056102740646,0.0020930457816915,0.3576119823031139,val,1
S17107,249,9,2026-06-08,28,16,0.0025762458379146,0.0,0.35329659136267,val,1
S18639,249,9,2026-06-08,58,25,0.0027335676876857,0.0,0.3889120159995704,val,1
S22586,249,9,2026-06-08,56,20,0.0029603027825799,0.0031746944276766,0.4609916318265948,val,1
S25439,249,9,2026-06-08,22,29,0.0032203171790979,0.0,0.4129895097262441,val,1
S25486,249,9,2026-06-08,16,23,0.0029298971622546,0.0,0.3735116221439476,val,1
S27185,249,9,2026-06-08,24,24,0.0028619806826379,0.0,0.3797964157794544,val,1
S27186,249,9,2026-06-08,37,16,0.0025616279374364,0.0074434068937629,0.3995463970101983,val,1
S28884,249,9,2026-06-08,35,30,0.0028309075284855,0.0,0.4032030320430692,val,1
S30773,249,9,2026-06-08,26,17,0.0027045570167793,0.0,0.3515103019318116,val,1
S34048,249,9,2026-06-08,45,21,0.003076920167809,0.0177368988815079,0.4164176902867156,val,1
S34754,249,9,2026-06-08,45,30,0.0026170177290238,0.0,0.3661130773226275,val,1
S34808,249,9,2026-06-08,16,17,0.0032535708870607,0.0,0.4264231202573201,val,1
S35427,249,9,2026-06-08,49,14,0.0027373366992186,0.0254714091963074,0.356370671646026,val,1
S35615,249,9,2026-06-08,34,13,0.0023587373488445,0.0,0.361731348033987,val,1
S35620,249,9,2026-06-08,59,16,0.0029408986469266,0.0059667447025631,0.4029778920546019,val,1
S36181,249,9,2026-06-08,52,18,0.0029696762784666,0.0,0.4152949392436941,val,1
S37427,249,9,2026-06-08,31,18,0.0027629105870821,0.0,0.4283202031564546,val,1
S38950,249,9,2026-06-08,23,14,0.0028058774176255,0.0,0.379604333215128,val,1
S40039,249,9,2026-06-08,19,17,0.0026953023766624,0.0016566666666666,0.3194904820032083,val,1
S02010,249,9,2026-06-08,47,24,0.0029621835040561,0.0,0.4409355217643351,val,2
S02666,249,9,2026-06-08,49,29,0.0029795931603569,0.0028510621210295,0.3990607867364557,val,2
S04886,249,9,2026-06-08,29,13,0.0028797288341286,0.0,0.3842452024012507,val,2
S06316,249,9,2026-06-08,33,27,0.0027329898033159,0.003042043861743,0.4104549810824931,val,2
S07367,249,9,2026-06-08,44,17,0.0028796391121931,0.005960411832077,0.4303166028181417,val,2
S07453,249,9,2026-06-08,49,17,0.0027981616526237,0.0,0.3942097367446353,val,2
S07590,249,9,2026-06-08,50,22,0.0028371362725595,0.0021893308664816,0.4139024466494708,val,2
S08431,249,9,2026-06-08,18,16,0.0028206382315049,0.0,0.3803698890021498,val,2
S08935,249,9,2026-06-08,49,28,0.0029418136671018,0.0,0.3784500961756731,val,2
S09838,249,9,2026-06-08,29,22,0.0030093779331778,0.0026710521365729,0.4192996425719631,val,2
S09840,249,9,2026-06-08,34,19,0.0028730688390889,0.0077181103829549,0.4436745132483632,val,2
S09841,249,9,2026-06-08,41,25,0.002800990801828,0.0169167124865813,0.4020897722026015,val,2
S14830,249,9,2026-06-08,42,31,0.0029288206045014,0.0020930457816915,0.3576119823031139,val,2
S17107,249,9,2026-06-08,26,16,0.0026247711566636,0.0,0.35329659136267,val,2
S18639,249,9,2026-06-08,60,25,0.0026542281124882,0.0,0.3889120159995704,val,2
S22586,249,9,2026-06-08,55,20,0.0025874443221076,0.0031746944276766,0.4609916318265948,val,2
S25439,249,9,2026-06-08,25,30,0.0030271759524817,0.0,0.4129895097262441,val,2
S25486,249,9,2026-06-08,18,23,0.0028808806846838,0.0,0.3735116221439476,val,2
S27185,249,9,2026-06-08,23,24,0.0029023985751788,0.0,0.3797964157794544,val,2
S27186,249,9,2026-06-08,35,16,0.0027038711099825,0.0074434068937629,0.3995463970101983,val,2
S28884,249,9,2026-06-08,33,30,0.0030074893114829,0.0,0.4032030320430692,val,2
S30773,249,9,2026-06-08,28,17,0.0028827978606348,0.0,0.3515103019318116,val,2
S34048,249,9,2026-06-08,47,21,0.0030683780145265,0.0177368988815079,0.4164176902867156,val,2
S34754,249,9,2026-06-08,42,30,0.0029998455406486,0.0,0.3661130773226275,val,2
S34808,249,9,2026-06-08,14,25,0.0032590814943823,0.0,0.4264231202573201,val,2
S35427,249,9,2026-06-08,47,14,0.0027911560890386,0.0254714091963074,0.356370671646026,val,2
S35615,249,9,2026-06-08,36,13,0.0025439138078925,0.0,0.361731348033987,val,2
S35620,249,9,2026-06-08,58,16,0.002545983509769,0.0059667447025631,0.4029778920546019,val,2
S36181,249,9,2026-06-08,50,18,0.0028362899624921,0.0,0.4152949392436941,val,2
S37427,249,9,2026-06-08,29,18,0.0029059837277448,0.0,0.4283202031564546,val,2
S38950,249,9,2026-06-08,21,15,0.0031896491631889,0.0,0.379604333215128,val,2
S40039,249,9,2026-06-08,20,17,0.0030082722925782,0.0016566666666666,0.3194904820032083,val,2
S02010,249,9,2026-06-08,58,24,0.0025788337253999,0.0,0.4409355217643351,val,3
S02666,249,9,2026-06-08,43,29,0.0028715477800641,0.0028510621210295,0.3990607867364557,val,3
S04886,249,9,2026-06-08,35,12,0.0028886607111219,0.0,0.3842452024012507,val,3
S06316,249,9,2026-06-08,27,27,0.002896871022398,0.003042043861743,0.4104549810824931,val,3
S07367,249,9,2026-06-08,38,17,0.0029958381381226,0.005960411832077,0.4303166028181417,val,3
S07453,249,9,2026-06-08,46,17,0.0030705031737228,0.0,0.3942097367446353,val,3
S07590,249,9,2026-06-08,57,22,0.0030759885102603,0.0021893308664816,0.4139024466494708,val,3
S08431,249,9,2026-06-08,24,16,0.0026862107055977,0.0,0.3803698890021498,val,3
S08935,249,9,2026-06-08,56,28,0.002717559091418,0.0,0.3784500961756731,val,3
S09838,249,9,2026-06-08,37,22,0.0029831609049751,0.0026710521365729,0.4192996425719631,val,3
S09840,249,9,2026-06-08,31,19,0.0029193422627278,0.0077181103829549,0.4436745132483632,val,3
S09841,249,9,2026-06-08,34,25,0.002792984588101,0.0169167124865813,0.4020897722026015,val,3
S14830,249,9,2026-06-08,36,31,0.002915251976188,0.0020930457816915,0.3576119823031139,val,3
S17107,249,9,2026-06-08,32,16,0.0027421761747422,0.0,0.35329659136267,val,3
S18639,249,9,2026-06-08,54,25,0.0029668099958371,0.0,0.3889120159995704,val,3
S22586,249,9,2026-06-08,59,20,0.0028837757417426,0.0031746944276766,0.4609916318265948,val,3
S25439,249,9,2026-06-08,16,26,0.0031918176089563,0.0,0.4129895097262441,val,3
S25486,249,9,2026-06-08,13,22,0.0032581413056951,0.0,0.3735116221439476,val,3
S27185,249,9,2026-06-08,26,24,0.0030015159858856,0.0,0.3797964157794544,val,3
S27186,249,9,2026-06-08,41,16,0.0029440300884168,0.0074434068937629,0.3995463970101983,val,3
S28884,249,9,2026-06-08,39,30,0.0026770399138833,0.0,0.4032030320430692,val,3
S30773,249,9,2026-06-08,22,17,0.0025578760090779,0.0,0.3515103019318116,val,3
S34048,249,9,2026-06-08,34,21,0.0030928631786329,0.0177368988815079,0.4164176902867156,val,3
S34754,249,9,2026-06-08,49,30,0.002757035252347,0.0,0.3661130773226275,val,3
S34808,249,9,2026-06-08,19,15,0.0032834576689872,0.0,0.4264231202573201,val,3
S35427,249,9,2026-06-08,54,14,0.0026842556980311,0.0254714091963074,0.356370671646026,val,3
S35615,249,9,2026-06-08,30,13,0.0027387740614508,0.0,0.361731348033987,val,3
S35620,249,9,2026-06-08,61,16,0.0031263228078988,0.0059667447025631,0.4029778920546019,val,3
S36181,249,9,2026-06-08,56,18,0.0027373779597774,0.0,0.4152949392436941,val,3
S37427,249,9,2026-06-08,36,18,0.0027950828402159,0.0,0.4283202031564546,val,3
S38950,249,9,2026-06-08,27,14,0.0024973428674159,0.0,0.379604333215128,val,3
S40039,249,9,2026-06-08,17,17,0.0029626263030074,0.0016566666666666,0.3194904820032083,val,3
S02010,249,9,2026-06-08,54,24,0.0025613737757171,0.0,0.4409355217643351,val,4
S02666,249,9,2026-06-08,45,29,0.0028459198587777,0.0028510621210295,0.3990607867364557,val,4
S04886,249,9,2026-06-08,33,12,0.003039214710432,0.0,0.3842452024012507,val,4
S06316,249,9,2026-06-08,29,27,0.0028864453938136,0.003042043861743,0.4104549810824931,val,4
S07367,249,9,2026-06-08,40,17,0.0030412054581376,0.005960411832077,0.4303166028181417,val,4
S07453,249,9,2026-06-08,47,17,0.0026103716289338,0.0,0.3942097367446353,val,4
S07590,249,9,2026-06-08,55,22,0.0027366867970294,0.0021893308664816,0.4139024466494708,val,4
S08431,249,9,2026-06-08,22,16,0.002739921816175,0.0,0.3803698890021498,val,4
S08935,249,9,2026-06-08,54,28,0.0030365017730613,0.0,0.3784500961756731,val,4
S09838,249,9,2026-06-08,34,22,0.0029830999768299,0.0026710521365729,0.4192996425719631,val,4
S09840,249,9,2026-06-08,32,19,0.0030305616848348,0.0077181103829549,0.4436745132483632,val,4
S09841,249,9,2026-06-08,36,25,0.0027503092793584,0.0169167124865813,0.4020897722026015,val,4
S14830,249,9,2026-06-08,38,31,0.0028791888364454,0.0020930457816915,0.3576119823031139,val,4
S17107,249,9,2026-06-08,30,16,0.0028487644786042,0.0,0.35329659136267,val,4
S18639,249,9,2026-06-08,56,25,0.0028840791271782,0.0,0.3889120159995704,val,4
S22586,249,9,2026-06-08,57,20,0.0028241922353872,0.0031746944276766,0.4609916318265948,val,4
S25439,249,9,2026-06-08,19,28,0.0031056837068705,0.0,0.4129895097262441,val,4
S25486,249,9,2026-06-08,14,23,0.0032194469193539,0.0,0.3735116221439476,val,4
S27185,249,9,2026-06-08,25,24,0.0030255485886216,0.0,0.3797964157794544,val,4
S27186,249,9,2026-06-08,39,16,0.0030736648833169,0.0074434068937629,0.3995463970101983,val,4
S28884,249,9,2026-06-08,37,30,0.0026058701430369,0.0,0.4032030320430692,val,4
S30773,249,9,2026-06-08,24,17,0.0025664921213446,0.0,0.3515103019318116,val,4
S34048,249,9,2026-06-08,38,21,0.0026314044705043,0.0177368988815079,0.4164176902867156,val,4
S34754,249,9,2026-06-08,47,30,0.0029094842329893,0.0,0.3661130773226275,val,4
S34808,249,9,2026-06-08,17,16,0.0032884015422515,0.0,0.4264231202573201,val,4
S35427,249,9,2026-06-08,51,14,0.0026882639837771,0.0254714091963074,0.356370671646026,val,4
S35615,249,9,2026-06-08,32,13,0.0026547344342824,0.0,0.361731348033987,val,4
S35620,249,9,2026-06-08,60,16,0.0029134428610235,0.0059667447025631,0.4029778920546019,val,4
S36181,249,9,2026-06-08,54,18,0.0025060700258522,0.0,0.4152949392436941,val,4
S37427,249,9,2026-06-08,34,18,0.0030240794668546,0.0,0.4283202031564546,val,4
S38950,249,9,2026-06-08,25,14,0.002630647680023,0.0,0.379604333215128,val,4
S40039,249,9,2026-06-08,18,17,0.002718258319792,0.0016566666666666,0.3194904820032083,val,4
S01433,249,10,2026-06-08,34,17,0.0017645677258209,0.0014520190953658,0.2910259574378844,val,1
S02251,249,10,2026-06-08,33,18,0.0018299137915382,0.0,0.3558859380118089,val,1
S07340,249,10,2026-06-08,38,30,0.0023047147995865,0.0,0.3210057894487777,val,1
S07341,249,10,2026-06-08,24,18,0.0014313511765607,0.0,0.2564755653016918,val,1
S08749,249,10,2026-06-08,47,24,0.0018704479333557,0.0,0.3403614315966052,val,1
S15674,249,10,2026-06-08,21,19,0.0014309994404121,0.0033666270393665,0.3095743214849252,val,1
S17090,249,10,2026-06-08,30,25,0.0019810888375754,0.0,0.3034568938063348,val,1
S18084,249,10,2026-06-08,32,27,0.0018759079342082,0.0,0.3465118867744497,val,1
S22551,249,10,2026-06-08,48,16,0.0019538062198938,0.0031658974873475,0.3377048094421315,val,1
S24585,249,10,2026-06-08,35,14,0.0016524666493536,0.0,0.2541715408182762,val,1
S26462,249,10,2026-06-08,38,12,0.0015862393196906,0.0,0.2422481579022583,val,1
S26465,249,10,2026-06-08,59,17,0.0024442119294927,0.0,0.3233292848420876,val,1
S32487,249,10,2026-06-08,46,30,0.0023274198032564,0.0,0.3419680691289229,val,1
S34340,249,10,2026-06-08,37,12,0.0015021273680543,0.0,0.2576459512602582,val,1
S35580,249,10,2026-06-08,54,15,0.0022146368527215,0.0,0.3262433571542367,val,1
S35589,249,10,2026-06-08,46,22,0.0016431424108985,0.0,0.3215589662449995,val,1
S41279,249,10,2026-06-08,45,22,0.0016510267795163,0.0,0.3628265408040249,val,1
S01433,249,10,2026-06-08,35,17,0.0019327619090317,0.0014520190953658,0.2910259574378844,val,2
S02251,249,10,2026-06-08,31,18,0.0018260247649655,0.0,0.3558859380118089,val,2
S07340,249,10,2026-06-08,36,30,0.0023895059959713,0.0,0.3210057894487777,val,2
S07341,249,10,2026-06-08,22,18,0.001530023018333,0.0,0.2564755653016918,val,2
S08749,249,10,2026-06-08,33,24,0.0017223870348179,0.0,0.3403614315966052,val,2
S15674,249,10,2026-06-08,23,19,0.0016784995502747,0.0033666270393665,0.3095743214849252,val,2
S17090,249,10,2026-06-08,32,25,0.0021380322764549,0.0,0.3034568938063348,val,2
S18084,249,10,2026-06-08,34,27,0.0015026571602223,0.0,0.3465118867744497,val,2
S22551,249,10,2026-06-08,46,16,0.0016833795322191,0.0031658974873475,0.3377048094421315,val,2
S24585,249,10,2026-06-08,33,14,0.001645415974423,0.0,0.2541715408182762,val,2
S26462,249,10,2026-06-08,36,12,0.0015403806766474,0.0,0.2422481579022583,val,2
S26465,249,10,2026-06-08,61,17,0.0023767767959026,0.0,0.3233292848420876,val,2
S32487,249,10,2026-06-08,44,30,0.002374415996191,0.0,0.3419680691289229,val,2
S34340,249,10,2026-06-08,35,12,0.0016575922861552,0.0,0.2576459512602582,val,2
S35580,249,10,2026-06-08,56,15,0.0021888110188186,0.0,0.3262433571542367,val,2
S35589,249,10,2026-06-08,44,22,0.0019399333701893,0.0,0.3215589662449995,val,2
S41279,249,10,2026-06-08,43,22,0.0016764374563447,0.0,0.3628265408040249,val,2
S01433,249,10,2026-06-08,29,17,0.001892246296012,0.0014520190953658,0.2910259574378844,val,3
S02251,249,10,2026-06-08,37,18,0.0015589569243145,0.0,0.3558859380118089,val,3
S07340,249,10,2026-06-08,42,30,0.0022740614239298,0.0,0.3210057894487777,val,3
S07341,249,10,2026-06-08,29,18,0.0015529189081477,0.0,0.2564755653016918,val,3
S08749,249,10,2026-06-08,51,24,0.0018012111007758,0.0,0.3403614315966052,val,3
S15674,249,10,2026-06-08,17,19,0.0015974497674074,0.0033666270393665,0.3095743214849252,val,3
S17090,249,10,2026-06-08,25,25,0.0017015875413106,0.0,0.3034568938063348,val,3
S18084,249,10,2026-06-08,27,27,0.0019164092954626,0.0,0.3465118867744497,val,3
S22551,249,10,2026-06-08,52,16,0.0018883145911755,0.0031658974873475,0.3377048094421315,val,3
S24585,249,10,2026-06-08,39,14,0.0016264711650692,0.0,0.2541715408182762,val,3
S26462,249,10,2026-06-08,46,12,0.0014868187597295,0.0,0.2422481579022583,val,3
S26465,249,10,2026-06-08,55,17,0.0020074426822498,0.0,0.3233292848420876,val,3
S32487,249,10,2026-06-08,51,30,0.0024355454436929,0.0,0.3419680691289229,val,3
S34340,249,10,2026-06-08,43,12,0.0014068732232553,0.0,0.2576459512602582,val,3
S35580,249,10,2026-06-08,48,15,0.0019934034095368,0.0,0.3262433571542367,val,3
S35589,249,10,2026-06-08,52,22,0.00154179985103,0.0,0.3215589662449995,val,3
S41279,249,10,2026-06-08,51,22,0.0015041275232766,0.0,0.3628265408040249,val,3
S01433,249,10,2026-06-08,31,17,0.001542672665935,0.0014520190953658,0.2910259574378844,val,4
S02251,249,10,2026-06-08,35,18,0.0015821295452334,0.0,0.3558859380118089,val,4
S07340,249,10,2026-06-08,40,30,0.0022454216153987,0.0,0.3210057894487777,val,4
S07341,249,10,2026-06-08,26,18,0.0014694322502828,0.0,0.2564755653016918,val,4
S08749,249,10,2026-06-08,49,24,0.0017957606515065,0.0,0.3403614315966052,val,4
S15674,249,10,2026-06-08,19,19,0.0016248676503749,0.0033666270393665,0.3095743214849252,val,4
S17090,249,10,2026-06-08,28,25,0.0015070523876596,0.0,0.3034568938063348,val,4
S18084,249,10,2026-06-08,30,27,0.0018389677333512,0.0,0.3465118867744497,val,4
S22551,249,10,2026-06-08,50,16,0.0018774894834992,0.0031658974873475,0.3377048094421315,val,4
S24585,249,10,2026-06-08,37,14,0.001790108081309,0.0,0.2541715408182762,val,4
S26462,249,10,2026-06-08,42,12,0.0015355201610455,0.0,0.2422481579022583,val,4
S26465,249,10,2026-06-08,57,17,0.0022920554067129,0.0,0.3233292848420876,val,4
S32487,249,10,2026-06-08,49,30,0.002515221699777,0.0,0.3419680691289229,val,4
S34340,249,10,2026-06-08,41,12,0.0015258677785308,0.0,0.2576459512602582,val,4
S35580,249,10,2026-06-08,51,15,0.0021749041097325,0.0,0.3262433571542367,val,4
S35589,249,10,2026-06-08,50,22,0.0018966959868639,0.0,0.3215589662449995,val,4
S41279,249,10,2026-06-08,49,22,0.0018291584954284,0.0,0.3628265408040249,val,4
S01433,249,11,2026-06-08,34,17,0.0017645677258209,0.0014520190953658,0.2910259574378844,val,1
S02251,249,11,2026-06-08,33,18,0.0018299137915382,0.0,0.3558859380118089,val,1
S07340,249,11,2026-06-08,38,30,0.0023047147995865,0.0,0.3210057894487777,val,1
S07341,249,11,2026-06-08,24,18,0.0014313511765607,0.0,0.2564755653016918,val,1
S08749,249,11,2026-06-08,47,24,0.0018704479333557,0.0,0.3403614315966052,val,1
S15674,249,11,2026-06-08,21,19,0.0014309994404121,0.0033666270393665,0.3095743214849252,val,1
S17090,249,11,2026-06-08,30,25,0.0019810888375754,0.0,0.3034568938063348,val,1
S18084,249,11,2026-06-08,32,27,0.0018759079342082,0.0,0.3465118867744497,val,1
S22551,249,11,2026-06-08,48,16,0.0019538062198938,0.0031658974873475,0.3377048094421315,val,1
S24585,249,11,2026-06-08,35,14,0.0016524666493536,0.0,0.2541715408182762,val,1
S26462,249,11,2026-06-08,38,12,0.0015862393196906,0.0,0.2422481579022583,val,1
S26465,249,11,2026-06-08,59,17,0.0024442119294927,0.0,0.3233292848420876,val,1
S32487,249,11,2026-06-08,46,30,0.0023274198032564,0.0,0.3419680691289229,val,1
S34340,249,11,2026-06-08,37,12,0.0015021273680543,0.0,0.2576459512602582,val,1
S35580,249,11,2026-06-08,54,15,0.0022146368527215,0.0,0.3262433571542367,val,1
S35589,249,11,2026-06-08,46,22,0.0016431424108985,0.0,0.3215589662449995,val,1
S41279,249,11,2026-06-08,45,22,0.0016510267795163,0.0,0.3628265408040249,val,1
S01433,249,11,2026-06-08,35,17,0.0019327619090317,0.0014520190953658,0.2910259574378844,val,2
S02251,249,11,2026-06-08,31,18,0.0018260247649655,0.0,0.3558859380118089,val,2
S07340,249,11,2026-06-08,36,30,0.0023895059959713,0.0,0.3210057894487777,val,2
S07341,249,11,2026-06-08,22,18,0.001530023018333,0.0,0.2564755653016918,val,2
S08749,249,11,2026-06-08,33,24,0.0017223870348179,0.0,0.3403614315966052,val,2
S15674,249,11,2026-06-08,23,19,0.0016784995502747,0.0033666270393665,0.3095743214849252,val,2
S17090,249,11,2026-06-08,32,25,0.0021380322764549,0.0,0.3034568938063348,val,2
S18084,249,11,2026-06-08,34,27,0.0015026571602223,0.0,0.3465118867744497,val,2
S22551,249,11,2026-06-08,46,16,0.0016833795322191,0.0031658974873475,0.3377048094421315,val,2
S24585,249,11,2026-06-08,33,14,0.001645415974423,0.0,0.2541715408182762,val,2
S26462,249,11,2026-06-08,36,12,0.0015403806766474,0.0,0.2422481579022583,val,2
S26465,249,11,2026-06-08,61,17,0.0023767767959026,0.0,0.3233292848420876,val,2
S32487,249,11,2026-06-08,44,30,0.002374415996191,0.0,0.3419680691289229,val,2
S34340,249,11,2026-06-08,35,12,0.0016575922861552,0.0,0.2576459512602582,val,2
S35580,249,11,2026-06-08,56,15,0.0021888110188186,0.0,0.3262433571542367,val,2
S35589,249,11,2026-06-08,44,22,0.0019399333701893,0.0,0.3215589662449995,val,2
S41279,249,11,2026-06-08,43,22,0.0016764374563447,0.0,0.3628265408040249,val,2
S01433,249,11,2026-06-08,29,17,0.001892246296012,0.0014520190953658,0.2910259574378844,val,3
S02251,249,11,2026-06-08,37,18,0.0015589569243145,0.0,0.3558859380118089,val,3
S07340,249,11,2026-06-08,42,30,0.0022740614239298,0.0,0.3210057894487777,val,3
S07341,249,11,2026-06-08,29,18,0.0015529189081477,0.0,0.2564755653016918,val,3
S08749,249,11,2026-06-08,51,24,0.0018012111007758,0.0,0.3403614315966052,val,3
S15674,249,11,2026-06-08,17,19,0.0015974497674074,0.0033666270393665,0.3095743214849252,val,3
S17090,249,11,2026-06-08,25,25,0.0017015875413106,0.0,0.3034568938063348,val,3
S18084,249,11,2026-06-08,27,27,0.0019164092954626,0.0,0.3465118867744497,val,3
S22551,249,11,2026-06-08,52,16,0.0018883145911755,0.0031658974873475,0.3377048094421315,val,3
S24585,249,11,2026-06-08,39,14,0.0016264711650692,0.0,0.2541715408182762,val,3
S26462,249,11,2026-06-08,46,12,0.0014868187597295,0.0,0.2422481579022583,val,3
S26465,249,11,2026-06-08,55,17,0.0020074426822498,0.0,0.3233292848420876,val,3
S32487,249,11,2026-06-08,51,30,0.0024355454436929,0.0,0.3419680691289229,val,3
S34340,249,11,2026-06-08,43,12,0.0014068732232553,0.0,0.2576459512602582,val,3
S35580,249,11,2026-06-08,48,15,0.0019934034095368,0.0,0.3262433571542367,val,3
S35589,249,11,2026-06-08,52,22,0.00154179985103,0.0,0.3215589662449995,val,3
S41279,249,11,2026-06-08,51,22,0.0015041275232766,0.0,0.3628265408040249,val,3
S01433,249,11,2026-06-08,31,17,0.001542672665935,0.0014520190953658,0.2910259574378844,val,4
S02251,249,11,2026-06-08,35,18,0.0015821295452334,0.0,0.3558859380118089,val,4
S07340,249,11,2026-06-08,40,30,0.0022454216153987,0.0,0.3210057894487777,val,4
S07341,249,11,2026-06-08,26,18,0.0014694322502828,0.0,0.2564755653016918,val,4
S08749,249,11,2026-06-08,49,24,0.0017957606515065,0.0,0.3403614315966052,val,4
S15674,249,11,2026-06-08,19,19,0.0016248676503749,0.0033666270393665,0.3095743214849252,val,4
S17090,249,11,2026-06-08,28,25,0.0015070523876596,0.0,0.3034568938063348,val,4
S18084,249,11,2026-06-08,30,27,0.0018389677333512,0.0,0.3465118867744497,val,4
S22551,249,11,2026-06-08,50,16,0.0018774894834992,0.0031658974873475,0.3377048094421315,val,4
S24585,249,11,2026-06-08,37,14,0.001790108081309,0.0,0.2541715408182762,val,4
S26462,249,11,2026-06-08,42,12,0.0015355201610455,0.0,0.2422481579022583,val,4
S26465,249,11,2026-06-08,57,17,0.0022920554067129,0.0,0.3233292848420876,val,4
S32487,249,11,2026-06-08,49,30,0.002515221699777,0.0,0.3419680691289229,val,4
S34340,249,11,2026-06-08,41,12,0.0015258677785308,0.0,0.2576459512602582,val,4
S35580,249,11,2026-06-08,51,15,0.0021749041097325,0.0,0.3262433571542367,val,4
S35589,249,11,2026-06-08,50,22,0.0018966959868639,0.0,0.3215589662449995,val,4
S41279,249,11,2026-06-08,49,22,0.0018291584954284,0.0,0.3628265408040249,val,4
S01430,249,12,2026-06-08,29,19,0.0025167333048982,0.0,0.3587356213653441,val,1
S01968,249,12,2026-06-08,50,18,0.0021126850391539,0.0,0.3500458501609558,val,1
S03356,249,12,2026-06-08,44,30,0.0023828048585663,0.0,0.3962957194172946,val,1
S06812,249,12,2026-06-08,24,29,0.0023893343810243,0.0,0.3251252258176816,val,1
S07343,249,12,2026-06-08,20,26,0.0014105698175296,0.0,0.3517336869469239,val,1
S08276,249,12,2026-06-08,55,23,0.002288817081104,0.009174714155504,0.3823650908322271,val,1
S13361,249,12,2026-06-08,62,16,0.0026068720650526,0.0,0.4291098292809002,val,1
S20965,249,12,2026-06-08,39,16,0.0019288535435743,0.0,0.3240954615860431,val,1
S22549,249,12,2026-06-08,46,13,0.0012933152213175,0.0031709573483905,0.2820360374662968,val,1
S22554,249,12,2026-06-08,43,19,0.0027722659112504,0.0,0.3544152651823259,val,1
S26135,249,12,2026-06-08,50,17,0.0018626609555749,0.0,0.3480422546969087,val,1
S32745,249,12,2026-06-08,20,14,0.0027714052467698,0.0,0.3647013830086648,val,1
S35101,249,12,2026-06-08,29,23,0.0023303414186524,0.0240127613090155,0.3500717362908611,val,1
S35583,249,12,2026-06-08,31,27,0.0023560301559575,0.0,0.3743010959736169,val,1
S36133,249,12,2026-06-08,34,12,0.0020658342108789,0.0,0.3137461291166504,val,1
S36519,249,12,2026-06-08,34,18,0.0023998930504849,0.0,0.3483238914191569,val,1
S41563,249,12,2026-06-08,34,13,0.001591659005947,0.0,0.3289284544654583,val,1
S01430,249,12,2026-06-08,31,19,0.002906235839809,0.0,0.3587356213653441,val,2
S01968,249,12,2026-06-08,47,18,0.0014846183684515,0.0,0.3500458501609558,val,2
S03356,249,12,2026-06-08,42,30,0.002355995330399,0.0,0.3962957194172946,val,2
S06812,249,12,2026-06-08,26,29,0.0020446975140578,0.0,0.3251252258176816,val,2
S07343,249,12,2026-06-08,18,26,0.0014214353039497,0.0,0.3517336869469239,val,2
S08276,249,12,2026-06-08,57,23,0.0026519312131928,0.009174714155504,0.3823650908322271,val,2
S13361,249,12,2026-06-08,63,17,0.0027008608947313,0.0,0.4291098292809002,val,2
S20965,249,12,2026-06-08,37,16,0.0019650444672646,0.0,0.3240954615860431,val,2
S22549,249,12,2026-06-08,47,13,0.0016511409300013,0.0031709573483905,0.2820360374662968,val,2
S22554,249,12,2026-06-08,46,19,0.0009772161236139,0.0,0.3544152651823259,val,2
S26135,249,12,2026-06-08,54,17,0.0023208839739734,0.0,0.3480422546969087,val,2
S32745,249,12,2026-06-08,19,15,0.0026692416095683,0.0,0.3647013830086648,val,2
S35101,249,12,2026-06-08,31,23,0.0024567674783104,0.0240127613090155,0.3500717362908611,val,2
S35583,249,12,2026-06-08,34,27,0.0027379929253328,0.0,0.3743010959736169,val,2
S36133,249,12,2026-06-08,33,12,0.0017970252346955,0.0,0.3137461291166504,val,2
S36519,249,12,2026-06-08,30,18,0.0020543910260439,0.0,0.3483238914191569,val,2
S41563,249,12,2026-06-08,36,13,0.0019023814272669,0.0,0.3289284544654583,val,2
S01430,249,12,2026-06-08,25,19,0.0015368470548161,0.0,0.3587356213653441,val,3
S01968,249,12,2026-06-08,54,18,0.0022639022914165,0.0,0.3500458501609558,val,3
S03356,249,12,2026-06-08,47,30,0.0023374513220651,0.0,0.3962957194172946,val,3
S06812,249,12,2026-06-08,22,28,0.0019602707773547,0.0,0.3251252258176816,val,3
S07343,249,12,2026-06-08,24,26,0.0020986969062543,0.0,0.3517336869469239,val,3
S08276,249,12,2026-06-08,51,23,0.0021180886240473,0.009174714155504,0.3823650908322271,val,3
S13361,249,12,2026-06-08,59,15,0.0025809722285218,0.0,0.4291098292809002,val,3
S20965,249,12,2026-06-08,45,16,0.0021161157369371,0.0,0.3240954615860431,val,3
S22549,249,12,2026-06-08,43,13,0.0016545910565494,0.0031709573483905,0.2820360374662968,val,3
S22554,249,12,2026-06-08,35,19,0.0025053242795502,0.0,0.3544152651823259,val,3
S26135,249,12,2026-06-08,46,17,0.0019076272483022,0.0,0.3480422546969087,val,3
S32745,249,12,2026-06-08,24,13,0.0026565338745784,0.0,0.3647013830086648,val,3
S35101,249,12,2026-06-08,24,23,0.0014511299209936,0.0240127613090155,0.3500717362908611,val,3
S35583,249,12,2026-06-08,27,27,0.0023105803258256,0.0,0.3743010959736169,val,3
S36133,249,12,2026-06-08,36,12,0.0015987268296798,0.0,0.3137461291166504,val,3
S36519,249,12,2026-06-08,41,18,0.0020334186965642,0.0,0.3483238914191569,val,3
S41563,249,12,2026-06-08,30,13,0.0015982992745014,0.0,0.3289284544654583,val,3
S01430,249,12,2026-06-08,27,19,0.0021757698898845,0.0,0.3587356213653441,val,4
S01968,249,12,2026-06-08,52,18,0.0018091800205684,0.0,0.3500458501609558,val,4
S03356,249,12,2026-06-08,46,30,0.002445522844729,0.0,0.3962957194172946,val,4
S06812,249,12,2026-06-08,20,28,0.0024332630378203,0.0,0.3251252258176816,val,4
S07343,249,12,2026-06-08,22,26,0.0017632891707781,0.0,0.3517336869469239,val,4
S08276,249,12,2026-06-08,53,23,0.0025579580945009,0.009174714155504,0.3823650908322271,val,4
S13361,249,12,2026-06-08,60,15,0.0029432886737928,0.0,0.4291098292809002,val,4
S20965,249,12,2026-06-08,42,16,0.001884107077162,0.0,0.3240954615860431,val,4
S22549,249,12,2026-06-08,45,13,0.0020519115120078,0.0031709573483905,0.2820360374662968,val,4
S22554,249,12,2026-06-08,37,19,0.0019032192853237,0.0,0.3544152651823259,val,4
S26135,249,12,2026-06-08,48,17,0.0021698568035937,0.0,0.3480422546969087,val,4
S32745,249,12,2026-06-08,21,14,0.0026646107676237,0.0,0.3647013830086648,val,4
S35101,249,12,2026-06-08,26,23,0.0024418424902338,0.0240127613090155,0.3500717362908611,val,4
S35583,249,12,2026-06-08,29,27,0.0021928700964473,0.0,0.3743010959736169,val,4
S36133,249,12,2026-06-08,35,12,0.0016124289717118,0.0,0.3137461291166504,val,4
S36519,249,12,2026-06-08,36,18,0.0018664579155024,0.0,0.3483238914191569,val,4
S41563,249,12,2026-06-08,32,13,0.0013833882441282,0.0,0.3289284544654583,val,4
S01430,249,13,2026-06-08,29,19,0.0025167333048982,0.0,0.3587356213653441,val,1
S01968,249,13,2026-06-08,50,18,0.0021126850391539,0.0,0.3500458501609558,val,1
S03356,249,13,2026-06-08,44,30,0.0023828048585663,0.0,0.3962957194172946,val,1
S06812,249,13,2026-06-08,24,29,0.0023893343810243,0.0,0.3251252258176816,val,1
S07343,249,13,2026-06-08,20,26,0.0014105698175296,0.0,0.3517336869469239,val,1
S08276,249,13,2026-06-08,55,23,0.002288817081104,0.009174714155504,0.3823650908322271,val,1
S13361,249,13,2026-06-08,62,16,0.0026068720650526,0.0,0.4291098292809002,val,1
S20965,249,13,2026-06-08,39,16,0.0019288535435743,0.0,0.3240954615860431,val,1
S22549,249,13,2026-06-08,46,13,0.0012933152213175,0.0031709573483905,0.2820360374662968,val,1
S22554,249,13,2026-06-08,43,19,0.0027722659112504,0.0,0.3544152651823259,val,1
S26135,249,13,2026-06-08,50,17,0.0018626609555749,0.0,0.3480422546969087,val,1
S32745,249,13,2026-06-08,20,14,0.0027714052467698,0.0,0.3647013830086648,val,1
S35101,249,13,2026-06-08,29,23,0.0023303414186524,0.0240127613090155,0.3500717362908611,val,1
S35583,249,13,2026-06-08,31,27,0.0023560301559575,0.0,0.3743010959736169,val,1
S36133,249,13,2026-06-08,34,12,0.0020658342108789,0.0,0.3137461291166504,val,1
S36519,249,13,2026-06-08,34,18,0.0023998930504849,0.0,0.3483238914191569,val,1
S41563,249,13,2026-06-08,34,13,0.001591659005947,0.0,0.3289284544654583,val,1
S01430,249,13,2026-06-08,31,19,0.002906235839809,0.0,0.3587356213653441,val,2
S01968,249,13,2026-06-08,47,18,0.0014846183684515,0.0,0.3500458501609558,val,2
S03356,249,13,2026-06-08,42,30,0.002355995330399,0.0,0.3962957194172946,val,2
S06812,249,13,2026-06-08,26,29,0.0020446975140578,0.0,0.3251252258176816,val,2
S07343,249,13,2026-06-08,18,26,0.0014214353039497,0.0,0.3517336869469239,val,2
S08276,249,13,2026-06-08,57,23,0.0026519312131928,0.009174714155504,0.3823650908322271,val,2
S13361,249,13,2026-06-08,63,17,0.0027008608947313,0.0,0.4291098292809002,val,2
S20965,249,13,2026-06-08,37,16,0.0019650444672646,0.0,0.3240954615860431,val,2
S22549,249,13,2026-06-08,47,13,0.0016511409300013,0.0031709573483905,0.2820360374662968,val,2
S22554,249,13,2026-06-08,46,19,0.0009772161236139,0.0,0.3544152651823259,val,2
S26135,249,13,2026-06-08,54,17,0.0023208839739734,0.0,0.3480422546969087,val,2
S32745,249,13,2026-06-08,19,15,0.0026692416095683,0.0,0.3647013830086648,val,2
S35101,249,13,2026-06-08,31,23,0.0024567674783104,0.0240127613090155,0.3500717362908611,val,2
S35583,249,13,2026-06-08,34,27,0.0027379929253328,0.0,0.3743010959736169,val,2
S36133,249,13,2026-06-08,33,12,0.0017970252346955,0.0,0.3137461291166504,val,2
S36519,249,13,2026-06-08,30,18,0.0020543910260439,0.0,0.3483238914191569,val,2
S41563,249,13,2026-06-08,36,13,0.0019023814272669,0.0,0.3289284544654583,val,2
S01430,249,13,2026-06-08,25,19,0.0015368470548161,0.0,0.3587356213653441,val,3
S01968,249,13,2026-06-08,54,18,0.0022639022914165,0.0,0.3500458501609558,val,3
S03356,249,13,2026-06-08,47,30,0.0023374513220651,0.0,0.3962957194172946,val,3
S06812,249,13,2026-06-08,22,28,0.0019602707773547,0.0,0.3251252258176816,val,3
S07343,249,13,2026-06-08,24,26,0.0020986969062543,0.0,0.3517336869469239,val,3
S08276,249,13,2026-06-08,51,23,0.0021180886240473,0.009174714155504,0.3823650908322271,val,3
S13361,249,13,2026-06-08,59,15,0.0025809722285218,0.0,0.4291098292809002,val,3
S20965,249,13,2026-06-08,45,16,0.0021161157369371,0.0,0.3240954615860431,val,3
S22549,249,13,2026-06-08,43,13,0.0016545910565494,0.0031709573483905,0.2820360374662968,val,3
S22554,249,13,2026-06-08,35,19,0.0025053242795502,0.0,0.3544152651823259,val,3
S26135,249,13,2026-06-08,46,17,0.0019076272483022,0.0,0.3480422546969087,val,3
S32745,249,13,2026-06-08,24,13,0.0026565338745784,0.0,0.3647013830086648,val,3
S35101,249,13,2026-06-08,24,23,0.0014511299209936,0.0240127613090155,0.3500717362908611,val,3
S35583,249,13,2026-06-08,27,27,0.0023105803258256,0.0,0.3743010959736169,val,3
S36133,249,13,2026-06-08,36,12,0.0015987268296798,0.0,0.3137461291166504,val,3
S36519,249,13,2026-06-08,41,18,0.0020334186965642,0.0,0.3483238914191569,val,3
S41563,249,13,2026-06-08,30,13,0.0015982992745014,0.0,0.3289284544654583,val,3
S01430,249,13,2026-06-08,27,19,0.0021757698898845,0.0,0.3587356213653441,val,4
S01968,249,13,2026-06-08,52,18,0.0018091800205684,0.0,0.3500458501609558,val,4
S03356,249,13,2026-06-08,46,30,0.002445522844729,0.0,0.3962957194172946,val,4
S06812,249,13,2026-06-08,20,28,0.0024332630378203,0.0,0.3251252258176816,val,4
S07343,249,13,2026-06-08,22,26,0.0017632891707781,0.0,0.3517336869469239,val,4
S08276,249,13,2026-06-08,53,23,0.0025579580945009,0.009174714155504,0.3823650908322271,val,4
S13361,249,13,2026-06-08,60,15,0.0029432886737928,0.0,0.4291098292809002,val,4
S20965,249,13,2026-06-08,42,16,0.001884107077162,0.0,0.3240954615860431,val,4
S22549,249,13,2026-06-08,45,13,0.0020519115120078,0.0031709573483905,0.2820360374662968,val,4
S22554,249,13,2026-06-08,37,19,0.0019032192853237,0.0,0.3544152651823259,val,4
S26135,249,13,2026-06-08,48,17,0.0021698568035937,0.0,0.3480422546969087,val,4
S32745,249,13,2026-06-08,21,14,0.0026646107676237,0.0,0.3647013830086648,val,4
S35101,249,13,2026-06-08,26,23,0.0024418424902338,0.0240127613090155,0.3500717362908611,val,4
S35583,249,13,2026-06-08,29,27,0.0021928700964473,0.0,0.3743010959736169,val,4
S36133,249,13,2026-06-08,35,12,0.0016124289717118,0.0,0.3137461291166504,val,4
S36519,249,13,2026-06-08,36,18,0.0018664579155024,0.0,0.3483238914191569,val,4
S41563,249,13,2026-06-08,32,13,0.0013833882441282,0.0,0.3289284544654583,val,4
S02428,249,14,2026-06-08,48,23,0.0027173842244982,0.0,0.3778656168298264,val,1
S03673,249,14,2026-06-08,56,23,0.0027367427456169,0.0,0.3468546013499308,val,1
S07648,249,14,2026-06-08,24,13,0.0022450964618696,0.0216477085878681,0.3374606286387098,val,1
S08271,249,14,2026-06-08,52,13,0.001644220709315,0.0,0.3077537125191986,val,1
S09160,249,14,2026-06-08,30,15,0.0011718432307667,0.0,0.3256793919632362,val,1
S09344,249,14,2026-06-08,35,29,0.0018123602858024,0.0,0.3121249011652665,val,1
S10397,249,14,2026-06-08,59,16,0.0014892387445628,0.0,0.3056266530881978,val,1
S23466,249,14,2026-06-08,46,29,0.001676047095616,0.0,0.3644171096990911,val,1
S23469,249,14,2026-06-08,55,29,0.0021386976604623,0.0,0.3520720923813745,val,1
S26022,249,14,2026-06-08,55,22,0.0012460676312364,0.0098406098406098,0.3934755153648075,val,1
S33711,249,14,2026-06-08,49,24,0.0014735313337651,0.0,0.335099829519053,val,1
S34188,249,14,2026-06-08,62,27,0.002468621438144,0.0,0.4052537863206667,val,1
S41282,249,14,2026-06-08,24,23,0.0025556393074961,0.0,0.3859694470934687,val,1
S02428,249,14,2026-06-08,50,23,0.0023752926362685,0.0,0.3778656168298264,val,2
S03673,249,14,2026-06-08,58,23,0.0023656768527034,0.0,0.3468546013499308,val,2
S07648,249,14,2026-06-08,19,15,0.0021499147052769,0.0216477085878681,0.3374606286387098,val,2
S08271,249,14,2026-06-08,56,14,0.001874223925844,0.0,0.3077537125191986,val,2
S09160,249,14,2026-06-08,32,15,0.0020913085685651,0.0,0.3256793919632362,val,2
S09344,249,14,2026-06-08,37,29,0.0016978065785676,0.0,0.3121249011652665,val,2
S10397,249,14,2026-06-08,57,16,0.0013959108098289,0.0,0.3056266530881978,val,2
S23466,249,14,2026-06-08,50,29,0.0019828351542342,0.0,0.3644171096990911,val,2
S23469,249,14,2026-06-08,52,30,0.0020120415207643,0.0,0.3520720923813745,val,2
S26022,249,14,2026-06-08,53,22,0.0012651574081073,0.0098406098406098,0.3934755153648075,val,2
S33711,249,14,2026-06-08,46,24,0.0028039279761624,0.0,0.335099829519053,val,2
S34188,249,14,2026-06-08,59,28,0.0023342936292349,0.0,0.4052537863206667,val,2
S41282,249,14,2026-06-08,26,23,0.0029225903045706,0.0,0.3859694470934687,val,2
S02428,249,14,2026-06-08,29,23,0.0024580832420361,0.0,0.3778656168298264,val,3
S03673,249,14,2026-06-08,52,23,0.0019083030215939,0.0,0.3468546013499308,val,3
S07648,249,14,2026-06-08,31,12,0.0015181745404108,0.0216477085878681,0.3374606286387098,val,3
S08271,249,14,2026-06-08,50,13,0.0016062800972022,0.0,0.3077537125191986,val,3
S09160,249,14,2026-06-08,26,15,0.0013079889704432,0.0,0.3256793919632362,val,3
S09344,249,14,2026-06-08,31,29,0.0018173568766932,0.0,0.3121249011652665,val,3
S10397,249,14,2026-06-08,56,15,0.0019498984494893,0.0,0.3056266530881978,val,3
S23466,249,14,2026-06-08,39,29,0.0015046911754393,0.0,0.3644171096990911,val,3
S23469,249,14,2026-06-08,51,29,0.0022134451069941,0.0,0.3520720923813745,val,3
S26022,249,14,2026-06-08,59,22,0.001233628316884,0.0098406098406098,0.3934755153648075,val,3
S33711,249,14,2026-06-08,54,24,0.0015198743143821,0.0,0.335099829519053,val,3
S34188,249,14,2026-06-08,60,15,0.0019923480844563,0.0,0.4052537863206667,val,3
S41282,249,14,2026-06-08,20,23,0.0029826727732158,0.0,0.3859694470934687,val,3
S02428,249,14,2026-06-08,36,23,0.0023776914039719,0.0,0.3778656168298264,val,4
S03673,249,14,2026-06-08,54,23,0.0015472469059801,0.0,0.3468546013499308,val,4
S07648,249,14,2026-06-08,27,12,0.0024483510439627,0.0216477085878681,0.3374606286387098,val,4
S08271,249,14,2026-06-08,51,13,0.0020034894968232,0.0,0.3077537125191986,val,4
S09160,249,14,2026-06-08,28,15,0.0010812053473502,0.0,0.3256793919632362,val,4
S09344,249,14,2026-06-08,33,29,0.0017199915083376,0.0,0.3121249011652665,val,4
S10397,249,14,2026-06-08,61,16,0.002163038321799,0.0,0.3056266530881978,val,4
S23466,249,14,2026-06-08,43,29,0.001603927628194,0.0,0.3644171096990911,val,4
S23469,249,14,2026-06-08,53,29,0.0019731324904807,0.0,0.3520720923813745,val,4
S26022,249,14,2026-06-08,57,22,0.0021427363061312,0.0098406098406098,0.3934755153648075,val,4
S33711,249,14,2026-06-08,52,24,0.0014851167099281,0.0,0.335099829519053,val,4
S34188,249,14,2026-06-08,63,17,0.0027692458415544,0.0,0.4052537863206667,val,4
S41282,249,14,2026-06-08,22,23,0.0028423229727518,0.0,0.3859694470934687,val,4
S01434,249,15,2026-06-08,62,22,0.0030869027107226,0.0,0.373323604829968,val,1
S01436,249,15,2026-06-08,37,22,0.0029261013281239,0.005755112438917,0.3674917718910764,val,1
S01966,249,15,2026-06-08,56,29,0.0030729287225146,0.0,0.37149044716525,val,1
S02246,249,15,2026-06-08,50,18,0.0031031047861998,0.0,0.388701619566425,val,1
S02247,249,15,2026-06-08,18,17,0.0029626614162631,0.0,0.3586527436722158,val,1
S02521,249,15,2026-06-08,38,32,0.0027128899840778,0.0,0.3701577672736483,val,1
S03676,249,15,2026-06-08,27,28,0.002992816149161,0.0,0.3963565279837628,val,1
S06467,249,15,2026-06-08,37,19,0.0029042496617826,0.0,0.3755325248237366,val,1
S06468,249,15,2026-06-08,15,20,0.0030812479507574,0.0030076917025229,0.3724819567049874,val,1
S07342,249,15,2026-06-08,27,27,0.0030529470152911,0.0,0.3894359056237387,val,1
S08362,249,15,2026-06-08,59,15,0.0027564345582957,0.0,0.3688287111655584,val,1
S10966,249,15,2026-06-08,61,25,0.003031255037525,0.0069724375941115,0.3403752147877313,val,1
S13017,249,15,2026-06-08,58,18,0.0030962572971061,0.0,0.4294497338629834,val,1
S20484,249,15,2026-06-08,20,28,0.0029503724508057,0.0,0.3560133348381147,val,1
S21729,249,15,2026-06-08,39,19,0.0029008767621098,0.0,0.3652965014440339,val,1
S22561,249,15,2026-06-08,40,16,0.0030220138742772,0.0047043010752688,0.3587058270618521,val,1
S24586,249,15,2026-06-08,37,28,0.0030476252770039,0.0,0.4243573568973328,val,1
S29816,249,15,2026-06-08,52,24,0.0030792112672793,0.0,0.3846022975334119,val,1
S32117,249,15,2026-06-08,53,30,0.0027971742731833,0.0,0.3720765297832165,val,1
S35107,249,15,2026-06-08,45,12,0.0028701860750043,0.0222063879521585,0.3662539830542599,val,1
S35592,249,15,2026-06-08,24,23,0.0030956005909032,0.003934000609493,0.3924724278373319,val,1
S41287,249,15,2026-06-08,31,23,0.0030751757292934,0.0,0.3930959738918787,val,1
S41571,249,15,2026-06-08,56,19,0.003183627538594,0.0035965236017338,0.4519728272966,val,1
S42914,249,15,2026-06-08,33,25,0.0028332716149338,0.0,0.3958810639569483,val,1
S01434,249,15,2026-06-08,60,22,0.0031973025061074,0.0,0.373323604829968,val,2
S01436,249,15,2026-06-08,35,22,0.0028630244573805,0.005755112438917,0.3674917718910764,val,2
S01966,249,15,2026-06-08,50,30,0.0029653789503182,0.0,0.37149044716525,val,2
S02246,249,15,2026-06-08,48,18,0.003059243029921,0.0,0.388701619566425,val,2
S02247,249,15,2026-06-08,20,17,0.0030675114615317,0.0,0.3586527436722158,val,2
S02521,249,15,2026-06-08,37,31,0.0030172344108211,0.0,0.3701577672736483,val,2
S03676,249,15,2026-06-08,25,28,0.0030664146220573,0.0,0.3963565279837628,val,2
S06467,249,15,2026-06-08,41,19,0.0030542260863575,0.0,0.3755325248237366,val,2
S06468,249,15,2026-06-08,13,20,0.0031969092022442,0.0030076917025229,0.3724819567049874,val,2
S07342,249,15,2026-06-08,30,27,0.0029923523400889,0.0,0.3894359056237387,val,2
S08362,249,15,2026-06-08,60,15,0.002803099659196,0.0,0.3688287111655584,val,2
S10966,249,15,2026-06-08,64,25,0.0029548926382791,0.0069724375941115,0.3403752147877313,val,2
S13017,249,15,2026-06-08,56,18,0.0031089034220957,0.0,0.4294497338629834,val,2
S20484,249,15,2026-06-08,24,29,0.0030015725389461,0.0,0.3560133348381147,val,2
S21729,249,15,2026-06-08,42,19,0.0029030778230797,0.0,0.3652965014440339,val,2
S22561,249,15,2026-06-08,38,16,0.00305242517904,0.0047043010752688,0.3587058270618521,val,2
S24586,249,15,2026-06-08,34,28,0.0029156805230723,0.0,0.4243573568973328,val,2
S29816,249,15,2026-06-08,50,24,0.0030577327113774,0.0,0.3846022975334119,val,2
S32117,249,15,2026-06-08,49,31,0.0025228849647918,0.0,0.3720765297832165,val,2
S35107,249,15,2026-06-08,44,12,0.0028154391590866,0.0222063879521585,0.3662539830542599,val,2
S35592,249,15,2026-06-08,25,23,0.0030640925276913,0.003934000609493,0.3924724278373319,val,2
S41287,249,15,2026-06-08,33,23,0.0030420462814335,0.0,0.3930959738918787,val,2
S41571,249,15,2026-06-08,58,19,0.0031195522189523,0.0035965236017338,0.4519728272966,val,2
S42914,249,15,2026-06-08,35,25,0.0027696743324996,0.0,0.3958810639569483,val,2
S01434,249,15,2026-06-08,66,22,0.0031826278288582,0.0,0.373323604829968,val,3
S01436,249,15,2026-06-08,41,22,0.0029437159302334,0.005755112438917,0.3674917718910764,val,3
S01966,249,15,2026-06-08,52,29,0.0030541652974422,0.0,0.37149044716525,val,3
S02246,249,15,2026-06-08,54,18,0.0030159883764884,0.0,0.388701619566425,val,3
S02247,249,15,2026-06-08,20,16,0.0029839538378499,0.0,0.3586527436722158,val,3
S02521,249,15,2026-06-08,28,31,0.0027738292406204,0.0,0.3701577672736483,val,3
S03676,249,15,2026-06-08,31,28,0.0029882395100606,0.0,0.3963565279837628,val,3
S06467,249,15,2026-06-08,33,19,0.0031320180580276,0.0,0.3755325248237366,val,3
S06468,249,15,2026-06-08,19,20,0.0030251298744156,0.0030076917025229,0.3724819567049874,val,3
S07342,249,15,2026-06-08,23,27,0.0030611517156855,0.0,0.3894359056237387,val,3
S08362,249,15,2026-06-08,58,14,0.0027919280997069,0.0,0.3688287111655584,val,3
S10966,249,15,2026-06-08,56,25,0.0031606196822296,0.0069724375941115,0.3403752147877313,val,3
S13017,249,15,2026-06-08,62,18,0.0030370741378645,0.0,0.4294497338629834,val,3
S20484,249,15,2026-06-08,24,28,0.0030640792632805,0.0,0.3560133348381147,val,3
S21729,249,15,2026-06-08,34,19,0.0029638107095356,0.0,0.3652965014440339,val,3
S22561,249,15,2026-06-08,44,16,0.0029700047929598,0.0047043010752688,0.3587058270618521,val,3
S24586,249,15,2026-06-08,41,28,0.0028679147177516,0.0,0.4243573568973328,val,3
S29816,249,15,2026-06-08,58,24,0.003152392872389,0.0,0.3846022975334119,val,3
S32117,249,15,2026-06-08,60,28,0.0027226152663487,0.0,0.3720765297832165,val,3
S35107,249,15,2026-06-08,47,12,0.0029388374216584,0.0222063879521585,0.3662539830542599,val,3
S35592,249,15,2026-06-08,22,23,0.0030417997358873,0.003934000609493,0.3924724278373319,val,3
S41287,249,15,2026-06-08,27,23,0.0031029979716869,0.0,0.3930959738918787,val,3
S41571,249,15,2026-06-08,52,19,0.0019686540742031,0.0035965236017338,0.4519728272966,val,3
S42914,249,15,2026-06-08,29,25,0.0030601023901727,0.0,0.3958810639569483,val,3
S01434,249,15,2026-06-08,64,22,0.0030509435667093,0.0,0.373323604829968,val,4
S01436,249,15,2026-06-08,39,22,0.0029814829902573,0.005755112438917,0.3674917718910764,val,4
S01966,249,15,2026-06-08,54,29,0.0031010741567519,0.0,0.37149044716525,val,4
S02246,249,15,2026-06-08,52,18,0.0030641308615607,0.0,0.388701619566425,val,4
S02247,249,15,2026-06-08,18,16,0.00308993899268,0.0,0.3586527436722158,val,4
S02521,249,15,2026-06-08,30,31,0.0024981672738375,0.0,0.3701577672736483,val,4
S03676,249,15,2026-06-08,29,28,0.0029752926809015,0.0,0.3963565279837628,val,4
S06467,249,15,2026-06-08,35,19,0.0031157532961826,0.0,0.3755325248237366,val,4
S06468,249,15,2026-06-08,17,20,0.0031209709136101,0.0030076917025229,0.3724819567049874,val,4
S07342,249,15,2026-06-08,25,27,0.0030540307164962,0.0,0.3894359056237387,val,4
S08362,249,15,2026-06-08,57,14,0.0025488000394423,0.0,0.3688287111655584,val,4
S10966,249,15,2026-06-08,58,25,0.0030536864524623,0.0069724375941115,0.3403752147877313,val,4
S13017,249,15,2026-06-08,60,18,0.0031509881844754,0.0,0.4294497338629834,val,4
S20484,249,15,2026-06-08,22,28,0.0030584232121512,0.0,0.3560133348381147,val,4
S21729,249,15,2026-06-08,36,19,0.0030125361896254,0.0,0.3652965014440339,val,4
S22561,249,15,2026-06-08,42,16,0.002933435912426,0.0047043010752688,0.3587058270618521,val,4
S24586,249,15,2026-06-08,39,28,0.003059685827874,0.0,0.4243573568973328,val,4
S29816,249,15,2026-06-08,55,24,0.0031104799654928,0.0,0.3846022975334119,val,4
S32117,249,15,2026-06-08,58,29,0.0026383935821216,0.0,0.3720765297832165,val,4
S35107,249,15,2026-06-08,46,12,0.0028079482960815,0.0222063879521585,0.3662539830542599,val,4
S35592,249,15,2026-06-08,23,23,0.0030339354305209,0.003934000609493,0.3924724278373319,val,4
S41287,249,15,2026-06-08,29,23,0.0031176983699601,0.0,0.3930959738918787,val,4
S41571,249,15,2026-06-08,54,19,0.0031598447102468,0.0035965236017338,0.4519728272966,val,4
S42914,249,15,2026-06-08,31,25,0.0030270988513659,0.0,0.3958810639569483,val,4
S00235,249,16,2026-06-08,42,21,0.002254464447119,0.0,0.256881641509822,val,1
S00236,249,16,2026-06-08,41,31,0.0023654469127075,0.0022395861497143,0.324532657018828,val,1
S00779,249,16,2026-06-08,54,18,0.0019709274772065,0.0,0.3485200844011721,val,1
S02425,249,16,2026-06-08,56,24,0.0021828026013289,0.0,0.3644736398173022,val,1
S04440,249,16,2026-06-08,41,22,0.0024763253359144,0.0,0.3040743936786705,val,1
S13733,249,16,2026-06-08,26,14,0.0015790610082566,0.0051679183531289,0.2476892666995059,val,1
S15669,249,16,2026-06-08,53,26,0.0023015066327833,0.0116475665324133,0.4082114495870781,val,1
S15672,249,16,2026-06-08,27,27,0.0022427300316508,0.0084644730567477,0.3583660601240457,val,1
S16086,249,16,2026-06-08,53,19,0.0022864109642146,0.0,0.3429449973508531,val,1
S18100,249,16,2026-06-08,53,18,0.0020319920738517,0.0,0.3447309143935557,val,1
S19393,249,16,2026-06-08,34,21,0.0022785340440211,0.0017445942151081,0.3604493928289268,val,1
S22068,249,16,2026-06-08,49,27,0.0020767324706293,0.0,0.3103044141222237,val,1
S22560,249,16,2026-06-08,49,29,0.0023012318843037,0.0095248133845667,0.3508263894692221,val,1
S23833,249,16,2026-06-08,20,21,0.0021383964551473,0.0,0.329930563012656,val,1
S25695,249,16,2026-06-08,49,28,0.0024615339663766,0.0030204686892259,0.3343121322219975,val,1
S34338,249,16,2026-06-08,39,26,0.0022909608129474,0.0,0.376443155100109,val,1
S34943,249,16,2026-06-08,57,24,0.0022526400145819,0.0,0.3040658622170953,val,1
S38306,249,16,2026-06-08,35,19,0.0027548365729127,0.0056536700509057,0.3826463851650772,val,1
S00235,249,16,2026-06-08,45,21,0.0025532152436396,0.0,0.256881641509822,val,2
S00236,249,16,2026-06-08,43,31,0.0025480893846181,0.0022395861497143,0.324532657018828,val,2
S00779,249,16,2026-06-08,52,18,0.0024322380445016,0.0,0.3485200844011721,val,2
S02425,249,16,2026-06-08,54,24,0.0021443790116827,0.0,0.3644736398173022,val,2
S04440,249,16,2026-06-08,39,22,0.0022824820440849,0.0,0.3040743936786705,val,2
S13733,249,16,2026-06-08,24,14,0.0014483725000484,0.0051679183531289,0.2476892666995059,val,2
S15669,249,16,2026-06-08,51,26,0.0023492464025068,0.0116475665324133,0.4082114495870781,val,2
S15672,249,16,2026-06-08,29,27,0.0021844460228596,0.0084644730567477,0.3583660601240457,val,2
S16086,249,16,2026-06-08,55,19,0.0021686463908451,0.0,0.3429449973508531,val,2
S18100,249,16,2026-06-08,51,18,0.0022705847306338,0.0,0.3447309143935557,val,2
S19393,249,16,2026-06-08,35,21,0.0020913295254563,0.0017445942151081,0.3604493928289268,val,2
S22068,249,16,2026-06-08,51,27,0.0022049725836881,0.0,0.3103044141222237,val,2
S22560,249,16,2026-06-08,51,29,0.0022124948556308,0.0095248133845667,0.3508263894692221,val,2
S23833,249,16,2026-06-08,22,21,0.0020884815222336,0.0,0.329930563012656,val,2
S25695,249,16,2026-06-08,47,28,0.0022325891005903,0.0030204686892259,0.3343121322219975,val,2
S34338,249,16,2026-06-08,37,26,0.0021660585331695,0.0,0.376443155100109,val,2
S34943,249,16,2026-06-08,55,24,0.002185590136669,0.0,0.3040658622170953,val,2
S38306,249,16,2026-06-08,37,19,0.002712550092946,0.0056536700509057,0.3826463851650772,val,2
S00235,249,16,2026-06-08,37,21,0.0023089628524534,0.0,0.256881641509822,val,3
S00236,249,16,2026-06-08,37,31,0.0022155545694242,0.0022395861497143,0.324532657018828,val,3
S00779,249,16,2026-06-08,59,18,0.0020453545317835,0.0,0.3485200844011721,val,3
S02425,249,16,2026-06-08,61,24,0.0022140975871977,0.0,0.3644736398173022,val,3
S04440,249,16,2026-06-08,45,22,0.0024634770414367,0.0,0.3040743936786705,val,3
S13733,249,16,2026-06-08,33,14,0.0018803399058478,0.0051679183531289,0.2476892666995059,val,3
S15669,249,16,2026-06-08,57,26,0.0022043673103277,0.0116475665324133,0.4082114495870781,val,3
S15672,249,16,2026-06-08,25,27,0.0023000954050652,0.0084644730567477,0.3583660601240457,val,3
S16086,249,16,2026-06-08,49,19,0.002622911447135,0.0,0.3429449973508531,val,3
S18100,249,16,2026-06-08,57,18,0.0020971898721896,0.0,0.3447309143935557,val,3
S19393,249,16,2026-06-08,32,21,0.0026715547184159,0.0017445942151081,0.3604493928289268,val,3
S22068,249,16,2026-06-08,44,27,0.0022564702968918,0.0,0.3103044141222237,val,3
S22560,249,16,2026-06-08,45,29,0.0021001541131221,0.0095248133845667,0.3508263894692221,val,3
S23833,249,16,2026-06-08,16,21,0.0020028071605028,0.0,0.329930563012656,val,3
S25695,249,16,2026-06-08,53,28,0.0023833354896843,0.0030204686892259,0.3343121322219975,val,3
S34338,249,16,2026-06-08,43,26,0.0024185031951993,0.0,0.376443155100109,val,3
S34943,249,16,2026-06-08,62,24,0.0023774501779321,0.0,0.3040658622170953,val,3
S38306,249,16,2026-06-08,31,19,0.0022116660765701,0.0056536700509057,0.3826463851650772,val,3
S00235,249,16,2026-06-08,40,21,0.0022786036022776,0.0,0.256881641509822,val,4
S00236,249,16,2026-06-08,39,31,0.0025145641809869,0.0022395861497143,0.324532657018828,val,4
S00779,249,16,2026-06-08,56,18,0.0025516413744102,0.0,0.3485200844011721,val,4
S02425,249,16,2026-06-08,58,24,0.0023431126140569,0.0,0.3644736398173022,val,4
S04440,249,16,2026-06-08,43,22,0.0022027776607573,0.0,0.3040743936786705,val,4
S13733,249,16,2026-06-08,30,14,0.0012349112422959,0.0051679183531289,0.2476892666995059,val,4
S15669,249,16,2026-06-08,55,26,0.0024778516843586,0.0116475665324133,0.4082114495870781,val,4
S15672,249,16,2026-06-08,26,27,0.0022388766108022,0.0084644730567477,0.3583660601240457,val,4
S16086,249,16,2026-06-08,51,19,0.0022895035012548,0.0,0.3429449973508531,val,4
S18100,249,16,2026-06-08,55,18,0.0021272089250191,0.0,0.3447309143935557,val,4
S19393,249,16,2026-06-08,33,21,0.0025922429721673,0.0017445942151081,0.3604493928289268,val,4
S22068,249,16,2026-06-08,47,27,0.0021727208246681,0.0,0.3103044141222237,val,4
S22560,249,16,2026-06-08,47,29,0.0021967456633826,0.0095248133845667,0.3508263894692221,val,4
S23833,249,16,2026-06-08,18,21,0.0020914062272454,0.0,0.329930563012656,val,4
S25695,249,16,2026-06-08,51,28,0.002213614888317,0.0030204686892259,0.3343121322219975,val,4
S34338,249,16,2026-06-08,41,26,0.0020615639825855,0.0,0.376443155100109,val,4
S34943,249,16,2026-06-08,60,24,0.0021554211913079,0.0,0.3040658622170953,val,4
S38306,249,16,2026-06-08,33,19,0.002489483823191,0.0056536700509057,0.3826463851650772,val,4
S05749,249,17,2026-06-08,51,29,0.0031522924560317,0.0101906909985646,0.3846717650851485,val,1
S06322,249,17,2026-06-08,53,15,0.0026331889842966,0.0136173088690601,0.3952106378519818,val,1
S08353,249,17,2026-06-08,16,17,0.0033208965010863,0.0,0.433841076815372,val,1
S12317,249,17,2026-06-08,49,21,0.0030949108219481,0.0,0.4283416178965825,val,1
S13909,249,17,2026-06-08,21,28,0.0029686978340938,0.0018917118660196,0.419529145694711,val,1
S14831,249,17,2026-06-08,40,31,0.0029926381085612,0.0,0.3622522137428705,val,1
S19807,249,17,2026-06-08,28,26,0.0033688491181235,0.0,0.4417026310801621,val,1
S20151,249,17,2026-06-08,17,19,0.0030178600892749,0.0,0.377912306791919,val,1
S20177,249,17,2026-06-08,25,16,0.0029065288816281,0.0,0.3977692359425435,val,1
S21884,249,17,2026-06-08,25,25,0.0032358124466109,0.0,0.4431553695983406,val,1
S24031,249,17,2026-06-08,27,29,0.0028583579800366,0.0,0.3603268295181521,val,1
S25751,249,17,2026-06-08,33,20,0.0033200090070614,0.0,0.4626159412518051,val,1
S28565,249,17,2026-06-08,36,27,0.003200288383261,0.0,0.4546875157417171,val,1
S29883,249,17,2026-06-08,39,29,0.00310452312872,0.0,0.3785871777595431,val,1
S30772,249,17,2026-06-08,35,27,0.0033507784711759,0.0,0.4860352936499185,val,1
S32840,249,17,2026-06-08,37,15,0.0026681861156842,0.0,0.3469221405176292,val,1
S32841,249,17,2026-06-08,42,16,0.0029215914227137,0.0051807260313241,0.404413242235071,val,1
S34580,249,17,2026-06-08,29,12,0.003054866372559,0.0,0.3925306232552146,val,1
S35434,249,17,2026-06-08,32,24,0.003380750013886,0.0247115348238943,0.4804681307074204,val,1
S40668,249,17,2026-06-08,60,15,0.0029441839683139,0.0021411431205545,0.397846709532221,val,1
S41894,249,17,2026-06-08,32,21,0.0032193793640825,0.0075548754534952,0.4616110021205248,val,1
S43533,249,17,2026-06-08,54,22,0.0029700698094744,0.0069073826995774,0.4768191189587725,val,1
S05749,249,17,2026-06-08,52,29,0.0027351791687086,0.0101906909985646,0.3846717650851485,val,2
S06322,249,17,2026-06-08,55,15,0.0026923088989008,0.0136173088690601,0.3952106378519818,val,2
S08353,249,17,2026-06-08,15,17,0.0032665254492575,0.0,0.433841076815372,val,2
S12317,249,17,2026-06-08,51,21,0.003164327705181,0.0,0.4283416178965825,val,2
S13909,249,17,2026-06-08,23,29,0.0028130520651499,0.0018917118660196,0.419529145694711,val,2
S14831,249,17,2026-06-08,41,31,0.0030166570428469,0.0,0.3622522137428705,val,2
S19807,249,17,2026-06-08,26,26,0.0029973766443134,0.0,0.4417026310801621,val,2
S20151,249,17,2026-06-08,18,19,0.0032393172475077,0.0,0.377912306791919,val,2
S20177,249,17,2026-06-08,23,16,0.0029656939797823,0.0,0.3977692359425435,val,2
S21884,249,17,2026-06-08,27,25,0.0032869076319653,0.0,0.4431553695983406,val,2
S24031,249,17,2026-06-08,28,29,0.0028519160282981,0.0,0.3603268295181521,val,2
S25751,249,17,2026-06-08,31,20,0.0033270421803722,0.0,0.4626159412518051,val,2
S28565,249,17,2026-06-08,38,27,0.0031329877884806,0.0,0.4546875157417171,val,2
S29883,249,17,2026-06-08,40,29,0.003153255994765,0.0,0.3785871777595431,val,2
S30772,249,17,2026-06-08,37,27,0.0030972834292748,0.0,0.4860352936499185,val,2
S32840,249,17,2026-06-08,39,15,0.0026337055767188,0.0,0.3469221405176292,val,2
S32841,249,17,2026-06-08,40,16,0.0032183271668663,0.0051807260313241,0.404413242235071,val,2
S34580,249,17,2026-06-08,26,13,0.0029501160573424,0.0,0.3925306232552146,val,2
S35434,249,17,2026-06-08,30,24,0.0033048392304574,0.0247115348238943,0.4804681307074204,val,2
S40668,249,17,2026-06-08,62,16,0.0031659716623323,0.0021411431205545,0.397846709532221,val,2
S41894,249,17,2026-06-08,34,21,0.003096924446647,0.0075548754534952,0.4616110021205248,val,2
S43533,249,17,2026-06-08,52,22,0.003141408919585,0.0069073826995774,0.4768191189587725,val,2
S05749,249,17,2026-06-08,49,29,0.0027879251295619,0.0101906909985646,0.3846717650851485,val,3
S06322,249,17,2026-06-08,49,15,0.0027299838138562,0.0136173088690601,0.3952106378519818,val,3
S08353,249,17,2026-06-08,18,15,0.0033601395561454,0.0,0.433841076815372,val,3
S12317,249,17,2026-06-08,45,21,0.0033209639253988,0.0,0.4283416178965825,val,3
S13909,249,17,2026-06-08,25,28,0.0031587766776946,0.0018917118660196,0.419529145694711,val,3
S14831,249,17,2026-06-08,38,31,0.0030399709834253,0.0,0.3622522137428705,val,3
S19807,249,17,2026-06-08,32,26,0.0033762921212904,0.0,0.4417026310801621,val,3
S20151,249,17,2026-06-08,15,19,0.0032337517689159,0.0,0.377912306791919,val,3
S20177,249,17,2026-06-08,29,16,0.0031294248730185,0.0,0.3977692359425435,val,3
S21884,249,17,2026-06-08,21,25,0.0033422268151199,0.0,0.4431553695983406,val,3
S24031,249,17,2026-06-08,24,29,0.0027818802372091,0.0,0.3603268295181521,val,3
S25751,249,17,2026-06-08,37,20,0.0029953009065592,0.0,0.4626159412518051,val,3
S28565,249,17,2026-06-08,32,27,0.0031864522281803,0.0,0.4546875157417171,val,3
S29883,249,17,2026-06-08,37,29,0.0031512541541018,0.0,0.3785871777595431,val,3
S30772,249,17,2026-06-08,31,27,0.003346317122707,0.0,0.4860352936499185,val,3
S32840,249,17,2026-06-08,33,15,0.0028395154628597,0.0,0.3469221405176292,val,3
S32841,249,17,2026-06-08,46,16,0.0031466706991768,0.0051807260313241,0.404413242235071,val,3
S34580,249,17,2026-06-08,31,12,0.0026347110006402,0.0,0.3925306232552146,val,3
S35434,249,17,2026-06-08,36,24,0.0033943322641778,0.0247115348238943,0.4804681307074204,val,3
S40668,249,17,2026-06-08,58,14,0.003082331028507,0.0021411431205545,0.397846709532221,val,3
S41894,249,17,2026-06-08,28,21,0.0033158608386572,0.0075548754534952,0.4616110021205248,val,3
S43533,249,17,2026-06-08,58,22,0.0028339857626049,0.0069073826995774,0.4768191189587725,val,3
S05749,249,17,2026-06-08,50,29,0.0030554535303559,0.0101906909985646,0.3846717650851485,val,4
S06322,249,17,2026-06-08,51,15,0.0026566750945344,0.0136173088690601,0.3952106378519818,val,4
S08353,249,17,2026-06-08,17,16,0.0033245322346244,0.0,0.433841076815372,val,4
S12317,249,17,2026-06-08,47,21,0.00333230924794,0.0,0.4283416178965825,val,4
S13909,249,17,2026-06-08,23,28,0.0032247444613409,0.0018917118660196,0.419529145694711,val,4
S14831,249,17,2026-06-08,39,31,0.0029074745658582,0.0,0.3622522137428705,val,4
S19807,249,17,2026-06-08,30,26,0.0031473888376628,0.0,0.4417026310801621,val,4
S20151,249,17,2026-06-08,16,19,0.0032210260928822,0.0,0.377912306791919,val,4
S20177,249,17,2026-06-08,27,16,0.0030127781327726,0.0,0.3977692359425435,val,4
S21884,249,17,2026-06-08,23,25,0.0033976548043992,0.0,0.4431553695983406,val,4
S24031,249,17,2026-06-08,26,29,0.0029408429336309,0.0,0.3603268295181521,val,4
S25751,249,17,2026-06-08,35,20,0.0031128886749854,0.0,0.4626159412518051,val,4
S28565,249,17,2026-06-08,34,27,0.0033874970768186,0.0,0.4546875157417171,val,4
S29883,249,17,2026-06-08,38,29,0.0032060743166444,0.0,0.3785871777595431,val,4
S30772,249,17,2026-06-08,33,27,0.0030348073815774,0.0,0.4860352936499185,val,4
S32840,249,17,2026-06-08,35,15,0.0030883626907308,0.0,0.3469221405176292,val,4
S32841,249,17,2026-06-08,44,16,0.0031085406976405,0.0051807260313241,0.404413242235071,val,4
S34580,249,17,2026-06-08,30,12,0.0025574987547531,0.0,0.3925306232552146,val,4
S35434,249,17,2026-06-08,34,24,0.0032367393184545,0.0247115348238943,0.4804681307074204,val,4
S40668,249,17,2026-06-08,59,15,0.0028117025281759,0.0021411431205545,0.397846709532221,val,4
S41894,249,17,2026-06-08,30,21,0.0033631353280193,0.0075548754534952,0.4616110021205248,val,4
S43533,249,17,2026-06-08,56,22,0.0030090961959913,0.0069073826995774,0.4768191189587725,val,4
S01434,249,18,2026-06-08,62,22,0.0030869027107226,0.0,0.373323604829968,val,1
S01436,249,18,2026-06-08,37,22,0.0029261013281239,0.005755112438917,0.3674917718910764,val,1
S01966,249,18,2026-06-08,56,29,0.0030729287225146,0.0,0.37149044716525,val,1
S02246,249,18,2026-06-08,50,18,0.0031031047861998,0.0,0.388701619566425,val,1
S02247,249,18,2026-06-08,18,17,0.0029626614162631,0.0,0.3586527436722158,val,1
S02521,249,18,2026-06-08,38,32,0.0027128899840778,0.0,0.3701577672736483,val,1
S03676,249,18,2026-06-08,27,28,0.002992816149161,0.0,0.3963565279837628,val,1
S06467,249,18,2026-06-08,37,19,0.0029042496617826,0.0,0.3755325248237366,val,1
S06468,249,18,2026-06-08,15,20,0.0030812479507574,0.0030076917025229,0.3724819567049874,val,1
S07342,249,18,2026-06-08,27,27,0.0030529470152911,0.0,0.3894359056237387,val,1
S08362,249,18,2026-06-08,59,15,0.0027564345582957,0.0,0.3688287111655584,val,1
S10966,249,18,2026-06-08,61,25,0.003031255037525,0.0069724375941115,0.3403752147877313,val,1
S13017,249,18,2026-06-08,58,18,0.0030962572971061,0.0,0.4294497338629834,val,1
S20484,249,18,2026-06-08,20,28,0.0029503724508057,0.0,0.3560133348381147,val,1
S21729,249,18,2026-06-08,39,19,0.0029008767621098,0.0,0.3652965014440339,val,1
S22561,249,18,2026-06-08,40,16,0.0030220138742772,0.0047043010752688,0.3587058270618521,val,1
S24586,249,18,2026-06-08,37,28,0.0030476252770039,0.0,0.4243573568973328,val,1
S29816,249,18,2026-06-08,52,24,0.0030792112672793,0.0,0.3846022975334119,val,1
S32117,249,18,2026-06-08,53,30,0.0027971742731833,0.0,0.3720765297832165,val,1
S35107,249,18,2026-06-08,45,12,0.0028701860750043,0.0222063879521585,0.3662539830542599,val,1
S35592,249,18,2026-06-08,24,23,0.0030956005909032,0.003934000609493,0.3924724278373319,val,1
S41287,249,18,2026-06-08,31,23,0.0030751757292934,0.0,0.3930959738918787,val,1
S41571,249,18,2026-06-08,56,19,0.003183627538594,0.0035965236017338,0.4519728272966,val,1
S42914,249,18,2026-06-08,33,25,0.0028332716149338,0.0,0.3958810639569483,val,1
S01434,249,18,2026-06-08,60,22,0.0031973025061074,0.0,0.373323604829968,val,2
S01436,249,18,2026-06-08,35,22,0.0028630244573805,0.005755112438917,0.3674917718910764,val,2
S01966,249,18,2026-06-08,50,30,0.0029653789503182,0.0,0.37149044716525,val,2
S02246,249,18,2026-06-08,48,18,0.003059243029921,0.0,0.388701619566425,val,2
S02247,249,18,2026-06-08,20,17,0.0030675114615317,0.0,0.3586527436722158,val,2
S02521,249,18,2026-06-08,37,31,0.0030172344108211,0.0,0.3701577672736483,val,2
S03676,249,18,2026-06-08,25,28,0.0030664146220573,0.0,0.3963565279837628,val,2
S06467,249,18,2026-06-08,41,19,0.0030542260863575,0.0,0.3755325248237366,val,2
S06468,249,18,2026-06-08,13,20,0.0031969092022442,0.0030076917025229,0.3724819567049874,val,2
S07342,249,18,2026-06-08,30,27,0.0029923523400889,0.0,0.3894359056237387,val,2
S08362,249,18,2026-06-08,60,15,0.002803099659196,0.0,0.3688287111655584,val,2
S10966,249,18,2026-06-08,64,25,0.0029548926382791,0.0069724375941115,0.3403752147877313,val,2
S13017,249,18,2026-06-08,56,18,0.0031089034220957,0.0,0.4294497338629834,val,2
S20484,249,18,2026-06-08,24,29,0.0030015725389461,0.0,0.3560133348381147,val,2
S21729,249,18,2026-06-08,42,19,0.0029030778230797,0.0,0.3652965014440339,val,2
S22561,249,18,2026-06-08,38,16,0.00305242517904,0.0047043010752688,0.3587058270618521,val,2
S24586,249,18,2026-06-08,34,28,0.0029156805230723,0.0,0.4243573568973328,val,2
S29816,249,18,2026-06-08,50,24,0.0030577327113774,0.0,0.3846022975334119,val,2
S32117,249,18,2026-06-08,49,31,0.0025228849647918,0.0,0.3720765297832165,val,2
S35107,249,18,2026-06-08,44,12,0.0028154391590866,0.0222063879521585,0.3662539830542599,val,2
S35592,249,18,2026-06-08,25,23,0.0030640925276913,0.003934000609493,0.3924724278373319,val,2
S41287,249,18,2026-06-08,33,23,0.0030420462814335,0.0,0.3930959738918787,val,2
S41571,249,18,2026-06-08,58,19,0.0031195522189523,0.0035965236017338,0.4519728272966,val,2
S42914,249,18,2026-06-08,35,25,0.0027696743324996,0.0,0.3958810639569483,val,2
S01434,249,18,2026-06-08,66,22,0.0031826278288582,0.0,0.373323604829968,val,3
S01436,249,18,2026-06-08,41,22,0.0029437159302334,0.005755112438917,0.3674917718910764,val,3
S01966,249,18,2026-06-08,52,29,0.0030541652974422,0.0,0.37149044716525,val,3
S02246,249,18,2026-06-08,54,18,0.0030159883764884,0.0,0.388701619566425,val,3
S02247,249,18,2026-06-08,20,16,0.0029839538378499,0.0,0.3586527436722158,val,3
S02521,249,18,2026-06-08,28,31,0.0027738292406204,0.0,0.3701577672736483,val,3
S03676,249,18,2026-06-08,31,28,0.0029882395100606,0.0,0.3963565279837628,val,3
S06467,249,18,2026-06-08,33,19,0.0031320180580276,0.0,0.3755325248237366,val,3
S06468,249,18,2026-06-08,19,20,0.0030251298744156,0.0030076917025229,0.3724819567049874,val,3
S07342,249,18,2026-06-08,23,27,0.0030611517156855,0.0,0.3894359056237387,val,3
S08362,249,18,2026-06-08,58,14,0.0027919280997069,0.0,0.3688287111655584,val,3
S10966,249,18,2026-06-08,56,25,0.0031606196822296,0.0069724375941115,0.3403752147877313,val,3
S13017,249,18,2026-06-08,62,18,0.0030370741378645,0.0,0.4294497338629834,val,3
S20484,249,18,2026-06-08,24,28,0.0030640792632805,0.0,0.3560133348381147,val,3
S21729,249,18,2026-06-08,34,19,0.0029638107095356,0.0,0.3652965014440339,val,3
S22561,249,18,2026-06-08,44,16,0.0029700047929598,0.0047043010752688,0.3587058270618521,val,3
S24586,249,18,2026-06-08,41,28,0.0028679147177516,0.0,0.4243573568973328,val,3
S29816,249,18,2026-06-08,58,24,0.003152392872389,0.0,0.3846022975334119,val,3
S32117,249,18,2026-06-08,60,28,0.0027226152663487,0.0,0.3720765297832165,val,3
S35107,249,18,2026-06-08,47,12,0.0029388374216584,0.0222063879521585,0.3662539830542599,val,3
S35592,249,18,2026-06-08,22,23,0.0030417997358873,0.003934000609493,0.3924724278373319,val,3
S41287,249,18,2026-06-08,27,23,0.0031029979716869,0.0,0.3930959738918787,val,3
S41571,249,18,2026-06-08,52,19,0.0019686540742031,0.0035965236017338,0.4519728272966,val,3
S42914,249,18,2026-06-08,29,25,0.0030601023901727,0.0,0.3958810639569483,val,3
S01434,249,18,2026-06-08,64,22,0.0030509435667093,0.0,0.373323604829968,val,4
S01436,249,18,2026-06-08,39,22,0.0029814829902573,0.005755112438917,0.3674917718910764,val,4
S01966,249,18,2026-06-08,54,29,0.0031010741567519,0.0,0.37149044716525,val,4
S02246,249,18,2026-06-08,52,18,0.0030641308615607,0.0,0.388701619566425,val,4
S02247,249,18,2026-06-08,18,16,0.00308993899268,0.0,0.3586527436722158,val,4
S02521,249,18,2026-06-08,30,31,0.0024981672738375,0.0,0.3701577672736483,val,4
S03676,249,18,2026-06-08,29,28,0.0029752926809015,0.0,0.3963565279837628,val,4
S06467,249,18,2026-06-08,35,19,0.0031157532961826,0.0,0.3755325248237366,val,4
S06468,249,18,2026-06-08,17,20,0.0031209709136101,0.0030076917025229,0.3724819567049874,val,4
S07342,249,18,2026-06-08,25,27,0.0030540307164962,0.0,0.3894359056237387,val,4
S08362,249,18,2026-06-08,57,14,0.0025488000394423,0.0,0.3688287111655584,val,4
S10966,249,18,2026-06-08,58,25,0.0030536864524623,0.0069724375941115,0.3403752147877313,val,4
S13017,249,18,2026-06-08,60,18,0.0031509881844754,0.0,0.4294497338629834,val,4
S20484,249,18,2026-06-08,22,28,0.0030584232121512,0.0,0.3560133348381147,val,4
S21729,249,18,2026-06-08,36,19,0.0030125361896254,0.0,0.3652965014440339,val,4
S22561,249,18,2026-06-08,42,16,0.002933435912426,0.0047043010752688,0.3587058270618521,val,4
S24586,249,18,2026-06-08,39,28,0.003059685827874,0.0,0.4243573568973328,val,4
S29816,249,18,2026-06-08,55,24,0.0031104799654928,0.0,0.3846022975334119,val,4
S32117,249,18,2026-06-08,58,29,0.0026383935821216,0.0,0.3720765297832165,val,4
S35107,249,18,2026-06-08,46,12,0.0028079482960815,0.0222063879521585,0.3662539830542599,val,4
S35592,249,18,2026-06-08,23,23,0.0030339354305209,0.003934000609493,0.3924724278373319,val,4
S41287,249,18,2026-06-08,29,23,0.0031176983699601,0.0,0.3930959738918787,val,4
S41571,249,18,2026-06-08,54,19,0.0031598447102468,0.0035965236017338,0.4519728272966,val,4
S42914,249,18,2026-06-08,31,25,0.0030270988513659,0.0,0.3958810639569483,val,4
S00235,249,19,2026-06-08,42,21,0.002254464447119,0.0,0.256881641509822,val,1
S00236,249,19,2026-06-08,41,31,0.0023654469127075,0.0022395861497143,0.324532657018828,val,1
S00779,249,19,2026-06-08,54,18,0.0019709274772065,0.0,0.3485200844011721,val,1
S02425,249,19,2026-06-08,56,24,0.0021828026013289,0.0,0.3644736398173022,val,1
S04440,249,19,2026-06-08,41,22,0.0024763253359144,0.0,0.3040743936786705,val,1
S13733,249,19,2026-06-08,26,14,0.0015790610082566,0.0051679183531289,0.2476892666995059,val,1
S15669,249,19,2026-06-08,53,26,0.0023015066327833,0.0116475665324133,0.4082114495870781,val,1
S15672,249,19,2026-06-08,27,27,0.0022427300316508,0.0084644730567477,0.3583660601240457,val,1
S16086,249,19,2026-06-08,53,19,0.0022864109642146,0.0,0.3429449973508531,val,1
S18100,249,19,2026-06-08,53,18,0.0020319920738517,0.0,0.3447309143935557,val,1
S19393,249,19,2026-06-08,34,21,0.0022785340440211,0.0017445942151081,0.3604493928289268,val,1
S22068,249,19,2026-06-08,49,27,0.0020767324706293,0.0,0.3103044141222237,val,1
S22560,249,19,2026-06-08,49,29,0.0023012318843037,0.0095248133845667,0.3508263894692221,val,1
S23833,249,19,2026-06-08,20,21,0.0021383964551473,0.0,0.329930563012656,val,1
S25695,249,19,2026-06-08,49,28,0.0024615339663766,0.0030204686892259,0.3343121322219975,val,1
S34338,249,19,2026-06-08,39,26,0.0022909608129474,0.0,0.376443155100109,val,1
S34943,249,19,2026-06-08,57,24,0.0022526400145819,0.0,0.3040658622170953,val,1
S38306,249,19,2026-06-08,35,19,0.0027548365729127,0.0056536700509057,0.3826463851650772,val,1
S00235,249,19,2026-06-08,45,21,0.0025532152436396,0.0,0.256881641509822,val,2
S00236,249,19,2026-06-08,43,31,0.0025480893846181,0.0022395861497143,0.324532657018828,val,2
S00779,249,19,2026-06-08,52,18,0.0024322380445016,0.0,0.3485200844011721,val,2
S02425,249,19,2026-06-08,54,24,0.0021443790116827,0.0,0.3644736398173022,val,2
S04440,249,19,2026-06-08,39,22,0.0022824820440849,0.0,0.3040743936786705,val,2
S13733,249,19,2026-06-08,24,14,0.0014483725000484,0.0051679183531289,0.2476892666995059,val,2
S15669,249,19,2026-06-08,51,26,0.0023492464025068,0.0116475665324133,0.4082114495870781,val,2
S15672,249,19,2026-06-08,29,27,0.0021844460228596,0.0084644730567477,0.3583660601240457,val,2
S16086,249,19,2026-06-08,55,19,0.0021686463908451,0.0,0.3429449973508531,val,2
S18100,249,19,2026-06-08,51,18,0.0022705847306338,0.0,0.3447309143935557,val,2
S19393,249,19,2026-06-08,35,21,0.0020913295254563,0.0017445942151081,0.3604493928289268,val,2
S22068,249,19,2026-06-08,51,27,0.0022049725836881,0.0,0.3103044141222237,val,2
S22560,249,19,2026-06-08,51,29,0.0022124948556308,0.0095248133845667,0.3508263894692221,val,2
S23833,249,19,2026-06-08,22,21,0.0020884815222336,0.0,0.329930563012656,val,2
S25695,249,19,2026-06-08,47,28,0.0022325891005903,0.0030204686892259,0.3343121322219975,val,2
S34338,249,19,2026-06-08,37,26,0.0021660585331695,0.0,0.376443155100109,val,2
S34943,249,19,2026-06-08,55,24,0.002185590136669,0.0,0.3040658622170953,val,2
S38306,249,19,2026-06-08,37,19,0.002712550092946,0.0056536700509057,0.3826463851650772,val,2
S00235,249,19,2026-06-08,37,21,0.0023089628524534,0.0,0.256881641509822,val,3
S00236,249,19,2026-06-08,37,31,0.0022155545694242,0.0022395861497143,0.324532657018828,val,3
S00779,249,19,2026-06-08,59,18,0.0020453545317835,0.0,0.3485200844011721,val,3
S02425,249,19,2026-06-08,61,24,0.0022140975871977,0.0,0.3644736398173022,val,3
S04440,249,19,2026-06-08,45,22,0.0024634770414367,0.0,0.3040743936786705,val,3
S13733,249,19,2026-06-08,33,14,0.0018803399058478,0.0051679183531289,0.2476892666995059,val,3
S15669,249,19,2026-06-08,57,26,0.0022043673103277,0.0116475665324133,0.4082114495870781,val,3
S15672,249,19,2026-06-08,25,27,0.0023000954050652,0.0084644730567477,0.3583660601240457,val,3
S16086,249,19,2026-06-08,49,19,0.002622911447135,0.0,0.3429449973508531,val,3
S18100,249,19,2026-06-08,57,18,0.0020971898721896,0.0,0.3447309143935557,val,3
S19393,249,19,2026-06-08,32,21,0.0026715547184159,0.0017445942151081,0.3604493928289268,val,3
S22068,249,19,2026-06-08,44,27,0.0022564702968918,0.0,0.3103044141222237,val,3
S22560,249,19,2026-06-08,45,29,0.0021001541131221,0.0095248133845667,0.3508263894692221,val,3
S23833,249,19,2026-06-08,16,21,0.0020028071605028,0.0,0.329930563012656,val,3
S25695,249,19,2026-06-08,53,28,0.0023833354896843,0.0030204686892259,0.3343121322219975,val,3
S34338,249,19,2026-06-08,43,26,0.0024185031951993,0.0,0.376443155100109,val,3
S34943,249,19,2026-06-08,62,24,0.0023774501779321,0.0,0.3040658622170953,val,3
S38306,249,19,2026-06-08,31,19,0.0022116660765701,0.0056536700509057,0.3826463851650772,val,3
S00235,249,19,2026-06-08,40,21,0.0022786036022776,0.0,0.256881641509822,val,4
S00236,249,19,2026-06-08,39,31,0.0025145641809869,0.0022395861497143,0.324532657018828,val,4
S00779,249,19,2026-06-08,56,18,0.0025516413744102,0.0,0.3485200844011721,val,4
S02425,249,19,2026-06-08,58,24,0.0023431126140569,0.0,0.3644736398173022,val,4
S04440,249,19,2026-06-08,43,22,0.0022027776607573,0.0,0.3040743936786705,val,4
S13733,249,19,2026-06-08,30,14,0.0012349112422959,0.0051679183531289,0.2476892666995059,val,4
S15669,249,19,2026-06-08,55,26,0.0024778516843586,0.0116475665324133,0.4082114495870781,val,4
S15672,249,19,2026-06-08,26,27,0.0022388766108022,0.0084644730567477,0.3583660601240457,val,4
S16086,249,19,2026-06-08,51,19,0.0022895035012548,0.0,0.3429449973508531,val,4
S18100,249,19,2026-06-08,55,18,0.0021272089250191,0.0,0.3447309143935557,val,4
S19393,249,19,2026-06-08,33,21,0.0025922429721673,0.0017445942151081,0.3604493928289268,val,4
S22068,249,19,2026-06-08,47,27,0.0021727208246681,0.0,0.3103044141222237,val,4
S22560,249,19,2026-06-08,47,29,0.0021967456633826,0.0095248133845667,0.3508263894692221,val,4
S23833,249,19,2026-06-08,18,21,0.0020914062272454,0.0,0.329930563012656,val,4
S25695,249,19,2026-06-08,51,28,0.002213614888317,0.0030204686892259,0.3343121322219975,val,4
S34338,249,19,2026-06-08,41,26,0.0020615639825855,0.0,0.376443155100109,val,4
S34943,249,19,2026-06-08,60,24,0.0021554211913079,0.0,0.3040658622170953,val,4
S38306,249,19,2026-06-08,33,19,0.002489483823191,0.0056536700509057,0.3826463851650772,val,4
S02248,249,20,2026-06-08,35,14,0.0023047909086344,0.0,0.3266734877998573,val,1
S04808,249,20,2026-06-08,28,30,0.0029406115892352,0.0,0.366039600270666,val,1
S06727,249,20,2026-06-08,19,16,0.0024539487278657,0.0,0.3539644840125639,val,1
S09346,249,20,2026-06-08,33,26,0.0029611081935292,0.0,0.4907611242436667,val,1
S10970,249,20,2026-06-08,53,16,0.002856585154078,0.0160836739382995,0.4212381576234045,val,1
S22071,249,20,2026-06-08,14,19,0.0028556404428341,0.0,0.3764857695756345,val,1
S23475,249,20,2026-06-08,54,27,0.0030570027465566,0.0,0.402896736045117,val,1
S34160,249,20,2026-06-08,51,30,0.0024303799096205,0.0,0.3651287717995093,val,1
S34939,249,20,2026-06-08,15,22,0.0024095029579876,0.0,0.3752964517956305,val,1
S38800,249,20,2026-06-08,49,19,0.0030486089364501,0.0,0.3333980789504329,val,1
S42124,249,20,2026-06-08,24,18,0.0027842494747207,0.0132024247833686,0.3563834142983359,val,1
S02248,249,20,2026-06-08,33,14,0.0022983355767652,0.0,0.3266734877998573,val,2
S04808,249,20,2026-06-08,32,31,0.0027308666341563,0.0,0.366039600270666,val,2
S06727,249,20,2026-06-08,17,17,0.0029342799710678,0.0,0.3539644840125639,val,2
S09346,249,20,2026-06-08,31,26,0.0031577275752524,0.0,0.4907611242436667,val,2
S10970,249,20,2026-06-08,45,16,0.0027727483923691,0.0160836739382995,0.4212381576234045,val,2
S22071,249,20,2026-06-08,16,19,0.0027230813699083,0.0,0.3764857695756345,val,2
S23475,249,20,2026-06-08,56,27,0.0029127483977677,0.0,0.402896736045117,val,2
S34160,249,20,2026-06-08,50,30,0.0029717138466395,0.0,0.3651287717995093,val,2
S34939,249,20,2026-06-08,13,22,0.0027253086874823,0.0,0.3752964517956305,val,2
S38800,249,20,2026-06-08,51,19,0.0028565361270506,0.0,0.3333980789504329,val,2
S42124,249,20,2026-06-08,22,18,0.0030030393578503,0.0132024247833686,0.3563834142983359,val,2
S02248,249,20,2026-06-08,49,14,0.0023523801503063,0.0,0.3266734877998573,val,3
S04808,249,20,2026-06-08,32,30,0.0029581044476999,0.0,0.366039600270666,val,3
S06727,249,20,2026-06-08,23,16,0.0023162530466029,0.0,0.3539644840125639,val,3
S09346,249,20,2026-06-08,37,26,0.0031600412138259,0.0,0.4907611242436667,val,3
S10970,249,20,2026-06-08,57,16,0.0025819895191884,0.0160836739382995,0.4212381576234045,val,3
S22071,249,20,2026-06-08,20,18,0.002885228022361,0.0,0.3764857695756345,val,3
S23475,249,20,2026-06-08,46,27,0.0031039152952917,0.0,0.402896736045117,val,3
S34160,249,20,2026-06-08,55,29,0.0028853265515796,0.0,0.3651287717995093,val,3
S34939,249,20,2026-06-08,19,22,0.0030266524306565,0.0,0.3752964517956305,val,3
S38800,249,20,2026-06-08,30,19,0.0028198122160637,0.0,0.3333980789504329,val,3
S42124,249,20,2026-06-08,30,18,0.0030761014179992,0.0132024247833686,0.3563834142983359,val,3
S02248,249,20,2026-06-08,44,14,0.0023628240143655,0.0,0.3266734877998573,val,4
S04808,249,20,2026-06-08,30,30,0.0030430702969818,0.0,0.366039600270666,val,4
S06727,249,20,2026-06-08,21,16,0.0022087618991318,0.0,0.3539644840125639,val,4
S09346,249,20,2026-06-08,35,26,0.0030582729528804,0.0,0.4907611242436667,val,4
S10970,249,20,2026-06-08,55,16,0.0028996964259653,0.0160836739382995,0.4212381576234045,val,4
S22071,249,20,2026-06-08,16,18,0.0022172653172157,0.0,0.3764857695756345,val,4
S23475,249,20,2026-06-08,51,27,0.0029915477420309,0.0,0.402896736045117,val,4
S34160,249,20,2026-06-08,52,30,0.002965236967266,0.0,0.3651287717995093,val,4
S34939,249,20,2026-06-08,17,22,0.002448849743404,0.0,0.3752964517956305,val,4
S38800,249,20,2026-06-08,47,19,0.0028841524654774,0.0,0.3333980789504329,val,4
S42124,249,20,2026-06-08,28,18,0.0029663527620577,0.0132024247833686,0.3563834142983359,val,4
S00287,249,21,2026-06-08,34,12,0.0032626050020524,0.0,0.4309331597559083,val,1
S04063,249,21,2026-06-08,27,27,0.0033222190863837,0.0,0.4556515210677447,val,1
S04479,249,21,2026-06-08,47,29,0.0031638800989154,0.0,0.3989520394775311,val,1
S04810,249,21,2026-06-08,45,16,0.0030586876280818,0.0,0.4609664385172277,val,1
S06057,249,21,2026-06-08,21,28,0.0033451615688728,0.0,0.4511250314244403,val,1
S08419,249,21,2026-06-08,39,31,0.0027534651952117,0.0035378197918594,0.3577615760462708,val,1
S10976,249,21,2026-06-08,28,24,0.0032569321608191,0.0146419138778534,0.4881068571762015,val,1
S12433,249,21,2026-06-08,17,19,0.0033220432437104,0.0,0.4605519379284715,val,1
S12435,249,21,2026-06-08,62,17,0.0031699318570525,0.0,0.3764334295425551,val,1
S15673,249,21,2026-06-08,22,15,0.0033168968252162,0.0081728365827347,0.4398764402009243,val,1
S17093,249,21,2026-06-08,55,17,0.0030804004133595,0.0,0.3846454343556676,val,1
S18964,249,21,2026-06-08,17,23,0.0031652754444218,0.0097542147235651,0.4130433729437625,val,1
S20146,249,21,2026-06-08,38,31,0.0031644155426759,0.0038978557871786,0.4240965933967816,val,1
S20149,249,21,2026-06-08,44,26,0.0030962650081984,0.00574294265146,0.4091557002418683,val,1
S20978,249,21,2026-06-08,34,23,0.0031842494875402,0.0,0.4763796129378571,val,1
S22559,249,21,2026-06-08,43,27,0.0030870223161004,0.0064211264102738,0.3900487698402624,val,1
S22598,249,21,2026-06-08,43,25,0.0030228712352843,0.0047514340344168,0.3940659983519629,val,1
S30345,249,21,2026-06-08,48,21,0.0030704947597316,0.0,0.4277095564594422,val,1
S34054,249,21,2026-06-08,56,29,0.0031229089275577,0.0006882503070815,0.3983851862868769,val,1
S34233,249,21,2026-06-08,52,25,0.0030532567853245,0.0240122982321291,0.4369744303288955,val,1
S34343,249,21,2026-06-08,39,17,0.0032208173036929,0.0,0.4466638885335599,val,1
S35105,249,21,2026-06-08,25,22,0.0033938291724738,0.0291818961522088,0.5125343223076335,val,1
S35590,249,21,2026-06-08,24,19,0.0031619062517767,0.0039874519620349,0.4727816267494846,val,1
S37281,249,21,2026-06-08,28,14,0.0032763128950938,0.0,0.4174784947851933,val,1
S37355,249,21,2026-06-08,46,16,0.0030194071701899,0.0,0.4157503315988186,val,1
S37966,249,21,2026-06-08,36,27,0.0032255398881673,0.0070294842310423,0.4696189866256228,val,1
S40238,249,21,2026-06-08,29,16,0.0032353280115284,0.0,0.4243548963478001,val,1
S42121,249,21,2026-06-08,45,17,0.0033429556847449,0.0,0.474068206978634,val,1
S00287,249,21,2026-06-08,32,12,0.0033433923402178,0.0,0.4309331597559083,val,2
S04063,249,21,2026-06-08,29,27,0.0031066833557788,0.0,0.4556515210677447,val,2
S04479,249,21,2026-06-08,49,29,0.0030009814464132,0.0,0.3989520394775311,val,2
S04810,249,21,2026-06-08,43,16,0.0031967206201726,0.0,0.4609664385172277,val,2
S06057,249,21,2026-06-08,23,29,0.0032501618718398,0.0,0.4511250314244403,val,2
S08419,249,21,2026-06-08,41,31,0.0029403524322107,0.0035378197918594,0.3577615760462708,val,2
S10976,249,21,2026-06-08,26,24,0.0032614015736118,0.0146419138778534,0.4881068571762015,val,2
S12433,249,21,2026-06-08,19,19,0.0032658063348938,0.0,0.4605519379284715,val,2
S12435,249,21,2026-06-08,63,18,0.0031662969087039,0.0,0.3764334295425551,val,2
S15673,249,21,2026-06-08,24,15,0.0031462990129671,0.0081728365827347,0.4398764402009243,val,2
S17093,249,21,2026-06-08,57,17,0.0026483026746034,0.0,0.3846454343556676,val,2
S18964,249,21,2026-06-08,19,23,0.0026752449488447,0.0097542147235651,0.4130433729437625,val,2
S20146,249,21,2026-06-08,40,31,0.0032052802694831,0.0038978557871786,0.4240965933967816,val,2
S20149,249,21,2026-06-08,42,26,0.0027018740379056,0.00574294265146,0.4091557002418683,val,2
S20978,249,21,2026-06-08,36,23,0.0030880375188278,0.0,0.4763796129378571,val,2
S22559,249,21,2026-06-08,45,27,0.0031465434573077,0.0064211264102738,0.3900487698402624,val,2
S22598,249,21,2026-06-08,46,25,0.0031532542800293,0.0047514340344168,0.3940659983519629,val,2
S30345,249,21,2026-06-08,50,21,0.0030359344319595,0.0,0.4277095564594422,val,2
S34054,249,21,2026-06-08,50,30,0.0027703949386731,0.0006882503070815,0.3983851862868769,val,2
S34233,249,21,2026-06-08,54,25,0.0032065039258988,0.0240122982321291,0.4369744303288955,val,2
S34343,249,21,2026-06-08,40,17,0.0031860939366887,0.0,0.4466638885335599,val,2
S35105,249,21,2026-06-08,22,22,0.0032074295991374,0.0291818961522088,0.5125343223076335,val,2
S35590,249,21,2026-06-08,26,19,0.0030603680734303,0.0039874519620349,0.4727816267494846,val,2
S37281,249,21,2026-06-08,26,14,0.0033485407441754,0.0,0.4174784947851933,val,2
S37355,249,21,2026-06-08,44,16,0.0031372704064202,0.0,0.4157503315988186,val,2
S37966,249,21,2026-06-08,38,27,0.002921778358744,0.0070294842310423,0.4696189866256228,val,2
S40238,249,21,2026-06-08,27,16,0.0032519426025235,0.0,0.4243548963478001,val,2
S42121,249,21,2026-06-08,47,17,0.0030910147405929,0.0,0.474068206978634,val,2
S00287,249,21,2026-06-08,38,12,0.0032328812217725,0.0,0.4309331597559083,val,3
S04063,249,21,2026-06-08,23,27,0.0032943042595009,0.0,0.4556515210677447,val,3
S04479,249,21,2026-06-08,43,29,0.0027168042024638,0.0,0.3989520394775311,val,3
S04810,249,21,2026-06-08,49,16,0.0030897531970625,0.0,0.4609664385172277,val,3
S06057,249,21,2026-06-08,25,28,0.00329272890103,0.0,0.4511250314244403,val,3
S08419,249,21,2026-06-08,35,31,0.0027406591009553,0.0035378197918594,0.3577615760462708,val,3
S10976,249,21,2026-06-08,32,24,0.0032331768275549,0.0146419138778534,0.4881068571762015,val,3
S12433,249,21,2026-06-08,15,18,0.0033175906996808,0.0,0.4605519379284715,val,3
S12435,249,21,2026-06-08,58,17,0.0027916511360099,0.0,0.3764334295425551,val,3
S15673,249,21,2026-06-08,24,14,0.0032655718806093,0.0081728365827347,0.4398764402009243,val,3
S17093,249,21,2026-06-08,51,17,0.0029791080454388,0.0,0.3846454343556676,val,3
S18964,249,21,2026-06-08,13,23,0.0032701530153446,0.0097542147235651,0.4130433729437625,val,3
S20146,249,21,2026-06-08,34,31,0.0030776132188881,0.0038978557871786,0.4240965933967816,val,3
S20149,249,21,2026-06-08,49,26,0.0031153595178255,0.00574294265146,0.4091557002418683,val,3
S20978,249,21,2026-06-08,30,23,0.0032391330102801,0.0,0.4763796129378571,val,3
S22559,249,21,2026-06-08,39,27,0.0031106119277921,0.0064211264102738,0.3900487698402624,val,3
S22598,249,21,2026-06-08,35,25,0.0032519697603754,0.0047514340344168,0.3940659983519629,val,3
S30345,249,21,2026-06-08,34,21,0.0031556887745505,0.0,0.4277095564594422,val,3
S34054,249,21,2026-06-08,51,29,0.0032087533880233,0.0006882503070815,0.3983851862868769,val,3
S34233,249,21,2026-06-08,48,25,0.0026464102253808,0.0240122982321291,0.4369744303288955,val,3
S34343,249,21,2026-06-08,36,17,0.0032245476785613,0.0,0.4466638885335599,val,3
S35105,249,21,2026-06-08,30,22,0.0031250498418918,0.0291818961522088,0.5125343223076335,val,3
S35590,249,21,2026-06-08,20,19,0.0033260331428027,0.0039874519620349,0.4727816267494846,val,3
S37281,249,21,2026-06-08,32,14,0.0030331544045524,0.0,0.4174784947851933,val,3
S37355,249,21,2026-06-08,50,16,0.0032050997858835,0.0,0.4157503315988186,val,3
S37966,249,21,2026-06-08,32,27,0.0032383604017124,0.0070294842310423,0.4696189866256228,val,3
S40238,249,21,2026-06-08,33,16,0.0030792502886338,0.0,0.4243548963478001,val,3
S42121,249,21,2026-06-08,41,17,0.0032036816489405,0.0,0.474068206978634,val,3
S00287,249,21,2026-06-08,36,12,0.0032014672892347,0.0,0.4309331597559083,val,4
S04063,249,21,2026-06-08,25,27,0.0032523723397057,0.0,0.4556515210677447,val,4
S04479,249,21,2026-06-08,45,29,0.0026938322959321,0.0,0.3989520394775311,val,4
S04810,249,21,2026-06-08,47,16,0.0029666625809376,0.0,0.4609664385172277,val,4
S06057,249,21,2026-06-08,23,28,0.0033671634604726,0.0,0.4511250314244403,val,4
S08419,249,21,2026-06-08,37,31,0.0029264997082727,0.0035378197918594,0.3577615760462708,val,4
S10976,249,21,2026-06-08,30,24,0.0032978210051555,0.0146419138778534,0.4881068571762015,val,4
S12433,249,21,2026-06-08,15,19,0.0033224898313152,0.0,0.4605519379284715,val,4
S12435,249,21,2026-06-08,60,17,0.0032154694049944,0.0,0.3764334295425551,val,4
S15673,249,21,2026-06-08,20,15,0.0032889211877393,0.0081728365827347,0.4398764402009243,val,4
S17093,249,21,2026-06-08,53,17,0.0031779287340329,0.0,0.3846454343556676,val,4
S18964,249,21,2026-06-08,15,23,0.0026863201487601,0.0097542147235651,0.4130433729437625,val,4
S20146,249,21,2026-06-08,36,31,0.0031617954618014,0.0038978557871786,0.4240965933967816,val,4
S20149,249,21,2026-06-08,46,26,0.0031587410759938,0.00574294265146,0.4091557002418683,val,4
S20978,249,21,2026-06-08,32,23,0.0027838995537731,0.0,0.4763796129378571,val,4
S22559,249,21,2026-06-08,41,27,0.0028351972324401,0.0064211264102738,0.3900487698402624,val,4
S22598,249,21,2026-06-08,37,25,0.0030051296155081,0.0047514340344168,0.3940659983519629,val,4
S30345,249,21,2026-06-08,37,21,0.0029927411062291,0.0,0.4277095564594422,val,4
S34054,249,21,2026-06-08,53,29,0.0027042233835958,0.0006882503070815,0.3983851862868769,val,4
S34233,249,21,2026-06-08,50,25,0.0030941740923281,0.0240122982321291,0.4369744303288955,val,4
S34343,249,21,2026-06-08,37,17,0.0032596324334943,0.0,0.4466638885335599,val,4
S35105,249,21,2026-06-08,27,22,0.0033877226127946,0.0291818961522088,0.5125343223076335,val,4
S35590,249,21,2026-06-08,22,19,0.0033233274173171,0.0039874519620349,0.4727816267494846,val,4
S37281,249,21,2026-06-08,30,14,0.0033448953051212,0.0,0.4174784947851933,val,4
S37355,249,21,2026-06-08,48,16,0.0030908255039956,0.0,0.4157503315988186,val,4
S37966,249,21,2026-06-08,34,27,0.0032513340981642,0.0070294842310423,0.4696189866256228,val,4
S40238,249,21,2026-06-08,31,16,0.0030239099457087,0.0,0.4243548963478001,val,4
S42121,249,21,2026-06-08,43,17,0.0031999055617759,0.0,0.474068206978634,val,4
S01430,249,22,2026-06-08,29,19,0.0025167333048982,0.0,0.3587356213653441,val,1
S01968,249,22,2026-06-08,50,18,0.0021126850391539,0.0,0.3500458501609558,val,1
S03356,249,22,2026-06-08,44,30,0.0023828048585663,0.0,0.3962957194172946,val,1
S06812,249,22,2026-06-08,24,29,0.0023893343810243,0.0,0.3251252258176816,val,1
S07343,249,22,2026-06-08,20,26,0.0014105698175296,0.0,0.3517336869469239,val,1
S08276,249,22,2026-06-08,55,23,0.002288817081104,0.009174714155504,0.3823650908322271,val,1
S13361,249,22,2026-06-08,62,16,0.0026068720650526,0.0,0.4291098292809002,val,1
S20965,249,22,2026-06-08,39,16,0.0019288535435743,0.0,0.3240954615860431,val,1
S22549,249,22,2026-06-08,46,13,0.0012933152213175,0.0031709573483905,0.2820360374662968,val,1
S22554,249,22,2026-06-08,43,19,0.0027722659112504,0.0,0.3544152651823259,val,1
S26135,249,22,2026-06-08,50,17,0.0018626609555749,0.0,0.3480422546969087,val,1
S32745,249,22,2026-06-08,20,14,0.0027714052467698,0.0,0.3647013830086648,val,1
S35101,249,22,2026-06-08,29,23,0.0023303414186524,0.0240127613090155,0.3500717362908611,val,1
S35583,249,22,2026-06-08,31,27,0.0023560301559575,0.0,0.3743010959736169,val,1
S36133,249,22,2026-06-08,34,12,0.0020658342108789,0.0,0.3137461291166504,val,1
S36519,249,22,2026-06-08,34,18,0.0023998930504849,0.0,0.3483238914191569,val,1
S41563,249,22,2026-06-08,34,13,0.001591659005947,0.0,0.3289284544654583,val,1
S01430,249,22,2026-06-08,31,19,0.002906235839809,0.0,0.3587356213653441,val,2
S01968,249,22,2026-06-08,47,18,0.0014846183684515,0.0,0.3500458501609558,val,2
S03356,249,22,2026-06-08,42,30,0.002355995330399,0.0,0.3962957194172946,val,2
S06812,249,22,2026-06-08,26,29,0.0020446975140578,0.0,0.3251252258176816,val,2
S07343,249,22,2026-06-08,18,26,0.0014214353039497,0.0,0.3517336869469239,val,2
S08276,249,22,2026-06-08,57,23,0.0026519312131928,0.009174714155504,0.3823650908322271,val,2
S13361,249,22,2026-06-08,63,17,0.0027008608947313,0.0,0.4291098292809002,val,2
S20965,249,22,2026-06-08,37,16,0.0019650444672646,0.0,0.3240954615860431,val,2
S22549,249,22,2026-06-08,47,13,0.0016511409300013,0.0031709573483905,0.2820360374662968,val,2
S22554,249,22,2026-06-08,46,19,0.0009772161236139,0.0,0.3544152651823259,val,2
S26135,249,22,2026-06-08,54,17,0.0023208839739734,0.0,0.3480422546969087,val,2
S32745,249,22,2026-06-08,19,15,0.0026692416095683,0.0,0.3647013830086648,val,2
S35101,249,22,2026-06-08,31,23,0.0024567674783104,0.0240127613090155,0.3500717362908611,val,2
S35583,249,22,2026-06-08,34,27,0.0027379929253328,0.0,0.3743010959736169,val,2
S36133,249,22,2026-06-08,33,12,0.0017970252346955,0.0,0.3137461291166504,val,2
S36519,249,22,2026-06-08,30,18,0.0020543910260439,0.0,0.3483238914191569,val,2
S41563,249,22,2026-06-08,36,13,0.0019023814272669,0.0,0.3289284544654583,val,2
S01430,249,22,2026-06-08,25,19,0.0015368470548161,0.0,0.3587356213653441,val,3
S01968,249,22,2026-06-08,54,18,0.0022639022914165,0.0,0.3500458501609558,val,3
S03356,249,22,2026-06-08,47,30,0.0023374513220651,0.0,0.3962957194172946,val,3
S06812,249,22,2026-06-08,22,28,0.0019602707773547,0.0,0.3251252258176816,val,3
S07343,249,22,2026-06-08,24,26,0.0020986969062543,0.0,0.3517336869469239,val,3
S08276,249,22,2026-06-08,51,23,0.0021180886240473,0.009174714155504,0.3823650908322271,val,3
S13361,249,22,2026-06-08,59,15,0.0025809722285218,0.0,0.4291098292809002,val,3
S20965,249,22,2026-06-08,45,16,0.0021161157369371,0.0,0.3240954615860431,val,3
S22549,249,22,2026-06-08,43,13,0.0016545910565494,0.0031709573483905,0.2820360374662968,val,3
S22554,249,22,2026-06-08,35,19,0.0025053242795502,0.0,0.3544152651823259,val,3
S26135,249,22,2026-06-08,46,17,0.0019076272483022,0.0,0.3480422546969087,val,3
S32745,249,22,2026-06-08,24,13,0.0026565338745784,0.0,0.3647013830086648,val,3
S35101,249,22,2026-06-08,24,23,0.0014511299209936,0.0240127613090155,0.3500717362908611,val,3
S35583,249,22,2026-06-08,27,27,0.0023105803258256,0.0,0.3743010959736169,val,3
S36133,249,22,2026-06-08,36,12,0.0015987268296798,0.0,0.3137461291166504,val,3
S36519,249,22,2026-06-08,41,18,0.0020334186965642,0.0,0.3483238914191569,val,3
S41563,249,22,2026-06-08,30,13,0.0015982992745014,0.0,0.3289284544654583,val,3
S01430,249,22,2026-06-08,27,19,0.0021757698898845,0.0,0.3587356213653441,val,4
S01968,249,22,2026-06-08,52,18,0.0018091800205684,0.0,0.3500458501609558,val,4
S03356,249,22,2026-06-08,46,30,0.002445522844729,0.0,0.3962957194172946,val,4
S06812,249,22,2026-06-08,20,28,0.0024332630378203,0.0,0.3251252258176816,val,4
S07343,249,22,2026-06-08,22,26,0.0017632891707781,0.0,0.3517336869469239,val,4
S08276,249,22,2026-06-08,53,23,0.0025579580945009,0.009174714155504,0.3823650908322271,val,4
S13361,249,22,2026-06-08,60,15,0.0029432886737928,0.0,0.4291098292809002,val,4
S20965,249,22,2026-06-08,42,16,0.001884107077162,0.0,0.3240954615860431,val,4
S22549,249,22,2026-06-08,45,13,0.0020519115120078,0.0031709573483905,0.2820360374662968,val,4
S22554,249,22,2026-06-08,37,19,0.0019032192853237,0.0,0.3544152651823259,val,4
S26135,249,22,2026-06-08,48,17,0.0021698568035937,0.0,0.3480422546969087,val,4
S32745,249,22,2026-06-08,21,14,0.0026646107676237,0.0,0.3647013830086648,val,4
S35101,249,22,2026-06-08,26,23,0.0024418424902338,0.0240127613090155,0.3500717362908611,val,4
S35583,249,22,2026-06-08,29,27,0.0021928700964473,0.0,0.3743010959736169,val,4
S36133,249,22,2026-06-08,35,12,0.0016124289717118,0.0,0.3137461291166504,val,4
S36519,249,22,2026-06-08,36,18,0.0018664579155024,0.0,0.3483238914191569,val,4
S41563,249,22,2026-06-08,32,13,0.0013833882441282,0.0,0.3289284544654583,val,4
S01170,249,23,2026-06-08,41,19,0.0016317007474435,0.0,0.2684129444130095,val,1
S02419,249,23,2026-06-08,45,12,0.0013024177952662,0.0,0.2631833541554376,val,1
S03169,249,23,2026-06-08,17,16,0.0020540806476836,0.0030251016482847,0.3902189325031529,val,1
S04799,249,23,2026-06-08,52,14,0.001775858603003,0.0,0.2464830019094856,val,1
S10980,249,23,2026-06-08,58,21,0.0027323368712649,0.0241503443975169,0.3969657870061755,val,1
S11624,249,23,2026-06-08,47,31,0.0025687676254488,0.0,0.2863237794432512,val,1
S12437,249,23,2026-06-08,52,17,0.0023188316212555,0.0,0.3464386071186172,val,1
S13729,249,23,2026-06-08,50,21,0.0023517565873223,0.0132281469415566,0.3725924880693869,val,1
S17087,249,23,2026-06-08,39,16,0.0012223694393078,0.0,0.1768275334483652,val,1
S17097,249,23,2026-06-08,31,16,0.0021533030047128,0.0,0.366172024009827,val,1
S21736,249,23,2026-06-08,34,20,0.0015709135454585,0.0,0.2771139449099808,val,1
S22268,249,23,2026-06-08,48,12,0.0019648772506696,0.0,0.2708958743187965,val,1
S24193,249,23,2026-06-08,19,15,0.0021574379264798,0.0,0.4051070581129735,val,1
S27257,249,23,2026-06-08,31,14,0.0020151910913549,0.0,0.3089834652279889,val,1
S27398,249,23,2026-06-08,45,24,0.002562364006383,0.0,0.4009331305190156,val,1
S29499,249,23,2026-06-08,36,30,0.0026912924850988,0.0,0.3937293709861126,val,1
S29665,249,23,2026-06-08,29,12,0.0019427426513286,0.0,0.3485700796166813,val,1
S34145,249,23,2026-06-08,28,13,0.0015693520014476,0.0,0.2240493954042084,val,1
S34158,249,23,2026-06-08,41,29,0.0026683218814819,0.0,0.4422933653671712,val,1
S35106,249,23,2026-06-08,37,30,0.0026598188444588,0.0223767433148916,0.3781586919882225,val,1
S35547,249,23,2026-06-08,29,27,0.0025645114336323,0.0,0.4152463906445567,val,1
S37278,249,23,2026-06-08,26,25,0.0024004118741997,0.0,0.3513919763887175,val,1
S37519,249,23,2026-06-08,23,21,0.0023113186114086,0.0,0.3020973815842135,val,1
S39412,249,23,2026-06-08,25,27,0.002693575592644,0.0100586925723537,0.423162625439867,val,1
S39413,249,23,2026-06-08,29,30,0.0026934815549614,0.0,0.3770705479824143,val,1
S01170,249,23,2026-06-08,43,19,0.0019024813101492,0.0,0.2684129444130095,val,2
S02419,249,23,2026-06-08,43,12,0.0013881168922944,0.0,0.2631833541554376,val,2
S03169,249,23,2026-06-08,15,17,0.0024491183589823,0.0030251016482847,0.3902189325031529,val,2
S04799,249,23,2026-06-08,50,14,0.0014155322496235,0.0,0.2464830019094856,val,2
S10980,249,23,2026-06-08,60,21,0.0027617370372258,0.0241503443975169,0.3969657870061755,val,2
S11624,249,23,2026-06-08,43,32,0.0025728668980706,0.0,0.2863237794432512,val,2
S12437,249,23,2026-06-08,54,17,0.0024057771454985,0.0,0.3464386071186172,val,2
S13729,249,23,2026-06-08,52,21,0.0024679460540191,0.0132281469415566,0.3725924880693869,val,2
S17087,249,23,2026-06-08,37,16,0.0022509657839454,0.0,0.1768275334483652,val,2
S17097,249,23,2026-06-08,29,16,0.0015096219276211,0.0,0.366172024009827,val,2
S21736,249,23,2026-06-08,33,20,0.0022865760919577,0.0,0.2771139449099808,val,2
S22268,249,23,2026-06-08,50,12,0.0018344870812988,0.0,0.2708958743187965,val,2
S24193,249,23,2026-06-08,16,17,0.0026170522432169,0.0,0.4051070581129735,val,2
S27257,249,23,2026-06-08,30,14,0.0010864520370737,0.0,0.3089834652279889,val,2
S27398,249,23,2026-06-08,43,24,0.0025357156026062,0.0,0.4009331305190156,val,2
S29499,249,23,2026-06-08,34,30,0.0025929451556366,0.0,0.3937293709861126,val,2
S29665,249,23,2026-06-08,30,12,0.0018913712951193,0.0,0.3485700796166813,val,2
S34145,249,23,2026-06-08,29,13,0.0017886190390649,0.0,0.2240493954042084,val,2
S34158,249,23,2026-06-08,43,29,0.0026764407733015,0.0,0.4422933653671712,val,2
S35106,249,23,2026-06-08,35,30,0.0025964668796192,0.0223767433148916,0.3781586919882225,val,2
S35547,249,23,2026-06-08,30,27,0.0026422195698491,0.0,0.4152463906445567,val,2
S37278,249,23,2026-06-08,28,25,0.0023200622521797,0.0,0.3513919763887175,val,2
S37519,249,23,2026-06-08,25,21,0.0024802134959347,0.0,0.3020973815842135,val,2
S39412,249,23,2026-06-08,27,27,0.0026558811178566,0.0100586925723537,0.423162625439867,val,2
S39413,249,23,2026-06-08,27,30,0.0026859593236349,0.0,0.3770705479824143,val,2
S01170,249,23,2026-06-08,37,19,0.0023880534243386,0.0,0.2684129444130095,val,3
S02419,249,23,2026-06-08,46,31,0.0025186224499026,0.0,0.2631833541554376,val,3
S03169,249,23,2026-06-08,24,13,0.0020595821499414,0.0030251016482847,0.3902189325031529,val,3
S04799,249,23,2026-06-08,54,14,0.0011723354121907,0.0,0.2464830019094856,val,3
S10980,249,23,2026-06-08,54,21,0.0026492136200751,0.0241503443975169,0.3969657870061755,val,3
S11624,249,23,2026-06-08,45,31,0.0026779414759857,0.0,0.2863237794432512,val,3
S12437,249,23,2026-06-08,48,17,0.0022985287472931,0.0,0.3464386071186172,val,3
S13729,249,23,2026-06-08,46,21,0.0021227054043004,0.0132281469415566,0.3725924880693869,val,3
S17087,249,23,2026-06-08,43,16,0.0012485071167678,0.0,0.1768275334483652,val,3
S17097,249,23,2026-06-08,35,16,0.0015105974114586,0.0,0.366172024009827,val,3
S21736,249,23,2026-06-08,36,20,0.0021882207909257,0.0,0.2771139449099808,val,3
S22268,249,23,2026-06-08,44,11,0.0018457908184509,0.0,0.2708958743187965,val,3
S24193,249,23,2026-06-08,23,13,0.002161126214051,0.0,0.4051070581129735,val,3
S27257,249,23,2026-06-08,34,14,0.0021889932237407,0.0,0.3089834652279889,val,3
S27398,249,23,2026-06-08,49,24,0.0025605390535404,0.0,0.4009331305190156,val,3
S29499,249,23,2026-06-08,41,30,0.0025885059433333,0.0,0.3937293709861126,val,3
S29665,249,23,2026-06-08,31,12,0.0018888124598078,0.0,0.3485700796166813,val,3
S34145,249,23,2026-06-08,32,12,0.0017524551625497,0.0,0.2240493954042084,val,3
S34158,249,23,2026-06-08,37,29,0.0026243542768686,0.0,0.4422933653671712,val,3
S35106,249,23,2026-06-08,42,30,0.002694963015187,0.0223767433148916,0.3781586919882225,val,3
S35547,249,23,2026-06-08,26,27,0.0026552284647685,0.0,0.4152463906445567,val,3
S37278,249,23,2026-06-08,21,25,0.0025846140183831,0.0,0.3513919763887175,val,3
S37519,249,23,2026-06-08,19,21,0.0022239495930613,0.0,0.3020973815842135,val,3
S39412,249,23,2026-06-08,20,27,0.0026754160953378,0.0100586925723537,0.423162625439867,val,3
S39413,249,23,2026-06-08,33,30,0.0025768757416403,0.0,0.3770705479824143,val,3
S01170,249,23,2026-06-08,39,19,0.0020719242062018,0.0,0.2684129444130095,val,4
S02419,249,23,2026-06-08,47,12,0.0014485251455838,0.0,0.2631833541554376,val,4
S03169,249,23,2026-06-08,21,14,0.002067384149435,0.0030251016482847,0.3902189325031529,val,4
S04799,249,23,2026-06-08,53,14,0.0024095533349762,0.0,0.2464830019094856,val,4
S10980,249,23,2026-06-08,56,21,0.0026338322434621,0.0241503443975169,0.3969657870061755,val,4
S11624,249,23,2026-06-08,46,31,0.0026246928304543,0.0,0.2863237794432512,val,4
S12437,249,23,2026-06-08,50,17,0.0023581566692224,0.0,0.3464386071186172,val,4
S13729,249,23,2026-06-08,48,21,0.0024237243403474,0.0132281469415566,0.3725924880693869,val,4
S17087,249,23,2026-06-08,41,16,0.0010255427307946,0.0,0.1768275334483652,val,4
S17097,249,23,2026-06-08,33,16,0.0011837287754702,0.0,0.366172024009827,val,4
S21736,249,23,2026-06-08,35,20,0.0023636457008082,0.0,0.2771139449099808,val,4
S22268,249,23,2026-06-08,46,11,0.0015233435846616,0.0,0.2708958743187965,val,4
S24193,249,23,2026-06-08,26,13,0.001872711936986,0.0,0.4051070581129735,val,4
S27257,249,23,2026-06-08,32,14,0.001287877224215,0.0,0.3089834652279889,val,4
S27398,249,23,2026-06-08,47,24,0.0025396893837424,0.0,0.4009331305190156,val,4
S29499,249,23,2026-06-08,39,30,0.0026390370575239,0.0,0.3937293709861126,val,4
S29665,249,23,2026-06-08,28,12,0.001752626339268,0.0,0.3485700796166813,val,4
S34145,249,23,2026-06-08,27,13,0.0016815777637555,0.0,0.2240493954042084,val,4
S34158,249,23,2026-06-08,39,29,0.0026419979064787,0.0,0.4422933653671712,val,4
S35106,249,23,2026-06-08,40,30,0.0026568621096895,0.0223767433148916,0.3781586919882225,val,4
S35547,249,23,2026-06-08,28,27,0.0027205494995487,0.0,0.4152463906445567,val,4
S37278,249,23,2026-06-08,23,25,0.0023766144724197,0.0,0.3513919763887175,val,4
S37519,249,23,2026-06-08,21,21,0.0026962059184235,0.0,0.3020973815842135,val,4
S39412,249,23,2026-06-08,22,27,0.0026207021206455,0.0100586925723537,0.423162625439867,val,4
S39413,249,23,2026-06-08,31,30,0.0026411864135322,0.0,0.3770705479824143,val,4
S00887,249,24,2026-06-08,44,32,0.0030583734868909,0.0,0.411662090739539,val,1
S04884,249,24,2026-06-08,23,17,0.0035166930313869,0.0,0.4793319886669904,val,1
S05223,249,24,2026-06-08,43,16,0.0033082164121253,0.0,0.5045544707335002,val,1
S12316,249,24,2026-06-08,51,30,0.0031567771774393,0.0,0.4758874119184819,val,1
S12892,249,24,2026-06-08,41,32,0.0032725212427531,0.0,0.4213100234251678,val,1
S13912,249,24,2026-06-08,23,23,0.0035103070981612,0.0,0.4890828751660763,val,1
S14149,249,24,2026-06-08,28,20,0.0035295879418031,0.0,0.5131718196639997,val,1
S14821,249,24,2026-06-08,25,24,0.0034993208698471,0.0,0.51051440282999,val,1
S14827,249,24,2026-06-08,13,23,0.0033009619502907,0.0,0.4020206226016765,val,1
S18380,249,24,2026-06-08,50,25,0.0033037477004022,0.0,0.410438952149248,val,1
S20613,249,24,2026-06-08,55,20,0.0033913440341017,0.0,0.4476794882999965,val,1
S22592,249,24,2026-06-08,57,25,0.0030424498323162,0.0064543987636644,0.4514325736448812,val,1
S25483,249,24,2026-06-08,43,26,0.0032318641720016,0.0,0.4523786091101445,val,1
S26474,249,24,2026-06-08,41,24,0.0033906367099787,0.0,0.4269042705178784,val,1
S27306,249,24,2026-06-08,49,22,0.0033215410988854,0.0,0.4860521236458573,val,1
S28567,249,24,2026-06-08,25,25,0.003552419931226,0.0,0.5254176720052709,val,1
S32582,249,24,2026-06-08,55,21,0.0033351571702559,0.0,0.4523212088890586,val,1
S32838,249,24,2026-06-08,44,29,0.0032042566104782,0.0,0.5030438625060979,val,1
S34733,249,24,2026-06-08,47,19,0.0029750127013017,0.0,0.4681517093785616,val,1
S35431,249,24,2026-06-08,58,25,0.0032308237610413,0.0280760433254245,0.4510524021416713,val,1
S35437,249,24,2026-06-08,18,26,0.0034518940627451,0.0374805318294342,0.4581402852496817,val,1
S36843,249,24,2026-06-08,40,15,0.0032438255535341,0.0,0.4524626102118084,val,1
S37953,249,24,2026-06-08,32,27,0.0034256717658731,0.0013537512802074,0.5003257384566774,val,1
S00887,249,24,2026-06-08,43,32,0.0030980343697493,0.0,0.411662090739539,val,2
S04884,249,24,2026-06-08,25,17,0.0035469416461988,0.0,0.4793319886669904,val,2
S05223,249,24,2026-06-08,41,16,0.0031929675996628,0.0,0.5045544707335002,val,2
S12316,249,24,2026-06-08,49,30,0.0032386986729463,0.0,0.4758874119184819,val,2
S12892,249,24,2026-06-08,39,32,0.0032119773532651,0.0,0.4213100234251678,val,2
S13912,249,24,2026-06-08,25,23,0.0035301045160341,0.0,0.4890828751660763,val,2
S14149,249,24,2026-06-08,27,20,0.0034186096922412,0.0,0.5131718196639997,val,2
S14821,249,24,2026-06-08,23,24,0.003512316269474,0.0,0.51051440282999,val,2
S14827,249,24,2026-06-08,15,23,0.0034672990703532,0.0,0.4020206226016765,val,2
S18380,249,24,2026-06-08,52,25,0.0033286599616724,0.0,0.410438952149248,val,2
S20613,249,24,2026-06-08,52,20,0.0032988020929559,0.0,0.4476794882999965,val,2
S22592,249,24,2026-06-08,59,25,0.0032205694411254,0.0064543987636644,0.4514325736448812,val,2
S25483,249,24,2026-06-08,41,26,0.0033343476344428,0.0,0.4523786091101445,val,2
S26474,249,24,2026-06-08,38,24,0.0034272716216951,0.0,0.4269042705178784,val,2
S27306,249,24,2026-06-08,47,22,0.00332805984281,0.0,0.4860521236458573,val,2
S28567,249,24,2026-06-08,27,25,0.0035493532404106,0.0,0.5254176720052709,val,2
S32582,249,24,2026-06-08,57,21,0.0032351987471418,0.0,0.4523212088890586,val,2
S32838,249,24,2026-06-08,45,29,0.0032491916991387,0.0,0.5030438625060979,val,2
S34733,249,24,2026-06-08,49,19,0.0032931663820378,0.0,0.4681517093785616,val,2
S35431,249,24,2026-06-08,61,25,0.0032186559096017,0.0280760433254245,0.4510524021416713,val,2
S35437,249,24,2026-06-08,18,27,0.0033366992724935,0.0374805318294342,0.4581402852496817,val,2
S36843,249,24,2026-06-08,42,15,0.0031951279616271,0.0,0.4524626102118084,val,2
S37953,249,24,2026-06-08,34,27,0.0034346944076694,0.0013537512802074,0.5003257384566774,val,2
S00887,249,24,2026-06-08,53,30,0.0032197478612375,0.0,0.411662090739539,val,3
S04884,249,24,2026-06-08,19,17,0.0035527778229866,0.0,0.4793319886669904,val,3
S05223,249,24,2026-06-08,47,16,0.0030300893425191,0.0,0.5045544707335002,val,3
S12316,249,24,2026-06-08,54,29,0.0031482936804074,0.0,0.4758874119184819,val,3
S12892,249,24,2026-06-08,50,31,0.003128297493165,0.0,0.4213100234251678,val,3
S13912,249,24,2026-06-08,18,23,0.0034715332623647,0.0,0.4890828751660763,val,3
S14149,249,24,2026-06-08,30,20,0.0035469406075755,0.0,0.5131718196639997,val,3
S14821,249,24,2026-06-08,29,24,0.0034534196478157,0.0,0.51051440282999,val,3
S14827,249,24,2026-06-08,17,22,0.0034666770323507,0.0,0.4020206226016765,val,3
S18380,249,24,2026-06-08,45,25,0.003163784782176,0.0,0.410438952149248,val,3
S20613,249,24,2026-06-08,59,20,0.0031714234320938,0.0,0.4476794882999965,val,3
S22592,249,24,2026-06-08,53,25,0.0033516283862442,0.0064543987636644,0.4514325736448812,val,3
S25483,249,24,2026-06-08,48,26,0.0032632966833189,0.0,0.4523786091101445,val,3
S26474,249,24,2026-06-08,45,24,0.0033118992650139,0.0,0.4269042705178784,val,3
S27306,249,24,2026-06-08,53,22,0.0033125783734945,0.0,0.4860521236458573,val,3
S28567,249,24,2026-06-08,21,25,0.0033884320605236,0.0,0.5254176720052709,val,3
S32582,249,24,2026-06-08,51,21,0.003163942982755,0.0,0.4523212088890586,val,3
S32838,249,24,2026-06-08,42,29,0.003129648622948,0.0,0.5030438625060979,val,3
S34733,249,24,2026-06-08,35,19,0.0034382385911945,0.0,0.4681517093785616,val,3
S35431,249,24,2026-06-08,54,25,0.0033377595450044,0.0280760433254245,0.4510524021416713,val,3
S35437,249,24,2026-06-08,22,26,0.0034677606697669,0.0374805318294342,0.4581402852496817,val,3
S36843,249,24,2026-06-08,36,15,0.0031331203804456,0.0,0.4524626102118084,val,3
S37953,249,24,2026-06-08,28,27,0.0034657950825265,0.0013537512802074,0.5003257384566774,val,3
S00887,249,24,2026-06-08,48,31,0.0031523089084508,0.0,0.411662090739539,val,4
S04884,249,24,2026-06-08,21,17,0.003524966013048,0.0,0.4793319886669904,val,4
S05223,249,24,2026-06-08,45,16,0.0031210210036647,0.0,0.5045544707335002,val,4
S12316,249,24,2026-06-08,56,29,0.0031356594793771,0.0,0.4758874119184819,val,4
S12892,249,24,2026-06-08,53,31,0.0031550914445582,0.0,0.4213100234251678,val,4
S13912,249,24,2026-06-08,21,23,0.0034988402854209,0.0,0.4890828751660763,val,4
S14149,249,24,2026-06-08,29,20,0.0034947631777536,0.0,0.5131718196639997,val,4
S14821,249,24,2026-06-08,27,24,0.0035059215501126,0.0,0.51051440282999,val,4
S14827,249,24,2026-06-08,14,22,0.0034101435222801,0.0,0.4020206226016765,val,4
S18380,249,24,2026-06-08,48,25,0.0032993163147572,0.0,0.410438952149248,val,4
S20613,249,24,2026-06-08,57,20,0.0032441245007532,0.0,0.4476794882999965,val,4
S22592,249,24,2026-06-08,55,25,0.0033005425748262,0.0064543987636644,0.4514325736448812,val,4
S25483,249,24,2026-06-08,46,26,0.0029713826481368,0.0,0.4523786091101445,val,4
S26474,249,24,2026-06-08,43,24,0.0033703296735271,0.0,0.4269042705178784,val,4
S27306,249,24,2026-06-08,51,22,0.002936779882509,0.0,0.4860521236458573,val,4
S28567,249,24,2026-06-08,23,25,0.0035150785555968,0.0,0.5254176720052709,val,4
S32582,249,24,2026-06-08,53,21,0.003360179540486,0.0,0.4523212088890586,val,4
S32838,249,24,2026-06-08,43,29,0.0032044379253839,0.0,0.5030438625060979,val,4
S34733,249,24,2026-06-08,44,19,0.0030865201858571,0.0,0.4681517093785616,val,4
S35431,249,24,2026-06-08,56,25,0.00311773953443,0.0280760433254245,0.4510524021416713,val,4
S35437,249,24,2026-06-08,20,26,0.0034076734831769,0.0374805318294342,0.4581402852496817,val,4
S36843,249,24,2026-06-08,38,15,0.0034624850344837,0.0,0.4524626102118084,val,4
S37953,249,24,2026-06-08,30,27,0.0034049383931649,0.0013537512802074,0.5003257384566774,val,4
S02248,249,25,2026-06-08,35,14,0.0023047909086344,0.0,0.3266734877998573,val,1
S04808,249,25,2026-06-08,28,30,0.0029406115892352,0.0,0.366039600270666,val,1
S06727,249,25,2026-06-08,19,16,0.0024539487278657,0.0,0.3539644840125639,val,1
S09346,249,25,2026-06-08,33,26,0.0029611081935292,0.0,0.4907611242436667,val,1
S10970,249,25,2026-06-08,53,16,0.002856585154078,0.0160836739382995,0.4212381576234045,val,1
S22071,249,25,2026-06-08,14,19,0.0028556404428341,0.0,0.3764857695756345,val,1
S23475,249,25,2026-06-08,54,27,0.0030570027465566,0.0,0.402896736045117,val,1
S34160,249,25,2026-06-08,51,30,0.0024303799096205,0.0,0.3651287717995093,val,1
S34939,249,25,2026-06-08,15,22,0.0024095029579876,0.0,0.3752964517956305,val,1
S38800,249,25,2026-06-08,49,19,0.0030486089364501,0.0,0.3333980789504329,val,1
S42124,249,25,2026-06-08,24,18,0.0027842494747207,0.0132024247833686,0.3563834142983359,val,1
S02248,249,25,2026-06-08,33,14,0.0022983355767652,0.0,0.3266734877998573,val,2
S04808,249,25,2026-06-08,32,31,0.0027308666341563,0.0,0.366039600270666,val,2
S06727,249,25,2026-06-08,17,17,0.0029342799710678,0.0,0.3539644840125639,val,2
S09346,249,25,2026-06-08,31,26,0.0031577275752524,0.0,0.4907611242436667,val,2
S10970,249,25,2026-06-08,45,16,0.0027727483923691,0.0160836739382995,0.4212381576234045,val,2
S22071,249,25,2026-06-08,16,19,0.0027230813699083,0.0,0.3764857695756345,val,2
S23475,249,25,2026-06-08,56,27,0.0029127483977677,0.0,0.402896736045117,val,2
S34160,249,25,2026-06-08,50,30,0.0029717138466395,0.0,0.3651287717995093,val,2
S34939,249,25,2026-06-08,13,22,0.0027253086874823,0.0,0.3752964517956305,val,2
S38800,249,25,2026-06-08,51,19,0.0028565361270506,0.0,0.3333980789504329,val,2
S42124,249,25,2026-06-08,22,18,0.0030030393578503,0.0132024247833686,0.3563834142983359,val,2
S02248,249,25,2026-06-08,49,14,0.0023523801503063,0.0,0.3266734877998573,val,3
S04808,249,25,2026-06-08,32,30,0.0029581044476999,0.0,0.366039600270666,val,3
S06727,249,25,2026-06-08,23,16,0.0023162530466029,0.0,0.3539644840125639,val,3
S09346,249,25,2026-06-08,37,26,0.0031600412138259,0.0,0.4907611242436667,val,3
S10970,249,25,2026-06-08,57,16,0.0025819895191884,0.0160836739382995,0.4212381576234045,val,3
S22071,249,25,2026-06-08,20,18,0.002885228022361,0.0,0.3764857695756345,val,3
S23475,249,25,2026-06-08,46,27,0.0031039152952917,0.0,0.402896736045117,val,3
S34160,249,25,2026-06-08,55,29,0.0028853265515796,0.0,0.3651287717995093,val,3
S34939,249,25,2026-06-08,19,22,0.0030266524306565,0.0,0.3752964517956305,val,3
S38800,249,25,2026-06-08,30,19,0.0028198122160637,0.0,0.3333980789504329,val,3
S42124,249,25,2026-06-08,30,18,0.0030761014179992,0.0132024247833686,0.3563834142983359,val,3
S02248,249,25,2026-06-08,44,14,0.0023628240143655,0.0,0.3266734877998573,val,4
S04808,249,25,2026-06-08,30,30,0.0030430702969818,0.0,0.366039600270666,val,4
S06727,249,25,2026-06-08,21,16,0.0022087618991318,0.0,0.3539644840125639,val,4
S09346,249,25,2026-06-08,35,26,0.0030582729528804,0.0,0.4907611242436667,val,4
S10970,249,25,2026-06-08,55,16,0.0028996964259653,0.0160836739382995,0.4212381576234045,val,4
S22071,249,25,2026-06-08,16,18,0.0022172653172157,0.0,0.3764857695756345,val,4
S23475,249,25,2026-06-08,51,27,0.0029915477420309,0.0,0.402896736045117,val,4
S34160,249,25,2026-06-08,52,30,0.002965236967266,0.0,0.3651287717995093,val,4
S34939,249,25,2026-06-08,17,22,0.002448849743404,0.0,0.3752964517956305,val,4
S38800,249,25,2026-06-08,47,19,0.0028841524654774,0.0,0.3333980789504329,val,4
S42124,249,25,2026-06-08,28,18,0.0029663527620577,0.0132024247833686,0.3563834142983359,val,4
