name,train_rmse,val_rmse,val_iqr_outliers,val_iqr_upper_fence,val_max_pred,val_outlier_true_mean,val_outlier_true_max,val_outlier_true_ge_q95,val_top_pred_y_true,uses_iso,iso_weight,tail_q,tail_resid_q,tail_gain,tail_power,iqr_top_k,tail_resid_scale,tail_start,tail_denom
iso_w0.75_q0.975_rq0.75_g0_p1_iqr1,0.005488358956769895,0.005698890384895705,1,0.005719697019115276,0.0057206970191152765,0.00500254153267,0.00500254153267,0,0.00500254153267,True,0.75,0.975,0.75,0.0,1.0,1,0.0015963386281463135,0.0035549383930238675,0.00011730284771327253
iso_w0.75_q0.975_rq0.75_g0_p2_iqr1,0.005488358956769895,0.005698890384895705,1,0.005719697019115276,0.0057206970191152765,0.00500254153267,0.00500254153267,0,0.00500254153267,True,0.75,0.975,0.75,0.0,2.0,1,0.0015963386281463135,0.0035549383930238675,0.00011730284771327253
iso_w0.75_q0.975_rq0.9_g0_p1_iqr1,0.005488358956769895,0.005698890384895705,1,0.005719697019115276,0.0057206970191152765,0.00500254153267,0.00500254153267,0,0.00500254153267,True,0.75,0.975,0.9,0.0,1.0,1,0.006881236303464197,0.0035549383930238675,0.00011730284771327253
iso_w0.75_q0.975_rq0.9_g0_p2_iqr1,0.005488358956769895,0.005698890384895705,1,0.005719697019115276,0.0057206970191152765,0.00500254153267,0.00500254153267,0,0.00500254153267,True,0.75,0.975,0.9,0.0,2.0,1,0.006881236303464197,0.0035549383930238675,0.00011730284771327253
iso_w0.75_q0.99_rq0.75_g0_p1_iqr1,0.005488358956769895,0.005698890384895705,1,0.005719697019115276,0.0057206970191152765,0.00500254153267,0.00500254153267,0,0.00500254153267,True,0.75,0.99,0.75,0.0,1.0,1,0.0013384729513738697,0.003598510444939731,7.373079579740902e-05
iso_w0.75_q0.99_rq0.75_g0_p2_iqr1,0.005488358956769895,0.005698890384895705,1,0.005719697019115276,0.0057206970191152765,0.00500254153267,0.00500254153267,0,0.00500254153267,True,0.75,0.99,0.75,0.0,2.0,1,0.0013384729513738697,0.003598510444939731,7.373079579740902e-05
iso_w0.75_q0.99_rq0.9_g0_p2_iqr1,0.005488358956769895,0.005698890384895705,1,0.005719697019115276,0.0057206970191152765,0.00500254153267,0.00500254153267,0,0.00500254153267,True,0.75,0.99,0.9,0.0,2.0,1,0.005593695955935377,0.003598510444939731,7.373079579740902e-05
iso_w0.75_q0.99_rq0.9_g0_p1_iqr1,0.005488358956769895,0.005698890384895705,1,0.005719697019115276,0.0057206970191152765,0.00500254153267,0.00500254153267,0,0.00500254153267,True,0.75,0.99,0.9,0.0,1.0,1,0.005593695955935377,0.003598510444939731,7.373079579740902e-05
iso_w0.75_q0.95_rq0.75_g0_p2_iqr1,0.005488358956769895,0.005698890384895705,1,0.005719697019115276,0.0057206970191152765,0.00500254153267,0.00500254153267,0,0.00500254153267,True,0.75,0.95,0.75,0.0,2.0,1,0.0010658411166614775,0.0035056614035127455,0.00016657983722439445
iso_w0.75_q0.95_rq0.75_g0_p1_iqr1,0.005488358956769895,0.005698890384895705,1,0.005719697019115276,0.0057206970191152765,0.00500254153267,0.00500254153267,0,0.00500254153267,True,0.75,0.95,0.75,0.0,1.0,1,0.0010658411166614775,0.0035056614035127455,0.00016657983722439445
iso_w0.75_q0.95_rq0.9_g0_p2_iqr1,0.005488358956769895,0.005698890384895705,1,0.005719697019115276,0.0057206970191152765,0.00500254153267,0.00500254153267,0,0.00500254153267,True,0.75,0.95,0.9,0.0,2.0,1,0.0070938554580928835,0.0035056614035127455,0.00016657983722439445
iso_w0.75_q0.95_rq0.9_g0_p1_iqr1,0.005488358956769895,0.005698890384895705,1,0.005719697019115276,0.0057206970191152765,0.00500254153267,0.00500254153267,0,0.00500254153267,True,0.75,0.95,0.9,0.0,1.0,1,0.0070938554580928835,0.0035056614035127455,0.00016657983722439445
iso_w0.75_q0.99_rq0.75_g0.5_p2_iqr1,0.005489214950955281,0.005698907364817206,1,0.005719697019115276,0.0057206970191152765,0.00500254153267,0.00500254153267,0,0.00500254153267,True,0.75,0.99,0.75,0.5,2.0,1,0.0013384729513738697,0.003598510444939731,7.373079579740902e-05
iso_w0.75_q0.975_rq0.9_g0_p1_iqr0,0.005488326735214442,0.005698907792368376,0,0.005719697019115276,0.003503460490011784,,,0,0.00500254153267,True,0.75,0.975,0.9,0.0,1.0,0,0.006881236303464197,0.0035549383930238675,0.00011730284771327253
iso_w0.75_q0.99_rq0.75_g0_p2_iqr0,0.005488326735214442,0.005698907792368376,0,0.005719697019115276,0.003503460490011784,,,0,0.00500254153267,True,0.75,0.99,0.75,0.0,2.0,0,0.0013384729513738697,0.003598510444939731,7.373079579740902e-05
iso_w0.75_q0.975_rq0.75_g0_p2_iqr0,0.005488326735214442,0.005698907792368376,0,0.005719697019115276,0.003503460490011784,,,0,0.00500254153267,True,0.75,0.975,0.75,0.0,2.0,0,0.0015963386281463135,0.0035549383930238675,0.00011730284771327253
iso_w0.75_q0.99_rq0.9_g0_p1_iqr0,0.005488326735214442,0.005698907792368376,0,0.005719697019115276,0.003503460490011784,,,0,0.00500254153267,True,0.75,0.99,0.9,0.0,1.0,0,0.005593695955935377,0.003598510444939731,7.373079579740902e-05
iso_w0.75_q0.99_rq0.9_g0_p2_iqr0,0.005488326735214442,0.005698907792368376,0,0.005719697019115276,0.003503460490011784,,,0,0.00500254153267,True,0.75,0.99,0.9,0.0,2.0,0,0.005593695955935377,0.003598510444939731,7.373079579740902e-05
iso_w0.75_q0.99_rq0.75_g0_p1_iqr0,0.005488326735214442,0.005698907792368376,0,0.005719697019115276,0.003503460490011784,,,0,0.00500254153267,True,0.75,0.99,0.75,0.0,1.0,0,0.0013384729513738697,0.003598510444939731,7.373079579740902e-05
iso_w0.75_q0.975_rq0.75_g0_p1_iqr0,0.005488326735214442,0.005698907792368376,0,0.005719697019115276,0.003503460490011784,,,0,0.00500254153267,True,0.75,0.975,0.75,0.0,1.0,0,0.0015963386281463135,0.0035549383930238675,0.00011730284771327253
iso_w0.75_q0.95_rq0.9_g0_p1_iqr0,0.005488326735214442,0.005698907792368376,0,0.005719697019115276,0.003503460490011784,,,0,0.00500254153267,True,0.75,0.95,0.9,0.0,1.0,0,0.0070938554580928835,0.0035056614035127455,0.00016657983722439445
iso_w0.75_q0.95_rq0.75_g0_p2_iqr0,0.005488326735214442,0.005698907792368376,0,0.005719697019115276,0.003503460490011784,,,0,0.00500254153267,True,0.75,0.95,0.75,0.0,2.0,0,0.0010658411166614775,0.0035056614035127455,0.00016657983722439445
iso_w0.75_q0.95_rq0.9_g0_p2_iqr0,0.005488326735214442,0.005698907792368376,0,0.005719697019115276,0.003503460490011784,,,0,0.00500254153267,True,0.75,0.95,0.9,0.0,2.0,0,0.0070938554580928835,0.0035056614035127455,0.00016657983722439445
iso_w0.75_q0.95_rq0.75_g0_p1_iqr0,0.005488326735214442,0.005698907792368376,0,0.005719697019115276,0.003503460490011784,,,0,0.00500254153267,True,0.75,0.95,0.75,0.0,1.0,0,0.0010658411166614775,0.0035056614035127455,0.00016657983722439445
iso_w0.75_q0.975_rq0.9_g0_p2_iqr0,0.005488326735214442,0.005698907792368376,0,0.005719697019115276,0.003503460490011784,,,0,0.00500254153267,True,0.75,0.975,0.9,0.0,2.0,0,0.006881236303464197,0.0035549383930238675,0.00011730284771327253
iso_w0.75_q0.99_rq0.75_g0.5_p2_iqr0,0.005489214950955281,0.0056989204416998925,0,0.005719697019115276,0.003654769409107684,,,0,0.00500254153267,True,0.75,0.99,0.75,0.5,2.0,0,0.0013384729513738697,0.003598510444939731,7.373079579740902e-05
iso_w0.75_q0.99_rq0.75_g1_p2_iqr1,0.005490804091195057,0.005698925192762803,1,0.005719697019115276,0.0057206970191152765,0.00500254153267,0.00500254153267,0,0.00500254153267,True,0.75,0.99,0.75,1.0,2.0,1,0.0013384729513738697,0.003598510444939731,7.373079579740902e-05
iso_w0.75_q0.99_rq0.75_g0.5_p1_iqr1,0.005488832350912084,0.005698933514232201,1,0.005719697019115276,0.0057206970191152765,0.00500254153267,0.00500254153267,0,0.00500254153267,True,0.75,0.99,0.75,0.5,1.0,1,0.0013384729513738697,0.003598510444939731,7.373079579740902e-05
iso_w0.75_q0.99_rq0.75_g1_p2_iqr0,0.005490804091195057,0.005698934399407949,0,0.005719697019115276,0.0038060783282035837,,,0,0.00500254153267,True,0.75,0.99,0.75,1.0,2.0,0,0.0013384729513738697,0.003598510444939731,7.373079579740902e-05
iso_w0.75_q0.975_rq0.75_g0.5_p2_iqr1,0.005489153595960074,0.005698941258873612,1,0.005719697019115276,0.0057206970191152765,0.00500254153267,0.00500254153267,0,0.00500254153267,True,0.75,0.975,0.75,0.5,2.0,1,0.0015963386281463135,0.0035549383930238675,0.00011730284771327253
iso_w0.75_q0.99_rq0.75_g0.5_p1_iqr0,0.005488832350912084,0.005698942348065183,0,0.005719697019115276,0.0038216765294499925,,,0,0.00500254153267,True,0.75,0.99,0.75,0.5,1.0,0,0.0013384729513738697,0.003598510444939731,7.373079579740902e-05
iso_w0.75_q0.99_rq0.75_g1.5_p2_iqr1,0.005493093547605917,0.005698943868724536,1,0.005719697019115276,0.0057206970191152765,0.00500254153267,0.00500254153267,0,0.00500254153267,True,0.75,0.99,0.75,1.5,2.0,1,0.0013384729513738697,0.003598510444939731,7.373079579740902e-05
iso_w0.75_q0.975_rq0.75_g0.5_p2_iqr0,0.005489153595960074,0.005698949149323919,0,0.005719697019115276,0.003862100574840111,,,0,0.00500254153267,True,0.75,0.975,0.75,0.5,2.0,0,0.0015963386281463135,0.0035549383930238675,0.00011730284771327253
iso_w0.75_q0.99_rq0.75_g1.5_p2_iqr0,0.005493093547605917,0.005698949665482933,0,0.005719697019115276,0.0039573872472994836,,,0,0.00500254153267,True,0.75,0.99,0.75,1.5,2.0,0,0.0013384729513738697,0.003598510444939731,7.373079579740902e-05
iso_w0.75_q0.95_rq0.75_g0.5_p2_iqr1,0.005488833157192676,0.005698964413488292,1,0.005719697019115276,0.0057206970191152765,0.00500254153267,0.00500254153267,0,0.00500254153267,True,0.75,0.95,0.75,0.5,2.0,1,0.0010658411166614775,0.0035056614035127455,0.00016657983722439445
iso_w0.75_q0.99_rq0.9_g0.5_p2_iqr1,0.005496691742525033,0.005698966980232236,1,0.005719697019115276,0.0057206970191152765,0.00500254153267,0.00500254153267,0,0.00500254153267,True,0.75,0.99,0.9,0.5,2.0,1,0.005593695955935377,0.003598510444939731,7.373079579740902e-05
iso_w0.75_q0.99_rq0.9_g0.5_p2_iqr0,0.005496691742525033,0.005698969347632707,0,0.005719697019115276,0.004135805049515156,,,0,0.00500254153267,True,0.75,0.99,0.9,0.5,2.0,0,0.005593695955935377,0.003598510444939731,7.373079579740902e-05
iso_w0.75_q0.95_rq0.75_g0.5_p2_iqr0,0.005488833157192676,0.005698973342743135,0,0.005719697019115276,0.003817662416029803,,,0,0.00500254153267,True,0.75,0.95,0.75,0.5,2.0,0,0.0010658411166614775,0.0035056614035127455,0.00016657983722439445
iso_w0.75_q0.99_rq0.9_g0_p1_iqr2,0.005488391226177345,0.005698979820250287,2,0.005719697019115276,0.0057206970191152765,0.0038043168003033,0.00500254153267,0,0.0026060920679366,True,0.75,0.99,0.9,0.0,1.0,2,0.005593695955935377,0.003598510444939731,7.373079579740902e-05
iso_w0.75_q0.95_rq0.9_g0_p2_iqr2,0.005488391226177345,0.005698979820250287,2,0.005719697019115276,0.0057206970191152765,0.0038043168003033,0.00500254153267,0,0.0026060920679366,True,0.75,0.95,0.9,0.0,2.0,2,0.0070938554580928835,0.0035056614035127455,0.00016657983722439445
iso_w0.75_q0.975_rq0.75_g0_p1_iqr2,0.005488391226177345,0.005698979820250287,2,0.005719697019115276,0.0057206970191152765,0.0038043168003033,0.00500254153267,0,0.0026060920679366,True,0.75,0.975,0.75,0.0,1.0,2,0.0015963386281463135,0.0035549383930238675,0.00011730284771327253
iso_w0.75_q0.975_rq0.75_g0_p2_iqr2,0.005488391226177345,0.005698979820250287,2,0.005719697019115276,0.0057206970191152765,0.0038043168003033,0.00500254153267,0,0.0026060920679366,True,0.75,0.975,0.75,0.0,2.0,2,0.0015963386281463135,0.0035549383930238675,0.00011730284771327253
iso_w0.75_q0.975_rq0.9_g0_p2_iqr2,0.005488391226177345,0.005698979820250287,2,0.005719697019115276,0.0057206970191152765,0.0038043168003033,0.00500254153267,0,0.0026060920679366,True,0.75,0.975,0.9,0.0,2.0,2,0.006881236303464197,0.0035549383930238675,0.00011730284771327253
iso_w0.75_q0.975_rq0.9_g0_p1_iqr2,0.005488391226177345,0.005698979820250287,2,0.005719697019115276,0.0057206970191152765,0.0038043168003033,0.00500254153267,0,0.0026060920679366,True,0.75,0.975,0.9,0.0,1.0,2,0.006881236303464197,0.0035549383930238675,0.00011730284771327253
iso_w0.75_q0.99_rq0.9_g0_p2_iqr2,0.005488391226177345,0.005698979820250287,2,0.005719697019115276,0.0057206970191152765,0.0038043168003033,0.00500254153267,0,0.0026060920679366,True,0.75,0.99,0.9,0.0,2.0,2,0.005593695955935377,0.003598510444939731,7.373079579740902e-05
iso_w0.75_q0.95_rq0.75_g0_p2_iqr2,0.005488391226177345,0.005698979820250287,2,0.005719697019115276,0.0057206970191152765,0.0038043168003033,0.00500254153267,0,0.0026060920679366,True,0.75,0.95,0.75,0.0,2.0,2,0.0010658411166614775,0.0035056614035127455,0.00016657983722439445
iso_w0.75_q0.95_rq0.9_g0_p1_iqr2,0.005488391226177345,0.005698979820250287,2,0.005719697019115276,0.0057206970191152765,0.0038043168003033,0.00500254153267,0,0.0026060920679366,True,0.75,0.95,0.9,0.0,1.0,2,0.0070938554580928835,0.0035056614035127455,0.00016657983722439445
iso_w0.75_q0.95_rq0.75_g0_p1_iqr2,0.005488391226177345,0.005698979820250287,2,0.005719697019115276,0.0057206970191152765,0.0038043168003033,0.00500254153267,0,0.0026060920679366,True,0.75,0.95,0.75,0.0,1.0,2,0.0010658411166614775,0.0035056614035127455,0.00016657983722439445
iso_w0.75_q0.99_rq0.75_g0_p1_iqr2,0.005488391226177345,0.005698979820250287,2,0.005719697019115276,0.0057206970191152765,0.0038043168003033,0.00500254153267,0,0.0026060920679366,True,0.75,0.99,0.75,0.0,1.0,2,0.0013384729513738697,0.003598510444939731,7.373079579740902e-05
iso_w0.75_q0.99_rq0.75_g0_p2_iqr2,0.005488391226177345,0.005698979820250287,2,0.005719697019115276,0.0057206970191152765,0.0038043168003033,0.00500254153267,0,0.0026060920679366,True,0.75,0.99,0.75,0.0,2.0,2,0.0013384729513738697,0.003598510444939731,7.373079579740902e-05
iso_w0.75_q0.99_rq0.75_g1_p1_iqr1,0.005489650138017181,0.005698983147856622,1,0.005719697019115276,0.0057206970191152765,0.00500254153267,0.00500254153267,0,0.00500254153267,True,0.75,0.99,0.75,1.0,1.0,1,0.0013384729513738697,0.003598510444939731,7.373079579740902e-05
iso_w0.75_q0.99_rq0.75_g2.5_p2_iqr1,0.005499769643066573,0.005698983764662684,1,0.005719697019115276,0.0057206970191152765,0.00500254153267,0.00500254153267,0,0.00500254153267,True,0.75,0.99,0.75,2.5,2.0,1,0.0013384729513738697,0.003598510444939731,7.373079579740902e-05
iso_w0.75_q0.99_rq0.75_g2.5_p2_iqr0,0.005499769643066573,0.005698984122690724,0,0.005719697019115276,0.004260005085491283,,,0,0.00500254153267,True,0.75,0.99,0.75,2.5,2.0,0,0.0013384729513738697,0.003598510444939731,7.373079579740902e-05
iso_w0.75_q0.99_rq0.75_g1_p1_iqr0,0.005489650138017181,0.00569898544418483,0,0.005719697019115276,0.004139892568888201,,,0,0.00500254153267,True,0.75,0.99,0.75,1.0,1.0,0,0.0013384729513738697,0.003598510444939731,7.373079579740902e-05
iso_w0.75_q0.975_rq0.75_g0.5_p1_iqr1,0.005489134837073611,0.005698993673634437,1,0.005719697019115276,0.0057206970191152765,0.00500254153267,0.00500254153267,0,0.00500254153267,True,0.75,0.975,0.75,0.5,1.0,1,0.0015963386281463135,0.0035549383930238675,0.00011730284771327253
iso_w0.75_q0.99_rq0.75_g0.5_p2_iqr2,0.005489214950955281,0.005698994066652145,2,0.005719697019115276,0.0057206970191152765,0.0038043168003033,0.00500254153267,0,0.0026060920679366,True,0.75,0.99,0.75,0.5,2.0,2,0.0013384729513738697,0.003598510444939731,7.373079579740902e-05
iso_w0.75_q0.975_rq0.75_g0.5_p1_iqr0,0.005489134837073611,0.005698997832163091,0,0.005719697019115276,0.004038489003744056,,,0,0.00500254153267,True,0.75,0.975,0.75,0.5,1.0,0,0.0015963386281463135,0.0035549383930238675,0.00011730284771327253
iso_w0.75_q0.975_rq0.75_g1_p2_iqr1,0.005490591510856585,0.005699007614236946,1,0.005719697019115276,0.0057206970191152765,0.00500254153267,0.00500254153267,0,0.00500254153267,True,0.75,0.975,0.75,1.0,2.0,1,0.0015963386281463135,0.0035549383930238675,0.00011730284771327253
iso_w0.75_q0.975_rq0.75_g1_p2_iqr0,0.005490591510856585,0.005699008573971888,0,0.005719697019115276,0.004220740659668438,,,0,0.00500254153267,True,0.75,0.975,0.75,1.0,2.0,0,0.0015963386281463135,0.0035549383930238675,0.00011730284771327253
iso_w0.75_q0.99_rq0.75_g1_p2_iqr2,0.005490804091195057,0.0056990087639943255,2,0.005719697019115276,0.0057206970191152765,0.0038043168003033,0.00500254153267,0,0.0026060920679366,True,0.75,0.99,0.75,1.0,2.0,2,0.0013384729513738697,0.003598510444939731,7.373079579740902e-05
iso_w0.75_q0.99_rq0.75_g0.5_p1_iqr2,0.005488832350912084,0.005699016472094321,2,0.005719697019115276,0.0057206970191152765,0.0038043168003033,0.00500254153267,0,0.0026060920679366,True,0.75,0.99,0.75,0.5,1.0,2,0.0013384729513738697,0.003598510444939731,7.373079579740902e-05
iso_w0.75_q0.975_rq0.75_g0.5_p2_iqr2,0.005489153595960074,0.005699023220927154,2,0.005719697019115276,0.0057206970191152765,0.0038043168003033,0.00500254153267,0,0.0026060920679366,True,0.75,0.975,0.75,0.5,2.0,2,0.0015963386281463135,0.0035549383930238675,0.00011730284771327253
iso_w0.75_q0.99_rq0.75_g1.5_p2_iqr2,0.005493093547605917,0.005699023912273339,2,0.005719697019115276,0.0057206970191152765,0.0038043168003033,0.00500254153267,0,0.0026060920679366,True,0.75,0.99,0.75,1.5,2.0,2,0.0013384729513738697,0.003598510444939731,7.373079579740902e-05
iso_w0.75_q0.99_rq0.75_g1.5_p1_iqr0,0.0054907799570469516,0.005699037080533569,0,0.005719697019115276,0.00445810860832641,,,0,0.00500254153267,True,0.75,0.99,0.75,1.5,1.0,0,0.0013384729513738697,0.003598510444939731,7.373079579740902e-05
iso_w0.75_q0.99_rq0.75_g1.5_p1_iqr1,0.0054907799570469516,0.0056990392855990266,1,0.005719697019115276,0.0057206970191152765,0.00500254153267,0.00500254153267,0,0.00500254153267,True,0.75,0.99,0.75,1.5,1.0,1,0.0013384729513738697,0.003598510444939731,7.373079579740902e-05
iso_w0.75_q0.99_rq0.9_g0.5_p2_iqr2,0.005496691742525033,0.005699042353911515,2,0.005719697019115276,0.0057206970191152765,0.0038043168003033,0.00500254153267,0,0.0026060920679366,True,0.75,0.99,0.9,0.5,2.0,2,0.005593695955935377,0.003598510444939731,7.373079579740902e-05
iso_w0.75_q0.95_rq0.75_g0.5_p2_iqr2,0.005488833157192676,0.005699047339139454,2,0.005719697019115276,0.0057206970191152765,0.0038043168003033,0.00500254153267,0,0.0026060920679366,True,0.75,0.95,0.75,0.5,2.0,2,0.0010658411166614775,0.0035056614035127455,0.00016657983722439445
iso_w0.75_q0.99_rq0.9_g1_p2_iqr0,0.0055172425074207715,0.005699053753605662,0,0.005719697019115276,0.004768149609018528,,,0,0.00500254153267,True,0.75,0.99,0.9,1.0,2.0,0,0.005593695955935377,0.003598510444939731,7.373079579740902e-05
iso_w0.75_q0.99_rq0.75_g2.5_p2_iqr2,0.005499769643066573,0.00569905556162737,2,0.005719697019115276,0.0057206970191152765,0.0038043168003033,0.00500254153267,0,0.0026060920679366,True,0.75,0.99,0.75,2.5,2.0,2,0.0013384729513738697,0.003598510444939731,7.373079579740902e-05
iso_w0.75_q0.99_rq0.75_g1_p1_iqr2,0.005489650138017181,0.005699057737253376,2,0.005719697019115276,0.0057206970191152765,0.0038043168003033,0.00500254153267,0,0.0026060920679366,True,0.75,0.99,0.75,1.0,1.0,2,0.0013384729513738697,0.003598510444939731,7.373079579740902e-05
iso_w0.75_q0.99_rq0.9_g1_p2_iqr1,0.0055172425074207715,0.005699058386174199,1,0.005719697019115276,0.0057206970191152765,0.00500254153267,0.00500254153267,0,0.00500254153267,True,0.75,0.99,0.9,1.0,2.0,1,0.005593695955935377,0.003598510444939731,7.373079579740902e-05
iso_w0.75_q0.975_rq0.75_g0.5_p1_iqr2,0.005489134837073611,0.00569907082805664,2,0.005719697019115276,0.0057206970191152765,0.0038043168003033,0.00500254153267,0,0.0026060920679366,True,0.75,0.975,0.75,0.5,1.0,2,0.0015963386281463135,0.0035549383930238675,0.00011730284771327253
iso_w0.75_q0.95_rq0.75_g1_p2_iqr1,0.005489629808990039,0.005699071170591851,1,0.005719697019115276,0.0057206970191152765,0.00500254153267,0.00500254153267,0,0.00500254153267,True,0.75,0.95,0.75,1.0,2.0,1,0.0010658411166614775,0.0035056614035127455,0.00016657983722439445
iso_w0.75_q0.95_rq0.75_g1_p2_iqr0,0.005489629808990039,0.005699073606779109,0,0.005719697019115276,0.004131864342047821,,,0,0.00500254153267,True,0.75,0.95,0.75,1.0,2.0,0,0.0010658411166614775,0.0035056614035127455,0.00016657983722439445
iso_w0.75_q0.975_rq0.75_g1_p2_iqr2,0.005490591510856585,0.005699079680069438,2,0.005719697019115276,0.0057206970191152765,0.0038043168003033,0.00500254153267,0,0.0026060920679366,True,0.75,0.975,0.75,1.0,2.0,2,0.0015963386281463135,0.0035549383930238675,0.00011730284771327253
iso_w0.75_q0.975_rq0.75_g1.5_p2_iqr0,0.0054926400000015075,0.005699086065747106,0,0.005719697019115276,0.004579380744496765,,,0,0.00500254153267,True,0.75,0.975,0.75,1.5,2.0,0,0.0015963386281463135,0.0035549383930238675,0.00011730284771327253
iso_w0.75_q0.975_rq0.75_g1.5_p2_iqr1,0.0054926400000015075,0.00569908945044495,1,0.005719697019115276,0.0057206970191152765,0.00500254153267,0.00500254153267,0,0.00500254153267,True,0.75,0.975,0.75,1.5,2.0,1,0.0015963386281463135,0.0035549383930238675,0.00011730284771327253
iso_w0.75_q0.99_rq0.75_g1.5_p1_iqr2,0.0054907799570469516,0.005699103615627242,2,0.005719697019115276,0.0057206970191152765,0.0038043168003033,0.00500254153267,0,0.0026060920679366,True,0.75,0.99,0.75,1.5,1.0,2,0.0013384729513738697,0.003598510444939731,7.373079579740902e-05
iso_w0.75_q0.99_rq0.9_g0.5_p1_iqr0,0.005492512828395678,0.005699108940290312,0,0.005719697019115276,0.004833337026621809,,,0,0.00500254153267,True,0.75,0.99,0.9,0.5,1.0,0,0.005593695955935377,0.003598510444939731,7.373079579740902e-05
iso_w0.75_q0.99_rq0.9_g1_p2_iqr2,0.0055172425074207715,0.005699112763222687,2,0.005719697019115276,0.0057206970191152765,0.0038043168003033,0.00500254153267,0,0.0026060920679366,True,0.75,0.99,0.9,1.0,2.0,2,0.005593695955935377,0.003598510444939731,7.373079579740902e-05
iso_w0.75_q0.99_rq0.9_g0.5_p1_iqr1,0.005492512828395678,0.005699113837303711,1,0.005719697019115276,0.0057206970191152765,0.00500254153267,0.00500254153267,0,0.00500254153267,True,0.75,0.99,0.9,0.5,1.0,1,0.005593695955935377,0.003598510444939731,7.373079579740902e-05
iso_w0.75_q0.95_rq0.75_g0.5_p1_iqr1,0.005489043576430321,0.005699136450178146,1,0.005719697019115276,0.0057206970191152765,0.00500254153267,0.00500254153267,0,0.00500254153267,True,0.75,0.95,0.75,0.5,1.0,1,0.0010658411166614775,0.0035056614035127455,0.00016657983722439445
iso_w0.75_q0.95_rq0.75_g0.5_p1_iqr0,0.005489043576430321,0.005699143206732766,0,0.005719697019115276,0.003912660521588171,,,0,0.00500254153267,True,0.75,0.95,0.75,0.5,1.0,0,0.0010658411166614775,0.0035056614035127455,0.00016657983722439445
iso_w0.75_q0.95_rq0.75_g1_p2_iqr2,0.005489629808990039,0.0056991456791061785,2,0.005719697019115276,0.0057206970191152765,0.0038043168003033,0.00500254153267,0,0.0026060920679366,True,0.75,0.95,0.75,1.0,2.0,2,0.0010658411166614775,0.0035056614035127455,0.00016657983722439445
iso_w0.75_q0.975_rq0.75_g1.5_p2_iqr2,0.0054926400000015075,0.005699149197289045,2,0.005719697019115276,0.0057206970191152765,0.0038043168003033,0.00500254153267,0,0.0026060920679366,True,0.75,0.975,0.75,1.5,2.0,2,0.0015963386281463135,0.0035549383930238675,0.00011730284771327253
iso_w0.75_q0.99_rq0.9_g1.5_p2_iqr0,0.005549843661988406,0.005699161009271967,0,0.005719697019115276,0.0054004941685219,,,0,0.00500254153267,True,0.75,0.99,0.9,1.5,2.0,0,0.005593695955935377,0.003598510444939731,7.373079579740902e-05
iso_w0.75_q0.99_rq0.9_g0.5_p1_iqr2,0.005492512828395678,0.005699163640560221,2,0.005719697019115276,0.0057206970191152765,0.0038043168003033,0.00500254153267,0,0.0026060920679366,True,0.75,0.99,0.9,0.5,1.0,2,0.005593695955935377,0.003598510444939731,7.373079579740902e-05
iso_w0.75_q0.99_rq0.9_g1.5_p2_iqr1,0.005549843661988406,0.005699164602008974,1,0.005719697019115276,0.0057206970191152765,0.00500254153267,0.00500254153267,0,0.00500254153267,True,0.75,0.99,0.9,1.5,2.0,1,0.005593695955935377,0.003598510444939731,7.373079579740902e-05
iso_w0.75_q0.99_rq0.75_g2.5_p1_iqr0,0.005493974867693881,0.005699165972951399,0,0.005719697019115276,0.0050945406872028275,,,0,0.00500254153267,True,0.75,0.99,0.75,2.5,1.0,0,0.0013384729513738697,0.003598510444939731,7.373079579740902e-05
iso_w0.75_q0.99_rq0.75_g2.5_p1_iqr1,0.005493974867693881,0.00569917107264672,1,0.005719697019115276,0.0057206970191152765,0.00500254153267,0.00500254153267,0,0.00500254153267,True,0.75,0.99,0.75,2.5,1.0,1,0.0013384729513738697,0.003598510444939731,7.373079579740902e-05
iso_w0.75_q0.975_rq0.75_g1_p1_iqr0,0.005490590534688554,0.005699180345192558,0,0.005719697019115276,0.004573517517476329,,,0,0.00500254153267,True,0.75,0.975,0.75,1.0,1.0,0,0.0015963386281463135,0.0035549383930238675,0.00011730284771327253
iso_w0.75_q0.975_rq0.75_g1_p1_iqr1,0.005490590534688554,0.005699183679604445,1,0.005719697019115276,0.0057206970191152765,0.00500254153267,0.00500254153267,0,0.00500254153267,True,0.75,0.975,0.75,1.0,1.0,1,0.0015963386281463135,0.0035549383930238675,0.00011730284771327253
iso_w0.75_q0.99_rq0.9_g1.5_p2_iqr2,0.005549843661988406,0.005699191047891911,2,0.005719697019115276,0.0057206970191152765,0.0038043168003033,0.00500254153267,0,0.0026060920679366,True,0.75,0.99,0.9,1.5,2.0,2,0.005593695955935377,0.003598510444939731,7.373079579740902e-05
iso_w1_q0.95_rq0.75_g0_p1_iqr1,0.0054873510174054865,0.0056992015662589955,1,0.005847058052026145,0.005848058052026145,0.00500254153267,0.00500254153267,0,0.00500254153267,True,1.0,0.95,0.75,0.0,1.0,1,0.001087156944173554,0.0035056614035127455,0.00016657983722439445
iso_w1_q0.95_rq0.9_g0_p2_iqr1,0.0054873510174054865,0.0056992015662589955,1,0.005847058052026145,0.005848058052026145,0.00500254153267,0.00500254153267,0,0.00500254153267,True,1.0,0.95,0.9,0.0,2.0,1,0.007113798000884936,0.0035056614035127455,0.00016657983722439445
iso_w1_q0.95_rq0.9_g0_p1_iqr1,0.0054873510174054865,0.0056992015662589955,1,0.005847058052026145,0.005848058052026145,0.00500254153267,0.00500254153267,0,0.00500254153267,True,1.0,0.95,0.9,0.0,1.0,1,0.007113798000884936,0.0035056614035127455,0.00016657983722439445
iso_w1_q0.975_rq0.75_g0_p1_iqr1,0.0054873510174054865,0.0056992015662589955,1,0.005847058052026145,0.005848058052026145,0.00500254153267,0.00500254153267,0,0.00500254153267,True,1.0,0.975,0.75,0.0,1.0,1,0.001587748605840654,0.0035549383930238675,0.00011730284771327253
iso_w1_q0.975_rq0.9_g0_p2_iqr1,0.0054873510174054865,0.0056992015662589955,1,0.005847058052026145,0.005848058052026145,0.00500254153267,0.00500254153267,0,0.00500254153267,True,1.0,0.975,0.9,0.0,2.0,1,0.006918721193820147,0.0035549383930238675,0.00011730284771327253
iso_w1_q0.99_rq0.75_g0_p2_iqr1,0.0054873510174054865,0.0056992015662589955,1,0.005847058052026145,0.005848058052026145,0.00500254153267,0.00500254153267,0,0.00500254153267,True,1.0,0.99,0.75,0.0,2.0,1,0.00133206256283405,0.003598510444939731,7.373079579740902e-05
iso_w1_q0.99_rq0.9_g0_p1_iqr1,0.0054873510174054865,0.0056992015662589955,1,0.005847058052026145,0.005848058052026145,0.00500254153267,0.00500254153267,0,0.00500254153267,True,1.0,0.99,0.9,0.0,1.0,1,0.005423160217779439,0.003598510444939731,7.373079579740902e-05
iso_w1_q0.99_rq0.9_g0_p2_iqr1,0.0054873510174054865,0.0056992015662589955,1,0.005847058052026145,0.005848058052026145,0.00500254153267,0.00500254153267,0,0.00500254153267,True,1.0,0.99,0.9,0.0,2.0,1,0.005423160217779439,0.003598510444939731,7.373079579740902e-05
iso_w1_q0.975_rq0.9_g0_p1_iqr1,0.0054873510174054865,0.0056992015662589955,1,0.005847058052026145,0.005848058052026145,0.00500254153267,0.00500254153267,0,0.00500254153267,True,1.0,0.975,0.9,0.0,1.0,1,0.006918721193820147,0.0035549383930238675,0.00011730284771327253
iso_w1_q0.99_rq0.75_g0_p1_iqr1,0.0054873510174054865,0.0056992015662589955,1,0.005847058052026145,0.005848058052026145,0.00500254153267,0.00500254153267,0,0.00500254153267,True,1.0,0.99,0.75,0.0,1.0,1,0.00133206256283405,0.003598510444939731,7.373079579740902e-05
iso_w1_q0.975_rq0.75_g0_p2_iqr1,0.0054873510174054865,0.0056992015662589955,1,0.005847058052026145,0.005848058052026145,0.00500254153267,0.00500254153267,0,0.00500254153267,True,1.0,0.975,0.75,0.0,2.0,1,0.001587748605840654,0.0035549383930238675,0.00011730284771327253
iso_w1_q0.95_rq0.75_g0_p2_iqr1,0.0054873510174054865,0.0056992015662589955,1,0.005847058052026145,0.005848058052026145,0.00500254153267,0.00500254153267,0,0.00500254153267,True,1.0,0.95,0.75,0.0,2.0,1,0.001087156944173554,0.0035056614035127455,0.00016657983722439445
iso_w0.75_q0.95_rq0.75_g1.5_p2_iqr0,0.00549071656427761,0.005699208582644188,0,0.005719697019115276,0.004446066268065841,,,0,0.00500254153267,True,0.75,0.95,0.75,1.5,2.0,0,0.0010658411166614775,0.0035056614035127455,0.00016657983722439445
iso_w0.75_q0.99_rq0.75_g2.5_p1_iqr2,0.005493974867693881,0.005699209211562569,2,0.005719697019115276,0.0057206970191152765,0.0038043168003033,0.00500254153267,0,0.0026060920679366,True,0.75,0.99,0.75,2.5,1.0,2,0.0013384729513738697,0.003598510444939731,7.373079579740902e-05
iso_w0.75_q0.95_rq0.75_g1.5_p2_iqr1,0.00549071656427761,0.00569921065436718,1,0.005719697019115276,0.0057206970191152765,0.00500254153267,0.00500254153267,0,0.00500254153267,True,0.75,0.95,0.75,1.5,2.0,1,0.0010658411166614775,0.0035056614035127455,0.00016657983722439445
iso_w0.75_q0.975_rq0.9_g0.5_p2_iqr0,0.005496248191846648,0.005699214985378977,0,0.005719697019115276,0.0050494276977739,,,0,0.00500254153267,True,0.75,0.975,0.9,0.5,2.0,0,0.006881236303464197,0.0035549383930238675,0.00011730284771327253
iso_w0.75_q0.95_rq0.75_g0.5_p1_iqr2,0.005489043872306957,0.005699216924781074,2,0.005719697019115276,0.0057206970191152765,0.0038043168003033,0.00500254153267,0,0.0026060920679366,True,0.75,0.95,0.75,0.5,1.0,2,0.0010658411166614775,0.0035056614035127455,0.00016657983722439445
iso_w1_q0.99_rq0.75_g0.5_p2_iqr1,0.005488328968639874,0.005699218065252844,1,0.005847058052026145,0.005848058052026145,0.00500254153267,0.00500254153267,0,0.00500254153267,True,1.0,0.99,0.75,0.5,2.0,1,0.00133206256283405,0.003598510444939731,7.373079579740902e-05
iso_w1_q0.99_rq0.9_g0_p1_iqr0,0.005487328186005822,0.005699218296812854,0,0.005847058052026145,0.003460091057413696,,,0,0.0,True,1.0,0.99,0.9,0.0,1.0,0,0.005423160217779439,0.003598510444939731,7.373079579740902e-05
iso_w1_q0.95_rq0.75_g0_p2_iqr0,0.005487328186005822,0.005699218296812854,0,0.005847058052026145,0.003460091057413696,,,0,0.0,True,1.0,0.95,0.75,0.0,2.0,0,0.001087156944173554,0.0035056614035127455,0.00016657983722439445
iso_w1_q0.95_rq0.9_g0_p1_iqr0,0.005487328186005822,0.005699218296812854,0,0.005847058052026145,0.003460091057413696,,,0,0.0,True,1.0,0.95,0.9,0.0,1.0,0,0.007113798000884936,0.0035056614035127455,0.00016657983722439445
iso_w1_q0.95_rq0.9_g0_p2_iqr0,0.005487328186005822,0.005699218296812854,0,0.005847058052026145,0.003460091057413696,,,0,0.0,True,1.0,0.95,0.9,0.0,2.0,0,0.007113798000884936,0.0035056614035127455,0.00016657983722439445
iso_w1_q0.95_rq0.75_g0_p1_iqr0,0.005487328186005822,0.005699218296812854,0,0.005847058052026145,0.003460091057413696,,,0,0.0,True,1.0,0.95,0.75,0.0,1.0,0,0.001087156944173554,0.0035056614035127455,0.00016657983722439445
iso_w1_q0.99_rq0.9_g0_p2_iqr0,0.005487328186005822,0.005699218296812854,0,0.005847058052026145,0.003460091057413696,,,0,0.0,True,1.0,0.99,0.9,0.0,2.0,0,0.005423160217779439,0.003598510444939731,7.373079579740902e-05
iso_w1_q0.975_rq0.75_g0_p1_iqr0,0.005487328186005822,0.005699218296812854,0,0.005847058052026145,0.003460091057413696,,,0,0.0,True,1.0,0.975,0.75,0.0,1.0,0,0.001587748605840654,0.0035549383930238675,0.00011730284771327253
iso_w1_q0.975_rq0.75_g0_p2_iqr0,0.005487328186005822,0.005699218296812854,0,0.005847058052026145,0.003460091057413696,,,0,0.0,True,1.0,0.975,0.75,0.0,2.0,0,0.001587748605840654,0.0035549383930238675,0.00011730284771327253
iso_w1_q0.975_rq0.9_g0_p2_iqr0,0.005487328186005822,0.005699218296812854,0,0.005847058052026145,0.003460091057413696,,,0,0.0,True,1.0,0.975,0.9,0.0,2.0,0,0.006918721193820147,0.0035549383930238675,0.00011730284771327253
iso_w1_q0.99_rq0.75_g0_p2_iqr0,0.005487328186005822,0.005699218296812854,0,0.005847058052026145,0.003460091057413696,,,0,0.0,True,1.0,0.99,0.75,0.0,2.0,0,0.00133206256283405,0.003598510444939731,7.373079579740902e-05
iso_w1_q0.99_rq0.75_g0_p1_iqr0,0.005487328186005822,0.005699218296812854,0,0.005847058052026145,0.003460091057413696,,,0,0.0,True,1.0,0.99,0.75,0.0,1.0,0,0.00133206256283405,0.003598510444939731,7.373079579740902e-05
iso_w1_q0.975_rq0.9_g0_p1_iqr0,0.005487328186005822,0.005699218296812854,0,0.005847058052026145,0.003460091057413696,,,0,0.0,True,1.0,0.975,0.9,0.0,1.0,0,0.006918721193820147,0.0035549383930238675,0.00011730284771327253
iso_w0.75_q0.975_rq0.9_g0.5_p2_iqr1,0.005496248191846648,0.005699220148016952,1,0.005719697019115276,0.0057206970191152765,0.00500254153267,0.00500254153267,0,0.00500254153267,True,0.75,0.975,0.9,0.5,2.0,1,0.006881236303464197,0.0035549383930238675,0.00011730284771327253
iso_w1_q0.99_rq0.75_g0.5_p2_iqr0,0.005488328968639874,0.005699230353792717,0,0.005847058052026145,0.003610675308177711,,,0,0.00500254153267,True,1.0,0.99,0.75,0.5,2.0,0,0.00133206256283405,0.003598510444939731,7.373079579740902e-05
iso_w1_q0.99_rq0.75_g1_p2_iqr1,0.005490024036051811,0.005699235404123928,1,0.005847058052026145,0.005848058052026145,0.00500254153267,0.00500254153267,0,0.00500254153267,True,1.0,0.99,0.75,1.0,2.0,1,0.00133206256283405,0.003598510444939731,7.373079579740902e-05
iso_w0.75_q0.975_rq0.75_g1_p1_iqr2,0.005490590534688554,0.0056992429818223155,2,0.005719697019115276,0.0057206970191152765,0.0038043168003033,0.00500254153267,0,0.0026060920679366,True,0.75,0.975,0.75,1.0,1.0,2,0.0015963386281463135,0.0035549383930238675,0.00011730284771327253
iso_w1_q0.99_rq0.75_g0.5_p1_iqr1,0.005487903839292543,0.005699243138536311,1,0.005847058052026145,0.005848058052026145,0.00500254153267,0.00500254153267,0,0.00500254153267,True,1.0,0.99,0.75,0.5,1.0,1,0.00133206256283405,0.003598510444939731,7.373079579740902e-05
iso_w1_q0.99_rq0.75_g1_p2_iqr0,0.005490024036051811,0.005699243706578607,0,0.005847058052026145,0.003761259558941726,,,0,0.00500254153267,True,1.0,0.99,0.75,1.0,2.0,0,0.00133206256283405,0.003598510444939731,7.373079579740902e-05
iso_w1_q0.975_rq0.75_g0.5_p2_iqr1,0.005488247152024504,0.005699248305526596,1,0.005847058052026145,0.005848058052026145,0.00500254153267,0.00500254153267,0,0.00500254153267,True,1.0,0.975,0.75,0.5,2.0,1,0.001587748605840654,0.0035549383930238675,0.00011730284771327253
iso_w1_q0.99_rq0.75_g0.5_p1_iqr0,0.005487903839292543,0.005699251055986541,0,0.005847058052026145,0.0037767830552563626,,,0,0.00500254153267,True,1.0,0.99,0.75,0.5,1.0,0,0.00133206256283405,0.003598510444939731,7.373079579740902e-05
iso_w1_q0.99_rq0.75_g1.5_p2_iqr1,0.005492412745431551,0.0056992535828645835,1,0.005847058052026145,0.005848058052026145,0.00500254153267,0.00500254153267,0,0.00500254153267,True,1.0,0.99,0.75,1.5,2.0,1,0.00133206256283405,0.003598510444939731,7.373079579740902e-05
iso_w1_q0.975_rq0.75_g0.5_p2_iqr0,0.005488247152024504,0.005699255252835805,0,0.005847058052026145,0.0038168012720540437,,,0,0.00500254153267,True,1.0,0.975,0.75,0.5,2.0,0,0.001587748605840654,0.0035549383930238675,0.00011730284771327253
iso_w1_q0.99_rq0.75_g1.5_p2_iqr0,0.005492412745431551,0.005699258355161416,0,0.005847058052026145,0.003911843809705742,,,0,0.00500254153267,True,1.0,0.99,0.75,1.5,2.0,0,0.00133206256283405,0.003598510444939731,7.373079579740902e-05
iso_w0.75_q0.975_rq0.9_g0.5_p2_iqr2,0.005496248191846648,0.005699260080898204,2,0.005719697019115276,0.0057206970191152765,0.0038043168003033,0.00500254153267,0,0.0026060920679366,True,0.75,0.975,0.9,0.5,2.0,2,0.006881236303464197,0.0035549383930238675,0.00011730284771327253
iso_w1_q0.95_rq0.75_g0.5_p2_iqr1,0.005487893668195073,0.005699268905213846,1,0.005847058052026145,0.005848058052026145,0.00500254153267,0.00500254153267,0,0.00500254153267,True,1.0,0.95,0.75,0.5,2.0,1,0.001087156944173554,0.0035056614035127455,0.00016657983722439445
iso_w1_q0.99_rq0.9_g0.5_p2_iqr1,0.0054957401547193205,0.0056992739886012785,1,0.005847058052026145,0.005848058052026145,0.00500254153267,0.00500254153267,0,0.00500254153267,True,1.0,0.99,0.9,0.5,2.0,1,0.005423160217779439,0.003598510444939731,7.373079579740902e-05
iso_w0.75_q0.95_rq0.75_g1.5_p2_iqr2,0.00549071656427761,0.005699274838555024,2,0.005719697019115276,0.0057206970191152765,0.0038043168003033,0.00500254153267,0,0.0026060920679366,True,0.75,0.95,0.75,1.5,2.0,2,0.0010658411166614775,0.0035056614035127455,0.00016657983722439445
iso_w1_q0.99_rq0.9_g0.5_p2_iqr0,0.0054957401547193205,0.005699275485025071,0,0.005847058052026145,0.004073157245859132,,,0,0.00500254153267,True,1.0,0.99,0.9,0.5,2.0,0,0.005423160217779439,0.003598510444939731,7.373079579740902e-05
iso_w1_q0.95_rq0.75_g0.5_p2_iqr0,0.005487893668195073,0.005699276729279739,0,0.005847058052026145,0.0037805767286862987,,,0,0.00500254153267,True,1.0,0.95,0.75,0.5,2.0,0,0.001087156944173554,0.0035056614035127455,0.00016657983722439445
iso_w1_q0.99_rq0.75_g1_p1_iqr1,0.005488788715163929,0.005699291152620219,1,0.005847058052026145,0.005848058052026145,0.00500254153267,0.00500254153267,0,0.00500254153267,True,1.0,0.99,0.75,1.0,1.0,1,0.00133206256283405,0.003598510444939731,7.373079579740902e-05
iso_w1_q0.99_rq0.75_g2.5_p2_iqr0,0.005499267212065222,0.0056992915396769425,0,0.005847058052026145,0.004213012311233772,,,0,0.00500254153267,True,1.0,0.99,0.75,2.5,2.0,0,0.00133206256283405,0.003598510444939731,7.373079579740902e-05
iso_w1_q0.99_rq0.75_g1_p1_iqr0,0.005488788715163929,0.005699292273536924,0,0.005847058052026145,0.00409347505309903,,,0,0.00500254153267,True,1.0,0.99,0.75,1.0,1.0,0,0.00133206256283405,0.003598510444939731,7.373079579740902e-05
iso_w1_q0.99_rq0.75_g2.5_p2_iqr1,0.005499267212065222,0.005699292459922086,1,0.005847058052026145,0.005848058052026145,0.00500254153267,0.00500254153267,0,0.00500254153267,True,1.0,0.99,0.75,2.5,2.0,1,0.00133206256283405,0.003598510444939731,7.373079579740902e-05
iso_w1_q0.975_rq0.75_g0.5_p1_iqr1,0.005488185631516105,0.005699292913458793,1,0.005847058052026145,0.005848058052026145,0.00500254153267,0.00500254153267,0,0.00500254153267,True,1.0,0.975,0.75,0.5,1.0,1,0.001587748605840654,0.0035549383930238675,0.00011730284771327253
iso_w0.75_q0.975_rq0.75_g2.5_p2_iqr0,0.005498565768007185,0.00569929524755962,0,0.005719697019115276,0.005296660914153418,,,0,0.00500254153267,True,0.75,0.975,0.75,2.5,2.0,0,0.0015963386281463135,0.0035549383930238675,0.00011730284771327253
iso_w1_q0.975_rq0.75_g0.5_p1_iqr0,0.005488185631516105,0.005699295987682637,0,0.005847058052026145,0.003992240541104291,,,0,0.00500254153267,True,1.0,0.975,0.75,0.5,1.0,0,0.001587748605840654,0.0035549383930238675,0.00011730284771327253
iso_w0.75_q0.975_rq0.75_g2.5_p2_iqr1,0.005498565768007185,0.005699299562601344,1,0.005719697019115276,0.0057206970191152765,0.00500254153267,0.00500254153267,0,0.00500254153267,True,0.75,0.975,0.75,2.5,2.0,1,0.0015963386281463135,0.0035549383930238675,0.00011730284771327253
iso_w1_q0.95_rq0.9_g0_p1_iqr2,0.005487373848710157,0.00569929989303939,2,0.005847058052026145,0.005848058052026145,0.0038043168003033,0.00500254153267,0,0.0026060920679366,True,1.0,0.95,0.9,0.0,1.0,2,0.007113798000884936,0.0035056614035127455,0.00016657983722439445
iso_w1_q0.95_rq0.75_g0_p2_iqr2,0.005487373848710157,0.00569929989303939,2,0.005847058052026145,0.005848058052026145,0.0038043168003033,0.00500254153267,0,0.0026060920679366,True,1.0,0.95,0.75,0.0,2.0,2,0.001087156944173554,0.0035056614035127455,0.00016657983722439445
iso_w1_q0.95_rq0.9_g0_p2_iqr2,0.005487373848710157,0.00569929989303939,2,0.005847058052026145,0.005848058052026145,0.0038043168003033,0.00500254153267,0,0.0026060920679366,True,1.0,0.95,0.9,0.0,2.0,2,0.007113798000884936,0.0035056614035127455,0.00016657983722439445
iso_w1_q0.95_rq0.75_g0_p1_iqr2,0.005487373848710157,0.00569929989303939,2,0.005847058052026145,0.005848058052026145,0.0038043168003033,0.00500254153267,0,0.0026060920679366,True,1.0,0.95,0.75,0.0,1.0,2,0.001087156944173554,0.0035056614035127455,0.00016657983722439445
iso_w1_q0.975_rq0.9_g0_p2_iqr2,0.005487373848710157,0.00569929989303939,2,0.005847058052026145,0.005848058052026145,0.0038043168003033,0.00500254153267,0,0.0026060920679366,True,1.0,0.975,0.9,0.0,2.0,2,0.006918721193820147,0.0035549383930238675,0.00011730284771327253
iso_w1_q0.99_rq0.75_g0_p1_iqr2,0.005487373848710157,0.00569929989303939,2,0.005847058052026145,0.005848058052026145,0.0038043168003033,0.00500254153267,0,0.0026060920679366,True,1.0,0.99,0.75,0.0,1.0,2,0.00133206256283405,0.003598510444939731,7.373079579740902e-05
iso_w1_q0.975_rq0.9_g0_p1_iqr2,0.005487373848710157,0.00569929989303939,2,0.005847058052026145,0.005848058052026145,0.0038043168003033,0.00500254153267,0,0.0026060920679366,True,1.0,0.975,0.9,0.0,1.0,2,0.006918721193820147,0.0035549383930238675,0.00011730284771327253
iso_w1_q0.975_rq0.75_g0_p2_iqr2,0.005487373848710157,0.00569929989303939,2,0.005847058052026145,0.005848058052026145,0.0038043168003033,0.00500254153267,0,0.0026060920679366,True,1.0,0.975,0.75,0.0,2.0,2,0.001587748605840654,0.0035549383930238675,0.00011730284771327253
iso_w1_q0.975_rq0.75_g0_p1_iqr2,0.005487373848710157,0.00569929989303939,2,0.005847058052026145,0.005848058052026145,0.0038043168003033,0.00500254153267,0,0.0026060920679366,True,1.0,0.975,0.75,0.0,1.0,2,0.001587748605840654,0.0035549383930238675,0.00011730284771327253
iso_w1_q0.99_rq0.9_g0_p2_iqr2,0.005487373848710157,0.00569929989303939,2,0.005847058052026145,0.005848058052026145,0.0038043168003033,0.00500254153267,0,0.0026060920679366,True,1.0,0.99,0.9,0.0,2.0,2,0.005423160217779439,0.003598510444939731,7.373079579740902e-05
iso_w1_q0.99_rq0.75_g0_p2_iqr2,0.005487373848710157,0.00569929989303939,2,0.005847058052026145,0.005848058052026145,0.0038043168003033,0.00500254153267,0,0.0026060920679366,True,1.0,0.99,0.75,0.0,2.0,2,0.00133206256283405,0.003598510444939731,7.373079579740902e-05
iso_w1_q0.99_rq0.9_g0_p1_iqr2,0.005487373848710157,0.00569929989303939,2,0.005847058052026145,0.005848058052026145,0.0038043168003033,0.00500254153267,0,0.0026060920679366,True,1.0,0.99,0.9,0.0,1.0,2,0.005423160217779439,0.003598510444939731,7.373079579740902e-05
iso_w1_q0.975_rq0.75_g1_p2_iqr0,0.005489770673030835,0.005699310081738411,0,0.005847058052026145,0.004173511486694392,,,0,0.00500254153267,True,1.0,0.975,0.75,1.0,2.0,0,0.001587748605840654,0.0035549383930238675,0.00011730284771327253
iso_w1_q0.975_rq0.75_g1_p2_iqr1,0.005489770673030835,0.005699310359267,1,0.005847058052026145,0.005848058052026145,0.00500254153267,0.00500254153267,0,0.00500254153267,True,1.0,0.975,0.75,1.0,2.0,1,0.001587748605840654,0.0035549383930238675,0.00011730284771327253
iso_w1_q0.99_rq0.75_g0.5_p2_iqr2,0.005488328968639874,0.005699313793741912,2,0.005847058052026145,0.005848058052026145,0.0038043168003033,0.00500254153267,0,0.0026060920679366,True,1.0,0.99,0.75,0.5,2.0,2,0.00133206256283405,0.003598510444939731,7.373079579740902e-05
iso_w0.75_q0.975_rq0.75_g2.5_p2_iqr2,0.005498565768007185,0.00569932740395917,2,0.005719697019115276,0.0057206970191152765,0.0038043168003033,0.00500254153267,0,0.0026060920679366,True,0.75,0.975,0.75,2.5,2.0,2,0.0015963386281463135,0.0035549383930238675,0.00011730284771327253
iso_w1_q0.99_rq0.75_g1_p2_iqr2,0.005490024036051811,0.005699328141052032,2,0.005847058052026145,0.005848058052026145,0.0038043168003033,0.00500254153267,0,0.0026060920679366,True,1.0,0.99,0.75,1.0,2.0,2,0.00133206256283405,0.003598510444939731,7.373079579740902e-05
iso_w1_q0.99_rq0.75_g0.5_p1_iqr2,0.005487903839292543,0.005699335287844981,2,0.005847058052026145,0.005848058052026145,0.0038043168003033,0.00500254153267,0,0.0026060920679366,True,1.0,0.99,0.75,0.5,1.0,2,0.00133206256283405,0.003598510444939731,7.373079579740902e-05
iso_w1_q0.975_rq0.75_g0.5_p2_iqr2,0.005488247152024504,0.005699339504953469,2,0.005847058052026145,0.005848058052026145,0.0038043168003033,0.00500254153267,0,0.0026060920679366,True,1.0,0.975,0.75,0.5,2.0,2,0.001587748605840654,0.0035549383930238675,0.00011730284771327253
iso_w1_q0.99_rq0.75_g1.5_p1_iqr0,0.005489982664098414,0.005699341949280491,0,0.005847058052026145,0.004410167050941696,,,0,0.00500254153267,True,1.0,0.99,0.75,1.5,1.0,0,0.00133206256283405,0.003598510444939731,7.373079579740902e-05
iso_w1_q0.99_rq0.75_g1.5_p2_iqr2,0.005492412745431551,0.00569934293496638,2,0.005847058052026145,0.005848058052026145,0.0038043168003033,0.00500254153267,0,0.0026060920679366,True,1.0,0.99,0.75,1.5,2.0,2,0.00133206256283405,0.003598510444939731,7.373079579740902e-05
iso_w1_q0.99_rq0.75_g1.5_p1_iqr1,0.005489982664098414,0.005699345608347911,1,0.005847058052026145,0.005848058052026145,0.00500254153267,0.00500254153267,0,0.00500254153267,True,1.0,0.99,0.75,1.5,1.0,1,0.00133206256283405,0.003598510444939731,7.373079579740902e-05
iso_w1_q0.99_rq0.9_g1_p2_iqr0,0.005515607923439714,0.005699354150796177,0,0.005847058052026145,0.004686223434304568,,,0,0.00500254153267,True,1.0,0.99,0.9,1.0,2.0,0,0.005423160217779439,0.003598510444939731,7.373079579740902e-05
iso_w1_q0.99_rq0.9_g0.5_p2_iqr2,0.0054957401547193205,0.005699359278417753,2,0.005847058052026145,0.005848058052026145,0.0038043168003033,0.00500254153267,0,0.0026060920679366,True,1.0,0.99,0.9,0.5,2.0,2,0.005423160217779439,0.003598510444939731,7.373079579740902e-05
iso_w1_q0.99_rq0.9_g1_p2_iqr1,0.005515607923439714,0.005699360331557892,1,0.005847058052026145,0.005848058052026145,0.00500254153267,0.00500254153267,0,0.00500254153267,True,1.0,0.99,0.9,1.0,2.0,1,0.005423160217779439,0.003598510444939731,7.373079579740902e-05
iso_w1_q0.95_rq0.75_g0.5_p2_iqr2,0.005487893668195073,0.005699360844951325,2,0.005847058052026145,0.005848058052026145,0.0038043168003033,0.00500254153267,0,0.0026060920679366,True,1.0,0.95,0.75,0.5,2.0,2,0.001087156944173554,0.0035056614035127455,0.00016657983722439445
iso_w1_q0.95_rq0.75_g1_p2_iqr1,0.00548876114340196,0.005699370293270813,1,0.005847058052026145,0.005848058052026145,0.00500254153267,0.00500254153267,0,0.00500254153267,True,1.0,0.95,0.75,1.0,2.0,1,0.001087156944173554,0.0035056614035127455,0.00016657983722439445
iso_w1_q0.95_rq0.75_g1_p2_iqr0,0.00548876114340196,0.005699371276077103,0,0.005847058052026145,0.004101062399958902,,,0,0.00500254153267,True,1.0,0.95,0.75,1.0,2.0,0,0.001087156944173554,0.0035056614035127455,0.00016657983722439445
iso_w1_q0.99_rq0.75_g2.5_p2_iqr2,0.005499267212065222,0.005699373862593738,2,0.005847058052026145,0.005848058052026145,0.0038043168003033,0.00500254153267,0,0.0026060920679366,True,1.0,0.99,0.75,2.5,2.0,2,0.00133206256283405,0.003598510444939731,7.373079579740902e-05
iso_w1_q0.99_rq0.75_g1_p1_iqr2,0.005488788715163929,0.0056993752516411025,2,0.005847058052026145,0.005848058052026145,0.0038043168003033,0.00500254153267,0,0.0026060920679366,True,1.0,0.99,0.75,1.0,1.0,2,0.00133206256283405,0.003598510444939731,7.373079579740902e-05
iso_w1_q0.975_rq0.75_g0.5_p1_iqr2,0.005488185631516105,0.005699379494152608,2,0.005847058052026145,0.005848058052026145,0.0038043168003033,0.00500254153267,0,0.0026060920679366,True,1.0,0.975,0.75,0.5,1.0,2,0.001587748605840654,0.0035549383930238675,0.00011730284771327253
iso_w1_q0.975_rq0.75_g1.5_p2_iqr0,0.005491898245891577,0.0056993827830048565,0,0.005847058052026145,0.0045302217013347395,,,0,0.00500254153267,True,1.0,0.975,0.75,1.5,2.0,0,0.001587748605840654,0.0035549383930238675,0.00011730284771327253
iso_w1_q0.975_rq0.75_g1.5_p2_iqr1,0.005491898245891577,0.005699387726979988,1,0.005847058052026145,0.005848058052026145,0.00500254153267,0.00500254153267,0,0.00500254153267,True,1.0,0.975,0.75,1.5,2.0,1,0.001587748605840654,0.0035549383930238675,0.00011730284771327253
iso_w1_q0.975_rq0.75_g1_p2_iqr2,0.005489770673030835,0.00569939203451734,2,0.005847058052026145,0.005848058052026145,0.0038043168003033,0.00500254153267,0,0.0026060920679366,True,1.0,0.975,0.75,1.0,2.0,2,0.001587748605840654,0.0035549383930238675,0.00011730284771327253
iso_w1_q0.99_rq0.9_g0.5_p1_iqr0,0.00549160434228306,0.005699404547824741,0,0.005847058052026145,0.0047494234746054305,,,0,0.00500254153267,True,1.0,0.99,0.9,0.5,1.0,0,0.005423160217779439,0.003598510444939731,7.373079579740902e-05
iso_w1_q0.99_rq0.9_g0.5_p1_iqr1,0.00549160434228306,0.0056994110903058875,1,0.005847058052026145,0.005848058052026145,0.00500254153267,0.00500254153267,0,0.00500254153267,True,1.0,0.99,0.9,0.5,1.0,1,0.005423160217779439,0.003598510444939731,7.373079579740902e-05
iso_w1_q0.99_rq0.75_g1.5_p1_iqr2,0.005489982664098414,0.005699419784331644,2,0.005847058052026145,0.005848058052026145,0.0038043168003033,0.00500254153267,0,0.0026060920679366,True,1.0,0.99,0.75,1.5,1.0,2,0.00133206256283405,0.003598510444939731,7.373079579740902e-05
iso_w1_q0.99_rq0.9_g1_p2_iqr2,0.005515607923439714,0.00569942606617317,2,0.005847058052026145,0.005848058052026145,0.0038043168003033,0.00500254153267,0,0.0026060920679366,True,1.0,0.99,0.9,1.0,2.0,2,0.005423160217779439,0.003598510444939731,7.373079579740902e-05
iso_w1_q0.95_rq0.75_g0.5_p1_iqr1,0.005488078275582717,0.005699433058506275,1,0.005847058052026145,0.005848058052026145,0.00500254153267,0.00500254153267,0,0.00500254153267,True,1.0,0.95,0.75,0.5,1.0,1,0.001087156944173554,0.0035056614035127455,0.00016657983722439445
iso_w1_q0.95_rq0.75_g0.5_p1_iqr0,0.005488078275582717,0.0056994385961873385,0,0.005847058052026145,0.003877474707687717,,,0,0.00500254153267,True,1.0,0.95,0.75,0.5,1.0,0,0.001087156944173554,0.0035056614035127455,0.00016657983722439445
iso_w0.75_q0.99_rq0.9_g2.5_p2_iqr2,0.0056502857703465605,0.005699444064249813,2,0.005719697019115276,0.006665183287528643,0.0038043168003033,0.00500254153267,0,0.00500254153267,True,0.75,0.99,0.9,2.5,2.0,2,0.005593695955935377,0.003598510444939731,7.373079579740902e-05
iso_w0.75_q0.99_rq0.9_g2.5_p2_iqr1,0.0056502857703465605,0.005699444064249813,2,0.005719697019115276,0.006665183287528643,0.0038043168003033,0.00500254153267,0,0.00500254153267,True,0.75,0.99,0.9,2.5,2.0,1,0.005593695955935377,0.003598510444939731,7.373079579740902e-05
iso_w0.75_q0.99_rq0.9_g2.5_p2_iqr0,0.0056502857703465605,0.005699444064249813,2,0.005719697019115276,0.006665183287528643,0.0038043168003033,0.00500254153267,0,0.00500254153267,True,0.75,0.99,0.9,2.5,2.0,0,0.005593695955935377,0.003598510444939731,7.373079579740902e-05
iso_w1_q0.95_rq0.75_g1_p2_iqr2,0.00548876114340196,0.005699453861503607,2,0.005847058052026145,0.005848058052026145,0.0038043168003033,0.00500254153267,0,0.0026060920679366,True,1.0,0.95,0.75,1.0,2.0,2,0.001087156944173554,0.0035056614035127455,0.00016657983722439445
iso_w1_q0.99_rq0.9_g1.5_p2_iqr0,0.00554680839507584,0.005699454293236853,0,0.005847058052026145,0.005299289622750003,,,0,0.00500254153267,True,1.0,0.99,0.9,1.5,2.0,0,0.005423160217779439,0.003598510444939731,7.373079579740902e-05
iso_w0.75_q0.975_rq0.75_g1.5_p1_iqr0,0.005492693313173316,0.0056994553225729935,0,0.005719697019115276,0.005108546031208601,,,0,0.00500254153267,True,0.75,0.975,0.75,1.5,1.0,0,0.0015963386281463135,0.0035549383930238675,0.00011730284771327253
iso_w1_q0.975_rq0.75_g1.5_p2_iqr2,0.005491898245891577,0.005699457481373832,2,0.005847058052026145,0.005848058052026145,0.0038043168003033,0.00500254153267,0,0.0026060920679366,True,1.0,0.975,0.75,1.5,2.0,2,0.001587748605840654,0.0035549383930238675,0.00011730284771327253
iso_w0.75_q0.99_rq0.9_g1_p1_iqr2,0.005502138905662269,0.005699459236106184,2,0.005719697019115276,0.006163213563231833,0.0038043168003033,0.00500254153267,0,0.00500254153267,True,0.75,0.99,0.9,1.0,1.0,2,0.005593695955935377,0.003598510444939731,7.373079579740902e-05
iso_w0.75_q0.99_rq0.9_g1_p1_iqr0,0.005502138905662269,0.005699459236106184,2,0.005719697019115276,0.006163213563231833,0.0038043168003033,0.00500254153267,0,0.00500254153267,True,0.75,0.99,0.9,1.0,1.0,0,0.005593695955935377,0.003598510444939731,7.373079579740902e-05
iso_w0.75_q0.99_rq0.9_g1_p1_iqr1,0.005502138905662269,0.005699459236106184,2,0.005719697019115276,0.006163213563231833,0.0038043168003033,0.00500254153267,0,0.00500254153267,True,0.75,0.99,0.9,1.0,1.0,1,0.005593695955935377,0.003598510444939731,7.373079579740902e-05
iso_w0.75_q0.975_rq0.75_g1.5_p1_iqr1,0.005492693313173316,0.005699460394132912,1,0.005719697019115276,0.0057206970191152765,0.00500254153267,0.00500254153267,0,0.00500254153267,True,0.75,0.975,0.75,1.5,1.0,1,0.0015963386281463135,0.0035549383930238675,0.00011730284771327253
iso_w1_q0.99_rq0.9_g1.5_p2_iqr1,0.00554680839507584,0.005699460594496174,1,0.005847058052026145,0.005848058052026145,0.00500254153267,0.00500254153267,0,0.00500254153267,True,1.0,0.99,0.9,1.5,2.0,1,0.005423160217779439,0.003598510444939731,7.373079579740902e-05
iso_w1_q0.975_rq0.75_g1_p1_iqr0,0.005489683811179537,0.005699465155022198,0,0.005847058052026145,0.004524390024794885,,,0,0.00500254153267,True,1.0,0.975,0.75,1.0,1.0,0,0.001587748605840654,0.0035549383930238675,0.00011730284771327253
iso_w1_q0.99_rq0.75_g2.5_p1_iqr0,0.005493296922876559,0.005699466674424871,0,0.005847058052026145,0.005043551046627029,,,0,0.00500254153267,True,1.0,0.99,0.75,2.5,1.0,0,0.00133206256283405,0.003598510444939731,7.373079579740902e-05
iso_w1_q0.975_rq0.75_g1_p1_iqr1,0.005489683811179537,0.005699470043206916,1,0.005847058052026145,0.005848058052026145,0.00500254153267,0.00500254153267,0,0.00500254153267,True,1.0,0.975,0.75,1.0,1.0,1,0.001587748605840654,0.0035549383930238675,0.00011730284771327253
iso_w1_q0.99_rq0.9_g0.5_p1_iqr2,0.00549160434228306,0.005699472558666429,2,0.005847058052026145,0.005848058052026145,0.0038043168003033,0.00500254153267,0,0.0026060920679366,True,1.0,0.99,0.9,0.5,1.0,2,0.005423160217779439,0.003598510444939731,7.373079579740902e-05
iso_w1_q0.99_rq0.75_g2.5_p1_iqr1,0.005493296922876559,0.00569947384397425,1,0.005847058052026145,0.005848058052026145,0.00500254153267,0.00500254153267,0,0.00500254153267,True,1.0,0.99,0.75,2.5,1.0,1,0.00133206256283405,0.003598510444939731,7.373079579740902e-05
iso_w0.75_q0.975_rq0.75_g1.5_p1_iqr2,0.005492693313173316,0.00569949627419425,2,0.005719697019115276,0.0057206970191152765,0.0038043168003033,0.00500254153267,0,0.0026060920679366,True,0.75,0.975,0.75,1.5,1.0,2,0.0015963386281463135,0.0035549383930238675,0.00011730284771327253
iso_w1_q0.99_rq0.9_g1.5_p2_iqr2,0.00554680839507584,0.005699500256045418,2,0.005847058052026145,0.005848058052026145,0.0038043168003033,0.00500254153267,0,0.0026060920679366,True,1.0,0.99,0.9,1.5,2.0,2,0.005423160217779439,0.003598510444939731,7.373079579740902e-05
iso_w1_q0.95_rq0.75_g1.5_p2_iqr0,0.005489930468470873,0.005699501935407689,0,0.005847058052026145,0.004421548071231505,,,0,0.00500254153267,True,1.0,0.95,0.75,1.5,2.0,0,0.001087156944173554,0.0035056614035127455,0.00016657983722439445
iso_w1_q0.95_rq0.75_g1.5_p2_iqr1,0.005489930468470873,0.0056995057286128034,1,0.005847058052026145,0.005848058052026145,0.00500254153267,0.00500254153267,0,0.00500254153267,True,1.0,0.95,0.75,1.5,2.0,1,0.001087156944173554,0.0035056614035127455,0.00016657983722439445
iso_w1_q0.975_rq0.9_g0.5_p2_iqr0,0.005495751931421458,0.005699510079354006,0,0.005847058052026145,0.005014479776764896,,,0,0.00500254153267,True,1.0,0.975,0.9,0.5,2.0,0,0.006918721193820147,0.0035549383930238675,0.00011730284771327253
iso_w1_q0.975_rq0.9_g0.5_p2_iqr1,0.005495751931421458,0.005699517264321927,1,0.005847058052026145,0.005848058052026145,0.00500254153267,0.00500254153267,0,0.00500254153267,True,1.0,0.975,0.9,0.5,2.0,1,0.006918721193820147,0.0035549383930238675,0.00011730284771327253
iso_w1_q0.99_rq0.75_g2.5_p1_iqr2,0.005493296922876559,0.00569952255595661,2,0.005847058052026145,0.005848058052026145,0.0038043168003033,0.00500254153267,0,0.0026060920679366,True,1.0,0.99,0.75,2.5,1.0,2,0.00133206256283405,0.003598510444939731,7.373079579740902e-05
iso_w1_q0.95_rq0.75_g0.5_p1_iqr2,0.005488078275582717,0.0056995225697755066,2,0.005847058052026145,0.005848058052026145,0.0038043168003033,0.00500254153267,0,0.0026060920679366,True,1.0,0.95,0.75,0.5,1.0,2,0.001087156944173554,0.0035056614035127455,0.00016657983722439445
iso_w0.75_q0.95_rq0.75_g1_p1_iqr0,0.005490247916404966,0.005699531234154041,0,0.005719697019115276,0.004321860553164558,,,0,0.00500254153267,True,0.75,0.95,0.75,1.0,1.0,0,0.0010658411166614775,0.0035056614035127455,0.00016657983722439445
iso_w0.75_q0.95_rq0.75_g1_p1_iqr1,0.005490247916404966,0.005699531761103234,1,0.005719697019115276,0.0057206970191152765,0.00500254153267,0.00500254153267,0,0.00500254153267,True,0.75,0.95,0.75,1.0,1.0,1,0.0010658411166614775,0.0035056614035127455,0.00016657983722439445
iso_w1_q0.975_rq0.75_g1_p1_iqr2,0.005489683811179537,0.005699539366414613,2,0.005847058052026145,0.005848058052026145,0.0038043168003033,0.00500254153267,0,0.0026060920679366,True,1.0,0.975,0.75,1.0,1.0,2,0.001587748605840654,0.0035549383930238675,0.00011730284771327253
iso_w1_q0.975_rq0.9_g0.5_p2_iqr2,0.005495751931421458,0.005699567000324123,2,0.005847058052026145,0.005848058052026145,0.0038043168003033,0.00500254153267,0,0.0026060920679366,True,1.0,0.975,0.9,0.5,2.0,2,0.006918721193820147,0.0035549383930238675,0.00011730284771327253
iso_w1_q0.95_rq0.75_g1.5_p2_iqr2,0.005489930468470873,0.00569957894112636,2,0.005847058052026145,0.005848058052026145,0.0038043168003033,0.00500254153267,0,0.0026060920679366,True,1.0,0.95,0.75,1.5,2.0,2,0.001087156944173554,0.0035056614035127455,0.00016657983722439445
iso_w1_q0.975_rq0.75_g2.5_p2_iqr0,0.005497962543044626,0.005699581799725466,0,0.005847058052026145,0.005243642130615435,,,0,0.00500254153267,True,1.0,0.975,0.75,2.5,2.0,0,0.001587748605840654,0.0035549383930238675,0.00011730284771327253
iso_w0.75_q0.95_rq0.75_g2.5_p2_iqr0,0.0054937596507193655,0.00569958265936302,0,0.005719697019115276,0.005074470120101877,,,0,0.00500254153267,True,0.75,0.95,0.75,2.5,2.0,0,0.0010658411166614775,0.0035056614035127455,0.00016657983722439445
iso_w0.75_q0.95_rq0.75_g2.5_p2_iqr1,0.0054937596507193655,0.005699587791758518,1,0.005719697019115276,0.0057206970191152765,0.00500254153267,0.00500254153267,0,0.00500254153267,True,0.75,0.95,0.75,2.5,2.0,1,0.0010658411166614775,0.0035056614035127455,0.00016657983722439445
iso_w1_q0.975_rq0.75_g2.5_p2_iqr1,0.005497962543044626,0.005699588401705763,1,0.005847058052026145,0.005848058052026145,0.00500254153267,0.00500254153267,0,0.00500254153267,True,1.0,0.975,0.75,2.5,2.0,1,0.001587748605840654,0.0035549383930238675,0.00011730284771327253
iso_w0.75_q0.95_rq0.75_g1_p1_iqr2,0.005490247916404966,0.005699599974072517,2,0.005719697019115276,0.0057206970191152765,0.0038043168003033,0.00500254153267,0,0.0026060920679366,True,0.75,0.95,0.75,1.0,1.0,2,0.0010658411166614775,0.0035056614035127455,0.00016657983722439445
iso_w0.75_q0.95_rq0.75_g2.5_p2_iqr2,0.0054937596507193655,0.005699625607018313,2,0.005719697019115276,0.0057206970191152765,0.0038043168003033,0.00500254153267,0,0.0026060920679366,True,0.75,0.95,0.75,2.5,2.0,2,0.0010658411166614775,0.0035056614035127455,0.00016657983722439445
iso_w1_q0.975_rq0.75_g2.5_p2_iqr2,0.005497962543044626,0.005699627125096962,2,0.005847058052026145,0.005848058052026145,0.0038043168003033,0.00500254153267,0,0.0026060920679366,True,1.0,0.975,0.75,2.5,2.0,2,0.001587748605840654,0.0035549383930238675,0.00011730284771327253
iso_w1_q0.99_rq0.9_g2.5_p2_iqr1,0.005642387230047068,0.005699719003356069,2,0.005847058052026145,0.006525421999640875,0.0038043168003033,0.00500254153267,0,0.00500254153267,True,1.0,0.99,0.9,2.5,2.0,1,0.005423160217779439,0.003598510444939731,7.373079579740902e-05
iso_w1_q0.99_rq0.9_g2.5_p2_iqr0,0.005642387230047068,0.005699719003356069,2,0.005847058052026145,0.006525421999640875,0.0038043168003033,0.00500254153267,0,0.00500254153267,True,1.0,0.99,0.9,2.5,2.0,0,0.005423160217779439,0.003598510444939731,7.373079579740902e-05
iso_w1_q0.99_rq0.9_g2.5_p2_iqr2,0.005642387230047068,0.005699719003356069,2,0.005847058052026145,0.006525421999640875,0.0038043168003033,0.00500254153267,0,0.00500254153267,True,1.0,0.99,0.9,2.5,2.0,2,0.005423160217779439,0.003598510444939731,7.373079579740902e-05
iso_w1_q0.975_rq0.75_g1.5_p1_iqr0,0.0054918222006156165,0.005699725790686495,0,0.005847058052026145,0.00505653950848548,,,0,0.00500254153267,True,1.0,0.975,0.75,1.5,1.0,0,0.001587748605840654,0.0035549383930238675,0.00011730284771327253
iso_w1_q0.99_rq0.9_g1_p1_iqr0,0.005500994422656304,0.005699730984967706,2,0.005847058052026145,0.006038755891797164,0.0038043168003033,0.00500254153267,0,0.00500254153267,True,1.0,0.99,0.9,1.0,1.0,0,0.005423160217779439,0.003598510444939731,7.373079579740902e-05
iso_w1_q0.99_rq0.9_g1_p1_iqr2,0.005500994422656304,0.005699730984967706,2,0.005847058052026145,0.006038755891797164,0.0038043168003033,0.00500254153267,0,0.00500254153267,True,1.0,0.99,0.9,1.0,1.0,2,0.005423160217779439,0.003598510444939731,7.373079579740902e-05
iso_w1_q0.99_rq0.9_g1_p1_iqr1,0.005500994422656304,0.005699730984967706,2,0.005847058052026145,0.006038755891797164,0.0038043168003033,0.00500254153267,0,0.00500254153267,True,1.0,0.99,0.9,1.0,1.0,1,0.005423160217779439,0.003598510444939731,7.373079579740902e-05
iso_w1_q0.975_rq0.75_g1.5_p1_iqr1,0.0054918222006156165,0.005699732947505813,1,0.005847058052026145,0.005848058052026145,0.00500254153267,0.00500254153267,0,0.00500254153267,True,1.0,0.975,0.75,1.5,1.0,1,0.001587748605840654,0.0035549383930238675,0.00011730284771327253
iso_w1_q0.975_rq0.75_g1.5_p1_iqr2,0.0054918222006156165,0.005699779503070866,2,0.005847058052026145,0.005848058052026145,0.0038043168003033,0.00500254153267,0,0.0026060920679366,True,1.0,0.975,0.75,1.5,1.0,2,0.001587748605840654,0.0035549383930238675,0.00011730284771327253
iso_w1_q0.95_rq0.75_g1_p1_iqr0,0.005489335638044763,0.00569981766760349,0,0.005847058052026145,0.004294858357961739,,,0,0.00500254153267,True,1.0,0.95,0.75,1.0,1.0,0,0.001087156944173554,0.0035056614035127455,0.00016657983722439445
iso_w1_q0.95_rq0.75_g1_p1_iqr1,0.005489335638044763,0.005699819819520777,1,0.005847058052026145,0.005848058052026145,0.00500254153267,0.00500254153267,0,0.00500254153267,True,1.0,0.95,0.75,1.0,1.0,1,0.001087156944173554,0.0035056614035127455,0.00016657983722439445
iso_w0.75_q0.975_rq0.9_g1_p2_iqr2,0.005515474664770943,0.005699857853210452,4,0.005719697019115276,0.006595394905536015,0.00190215840015165,0.00500254153267,0,0.00500254153267,True,0.75,0.975,0.9,1.0,2.0,2,0.006881236303464197,0.0035549383930238675,0.00011730284771327253
iso_w0.75_q0.975_rq0.9_g1_p2_iqr0,0.005515474664770943,0.005699857853210452,4,0.005719697019115276,0.006595394905536015,0.00190215840015165,0.00500254153267,0,0.00500254153267,True,0.75,0.975,0.9,1.0,2.0,0,0.006881236303464197,0.0035549383930238675,0.00011730284771327253
iso_w0.75_q0.975_rq0.9_g1_p2_iqr1,0.005515474664770943,0.005699857853210452,4,0.005719697019115276,0.006595394905536015,0.00190215840015165,0.00500254153267,0,0.00500254153267,True,0.75,0.975,0.9,1.0,2.0,1,0.006881236303464197,0.0035549383930238675,0.00011730284771327253
iso_w1_q0.95_rq0.75_g2.5_p2_iqr0,0.005493173847382047,0.005699871581048348,0,0.005847058052026145,0.0050625194137767105,,,0,0.00500254153267,True,1.0,0.95,0.75,2.5,2.0,0,0.001087156944173554,0.0035056614035127455,0.00016657983722439445
iso_w1_q0.95_rq0.75_g2.5_p2_iqr1,0.005493173847382047,0.005699878730833726,1,0.005847058052026145,0.005848058052026145,0.00500254153267,0.00500254153267,0,0.00500254153267,True,1.0,0.95,0.75,2.5,2.0,1,0.001087156944173554,0.0035056614035127455,0.00016657983722439445
iso_w1_q0.95_rq0.75_g1_p1_iqr2,0.005489335638044763,0.005699897080888663,2,0.005847058052026145,0.005848058052026145,0.0038043168003033,0.00500254153267,0,0.0026060920679366,True,1.0,0.95,0.75,1.0,1.0,2,0.001087156944173554,0.0035056614035127455,0.00016657983722439445
iso_w1_q0.95_rq0.75_g2.5_p2_iqr2,0.005493173847382047,0.005699925280599067,2,0.005847058052026145,0.005848058052026145,0.0038043168003033,0.00500254153267,0,0.0026060920679366,True,1.0,0.95,0.75,2.5,2.0,2,0.001087156944173554,0.0035056614035127455,0.00016657983722439445
iso_w0.75_q0.975_rq0.9_g0.5_p1_iqr1,0.005496427833614911,0.00569995570495613,2,0.005719697019115276,0.005809774180082786,0.0038043168003033,0.00500254153267,0,0.00500254153267,True,0.75,0.975,0.9,0.5,1.0,1,0.006881236303464197,0.0035549383930238675,0.00011730284771327253
iso_w0.75_q0.975_rq0.9_g0.5_p1_iqr2,0.005496427833614911,0.00569995570495613,2,0.005719697019115276,0.005809774180082786,0.0038043168003033,0.00500254153267,0,0.00500254153267,True,0.75,0.975,0.9,0.5,1.0,2,0.006881236303464197,0.0035549383930238675,0.00011730284771327253
iso_w0.75_q0.975_rq0.9_g0.5_p1_iqr0,0.005496427833614911,0.00569995570495613,2,0.005719697019115276,0.005809774180082786,0.0038043168003033,0.00500254153267,0,0.00500254153267,True,0.75,0.975,0.9,0.5,1.0,0,0.006881236303464197,0.0035549383930238675,0.00011730284771327253
iso_w0.75_q0.99_rq0.9_g1.5_p1_iqr2,0.005517176492899564,0.005699958652317959,5,0.005719697019115276,0.007493090099841858,0.00152172672012132,0.00500254153267,0,0.00500254153267,True,0.75,0.99,0.9,1.5,1.0,2,0.005593695955935377,0.003598510444939731,7.373079579740902e-05
iso_w0.75_q0.99_rq0.9_g1.5_p1_iqr1,0.005517176492899564,0.005699958652317959,5,0.005719697019115276,0.007493090099841858,0.00152172672012132,0.00500254153267,0,0.00500254153267,True,0.75,0.99,0.9,1.5,1.0,1,0.005593695955935377,0.003598510444939731,7.373079579740902e-05
iso_w0.75_q0.99_rq0.9_g1.5_p1_iqr0,0.005517176492899564,0.005699958652317959,5,0.005719697019115276,0.007493090099841858,0.00152172672012132,0.00500254153267,0,0.00500254153267,True,0.75,0.99,0.9,1.5,1.0,0,0.005593695955935377,0.003598510444939731,7.373079579740902e-05
iso_w0.75_q0.95_rq0.9_g0.5_p2_iqr0,0.005497154787988837,0.005699997345958704,0,0.005719697019115276,0.005594675599828327,,,0,0.00500254153267,True,0.75,0.95,0.9,0.5,2.0,0,0.0070938554580928835,0.0035056614035127455,0.00016657983722439445
iso_w0.75_q0.95_rq0.9_g0.5_p2_iqr1,0.005497154787988837,0.0056999990057059495,1,0.005719697019115276,0.0057206970191152765,0.00500254153267,0.00500254153267,0,0.00500254153267,True,0.75,0.95,0.9,0.5,2.0,1,0.0070938554580928835,0.0035056614035127455,0.00016657983722439445
iso_w0.75_q0.95_rq0.9_g0.5_p2_iqr2,0.005497154787988837,0.005700009223915198,2,0.005719697019115276,0.0057206970191152765,0.0038043168003033,0.00500254153267,0,0.0026060920679366,True,0.75,0.95,0.9,0.5,2.0,2,0.0070938554580928835,0.0035056614035127455,0.00016657983722439445
iso_w1.25_q0.95_rq0.9_g0_p1_iqr1,0.00548691495468203,0.005700013830324042,1,0.005989758304575339,0.0059907583045753394,0.00500254153267,0.00500254153267,0,0.00500254153267,True,1.25,0.95,0.9,0.0,1.0,1,0.0071337405436769875,0.0035056614035127455,0.00016657983722439445
iso_w1.25_q0.975_rq0.75_g0_p2_iqr1,0.00548691495468203,0.005700013830324042,1,0.005989758304575339,0.0059907583045753394,0.00500254153267,0.00500254153267,0,0.00500254153267,True,1.25,0.975,0.75,0.0,2.0,1,0.00161624609912598,0.0035549383930238675,0.00011730284771327253
iso_w1.25_q0.95_rq0.9_g0_p2_iqr1,0.00548691495468203,0.005700013830324042,1,0.005989758304575339,0.0059907583045753394,0.00500254153267,0.00500254153267,0,0.00500254153267,True,1.25,0.95,0.9,0.0,2.0,1,0.0071337405436769875,0.0035056614035127455,0.00016657983722439445
iso_w1.25_q0.975_rq0.9_g0_p2_iqr1,0.00548691495468203,0.005700013830324042,1,0.005989758304575339,0.0059907583045753394,0.00500254153267,0.00500254153267,0,0.00500254153267,True,1.25,0.975,0.9,0.0,2.0,1,0.006948547504051946,0.0035549383930238675,0.00011730284771327253
iso_w1.25_q0.975_rq0.9_g0_p1_iqr1,0.00548691495468203,0.005700013830324042,1,0.005989758304575339,0.0059907583045753394,0.00500254153267,0.00500254153267,0,0.00500254153267,True,1.25,0.975,0.9,0.0,1.0,1,0.006948547504051946,0.0035549383930238675,0.00011730284771327253
iso_w1.25_q0.99_rq0.9_g0_p2_iqr1,0.00548691495468203,0.005700013830324042,1,0.005989758304575339,0.0059907583045753394,0.00500254153267,0.00500254153267,0,0.00500254153267,True,1.25,0.99,0.9,0.0,2.0,1,0.005371825255729383,0.003598510444939731,7.373079579740902e-05
iso_w1.25_q0.99_rq0.9_g0_p1_iqr1,0.00548691495468203,0.005700013830324042,1,0.005989758304575339,0.0059907583045753394,0.00500254153267,0.00500254153267,0,0.00500254153267,True,1.25,0.99,0.9,0.0,1.0,1,0.005371825255729383,0.003598510444939731,7.373079579740902e-05
iso_w1.25_q0.95_rq0.75_g0_p2_iqr1,0.00548691495468203,0.005700013830324042,1,0.005989758304575339,0.0059907583045753394,0.00500254153267,0.00500254153267,0,0.00500254153267,True,1.25,0.95,0.75,0.0,2.0,1,0.0010642857481742976,0.0035056614035127455,0.00016657983722439445
iso_w1.25_q0.975_rq0.75_g0_p1_iqr1,0.00548691495468203,0.005700013830324042,1,0.005989758304575339,0.0059907583045753394,0.00500254153267,0.00500254153267,0,0.00500254153267,True,1.25,0.975,0.75,0.0,1.0,1,0.00161624609912598,0.0035549383930238675,0.00011730284771327253
iso_w1.25_q0.99_rq0.75_g0_p2_iqr1,0.00548691495468203,0.005700013830324042,1,0.005989758304575339,0.0059907583045753394,0.00500254153267,0.00500254153267,0,0.00500254153267,True,1.25,0.99,0.75,0.0,2.0,1,0.001326589635481097,0.003598510444939731,7.373079579740902e-05
iso_w1.25_q0.99_rq0.75_g0_p1_iqr1,0.00548691495468203,0.005700013830324042,1,0.005989758304575339,0.0059907583045753394,0.00500254153267,0.00500254153267,0,0.00500254153267,True,1.25,0.99,0.75,0.0,1.0,1,0.001326589635481097,0.003598510444939731,7.373079579740902e-05
iso_w1.25_q0.95_rq0.75_g0_p1_iqr1,0.00548691495468203,0.005700013830324042,1,0.005989758304575339,0.0059907583045753394,0.00500254153267,0.00500254153267,0,0.00500254153267,True,1.25,0.95,0.75,0.0,1.0,1,0.0010642857481742976,0.0035056614035127455,0.00016657983722439445
iso_w1.25_q0.99_rq0.9_g0_p2_iqr0,0.005486899045719641,0.005700029291984397,0,0.005989758304575339,0.0034906684706804024,,,0,0.0052306429375795,True,1.25,0.99,0.9,0.0,2.0,0,0.005371825255729383,0.003598510444939731,7.373079579740902e-05
iso_w1.25_q0.99_rq0.75_g0_p1_iqr0,0.005486899045719641,0.005700029291984397,0,0.005989758304575339,0.0034906684706804024,,,0,0.0052306429375795,True,1.25,0.99,0.75,0.0,1.0,0,0.001326589635481097,0.003598510444939731,7.373079579740902e-05
iso_w1.25_q0.95_rq0.9_g0_p1_iqr0,0.005486899045719641,0.005700029291984397,0,0.005989758304575339,0.0034906684706804024,,,0,0.0052306429375795,True,1.25,0.95,0.9,0.0,1.0,0,0.0071337405436769875,0.0035056614035127455,0.00016657983722439445
iso_w1.25_q0.99_rq0.75_g0_p2_iqr0,0.005486899045719641,0.005700029291984397,0,0.005989758304575339,0.0034906684706804024,,,0,0.0052306429375795,True,1.25,0.99,0.75,0.0,2.0,0,0.001326589635481097,0.003598510444939731,7.373079579740902e-05
iso_w1.25_q0.975_rq0.75_g0_p2_iqr0,0.005486899045719641,0.005700029291984397,0,0.005989758304575339,0.0034906684706804024,,,0,0.0052306429375795,True,1.25,0.975,0.75,0.0,2.0,0,0.00161624609912598,0.0035549383930238675,0.00011730284771327253
iso_w1.25_q0.95_rq0.75_g0_p2_iqr0,0.005486899045719641,0.005700029291984397,0,0.005989758304575339,0.0034906684706804024,,,0,0.0052306429375795,True,1.25,0.95,0.75,0.0,2.0,0,0.0010642857481742976,0.0035056614035127455,0.00016657983722439445
iso_w1.25_q0.95_rq0.75_g0_p1_iqr0,0.005486899045719641,0.005700029291984397,0,0.005989758304575339,0.0034906684706804024,,,0,0.0052306429375795,True,1.25,0.95,0.75,0.0,1.0,0,0.0010642857481742976,0.0035056614035127455,0.00016657983722439445
iso_w1.25_q0.975_rq0.9_g0_p1_iqr0,0.005486899045719641,0.005700029291984397,0,0.005989758304575339,0.0034906684706804024,,,0,0.0052306429375795,True,1.25,0.975,0.9,0.0,1.0,0,0.006948547504051946,0.0035549383930238675,0.00011730284771327253
iso_w1.25_q0.99_rq0.9_g0_p1_iqr0,0.005486899045719641,0.005700029291984397,0,0.005989758304575339,0.0034906684706804024,,,0,0.0052306429375795,True,1.25,0.99,0.9,0.0,1.0,0,0.005371825255729383,0.003598510444939731,7.373079579740902e-05
iso_w1.25_q0.95_rq0.9_g0_p2_iqr0,0.005486899045719641,0.005700029291984397,0,0.005989758304575339,0.0034906684706804024,,,0,0.0052306429375795,True,1.25,0.95,0.9,0.0,2.0,0,0.0071337405436769875,0.0035056614035127455,0.00016657983722439445
iso_w1.25_q0.975_rq0.9_g0_p2_iqr0,0.005486899045719641,0.005700029291984397,0,0.005989758304575339,0.0034906684706804024,,,0,0.0052306429375795,True,1.25,0.975,0.9,0.0,2.0,0,0.006948547504051946,0.0035549383930238675,0.00011730284771327253
iso_w1.25_q0.975_rq0.75_g0_p1_iqr0,0.005486899045719641,0.005700029291984397,0,0.005989758304575339,0.0034906684706804024,,,0,0.0052306429375795,True,1.25,0.975,0.75,0.0,1.0,0,0.00161624609912598,0.0035549383930238675,0.00011730284771327253
iso_w1.25_q0.99_rq0.75_g0.5_p2_iqr1,0.005488012225352035,0.0057000298624947845,1,0.005989758304575339,0.0059907583045753394,0.00500254153267,0.00500254153267,0,0.00500254153267,True,1.25,0.99,0.75,0.5,2.0,1,0.001326589635481097,0.003598510444939731,7.373079579740902e-05
iso_w1.25_q0.99_rq0.75_g0.5_p2_iqr0,0.005488012225352035,0.005700040769345684,0,0.005989758304575339,0.003566687183419116,,,0,0.00500254153267,True,1.25,0.99,0.75,0.5,2.0,0,0.001326589635481097,0.003598510444939731,7.373079579740902e-05
iso_w1.25_q0.99_rq0.75_g1_p2_iqr1,0.005489813977601281,0.005700046727539191,1,0.005989758304575339,0.0059907583045753394,0.00500254153267,0.00500254153267,0,0.00500254153267,True,1.25,0.99,0.75,1.0,2.0,1,0.001326589635481097,0.003598510444939731,7.373079579740902e-05
iso_w1.25_q0.99_rq0.75_g1_p2_iqr0,0.005489813977601281,0.005700053531706539,0,0.005989758304575339,0.003716652742022624,,,0,0.00500254153267,True,1.25,0.99,0.75,1.0,2.0,0,0.001326589635481097,0.003598510444939731,7.373079579740902e-05
iso_w1.25_q0.99_rq0.75_g0.5_p1_iqr1,0.005487544562100372,0.005700053885729424,1,0.005989758304575339,0.0059907583045753394,0.00500254153267,0.00500254153267,0,0.00500254153267,True,1.25,0.99,0.75,0.5,1.0,1,0.001326589635481097,0.003598510444939731,7.373079579740902e-05
iso_w1.25_q0.975_rq0.75_g0.5_p2_iqr1,0.005487939909405946,0.005700057656871821,1,0.005989758304575339,0.0059907583045753394,0.00500254153267,0.00500254153267,0,0.00500254153267,True,1.25,0.975,0.75,0.5,2.0,1,0.00161624609912598,0.0035549383930238675,0.00011730284771327253
iso_w1.25_q0.99_rq0.75_g0.5_p1_iqr0,0.005487544562100372,0.005700060292658319,0,0.005989758304575339,0.003732112458324246,,,0,0.00500254153267,True,1.25,0.99,0.75,0.5,1.0,0,0.001326589635481097,0.003598510444939731,7.373079579740902e-05
iso_w1.25_q0.975_rq0.75_g0.5_p2_iqr0,0.005487939909405946,0.005700062867916189,0,0.005989758304575339,0.0037798342049873293,,,0,0.00500254153267,True,1.25,0.975,0.75,0.5,2.0,0,0.00161624609912598,0.0035549383930238675,0.00011730284771327253
iso_w1.25_q0.99_rq0.75_g1.5_p2_iqr1,0.005492303624807912,0.005700064425449868,1,0.005989758304575339,0.0059907583045753394,0.00500254153267,0.00500254153267,0,0.00500254153267,True,1.25,0.99,0.75,1.5,2.0,1,0.001326589635481097,0.003598510444939731,7.373079579740902e-05
iso_w1.25_q0.99_rq0.75_g1.5_p2_iqr0,0.005492303624807912,0.005700067579058329,0,0.005989758304575339,0.003866618300626132,,,0,0.00500254153267,True,1.25,0.99,0.75,1.5,2.0,0,0.001326589635481097,0.003598510444939731,7.373079579740902e-05
iso_w1.25_q0.95_rq0.75_g0.5_p2_iqr1,0.005487494479649614,0.005700071072824155,1,0.005989758304575339,0.0059907583045753394,0.00500254153267,0.00500254153267,0,0.00500254153267,True,1.25,0.95,0.75,0.5,2.0,1,0.0010642857481742976,0.0035056614035127455,0.00016657983722439445
iso_w0.75_q0.95_rq0.75_g1.5_p1_iqr0,0.005491939434424228,0.005700071843465199,0,0.005719697019115276,0.0047310605847409445,,,0,0.00500254153267,True,0.75,0.95,0.75,1.5,1.0,0,0.0010658411166614775,0.0035056614035127455,0.00016657983722439445
iso_w0.75_q0.95_rq0.75_g1.5_p1_iqr1,0.005491939434424228,0.005700076286619574,1,0.005719697019115276,0.0057206970191152765,0.00500254153267,0.00500254153267,0,0.00500254153267,True,0.75,0.95,0.75,1.5,1.0,1,0.0010658411166614775,0.0035056614035127455,0.00016657983722439445
iso_w1.25_q0.95_rq0.75_g0.5_p2_iqr0,0.005487494479649614,0.0057000775218345075,0,0.005989758304575339,0.0037304650399292336,,,0,0.00500254153267,True,1.25,0.95,0.75,0.5,2.0,0,0.0010642857481742976,0.0035056614035127455,0.00016657983722439445
iso_w1.25_q0.99_rq0.9_g0.5_p2_iqr0,0.005495654763589176,0.005700083701307813,0,0.005989758304575339,0.004023984604752683,,,0,0.00500254153267,True,1.25,0.99,0.9,0.5,2.0,0,0.005371825255729383,0.003598510444939731,7.373079579740902e-05
iso_w1.25_q0.99_rq0.9_g0.5_p2_iqr1,0.005495654763589176,0.0057000838922704015,1,0.005989758304575339,0.0059907583045753394,0.00500254153267,0.00500254153267,0,0.00500254153267,True,1.25,0.99,0.9,0.5,2.0,1,0.005371825255729383,0.003598510444939731,7.373079579740902e-05
iso_w1.25_q0.975_rq0.75_g0.5_p1_iqr1,0.005487834079532315,0.005700096240796973,1,0.005989758304575339,0.0059907583045753394,0.00500254153267,0.00500254153267,0,0.00500254153267,True,1.25,0.975,0.75,0.5,1.0,1,0.00161624609912598,0.0035549383930238675,0.00011730284771327253
iso_w1.25_q0.975_rq0.75_g0.5_p1_iqr0,0.005487834079532315,0.005700097382752144,0,0.005989758304575339,0.003958422322270445,,,0,0.00500254153267,True,1.25,0.975,0.75,0.5,1.0,0,0.00161624609912598,0.0035549383930238675,0.00011730284771327253
iso_w1.25_q0.99_rq0.75_g2.5_p2_iqr0,0.005499342608892242,0.0057000995286958485,0,0.005989758304575339,0.004166549417833149,,,0,0.00500254153267,True,1.25,0.99,0.75,2.5,2.0,0,0.001326589635481097,0.003598510444939731,7.373079579740902e-05
iso_w1.25_q0.99_rq0.75_g1_p1_iqr0,0.0054884967655382,0.005700099681177143,0,0.005989758304575339,0.004047503291832883,,,0,0.00500254153267,True,1.25,0.99,0.75,1.0,1.0,0,0.001326589635481097,0.003598510444939731,7.373079579740902e-05
iso_w1.25_q0.99_rq0.75_g1_p1_iqr1,0.0054884967655382,0.005700100329228619,1,0.005989758304575339,0.0059907583045753394,0.00500254153267,0.00500254153267,0,0.00500254153267,True,1.25,0.99,0.75,1.0,1.0,1,0.001326589635481097,0.003598510444939731,7.373079579740902e-05
iso_w1.25_q0.99_rq0.75_g2.5_p2_iqr1,0.005499342608892242,0.005700102319838636,1,0.005989758304575339,0.0059907583045753394,0.00500254153267,0.00500254153267,0,0.00500254153267,True,1.25,0.99,0.75,2.5,2.0,1,0.001326589635481097,0.003598510444939731,7.373079579740902e-05
iso_w1.25_q0.975_rq0.75_g1_p2_iqr0,0.005489607206336937,0.005700114961499666,0,0.005989758304575339,0.00414294678515905,,,0,0.00500254153267,True,1.25,0.975,0.75,1.0,2.0,0,0.00161624609912598,0.0035549383930238675,0.00011730284771327253
iso_w1.25_q0.975_rq0.75_g1_p2_iqr1,0.005489607206336937,0.00570011735037966,1,0.005989758304575339,0.0059907583045753394,0.00500254153267,0.00500254153267,0,0.00500254153267,True,1.25,0.975,0.75,1.0,2.0,1,0.00161624609912598,0.0035549383930238675,0.00011730284771327253
iso_w1.25_q0.95_rq0.9_g0_p2_iqr2,0.005486930808275333,0.00570012236826286,2,0.005989758304575339,0.0059907583045753394,0.0038043168003033,0.00500254153267,0,0.0026060920679366,True,1.25,0.95,0.9,0.0,2.0,2,0.0071337405436769875,0.0035056614035127455,0.00016657983722439445
iso_w1.25_q0.975_rq0.9_g0_p2_iqr2,0.005486930808275333,0.00570012236826286,2,0.005989758304575339,0.0059907583045753394,0.0038043168003033,0.00500254153267,0,0.0026060920679366,True,1.25,0.975,0.9,0.0,2.0,2,0.006948547504051946,0.0035549383930238675,0.00011730284771327253
iso_w1.25_q0.975_rq0.9_g0_p1_iqr2,0.005486930808275333,0.00570012236826286,2,0.005989758304575339,0.0059907583045753394,0.0038043168003033,0.00500254153267,0,0.0026060920679366,True,1.25,0.975,0.9,0.0,1.0,2,0.006948547504051946,0.0035549383930238675,0.00011730284771327253
iso_w1.25_q0.95_rq0.9_g0_p1_iqr2,0.005486930808275333,0.00570012236826286,2,0.005989758304575339,0.0059907583045753394,0.0038043168003033,0.00500254153267,0,0.0026060920679366,True,1.25,0.95,0.9,0.0,1.0,2,0.0071337405436769875,0.0035056614035127455,0.00016657983722439445
iso_w1.25_q0.95_rq0.75_g0_p2_iqr2,0.005486930808275333,0.00570012236826286,2,0.005989758304575339,0.0059907583045753394,0.0038043168003033,0.00500254153267,0,0.0026060920679366,True,1.25,0.95,0.75,0.0,2.0,2,0.0010642857481742976,0.0035056614035127455,0.00016657983722439445
iso_w1.25_q0.99_rq0.9_g0_p2_iqr2,0.005486930808275333,0.00570012236826286,2,0.005989758304575339,0.0059907583045753394,0.0038043168003033,0.00500254153267,0,0.0026060920679366,True,1.25,0.99,0.9,0.0,2.0,2,0.005371825255729383,0.003598510444939731,7.373079579740902e-05
iso_w1.25_q0.99_rq0.9_g0_p1_iqr2,0.005486930808275333,0.00570012236826286,2,0.005989758304575339,0.0059907583045753394,0.0038043168003033,0.00500254153267,0,0.0026060920679366,True,1.25,0.99,0.9,0.0,1.0,2,0.005371825255729383,0.003598510444939731,7.373079579740902e-05
iso_w1.25_q0.99_rq0.75_g0_p1_iqr2,0.005486930808275333,0.00570012236826286,2,0.005989758304575339,0.0059907583045753394,0.0038043168003033,0.00500254153267,0,0.0026060920679366,True,1.25,0.99,0.75,0.0,1.0,2,0.001326589635481097,0.003598510444939731,7.373079579740902e-05
iso_w1.25_q0.99_rq0.75_g0_p2_iqr2,0.005486930808275333,0.00570012236826286,2,0.005989758304575339,0.0059907583045753394,0.0038043168003033,0.00500254153267,0,0.0026060920679366,True,1.25,0.99,0.75,0.0,2.0,2,0.001326589635481097,0.003598510444939731,7.373079579740902e-05
iso_w1.25_q0.975_rq0.75_g0_p2_iqr2,0.005486930808275333,0.00570012236826286,2,0.005989758304575339,0.0059907583045753394,0.0038043168003033,0.00500254153267,0,0.0026060920679366,True,1.25,0.975,0.75,0.0,2.0,2,0.00161624609912598,0.0035549383930238675,0.00011730284771327253
iso_w1.25_q0.975_rq0.75_g0_p1_iqr2,0.005486930808275333,0.00570012236826286,2,0.005989758304575339,0.0059907583045753394,0.0038043168003033,0.00500254153267,0,0.0026060920679366,True,1.25,0.975,0.75,0.0,1.0,2,0.00161624609912598,0.0035549383930238675,0.00011730284771327253
iso_w1.25_q0.95_rq0.75_g0_p1_iqr2,0.005486930808275333,0.00570012236826286,2,0.005989758304575339,0.0059907583045753394,0.0038043168003033,0.00500254153267,0,0.0026060920679366,True,1.25,0.95,0.75,0.0,1.0,2,0.0010642857481742976,0.0035056614035127455,0.00016657983722439445
iso_w0.75_q0.95_rq0.75_g1.5_p1_iqr2,0.005491939434424228,0.005700128938702103,2,0.005719697019115276,0.0057206970191152765,0.0038043168003033,0.00500254153267,0,0.0026060920679366,True,0.75,0.95,0.75,1.5,1.0,2,0.0010658411166614775,0.0035056614035127455,0.00016657983722439445
iso_w1.25_q0.99_rq0.75_g0.5_p2_iqr2,0.005488012225352035,0.005700135934515887,2,0.005989758304575339,0.0059907583045753394,0.0038043168003033,0.00500254153267,0,0.0026060920679366,True,1.25,0.99,0.75,0.5,2.0,2,0.001326589635481097,0.003598510444939731,7.373079579740902e-05
iso_w1_q0.975_rq0.9_g1_p2_iqr1,0.005515602689969739,0.005700141188832105,3,0.005847058052026145,0.006568868496116096,0.0025362112002022,0.00500254153267,0,0.00500254153267,True,1.0,0.975,0.9,1.0,2.0,1,0.006918721193820147,0.0035549383930238675,0.00011730284771327253
iso_w1_q0.975_rq0.9_g1_p2_iqr2,0.005515602689969739,0.005700141188832105,3,0.005847058052026145,0.006568868496116096,0.0025362112002022,0.00500254153267,0,0.00500254153267,True,1.0,0.975,0.9,1.0,2.0,2,0.006918721193820147,0.0035549383930238675,0.00011730284771327253
iso_w1_q0.975_rq0.9_g1_p2_iqr0,0.005515602689969739,0.005700141188832105,3,0.005847058052026145,0.006568868496116096,0.0025362112002022,0.00500254153267,0,0.00500254153267,True,1.0,0.975,0.9,1.0,2.0,0,0.006918721193820147,0.0035549383930238675,0.00011730284771327253
iso_w1.25_q0.99_rq0.75_g1.5_p1_iqr0,0.005489755496447621,0.005700147457366984,0,0.005989758304575339,0.004362894125341522,,,0,0.00500254153267,True,1.25,0.99,0.75,1.5,1.0,0,0.001326589635481097,0.003598510444939731,7.373079579740902e-05
iso_w1.25_q0.99_rq0.75_g1_p2_iqr2,0.005489813977601281,0.005700149943651652,2,0.005989758304575339,0.0059907583045753394,0.0038043168003033,0.00500254153267,0,0.0026060920679366,True,1.25,0.99,0.75,1.0,2.0,2,0.001326589635481097,0.003598510444939731,7.373079579740902e-05
iso_w1.25_q0.99_rq0.75_g1.5_p1_iqr1,0.005489755496447621,0.005700153160665479,1,0.005989758304575339,0.0059907583045753394,0.00500254153267,0.00500254153267,0,0.00500254153267,True,1.25,0.99,0.75,1.5,1.0,1,0.001326589635481097,0.003598510444939731,7.373079579740902e-05
iso_w1.25_q0.99_rq0.75_g0.5_p1_iqr2,0.005487544562100372,0.005700156539297472,2,0.005989758304575339,0.0059907583045753394,0.0038043168003033,0.00500254153267,0,0.0026060920679366,True,1.25,0.99,0.75,0.5,1.0,2,0.001326589635481097,0.003598510444939731,7.373079579740902e-05
iso_w1.25_q0.99_rq0.9_g1_p2_iqr0,0.005515648811355828,0.005700159180573477,0,0.005989758304575339,0.004631247584689758,,,0,0.00500254153267,True,1.25,0.99,0.9,1.0,2.0,0,0.005371825255729383,0.003598510444939731,7.373079579740902e-05
iso_w1.25_q0.975_rq0.75_g0.5_p2_iqr2,0.005487939909405946,0.0057001592228405834,2,0.005989758304575339,0.0059907583045753394,0.0038043168003033,0.00500254153267,0,0.0026060920679366,True,1.25,0.975,0.75,0.5,2.0,2,0.00161624609912598,0.0035549383930238675,0.00011730284771327253
iso_w1.25_q0.95_rq0.75_g1_p2_iqr0,0.0054883793448657694,0.00570016035784958,0,0.005989758304575339,0.00404420845504286,,,0,0.00500254153267,True,1.25,0.95,0.75,1.0,2.0,0,0.0010642857481742976,0.0035056614035127455,0.00016657983722439445
iso_w1.25_q0.95_rq0.75_g1_p2_iqr1,0.0054883793448657694,0.00570016094252892,1,0.005989758304575339,0.0059907583045753394,0.00500254153267,0.00500254153267,0,0.00500254153267,True,1.25,0.95,0.75,1.0,2.0,1,0.0010642857481742976,0.0035056614035127455,0.00016657983722439445
iso_w1.25_q0.99_rq0.75_g1.5_p2_iqr2,0.005492303624807912,0.00570016439566689,2,0.005989758304575339,0.0059907583045753394,0.0038043168003033,0.00500254153267,0,0.0026060920679366,True,1.25,0.99,0.75,1.5,2.0,2,0.001326589635481097,0.003598510444939731,7.373079579740902e-05
iso_w1.25_q0.99_rq0.9_g1_p2_iqr1,0.005515648811355828,0.005700167610643805,1,0.005989758304575339,0.0059907583045753394,0.00500254153267,0.00500254153267,0,0.00500254153267,True,1.25,0.99,0.9,1.0,2.0,1,0.005371825255729383,0.003598510444939731,7.373079579740902e-05
iso_w1.25_q0.95_rq0.75_g0.5_p2_iqr2,0.005487494479649614,0.005700173645608628,2,0.005989758304575339,0.0059907583045753394,0.0038043168003033,0.00500254153267,0,0.0026060920679366,True,1.25,0.95,0.75,0.5,2.0,2,0.0010642857481742976,0.0035056614035127455,0.00016657983722439445
iso_w1.25_q0.99_rq0.9_g0.5_p2_iqr2,0.005495654763589176,0.00570018003708279,2,0.005989758304575339,0.0059907583045753394,0.0038043168003033,0.00500254153267,0,0.0026060920679366,True,1.25,0.99,0.9,0.5,2.0,2,0.005371825255729383,0.003598510444939731,7.373079579740902e-05
iso_w1.25_q0.975_rq0.75_g1.5_p2_iqr0,0.005491900365972307,0.005700185572227132,0,0.005989758304575339,0.0045060593653307715,,,0,0.00500254153267,True,1.25,0.975,0.75,1.5,2.0,0,0.00161624609912598,0.0035549383930238675,0.00011730284771327253
iso_w1.25_q0.975_rq0.75_g1.5_p2_iqr1,0.005491900365972307,0.005700192910349071,1,0.005989758304575339,0.0059907583045753394,0.00500254153267,0.00500254153267,0,0.00500254153267,True,1.25,0.975,0.75,1.5,2.0,1,0.00161624609912598,0.0035549383930238675,0.00011730284771327253
iso_w1.25_q0.975_rq0.75_g0.5_p1_iqr2,0.005487834079532315,0.005700193234456945,2,0.005989758304575339,0.0059907583045753394,0.0038043168003033,0.00500254153267,0,0.0026060920679366,True,1.25,0.975,0.75,0.5,1.0,2,0.00161624609912598,0.0035549383930238675,0.00011730284771327253
iso_w1.25_q0.99_rq0.75_g2.5_p2_iqr2,0.005499342608892242,0.005700194628322204,2,0.005989758304575339,0.0059907583045753394,0.0038043168003033,0.00500254153267,0,0.0026060920679366,True,1.25,0.99,0.75,2.5,2.0,2,0.001326589635481097,0.003598510444939731,7.373079579740902e-05
iso_w1.25_q0.99_rq0.75_g1_p1_iqr2,0.0054884967655382,0.005700195241216576,2,0.005989758304575339,0.0059907583045753394,0.0038043168003033,0.00500254153267,0,0.0026060920679366,True,1.25,0.99,0.75,1.0,1.0,2,0.001326589635481097,0.003598510444939731,7.373079579740902e-05
iso_w1_q0.99_rq0.9_g1.5_p1_iqr0,0.005515472307851317,0.005700197584157341,5,0.005847058052026145,0.007328088308988899,0.00152172672012132,0.00500254153267,0,0.00500254153267,True,1.0,0.99,0.9,1.5,1.0,0,0.005423160217779439,0.003598510444939731,7.373079579740902e-05
iso_w1_q0.99_rq0.9_g1.5_p1_iqr2,0.005515472307851317,0.005700197584157341,5,0.005847058052026145,0.007328088308988899,0.00152172672012132,0.00500254153267,0,0.00500254153267,True,1.0,0.99,0.9,1.5,1.0,2,0.005423160217779439,0.003598510444939731,7.373079579740902e-05
iso_w1_q0.99_rq0.9_g1.5_p1_iqr1,0.005515472307851317,0.005700197584157341,5,0.005847058052026145,0.007328088308988899,0.00152172672012132,0.00500254153267,0,0.00500254153267,True,1.0,0.99,0.9,1.5,1.0,1,0.005423160217779439,0.003598510444939731,7.373079579740902e-05
iso_w1.25_q0.99_rq0.9_g0.5_p1_iqr0,0.005491405705458112,0.005700206609840714,0,0.005989758304575339,0.004693849381247099,,,0,0.00500254153267,True,1.25,0.99,0.9,0.5,1.0,0,0.005371825255729383,0.003598510444939731,7.373079579740902e-05
iso_w1.25_q0.975_rq0.75_g1_p2_iqr2,0.005489607206336937,0.005700209461058841,2,0.005989758304575339,0.0059907583045753394,0.0038043168003033,0.00500254153267,0,0.0026060920679366,True,1.25,0.975,0.75,1.0,2.0,2,0.00161624609912598,0.0035549383930238675,0.00011730284771327253
iso_w1.25_q0.99_rq0.9_g0.5_p1_iqr1,0.005491405705458112,0.00570021546769983,1,0.005989758304575339,0.0059907583045753394,0.00500254153267,0.00500254153267,0,0.00500254153267,True,1.25,0.99,0.9,0.5,1.0,1,0.005371825255729383,0.003598510444939731,7.373079579740902e-05
iso_w1.25_q0.95_rq0.75_g0.5_p1_iqr1,0.005487641703391352,0.005700218263523809,1,0.005989758304575339,0.0059907583045753394,0.00500254153267,0.00500254153267,0,0.00500254153267,True,1.25,0.95,0.75,0.5,1.0,1,0.0010642857481742976,0.0035056614035127455,0.00016657983722439445
iso_w1.25_q0.95_rq0.75_g0.5_p1_iqr0,0.005487641703391352,0.005700222377110574,0,0.005989758304575339,0.003825324515951344,,,0,0.00500254153267,True,1.25,0.95,0.75,0.5,1.0,0,0.0010642857481742976,0.0035056614035127455,0.00016657983722439445
iso_w1_q0.975_rq0.9_g0.5_p1_iqr0,0.0054957483471761385,0.005700225972667989,0,0.005847058052026145,0.00577896817533199,,,0,0.00500254153267,True,1.0,0.975,0.9,0.5,1.0,0,0.006918721193820147,0.0035549383930238675,0.00011730284771327253
iso_w1_q0.975_rq0.9_g0.5_p1_iqr1,0.0054957483471761385,0.005700227098991012,1,0.005847058052026145,0.005848058052026145,0.00500254153267,0.00500254153267,0,0.00500254153267,True,1.0,0.975,0.9,0.5,1.0,1,0.006918721193820147,0.0035549383930238675,0.00011730284771327253
iso_w1_q0.975_rq0.9_g0.5_p1_iqr2,0.0054957483471761385,0.005700233931335435,2,0.005847058052026145,0.005848058052026145,0.0038043168003033,0.00500254153267,0,0.0026060920679366,True,1.0,0.975,0.9,0.5,1.0,2,0.006918721193820147,0.0035549383930238675,0.00011730284771327253
iso_w1.25_q0.99_rq0.75_g1.5_p1_iqr2,0.005489755496447621,0.005700238473927882,2,0.005989758304575339,0.0059907583045753394,0.0038043168003033,0.00500254153267,0,0.0026060920679366,True,1.25,0.99,0.75,1.5,1.0,2,0.001326589635481097,0.003598510444939731,7.373079579740902e-05
iso_w1.25_q0.99_rq0.9_g1_p2_iqr2,0.005515648811355828,0.005700244967783191,2,0.005989758304575339,0.0059907583045753394,0.0038043168003033,0.00500254153267,0,0.0026060920679366,True,1.25,0.99,0.9,1.0,2.0,2,0.005371825255729383,0.003598510444939731,7.373079579740902e-05
iso_w1_q0.95_rq0.9_g0.5_p2_iqr0,0.0054965004814306676,0.005700255583835945,0,0.005847058052026145,0.005557185078502293,,,0,0.00500254153267,True,1.0,0.95,0.9,0.5,2.0,0,0.007113798000884936,0.0035056614035127455,0.00016657983722439445
iso_w1.25_q0.95_rq0.75_g1_p2_iqr2,0.0054883793448657694,0.005700255648495786,2,0.005989758304575339,0.0059907583045753394,0.0038043168003033,0.00500254153267,0,0.0026060920679366,True,1.25,0.95,0.75,1.0,2.0,2,0.0010642857481742976,0.0035056614035127455,0.00016657983722439445
iso_w1.25_q0.99_rq0.9_g1.5_p2_iqr0,0.0055467596600962225,0.005700255728944406,0,0.005989758304575339,0.005238510564626834,,,0,0.00500254153267,True,1.25,0.99,0.9,1.5,2.0,0,0.005371825255729383,0.003598510444939731,7.373079579740902e-05
iso_w1_q0.95_rq0.9_g0.5_p2_iqr1,0.0054965004814306676,0.005700259677305843,1,0.005847058052026145,0.005848058052026145,0.00500254153267,0.00500254153267,0,0.00500254153267,True,1.0,0.95,0.9,0.5,2.0,1,0.007113798000884936,0.0035056614035127455,0.00016657983722439445
iso_w1.25_q0.975_rq0.75_g1_p1_iqr0,0.005489433065416994,0.005700260250254153,0,0.005989758304575339,0.004500123019725282,,,0,0.00500254153267,True,1.25,0.975,0.75,1.0,1.0,0,0.00161624609912598,0.0035549383930238675,0.00011730284771327253
iso_w1.25_q0.99_rq0.9_g1.5_p2_iqr1,0.0055467596600962225,0.005700264984842545,1,0.005989758304575339,0.0059907583045753394,0.00500254153267,0.00500254153267,0,0.00500254153267,True,1.25,0.99,0.9,1.5,2.0,1,0.005371825255729383,0.003598510444939731,7.373079579740902e-05
iso_w1.25_q0.975_rq0.75_g1_p1_iqr1,0.005489433065416994,0.005700267528679268,1,0.005989758304575339,0.0059907583045753394,0.00500254153267,0.00500254153267,0,0.00500254153267,True,1.25,0.975,0.75,1.0,1.0,1,0.00161624609912598,0.0035549383930238675,0.00011730284771327253
iso_w1.25_q0.99_rq0.75_g2.5_p1_iqr0,0.005493191646500874,0.0057002681718790905,0,0.005989758304575339,0.004993675792358798,,,0,0.00500254153267,True,1.25,0.99,0.75,2.5,1.0,0,0.001326589635481097,0.003598510444939731,7.373079579740902e-05
iso_w1.25_q0.975_rq0.75_g1.5_p2_iqr2,0.005491900365972307,0.005700273082563767,2,0.005989758304575339,0.0059907583045753394,0.0038043168003033,0.00500254153267,0,0.0026060920679366,True,1.25,0.975,0.75,1.5,2.0,2,0.00161624609912598,0.0035549383930238675,0.00011730284771327253
iso_w1.25_q0.95_rq0.75_g1.5_p2_iqr0,0.005489553501407174,0.005700277798520932,0,0.005989758304575339,0.004357951870156486,,,0,0.00500254153267,True,1.25,0.95,0.75,1.5,2.0,0,0.0010642857481742976,0.0035056614035127455,0.00016657983722439445
iso_w1.25_q0.99_rq0.75_g2.5_p1_iqr1,0.005493191646500874,0.005700277986620261,1,0.005989758304575339,0.0059907583045753394,0.00500254153267,0.00500254153267,0,0.00500254153267,True,1.25,0.99,0.75,2.5,1.0,1,0.001326589635481097,0.003598510444939731,7.373079579740902e-05
iso_w1_q0.95_rq0.9_g0.5_p2_iqr2,0.0054965004814306676,0.005700280227091872,2,0.005847058052026145,0.005848058052026145,0.0038043168003033,0.00500254153267,0,0.0026060920679366,True,1.0,0.95,0.9,0.5,2.0,2,0.007113798000884936,0.0035056614035127455,0.00016657983722439445
iso_w0.75_q0.975_rq0.75_g2.5_p1_iqr0,0.005498836914958126,0.005700282612362247,5,0.005719697019115276,0.006178603058673146,0.00152172672012132,0.00500254153267,0,0.00500254153267,True,0.75,0.975,0.75,2.5,1.0,0,0.0015963386281463135,0.0035549383930238675,0.00011730284771327253
iso_w0.75_q0.975_rq0.75_g2.5_p1_iqr2,0.005498836914958126,0.005700282612362247,5,0.005719697019115276,0.006178603058673146,0.00152172672012132,0.00500254153267,0,0.00500254153267,True,0.75,0.975,0.75,2.5,1.0,2,0.0015963386281463135,0.0035549383930238675,0.00011730284771327253
iso_w0.75_q0.975_rq0.75_g2.5_p1_iqr1,0.005498836914958126,0.005700282612362247,5,0.005719697019115276,0.006178603058673146,0.00152172672012132,0.00500254153267,0,0.00500254153267,True,0.75,0.975,0.75,2.5,1.0,1,0.0015963386281463135,0.0035549383930238675,0.00011730284771327253
iso_w1.25_q0.95_rq0.75_g1.5_p2_iqr1,0.005489553501407174,0.005700283437895148,1,0.005989758304575339,0.0059907583045753394,0.00500254153267,0.00500254153267,0,0.00500254153267,True,1.25,0.95,0.75,1.5,2.0,1,0.0010642857481742976,0.0035056614035127455,0.00016657983722439445
iso_w1.25_q0.99_rq0.9_g0.5_p1_iqr2,0.005491405705458112,0.005700288711743607,2,0.005989758304575339,0.0059907583045753394,0.0038043168003033,0.00500254153267,0,0.0026060920679366,True,1.25,0.99,0.9,0.5,1.0,2,0.005371825255729383,0.003598510444939731,7.373079579740902e-05
iso_w1.25_q0.975_rq0.9_g0.5_p2_iqr0,0.005495813052120924,0.005700304963863591,0,0.005989758304575339,0.004977811247247798,,,0,0.00500254153267,True,1.25,0.975,0.9,0.5,2.0,0,0.006948547504051946,0.0035549383930238675,0.00011730284771327253
iso_w1.25_q0.975_rq0.9_g0.5_p2_iqr1,0.005495813052120924,0.005700314773184414,1,0.005989758304575339,0.0059907583045753394,0.00500254153267,0.00500254153267,0,0.00500254153267,True,1.25,0.975,0.9,0.5,2.0,1,0.006948547504051946,0.0035549383930238675,0.00011730284771327253
iso_w1.25_q0.99_rq0.9_g1.5_p2_iqr2,0.0055467596600962225,0.00570031716011591,2,0.005989758304575339,0.0059907583045753394,0.0038043168003033,0.00500254153267,0,0.0026060920679366,True,1.25,0.99,0.9,1.5,2.0,2,0.005371825255729383,0.003598510444939731,7.373079579740902e-05
iso_w1.25_q0.95_rq0.75_g0.5_p1_iqr2,0.005487641703391352,0.0057003185580731955,2,0.005989758304575339,0.0059907583045753394,0.0038043168003033,0.00500254153267,0,0.0026060920679366,True,1.25,0.95,0.75,0.5,1.0,2,0.0010642857481742976,0.0035056614035127455,0.00016657983722439445
iso_w1.25_q0.99_rq0.75_g2.5_p1_iqr2,0.005493191646500874,0.005700338531303947,2,0.005989758304575339,0.0059907583045753394,0.0038043168003033,0.00500254153267,0,0.0026060920679366,True,1.25,0.99,0.75,2.5,1.0,2,0.001326589635481097,0.003598510444939731,7.373079579740902e-05
iso_w1.25_q0.975_rq0.75_g1_p1_iqr2,0.005489433065416994,0.005700347267633728,2,0.005989758304575339,0.0059907583045753394,0.0038043168003033,0.00500254153267,0,0.0026060920679366,True,1.25,0.975,0.75,1.0,1.0,2,0.00161624609912598,0.0035549383930238675,0.00011730284771327253
iso_w1_q0.95_rq0.75_g1.5_p1_iqr0,0.005491099924923055,0.005700355479386472,0,0.005847058052026145,0.00471224200823576,,,0,0.00500254153267,True,1.0,0.95,0.75,1.5,1.0,0,0.001087156944173554,0.0035056614035127455,0.00016657983722439445
iso_w1_q0.95_rq0.75_g1.5_p1_iqr1,0.005491099924923055,0.005700361817698243,1,0.005847058052026145,0.005848058052026145,0.00500254153267,0.00500254153267,0,0.00500254153267,True,1.0,0.95,0.75,1.5,1.0,1,0.001087156944173554,0.0035056614035127455,0.00016657983722439445
iso_w1.25_q0.95_rq0.75_g1.5_p2_iqr2,0.005489553501407174,0.0057003683755983215,2,0.005989758304575339,0.0059907583045753394,0.0038043168003033,0.00500254153267,0,0.0026060920679366,True,1.25,0.95,0.75,1.5,2.0,2,0.0010642857481742976,0.0035056614035127455,0.00016657983722439445
iso_w1.25_q0.975_rq0.9_g0.5_p2_iqr2,0.005495813052120924,0.005700375726659481,2,0.005989758304575339,0.0059907583045753394,0.0038043168003033,0.00500254153267,0,0.0026060920679366,True,1.25,0.975,0.9,0.5,2.0,2,0.006948547504051946,0.0035549383930238675,0.00011730284771327253
iso_w1.25_q0.975_rq0.75_g2.5_p2_iqr0,0.005498360927351057,0.005700382342181117,0,0.005989758304575339,0.0052322845256742145,,,0,0.00500254153267,True,1.25,0.975,0.75,2.5,2.0,0,0.00161624609912598,0.0035549383930238675,0.00011730284771327253
iso_w1.25_q0.975_rq0.75_g2.5_p2_iqr1,0.005498360927351057,0.005700391627016361,1,0.005989758304575339,0.0059907583045753394,0.00500254153267,0.00500254153267,0,0.00500254153267,True,1.25,0.975,0.75,2.5,2.0,1,0.00161624609912598,0.0035549383930238675,0.00011730284771327253
iso_w1_q0.95_rq0.75_g1.5_p1_iqr2,0.005491099924923055,0.005700423396452841,2,0.005847058052026145,0.005848058052026145,0.0038043168003033,0.00500254153267,0,0.0026060920679366,True,1.0,0.95,0.75,1.5,1.0,2,0.001087156944173554,0.0035056614035127455,0.00016657983722439445
iso_w1.25_q0.975_rq0.75_g2.5_p2_iqr2,0.005498360927351057,0.0057004404735469475,2,0.005989758304575339,0.0059907583045753394,0.0038043168003033,0.00500254153267,0,0.0026060920679366,True,1.25,0.975,0.75,2.5,2.0,2,0.00161624609912598,0.0035549383930238675,0.00011730284771327253
iso_w1.25_q0.99_rq0.9_g2.5_p2_iqr2,0.005641530441397803,0.005700512028486322,2,0.005989758304575339,0.006453036524500985,0.0038043168003033,0.00500254153267,0,0.00500254153267,True,1.25,0.99,0.9,2.5,2.0,2,0.005371825255729383,0.003598510444939731,7.373079579740902e-05
iso_w1.25_q0.99_rq0.9_g2.5_p2_iqr1,0.005641530441397803,0.005700512028486322,2,0.005989758304575339,0.006453036524500985,0.0038043168003033,0.00500254153267,0,0.00500254153267,True,1.25,0.99,0.9,2.5,2.0,1,0.005371825255729383,0.003598510444939731,7.373079579740902e-05
iso_w1.25_q0.99_rq0.9_g2.5_p2_iqr0,0.005641530441397803,0.005700512028486322,2,0.005989758304575339,0.006453036524500985,0.0038043168003033,0.00500254153267,0,0.00500254153267,True,1.25,0.99,0.9,2.5,2.0,0,0.005371825255729383,0.003598510444939731,7.373079579740902e-05
iso_w1.25_q0.975_rq0.75_g1.5_p1_iqr0,0.0054916954234162044,0.005700517886366924,0,0.005989758304575339,0.00504182371718012,,,0,0.00500254153267,True,1.25,0.975,0.75,1.5,1.0,0,0.00161624609912598,0.0035549383930238675,0.00011730284771327253
iso_w1_q0.975_rq0.75_g2.5_p1_iqr0,0.005498016397135724,0.005700521412401616,3,0.005847058052026145,0.006120838475866669,0.0025362112002022,0.00500254153267,0,0.00500254153267,True,1.0,0.975,0.75,2.5,1.0,0,0.001587748605840654,0.0035549383930238675,0.00011730284771327253
iso_w1_q0.975_rq0.75_g2.5_p1_iqr2,0.005498016397135724,0.005700521412401616,3,0.005847058052026145,0.006120838475866669,0.0025362112002022,0.00500254153267,0,0.00500254153267,True,1.0,0.975,0.75,2.5,1.0,2,0.001587748605840654,0.0035549383930238675,0.00011730284771327253
iso_w1_q0.975_rq0.75_g2.5_p1_iqr1,0.005498016397135724,0.005700521412401616,3,0.005847058052026145,0.006120838475866669,0.0025362112002022,0.00500254153267,0,0.00500254153267,True,1.0,0.975,0.75,2.5,1.0,1,0.001587748605840654,0.0035549383930238675,0.00011730284771327253
iso_w1.25_q0.99_rq0.9_g1_p1_iqr0,0.0055009295161947995,0.005700521453770097,0,0.005989758304575339,0.00597097713767859,,,0,0.00500254153267,True,1.25,0.99,0.9,1.0,1.0,0,0.005371825255729383,0.003598510444939731,7.373079579740902e-05
iso_w1.25_q0.99_rq0.9_g1_p1_iqr1,0.0055009295161947995,0.005700521842775838,1,0.005989758304575339,0.0059907583045753394,0.00500254153267,0.00500254153267,0,0.00500254153267,True,1.25,0.99,0.9,1.0,1.0,1,0.005371825255729383,0.003598510444939731,7.373079579740902e-05
iso_w1.25_q0.975_rq0.75_g1.5_p1_iqr1,0.0054916954234162044,0.005700527685959234,1,0.005989758304575339,0.0059907583045753394,0.00500254153267,0.00500254153267,0,0.00500254153267,True,1.25,0.975,0.75,1.5,1.0,1,0.00161624609912598,0.0035549383930238675,0.00011730284771327253
iso_w1.25_q0.99_rq0.9_g1_p1_iqr2,0.0055009295161947995,0.005700529343795588,2,0.005989758304575339,0.0059907583045753394,0.0038043168003033,0.00500254153267,0,0.0026060920679366,True,1.25,0.99,0.9,1.0,1.0,2,0.005371825255729383,0.003598510444939731,7.373079579740902e-05
iso_w1.25_q0.95_rq0.75_g1_p1_iqr0,0.005488870552842899,0.0057005676056885056,0,0.005989758304575339,0.00423392740708708,,,0,0.00500254153267,True,1.25,0.95,0.75,1.0,1.0,0,0.0010642857481742976,0.0035056614035127455,0.00016657983722439445
iso_w1.25_q0.95_rq0.75_g1_p1_iqr1,0.005488870552842899,0.00570057148321086,1,0.005989758304575339,0.0059907583045753394,0.00500254153267,0.00500254153267,0,0.00500254153267,True,1.25,0.95,0.75,1.0,1.0,1,0.0010642857481742976,0.0035056614035127455,0.00016657983722439445
iso_w1.25_q0.975_rq0.75_g1.5_p1_iqr2,0.0054916954234162044,0.005700584461051545,2,0.005989758304575339,0.0059907583045753394,0.0038043168003033,0.00500254153267,0,0.0026060920679366,True,1.25,0.975,0.75,1.5,1.0,2,0.00161624609912598,0.0035549383930238675,0.00011730284771327253
iso_w1.25_q0.95_rq0.75_g2.5_p2_iqr0,0.005492768900675853,0.005700616484647435,0,0.005989758304575339,0.004985438700383737,,,0,0.00500254153267,True,1.25,0.95,0.75,2.5,2.0,0,0.0010642857481742976,0.0035056614035127455,0.00016657983722439445
iso_w1.25_q0.95_rq0.75_g2.5_p2_iqr1,0.005492768900675853,0.005700626296639087,1,0.005989758304575339,0.0059907583045753394,0.00500254153267,0.00500254153267,0,0.00500254153267,True,1.25,0.95,0.75,2.5,2.0,1,0.0010642857481742976,0.0035056614035127455,0.00016657983722439445
iso_w1.25_q0.95_rq0.75_g1_p1_iqr2,0.005488870552842899,0.005700660243014134,2,0.005989758304575339,0.0059907583045753394,0.0038043168003033,0.00500254153267,0,0.0026060920679366,True,1.25,0.95,0.75,1.0,1.0,2,0.0010642857481742976,0.0035056614035127455,0.00016657983722439445
iso_w1.25_q0.95_rq0.75_g2.5_p2_iqr2,0.005492768900675853,0.005700685994662157,2,0.005989758304575339,0.0059907583045753394,0.0038043168003033,0.00500254153267,0,0.0026060920679366,True,1.25,0.95,0.75,2.5,2.0,2,0.0010642857481742976,0.0035056614035127455,0.00016657983722439445
iso_w0.75_q0.975_rq0.9_g1.5_p2_iqr2,0.005545888578625378,0.005700836282303387,7,0.005719697019115276,0.00814136211329813,0.002303195703309886,0.0085137363225626,0,0.00500254153267,True,0.75,0.975,0.9,1.5,2.0,2,0.006881236303464197,0.0035549383930238675,0.00011730284771327253
iso_w0.75_q0.975_rq0.9_g1.5_p2_iqr0,0.005545888578625378,0.005700836282303387,7,0.005719697019115276,0.00814136211329813,0.002303195703309886,0.0085137363225626,0,0.00500254153267,True,0.75,0.975,0.9,1.5,2.0,0,0.006881236303464197,0.0035549383930238675,0.00011730284771327253
iso_w0.75_q0.975_rq0.9_g1.5_p2_iqr1,0.005545888578625378,0.005700836282303387,7,0.005719697019115276,0.00814136211329813,0.002303195703309886,0.0085137363225626,0,0.00500254153267,True,0.75,0.975,0.9,1.5,2.0,1,0.006881236303464197,0.0035549383930238675,0.00011730284771327253
iso_w1.25_q0.975_rq0.9_g1_p2_iqr2,0.005516250121772909,0.005700922849524043,3,0.005989758304575339,0.006538900869679988,0.0025362112002022,0.00500254153267,0,0.00500254153267,True,1.25,0.975,0.9,1.0,2.0,2,0.006948547504051946,0.0035549383930238675,0.00011730284771327253
iso_w1.25_q0.975_rq0.9_g1_p2_iqr1,0.005516250121772909,0.005700922849524043,3,0.005989758304575339,0.006538900869679988,0.0025362112002022,0.00500254153267,0,0.00500254153267,True,1.25,0.975,0.9,1.0,2.0,1,0.006948547504051946,0.0035549383930238675,0.00011730284771327253
iso_w1.25_q0.975_rq0.9_g1_p2_iqr0,0.005516250121772909,0.005700922849524043,3,0.005989758304575339,0.006538900869679988,0.0025362112002022,0.00500254153267,0,0.00500254153267,True,1.25,0.975,0.9,1.0,2.0,0,0.006948547504051946,0.0035549383930238675,0.00011730284771327253
iso_w1.25_q0.99_rq0.9_g1.5_p1_iqr2,0.005515444487848178,0.005700973800987361,4,0.005989758304575339,0.007248104894110081,0.00190215840015165,0.00500254153267,0,0.00500254153267,True,1.25,0.99,0.9,1.5,1.0,2,0.005371825255729383,0.003598510444939731,7.373079579740902e-05
iso_w1.25_q0.99_rq0.9_g1.5_p1_iqr0,0.005515444487848178,0.005700973800987361,4,0.005989758304575339,0.007248104894110081,0.00190215840015165,0.00500254153267,0,0.00500254153267,True,1.25,0.99,0.9,1.5,1.0,0,0.005371825255729383,0.003598510444939731,7.373079579740902e-05
iso_w1.25_q0.99_rq0.9_g1.5_p1_iqr1,0.005515444487848178,0.005700973800987361,4,0.005989758304575339,0.007248104894110081,0.00190215840015165,0.00500254153267,0,0.00500254153267,True,1.25,0.99,0.9,1.5,1.0,1,0.005371825255729383,0.003598510444939731,7.373079579740902e-05
base_postprocess,0.005494734846942262,0.0057009793821022415,0,0.005337613920382668,0.003633568787806049,,,0,0.00500254153267,False,0.0,,,0.0,,0,0.0,,
iso_w1.25_q0.975_rq0.9_g0.5_p1_iqr0,0.005495624052153073,0.005700994123462173,0,0.005989758304575339,0.0057455953225021734,,,0,0.00500254153267,True,1.25,0.975,0.9,0.5,1.0,0,0.006948547504051946,0.0035549383930238675,0.00011730284771327253
iso_w1.25_q0.975_rq0.9_g0.5_p1_iqr1,0.005495624052153073,0.00570099838900309,1,0.005989758304575339,0.0059907583045753394,0.00500254153267,0.00500254153267,0,0.00500254153267,True,1.25,0.975,0.9,0.5,1.0,1,0.006948547504051946,0.0035549383930238675,0.00011730284771327253
iso_w1.25_q0.95_rq0.9_g0.5_p2_iqr0,0.005496416483431221,0.005701013921337319,0,0.005989758304575339,0.005519694557176259,,,0,0.00500254153267,True,1.25,0.95,0.9,0.5,2.0,0,0.0071337405436769875,0.0035056614035127455,0.00016657983722439445
iso_w1.25_q0.975_rq0.9_g0.5_p1_iqr2,0.005495624052153073,0.005701016805838251,2,0.005989758304575339,0.0059907583045753394,0.0038043168003033,0.00500254153267,0,0.0026060920679366,True,1.25,0.975,0.9,0.5,1.0,2,0.006948547504051946,0.0035549383930238675,0.00011730284771327253
iso_w1.25_q0.95_rq0.9_g0.5_p2_iqr1,0.005496416483431221,0.005701021047824959,1,0.005989758304575339,0.0059907583045753394,0.00500254153267,0.00500254153267,0,0.00500254153267,True,1.25,0.95,0.9,0.5,2.0,1,0.0071337405436769875,0.0035056614035127455,0.00016657983722439445
iso_w1.25_q0.95_rq0.9_g0.5_p2_iqr2,0.005496416483431221,0.005701053264742796,2,0.005989758304575339,0.0059907583045753394,0.0038043168003033,0.00500254153267,0,0.0026060920679366,True,1.25,0.95,0.9,0.5,2.0,2,0.0071337405436769875,0.0035056614035127455,0.00016657983722439445
iso_w1.25_q0.95_rq0.75_g1.5_p1_iqr0,0.005490585267630126,0.005701064950079004,0,0.005989758304575339,0.004642530298222816,,,0,0.00500254153267,True,1.25,0.95,0.75,1.5,1.0,0,0.0010642857481742976,0.0035056614035127455,0.00016657983722439445
iso_w1.25_q0.95_rq0.75_g1.5_p1_iqr1,0.005490585267630126,0.0057010734617302375,1,0.005989758304575339,0.0059907583045753394,0.00500254153267,0.00500254153267,0,0.00500254153267,True,1.25,0.95,0.75,1.5,1.0,1,0.0010642857481742976,0.0035056614035127455,0.00016657983722439445
iso_w1_q0.975_rq0.9_g1.5_p2_iqr1,0.005546757777888824,0.005701111512557315,7,0.005847058052026145,0.008123257215467297,0.002303195703309886,0.0085137363225626,0,0.00500254153267,True,1.0,0.975,0.9,1.5,2.0,1,0.006918721193820147,0.0035549383930238675,0.00011730284771327253
iso_w1_q0.975_rq0.9_g1.5_p2_iqr2,0.005546757777888824,0.005701111512557315,7,0.005847058052026145,0.008123257215467297,0.002303195703309886,0.0085137363225626,0,0.00500254153267,True,1.0,0.975,0.9,1.5,2.0,2,0.006918721193820147,0.0035549383930238675,0.00011730284771327253
iso_w1_q0.975_rq0.9_g1.5_p2_iqr0,0.005546757777888824,0.005701111512557315,7,0.005847058052026145,0.008123257215467297,0.002303195703309886,0.0085137363225626,0,0.00500254153267,True,1.0,0.975,0.9,1.5,2.0,0,0.006918721193820147,0.0035549383930238675,0.00011730284771327253
iso_w1.25_q0.95_rq0.75_g1.5_p1_iqr2,0.005490585267630126,0.005701147396925941,2,0.005989758304575339,0.0059907583045753394,0.0038043168003033,0.00500254153267,0,0.0026060920679366,True,1.25,0.95,0.75,1.5,1.0,2,0.0010642857481742976,0.0035056614035127455,0.00016657983722439445
iso_w1.25_q0.975_rq0.75_g2.5_p1_iqr2,0.005498206740138499,0.005701317408309117,2,0.005989758304575339,0.006125225112089794,0.0038043168003033,0.00500254153267,0,0.00500254153267,True,1.25,0.975,0.75,2.5,1.0,2,0.00161624609912598,0.0035549383930238675,0.00011730284771327253
iso_w1.25_q0.975_rq0.75_g2.5_p1_iqr1,0.005498206740138499,0.005701317408309117,2,0.005989758304575339,0.006125225112089794,0.0038043168003033,0.00500254153267,0,0.00500254153267,True,1.25,0.975,0.75,2.5,1.0,1,0.00161624609912598,0.0035549383930238675,0.00011730284771327253
iso_w1.25_q0.975_rq0.75_g2.5_p1_iqr0,0.005498206740138499,0.005701317408309117,2,0.005989758304575339,0.006125225112089794,0.0038043168003033,0.00500254153267,0,0.00500254153267,True,1.25,0.975,0.75,2.5,1.0,0,0.00161624609912598,0.0035549383930238675,0.00011730284771327253
iso_w1.5_q0.975_rq0.75_g0_p1_iqr1,0.005487047101116118,0.005701326841948917,1,0.006136764662293527,0.006137764662293527,0.00500254153267,0.00500254153267,0,0.00500254153267,True,1.5,0.975,0.75,0.0,1.0,1,0.0016122104773492172,0.0035549383930238675,0.00011730284771327253
iso_w1.5_q0.95_rq0.75_g0_p1_iqr1,0.005487047101116118,0.005701326841948917,1,0.006136764662293527,0.006137764662293527,0.00500254153267,0.00500254153267,0,0.00500254153267,True,1.5,0.95,0.75,0.0,1.0,1,0.0010823568937378722,0.0035056614035127455,0.00016657983722439445
iso_w1.5_q0.95_rq0.75_g0_p2_iqr1,0.005487047101116118,0.005701326841948917,1,0.006136764662293527,0.006137764662293527,0.00500254153267,0.00500254153267,0,0.00500254153267,True,1.5,0.95,0.75,0.0,2.0,1,0.0010823568937378722,0.0035056614035127455,0.00016657983722439445
iso_w1.5_q0.95_rq0.9_g0_p2_iqr1,0.005487047101116118,0.005701326841948917,1,0.006136764662293527,0.006137764662293527,0.00500254153267,0.00500254153267,0,0.00500254153267,True,1.5,0.95,0.9,0.0,2.0,1,0.007153387554310643,0.0035056614035127455,0.00016657983722439445
iso_w1.5_q0.975_rq0.75_g0_p2_iqr1,0.005487047101116118,0.005701326841948917,1,0.006136764662293527,0.006137764662293527,0.00500254153267,0.00500254153267,0,0.00500254153267,True,1.5,0.975,0.75,0.0,2.0,1,0.0016122104773492172,0.0035549383930238675,0.00011730284771327253
iso_w1.5_q0.99_rq0.75_g0_p2_iqr1,0.005487047101116118,0.005701326841948917,1,0.006136764662293527,0.006137764662293527,0.00500254153267,0.00500254153267,0,0.00500254153267,True,1.5,0.99,0.75,0.0,2.0,1,0.0013619280822140646,0.003598510444939731,7.373079579740902e-05
iso_w1.5_q0.975_rq0.9_g0_p2_iqr1,0.005487047101116118,0.005701326841948917,1,0.006136764662293527,0.006137764662293527,0.00500254153267,0.00500254153267,0,0.00500254153267,True,1.5,0.975,0.9,0.0,2.0,1,0.006978373814283746,0.0035549383930238675,0.00011730284771327253
iso_w1.5_q0.99_rq0.75_g0_p1_iqr1,0.005487047101116118,0.005701326841948917,1,0.006136764662293527,0.006137764662293527,0.00500254153267,0.00500254153267,0,0.00500254153267,True,1.5,0.99,0.75,0.0,1.0,1,0.0013619280822140646,0.003598510444939731,7.373079579740902e-05
iso_w1.5_q0.975_rq0.9_g0_p1_iqr1,0.005487047101116118,0.005701326841948917,1,0.006136764662293527,0.006137764662293527,0.00500254153267,0.00500254153267,0,0.00500254153267,True,1.5,0.975,0.9,0.0,1.0,1,0.006978373814283746,0.0035549383930238675,0.00011730284771327253
iso_w1.5_q0.99_rq0.9_g0_p2_iqr1,0.005487047101116118,0.005701326841948917,1,0.006136764662293527,0.006137764662293527,0.00500254153267,0.00500254153267,0,0.00500254153267,True,1.5,0.99,0.9,0.0,2.0,1,0.005244682460490579,0.003598510444939731,7.373079579740902e-05
iso_w1.5_q0.99_rq0.9_g0_p1_iqr1,0.005487047101116118,0.005701326841948917,1,0.006136764662293527,0.006137764662293527,0.00500254153267,0.00500254153267,0,0.00500254153267,True,1.5,0.99,0.9,0.0,1.0,1,0.005244682460490579,0.003598510444939731,7.373079579740902e-05
iso_w1.5_q0.95_rq0.9_g0_p1_iqr1,0.005487047101116118,0.005701326841948917,1,0.006136764662293527,0.006137764662293527,0.00500254153267,0.00500254153267,0,0.00500254153267,True,1.5,0.95,0.9,0.0,1.0,1,0.007153387554310643,0.0035056614035127455,0.00016657983722439445
iso_w1.5_q0.975_rq0.75_g0_p1_iqr0,0.005487039447955981,0.0057013405643039985,0,0.006136764662293527,0.0035212458839471083,,,0,0.0052306429375795,True,1.5,0.975,0.75,0.0,1.0,0,0.0016122104773492172,0.0035549383930238675,0.00011730284771327253
iso_w1.5_q0.975_rq0.9_g0_p2_iqr0,0.005487039447955981,0.0057013405643039985,0,0.006136764662293527,0.0035212458839471083,,,0,0.0052306429375795,True,1.5,0.975,0.9,0.0,2.0,0,0.006978373814283746,0.0035549383930238675,0.00011730284771327253
iso_w1.5_q0.99_rq0.75_g0_p1_iqr0,0.005487039447955981,0.0057013405643039985,0,0.006136764662293527,0.0035212458839471083,,,0,0.0052306429375795,True,1.5,0.99,0.75,0.0,1.0,0,0.0013619280822140646,0.003598510444939731,7.373079579740902e-05
iso_w1.5_q0.95_rq0.9_g0_p1_iqr0,0.005487039447955981,0.0057013405643039985,0,0.006136764662293527,0.0035212458839471083,,,0,0.0052306429375795,True,1.5,0.95,0.9,0.0,1.0,0,0.007153387554310643,0.0035056614035127455,0.00016657983722439445
iso_w1.5_q0.95_rq0.75_g0_p2_iqr0,0.005487039447955981,0.0057013405643039985,0,0.006136764662293527,0.0035212458839471083,,,0,0.0052306429375795,True,1.5,0.95,0.75,0.0,2.0,0,0.0010823568937378722,0.0035056614035127455,0.00016657983722439445
iso_w1.5_q0.99_rq0.75_g0_p2_iqr0,0.005487039447955981,0.0057013405643039985,0,0.006136764662293527,0.0035212458839471083,,,0,0.0052306429375795,True,1.5,0.99,0.75,0.0,2.0,0,0.0013619280822140646,0.003598510444939731,7.373079579740902e-05
iso_w1.5_q0.975_rq0.75_g0_p2_iqr0,0.005487039447955981,0.0057013405643039985,0,0.006136764662293527,0.0035212458839471083,,,0,0.0052306429375795,True,1.5,0.975,0.75,0.0,2.0,0,0.0016122104773492172,0.0035549383930238675,0.00011730284771327253
iso_w1.5_q0.95_rq0.75_g0_p1_iqr0,0.005487039447955981,0.0057013405643039985,0,0.006136764662293527,0.0035212458839471083,,,0,0.0052306429375795,True,1.5,0.95,0.75,0.0,1.0,0,0.0010823568937378722,0.0035056614035127455,0.00016657983722439445
iso_w1.5_q0.95_rq0.9_g0_p2_iqr0,0.005487039447955981,0.0057013405643039985,0,0.006136764662293527,0.0035212458839471083,,,0,0.0052306429375795,True,1.5,0.95,0.9,0.0,2.0,0,0.007153387554310643,0.0035056614035127455,0.00016657983722439445
iso_w1.5_q0.99_rq0.9_g0_p1_iqr0,0.005487039447955981,0.0057013405643039985,0,0.006136764662293527,0.0035212458839471083,,,0,0.0052306429375795,True,1.5,0.99,0.9,0.0,1.0,0,0.005244682460490579,0.003598510444939731,7.373079579740902e-05
iso_w1.5_q0.975_rq0.9_g0_p1_iqr0,0.005487039447955981,0.0057013405643039985,0,0.006136764662293527,0.0035212458839471083,,,0,0.0052306429375795,True,1.5,0.975,0.9,0.0,1.0,0,0.006978373814283746,0.0035549383930238675,0.00011730284771327253
iso_w1.5_q0.99_rq0.9_g0_p2_iqr0,0.005487039447955981,0.0057013405643039985,0,0.006136764662293527,0.0035212458839471083,,,0,0.0052306429375795,True,1.5,0.99,0.9,0.0,2.0,0,0.005244682460490579,0.003598510444939731,7.373079579740902e-05
iso_w1.5_q0.99_rq0.75_g0.5_p2_iqr1,0.005488312654242193,0.005701342903385534,1,0.006136764662293527,0.006137764662293527,0.00500254153267,0.00500254153267,0,0.00500254153267,True,1.5,0.99,0.75,0.5,2.0,1,0.0013619280822140646,0.003598510444939731,7.373079579740902e-05
iso_w1.5_q0.99_rq0.75_g0.5_p2_iqr0,0.005488312654242193,0.005701351822660481,0,0.006136764662293527,0.003527312618384249,,,0,0.00500254153267,True,1.5,0.99,0.75,0.5,2.0,0,0.0013619280822140646,0.003598510444939731,7.373079579740902e-05
iso_w1.5_q0.99_rq0.75_g1_p2_iqr1,0.005490311486246499,0.005701359842460045,1,0.006136764662293527,0.006137764662293527,0.00500254153267,0.00500254153267,0,0.00500254153267,True,1.5,0.99,0.75,1.0,2.0,1,0.0013619280822140646,0.003598510444939731,7.373079579740902e-05
iso_w1.5_q0.99_rq0.75_g1_p2_iqr0,0.005490311486246499,0.005701364435080197,0,0.006136764662293527,0.0036812730445509793,,,0,0.00500254153267,True,1.5,0.99,0.75,1.0,2.0,0,0.0013619280822140646,0.003598510444939731,7.373079579740902e-05
iso_w1.5_q0.975_rq0.75_g0.5_p2_iqr1,0.005488176458514414,0.005701366655115533,1,0.006136764662293527,0.006137764662293527,0.00500254153267,0.00500254153267,0,0.00500254153267,True,1.5,0.975,0.75,0.5,2.0,1,0.0016122104773492172,0.0035549383930238675,0.00011730284771327253
iso_w1.5_q0.99_rq0.75_g0.5_p1_iqr1,0.00548778108983486,0.005701366680208416,1,0.006136764662293527,0.006137764662293527,0.00500254153267,0.00500254153267,0,0.00500254153267,True,1.5,0.99,0.75,0.5,1.0,1,0.0013619280822140646,0.003598510444939731,7.373079579740902e-05
iso_w1.5_q0.975_rq0.75_g0.5_p2_iqr0,0.005488176458514414,0.005701369835801739,0,0.006136764662293527,0.0037355581127928154,,,0,0.00500254153267,True,1.5,0.975,0.75,0.5,2.0,0,0.0016122104773492172,0.0035549383930238675,0.00011730284771327253
iso_w1.5_q0.99_rq0.75_g0.5_p1_iqr0,0.00548778108983486,0.005701370853885232,0,0.006136764662293527,0.003697144585539316,,,0,0.00500254153267,True,1.5,0.99,0.75,0.5,1.0,0,0.0013619280822140646,0.003598510444939731,7.373079579740902e-05
iso_w1.5_q0.95_rq0.75_g0.5_p2_iqr1,0.0054876931521038235,0.005701376865475404,1,0.006136764662293527,0.006137764662293527,0.00500254153267,0.00500254153267,0,0.00500254153267,True,1.5,0.95,0.75,0.5,2.0,1,0.0010823568937378722,0.0035056614035127455,0.00016657983722439445
iso_w1.5_q0.99_rq0.75_g1.5_p2_iqr1,0.005493035151836448,0.005701377659164629,1,0.006136764662293527,0.006137764662293527,0.00500254153267,0.00500254153267,0,0.00500254153267,True,1.5,0.99,0.75,1.5,2.0,1,0.0013619280822140646,0.003598510444939731,7.373079579740902e-05
iso_w1.5_q0.99_rq0.75_g1.5_p2_iqr0,0.005493035151836448,0.0057013784015541615,0,0.006136764662293527,0.003835233470717709,,,0,0.00500254153267,True,1.5,0.99,0.75,1.5,2.0,0,0.0013619280822140646,0.003598510444939731,7.373079579740902e-05
iso_w1.5_q0.95_rq0.75_g0.5_p2_iqr0,0.0054876931521038235,0.005701381163248376,0,0.006136764662293527,0.003692422844808352,,,0,0.00500254153267,True,1.5,0.95,0.75,0.5,2.0,0,0.0010823568937378722,0.0035056614035127455,0.00016657983722439445
iso_w1.5_q0.99_rq0.9_g0.5_p2_iqr0,0.005495922793167193,0.0057013913522801106,0,0.006136764662293527,0.003966242196668861,,,0,0.00500254153267,True,1.5,0.99,0.9,0.5,2.0,0,0.005244682460490579,0.003598510444939731,7.373079579740902e-05
iso_w1.5_q0.99_rq0.9_g0.5_p2_iqr1,0.005495922793167193,0.005701393510964659,1,0.006136764662293527,0.006137764662293527,0.00500254153267,0.00500254153267,0,0.00500254153267,True,1.5,0.99,0.9,0.5,2.0,1,0.005244682460490579,0.003598510444939731,7.373079579740902e-05
iso_w1.5_q0.975_rq0.75_g0.5_p1_iqr0,0.0054880274290404,0.005701396564792708,0,0.006136764662293527,0.0039137003115394114,,,0,0.00500254153267,True,1.5,0.975,0.75,0.5,1.0,0,0.0016122104773492172,0.0035549383930238675,0.00011730284771327253
iso_w1.5_q0.975_rq0.75_g0.5_p1_iqr1,0.0054880274290404,0.005701397601412993,1,0.006136764662293527,0.006137764662293527,0.00500254153267,0.00500254153267,0,0.00500254153267,True,1.5,0.975,0.75,0.5,1.0,1,0.0016122104773492172,0.0035549383930238675,0.00011730284771327253
iso_w0.75_q0.99_rq0.9_g2.5_p1_iqr1,0.005563294881225994,0.0057014046774815415,7,0.005719697019115276,0.010152843173061907,0.002303195703309886,0.0085137363225626,0,0.00500254153267,True,0.75,0.99,0.9,2.5,1.0,1,0.005593695955935377,0.003598510444939731,7.373079579740902e-05
iso_w0.75_q0.99_rq0.9_g2.5_p1_iqr2,0.005563294881225994,0.0057014046774815415,7,0.005719697019115276,0.010152843173061907,0.002303195703309886,0.0085137363225626,0,0.00500254153267,True,0.75,0.99,0.9,2.5,1.0,2,0.005593695955935377,0.003598510444939731,7.373079579740902e-05
iso_w0.75_q0.99_rq0.9_g2.5_p1_iqr0,0.005563294881225994,0.0057014046774815415,7,0.005719697019115276,0.010152843173061907,0.002303195703309886,0.0085137363225626,0,0.00500254153267,True,0.75,0.99,0.9,2.5,1.0,0,0.005593695955935377,0.003598510444939731,7.373079579740902e-05
iso_w1.5_q0.99_rq0.75_g1_p1_iqr0,0.005488845935534881,0.005701409982129152,0,0.006136764662293527,0.004020936978861113,,,0,0.00500254153267,True,1.5,0.99,0.75,1.0,1.0,0,0.0013619280822140646,0.003598510444939731,7.373079579740902e-05
iso_w1.5_q0.99_rq0.75_g2.5_p2_iqr0,0.005500652390392271,0.005701410396624068,0,0.006136764662293527,0.004143154323051169,,,0,0.00500254153267,True,1.5,0.99,0.75,2.5,2.0,0,0.0013619280822140646,0.003598510444939731,7.373079579740902e-05
iso_w1.5_q0.99_rq0.75_g1_p1_iqr1,0.005488845935534881,0.0057014132499021005,1,0.006136764662293527,0.006137764662293527,0.00500254153267,0.00500254153267,0,0.00500254153267,True,1.5,0.99,0.75,1.0,1.0,1,0.0013619280822140646,0.003598510444939731,7.373079579740902e-05
iso_w1.5_q0.99_rq0.75_g2.5_p2_iqr1,0.005500652390392271,0.005701415925430699,1,0.006136764662293527,0.006137764662293527,0.00500254153267,0.00500254153267,0,0.00500254153267,True,1.5,0.99,0.75,2.5,2.0,1,0.0013619280822140646,0.003598510444939731,7.373079579740902e-05
iso_w1.5_q0.975_rq0.75_g1_p2_iqr0,0.005489936701205814,0.005701417528429566,0,0.006136764662293527,0.0040977640333681115,,,0,0.00500254153267,True,1.5,0.975,0.75,1.0,2.0,0,0.0016122104773492172,0.0035549383930238675,0.00011730284771327253
iso_w1.5_q0.975_rq0.75_g1_p2_iqr1,0.005489936701205814,0.005701422252548041,1,0.006136764662293527,0.006137764662293527,0.00500254153267,0.00500254153267,0,0.00500254153267,True,1.5,0.975,0.75,1.0,2.0,1,0.0016122104773492172,0.0035549383930238675,0.00011730284771327253
iso_w1.5_q0.99_rq0.75_g0_p2_iqr2,0.005487054636353311,0.005701446255156075,2,0.006136764662293527,0.006137764662293527,0.0038043168003033,0.00500254153267,0,0.0026060920679366,True,1.5,0.99,0.75,0.0,2.0,2,0.0013619280822140646,0.003598510444939731,7.373079579740902e-05
iso_w1.5_q0.975_rq0.9_g0_p2_iqr2,0.005487054636353311,0.005701446255156075,2,0.006136764662293527,0.006137764662293527,0.0038043168003033,0.00500254153267,0,0.0026060920679366,True,1.5,0.975,0.9,0.0,2.0,2,0.006978373814283746,0.0035549383930238675,0.00011730284771327253
iso_w1.5_q0.975_rq0.9_g0_p1_iqr2,0.005487054636353311,0.005701446255156075,2,0.006136764662293527,0.006137764662293527,0.0038043168003033,0.00500254153267,0,0.0026060920679366,True,1.5,0.975,0.9,0.0,1.0,2,0.006978373814283746,0.0035549383930238675,0.00011730284771327253
iso_w1.5_q0.99_rq0.75_g0_p1_iqr2,0.005487054636353311,0.005701446255156075,2,0.006136764662293527,0.006137764662293527,0.0038043168003033,0.00500254153267,0,0.0026060920679366,True,1.5,0.99,0.75,0.0,1.0,2,0.0013619280822140646,0.003598510444939731,7.373079579740902e-05
iso_w1.5_q0.95_rq0.9_g0_p2_iqr2,0.005487054636353311,0.005701446255156075,2,0.006136764662293527,0.006137764662293527,0.0038043168003033,0.00500254153267,0,0.0026060920679366,True,1.5,0.95,0.9,0.0,2.0,2,0.007153387554310643,0.0035056614035127455,0.00016657983722439445
iso_w1.5_q0.975_rq0.75_g0_p2_iqr2,0.005487054636353311,0.005701446255156075,2,0.006136764662293527,0.006137764662293527,0.0038043168003033,0.00500254153267,0,0.0026060920679366,True,1.5,0.975,0.75,0.0,2.0,2,0.0016122104773492172,0.0035549383930238675,0.00011730284771327253
iso_w1.5_q0.975_rq0.75_g0_p1_iqr2,0.005487054636353311,0.005701446255156075,2,0.006136764662293527,0.006137764662293527,0.0038043168003033,0.00500254153267,0,0.0026060920679366,True,1.5,0.975,0.75,0.0,1.0,2,0.0016122104773492172,0.0035549383930238675,0.00011730284771327253
iso_w1.5_q0.95_rq0.9_g0_p1_iqr2,0.005487054636353311,0.005701446255156075,2,0.006136764662293527,0.006137764662293527,0.0038043168003033,0.00500254153267,0,0.0026060920679366,True,1.5,0.95,0.9,0.0,1.0,2,0.007153387554310643,0.0035056614035127455,0.00016657983722439445
iso_w1.5_q0.95_rq0.75_g0_p1_iqr2,0.005487054636353311,0.005701446255156075,2,0.006136764662293527,0.006137764662293527,0.0038043168003033,0.00500254153267,0,0.0026060920679366,True,1.5,0.95,0.75,0.0,1.0,2,0.0010823568937378722,0.0035056614035127455,0.00016657983722439445
iso_w1.5_q0.95_rq0.75_g0_p2_iqr2,0.005487054636353311,0.005701446255156075,2,0.006136764662293527,0.006137764662293527,0.0038043168003033,0.00500254153267,0,0.0026060920679366,True,1.5,0.95,0.75,0.0,2.0,2,0.0010823568937378722,0.0035056614035127455,0.00016657983722439445
iso_w1.5_q0.99_rq0.9_g0_p1_iqr2,0.005487054636353311,0.005701446255156075,2,0.006136764662293527,0.006137764662293527,0.0038043168003033,0.00500254153267,0,0.0026060920679366,True,1.5,0.99,0.9,0.0,1.0,2,0.005244682460490579,0.003598510444939731,7.373079579740902e-05
iso_w1.5_q0.99_rq0.9_g0_p2_iqr2,0.005487054636353311,0.005701446255156075,2,0.006136764662293527,0.006137764662293527,0.0038043168003033,0.00500254153267,0,0.0026060920679366,True,1.5,0.99,0.9,0.0,2.0,2,0.005244682460490579,0.003598510444939731,7.373079579740902e-05
iso_w1.5_q0.95_rq0.75_g1_p2_iqr0,0.0054886461745045296,0.005701457545525874,0,0.006136764662293527,0.004011493497399185,,,0,0.00500254153267,True,1.5,0.95,0.75,1.0,2.0,0,0.0010823568937378722,0.0035056614035127455,0.00016657983722439445
iso_w1.5_q0.99_rq0.75_g1.5_p1_iqr0,0.005490233796997284,0.0057014579488537795,0,0.006136764662293527,0.004344729372182911,,,0,0.00500254153267,True,1.5,0.99,0.75,1.5,1.0,0,0.0013619280822140646,0.003598510444939731,7.373079579740902e-05
iso_w1.5_q0.99_rq0.75_g0.5_p2_iqr2,0.005488312654242193,0.0057014599039445215,2,0.006136764662293527,0.006137764662293527,0.0038043168003033,0.00500254153267,0,0.0026060920679366,True,1.5,0.99,0.75,0.5,2.0,2,0.0013619280822140646,0.003598510444939731,7.373079579740902e-05
iso_w1.5_q0.95_rq0.75_g1_p2_iqr1,0.0054886461745045296,0.005701460626073376,1,0.006136764662293527,0.006137764662293527,0.00500254153267,0.00500254153267,0,0.00500254153267,True,1.5,0.95,0.75,1.0,2.0,1,0.0010823568937378722,0.0035056614035127455,0.00016657983722439445
iso_w1.5_q0.99_rq0.9_g1_p2_iqr0,0.005515517459879438,0.005701462220066475,0,0.006136764662293527,0.004559132201120202,,,0,0.00500254153267,True,1.5,0.99,0.9,1.0,2.0,0,0.005244682460490579,0.003598510444939731,7.373079579740902e-05
iso_w1.5_q0.99_rq0.75_g1.5_p1_iqr1,0.005490233796997284,0.005701466550865022,1,0.006136764662293527,0.006137764662293527,0.00500254153267,0.00500254153267,0,0.00500254153267,True,1.5,0.99,0.75,1.5,1.0,1,0.0013619280822140646,0.003598510444939731,7.373079579740902e-05
iso_w1.5_q0.99_rq0.9_g1_p2_iqr1,0.005515517459879438,0.005701473194664149,1,0.006136764662293527,0.006137764662293527,0.00500254153267,0.00500254153267,0,0.00500254153267,True,1.5,0.99,0.9,1.0,2.0,1,0.005244682460490579,0.003598510444939731,7.373079579740902e-05
iso_w1.5_q0.99_rq0.75_g1_p2_iqr2,0.005490311486246499,0.005701474019418448,2,0.006136764662293527,0.006137764662293527,0.0038043168003033,0.00500254153267,0,0.0026060920679366,True,1.5,0.99,0.75,1.0,2.0,2,0.0013619280822140646,0.003598510444939731,7.373079579740902e-05
iso_w1.5_q0.975_rq0.75_g0.5_p2_iqr2,0.005488176458514414,0.005701479421801409,2,0.006136764662293527,0.006137764662293527,0.0038043168003033,0.00500254153267,0,0.0026060920679366,True,1.5,0.975,0.75,0.5,2.0,2,0.0016122104773492172,0.0035549383930238675,0.00011730284771327253
iso_w1.5_q0.99_rq0.75_g0.5_p1_iqr2,0.00548778108983486,0.005701480298251236,2,0.006136764662293527,0.006137764662293527,0.0038043168003033,0.00500254153267,0,0.0026060920679366,True,1.5,0.99,0.75,0.5,1.0,2,0.0013619280822140646,0.003598510444939731,7.373079579740902e-05
iso_w1.5_q0.975_rq0.75_g1.5_p2_iqr0,0.005492319576808089,0.005701483641725205,0,0.006136764662293527,0.004459969953943407,,,0,0.00500254153267,True,1.5,0.975,0.75,1.5,2.0,0,0.0016122104773492172,0.0035549383930238675,0.00011730284771327253
iso_w1.5_q0.99_rq0.75_g1.5_p2_iqr2,0.005493035151836448,0.0057014886015743895,2,0.006136764662293527,0.006137764662293527,0.0038043168003033,0.00500254153267,0,0.0026060920679366,True,1.5,0.99,0.75,1.5,2.0,2,0.0013619280822140646,0.003598510444939731,7.373079579740902e-05
iso_w1.5_q0.95_rq0.75_g0.5_p2_iqr2,0.0054876931521038235,0.005701490467902155,2,0.006136764662293527,0.006137764662293527,0.0038043168003033,0.00500254153267,0,0.0026060920679366,True,1.5,0.95,0.75,0.5,2.0,2,0.0010823568937378722,0.0035056614035127455,0.00016657983722439445
iso_w1.5_q0.975_rq0.75_g1.5_p2_iqr1,0.005492319576808089,0.005701493633784689,1,0.006136764662293527,0.006137764662293527,0.00500254153267,0.00500254153267,0,0.00500254153267,True,1.5,0.975,0.75,1.5,2.0,1,0.0016122104773492172,0.0035549383930238675,0.00011730284771327253
iso_w1.5_q0.99_rq0.9_g0.5_p2_iqr2,0.005495922793167193,0.00570150137739955,2,0.006136764662293527,0.006137764662293527,0.0038043168003033,0.00500254153267,0,0.0026060920679366,True,1.5,0.99,0.9,0.5,2.0,2,0.005244682460490579,0.003598510444939731,7.373079579740902e-05
iso_w1.5_q0.99_rq0.9_g0.5_p1_iqr0,0.0054916689553864105,0.005701505725050098,0,0.006136764662293527,0.0046202523099787875,,,0,0.00500254153267,True,1.5,0.99,0.9,0.5,1.0,0,0.005244682460490579,0.003598510444939731,7.373079579740902e-05
iso_w1.5_q0.975_rq0.75_g0.5_p1_iqr2,0.0054880274290404,0.005701505968975679,2,0.006136764662293527,0.006137764662293527,0.0038043168003033,0.00500254153267,0,0.0026060920679366,True,1.5,0.975,0.75,0.5,1.0,2,0.0016122104773492172,0.0035549383930238675,0.00011730284771327253
iso_w1.5_q0.95_rq0.75_g0.5_p1_iqr1,0.005487812639597008,0.005701515080570829,1,0.006136764662293527,0.006137764662293527,0.00500254153267,0.00500254153267,0,0.00500254153267,True,1.5,0.95,0.75,0.5,1.0,1,0.0010823568937378722,0.0035056614035127455,0.00016657983722439445
iso_w1.5_q0.95_rq0.75_g0.5_p1_iqr0,0.005487812639597008,0.005701516931674521,0,0.006136764662293527,0.003788892996724808,,,0,0.00500254153267,True,1.5,0.95,0.75,0.5,1.0,0,0.0010823568937378722,0.0035056614035127455,0.00016657983722439445
iso_w1.5_q0.99_rq0.9_g0.5_p1_iqr1,0.0054916689553864105,0.00570151720669514,1,0.006136764662293527,0.006137764662293527,0.00500254153267,0.00500254153267,0,0.00500254153267,True,1.5,0.99,0.9,0.5,1.0,1,0.005244682460490579,0.003598510444939731,7.373079579740902e-05
iso_w1.5_q0.99_rq0.75_g1_p1_iqr2,0.005488845935534881,0.005701519115742437,2,0.006136764662293527,0.006137764662293527,0.0038043168003033,0.00500254153267,0,0.0026060920679366,True,1.5,0.99,0.75,1.0,1.0,2,0.0013619280822140646,0.003598510444939731,7.373079579740902e-05
iso_w1.5_q0.99_rq0.75_g2.5_p2_iqr2,0.005500652390392271,0.005701519165917877,2,0.006136764662293527,0.006137764662293527,0.0038043168003033,0.00500254153267,0,0.0026060920679366,True,1.5,0.99,0.75,2.5,2.0,2,0.0013619280822140646,0.003598510444939731,7.373079579740902e-05
iso_w1.5_q0.975_rq0.75_g1_p2_iqr2,0.005489936701205814,0.005701525902304458,2,0.006136764662293527,0.006137764662293527,0.0038043168003033,0.00500254153267,0,0.0026060920679366,True,1.5,0.975,0.75,1.0,2.0,2,0.0016122104773492172,0.0035549383930238675,0.00011730284771327253
iso_w1.5_q0.975_rq0.75_g1_p1_iqr0,0.005489676001896286,0.0057015468482829275,0,0.006136764662293527,0.004454048430861303,,,0,0.00500254153267,True,1.5,0.975,0.75,1.0,1.0,0,0.0016122104773492172,0.0035549383930238675,0.00011730284771327253
iso_w1_q0.99_rq0.9_g2.5_p1_iqr1,0.005559518533454927,0.0057015511206940615,7,0.005847058052026145,0.009906753143372367,0.002303195703309886,0.0085137363225626,0,0.00500254153267,True,1.0,0.99,0.9,2.5,1.0,1,0.005423160217779439,0.003598510444939731,7.373079579740902e-05
iso_w1_q0.99_rq0.9_g2.5_p1_iqr0,0.005559518533454927,0.0057015511206940615,7,0.005847058052026145,0.009906753143372367,0.002303195703309886,0.0085137363225626,0,0.00500254153267,True,1.0,0.99,0.9,2.5,1.0,0,0.005423160217779439,0.003598510444939731,7.373079579740902e-05
iso_w1_q0.99_rq0.9_g2.5_p1_iqr2,0.005559518533454927,0.0057015511206940615,7,0.005847058052026145,0.009906753143372367,0.002303195703309886,0.0085137363225626,0,0.00500254153267,True,1.0,0.99,0.9,2.5,1.0,2,0.005423160217779439,0.003598510444939731,7.373079579740902e-05
iso_w1.5_q0.99_rq0.9_g1.5_p2_iqr0,0.005545709910260887,0.0057015531669143416,0,0.006136764662293527,0.005152022205571543,,,0,0.00500254153267,True,1.5,0.99,0.9,1.5,2.0,0,0.005244682460490579,0.003598510444939731,7.373079579740902e-05
iso_w1.5_q0.975_rq0.75_g1_p1_iqr1,0.005489676001896286,0.005701556775309101,1,0.006136764662293527,0.006137764662293527,0.00500254153267,0.00500254153267,0,0.00500254153267,True,1.5,0.975,0.75,1.0,1.0,1,0.0016122104773492172,0.0035549383930238675,0.00011730284771327253
iso_w1.5_q0.99_rq0.75_g1.5_p1_iqr2,0.005490233796997284,0.0057015627075321625,2,0.006136764662293527,0.006137764662293527,0.0038043168003033,0.00500254153267,0,0.0026060920679366,True,1.5,0.99,0.75,1.5,1.0,2,0.0013619280822140646,0.003598510444939731,7.373079579740902e-05
iso_w1.5_q0.99_rq0.9_g1_p2_iqr2,0.005515517459879438,0.005701563420258782,2,0.006136764662293527,0.006137764662293527,0.0038043168003033,0.00500254153267,0,0.0026060920679366,True,1.5,0.99,0.9,1.0,2.0,2,0.005244682460490579,0.003598510444939731,7.373079579740902e-05
iso_w1.5_q0.99_rq0.9_g1.5_p2_iqr1,0.005545709910260887,0.005701565892501716,1,0.006136764662293527,0.006137764662293527,0.00500254153267,0.00500254153267,0,0.00500254153267,True,1.5,0.99,0.9,1.5,2.0,1,0.005244682460490579,0.003598510444939731,7.373079579740902e-05
iso_w1.5_q0.95_rq0.75_g1_p2_iqr2,0.0054886461745045296,0.005701566451293983,2,0.006136764662293527,0.006137764662293527,0.0038043168003033,0.00500254153267,0,0.0026060920679366,True,1.5,0.95,0.75,1.0,2.0,2,0.0010823568937378722,0.0035056614035127455,0.00016657983722439445
iso_w1.5_q0.95_rq0.75_g1.5_p2_iqr0,0.0054898983592770725,0.005701569709698354,0,0.006136764662293527,0.004330564149990017,,,0,0.00500254153267,True,1.5,0.95,0.75,1.5,2.0,0,0.0010823568937378722,0.0035056614035127455,0.00016657983722439445
iso_w1.5_q0.95_rq0.75_g1.5_p2_iqr1,0.0054898983592770725,0.005701578122255962,1,0.006136764662293527,0.006137764662293527,0.00500254153267,0.00500254153267,0,0.00500254153267,True,1.5,0.95,0.75,1.5,2.0,1,0.0010823568937378722,0.0035056614035127455,0.00016657983722439445
iso_w1.5_q0.99_rq0.75_g2.5_p1_iqr0,0.005493977531050905,0.005701580396811775,0,0.006136764662293527,0.004992314158826504,,,0,0.00500254153267,True,1.5,0.99,0.75,2.5,1.0,0,0.0013619280822140646,0.003598510444939731,7.373079579740902e-05
iso_w1.5_q0.975_rq0.75_g1.5_p2_iqr2,0.005492319576808089,0.00570158569633961,2,0.006136764662293527,0.006137764662293527,0.0038043168003033,0.00500254153267,0,0.0026060920679366,True,1.5,0.975,0.75,1.5,2.0,2,0.0016122104773492172,0.0035549383930238675,0.00011730284771327253
iso_w1.5_q0.99_rq0.75_g2.5_p1_iqr1,0.005493977531050905,0.0057015933458196225,1,0.006136764662293527,0.006137764662293527,0.00500254153267,0.00500254153267,0,0.00500254153267,True,1.5,0.99,0.75,2.5,1.0,1,0.0013619280822140646,0.003598510444939731,7.373079579740902e-05
iso_w1.5_q0.975_rq0.9_g0.5_p2_iqr0,0.005496446664745634,0.005701599958568741,0,0.006136764662293527,0.0049411427177306995,,,0,0.00500254153267,True,1.5,0.975,0.9,0.5,2.0,0,0.006978373814283746,0.0035549383930238675,0.00011730284771327253
iso_w1.5_q0.99_rq0.9_g0.5_p1_iqr2,0.0054916689553864105,0.005701603560534232,2,0.006136764662293527,0.006137764662293527,0.0038043168003033,0.00500254153267,0,0.0026060920679366,True,1.5,0.99,0.9,0.5,1.0,2,0.005244682460490579,0.003598510444939731,7.373079579740902e-05
iso_w0.75_q0.95_rq0.75_g2.5_p1_iqr0,0.005496782076037195,0.005701610621899161,0,0.005719697019115276,0.005549460647893719,,,0,0.00500254153267,True,0.75,0.95,0.75,2.5,1.0,0,0.0010658411166614775,0.0035056614035127455,0.00016657983722439445
iso_w0.75_q0.95_rq0.75_g2.5_p1_iqr1,0.005496782076037195,0.005701612798704245,1,0.005719697019115276,0.0057206970191152765,0.00500254153267,0.00500254153267,0,0.00500254153267,True,0.75,0.95,0.75,2.5,1.0,1,0.0010658411166614775,0.0035056614035127455,0.00016657983722439445
iso_w1.5_q0.975_rq0.9_g0.5_p2_iqr1,0.005496446664745634,0.005701612870701732,1,0.006136764662293527,0.006137764662293527,0.00500254153267,0.00500254153267,0,0.00500254153267,True,1.5,0.975,0.9,0.5,2.0,1,0.006978373814283746,0.0035549383930238675,0.00011730284771327253
iso_w0.75_q0.95_rq0.75_g2.5_p1_iqr2,0.005496782076037195,0.005701624440326513,2,0.005719697019115276,0.0057206970191152765,0.0038043168003033,0.00500254153267,0,0.0026060920679366,True,0.75,0.95,0.75,2.5,1.0,2,0.0010658411166614775,0.0035056614035127455,0.00016657983722439445
iso_w1.5_q0.95_rq0.75_g0.5_p1_iqr2,0.005487812639597008,0.005701626439918762,2,0.006136764662293527,0.006137764662293527,0.0038043168003033,0.00500254153267,0,0.0026060920679366,True,1.5,0.95,0.75,0.5,1.0,2,0.0010823568937378722,0.0035056614035127455,0.00016657983722439445
iso_w1.5_q0.99_rq0.9_g1.5_p2_iqr2,0.005545709910260887,0.0057016323835078495,2,0.006136764662293527,0.006137764662293527,0.0038043168003033,0.00500254153267,0,0.0026060920679366,True,1.5,0.99,0.9,1.5,2.0,2,0.005244682460490579,0.003598510444939731,7.373079579740902e-05
iso_w1.5_q0.975_rq0.75_g1_p1_iqr2,0.005489676001896286,0.005701648416338694,2,0.006136764662293527,0.006137764662293527,0.0038043168003033,0.00500254153267,0,0.0026060920679366,True,1.5,0.975,0.75,1.0,1.0,2,0.0016122104773492172,0.0035549383930238675,0.00011730284771327253
iso_w1.5_q0.99_rq0.75_g2.5_p1_iqr2,0.005493977531050905,0.005701664213557173,2,0.006136764662293527,0.006137764662293527,0.0038043168003033,0.00500254153267,0,0.0026060920679366,True,1.5,0.99,0.75,2.5,1.0,2,0.0013619280822140646,0.003598510444939731,7.373079579740902e-05
iso_w1.5_q0.975_rq0.75_g2.5_p2_iqr0,0.005498949777561084,0.005701671127578234,0,0.006136764662293527,0.005184381795093999,,,0,0.00500254153267,True,1.5,0.975,0.75,2.5,2.0,0,0.0016122104773492172,0.0035549383930238675,0.00011730284771327253
iso_w1.5_q0.95_rq0.75_g1.5_p2_iqr2,0.0054898983592770725,0.0057016742040613844,2,0.006136764662293527,0.006137764662293527,0.0038043168003033,0.00500254153267,0,0.0026060920679366,True,1.5,0.95,0.75,1.5,2.0,2,0.0010823568937378722,0.0035056614035127455,0.00016657983722439445
iso_w1.5_q0.975_rq0.75_g2.5_p2_iqr1,0.005498949777561084,0.005701683745168085,1,0.006136764662293527,0.006137764662293527,0.00500254153267,0.00500254153267,0,0.00500254153267,True,1.5,0.975,0.75,2.5,2.0,1,0.0016122104773492172,0.0035549383930238675,0.00011730284771327253
iso_w1.5_q0.975_rq0.9_g0.5_p2_iqr2,0.005496446664745634,0.0057016857199698855,2,0.006136764662293527,0.006137764662293527,0.0038043168003033,0.00500254153267,0,0.0026060920679366,True,1.5,0.975,0.9,0.5,2.0,2,0.006978373814283746,0.0035549383930238675,0.00011730284771327253
iso_w1.5_q0.975_rq0.75_g2.5_p2_iqr2,0.005498949777561084,0.0057017452232375355,2,0.006136764662293527,0.006137764662293527,0.0038043168003033,0.00500254153267,0,0.0026060920679366,True,1.5,0.975,0.75,2.5,2.0,2,0.0016122104773492172,0.0035549383930238675,0.00011730284771327253
iso_w1.5_q0.975_rq0.75_g1.5_p1_iqr0,0.005491984571638353,0.0057017914073195395,0,0.006136764662293527,0.004994396550183194,,,0,0.00500254153267,True,1.5,0.975,0.75,1.5,1.0,0,0.0016122104773492172,0.0035549383930238675,0.00011730284771327253
iso_w1.5_q0.99_rq0.9_g2.5_p2_iqr0,0.005637147301257927,0.00570179529373919,1,0.006136764662293527,0.006337802214474227,0.00500254153267,0.00500254153267,0,0.00500254153267,True,1.5,0.99,0.9,2.5,2.0,0,0.005244682460490579,0.003598510444939731,7.373079579740902e-05
iso_w1.5_q0.99_rq0.9_g2.5_p2_iqr1,0.005637147301257927,0.00570179529373919,1,0.006136764662293527,0.006337802214474227,0.00500254153267,0.00500254153267,0,0.00500254153267,True,1.5,0.99,0.9,2.5,2.0,1,0.005244682460490579,0.003598510444939731,7.373079579740902e-05
iso_w1.5_q0.99_rq0.9_g2.5_p2_iqr2,0.005637147301257927,0.005701796035921389,2,0.006136764662293527,0.006337802214474227,0.0038043168003033,0.00500254153267,0,0.00500254153267,True,1.5,0.99,0.9,2.5,2.0,2,0.005244682460490579,0.003598510444939731,7.373079579740902e-05
iso_w1.5_q0.99_rq0.9_g1_p1_iqr0,0.0055010803176218995,0.005701801949809011,0,0.006136764662293527,0.0058671524277400565,,,0,0.00500254153267,True,1.5,0.99,0.9,1.0,1.0,0,0.005244682460490579,0.003598510444939731,7.373079579740902e-05
iso_w1.5_q0.975_rq0.75_g1.5_p1_iqr1,0.005491984571638353,0.005701804356232606,1,0.006136764662293527,0.006137764662293527,0.00500254153267,0.00500254153267,0,0.00500254153267,True,1.5,0.975,0.75,1.5,1.0,1,0.0016122104773492172,0.0035549383930238675,0.00011730284771327253
iso_w1.5_q0.99_rq0.9_g1_p1_iqr1,0.0055010803176218995,0.005701807387744781,1,0.006136764662293527,0.006137764662293527,0.00500254153267,0.00500254153267,0,0.00500254153267,True,1.5,0.99,0.9,1.0,1.0,1,0.005244682460490579,0.003598510444939731,7.373079579740902e-05
iso_w1.5_q0.99_rq0.9_g1_p1_iqr2,0.0055010803176218995,0.005701831663598753,2,0.006136764662293527,0.006137764662293527,0.0038043168003033,0.00500254153267,0,0.0026060920679366,True,1.5,0.99,0.9,1.0,1.0,2,0.005244682460490579,0.003598510444939731,7.373079579740902e-05
iso_w1.5_q0.95_rq0.75_g1_p1_iqr0,0.005489088649663606,0.005701850619001284,0,0.006136764662293527,0.004204433801232097,,,0,0.00500254153267,True,1.5,0.95,0.75,1.0,1.0,0,0.0010823568937378722,0.0035056614035127455,0.00016657983722439445
iso_w1.5_q0.95_rq0.75_g1_p1_iqr1,0.005489088649663606,0.005701857167982084,1,0.006136764662293527,0.006137764662293527,0.00500254153267,0.00500254153267,0,0.00500254153267,True,1.5,0.95,0.75,1.0,1.0,1,0.0010823568937378722,0.0035056614035127455,0.00016657983722439445
iso_w1.5_q0.975_rq0.75_g1.5_p1_iqr2,0.005491984571638353,0.005701873591044432,2,0.006136764662293527,0.006137764662293527,0.0038043168003033,0.00500254153267,0,0.0026060920679366,True,1.5,0.975,0.75,1.5,1.0,2,0.0016122104773492172,0.0035549383930238675,0.00011730284771327253
iso_w1.25_q0.975_rq0.9_g1.5_p2_iqr1,0.005548082916126062,0.005701882837713561,7,0.005989758304575339,0.008099990492112179,0.002303195703309886,0.0085137363225626,0,0.00500254153267,True,1.25,0.975,0.9,1.5,2.0,1,0.006948547504051946,0.0035549383930238675,0.00011730284771327253
iso_w1.25_q0.975_rq0.9_g1.5_p2_iqr0,0.005548082916126062,0.005701882837713561,7,0.005989758304575339,0.008099990492112179,0.002303195703309886,0.0085137363225626,0,0.00500254153267,True,1.25,0.975,0.9,1.5,2.0,0,0.006948547504051946,0.0035549383930238675,0.00011730284771327253
iso_w1.25_q0.975_rq0.9_g1.5_p2_iqr2,0.005548082916126062,0.005701882837713561,7,0.005989758304575339,0.008099990492112179,0.002303195703309886,0.0085137363225626,0,0.00500254153267,True,1.25,0.975,0.9,1.5,2.0,2,0.006948547504051946,0.0035549383930238675,0.00011730284771327253
iso_w1.5_q0.95_rq0.75_g2.5_p2_iqr0,0.005493299348740657,0.005701901374608084,0,0.006136764662293527,0.004968705455171683,,,0,0.00500254153267,True,1.5,0.95,0.75,2.5,2.0,0,0.0010823568937378722,0.0035056614035127455,0.00016657983722439445
iso_w1_q0.95_rq0.75_g2.5_p1_iqr0,0.005496147178964762,0.005701907131123657,0,0.005847058052026145,0.005547009308783803,,,0,0.00500254153267,True,1.0,0.95,0.75,2.5,1.0,0,0.001087156944173554,0.0035056614035127455,0.00016657983722439445
iso_w1_q0.95_rq0.75_g2.5_p1_iqr1,0.005496147178964762,0.005701911335789053,1,0.005847058052026145,0.005848058052026145,0.00500254153267,0.00500254153267,0,0.00500254153267,True,1.0,0.95,0.75,2.5,1.0,1,0.001087156944173554,0.0035056614035127455,0.00016657983722439445
iso_w1.5_q0.95_rq0.75_g2.5_p2_iqr1,0.005493299348740657,0.0057019143124341365,1,0.006136764662293527,0.006137764662293527,0.00500254153267,0.00500254153267,0,0.00500254153267,True,1.5,0.95,0.75,2.5,2.0,1,0.0010823568937378722,0.0035056614035127455,0.00016657983722439445
iso_w1_q0.95_rq0.75_g2.5_p1_iqr2,0.005496147178964762,0.005701931260662302,2,0.005847058052026145,0.005848058052026145,0.0038043168003033,0.00500254153267,0,0.0026060920679366,True,1.0,0.95,0.75,2.5,1.0,2,0.001087156944173554,0.0035056614035127455,0.00016657983722439445
iso_w1.5_q0.95_rq0.75_g1_p1_iqr2,0.005489088649663606,0.005701957069785837,2,0.006136764662293527,0.006137764662293527,0.0038043168003033,0.00500254153267,0,0.0026060920679366,True,1.5,0.95,0.75,1.0,1.0,2,0.0010823568937378722,0.0035056614035127455,0.00016657983722439445
iso_w1.5_q0.95_rq0.75_g2.5_p2_iqr2,0.005493299348740657,0.005701985009987578,2,0.006136764662293527,0.006137764662293527,0.0038043168003033,0.00500254153267,0,0.0026060920679366,True,1.5,0.95,0.75,2.5,2.0,2,0.0010823568937378722,0.0035056614035127455,0.00016657983722439445
iso_w1.5_q0.975_rq0.9_g1_p2_iqr0,0.005517472089666918,0.0057022044349443225,2,0.006136764662293527,0.00650893324324388,0.0038043168003033,0.00500254153267,0,0.00500254153267,True,1.5,0.975,0.9,1.0,2.0,0,0.006978373814283746,0.0035549383930238675,0.00011730284771327253
iso_w1.5_q0.975_rq0.9_g1_p2_iqr2,0.005517472089666918,0.0057022044349443225,2,0.006136764662293527,0.00650893324324388,0.0038043168003033,0.00500254153267,0,0.00500254153267,True,1.5,0.975,0.9,1.0,2.0,2,0.006978373814283746,0.0035549383930238675,0.00011730284771327253
iso_w1.5_q0.975_rq0.9_g1_p2_iqr1,0.005517472089666918,0.0057022044349443225,2,0.006136764662293527,0.00650893324324388,0.0038043168003033,0.00500254153267,0,0.00500254153267,True,1.5,0.975,0.9,1.0,2.0,1,0.006978373814283746,0.0035549383930238675,0.00011730284771327253
iso_w1.5_q0.99_rq0.9_g1.5_p1_iqr2,0.0055152490550782595,0.005702229218154829,3,0.006136764662293527,0.007114052545501326,0.0025362112002022,0.00500254153267,0,0.00500254153267,True,1.5,0.99,0.9,1.5,1.0,2,0.005244682460490579,0.003598510444939731,7.373079579740902e-05
iso_w1.5_q0.99_rq0.9_g1.5_p1_iqr0,0.0055152490550782595,0.005702229218154829,3,0.006136764662293527,0.007114052545501326,0.0025362112002022,0.00500254153267,0,0.00500254153267,True,1.5,0.99,0.9,1.5,1.0,0,0.005244682460490579,0.003598510444939731,7.373079579740902e-05
iso_w1.5_q0.99_rq0.9_g1.5_p1_iqr1,0.0055152490550782595,0.005702229218154829,3,0.006136764662293527,0.007114052545501326,0.0025362112002022,0.00500254153267,0,0.00500254153267,True,1.5,0.99,0.9,1.5,1.0,1,0.005244682460490579,0.003598510444939731,7.373079579740902e-05
iso_w1.5_q0.975_rq0.9_g0.5_p1_iqr0,0.005496070694383236,0.005702262078599896,0,0.006136764662293527,0.005712222469672356,,,0,0.00500254153267,True,1.5,0.975,0.9,0.5,1.0,0,0.006978373814283746,0.0035549383930238675,0.00011730284771327253
iso_w1.5_q0.975_rq0.9_g0.5_p1_iqr1,0.005496070694383236,0.00570226996672826,1,0.006136764662293527,0.006137764662293527,0.00500254153267,0.00500254153267,0,0.00500254153267,True,1.5,0.975,0.9,0.5,1.0,1,0.006978373814283746,0.0035549383930238675,0.00011730284771327253
iso_w1.5_q0.95_rq0.9_g0.5_p2_iqr0,0.005496902143297486,0.005702272088174865,0,0.006136764662293527,0.005482116915197889,,,0,0.00500254153267,True,1.5,0.95,0.9,0.5,2.0,0,0.007153387554310643,0.0035056614035127455,0.00016657983722439445
iso_w1.5_q0.95_rq0.9_g0.5_p2_iqr1,0.005496902143297486,0.005702282725822511,1,0.006136764662293527,0.006137764662293527,0.00500254153267,0.00500254153267,0,0.00500254153267,True,1.5,0.95,0.9,0.5,2.0,1,0.007153387554310643,0.0035056614035127455,0.00016657983722439445
iso_w1.25_q0.99_rq0.9_g2.5_p1_iqr2,0.005559278093410836,0.005702290864445256,7,0.005989758304575339,0.009802360406973062,0.002303195703309886,0.0085137363225626,0,0.00500254153267,True,1.25,0.99,0.9,2.5,1.0,2,0.005371825255729383,0.003598510444939731,7.373079579740902e-05
iso_w1.25_q0.99_rq0.9_g2.5_p1_iqr1,0.005559278093410836,0.005702290864445256,7,0.005989758304575339,0.009802360406973062,0.002303195703309886,0.0085137363225626,0,0.00500254153267,True,1.25,0.99,0.9,2.5,1.0,1,0.005371825255729383,0.003598510444939731,7.373079579740902e-05
iso_w1.25_q0.99_rq0.9_g2.5_p1_iqr0,0.005559278093410836,0.005702290864445256,7,0.005989758304575339,0.009802360406973062,0.002303195703309886,0.0085137363225626,0,0.00500254153267,True,1.25,0.99,0.9,2.5,1.0,0,0.005371825255729383,0.003598510444939731,7.373079579740902e-05
iso_w1.5_q0.975_rq0.9_g0.5_p1_iqr2,0.005496070694383236,0.005702300654703328,2,0.006136764662293527,0.006137764662293527,0.0038043168003033,0.00500254153267,0,0.0026060920679366,True,1.5,0.975,0.9,0.5,1.0,2,0.006978373814283746,0.0035549383930238675,0.00011730284771327253
iso_w1.5_q0.95_rq0.9_g0.5_p2_iqr2,0.005496902143297486,0.005702327294413178,2,0.006136764662293527,0.006137764662293527,0.0038043168003033,0.00500254153267,0,0.0026060920679366,True,1.5,0.95,0.9,0.5,2.0,2,0.007153387554310643,0.0035056614035127455,0.00016657983722439445
iso_w1.5_q0.95_rq0.75_g1.5_p1_iqr0,0.005490867127609311,0.005702341598666329,0,0.006136764662293527,0.0046199746057393855,,,0,0.00500254153267,True,1.5,0.95,0.75,1.5,1.0,0,0.0010823568937378722,0.0035056614035127455,0.00016657983722439445
iso_w1.5_q0.95_rq0.75_g1.5_p1_iqr1,0.005490867127609311,0.005702353076494252,1,0.006136764662293527,0.006137764662293527,0.00500254153267,0.00500254153267,0,0.00500254153267,True,1.5,0.95,0.75,1.5,1.0,1,0.0010823568937378722,0.0035056614035127455,0.00016657983722439445
iso_w1.5_q0.95_rq0.75_g1.5_p1_iqr2,0.005490867127609311,0.005702438118588682,2,0.006136764662293527,0.006137764662293527,0.0038043168003033,0.00500254153267,0,0.0026060920679366,True,1.5,0.95,0.75,1.5,1.0,2,0.0010823568937378722,0.0035056614035127455,0.00016657983722439445
iso_w1.25_q0.95_rq0.75_g2.5_p1_iqr0,0.00549547034512738,0.005702515814923337,0,0.005989758304575339,0.005459736080494288,,,0,0.00500254153267,True,1.25,0.95,0.75,2.5,1.0,0,0.0010642857481742976,0.0035056614035127455,0.00016657983722439445
iso_w1.25_q0.95_rq0.75_g2.5_p1_iqr1,0.00549547034512738,0.005702523526485882,1,0.005989758304575339,0.0059907583045753394,0.00500254153267,0.00500254153267,0,0.00500254153267,True,1.25,0.95,0.75,2.5,1.0,1,0.0010642857481742976,0.0035056614035127455,0.00016657983722439445
iso_w1.25_q0.95_rq0.75_g2.5_p1_iqr2,0.00549547034512738,0.0057025579514054904,2,0.005989758304575339,0.0059907583045753394,0.0038043168003033,0.00500254153267,0,0.0026060920679366,True,1.25,0.95,0.75,2.5,1.0,2,0.0010642857481742976,0.0035056614035127455,0.00016657983722439445
iso_w1.5_q0.975_rq0.75_g2.5_p1_iqr0,0.0054985781389386154,0.005702563298839214,0,0.006136764662293527,0.0060750927888269775,,,0,0.00500254153267,True,1.5,0.975,0.75,2.5,1.0,0,0.0016122104773492172,0.0035549383930238675,0.00011730284771327253
iso_w1.5_q0.975_rq0.75_g2.5_p1_iqr1,0.0054985781389386154,0.005702564688991021,1,0.006136764662293527,0.006137764662293527,0.00500254153267,0.00500254153267,0,0.00500254153267,True,1.5,0.975,0.75,2.5,1.0,1,0.0016122104773492172,0.0035549383930238675,0.00011730284771327253
iso_w1.5_q0.975_rq0.75_g2.5_p1_iqr2,0.0054985781389386154,0.005702572079684325,2,0.006136764662293527,0.006137764662293527,0.0038043168003033,0.00500254153267,0,0.0026060920679366,True,1.5,0.975,0.75,2.5,1.0,2,0.0016122104773492172,0.0035549383930238675,0.00011730284771327253
iso_w0.75_q0.95_rq0.9_g1_p2_iqr1,0.0055187738395900314,0.005702623700083781,15,0.005719697019115276,0.00768589070964487,0.003613684274721607,0.0143623976823656,1,0.00500254153267,True,0.75,0.95,0.9,1.0,2.0,1,0.0070938554580928835,0.0035056614035127455,0.00016657983722439445
iso_w0.75_q0.95_rq0.9_g1_p2_iqr2,0.0055187738395900314,0.005702623700083781,15,0.005719697019115276,0.00768589070964487,0.003613684274721607,0.0143623976823656,1,0.00500254153267,True,0.75,0.95,0.9,1.0,2.0,2,0.0070938554580928835,0.0035056614035127455,0.00016657983722439445
iso_w0.75_q0.95_rq0.9_g1_p2_iqr0,0.0055187738395900314,0.005702623700083781,15,0.005719697019115276,0.00768589070964487,0.003613684274721607,0.0143623976823656,1,0.00500254153267,True,0.75,0.95,0.9,1.0,2.0,0,0.0070938554580928835,0.0035056614035127455,0.00016657983722439445
iso_w0.75_q0.975_rq0.9_g1_p1_iqr1,0.005516508359762847,0.00570272092905368,24,0.005719697019115276,0.008116087870153789,0.003358485651673354,0.0223503691045323,2,0.00500254153267,True,0.75,0.975,0.9,1.0,1.0,1,0.006881236303464197,0.0035549383930238675,0.00011730284771327253
iso_w0.75_q0.975_rq0.9_g1_p1_iqr0,0.005516508359762847,0.00570272092905368,24,0.005719697019115276,0.008116087870153789,0.003358485651673354,0.0223503691045323,2,0.00500254153267,True,0.75,0.975,0.9,1.0,1.0,0,0.006881236303464197,0.0035549383930238675,0.00011730284771327253
iso_w0.75_q0.975_rq0.9_g1_p1_iqr2,0.005516508359762847,0.00570272092905368,24,0.005719697019115276,0.008116087870153789,0.003358485651673354,0.0223503691045323,2,0.00500254153267,True,0.75,0.975,0.9,1.0,1.0,2,0.006881236303464197,0.0035549383930238675,0.00011730284771327253
iso_w1_q0.95_rq0.9_g1_p2_iqr1,0.005518535389402606,0.005702838287849433,11,0.005847058052026145,0.007654279099590891,0.0027369290510559,0.0139838496384457,0,0.00500254153267,True,1.0,0.95,0.9,1.0,2.0,1,0.007113798000884936,0.0035056614035127455,0.00016657983722439445
iso_w1_q0.95_rq0.9_g1_p2_iqr0,0.005518535389402606,0.005702838287849433,11,0.005847058052026145,0.007654279099590891,0.0027369290510559,0.0139838496384457,0,0.00500254153267,True,1.0,0.95,0.9,1.0,2.0,0,0.007113798000884936,0.0035056614035127455,0.00016657983722439445
iso_w1_q0.95_rq0.9_g1_p2_iqr2,0.005518535389402606,0.005702838287849433,11,0.005847058052026145,0.007654279099590891,0.0027369290510559,0.0139838496384457,0,0.00500254153267,True,1.0,0.95,0.9,1.0,2.0,2,0.007113798000884936,0.0035056614035127455,0.00016657983722439445
iso_w1_q0.975_rq0.9_g1_p1_iqr2,0.005516278627184057,0.005702969664506097,19,0.005847058052026145,0.008097845293250285,0.0028529086379381107,0.0143623976823656,1,0.00500254153267,True,1.0,0.975,0.9,1.0,1.0,2,0.006918721193820147,0.0035549383930238675,0.00011730284771327253
iso_w1_q0.975_rq0.9_g1_p1_iqr1,0.005516278627184057,0.005702969664506097,19,0.005847058052026145,0.008097845293250285,0.0028529086379381107,0.0143623976823656,1,0.00500254153267,True,1.0,0.975,0.9,1.0,1.0,1,0.006918721193820147,0.0035549383930238675,0.00011730284771327253
iso_w1_q0.975_rq0.9_g1_p1_iqr0,0.005516278627184057,0.005702969664506097,19,0.005847058052026145,0.008097845293250285,0.0028529086379381107,0.0143623976823656,1,0.00500254153267,True,1.0,0.975,0.9,1.0,1.0,0,0.006918721193820147,0.0035549383930238675,0.00011730284771327253
iso_w1.5_q0.975_rq0.9_g1.5_p2_iqr0,0.005549983681868367,0.005703153883705147,6,0.006136764662293527,0.008076723768757059,0.0026870616538615336,0.0085137363225626,0,0.00500254153267,True,1.5,0.975,0.9,1.5,2.0,0,0.006978373814283746,0.0035549383930238675,0.00011730284771327253
iso_w1.5_q0.975_rq0.9_g1.5_p2_iqr2,0.005549983681868367,0.005703153883705147,6,0.006136764662293527,0.008076723768757059,0.0026870616538615336,0.0085137363225626,0,0.00500254153267,True,1.5,0.975,0.9,1.5,2.0,2,0.006978373814283746,0.0035549383930238675,0.00011730284771327253
iso_w1.5_q0.975_rq0.9_g1.5_p2_iqr1,0.005549983681868367,0.005703153883705147,6,0.006136764662293527,0.008076723768757059,0.0026870616538615336,0.0085137363225626,0,0.00500254153267,True,1.5,0.975,0.9,1.5,2.0,1,0.006978373814283746,0.0035549383930238675,0.00011730284771327253
iso_w0.75_q0.95_rq0.9_g0.5_p1_iqr2,0.005502260156745883,0.005703345712569005,7,0.005719697019115276,0.006226948852463365,0.002303195703309886,0.0085137363225626,0,0.00500254153267,True,0.75,0.95,0.9,0.5,1.0,2,0.0070938554580928835,0.0035056614035127455,0.00016657983722439445
iso_w0.75_q0.95_rq0.9_g0.5_p1_iqr1,0.005502260156745883,0.005703345712569005,7,0.005719697019115276,0.006226948852463365,0.002303195703309886,0.0085137363225626,0,0.00500254153267,True,0.75,0.95,0.9,0.5,1.0,1,0.0070938554580928835,0.0035056614035127455,0.00016657983722439445
iso_w0.75_q0.95_rq0.9_g0.5_p1_iqr0,0.005502260156745883,0.005703345712569005,7,0.005719697019115276,0.006226948852463365,0.002303195703309886,0.0085137363225626,0,0.00500254153267,True,0.75,0.95,0.9,0.5,1.0,0,0.0070938554580928835,0.0035056614035127455,0.00016657983722439445
iso_w1.5_q0.99_rq0.9_g2.5_p1_iqr1,0.005557700900237251,0.0057034767587711074,7,0.006136764662293527,0.009607852781023864,0.002303195703309886,0.0085137363225626,0,0.00500254153267,True,1.5,0.99,0.9,2.5,1.0,1,0.005244682460490579,0.003598510444939731,7.373079579740902e-05
iso_w1.5_q0.99_rq0.9_g2.5_p1_iqr2,0.005557700900237251,0.0057034767587711074,7,0.006136764662293527,0.009607852781023864,0.002303195703309886,0.0085137363225626,0,0.00500254153267,True,1.5,0.99,0.9,2.5,1.0,2,0.005244682460490579,0.003598510444939731,7.373079579740902e-05
iso_w1.5_q0.99_rq0.9_g2.5_p1_iqr0,0.005557700900237251,0.0057034767587711074,7,0.006136764662293527,0.009607852781023864,0.002303195703309886,0.0085137363225626,0,0.00500254153267,True,1.5,0.99,0.9,2.5,1.0,0,0.005244682460490579,0.003598510444939731,7.373079579740902e-05
iso_w1_q0.95_rq0.9_g0.5_p1_iqr1,0.005501423762514748,0.005703538258912918,6,0.005847058052026145,0.00619123580411679,0.0026870616538615336,0.0085137363225626,0,0.00500254153267,True,1.0,0.95,0.9,0.5,1.0,1,0.007113798000884936,0.0035056614035127455,0.00016657983722439445
iso_w1_q0.95_rq0.9_g0.5_p1_iqr0,0.005501423762514748,0.005703538258912918,6,0.005847058052026145,0.00619123580411679,0.0026870616538615336,0.0085137363225626,0,0.00500254153267,True,1.0,0.95,0.9,0.5,1.0,0,0.007113798000884936,0.0035056614035127455,0.00016657983722439445
iso_w1_q0.95_rq0.9_g0.5_p1_iqr2,0.005501423762514748,0.005703538258912918,6,0.005847058052026145,0.00619123580411679,0.0026870616538615336,0.0085137363225626,0,0.00500254153267,True,1.0,0.95,0.9,0.5,1.0,2,0.007113798000884936,0.0035056614035127455,0.00016657983722439445
iso_w1.25_q0.95_rq0.9_g1_p2_iqr0,0.00551886697193735,0.005703552470810651,9,0.005989758304575339,0.007622667489536909,0.0017913744359076892,0.0085137363225626,0,0.00500254153267,True,1.25,0.95,0.9,1.0,2.0,0,0.0071337405436769875,0.0035056614035127455,0.00016657983722439445
iso_w1.25_q0.95_rq0.9_g1_p2_iqr2,0.00551886697193735,0.005703552470810651,9,0.005989758304575339,0.007622667489536909,0.0017913744359076892,0.0085137363225626,0,0.00500254153267,True,1.25,0.95,0.9,1.0,2.0,2,0.0071337405436769875,0.0035056614035127455,0.00016657983722439445
iso_w1.25_q0.95_rq0.9_g1_p2_iqr1,0.00551886697193735,0.005703552470810651,9,0.005989758304575339,0.007622667489536909,0.0017913744359076892,0.0085137363225626,0,0.00500254153267,True,1.25,0.95,0.9,1.0,2.0,1,0.0071337405436769875,0.0035056614035127455,0.00016657983722439445
iso_w1.25_q0.975_rq0.9_g1_p1_iqr2,0.005516562462876733,0.00570370976235292,15,0.005989758304575339,0.008074469020188739,0.003613684274721607,0.0143623976823656,1,0.00500254153267,True,1.25,0.975,0.9,1.0,1.0,2,0.006948547504051946,0.0035549383930238675,0.00011730284771327253
iso_w1.25_q0.975_rq0.9_g1_p1_iqr1,0.005516562462876733,0.00570370976235292,15,0.005989758304575339,0.008074469020188739,0.003613684274721607,0.0143623976823656,1,0.00500254153267,True,1.25,0.975,0.9,1.0,1.0,1,0.006948547504051946,0.0035549383930238675,0.00011730284771327253
iso_w1.25_q0.975_rq0.9_g1_p1_iqr0,0.005516562462876733,0.00570370976235292,15,0.005989758304575339,0.008074469020188739,0.003613684274721607,0.0143623976823656,1,0.00500254153267,True,1.25,0.975,0.9,1.0,1.0,0,0.006948547504051946,0.0035549383930238675,0.00011730284771327253
iso_w1.5_q0.95_rq0.75_g2.5_p1_iqr0,0.005495929398145372,0.005703795259522728,0,0.006136764662293527,0.005451056214753963,,,0,0.00500254153267,True,1.5,0.95,0.75,2.5,1.0,0,0.0010823568937378722,0.0035056614035127455,0.00016657983722439445
iso_w0.75_q0.975_rq0.9_g2.5_p2_iqr1,0.005639488194548864,0.005703799074303566,16,0.005719697019115276,0.011233296528822361,0.0033878290075515065,0.0143623976823656,1,0.00500254153267,True,0.75,0.975,0.9,2.5,2.0,1,0.006881236303464197,0.0035549383930238675,0.00011730284771327253
iso_w0.75_q0.975_rq0.9_g2.5_p2_iqr2,0.005639488194548864,0.005703799074303566,16,0.005719697019115276,0.011233296528822361,0.0033878290075515065,0.0143623976823656,1,0.00500254153267,True,0.75,0.975,0.9,2.5,2.0,2,0.006881236303464197,0.0035549383930238675,0.00011730284771327253
iso_w0.75_q0.975_rq0.9_g2.5_p2_iqr0,0.005639488194548864,0.005703799074303566,16,0.005719697019115276,0.011233296528822361,0.0033878290075515065,0.0143623976823656,1,0.00500254153267,True,0.75,0.975,0.9,2.5,2.0,0,0.006881236303464197,0.0035549383930238675,0.00011730284771327253
iso_w1.5_q0.95_rq0.75_g2.5_p1_iqr1,0.005495929398145372,0.005703806183891699,1,0.006136764662293527,0.006137764662293527,0.00500254153267,0.00500254153267,0,0.00500254153267,True,1.5,0.95,0.75,2.5,1.0,1,0.0010823568937378722,0.0035056614035127455,0.00016657983722439445
iso_w1.5_q0.95_rq0.75_g2.5_p1_iqr2,0.005495929398145372,0.005703851308869814,2,0.006136764662293527,0.006137764662293527,0.0038043168003033,0.00500254153267,0,0.0026060920679366,True,1.5,0.95,0.75,2.5,1.0,2,0.0010823568937378722,0.0035056614035127455,0.00016657983722439445
iso_w1_q0.975_rq0.9_g2.5_p2_iqr1,0.0056421640073448485,0.00570406904978304,15,0.005847058052026145,0.011232034654169698,0.003613684274721607,0.0143623976823656,1,0.00500254153267,True,1.0,0.975,0.9,2.5,2.0,1,0.006918721193820147,0.0035549383930238675,0.00011730284771327253
iso_w1_q0.975_rq0.9_g2.5_p2_iqr0,0.0056421640073448485,0.00570406904978304,15,0.005847058052026145,0.011232034654169698,0.003613684274721607,0.0143623976823656,1,0.00500254153267,True,1.0,0.975,0.9,2.5,2.0,0,0.006918721193820147,0.0035549383930238675,0.00011730284771327253
iso_w1_q0.975_rq0.9_g2.5_p2_iqr2,0.0056421640073448485,0.00570406904978304,15,0.005847058052026145,0.011232034654169698,0.003613684274721607,0.0143623976823656,1,0.00500254153267,True,1.0,0.975,0.9,2.5,2.0,2,0.006918721193820147,0.0035549383930238675,0.00011730284771327253
iso_w1.25_q0.95_rq0.9_g0.5_p1_iqr0,0.005501156031142889,0.005704230207859438,3,0.005989758304575339,0.006155522755770214,0.0025362112002022,0.00500254153267,0,0.00500254153267,True,1.25,0.95,0.9,0.5,1.0,0,0.0071337405436769875,0.0035056614035127455,0.00016657983722439445
iso_w1.25_q0.95_rq0.9_g0.5_p1_iqr2,0.005501156031142889,0.005704230207859438,3,0.005989758304575339,0.006155522755770214,0.0025362112002022,0.00500254153267,0,0.00500254153267,True,1.25,0.95,0.9,0.5,1.0,2,0.0071337405436769875,0.0035056614035127455,0.00016657983722439445
iso_w1.25_q0.95_rq0.9_g0.5_p1_iqr1,0.005501156031142889,0.005704230207859438,3,0.005989758304575339,0.006155522755770214,0.0025362112002022,0.00500254153267,0,0.00500254153267,True,1.25,0.95,0.9,0.5,1.0,1,0.0071337405436769875,0.0035056614035127455,0.00016657983722439445
iso_w1.5_q0.95_rq0.9_g1_p2_iqr2,0.005519766061930253,0.005704765790789005,7,0.006136764662293527,0.007590881638178259,0.002303195703309886,0.0085137363225626,0,0.00500254153267,True,1.5,0.95,0.9,1.0,2.0,2,0.007153387554310643,0.0035056614035127455,0.00016657983722439445
iso_w1.5_q0.95_rq0.9_g1_p2_iqr1,0.005519766061930253,0.005704765790789005,7,0.006136764662293527,0.007590881638178259,0.002303195703309886,0.0085137363225626,0,0.00500254153267,True,1.5,0.95,0.9,1.0,2.0,1,0.007153387554310643,0.0035056614035127455,0.00016657983722439445
iso_w1.5_q0.95_rq0.9_g1_p2_iqr0,0.005519766061930253,0.005704765790789005,7,0.006136764662293527,0.007590881638178259,0.002303195703309886,0.0085137363225626,0,0.00500254153267,True,1.5,0.95,0.9,1.0,2.0,0,0.007153387554310643,0.0035056614035127455,0.00016657983722439445
iso_w1.25_q0.975_rq0.9_g2.5_p2_iqr0,0.005645095599648449,0.0057048283693215286,14,0.005989758304575339,0.011222169736976558,0.0038718045800588646,0.0143623976823656,1,0.00500254153267,True,1.25,0.975,0.9,2.5,2.0,0,0.006948547504051946,0.0035549383930238675,0.00011730284771327253
iso_w1.25_q0.975_rq0.9_g2.5_p2_iqr2,0.005645095599648449,0.0057048283693215286,14,0.005989758304575339,0.011222169736976558,0.0038718045800588646,0.0143623976823656,1,0.00500254153267,True,1.25,0.975,0.9,2.5,2.0,2,0.006948547504051946,0.0035549383930238675,0.00011730284771327253
iso_w1.25_q0.975_rq0.9_g2.5_p2_iqr1,0.005645095599648449,0.0057048283693215286,14,0.005989758304575339,0.011222169736976558,0.0038718045800588646,0.0143623976823656,1,0.00500254153267,True,1.25,0.975,0.9,2.5,2.0,1,0.006948547504051946,0.0035549383930238675,0.00011730284771327253
iso_w1.5_q0.975_rq0.9_g1_p1_iqr0,0.005517417755983298,0.005704949097412629,14,0.006136764662293527,0.008051092747127193,0.0038718045800588646,0.0143623976823656,1,0.00500254153267,True,1.5,0.975,0.9,1.0,1.0,0,0.006978373814283746,0.0035549383930238675,0.00011730284771327253
iso_w1.5_q0.975_rq0.9_g1_p1_iqr1,0.005517417755983298,0.005704949097412629,14,0.006136764662293527,0.008051092747127193,0.0038718045800588646,0.0143623976823656,1,0.00500254153267,True,1.5,0.975,0.9,1.0,1.0,1,0.006978373814283746,0.0035549383930238675,0.00011730284771327253
iso_w1.5_q0.975_rq0.9_g1_p1_iqr2,0.005517417755983298,0.005704949097412629,14,0.006136764662293527,0.008051092747127193,0.0038718045800588646,0.0143623976823656,1,0.00500254153267,True,1.5,0.975,0.9,1.0,1.0,2,0.006978373814283746,0.0035549383930238675,0.00011730284771327253
iso_w1.5_q0.95_rq0.9_g0.5_p1_iqr0,0.005501455998070605,0.005705421067319152,0,0.006136764662293527,0.006119696246076859,,,0,0.00500254153267,True,1.5,0.95,0.9,0.5,1.0,0,0.007153387554310643,0.0035056614035127455,0.00016657983722439445
iso_w1.5_q0.95_rq0.9_g0.5_p1_iqr1,0.005501455998070605,0.005705421475994691,1,0.006136764662293527,0.006137764662293527,0.00500254153267,0.00500254153267,0,0.00500254153267,True,1.5,0.95,0.9,0.5,1.0,1,0.007153387554310643,0.0035056614035127455,0.00016657983722439445
iso_w1.5_q0.95_rq0.9_g0.5_p1_iqr2,0.005501455998070605,0.005705424628965948,2,0.006136764662293527,0.006137764662293527,0.0038043168003033,0.00500254153267,0,0.0026060920679366,True,1.5,0.95,0.9,0.5,1.0,2,0.007153387554310643,0.0035056614035127455,0.00016657983722439445
iso_w1.5_q0.975_rq0.9_g2.5_p2_iqr0,0.005648602034767872,0.00570608694700583,13,0.006136764662293527,0.01121230481978342,0.0030648358798814235,0.0139838496384457,0,0.00500254153267,True,1.5,0.975,0.9,2.5,2.0,0,0.006978373814283746,0.0035549383930238675,0.00011730284771327253
iso_w1.5_q0.975_rq0.9_g2.5_p2_iqr2,0.005648602034767872,0.00570608694700583,13,0.006136764662293527,0.01121230481978342,0.0030648358798814235,0.0139838496384457,0,0.00500254153267,True,1.5,0.975,0.9,2.5,2.0,2,0.006978373814283746,0.0035549383930238675,0.00011730284771327253
iso_w1.5_q0.975_rq0.9_g2.5_p2_iqr1,0.005648602034767872,0.00570608694700583,13,0.006136764662293527,0.01121230481978342,0.0030648358798814235,0.0139838496384457,0,0.00500254153267,True,1.5,0.975,0.9,2.5,2.0,1,0.006978373814283746,0.0035549383930238675,0.00011730284771327253
iso_w0.75_q0.95_rq0.9_g1.5_p2_iqr0,0.005553034498431801,0.005706784732963029,41,0.005719697019115276,0.009777105819461413,0.0033489280330537877,0.0223503691045323,3,0.00500254153267,True,0.75,0.95,0.9,1.5,2.0,0,0.0070938554580928835,0.0035056614035127455,0.00016657983722439445
iso_w0.75_q0.95_rq0.9_g1.5_p2_iqr2,0.005553034498431801,0.005706784732963029,41,0.005719697019115276,0.009777105819461413,0.0033489280330537877,0.0223503691045323,3,0.00500254153267,True,0.75,0.95,0.9,1.5,2.0,2,0.0070938554580928835,0.0035056614035127455,0.00016657983722439445
iso_w0.75_q0.95_rq0.9_g1.5_p2_iqr1,0.005553034498431801,0.005706784732963029,41,0.005719697019115276,0.009777105819461413,0.0033489280330537877,0.0223503691045323,3,0.00500254153267,True,0.75,0.95,0.9,1.5,2.0,1,0.0070938554580928835,0.0035056614035127455,0.00016657983722439445
iso_w1_q0.95_rq0.9_g1.5_p2_iqr2,0.005553279799010508,0.005706964310704257,36,0.005847058052026145,0.009751373120679488,0.0033918205470264366,0.0223503691045323,3,0.00500254153267,True,1.0,0.95,0.9,1.5,2.0,2,0.007113798000884936,0.0035056614035127455,0.00016657983722439445
iso_w1_q0.95_rq0.9_g1.5_p2_iqr0,0.005553279799010508,0.005706964310704257,36,0.005847058052026145,0.009751373120679488,0.0033918205470264366,0.0223503691045323,3,0.00500254153267,True,1.0,0.95,0.9,1.5,2.0,0,0.007113798000884936,0.0035056614035127455,0.00016657983722439445
iso_w1_q0.95_rq0.9_g1.5_p2_iqr1,0.005553279799010508,0.005706964310704257,36,0.005847058052026145,0.009751373120679488,0.0033918205470264366,0.0223503691045323,3,0.00500254153267,True,1.0,0.95,0.9,1.5,2.0,1,0.007113798000884936,0.0035056614035127455,0.00016657983722439445
iso_w0.75_q0.975_rq0.9_g1.5_p1_iqr2,0.005548438249819461,0.005707200968472354,43,0.005719697019115276,0.010422401560224791,0.003193163938493147,0.0223503691045323,3,0.00500254153267,True,0.75,0.975,0.9,1.5,1.0,2,0.006881236303464197,0.0035549383930238675,0.00011730284771327253
iso_w0.75_q0.975_rq0.9_g1.5_p1_iqr0,0.005548438249819461,0.005707200968472354,43,0.005719697019115276,0.010422401560224791,0.003193163938493147,0.0223503691045323,3,0.00500254153267,True,0.75,0.975,0.9,1.5,1.0,0,0.006881236303464197,0.0035549383930238675,0.00011730284771327253
iso_w0.75_q0.975_rq0.9_g1.5_p1_iqr1,0.005548438249819461,0.005707200968472354,43,0.005719697019115276,0.010422401560224791,0.003193163938493147,0.0223503691045323,3,0.00500254153267,True,0.75,0.975,0.9,1.5,1.0,1,0.006881236303464197,0.0035549383930238675,0.00011730284771327253
iso_w1_q0.975_rq0.9_g1.5_p1_iqr0,0.005548784606798956,0.005707446868707637,41,0.005847058052026145,0.010416722411168578,0.0033489280330537877,0.0223503691045323,3,0.00500254153267,True,1.0,0.975,0.9,1.5,1.0,0,0.006918721193820147,0.0035549383930238675,0.00011730284771327253
iso_w1_q0.975_rq0.9_g1.5_p1_iqr1,0.005548784606798956,0.005707446868707637,41,0.005847058052026145,0.010416722411168578,0.0033489280330537877,0.0223503691045323,3,0.00500254153267,True,1.0,0.975,0.9,1.5,1.0,1,0.006918721193820147,0.0035549383930238675,0.00011730284771327253
iso_w1_q0.975_rq0.9_g1.5_p1_iqr2,0.005548784606798956,0.005707446868707637,41,0.005847058052026145,0.010416722411168578,0.0033489280330537877,0.0223503691045323,3,0.00500254153267,True,1.0,0.975,0.9,1.5,1.0,2,0.006918721193820147,0.0035549383930238675,0.00011730284771327253
iso_w1.25_q0.95_rq0.9_g1.5_p2_iqr0,0.005554093681397411,0.005707642867025339,34,0.005989758304575339,0.00972564042189756,0.0035127315183156177,0.0223503691045323,3,0.00500254153267,True,1.25,0.95,0.9,1.5,2.0,0,0.0071337405436769875,0.0035056614035127455,0.00016657983722439445
iso_w1.25_q0.95_rq0.9_g1.5_p2_iqr2,0.005554093681397411,0.005707642867025339,34,0.005989758304575339,0.00972564042189756,0.0035127315183156177,0.0223503691045323,3,0.00500254153267,True,1.25,0.95,0.9,1.5,2.0,2,0.0071337405436769875,0.0035056614035127455,0.00016657983722439445
iso_w1.25_q0.95_rq0.9_g1.5_p2_iqr1,0.005554093681397411,0.005707642867025339,34,0.005989758304575339,0.00972564042189756,0.0035127315183156177,0.0223503691045323,3,0.00500254153267,True,1.25,0.95,0.9,1.5,2.0,1,0.0071337405436769875,0.0035056614035127455,0.00016657983722439445
iso_w1.25_q0.975_rq0.9_g1.5_p1_iqr0,0.005549576037011371,0.00570817370984008,38,0.005989758304575339,0.010403342717875304,0.0033085424283761794,0.0223503691045323,3,0.00500254153267,True,1.25,0.975,0.9,1.5,1.0,0,0.006948547504051946,0.0035549383930238675,0.00011730284771327253
iso_w1.25_q0.975_rq0.9_g1.5_p1_iqr2,0.005549576037011371,0.00570817370984008,38,0.005989758304575339,0.010403342717875304,0.0033085424283761794,0.0223503691045323,3,0.00500254153267,True,1.25,0.975,0.9,1.5,1.0,2,0.006948547504051946,0.0035549383930238675,0.00011730284771327253
iso_w1.25_q0.975_rq0.9_g1.5_p1_iqr1,0.005549576037011371,0.00570817370984008,38,0.005989758304575339,0.010403342717875304,0.0033085424283761794,0.0223503691045323,3,0.00500254153267,True,1.25,0.975,0.9,1.5,1.0,1,0.006948547504051946,0.0035549383930238675,0.00011730284771327253
iso_w1.5_q0.95_rq0.9_g1.5_p2_iqr1,0.005555470683908845,0.0057088196249937126,32,0.006136764662293527,0.00969964636115863,0.003732277238210344,0.0223503691045323,3,0.00500254153267,True,1.5,0.95,0.9,1.5,2.0,1,0.007153387554310643,0.0035056614035127455,0.00016657983722439445
iso_w1.5_q0.95_rq0.9_g1.5_p2_iqr0,0.005555470683908845,0.0057088196249937126,32,0.006136764662293527,0.00969964636115863,0.003732277238210344,0.0223503691045323,3,0.00500254153267,True,1.5,0.95,0.9,1.5,2.0,0,0.007153387554310643,0.0035056614035127455,0.00016657983722439445
iso_w1.5_q0.95_rq0.9_g1.5_p2_iqr2,0.005555470683908845,0.0057088196249937126,32,0.006136764662293527,0.00969964636115863,0.003732277238210344,0.0223503691045323,3,0.00500254153267,True,1.5,0.95,0.9,1.5,2.0,2,0.007153387554310643,0.0035056614035127455,0.00016657983722439445
iso_w1.5_q0.975_rq0.9_g1.5_p1_iqr0,0.005550938546999931,0.005709399128040578,36,0.006136764662293527,0.01038996302458203,0.0033918205470264366,0.0223503691045323,3,0.00500254153267,True,1.5,0.975,0.9,1.5,1.0,0,0.006978373814283746,0.0035549383930238675,0.00011730284771327253
iso_w1.5_q0.975_rq0.9_g1.5_p1_iqr1,0.005550938546999931,0.005709399128040578,36,0.006136764662293527,0.01038996302458203,0.0033918205470264366,0.0223503691045323,3,0.00500254153267,True,1.5,0.975,0.9,1.5,1.0,1,0.006978373814283746,0.0035549383930238675,0.00011730284771327253
iso_w1.5_q0.975_rq0.9_g1.5_p1_iqr2,0.005550938546999931,0.005709399128040578,36,0.006136764662293527,0.01038996302458203,0.0033918205470264366,0.0223503691045323,3,0.00500254153267,True,1.5,0.975,0.9,1.5,1.0,2,0.006978373814283746,0.0035549383930238675,0.00011730284771327253
iso_w0.75_q0.95_rq0.9_g1_p1_iqr1,0.00553761339730887,0.005714527148948582,96,0.005719697019115276,0.008950437214914947,0.003628788070971563,0.0223503691045323,5,0.00500254153267,True,0.75,0.95,0.9,1.0,1.0,1,0.0070938554580928835,0.0035056614035127455,0.00016657983722439445
iso_w0.75_q0.95_rq0.9_g1_p1_iqr2,0.00553761339730887,0.005714527148948582,96,0.005719697019115276,0.008950437214914947,0.003628788070971563,0.0223503691045323,5,0.00500254153267,True,0.75,0.95,0.9,1.0,1.0,2,0.0070938554580928835,0.0035056614035127455,0.00016657983722439445
iso_w0.75_q0.95_rq0.9_g1_p1_iqr0,0.00553761339730887,0.005714527148948582,96,0.005719697019115276,0.008950437214914947,0.003628788070971563,0.0223503691045323,5,0.00500254153267,True,0.75,0.95,0.9,1.0,1.0,0,0.0070938554580928835,0.0035056614035127455,0.00016657983722439445
iso_w1_q0.95_rq0.9_g1_p1_iqr1,0.005537061524849341,0.005714639794933589,82,0.005847058052026145,0.008922380550819883,0.003654413301817391,0.0223503691045323,5,0.00500254153267,True,1.0,0.95,0.9,1.0,1.0,1,0.007113798000884936,0.0035056614035127455,0.00016657983722439445
iso_w1_q0.95_rq0.9_g1_p1_iqr0,0.005537061524849341,0.005714639794933589,82,0.005847058052026145,0.008922380550819883,0.003654413301817391,0.0223503691045323,5,0.00500254153267,True,1.0,0.95,0.9,1.0,1.0,0,0.007113798000884936,0.0035056614035127455,0.00016657983722439445
iso_w1_q0.95_rq0.9_g1_p1_iqr2,0.005537061524849341,0.005714639794933589,82,0.005847058052026145,0.008922380550819883,0.003654413301817391,0.0223503691045323,5,0.00500254153267,True,1.0,0.95,0.9,1.0,1.0,2,0.007113798000884936,0.0035056614035127455,0.00016657983722439445
iso_w1.25_q0.95_rq0.9_g1_p1_iqr1,0.005537075707073826,0.005715250262842047,72,0.005989758304575339,0.00889432388672482,0.0032977828899675194,0.0223503691045323,4,0.00500254153267,True,1.25,0.95,0.9,1.0,1.0,1,0.0071337405436769875,0.0035056614035127455,0.00016657983722439445
iso_w1.25_q0.95_rq0.9_g1_p1_iqr2,0.005537075707073826,0.005715250262842047,72,0.005989758304575339,0.00889432388672482,0.0032977828899675194,0.0223503691045323,4,0.00500254153267,True,1.25,0.95,0.9,1.0,1.0,2,0.0071337405436769875,0.0035056614035127455,0.00016657983722439445
iso_w1.25_q0.95_rq0.9_g1_p1_iqr0,0.005537075707073826,0.005715250262842047,72,0.005989758304575339,0.00889432388672482,0.0032977828899675194,0.0223503691045323,4,0.00500254153267,True,1.25,0.95,0.9,1.0,1.0,0,0.0071337405436769875,0.0035056614035127455,0.00016657983722439445
iso_w1.5_q0.95_rq0.9_g1_p1_iqr1,0.005537652058984814,0.005716357207219123,64,0.006136764662293527,0.0088660402999362,0.003347451484712019,0.0223503691045323,4,0.00500254153267,True,1.5,0.95,0.9,1.0,1.0,1,0.007153387554310643,0.0035056614035127455,0.00016657983722439445
iso_w1.5_q0.95_rq0.9_g1_p1_iqr2,0.005537652058984814,0.005716357207219123,64,0.006136764662293527,0.0088660402999362,0.003347451484712019,0.0223503691045323,4,0.00500254153267,True,1.5,0.95,0.9,1.0,1.0,2,0.007153387554310643,0.0035056614035127455,0.00016657983722439445
iso_w1.5_q0.95_rq0.9_g1_p1_iqr0,0.005537652058984814,0.005716357207219123,64,0.006136764662293527,0.0088660402999362,0.003347451484712019,0.0223503691045323,4,0.00500254153267,True,1.5,0.95,0.9,1.0,1.0,0,0.007153387554310643,0.0035056614035127455,0.00016657983722439445
iso_w0.75_q0.95_rq0.9_g2.5_p2_iqr0,0.005658477497845311,0.005719696202074931,74,0.005719697019115276,0.0139595360390945,0.0032086536226710997,0.0223503691045323,4,0.00500254153267,True,0.75,0.95,0.9,2.5,2.0,0,0.0070938554580928835,0.0035056614035127455,0.00016657983722439445
iso_w0.75_q0.95_rq0.9_g2.5_p2_iqr1,0.005658477497845311,0.005719696202074931,74,0.005719697019115276,0.0139595360390945,0.0032086536226710997,0.0223503691045323,4,0.00500254153267,True,0.75,0.95,0.9,2.5,2.0,1,0.0070938554580928835,0.0035056614035127455,0.00016657983722439445
iso_w0.75_q0.95_rq0.9_g2.5_p2_iqr2,0.005658477497845311,0.005719696202074931,74,0.005719697019115276,0.0139595360390945,0.0032086536226710997,0.0223503691045323,4,0.00500254153267,True,0.75,0.95,0.9,2.5,2.0,2,0.0070938554580928835,0.0035056614035127455,0.00016657983722439445
iso_w1_q0.95_rq0.9_g2.5_p2_iqr1,0.005659875354721166,0.005719831704358069,71,0.005847058052026145,0.013945561162856682,0.00334423053630509,0.0223503691045323,4,0.00500254153267,True,1.0,0.95,0.9,2.5,2.0,1,0.007113798000884936,0.0035056614035127455,0.00016657983722439445
iso_w1_q0.95_rq0.9_g2.5_p2_iqr0,0.005659875354721166,0.005719831704358069,71,0.005847058052026145,0.013945561162856682,0.00334423053630509,0.0223503691045323,4,0.00500254153267,True,1.0,0.95,0.9,2.5,2.0,0,0.007113798000884936,0.0035056614035127455,0.00016657983722439445
iso_w1_q0.95_rq0.9_g2.5_p2_iqr2,0.005659875354721166,0.005719831704358069,71,0.005847058052026145,0.013945561162856682,0.00334423053630509,0.0223503691045323,4,0.00500254153267,True,1.0,0.95,0.9,2.5,2.0,2,0.007113798000884936,0.0035056614035127455,0.00016657983722439445
iso_w1.25_q0.95_rq0.9_g2.5_p2_iqr0,0.005661835477732259,0.005720464621038654,66,0.005989758304575339,0.013931586286618862,0.0033009212333230623,0.0223503691045323,4,0.00500254153267,True,1.25,0.95,0.9,2.5,2.0,0,0.0071337405436769875,0.0035056614035127455,0.00016657983722439445
iso_w1.25_q0.95_rq0.9_g2.5_p2_iqr2,0.005661835477732259,0.005720464621038654,66,0.005989758304575339,0.013931586286618862,0.0033009212333230623,0.0223503691045323,4,0.00500254153267,True,1.25,0.95,0.9,2.5,2.0,2,0.0071337405436769875,0.0035056614035127455,0.00016657983722439445
iso_w1.25_q0.95_rq0.9_g2.5_p2_iqr1,0.005661835477732259,0.005720464621038654,66,0.005989758304575339,0.013931586286618862,0.0033009212333230623,0.0223503691045323,4,0.00500254153267,True,1.25,0.95,0.9,2.5,2.0,1,0.0071337405436769875,0.0035056614035127455,0.00016657983722439445
iso_w0.75_q0.975_rq0.9_g2.5_p1_iqr0,0.0056469675929742115,0.005721287837999551,64,0.005719697019115276,0.015035028940366795,0.003347451484712019,0.0223503691045323,4,0.00500254153267,True,0.75,0.975,0.9,2.5,1.0,0,0.006881236303464197,0.0035549383930238675,0.00011730284771327253
iso_w0.75_q0.975_rq0.9_g2.5_p1_iqr1,0.0056469675929742115,0.005721287837999551,64,0.005719697019115276,0.015035028940366795,0.003347451484712019,0.0223503691045323,4,0.00500254153267,True,0.75,0.975,0.9,2.5,1.0,1,0.006881236303464197,0.0035549383930238675,0.00011730284771327253
iso_w0.75_q0.975_rq0.9_g2.5_p1_iqr2,0.0056469675929742115,0.005721287837999551,64,0.005719697019115276,0.015035028940366795,0.003347451484712019,0.0223503691045323,4,0.00500254153267,True,0.75,0.975,0.9,2.5,1.0,2,0.006881236303464197,0.0035549383930238675,0.00011730284771327253
iso_w1_q0.975_rq0.9_g2.5_p1_iqr1,0.005648820604386463,0.005721583960665568,63,0.005847058052026145,0.015054476647005164,0.0034005856352630035,0.0223503691045323,4,0.00500254153267,True,1.0,0.975,0.9,2.5,1.0,1,0.006918721193820147,0.0035549383930238675,0.00011730284771327253
iso_w1_q0.975_rq0.9_g2.5_p1_iqr0,0.005648820604386463,0.005721583960665568,63,0.005847058052026145,0.015054476647005164,0.0034005856352630035,0.0223503691045323,4,0.00500254153267,True,1.0,0.975,0.9,2.5,1.0,0,0.006918721193820147,0.0035549383930238675,0.00011730284771327253
iso_w1_q0.975_rq0.9_g2.5_p1_iqr2,0.005648820604386463,0.005721583960665568,63,0.005847058052026145,0.015054476647005164,0.0034005856352630035,0.0223503691045323,4,0.00500254153267,True,1.0,0.975,0.9,2.5,1.0,2,0.006918721193820147,0.0035549383930238675,0.00011730284771327253
iso_w1.5_q0.95_rq0.9_g2.5_p2_iqr1,0.005664343528608862,0.005721593147451367,64,0.006136764662293527,0.013917175807119368,0.003347451484712019,0.0223503691045323,4,0.00500254153267,True,1.5,0.95,0.9,2.5,2.0,1,0.007153387554310643,0.0035056614035127455,0.00016657983722439445
iso_w1.5_q0.95_rq0.9_g2.5_p2_iqr2,0.005664343528608862,0.005721593147451367,64,0.006136764662293527,0.013917175807119368,0.003347451484712019,0.0223503691045323,4,0.00500254153267,True,1.5,0.95,0.9,2.5,2.0,2,0.007153387554310643,0.0035056614035127455,0.00016657983722439445
iso_w1.5_q0.95_rq0.9_g2.5_p2_iqr0,0.005664343528608862,0.005721593147451367,64,0.006136764662293527,0.013917175807119368,0.003347451484712019,0.0223503691045323,4,0.00500254153267,True,1.5,0.95,0.9,2.5,2.0,0,0.007153387554310643,0.0035056614035127455,0.00016657983722439445
iso_w1.25_q0.975_rq0.9_g2.5_p1_iqr1,0.005650904799823675,0.005722328562065223,58,0.005989758304575339,0.015061090113248436,0.0032212494871035123,0.0223503691045323,4,0.00500254153267,True,1.25,0.975,0.9,2.5,1.0,1,0.006948547504051946,0.0035549383930238675,0.00011730284771327253
iso_w1.25_q0.975_rq0.9_g2.5_p1_iqr0,0.005650904799823675,0.005722328562065223,58,0.005989758304575339,0.015061090113248436,0.0032212494871035123,0.0223503691045323,4,0.00500254153267,True,1.25,0.975,0.9,2.5,1.0,0,0.006948547504051946,0.0035549383930238675,0.00011730284771327253
iso_w1.25_q0.975_rq0.9_g2.5_p1_iqr2,0.005650904799823675,0.005722328562065223,58,0.005989758304575339,0.015061090113248436,0.0032212494871035123,0.0223503691045323,4,0.00500254153267,True,1.25,0.975,0.9,2.5,1.0,2,0.006948547504051946,0.0035549383930238675,0.00011730284771327253
iso_w1.5_q0.975_rq0.9_g2.5_p1_iqr1,0.005653556597052403,0.005723570146873798,54,0.006136764662293527,0.015067703579491703,0.0033224662149533425,0.0223503691045323,4,0.00500254153267,True,1.5,0.975,0.9,2.5,1.0,1,0.006978373814283746,0.0035549383930238675,0.00011730284771327253
iso_w1.5_q0.975_rq0.9_g2.5_p1_iqr2,0.005653556597052403,0.005723570146873798,54,0.006136764662293527,0.015067703579491703,0.0033224662149533425,0.0223503691045323,4,0.00500254153267,True,1.5,0.975,0.9,2.5,1.0,2,0.006978373814283746,0.0035549383930238675,0.00011730284771327253
iso_w1.5_q0.975_rq0.9_g2.5_p1_iqr0,0.005653556597052403,0.005723570146873798,54,0.006136764662293527,0.015067703579491703,0.0033224662149533425,0.0223503691045323,4,0.00500254153267,True,1.5,0.975,0.9,2.5,1.0,0,0.006978373814283746,0.0035549383930238675,0.00011730284771327253
iso_w0.75_q0.95_rq0.9_g1.5_p1_iqr0,0.0055939803600919095,0.005732412640668016,148,0.005719697019115276,0.01167392557736653,0.0031739592554619845,0.0223503691045323,7,0.00500254153267,True,0.75,0.95,0.9,1.5,1.0,0,0.0070938554580928835,0.0035056614035127455,0.00016657983722439445
iso_w0.75_q0.95_rq0.9_g1.5_p1_iqr1,0.0055939803600919095,0.005732412640668016,148,0.005719697019115276,0.01167392557736653,0.0031739592554619845,0.0223503691045323,7,0.00500254153267,True,0.75,0.95,0.9,1.5,1.0,1,0.0070938554580928835,0.0035056614035127455,0.00016657983722439445
iso_w0.75_q0.95_rq0.9_g1.5_p1_iqr2,0.0055939803600919095,0.005732412640668016,148,0.005719697019115276,0.01167392557736653,0.0031739592554619845,0.0223503691045323,7,0.00500254153267,True,0.75,0.95,0.9,1.5,1.0,2,0.0070938554580928835,0.0035056614035127455,0.00016657983722439445
iso_w1_q0.95_rq0.9_g1.5_p1_iqr1,0.005593829758452516,0.00573248350539206,143,0.005847058052026145,0.011653525297522978,0.0032849368518068096,0.0223503691045323,7,0.00500254153267,True,1.0,0.95,0.9,1.5,1.0,1,0.007113798000884936,0.0035056614035127455,0.00016657983722439445
iso_w1_q0.95_rq0.9_g1.5_p1_iqr2,0.005593829758452516,0.00573248350539206,143,0.005847058052026145,0.011653525297522978,0.0032849368518068096,0.0223503691045323,7,0.00500254153267,True,1.0,0.95,0.9,1.5,1.0,2,0.007113798000884936,0.0035056614035127455,0.00016657983722439445
iso_w1_q0.95_rq0.9_g1.5_p1_iqr0,0.005593829758452516,0.00573248350539206,143,0.005847058052026145,0.011653525297522978,0.0032849368518068096,0.0223503691045323,7,0.00500254153267,True,1.0,0.95,0.9,1.5,1.0,0,0.007113798000884936,0.0035056614035127455,0.00016657983722439445
iso_w1.25_q0.95_rq0.9_g1.5_p1_iqr1,0.005594240811636657,0.005733050133869404,136,0.005989758304575339,0.011633125017679425,0.003387443297825198,0.0223503691045323,7,0.00500254153267,True,1.25,0.95,0.9,1.5,1.0,1,0.0071337405436769875,0.0035056614035127455,0.00016657983722439445
iso_w1.25_q0.95_rq0.9_g1.5_p1_iqr2,0.005594240811636657,0.005733050133869404,136,0.005989758304575339,0.011633125017679425,0.003387443297825198,0.0223503691045323,7,0.00500254153267,True,1.25,0.95,0.9,1.5,1.0,2,0.0071337405436769875,0.0035056614035127455,0.00016657983722439445
iso_w1.25_q0.95_rq0.9_g1.5_p1_iqr0,0.005594240811636657,0.005733050133869404,136,0.005989758304575339,0.011633125017679425,0.003387443297825198,0.0223503691045323,7,0.00500254153267,True,1.25,0.95,0.9,1.5,1.0,0,0.0071337405436769875,0.0035056614035127455,0.00016657983722439445
iso_w1.5_q0.95_rq0.9_g1.5_p1_iqr2,0.005595204963756041,0.005734109758761916,129,0.006136764662293527,0.01161238435379554,0.003401368294468693,0.0223503691045323,7,0.00500254153267,True,1.5,0.95,0.9,1.5,1.0,2,0.007153387554310643,0.0035056614035127455,0.00016657983722439445
iso_w1.5_q0.95_rq0.9_g1.5_p1_iqr1,0.005595204963756041,0.005734109758761916,129,0.006136764662293527,0.01161238435379554,0.003401368294468693,0.0223503691045323,7,0.00500254153267,True,1.5,0.95,0.9,1.5,1.0,1,0.007153387554310643,0.0035056614035127455,0.00016657983722439445
iso_w1.5_q0.95_rq0.9_g1.5_p1_iqr0,0.005595204963756041,0.005734109758761916,129,0.006136764662293527,0.01161238435379554,0.003401368294468693,0.0223503691045323,7,0.00500254153267,True,1.5,0.95,0.9,1.5,1.0,0,0.007153387554310643,0.0035056614035127455,0.00016657983722439445
iso_w0.75_q0.95_rq0.9_g2.5_p1_iqr1,0.00576706173087008,0.005788023908037805,207,0.005719697019115276,0.017120902302269692,0.0032473607493637624,0.055197607073122,10,0.00500254153267,True,0.75,0.95,0.9,2.5,1.0,1,0.0070938554580928835,0.0035056614035127455,0.00016657983722439445
iso_w0.75_q0.95_rq0.9_g2.5_p1_iqr0,0.00576706173087008,0.005788023908037805,207,0.005719697019115276,0.017120902302269692,0.0032473607493637624,0.055197607073122,10,0.00500254153267,True,0.75,0.95,0.9,2.5,1.0,0,0.0070938554580928835,0.0035056614035127455,0.00016657983722439445
iso_w0.75_q0.95_rq0.9_g2.5_p1_iqr2,0.00576706173087008,0.005788023908037805,207,0.005719697019115276,0.017120902302269692,0.0032473607493637624,0.055197607073122,10,0.00500254153267,True,0.75,0.95,0.9,2.5,1.0,2,0.0070938554580928835,0.0035056614035127455,0.00016657983722439445
iso_w1_q0.95_rq0.9_g2.5_p1_iqr0,0.005768030496091716,0.005788124477194105,199,0.005847058052026145,0.017115814790929166,0.0032685946646883353,0.055197607073122,9,0.00500254153267,True,1.0,0.95,0.9,2.5,1.0,0,0.007113798000884936,0.0035056614035127455,0.00016657983722439445
iso_w1_q0.95_rq0.9_g2.5_p1_iqr2,0.005768030496091716,0.005788124477194105,199,0.005847058052026145,0.017115814790929166,0.0032685946646883353,0.055197607073122,9,0.00500254153267,True,1.0,0.95,0.9,2.5,1.0,2,0.007113798000884936,0.0035056614035127455,0.00016657983722439445
iso_w1_q0.95_rq0.9_g2.5_p1_iqr1,0.005768030496091716,0.005788124477194105,199,0.005847058052026145,0.017115814790929166,0.0032685946646883353,0.055197607073122,9,0.00500254153267,True,1.0,0.95,0.9,2.5,1.0,1,0.007113798000884936,0.0035056614035127455,0.00016657983722439445
iso_w1.25_q0.95_rq0.9_g2.5_p1_iqr0,0.00576954725273043,0.005788715339537755,194,0.005989758304575339,0.017110727279588636,0.0032167437985704777,0.055197607073122,9,0.00500254153267,True,1.25,0.95,0.9,2.5,1.0,0,0.0071337405436769875,0.0035056614035127455,0.00016657983722439445
iso_w1.25_q0.95_rq0.9_g2.5_p1_iqr1,0.00576954725273043,0.005788715339537755,194,0.005989758304575339,0.017110727279588636,0.0032167437985704777,0.055197607073122,9,0.00500254153267,True,1.25,0.95,0.9,2.5,1.0,1,0.0071337405436769875,0.0035056614035127455,0.00016657983722439445
iso_w1.25_q0.95_rq0.9_g2.5_p1_iqr2,0.00576954725273043,0.005788715339537755,194,0.005989758304575339,0.017110727279588636,0.0032167437985704777,0.055197607073122,9,0.00500254153267,True,1.25,0.95,0.9,2.5,1.0,2,0.0071337405436769875,0.0035056614035127455,0.00016657983722439445
iso_w1.5_q0.95_rq0.9_g2.5_p1_iqr1,0.005771589313502172,0.005789789223727528,189,0.006136764662293527,0.01710507246151422,0.0032820702975156677,0.055197607073122,9,0.00500254153267,True,1.5,0.95,0.9,2.5,1.0,1,0.007153387554310643,0.0035056614035127455,0.00016657983722439445
iso_w1.5_q0.95_rq0.9_g2.5_p1_iqr0,0.005771589313502172,0.005789789223727528,189,0.006136764662293527,0.01710507246151422,0.0032820702975156677,0.055197607073122,9,0.00500254153267,True,1.5,0.95,0.9,2.5,1.0,0,0.007153387554310643,0.0035056614035127455,0.00016657983722439445
iso_w1.5_q0.95_rq0.9_g2.5_p1_iqr2,0.005771589313502172,0.005789789223727528,189,0.006136764662293527,0.01710507246151422,0.0032820702975156677,0.055197607073122,9,0.00500254153267,True,1.5,0.95,0.9,2.5,1.0,2,0.007153387554310643,0.0035056614035127455,0.00016657983722439445
